{"type": "FeatureCollection", "features": [{"type": "Feature", "geometry": {"type": "Point", "coordinates": [2.298897, 48.722816]}, "properties": {"numparc": 5825, "etat de la localisation": "autre", "ID BDGEO": "7722", "horodatage": "2023-05-11 05:18:00", "distance (en metres)": 175.43, "station": "ANNEXE MONTROUGE SORTIE#", "marker-color": "#818181"}}, {"type": "Feature", "geometry": {"type": "Point", "coordinates": [2.298311, 48.721767]}, "properties": {"numparc": 5825, "etat de la localisation": "autre", "ID BDGEO": "7722", "horodatage": "2023-05-11 05:22:52", "distance (en metres)": 69.96, "station": "ANNEXE MONTROUGE SORTIE#", "marker-color": "#818181"}}, {"type": "Feature", "geometry": {"type": "Point", "coordinates": [2.298574, 48.722027]}, "properties": {"numparc": 5848, "etat de la localisation": "autre", "ID BDGEO": "7722", "horodatage": "2023-05-11 05:23:38", "distance (en metres)": 99.19, "station": "ANNEXE MONTROUGE SORTIE#", "marker-color": "#818181"}}, {"type": "Feature", "geometry": {"type": "Point", "coordinates": [2.298832, 48.722775]}, "properties": {"numparc": 5829, "etat de la localisation": "autre", "ID BDGEO": "7722", "horodatage": "2023-05-11 05:33:02", "distance (en metres)": 168.8, "station": "ANNEXE MONTROUGE SORTIE#", "marker-color": "#818181"}}, {"type": "Feature", "geometry": {"type": "Point", "coordinates": [2.247122, 48.770798]}, "properties": {"numparc": 5825, "etat de la localisation": "autre", "ID BDGEO": "5227", "horodatage": "2023-05-11 05:42:03", "distance (en metres)": 167.89, "station": "LA FERME DE MALABRY", "marker-color": "#818181"}}, {"type": "Feature", "geometry": {"type": "Point", "coordinates": [2.249555, 48.769287]}, "properties": {"numparc": 5825, "etat de la localisation": "autre", "ID BDGEO": "5227", "horodatage": "2023-05-11 05:53:26", "distance (en metres)": 77.27, "station": "LA FERME DE MALABRY", "marker-color": "#818181"}}, {"type": "Feature", "geometry": {"type": "Point", "coordinates": [2.25114, 48.768414]}, "properties": {"numparc": 5825, "etat de la localisation": "autre", "ID BDGEO": "5332", "horodatage": "2023-05-11 05:56:09", "distance (en metres)": 46.88, "station": "CYRANO DE BERGERAC", "marker-color": "#818181"}}, {"type": "Feature", "geometry": {"type": "Point", "coordinates": [2.254709, 48.766354]}, "properties": {"numparc": 5825, "etat de la localisation": "autre", "ID BDGEO": "5335", "horodatage": "2023-05-11 05:57:01", "distance (en metres)": 54.01, "station": "FRANCIS DE PRESSENSE", "marker-color": "#818181"}}, {"type": "Feature", "geometry": {"type": "Point", "coordinates": [2.272338, 48.763737]}, "properties": {"numparc": 5825, "etat de la localisation": "autre", "ID BDGEO": "5348", "horodatage": "2023-05-11 06:01:34", "distance (en metres)": 156.12, "station": "LES VALLEES", "marker-color": "#818181"}}, {"type": "Feature", "geometry": {"type": "Point", "coordinates": [2.280321, 48.762657]}, "properties": {"numparc": 5825, "etat de la localisation": "autre", "ID BDGEO": "5311", "horodatage": "2023-05-11 06:03:50", "distance (en metres)": 265.81, "station": "CARREFOUR DU 19 MARS 1962", "marker-color": "#818181"}}, {"type": "Feature", "geometry": {"type": "Point", "coordinates": [2.282378, 48.762409]}, "properties": {"numparc": 5825, "etat de la localisation": "autre", "ID BDGEO": "5311", "horodatage": "2023-05-11 06:04:36", "distance (en metres)": 112.7, "station": "CARREFOUR DU 19 MARS 1962", "marker-color": "#818181"}}, {"type": "Feature", "geometry": {"type": "Point", "coordinates": [2.290504, 48.761299]}, "properties": {"numparc": 5825, "etat de la localisation": "autre", "ID BDGEO": "5309", "horodatage": "2023-05-11 06:06:11", "distance (en metres)": 69.68, "station": "CARREFOUR DE L'EUROPE", "marker-color": "#818181"}}, {"type": "Feature", "geometry": {"type": "Point", "coordinates": [2.302621, 48.762318]}, "properties": {"numparc": 5825, "etat de la localisation": "autre", "ID BDGEO": "6996", "horodatage": "2023-05-11 06:08:09", "distance (en metres)": 70.27, "station": "CROIX DE BERNY-RER", "marker-color": "#818181"}}, {"type": "Feature", "geometry": {"type": "Point", "coordinates": [2.304143, 48.762691]}, "properties": {"numparc": 5825, "etat de la localisation": "autre", "ID BDGEO": "6996", "horodatage": "2023-05-11 06:10:22", "distance (en metres)": 189.32, "station": "CROIX DE BERNY-RER", "marker-color": "#818181"}}, {"type": "Feature", "geometry": {"type": "Point", "coordinates": [2.278605, 48.763096]}, "properties": {"numparc": 5825, "etat de la localisation": "autre", "ID BDGEO": "5349", "horodatage": "2023-05-11 06:20:26", "distance (en metres)": 57.26, "station": "LA BRIAUDE", "marker-color": "#818181"}}, {"type": "Feature", "geometry": {"type": "Point", "coordinates": [2.272609, 48.763973]}, "properties": {"numparc": 5825, "etat de la localisation": "autre", "ID BDGEO": "5346", "horodatage": "2023-05-11 06:21:32", "distance (en metres)": 83.89, "station": "PRESIDENT ALLENDE", "marker-color": "#818181"}}, {"type": "Feature", "geometry": {"type": "Point", "coordinates": [2.296601, 48.721333]}, "properties": {"numparc": 5823, "etat de la localisation": "autre", "ID BDGEO": "7722", "horodatage": "2023-05-11 06:23:05", "distance (en metres)": 64.92, "station": "ANNEXE MONTROUGE SORTIE#", "marker-color": "#818181"}}, {"type": "Feature", "geometry": {"type": "Point", "coordinates": [2.296601, 48.721333]}, "properties": {"numparc": 5823, "etat de la localisation": "autre", "ID BDGEO": "7722", "horodatage": "2023-05-11 06:24:07", "distance (en metres)": 64.92, "station": "ANNEXE MONTROUGE SORTIE#", "marker-color": "#818181"}}, {"type": "Feature", "geometry": {"type": "Point", "coordinates": [2.251332, 48.76857]}, "properties": {"numparc": 5825, "etat de la localisation": "autre", "ID BDGEO": "5331", "horodatage": "2023-05-11 06:26:59", "distance (en metres)": 43.04, "station": "CYRANO DE BERGERAC", "marker-color": "#818181"}}, {"type": "Feature", "geometry": {"type": "Point", "coordinates": [2.249594, 48.769276]}, "properties": {"numparc": 5829, "etat de la localisation": "autre", "ID BDGEO": "5227", "horodatage": "2023-05-11 06:27:48", "distance (en metres)": 80.16, "station": "LA FERME DE MALABRY", "marker-color": "#818181"}}, {"type": "Feature", "geometry": {"type": "Point", "coordinates": [2.251157, 48.76841]}, "properties": {"numparc": 5829, "etat de la localisation": "autre", "ID BDGEO": "5332", "horodatage": "2023-05-11 06:28:18", "distance (en metres)": 48.01, "station": "CYRANO DE BERGERAC", "marker-color": "#818181"}}, {"type": "Feature", "geometry": {"type": "Point", "coordinates": [2.25472, 48.766346]}, "properties": {"numparc": 5829, "etat de la localisation": "autre", "ID BDGEO": "5335", "horodatage": "2023-05-11 06:29:13", "distance (en metres)": 52.97, "station": "FRANCIS DE PRESSENSE", "marker-color": "#818181"}}, {"type": "Feature", "geometry": {"type": "Point", "coordinates": [2.27251, 48.763733]}, "properties": {"numparc": 5829, "etat de la localisation": "autre", "ID BDGEO": "5348", "horodatage": "2023-05-11 06:32:30", "distance (en metres)": 143.53, "station": "LES VALLEES", "marker-color": "#818181"}}, {"type": "Feature", "geometry": {"type": "Point", "coordinates": [2.280383, 48.762665]}, "properties": {"numparc": 5829, "etat de la localisation": "autre", "ID BDGEO": "5311", "horodatage": "2023-05-11 06:34:04", "distance (en metres)": 261.43, "station": "CARREFOUR DU 19 MARS 1962", "marker-color": "#818181"}}, {"type": "Feature", "geometry": {"type": "Point", "coordinates": [2.282406, 48.762409]}, "properties": {"numparc": 5829, "etat de la localisation": "autre", "ID BDGEO": "5311", "horodatage": "2023-05-11 06:34:48", "distance (en metres)": 110.65, "station": "CARREFOUR DU 19 MARS 1962", "marker-color": "#818181"}}, {"type": "Feature", "geometry": {"type": "Point", "coordinates": [2.290567, 48.761299]}, "properties": {"numparc": 5829, "etat de la localisation": "autre", "ID BDGEO": "5309", "horodatage": "2023-05-11 06:36:21", "distance (en metres)": 65.08, "station": "CARREFOUR DE L'EUROPE", "marker-color": "#818181"}}, {"type": "Feature", "geometry": {"type": "Point", "coordinates": [2.302645, 48.76231]}, "properties": {"numparc": 5829, "etat de la localisation": "autre", "ID BDGEO": "6996", "horodatage": "2023-05-11 06:37:52", "distance (en metres)": 71.67, "station": "CROIX DE BERNY-RER", "marker-color": "#818181"}}, {"type": "Feature", "geometry": {"type": "Point", "coordinates": [2.220196, 48.785088]}, "properties": {"numparc": 5825, "etat de la localisation": "autre", "ID BDGEO": "5224", "horodatage": "2023-05-11 06:40:37", "distance (en metres)": 88.21, "station": "VELIZY2.", "marker-color": "#818181"}}, {"type": "Feature", "geometry": {"type": "Point", "coordinates": [2.224875, 48.783768]}, "properties": {"numparc": 5825, "etat de la localisation": "Delocalise", "ID BDGEO": "5322", "horodatage": "2023-05-11 06:41:57", "distance (en metres)": 196.03, "station": "DE LATTRE DE TASSIGNY", "marker-color": "#FF565E"}}, {"type": "Feature", "geometry": {"type": "Point", "coordinates": [2.304164, 48.762691]}, "properties": {"numparc": 5829, "etat de la localisation": "autre", "ID BDGEO": "6996", "horodatage": "2023-05-11 06:47:06", "distance (en metres)": 190.76, "station": "CROIX DE BERNY-RER", "marker-color": "#818181"}}, {"type": "Feature", "geometry": {"type": "Point", "coordinates": [2.249581, 48.769283]}, "properties": {"numparc": 5825, "etat de la localisation": "autre", "ID BDGEO": "5227", "horodatage": "2023-05-11 06:49:00", "distance (en metres)": 78.89, "station": "LA FERME DE MALABRY", "marker-color": "#818181"}}, {"type": "Feature", "geometry": {"type": "Point", "coordinates": [2.25471, 48.766346]}, "properties": {"numparc": 5825, "etat de la localisation": "autre", "ID BDGEO": "5335", "horodatage": "2023-05-11 06:50:25", "distance (en metres)": 53.66, "station": "FRANCIS DE PRESSENSE", "marker-color": "#818181"}}, {"type": "Feature", "geometry": {"type": "Point", "coordinates": [2.272532, 48.763706]}, "properties": {"numparc": 5825, "etat de la localisation": "autre", "ID BDGEO": "5348", "horodatage": "2023-05-11 06:54:39", "distance (en metres)": 141.63, "station": "LES VALLEES", "marker-color": "#818181"}}, {"type": "Feature", "geometry": {"type": "Point", "coordinates": [2.280399, 48.762646]}, "properties": {"numparc": 5825, "etat de la localisation": "autre", "ID BDGEO": "5311", "horodatage": "2023-05-11 06:56:13", "distance (en metres)": 259.95, "station": "CARREFOUR DU 19 MARS 1962", "marker-color": "#818181"}}, {"type": "Feature", "geometry": {"type": "Point", "coordinates": [2.278527, 48.7631]}, "properties": {"numparc": 5829, "etat de la localisation": "autre", "ID BDGEO": "5349", "horodatage": "2023-05-11 06:56:15", "distance (en metres)": 62.79, "station": "LA BRIAUDE", "marker-color": "#818181"}}, {"type": "Feature", "geometry": {"type": "Point", "coordinates": [2.282368, 48.762409]}, "properties": {"numparc": 5825, "etat de la localisation": "autre", "ID BDGEO": "5311", "horodatage": "2023-05-11 06:57:12", "distance (en metres)": 113.43, "station": "CARREFOUR DU 19 MARS 1962", "marker-color": "#818181"}}, {"type": "Feature", "geometry": {"type": "Point", "coordinates": [2.272596, 48.763981]}, "properties": {"numparc": 5829, "etat de la localisation": "autre", "ID BDGEO": "5346", "horodatage": "2023-05-11 06:57:52", "distance (en metres)": 82.93, "station": "PRESIDENT ALLENDE", "marker-color": "#818181"}}, {"type": "Feature", "geometry": {"type": "Point", "coordinates": [2.30838, 48.763893]}, "properties": {"numparc": 5826, "etat de la localisation": "autre", "ID BDGEO": "6996", "horodatage": "2023-05-11 06:58:12", "distance (en metres)": 527.2, "station": "CROIX DE BERNY-RER", "marker-color": "#818181"}}, {"type": "Feature", "geometry": {"type": "Point", "coordinates": [2.290529, 48.761303]}, "properties": {"numparc": 5825, "etat de la localisation": "autre", "ID BDGEO": "5309", "horodatage": "2023-05-11 06:59:22", "distance (en metres)": 67.88, "station": "CARREFOUR DE L'EUROPE", "marker-color": "#818181"}}, {"type": "Feature", "geometry": {"type": "Point", "coordinates": [2.300429, 48.761749]}, "properties": {"numparc": 5825, "etat de la localisation": "autre", "ID BDGEO": "5306", "horodatage": "2023-05-11 07:00:49", "distance (en metres)": 47.45, "station": "SCEAUX-SOUS PREFECTURE", "marker-color": "#818181"}}, {"type": "Feature", "geometry": {"type": "Point", "coordinates": [2.30838, 48.763893]}, "properties": {"numparc": 5826, "etat de la localisation": "autre", "ID BDGEO": "6996", "horodatage": "2023-05-11 07:01:15", "distance (en metres)": 527.2, "station": "CROIX DE BERNY-RER", "marker-color": "#818181"}}, {"type": "Feature", "geometry": {"type": "Point", "coordinates": [2.302616, 48.762295]}, "properties": {"numparc": 5825, "etat de la localisation": "autre", "ID BDGEO": "6996", "horodatage": "2023-05-11 07:01:33", "distance (en metres)": 69.12, "station": "CROIX DE BERNY-RER", "marker-color": "#818181"}}, {"type": "Feature", "geometry": {"type": "Point", "coordinates": [2.304064, 48.762653]}, "properties": {"numparc": 5826, "etat de la localisation": "autre", "ID BDGEO": "6996", "horodatage": "2023-05-11 07:04:47", "distance (en metres)": 182.44, "station": "CROIX DE BERNY-RER", "marker-color": "#818181"}}, {"type": "Feature", "geometry": {"type": "Point", "coordinates": [2.278538, 48.763096]}, "properties": {"numparc": 5826, "etat de la localisation": "autre", "ID BDGEO": "5349", "horodatage": "2023-05-11 07:12:12", "distance (en metres)": 61.89, "station": "LA BRIAUDE", "marker-color": "#818181"}}, {"type": "Feature", "geometry": {"type": "Point", "coordinates": [2.274693, 48.763641]}, "properties": {"numparc": 5826, "etat de la localisation": "autre", "ID BDGEO": "5347", "horodatage": "2023-05-11 07:12:59", "distance (en metres)": 48.23, "station": "LES VALLEES", "marker-color": "#818181"}}, {"type": "Feature", "geometry": {"type": "Point", "coordinates": [2.272814, 48.763973]}, "properties": {"numparc": 5826, "etat de la localisation": "autre", "ID BDGEO": "5346", "horodatage": "2023-05-11 07:13:35", "distance (en metres)": 98.92, "station": "PRESIDENT ALLENDE", "marker-color": "#818181"}}, {"type": "Feature", "geometry": {"type": "Point", "coordinates": [2.304071, 48.76265]}, "properties": {"numparc": 5825, "etat de la localisation": "autre", "ID BDGEO": "6996", "horodatage": "2023-05-11 07:14:03", "distance (en metres)": 182.78, "station": "CROIX DE BERNY-RER", "marker-color": "#818181"}}, {"type": "Feature", "geometry": {"type": "Point", "coordinates": [2.249614, 48.769302]}, "properties": {"numparc": 5823, "etat de la localisation": "autre", "ID BDGEO": "5227", "horodatage": "2023-05-11 07:18:24", "distance (en metres)": 79.12, "station": "LA FERME DE MALABRY", "marker-color": "#818181"}}, {"type": "Feature", "geometry": {"type": "Point", "coordinates": [2.251341, 48.768551]}, "properties": {"numparc": 5826, "etat de la localisation": "autre", "ID BDGEO": "5331", "horodatage": "2023-05-11 07:18:48", "distance (en metres)": 44.4, "station": "CYRANO DE BERGERAC", "marker-color": "#818181"}}, {"type": "Feature", "geometry": {"type": "Point", "coordinates": [2.251147, 48.768448]}, "properties": {"numparc": 5823, "etat de la localisation": "autre", "ID BDGEO": "5332", "horodatage": "2023-05-11 07:19:30", "distance (en metres)": 44.41, "station": "CYRANO DE BERGERAC", "marker-color": "#818181"}}, {"type": "Feature", "geometry": {"type": "Point", "coordinates": [2.254686, 48.766388]}, "properties": {"numparc": 5823, "etat de la localisation": "autre", "ID BDGEO": "5335", "horodatage": "2023-05-11 07:20:27", "distance (en metres)": 56.94, "station": "FRANCIS DE PRESSENSE", "marker-color": "#818181"}}, {"type": "Feature", "geometry": {"type": "Point", "coordinates": [2.278557, 48.763096]}, "properties": {"numparc": 5825, "etat de la localisation": "autre", "ID BDGEO": "5349", "horodatage": "2023-05-11 07:22:15", "distance (en metres)": 60.57, "station": "LA BRIAUDE", "marker-color": "#818181"}}, {"type": "Feature", "geometry": {"type": "Point", "coordinates": [2.27472, 48.763622]}, "properties": {"numparc": 5825, "etat de la localisation": "autre", "ID BDGEO": "5347", "horodatage": "2023-05-11 07:23:03", "distance (en metres)": 45.6, "station": "LES VALLEES", "marker-color": "#818181"}}, {"type": "Feature", "geometry": {"type": "Point", "coordinates": [2.272626, 48.763973]}, "properties": {"numparc": 5825, "etat de la localisation": "autre", "ID BDGEO": "5346", "horodatage": "2023-05-11 07:23:44", "distance (en metres)": 85.13, "station": "PRESIDENT ALLENDE", "marker-color": "#818181"}}, {"type": "Feature", "geometry": {"type": "Point", "coordinates": [2.271504, 48.763943]}, "properties": {"numparc": 5823, "etat de la localisation": "autre", "ID BDGEO": "5348", "horodatage": "2023-05-11 07:24:48", "distance (en metres)": 219.93, "station": "LES VALLEES", "marker-color": "#818181"}}, {"type": "Feature", "geometry": {"type": "Point", "coordinates": [2.27232, 48.763794]}, "properties": {"numparc": 5823, "etat de la localisation": "autre", "ID BDGEO": "5348", "horodatage": "2023-05-11 07:25:36", "distance (en metres)": 158.22, "station": "LES VALLEES", "marker-color": "#818181"}}, {"type": "Feature", "geometry": {"type": "Point", "coordinates": [2.280305, 48.762714]}, "properties": {"numparc": 5823, "etat de la localisation": "autre", "ID BDGEO": "5311", "horodatage": "2023-05-11 07:27:10", "distance (en metres)": 267.98, "station": "CARREFOUR DU 19 MARS 1962", "marker-color": "#818181"}}, {"type": "Feature", "geometry": {"type": "Point", "coordinates": [2.282308, 48.762474]}, "properties": {"numparc": 5823, "etat de la localisation": "autre", "ID BDGEO": "5311", "horodatage": "2023-05-11 07:28:05", "distance (en metres)": 118.75, "station": "CARREFOUR DU 19 MARS 1962", "marker-color": "#818181"}}, {"type": "Feature", "geometry": {"type": "Point", "coordinates": [2.290458, 48.761372]}, "properties": {"numparc": 5823, "etat de la localisation": "autre", "ID BDGEO": "5309", "horodatage": "2023-05-11 07:29:40", "distance (en metres)": 73.97, "station": "CARREFOUR DE L'EUROPE", "marker-color": "#818181"}}, {"type": "Feature", "geometry": {"type": "Point", "coordinates": [2.238931, 48.773247]}, "properties": {"numparc": 5829, "etat de la localisation": "autre", "ID BDGEO": "5358", "horodatage": "2023-05-11 07:29:55", "distance (en metres)": 51.2, "station": "LA BOURSIDIERE", "marker-color": "#818181"}}, {"type": "Feature", "geometry": {"type": "Point", "coordinates": [2.24959, 48.769276]}, "properties": {"numparc": 5829, "etat de la localisation": "autre", "ID BDGEO": "5227", "horodatage": "2023-05-11 07:32:06", "distance (en metres)": 79.95, "station": "LA FERME DE MALABRY", "marker-color": "#818181"}}, {"type": "Feature", "geometry": {"type": "Point", "coordinates": [2.30378, 48.762646]}, "properties": {"numparc": 5823, "etat de la localisation": "autre", "ID BDGEO": "6996", "horodatage": "2023-05-11 07:32:48", "distance (en metres)": 162.65, "station": "CROIX DE BERNY-RER", "marker-color": "#818181"}}, {"type": "Feature", "geometry": {"type": "Point", "coordinates": [2.251105, 48.768433]}, "properties": {"numparc": 5829, "etat de la localisation": "autre", "ID BDGEO": "5332", "horodatage": "2023-05-11 07:33:23", "distance (en metres)": 43.6, "station": "CYRANO DE BERGERAC", "marker-color": "#818181"}}, {"type": "Feature", "geometry": {"type": "Point", "coordinates": [2.30378, 48.762646]}, "properties": {"numparc": 5823, "etat de la localisation": "autre", "ID BDGEO": "6996", "horodatage": "2023-05-11 07:33:27", "distance (en metres)": 162.65, "station": "CROIX DE BERNY-RER", "marker-color": "#818181"}}, {"type": "Feature", "geometry": {"type": "Point", "coordinates": [2.254703, 48.766346]}, "properties": {"numparc": 5829, "etat de la localisation": "autre", "ID BDGEO": "5335", "horodatage": "2023-05-11 07:34:15", "distance (en metres)": 54.14, "station": "FRANCIS DE PRESSENSE", "marker-color": "#818181"}}, {"type": "Feature", "geometry": {"type": "Point", "coordinates": [2.304165, 48.762741]}, "properties": {"numparc": 5823, "etat de la localisation": "autre", "ID BDGEO": "6996", "horodatage": "2023-05-11 07:34:21", "distance (en metres)": 192.77, "station": "CROIX DE BERNY-RER", "marker-color": "#818181"}}, {"type": "Feature", "geometry": {"type": "Point", "coordinates": [2.2496, 48.769329]}, "properties": {"numparc": 5824, "etat de la localisation": "autre", "ID BDGEO": "5227", "horodatage": "2023-05-11 07:37:23", "distance (en metres)": 76.34, "station": "LA FERME DE MALABRY", "marker-color": "#818181"}}, {"type": "Feature", "geometry": {"type": "Point", "coordinates": [2.251135, 48.768463]}, "properties": {"numparc": 5824, "etat de la localisation": "autre", "ID BDGEO": "5332", "horodatage": "2023-05-11 07:38:53", "distance (en metres)": 42.59, "station": "CYRANO DE BERGERAC", "marker-color": "#818181"}}, {"type": "Feature", "geometry": {"type": "Point", "coordinates": [2.272391, 48.763725]}, "properties": {"numparc": 5829, "etat de la localisation": "autre", "ID BDGEO": "5348", "horodatage": "2023-05-11 07:39:29", "distance (en metres)": 152.12, "station": "LES VALLEES", "marker-color": "#818181"}}, {"type": "Feature", "geometry": {"type": "Point", "coordinates": [2.254662, 48.766418]}, "properties": {"numparc": 5824, "etat de la localisation": "autre", "ID BDGEO": "5335", "horodatage": "2023-05-11 07:40:17", "distance (en metres)": 59.91, "station": "FRANCIS DE PRESSENSE", "marker-color": "#818181"}}, {"type": "Feature", "geometry": {"type": "Point", "coordinates": [2.280374, 48.762653]}, "properties": {"numparc": 5829, "etat de la localisation": "autre", "ID BDGEO": "5311", "horodatage": "2023-05-11 07:41:13", "distance (en metres)": 261.89, "station": "CARREFOUR DU 19 MARS 1962", "marker-color": "#818181"}}, {"type": "Feature", "geometry": {"type": "Point", "coordinates": [2.282396, 48.762409]}, "properties": {"numparc": 5829, "etat de la localisation": "autre", "ID BDGEO": "5311", "horodatage": "2023-05-11 07:41:52", "distance (en metres)": 111.38, "station": "CARREFOUR DU 19 MARS 1962", "marker-color": "#818181"}}, {"type": "Feature", "geometry": {"type": "Point", "coordinates": [2.290535, 48.761292]}, "properties": {"numparc": 5829, "etat de la localisation": "autre", "ID BDGEO": "5309", "horodatage": "2023-05-11 07:43:31", "distance (en metres)": 67.36, "station": "CARREFOUR DE L'EUROPE", "marker-color": "#818181"}}, {"type": "Feature", "geometry": {"type": "Point", "coordinates": [2.272295, 48.763802]}, "properties": {"numparc": 5824, "etat de la localisation": "autre", "ID BDGEO": "5348", "horodatage": "2023-05-11 07:44:42", "distance (en metres)": 160.16, "station": "LES VALLEES", "marker-color": "#818181"}}, {"type": "Feature", "geometry": {"type": "Point", "coordinates": [2.302482, 48.762257]}, "properties": {"numparc": 5829, "etat de la localisation": "autre", "ID BDGEO": "6996", "horodatage": "2023-05-11 07:45:52", "distance (en metres)": 58.48, "station": "CROIX DE BERNY-RER", "marker-color": "#818181"}}, {"type": "Feature", "geometry": {"type": "Point", "coordinates": [2.280286, 48.762707]}, "properties": {"numparc": 5824, "etat de la localisation": "autre", "ID BDGEO": "5311", "horodatage": "2023-05-11 07:47:10", "distance (en metres)": 269.2, "station": "CARREFOUR DU 19 MARS 1962", "marker-color": "#818181"}}, {"type": "Feature", "geometry": {"type": "Point", "coordinates": [2.28228, 48.762474]}, "properties": {"numparc": 5824, "etat de la localisation": "autre", "ID BDGEO": "5311", "horodatage": "2023-05-11 07:48:02", "distance (en metres)": 120.79, "station": "CARREFOUR DU 19 MARS 1962", "marker-color": "#818181"}}, {"type": "Feature", "geometry": {"type": "Point", "coordinates": [2.229904, 48.777531]}, "properties": {"numparc": 5826, "etat de la localisation": "autre", "ID BDGEO": "5327", "horodatage": "2023-05-11 07:48:34", "distance (en metres)": 40.62, "station": "RD POINT DU PETIT CLAMART", "marker-color": "#818181"}}, {"type": "Feature", "geometry": {"type": "Point", "coordinates": [2.290446, 48.761372]}, "properties": {"numparc": 5824, "etat de la localisation": "autre", "ID BDGEO": "5309", "horodatage": "2023-05-11 07:50:30", "distance (en metres)": 74.83, "station": "CARREFOUR DE L'EUROPE", "marker-color": "#818181"}}, {"type": "Feature", "geometry": {"type": "Point", "coordinates": [2.290446, 48.761372]}, "properties": {"numparc": 5824, "etat de la localisation": "autre", "ID BDGEO": "5309", "horodatage": "2023-05-11 07:50:49", "distance (en metres)": 74.83, "station": "CARREFOUR DE L'EUROPE", "marker-color": "#818181"}}, {"type": "Feature", "geometry": {"type": "Point", "coordinates": [2.278558, 48.763073]}, "properties": {"numparc": 5823, "etat de la localisation": "autre", "ID BDGEO": "5349", "horodatage": "2023-05-11 07:51:24", "distance (en metres)": 59.71, "station": "LA BRIAUDE", "marker-color": "#818181"}}, {"type": "Feature", "geometry": {"type": "Point", "coordinates": [2.274695, 48.763603]}, "properties": {"numparc": 5823, "etat de la localisation": "autre", "ID BDGEO": "5347", "horodatage": "2023-05-11 07:52:18", "distance (en metres)": 46.61, "station": "LES VALLEES", "marker-color": "#818181"}}, {"type": "Feature", "geometry": {"type": "Point", "coordinates": [2.249643, 48.769352]}, "properties": {"numparc": 5826, "etat de la localisation": "autre", "ID BDGEO": "5227", "horodatage": "2023-05-11 07:52:42", "distance (en metres)": 77.06, "station": "LA FERME DE MALABRY", "marker-color": "#818181"}}, {"type": "Feature", "geometry": {"type": "Point", "coordinates": [2.272706, 48.76395]}, "properties": {"numparc": 5823, "etat de la localisation": "autre", "ID BDGEO": "5346", "horodatage": "2023-05-11 07:53:10", "distance (en metres)": 91.04, "station": "PRESIDENT ALLENDE", "marker-color": "#818181"}}, {"type": "Feature", "geometry": {"type": "Point", "coordinates": [2.251211, 48.768482]}, "properties": {"numparc": 5826, "etat de la localisation": "autre", "ID BDGEO": "5332", "horodatage": "2023-05-11 07:53:21", "distance (en metres)": 45.36, "station": "CYRANO DE BERGERAC", "marker-color": "#818181"}}, {"type": "Feature", "geometry": {"type": "Point", "coordinates": [2.303773, 48.762615]}, "properties": {"numparc": 5824, "etat de la localisation": "autre", "ID BDGEO": "6996", "horodatage": "2023-05-11 07:54:19", "distance (en metres)": 160.94, "station": "CROIX DE BERNY-RER", "marker-color": "#818181"}}, {"type": "Feature", "geometry": {"type": "Point", "coordinates": [2.254742, 48.766396]}, "properties": {"numparc": 5826, "etat de la localisation": "autre", "ID BDGEO": "5335", "horodatage": "2023-05-11 07:54:35", "distance (en metres)": 53.53, "station": "FRANCIS DE PRESSENSE", "marker-color": "#818181"}}, {"type": "Feature", "geometry": {"type": "Point", "coordinates": [2.270754, 48.764023]}, "properties": {"numparc": 5826, "etat de la localisation": "autre", "ID BDGEO": "5348", "horodatage": "2023-05-11 07:59:26", "distance (en metres)": 275.6, "station": "LES VALLEES", "marker-color": "#818181"}}, {"type": "Feature", "geometry": {"type": "Point", "coordinates": [2.272274, 48.763779]}, "properties": {"numparc": 5826, "etat de la localisation": "autre", "ID BDGEO": "5348", "horodatage": "2023-05-11 08:00:18", "distance (en metres)": 161.32, "station": "LES VALLEES", "marker-color": "#818181"}}, {"type": "Feature", "geometry": {"type": "Point", "coordinates": [2.280367, 48.762669]}, "properties": {"numparc": 5826, "etat de la localisation": "autre", "ID BDGEO": "5311", "horodatage": "2023-05-11 08:02:08", "distance (en metres)": 262.67, "station": "CARREFOUR DU 19 MARS 1962", "marker-color": "#818181"}}, {"type": "Feature", "geometry": {"type": "Point", "coordinates": [2.282372, 48.762436]}, "properties": {"numparc": 5826, "etat de la localisation": "autre", "ID BDGEO": "5311", "horodatage": "2023-05-11 08:03:00", "distance (en metres)": 113.49, "station": "CARREFOUR DU 19 MARS 1962", "marker-color": "#818181"}}, {"type": "Feature", "geometry": {"type": "Point", "coordinates": [2.290435, 48.76133]}, "properties": {"numparc": 5826, "etat de la localisation": "autre", "ID BDGEO": "5309", "horodatage": "2023-05-11 08:05:10", "distance (en metres)": 75.0, "station": "CARREFOUR DE L'EUROPE", "marker-color": "#818181"}}, {"type": "Feature", "geometry": {"type": "Point", "coordinates": [2.3042, 48.762688]}, "properties": {"numparc": 5829, "etat de la localisation": "autre", "ID BDGEO": "6996", "horodatage": "2023-05-11 08:06:38", "distance (en metres)": 193.1, "station": "CROIX DE BERNY-RER", "marker-color": "#818181"}}, {"type": "Feature", "geometry": {"type": "Point", "coordinates": [2.30356, 48.762558]}, "properties": {"numparc": 5826, "etat de la localisation": "autre", "ID BDGEO": "6996", "horodatage": "2023-05-11 08:08:06", "distance (en metres)": 144.09, "station": "CROIX DE BERNY-RER", "marker-color": "#818181"}}, {"type": "Feature", "geometry": {"type": "Point", "coordinates": [2.251148, 48.768452]}, "properties": {"numparc": 5825, "etat de la localisation": "autre", "ID BDGEO": "5332", "horodatage": "2023-05-11 08:08:09", "distance (en metres)": 44.15, "station": "CYRANO DE BERGERAC", "marker-color": "#818181"}}, {"type": "Feature", "geometry": {"type": "Point", "coordinates": [2.304075, 48.76268]}, "properties": {"numparc": 5824, "etat de la localisation": "autre", "ID BDGEO": "6996", "horodatage": "2023-05-11 08:09:05", "distance (en metres)": 184.2, "station": "CROIX DE BERNY-RER", "marker-color": "#818181"}}, {"type": "Feature", "geometry": {"type": "Point", "coordinates": [2.30391, 48.762638]}, "properties": {"numparc": 5826, "etat de la localisation": "autre", "ID BDGEO": "6996", "horodatage": "2023-05-11 08:09:07", "distance (en metres)": 171.24, "station": "CROIX DE BERNY-RER", "marker-color": "#818181"}}, {"type": "Feature", "geometry": {"type": "Point", "coordinates": [2.254725, 48.766384]}, "properties": {"numparc": 5825, "etat de la localisation": "autre", "ID BDGEO": "5335", "horodatage": "2023-05-11 08:09:23", "distance (en metres)": 54.14, "station": "FRANCIS DE PRESSENSE", "marker-color": "#818181"}}, {"type": "Feature", "geometry": {"type": "Point", "coordinates": [2.272353, 48.763756]}, "properties": {"numparc": 5825, "etat de la localisation": "autre", "ID BDGEO": "5348", "horodatage": "2023-05-11 08:13:58", "distance (en metres)": 155.27, "station": "LES VALLEES", "marker-color": "#818181"}}, {"type": "Feature", "geometry": {"type": "Point", "coordinates": [2.297404, 48.721485]}, "properties": {"numparc": 5832, "etat de la localisation": "autre", "ID BDGEO": "5309", "horodatage": "2023-05-11 08:14:54", "distance (en metres)": 4444.21, "station": "CARREFOUR DE L'EUROPE", "marker-color": "#818181"}}, {"type": "Feature", "geometry": {"type": "Point", "coordinates": [2.278574, 48.763096]}, "properties": {"numparc": 5829, "etat de la localisation": "autre", "ID BDGEO": "5349", "horodatage": "2023-05-11 08:15:18", "distance (en metres)": 59.4, "station": "LA BRIAUDE", "marker-color": "#818181"}}, {"type": "Feature", "geometry": {"type": "Point", "coordinates": [2.28037, 48.762669]}, "properties": {"numparc": 5825, "etat de la localisation": "autre", "ID BDGEO": "5311", "horodatage": "2023-05-11 08:15:29", "distance (en metres)": 262.44, "station": "CARREFOUR DU 19 MARS 1962", "marker-color": "#818181"}}, {"type": "Feature", "geometry": {"type": "Point", "coordinates": [2.282363, 48.762428]}, "properties": {"numparc": 5825, "etat de la localisation": "autre", "ID BDGEO": "5311", "horodatage": "2023-05-11 08:16:25", "distance (en metres)": 114.04, "station": "CARREFOUR DU 19 MARS 1962", "marker-color": "#818181"}}, {"type": "Feature", "geometry": {"type": "Point", "coordinates": [2.274717, 48.763626]}, "properties": {"numparc": 5829, "etat de la localisation": "autre", "ID BDGEO": "5347", "horodatage": "2023-05-11 08:16:55", "distance (en metres)": 45.95, "station": "LES VALLEES", "marker-color": "#818181"}}, {"type": "Feature", "geometry": {"type": "Point", "coordinates": [2.304147, 48.762699]}, "properties": {"numparc": 5826, "etat de la localisation": "autre", "ID BDGEO": "6996", "horodatage": "2023-05-11 08:16:57", "distance (en metres)": 189.89, "station": "CROIX DE BERNY-RER", "marker-color": "#818181"}}, {"type": "Feature", "geometry": {"type": "Point", "coordinates": [2.272596, 48.763981]}, "properties": {"numparc": 5829, "etat de la localisation": "autre", "ID BDGEO": "5346", "horodatage": "2023-05-11 08:17:36", "distance (en metres)": 82.93, "station": "PRESIDENT ALLENDE", "marker-color": "#818181"}}, {"type": "Feature", "geometry": {"type": "Point", "coordinates": [2.290508, 48.761318]}, "properties": {"numparc": 5825, "etat de la localisation": "autre", "ID BDGEO": "5309", "horodatage": "2023-05-11 08:18:39", "distance (en metres)": 69.55, "station": "CARREFOUR DE L'EUROPE", "marker-color": "#818181"}}, {"type": "Feature", "geometry": {"type": "Point", "coordinates": [2.278615, 48.763088]}, "properties": {"numparc": 5824, "etat de la localisation": "autre", "ID BDGEO": "5349", "horodatage": "2023-05-11 08:24:41", "distance (en metres)": 56.28, "station": "LA BRIAUDE", "marker-color": "#818181"}}, {"type": "Feature", "geometry": {"type": "Point", "coordinates": [2.27475, 48.763607]}, "properties": {"numparc": 5824, "etat de la localisation": "autre", "ID BDGEO": "5347", "horodatage": "2023-05-11 08:26:25", "distance (en metres)": 42.94, "station": "LES VALLEES", "marker-color": "#818181"}}, {"type": "Feature", "geometry": {"type": "Point", "coordinates": [2.272665, 48.763958]}, "properties": {"numparc": 5824, "etat de la localisation": "autre", "ID BDGEO": "5346", "horodatage": "2023-05-11 08:27:06", "distance (en metres)": 88.01, "station": "PRESIDENT ALLENDE", "marker-color": "#818181"}}, {"type": "Feature", "geometry": {"type": "Point", "coordinates": [2.278735, 48.763042]}, "properties": {"numparc": 5826, "etat de la localisation": "autre", "ID BDGEO": "5349", "horodatage": "2023-05-11 08:33:34", "distance (en metres)": 46.32, "station": "LA BRIAUDE", "marker-color": "#818181"}}, {"type": "Feature", "geometry": {"type": "Point", "coordinates": [2.251368, 48.768539]}, "properties": {"numparc": 5824, "etat de la localisation": "autre", "ID BDGEO": "5331", "horodatage": "2023-05-11 08:33:49", "distance (en metres)": 46.71, "station": "CYRANO DE BERGERAC", "marker-color": "#818181"}}, {"type": "Feature", "geometry": {"type": "Point", "coordinates": [2.30417, 48.762711]}, "properties": {"numparc": 5825, "etat de la localisation": "autre", "ID BDGEO": "6996", "horodatage": "2023-05-11 08:34:29", "distance (en metres)": 191.9, "station": "CROIX DE BERNY-RER", "marker-color": "#818181"}}, {"type": "Feature", "geometry": {"type": "Point", "coordinates": [2.272799, 48.763939]}, "properties": {"numparc": 5826, "etat de la localisation": "autre", "ID BDGEO": "5346", "horodatage": "2023-05-11 08:35:45", "distance (en metres)": 97.89, "station": "PRESIDENT ALLENDE", "marker-color": "#818181"}}, {"type": "Feature", "geometry": {"type": "Point", "coordinates": [2.249661, 48.769283]}, "properties": {"numparc": 5823, "etat de la localisation": "autre", "ID BDGEO": "5227", "horodatage": "2023-05-11 08:39:10", "distance (en metres)": 83.08, "station": "LA FERME DE MALABRY", "marker-color": "#818181"}}, {"type": "Feature", "geometry": {"type": "Point", "coordinates": [2.25117, 48.76844]}, "properties": {"numparc": 5823, "etat de la localisation": "autre", "ID BDGEO": "5332", "horodatage": "2023-05-11 08:40:32", "distance (en metres)": 46.19, "station": "CYRANO DE BERGERAC", "marker-color": "#818181"}}, {"type": "Feature", "geometry": {"type": "Point", "coordinates": [2.254704, 48.766384]}, "properties": {"numparc": 5823, "etat de la localisation": "autre", "ID BDGEO": "5335", "horodatage": "2023-05-11 08:42:16", "distance (en metres)": 55.56, "station": "FRANCIS DE PRESSENSE", "marker-color": "#818181"}}, {"type": "Feature", "geometry": {"type": "Point", "coordinates": [2.278564, 48.7631]}, "properties": {"numparc": 5825, "etat de la localisation": "autre", "ID BDGEO": "5349", "horodatage": "2023-05-11 08:43:56", "distance (en metres)": 60.23, "station": "LA BRIAUDE", "marker-color": "#818181"}}, {"type": "Feature", "geometry": {"type": "Point", "coordinates": [2.272792, 48.763947]}, "properties": {"numparc": 5825, "etat de la localisation": "autre", "ID BDGEO": "5346", "horodatage": "2023-05-11 08:45:23", "distance (en metres)": 97.35, "station": "PRESIDENT ALLENDE", "marker-color": "#818181"}}, {"type": "Feature", "geometry": {"type": "Point", "coordinates": [2.27233, 48.763798]}, "properties": {"numparc": 5823, "etat de la localisation": "autre", "ID BDGEO": "5348", "horodatage": "2023-05-11 08:46:38", "distance (en metres)": 157.55, "station": "LES VALLEES", "marker-color": "#818181"}}, {"type": "Feature", "geometry": {"type": "Point", "coordinates": [2.280316, 48.762703]}, "properties": {"numparc": 5823, "etat de la localisation": "autre", "ID BDGEO": "5311", "horodatage": "2023-05-11 08:48:09", "distance (en metres)": 266.96, "station": "CARREFOUR DU 19 MARS 1962", "marker-color": "#818181"}}, {"type": "Feature", "geometry": {"type": "Point", "coordinates": [2.282289, 48.76247]}, "properties": {"numparc": 5823, "etat de la localisation": "autre", "ID BDGEO": "5311", "horodatage": "2023-05-11 08:48:46", "distance (en metres)": 120.06, "station": "CARREFOUR DU 19 MARS 1962", "marker-color": "#818181"}}, {"type": "Feature", "geometry": {"type": "Point", "coordinates": [2.282344, 48.762455]}, "properties": {"numparc": 5823, "etat de la localisation": "autre", "ID BDGEO": "5311", "horodatage": "2023-05-11 08:49:12", "distance (en metres)": 115.82, "station": "CARREFOUR DU 19 MARS 1962", "marker-color": "#818181"}}, {"type": "Feature", "geometry": {"type": "Point", "coordinates": [2.302686, 48.76252]}, "properties": {"numparc": 5832, "etat de la localisation": "autre", "ID BDGEO": "5304", "horodatage": "2023-05-11 08:50:44", "distance (en metres)": 126.42, "station": "CROIX DE BERNY-RER.", "marker-color": "#818181"}}, {"type": "Feature", "geometry": {"type": "Point", "coordinates": [2.290434, 48.761356]}, "properties": {"numparc": 5823, "etat de la localisation": "autre", "ID BDGEO": "5309", "horodatage": "2023-05-11 08:52:06", "distance (en metres)": 75.45, "station": "CARREFOUR DE L'EUROPE", "marker-color": "#818181"}}, {"type": "Feature", "geometry": {"type": "Point", "coordinates": [2.303722, 48.762596]}, "properties": {"numparc": 5823, "etat de la localisation": "autre", "ID BDGEO": "6996", "horodatage": "2023-05-11 08:55:54", "distance (en metres)": 156.69, "station": "CROIX DE BERNY-RER", "marker-color": "#818181"}}, {"type": "Feature", "geometry": {"type": "Point", "coordinates": [2.249617, 48.769283]}, "properties": {"numparc": 5829, "etat de la localisation": "autre", "ID BDGEO": "5227", "horodatage": "2023-05-11 09:02:13", "distance (en metres)": 80.75, "station": "LA FERME DE MALABRY", "marker-color": "#818181"}}, {"type": "Feature", "geometry": {"type": "Point", "coordinates": [2.304142, 48.762703]}, "properties": {"numparc": 5823, "etat de la localisation": "autre", "ID BDGEO": "6996", "horodatage": "2023-05-11 09:03:24", "distance (en metres)": 189.69, "station": "CROIX DE BERNY-RER", "marker-color": "#818181"}}, {"type": "Feature", "geometry": {"type": "Point", "coordinates": [2.251163, 48.768429]}, "properties": {"numparc": 5829, "etat de la localisation": "autre", "ID BDGEO": "5332", "horodatage": "2023-05-11 09:03:29", "distance (en metres)": 46.74, "station": "CYRANO DE BERGERAC", "marker-color": "#818181"}}, {"type": "Feature", "geometry": {"type": "Point", "coordinates": [2.304215, 48.762711]}, "properties": {"numparc": 5823, "etat de la localisation": "autre", "ID BDGEO": "6996", "horodatage": "2023-05-11 09:03:46", "distance (en metres)": 195.0, "station": "CROIX DE BERNY-RER", "marker-color": "#818181"}}, {"type": "Feature", "geometry": {"type": "Point", "coordinates": [2.254743, 48.76635]}, "properties": {"numparc": 5829, "etat de la localisation": "autre", "ID BDGEO": "5335", "horodatage": "2023-05-11 09:04:23", "distance (en metres)": 51.51, "station": "FRANCIS DE PRESSENSE", "marker-color": "#818181"}}, {"type": "Feature", "geometry": {"type": "Point", "coordinates": [2.272397, 48.763744]}, "properties": {"numparc": 5829, "etat de la localisation": "autre", "ID BDGEO": "5348", "horodatage": "2023-05-11 09:08:39", "distance (en metres)": 151.91, "station": "LES VALLEES", "marker-color": "#818181"}}, {"type": "Feature", "geometry": {"type": "Point", "coordinates": [2.280455, 48.762669]}, "properties": {"numparc": 5829, "etat de la localisation": "autre", "ID BDGEO": "5311", "horodatage": "2023-05-11 09:10:30", "distance (en metres)": 256.28, "station": "CARREFOUR DU 19 MARS 1962", "marker-color": "#818181"}}, {"type": "Feature", "geometry": {"type": "Point", "coordinates": [2.278567, 48.763062]}, "properties": {"numparc": 5823, "etat de la localisation": "autre", "ID BDGEO": "5349", "horodatage": "2023-05-11 09:11:07", "distance (en metres)": 58.72, "station": "LA BRIAUDE", "marker-color": "#818181"}}, {"type": "Feature", "geometry": {"type": "Point", "coordinates": [2.282269, 48.762459]}, "properties": {"numparc": 5829, "etat de la localisation": "autre", "ID BDGEO": "5311", "horodatage": "2023-05-11 09:11:11", "distance (en metres)": 121.32, "station": "CARREFOUR DU 19 MARS 1962", "marker-color": "#818181"}}, {"type": "Feature", "geometry": {"type": "Point", "coordinates": [2.249506, 48.769352]}, "properties": {"numparc": 5824, "etat de la localisation": "autre", "ID BDGEO": "5227", "horodatage": "2023-05-11 09:11:16", "distance (en metres)": 69.59, "station": "LA FERME DE MALABRY", "marker-color": "#818181"}}, {"type": "Feature", "geometry": {"type": "Point", "coordinates": [2.282429, 48.762432]}, "properties": {"numparc": 5829, "etat de la localisation": "autre", "ID BDGEO": "5311", "horodatage": "2023-05-11 09:11:33", "distance (en metres)": 109.29, "station": "CARREFOUR DU 19 MARS 1962", "marker-color": "#818181"}}, {"type": "Feature", "geometry": {"type": "Point", "coordinates": [2.274736, 48.763584]}, "properties": {"numparc": 5823, "etat de la localisation": "autre", "ID BDGEO": "5347", "horodatage": "2023-05-11 09:11:54", "distance (en metres)": 43.1, "station": "LES VALLEES", "marker-color": "#818181"}}, {"type": "Feature", "geometry": {"type": "Point", "coordinates": [2.274736, 48.763584]}, "properties": {"numparc": 5823, "etat de la localisation": "autre", "ID BDGEO": "5347", "horodatage": "2023-05-11 09:11:58", "distance (en metres)": 43.1, "station": "LES VALLEES", "marker-color": "#818181"}}, {"type": "Feature", "geometry": {"type": "Point", "coordinates": [2.251168, 48.768433]}, "properties": {"numparc": 5824, "etat de la localisation": "autre", "ID BDGEO": "5332", "horodatage": "2023-05-11 09:11:59", "distance (en metres)": 46.7, "station": "CYRANO DE BERGERAC", "marker-color": "#818181"}}, {"type": "Feature", "geometry": {"type": "Point", "coordinates": [2.272613, 48.763943]}, "properties": {"numparc": 5823, "etat de la localisation": "autre", "ID BDGEO": "5346", "horodatage": "2023-05-11 09:13:03", "distance (en metres)": 84.25, "station": "PRESIDENT ALLENDE", "marker-color": "#818181"}}, {"type": "Feature", "geometry": {"type": "Point", "coordinates": [2.290523, 48.761311]}, "properties": {"numparc": 5829, "etat de la localisation": "autre", "ID BDGEO": "5309", "horodatage": "2023-05-11 09:13:58", "distance (en metres)": 68.38, "station": "CARREFOUR DE L'EUROPE", "marker-color": "#818181"}}, {"type": "Feature", "geometry": {"type": "Point", "coordinates": [2.254572, 48.766453]}, "properties": {"numparc": 5824, "etat de la localisation": "autre", "ID BDGEO": "5335", "horodatage": "2023-05-11 09:14:57", "distance (en metres)": 67.51, "station": "FRANCIS DE PRESSENSE", "marker-color": "#818181"}}, {"type": "Feature", "geometry": {"type": "Point", "coordinates": [2.25129, 48.768566]}, "properties": {"numparc": 5823, "etat de la localisation": "autre", "ID BDGEO": "5331", "horodatage": "2023-05-11 09:18:40", "distance (en metres)": 40.3, "station": "CYRANO DE BERGERAC", "marker-color": "#818181"}}, {"type": "Feature", "geometry": {"type": "Point", "coordinates": [2.303985, 48.762669]}, "properties": {"numparc": 5829, "etat de la localisation": "autre", "ID BDGEO": "6996", "horodatage": "2023-05-11 09:19:43", "distance (en metres)": 177.58, "station": "CROIX DE BERNY-RER", "marker-color": "#818181"}}, {"type": "Feature", "geometry": {"type": "Point", "coordinates": [2.272818, 48.763718]}, "properties": {"numparc": 5824, "etat de la localisation": "autre", "ID BDGEO": "5348", "horodatage": "2023-05-11 09:20:44", "distance (en metres)": 120.91, "station": "LES VALLEES", "marker-color": "#818181"}}, {"type": "Feature", "geometry": {"type": "Point", "coordinates": [2.304188, 48.762722]}, "properties": {"numparc": 5829, "etat de la localisation": "autre", "ID BDGEO": "6996", "horodatage": "2023-05-11 09:20:50", "distance (en metres)": 193.59, "station": "CROIX DE BERNY-RER", "marker-color": "#818181"}}, {"type": "Feature", "geometry": {"type": "Point", "coordinates": [2.296644, 48.72168]}, "properties": {"numparc": 5835, "etat de la localisation": "autre", "ID BDGEO": "7722", "horodatage": "2023-05-11 09:20:52", "distance (en metres)": 56.18, "station": "ANNEXE MONTROUGE SORTIE#", "marker-color": "#818181"}}, {"type": "Feature", "geometry": {"type": "Point", "coordinates": [2.280385, 48.76268]}, "properties": {"numparc": 5824, "etat de la localisation": "autre", "ID BDGEO": "5311", "horodatage": "2023-05-11 09:22:04", "distance (en metres)": 261.56, "station": "CARREFOUR DU 19 MARS 1962", "marker-color": "#818181"}}, {"type": "Feature", "geometry": {"type": "Point", "coordinates": [2.282382, 48.762432]}, "properties": {"numparc": 5824, "etat de la localisation": "autre", "ID BDGEO": "5311", "horodatage": "2023-05-11 09:22:56", "distance (en metres)": 112.7, "station": "CARREFOUR DU 19 MARS 1962", "marker-color": "#818181"}}, {"type": "Feature", "geometry": {"type": "Point", "coordinates": [2.296644, 48.72168]}, "properties": {"numparc": 5835, "etat de la localisation": "Delocalise", "ID BDGEO": "7722", "horodatage": "2023-05-11 09:24:47", "distance (en metres)": 56.18, "station": "ANNEXE MONTROUGE SORTIE#", "marker-color": "#FF565E"}}, {"type": "Feature", "geometry": {"type": "Point", "coordinates": [2.290508, 48.761322]}, "properties": {"numparc": 5824, "etat de la localisation": "autre", "ID BDGEO": "5309", "horodatage": "2023-05-11 09:24:59", "distance (en metres)": 69.59, "station": "CARREFOUR DE L'EUROPE", "marker-color": "#818181"}}, {"type": "Feature", "geometry": {"type": "Point", "coordinates": [2.249611, 48.769432]}, "properties": {"numparc": 5826, "etat de la localisation": "autre", "ID BDGEO": "5227", "horodatage": "2023-05-11 09:26:37", "distance (en metres)": 69.78, "station": "LA FERME DE MALABRY", "marker-color": "#818181"}}, {"type": "Feature", "geometry": {"type": "Point", "coordinates": [2.278573, 48.763081]}, "properties": {"numparc": 5829, "etat de la localisation": "autre", "ID BDGEO": "5349", "horodatage": "2023-05-11 09:27:22", "distance (en metres)": 58.92, "station": "LA BRIAUDE", "marker-color": "#818181"}}, {"type": "Feature", "geometry": {"type": "Point", "coordinates": [2.303765, 48.762604]}, "properties": {"numparc": 5824, "etat de la localisation": "autre", "ID BDGEO": "6996", "horodatage": "2023-05-11 09:27:32", "distance (en metres)": 159.95, "station": "CROIX DE BERNY-RER", "marker-color": "#818181"}}, {"type": "Feature", "geometry": {"type": "Point", "coordinates": [2.297413, 48.721165]}, "properties": {"numparc": 5835, "etat de la localisation": "autre", "ID BDGEO": "7722", "horodatage": "2023-05-11 09:27:38", "distance (en metres)": 47.05, "station": "ANNEXE MONTROUGE SORTIE#", "marker-color": "#818181"}}, {"type": "Feature", "geometry": {"type": "Point", "coordinates": [2.3041, 48.762684]}, "properties": {"numparc": 5824, "etat de la localisation": "autre", "ID BDGEO": "6996", "horodatage": "2023-05-11 09:28:40", "distance (en metres)": 186.07, "station": "CROIX DE BERNY-RER", "marker-color": "#818181"}}, {"type": "Feature", "geometry": {"type": "Point", "coordinates": [2.274737, 48.763596]}, "properties": {"numparc": 5829, "etat de la localisation": "autre", "ID BDGEO": "5347", "horodatage": "2023-05-11 09:28:43", "distance (en metres)": 43.42, "station": "LES VALLEES", "marker-color": "#818181"}}, {"type": "Feature", "geometry": {"type": "Point", "coordinates": [2.272617, 48.763947]}, "properties": {"numparc": 5829, "etat de la localisation": "autre", "ID BDGEO": "5346", "horodatage": "2023-05-11 09:29:21", "distance (en metres)": 84.54, "station": "PRESIDENT ALLENDE", "marker-color": "#818181"}}, {"type": "Feature", "geometry": {"type": "Point", "coordinates": [2.254741, 48.766403]}, "properties": {"numparc": 5826, "etat de la localisation": "autre", "ID BDGEO": "5335", "horodatage": "2023-05-11 09:29:26", "distance (en metres)": 53.96, "station": "FRANCIS DE PRESSENSE", "marker-color": "#818181"}}, {"type": "Feature", "geometry": {"type": "Point", "coordinates": [2.272511, 48.763767]}, "properties": {"numparc": 5826, "etat de la localisation": "autre", "ID BDGEO": "5348", "horodatage": "2023-05-11 09:34:22", "distance (en metres)": 143.94, "station": "LES VALLEES", "marker-color": "#818181"}}, {"type": "Feature", "geometry": {"type": "Point", "coordinates": [2.24957, 48.769279]}, "properties": {"numparc": 5825, "etat de la localisation": "autre", "ID BDGEO": "5227", "horodatage": "2023-05-11 09:35:12", "distance (en metres)": 78.63, "station": "LA FERME DE MALABRY", "marker-color": "#818181"}}, {"type": "Feature", "geometry": {"type": "Point", "coordinates": [2.251298, 48.768547]}, "properties": {"numparc": 5829, "etat de la localisation": "autre", "ID BDGEO": "5331", "horodatage": "2023-05-11 09:35:15", "distance (en metres)": 41.64, "station": "CYRANO DE BERGERAC", "marker-color": "#818181"}}, {"type": "Feature", "geometry": {"type": "Point", "coordinates": [2.278553, 48.763065]}, "properties": {"numparc": 5824, "etat de la localisation": "autre", "ID BDGEO": "5349", "horodatage": "2023-05-11 09:35:34", "distance (en metres)": 59.83, "station": "LA BRIAUDE", "marker-color": "#818181"}}, {"type": "Feature", "geometry": {"type": "Point", "coordinates": [2.280457, 48.762703]}, "properties": {"numparc": 5826, "etat de la localisation": "autre", "ID BDGEO": "5311", "horodatage": "2023-05-11 09:36:08", "distance (en metres)": 256.79, "station": "CARREFOUR DU 19 MARS 1962", "marker-color": "#818181"}}, {"type": "Feature", "geometry": {"type": "Point", "coordinates": [2.251134, 48.768387]}, "properties": {"numparc": 5825, "etat de la localisation": "autre", "ID BDGEO": "5332", "horodatage": "2023-05-11 09:36:22", "distance (en metres)": 48.89, "station": "CYRANO DE BERGERAC", "marker-color": "#818181"}}, {"type": "Feature", "geometry": {"type": "Point", "coordinates": [2.272594, 48.763943]}, "properties": {"numparc": 5824, "etat de la localisation": "autre", "ID BDGEO": "5346", "horodatage": "2023-05-11 09:36:43", "distance (en metres)": 82.86, "station": "PRESIDENT ALLENDE", "marker-color": "#818181"}}, {"type": "Feature", "geometry": {"type": "Point", "coordinates": [2.282417, 48.762493]}, "properties": {"numparc": 5826, "etat de la localisation": "autre", "ID BDGEO": "5311", "horodatage": "2023-05-11 09:36:46", "distance (en metres)": 111.27, "station": "CARREFOUR DU 19 MARS 1962", "marker-color": "#818181"}}, {"type": "Feature", "geometry": {"type": "Point", "coordinates": [2.272519, 48.763947]}, "properties": {"numparc": 5824, "etat de la localisation": "autre", "ID BDGEO": "5346", "horodatage": "2023-05-11 09:37:11", "distance (en metres)": 77.36, "station": "PRESIDENT ALLENDE", "marker-color": "#818181"}}, {"type": "Feature", "geometry": {"type": "Point", "coordinates": [2.254582, 48.766392]}, "properties": {"numparc": 5825, "etat de la localisation": "autre", "ID BDGEO": "5335", "horodatage": "2023-05-11 09:37:20", "distance (en metres)": 64.2, "station": "FRANCIS DE PRESSENSE", "marker-color": "#818181"}}, {"type": "Feature", "geometry": {"type": "Point", "coordinates": [2.290616, 48.761353]}, "properties": {"numparc": 5826, "etat de la localisation": "autre", "ID BDGEO": "5309", "horodatage": "2023-05-11 09:38:06", "distance (en metres)": 62.19, "station": "CARREFOUR DE L'EUROPE", "marker-color": "#818181"}}, {"type": "Feature", "geometry": {"type": "Point", "coordinates": [2.300413, 48.761787]}, "properties": {"numparc": 5826, "etat de la localisation": "autre", "ID BDGEO": "5306", "horodatage": "2023-05-11 09:39:37", "distance (en metres)": 43.79, "station": "SCEAUX-SOUS PREFECTURE", "marker-color": "#818181"}}, {"type": "Feature", "geometry": {"type": "Point", "coordinates": [2.303806, 48.762627]}, "properties": {"numparc": 5826, "etat de la localisation": "autre", "ID BDGEO": "6996", "horodatage": "2023-05-11 09:41:10", "distance (en metres)": 163.66, "station": "CROIX DE BERNY-RER", "marker-color": "#818181"}}, {"type": "Feature", "geometry": {"type": "Point", "coordinates": [2.304178, 48.762707]}, "properties": {"numparc": 5826, "etat de la localisation": "autre", "ID BDGEO": "6996", "horodatage": "2023-05-11 09:41:45", "distance (en metres)": 192.32, "station": "CROIX DE BERNY-RER", "marker-color": "#818181"}}, {"type": "Feature", "geometry": {"type": "Point", "coordinates": [2.25141, 48.76849]}, "properties": {"numparc": 5824, "etat de la localisation": "autre", "ID BDGEO": "5331", "horodatage": "2023-05-11 09:42:00", "distance (en metres)": 51.78, "station": "CYRANO DE BERGERAC", "marker-color": "#818181"}}, {"type": "Feature", "geometry": {"type": "Point", "coordinates": [2.272274, 48.763783]}, "properties": {"numparc": 5825, "etat de la localisation": "autre", "ID BDGEO": "5348", "horodatage": "2023-05-11 09:43:13", "distance (en metres)": 161.38, "station": "LES VALLEES", "marker-color": "#818181"}}, {"type": "Feature", "geometry": {"type": "Point", "coordinates": [2.280384, 48.762707]}, "properties": {"numparc": 5825, "etat de la localisation": "autre", "ID BDGEO": "5311", "horodatage": "2023-05-11 09:45:28", "distance (en metres)": 262.13, "station": "CARREFOUR DU 19 MARS 1962", "marker-color": "#818181"}}, {"type": "Feature", "geometry": {"type": "Point", "coordinates": [2.282289, 48.762474]}, "properties": {"numparc": 5825, "etat de la localisation": "autre", "ID BDGEO": "5311", "horodatage": "2023-05-11 09:46:09", "distance (en metres)": 120.13, "station": "CARREFOUR DU 19 MARS 1962", "marker-color": "#818181"}}, {"type": "Feature", "geometry": {"type": "Point", "coordinates": [2.249614, 48.769321]}, "properties": {"numparc": 5832, "etat de la localisation": "autre", "ID BDGEO": "5227", "horodatage": "2023-05-11 09:46:32", "distance (en metres)": 77.67, "station": "LA FERME DE MALABRY", "marker-color": "#818181"}}, {"type": "Feature", "geometry": {"type": "Point", "coordinates": [2.251173, 48.768452]}, "properties": {"numparc": 5832, "etat de la localisation": "autre", "ID BDGEO": "5332", "horodatage": "2023-05-11 09:47:09", "distance (en metres)": 45.47, "station": "CYRANO DE BERGERAC", "marker-color": "#818181"}}, {"type": "Feature", "geometry": {"type": "Point", "coordinates": [2.290477, 48.761356]}, "properties": {"numparc": 5825, "etat de la localisation": "autre", "ID BDGEO": "5309", "horodatage": "2023-05-11 09:47:54", "distance (en metres)": 72.32, "station": "CARREFOUR DE L'EUROPE", "marker-color": "#818181"}}, {"type": "Feature", "geometry": {"type": "Point", "coordinates": [2.254723, 48.766376]}, "properties": {"numparc": 5832, "etat de la localisation": "autre", "ID BDGEO": "5335", "horodatage": "2023-05-11 09:48:39", "distance (en metres)": 53.95, "station": "FRANCIS DE PRESSENSE", "marker-color": "#818181"}}, {"type": "Feature", "geometry": {"type": "Point", "coordinates": [2.27855, 48.763062]}, "properties": {"numparc": 5826, "etat de la localisation": "autre", "ID BDGEO": "5349", "horodatage": "2023-05-11 09:49:11", "distance (en metres)": 59.93, "station": "LA BRIAUDE", "marker-color": "#818181"}}, {"type": "Feature", "geometry": {"type": "Point", "coordinates": [2.302629, 48.762341]}, "properties": {"numparc": 5825, "etat de la localisation": "autre", "ID BDGEO": "6996", "horodatage": "2023-05-11 09:50:14", "distance (en metres)": 71.71, "station": "CROIX DE BERNY-RER", "marker-color": "#818181"}}, {"type": "Feature", "geometry": {"type": "Point", "coordinates": [2.272586, 48.763947]}, "properties": {"numparc": 5826, "etat de la localisation": "autre", "ID BDGEO": "5346", "horodatage": "2023-05-11 09:50:15", "distance (en metres)": 82.27, "station": "PRESIDENT ALLENDE", "marker-color": "#818181"}}, {"type": "Feature", "geometry": {"type": "Point", "coordinates": [2.304114, 48.762676]}, "properties": {"numparc": 5835, "etat de la localisation": "autre", "ID BDGEO": "6996", "horodatage": "2023-05-11 09:51:56", "distance (en metres)": 186.75, "station": "CROIX DE BERNY-RER", "marker-color": "#818181"}}, {"type": "Feature", "geometry": {"type": "Point", "coordinates": [2.272396, 48.763771]}, "properties": {"numparc": 5832, "etat de la localisation": "autre", "ID BDGEO": "5348", "horodatage": "2023-05-11 09:53:06", "distance (en metres)": 152.34, "station": "LES VALLEES", "marker-color": "#818181"}}, {"type": "Feature", "geometry": {"type": "Point", "coordinates": [2.280355, 48.762691]}, "properties": {"numparc": 5832, "etat de la localisation": "autre", "ID BDGEO": "5311", "horodatage": "2023-05-11 09:54:28", "distance (en metres)": 263.94, "station": "CARREFOUR DU 19 MARS 1962", "marker-color": "#818181"}}, {"type": "Feature", "geometry": {"type": "Point", "coordinates": [2.282279, 48.762474]}, "properties": {"numparc": 5832, "etat de la localisation": "autre", "ID BDGEO": "5311", "horodatage": "2023-05-11 09:55:09", "distance (en metres)": 120.86, "station": "CARREFOUR DU 19 MARS 1962", "marker-color": "#818181"}}, {"type": "Feature", "geometry": {"type": "Point", "coordinates": [2.249585, 48.769283]}, "properties": {"numparc": 5823, "etat de la localisation": "autre", "ID BDGEO": "5227", "horodatage": "2023-05-11 10:01:15", "distance (en metres)": 79.09, "station": "LA FERME DE MALABRY", "marker-color": "#818181"}}, {"type": "Feature", "geometry": {"type": "Point", "coordinates": [2.278561, 48.763084]}, "properties": {"numparc": 5835, "etat de la localisation": "autre", "ID BDGEO": "5349", "horodatage": "2023-05-11 10:02:15", "distance (en metres)": 59.88, "station": "LA BRIAUDE", "marker-color": "#818181"}}, {"type": "Feature", "geometry": {"type": "Point", "coordinates": [2.251151, 48.76841]}, "properties": {"numparc": 5823, "etat de la localisation": "autre", "ID BDGEO": "5332", "horodatage": "2023-05-11 10:02:23", "distance (en metres)": 47.72, "station": "CYRANO DE BERGERAC", "marker-color": "#818181"}}, {"type": "Feature", "geometry": {"type": "Point", "coordinates": [2.274697, 48.763607]}, "properties": {"numparc": 5835, "etat de la localisation": "autre", "ID BDGEO": "5347", "horodatage": "2023-05-11 10:03:18", "distance (en metres)": 46.6, "station": "LES VALLEES", "marker-color": "#818181"}}, {"type": "Feature", "geometry": {"type": "Point", "coordinates": [2.254449, 48.766495]}, "properties": {"numparc": 5823, "etat de la localisation": "autre", "ID BDGEO": "5335", "horodatage": "2023-05-11 10:03:47", "distance (en metres)": 77.66, "station": "FRANCIS DE PRESSENSE", "marker-color": "#818181"}}, {"type": "Feature", "geometry": {"type": "Point", "coordinates": [2.272601, 48.763969]}, "properties": {"numparc": 5835, "etat de la localisation": "autre", "ID BDGEO": "5346", "horodatage": "2023-05-11 10:03:58", "distance (en metres)": 83.3, "station": "PRESIDENT ALLENDE", "marker-color": "#818181"}}, {"type": "Feature", "geometry": {"type": "Point", "coordinates": [2.30412, 48.762691]}, "properties": {"numparc": 5825, "etat de la localisation": "autre", "ID BDGEO": "6996", "horodatage": "2023-05-11 10:05:06", "distance (en metres)": 187.74, "station": "CROIX DE BERNY-RER", "marker-color": "#818181"}}, {"type": "Feature", "geometry": {"type": "Point", "coordinates": [2.302607, 48.762318]}, "properties": {"numparc": 5832, "etat de la localisation": "autre", "ID BDGEO": "6996", "horodatage": "2023-05-11 10:07:08", "distance (en metres)": 69.32, "station": "CROIX DE BERNY-RER", "marker-color": "#818181"}}, {"type": "Feature", "geometry": {"type": "Point", "coordinates": [2.27235, 48.763744]}, "properties": {"numparc": 5823, "etat de la localisation": "autre", "ID BDGEO": "5348", "horodatage": "2023-05-11 10:08:56", "distance (en metres)": 155.32, "station": "LES VALLEES", "marker-color": "#818181"}}, {"type": "Feature", "geometry": {"type": "Point", "coordinates": [2.251164, 48.768368]}, "properties": {"numparc": 5829, "etat de la localisation": "autre", "ID BDGEO": "5332", "horodatage": "2023-05-11 10:09:31", "distance (en metres)": 51.92, "station": "CYRANO DE BERGERAC", "marker-color": "#818181"}}, {"type": "Feature", "geometry": {"type": "Point", "coordinates": [2.25474, 48.766289]}, "properties": {"numparc": 5829, "etat de la localisation": "autre", "ID BDGEO": "5335", "horodatage": "2023-05-11 10:10:23", "distance (en metres)": 49.84, "station": "FRANCIS DE PRESSENSE", "marker-color": "#818181"}}, {"type": "Feature", "geometry": {"type": "Point", "coordinates": [2.280328, 48.762653]}, "properties": {"numparc": 5823, "etat de la localisation": "autre", "ID BDGEO": "5311", "horodatage": "2023-05-11 10:10:32", "distance (en metres)": 265.23, "station": "CARREFOUR DU 19 MARS 1962", "marker-color": "#818181"}}, {"type": "Feature", "geometry": {"type": "Point", "coordinates": [2.28235, 48.762402]}, "properties": {"numparc": 5823, "etat de la localisation": "autre", "ID BDGEO": "5311", "horodatage": "2023-05-11 10:11:12", "distance (en metres)": 114.64, "station": "CARREFOUR DU 19 MARS 1962", "marker-color": "#818181"}}, {"type": "Feature", "geometry": {"type": "Point", "coordinates": [2.304117, 48.762684]}, "properties": {"numparc": 5832, "etat de la localisation": "autre", "ID BDGEO": "6996", "horodatage": "2023-05-11 10:11:31", "distance (en metres)": 187.24, "station": "CROIX DE BERNY-RER", "marker-color": "#818181"}}, {"type": "Feature", "geometry": {"type": "Point", "coordinates": [2.290517, 48.761299]}, "properties": {"numparc": 5823, "etat de la localisation": "autre", "ID BDGEO": "5309", "horodatage": "2023-05-11 10:13:01", "distance (en metres)": 68.72, "station": "CARREFOUR DE L'EUROPE", "marker-color": "#818181"}}, {"type": "Feature", "geometry": {"type": "Point", "coordinates": [2.278573, 48.763054]}, "properties": {"numparc": 5825, "etat de la localisation": "autre", "ID BDGEO": "5349", "horodatage": "2023-05-11 10:13:19", "distance (en metres)": 58.07, "station": "LA BRIAUDE", "marker-color": "#818181"}}, {"type": "Feature", "geometry": {"type": "Point", "coordinates": [2.27474, 48.76358]}, "properties": {"numparc": 5825, "etat de la localisation": "autre", "ID BDGEO": "5347", "horodatage": "2023-05-11 10:14:05", "distance (en metres)": 42.7, "station": "LES VALLEES", "marker-color": "#818181"}}, {"type": "Feature", "geometry": {"type": "Point", "coordinates": [2.272391, 48.76371]}, "properties": {"numparc": 5829, "etat de la localisation": "autre", "ID BDGEO": "5348", "horodatage": "2023-05-11 10:14:45", "distance (en metres)": 151.96, "station": "LES VALLEES", "marker-color": "#818181"}}, {"type": "Feature", "geometry": {"type": "Point", "coordinates": [2.272609, 48.763939]}, "properties": {"numparc": 5825, "etat de la localisation": "autre", "ID BDGEO": "5346", "horodatage": "2023-05-11 10:15:01", "distance (en metres)": 83.98, "station": "PRESIDENT ALLENDE", "marker-color": "#818181"}}, {"type": "Feature", "geometry": {"type": "Point", "coordinates": [2.303977, 48.762627]}, "properties": {"numparc": 5823, "etat de la localisation": "autre", "ID BDGEO": "6996", "horodatage": "2023-05-11 10:15:22", "distance (en metres)": 175.44, "station": "CROIX DE BERNY-RER", "marker-color": "#818181"}}, {"type": "Feature", "geometry": {"type": "Point", "coordinates": [2.280402, 48.76263]}, "properties": {"numparc": 5829, "etat de la localisation": "autre", "ID BDGEO": "5311", "horodatage": "2023-05-11 10:16:33", "distance (en metres)": 259.5, "station": "CARREFOUR DU 19 MARS 1962", "marker-color": "#818181"}}, {"type": "Feature", "geometry": {"type": "Point", "coordinates": [2.304159, 48.762669]}, "properties": {"numparc": 5823, "etat de la localisation": "autre", "ID BDGEO": "6996", "horodatage": "2023-05-11 10:17:14", "distance (en metres)": 189.57, "station": "CROIX DE BERNY-RER", "marker-color": "#818181"}}, {"type": "Feature", "geometry": {"type": "Point", "coordinates": [2.290297, 48.761307]}, "properties": {"numparc": 5829, "etat de la localisation": "autre", "ID BDGEO": "5309", "horodatage": "2023-05-11 10:18:08", "distance (en metres)": 84.88, "station": "CARREFOUR DE L'EUROPE", "marker-color": "#818181"}}, {"type": "Feature", "geometry": {"type": "Point", "coordinates": [2.249547, 48.769272]}, "properties": {"numparc": 5824, "etat de la localisation": "autre", "ID BDGEO": "5227", "horodatage": "2023-05-11 10:18:59", "distance (en metres)": 78.11, "station": "LA FERME DE MALABRY", "marker-color": "#818181"}}, {"type": "Feature", "geometry": {"type": "Point", "coordinates": [2.251127, 48.768375]}, "properties": {"numparc": 5824, "etat de la localisation": "autre", "ID BDGEO": "5332", "horodatage": "2023-05-11 10:20:08", "distance (en metres)": 49.59, "station": "CYRANO DE BERGERAC", "marker-color": "#818181"}}, {"type": "Feature", "geometry": {"type": "Point", "coordinates": [2.302654, 48.76231]}, "properties": {"numparc": 5829, "etat de la localisation": "autre", "ID BDGEO": "6996", "horodatage": "2023-05-11 10:20:27", "distance (en metres)": 72.3, "station": "CROIX DE BERNY-RER", "marker-color": "#818181"}}, {"type": "Feature", "geometry": {"type": "Point", "coordinates": [2.251297, 48.768578]}, "properties": {"numparc": 5825, "etat de la localisation": "autre", "ID BDGEO": "5331", "horodatage": "2023-05-11 10:20:43", "distance (en metres)": 40.34, "station": "CYRANO DE BERGERAC", "marker-color": "#818181"}}, {"type": "Feature", "geometry": {"type": "Point", "coordinates": [2.254689, 48.766319]}, "properties": {"numparc": 5824, "etat de la localisation": "autre", "ID BDGEO": "5335", "horodatage": "2023-05-11 10:21:43", "distance (en metres)": 54.28, "station": "FRANCIS DE PRESSENSE", "marker-color": "#818181"}}, {"type": "Feature", "geometry": {"type": "Point", "coordinates": [2.278599, 48.763077]}, "properties": {"numparc": 5832, "etat de la localisation": "autre", "ID BDGEO": "5349", "horodatage": "2023-05-11 10:22:14", "distance (en metres)": 56.98, "station": "LA BRIAUDE", "marker-color": "#818181"}}, {"type": "Feature", "geometry": {"type": "Point", "coordinates": [2.274732, 48.763607]}, "properties": {"numparc": 5832, "etat de la localisation": "autre", "ID BDGEO": "5347", "horodatage": "2023-05-11 10:23:11", "distance (en metres)": 44.17, "station": "LES VALLEES", "marker-color": "#818181"}}, {"type": "Feature", "geometry": {"type": "Point", "coordinates": [2.272662, 48.763958]}, "properties": {"numparc": 5832, "etat de la localisation": "autre", "ID BDGEO": "5346", "horodatage": "2023-05-11 10:23:49", "distance (en metres)": 87.78, "station": "PRESIDENT ALLENDE", "marker-color": "#818181"}}, {"type": "Feature", "geometry": {"type": "Point", "coordinates": [2.302654, 48.76231]}, "properties": {"numparc": 5829, "etat de la localisation": "autre", "ID BDGEO": "6996", "horodatage": "2023-05-11 10:23:53", "distance (en metres)": 72.3, "station": "CROIX DE BERNY-RER", "marker-color": "#818181"}}, {"type": "Feature", "geometry": {"type": "Point", "coordinates": [2.272291, 48.763744]}, "properties": {"numparc": 5824, "etat de la localisation": "autre", "ID BDGEO": "5348", "horodatage": "2023-05-11 10:27:09", "distance (en metres)": 159.63, "station": "LES VALLEES", "marker-color": "#818181"}}, {"type": "Feature", "geometry": {"type": "Point", "coordinates": [2.280308, 48.762638]}, "properties": {"numparc": 5824, "etat de la localisation": "autre", "ID BDGEO": "5311", "horodatage": "2023-05-11 10:29:09", "distance (en metres)": 266.43, "station": "CARREFOUR DU 19 MARS 1962", "marker-color": "#818181"}}, {"type": "Feature", "geometry": {"type": "Point", "coordinates": [2.278589, 48.763046]}, "properties": {"numparc": 5823, "etat de la localisation": "autre", "ID BDGEO": "5349", "horodatage": "2023-05-11 10:29:22", "distance (en metres)": 56.72, "station": "LA BRIAUDE", "marker-color": "#818181"}}, {"type": "Feature", "geometry": {"type": "Point", "coordinates": [2.282309, 48.762402]}, "properties": {"numparc": 5824, "etat de la localisation": "autre", "ID BDGEO": "5311", "horodatage": "2023-05-11 10:29:51", "distance (en metres)": 117.63, "station": "CARREFOUR DU 19 MARS 1962", "marker-color": "#818181"}}, {"type": "Feature", "geometry": {"type": "Point", "coordinates": [2.274719, 48.763584]}, "properties": {"numparc": 5823, "etat de la localisation": "autre", "ID BDGEO": "5347", "horodatage": "2023-05-11 10:30:07", "distance (en metres)": 44.3, "station": "LES VALLEES", "marker-color": "#818181"}}, {"type": "Feature", "geometry": {"type": "Point", "coordinates": [2.272632, 48.76395]}, "properties": {"numparc": 5823, "etat de la localisation": "autre", "ID BDGEO": "5346", "horodatage": "2023-05-11 10:30:48", "distance (en metres)": 85.6, "station": "PRESIDENT ALLENDE", "marker-color": "#818181"}}, {"type": "Feature", "geometry": {"type": "Point", "coordinates": [2.251203, 48.768433]}, "properties": {"numparc": 5826, "etat de la localisation": "autre", "ID BDGEO": "5332", "horodatage": "2023-05-11 10:30:52", "distance (en metres)": 48.53, "station": "CYRANO DE BERGERAC", "marker-color": "#818181"}}, {"type": "Feature", "geometry": {"type": "Point", "coordinates": [2.254763, 48.766354]}, "properties": {"numparc": 5826, "etat de la localisation": "autre", "ID BDGEO": "5335", "horodatage": "2023-05-11 10:32:15", "distance (en metres)": 50.3, "station": "FRANCIS DE PRESSENSE", "marker-color": "#818181"}}, {"type": "Feature", "geometry": {"type": "Point", "coordinates": [2.29045, 48.761299]}, "properties": {"numparc": 5824, "etat de la localisation": "autre", "ID BDGEO": "5309", "horodatage": "2023-05-11 10:32:19", "distance (en metres)": 73.62, "station": "CARREFOUR DE L'EUROPE", "marker-color": "#818181"}}, {"type": "Feature", "geometry": {"type": "Point", "coordinates": [2.304155, 48.762669]}, "properties": {"numparc": 5829, "etat de la localisation": "autre", "ID BDGEO": "6996", "horodatage": "2023-05-11 10:33:51", "distance (en metres)": 189.3, "station": "CROIX DE BERNY-RER", "marker-color": "#818181"}}, {"type": "Feature", "geometry": {"type": "Point", "coordinates": [2.304286, 48.762707]}, "properties": {"numparc": 5829, "etat de la localisation": "autre", "ID BDGEO": "6996", "horodatage": "2023-05-11 10:34:47", "distance (en metres)": 199.76, "station": "CROIX DE BERNY-RER", "marker-color": "#818181"}}, {"type": "Feature", "geometry": {"type": "Point", "coordinates": [2.303838, 48.762585]}, "properties": {"numparc": 5824, "etat de la localisation": "autre", "ID BDGEO": "6996", "horodatage": "2023-05-11 10:35:04", "distance (en metres)": 164.29, "station": "CROIX DE BERNY-RER", "marker-color": "#818181"}}, {"type": "Feature", "geometry": {"type": "Point", "coordinates": [2.30401, 48.76263]}, "properties": {"numparc": 5824, "etat de la localisation": "autre", "ID BDGEO": "6996", "horodatage": "2023-05-11 10:35:35", "distance (en metres)": 177.86, "station": "CROIX DE BERNY-RER", "marker-color": "#818181"}}, {"type": "Feature", "geometry": {"type": "Point", "coordinates": [2.272618, 48.763725]}, "properties": {"numparc": 5826, "etat de la localisation": "autre", "ID BDGEO": "5348", "horodatage": "2023-05-11 10:36:28", "distance (en metres)": 135.57, "station": "LES VALLEES", "marker-color": "#818181"}}, {"type": "Feature", "geometry": {"type": "Point", "coordinates": [2.251318, 48.76857]}, "properties": {"numparc": 5823, "etat de la localisation": "autre", "ID BDGEO": "5331", "horodatage": "2023-05-11 10:36:44", "distance (en metres)": 42.07, "station": "CYRANO DE BERGERAC", "marker-color": "#818181"}}, {"type": "Feature", "geometry": {"type": "Point", "coordinates": [2.280382, 48.762669]}, "properties": {"numparc": 5826, "etat de la localisation": "autre", "ID BDGEO": "5311", "horodatage": "2023-05-11 10:38:06", "distance (en metres)": 261.58, "station": "CARREFOUR DU 19 MARS 1962", "marker-color": "#818181"}}, {"type": "Feature", "geometry": {"type": "Point", "coordinates": [2.282385, 48.762428]}, "properties": {"numparc": 5826, "etat de la localisation": "autre", "ID BDGEO": "5311", "horodatage": "2023-05-11 10:38:42", "distance (en metres)": 112.43, "station": "CARREFOUR DU 19 MARS 1962", "marker-color": "#818181"}}, {"type": "Feature", "geometry": {"type": "Point", "coordinates": [2.290546, 48.761288]}, "properties": {"numparc": 5826, "etat de la localisation": "autre", "ID BDGEO": "5309", "horodatage": "2023-05-11 10:40:26", "distance (en metres)": 66.54, "station": "CARREFOUR DE L'EUROPE", "marker-color": "#818181"}}, {"type": "Feature", "geometry": {"type": "Point", "coordinates": [2.249555, 48.769302]}, "properties": {"numparc": 5835, "etat de la localisation": "autre", "ID BDGEO": "5227", "horodatage": "2023-05-11 10:41:16", "distance (en metres)": 76.04, "station": "LA FERME DE MALABRY", "marker-color": "#818181"}}, {"type": "Feature", "geometry": {"type": "Point", "coordinates": [2.274702, 48.763588]}, "properties": {"numparc": 5829, "etat de la localisation": "autre", "ID BDGEO": "5347", "horodatage": "2023-05-11 10:41:53", "distance (en metres)": 45.6, "station": "LES VALLEES", "marker-color": "#818181"}}, {"type": "Feature", "geometry": {"type": "Point", "coordinates": [2.272636, 48.763943]}, "properties": {"numparc": 5829, "etat de la localisation": "autre", "ID BDGEO": "5346", "horodatage": "2023-05-11 10:42:28", "distance (en metres)": 85.93, "station": "PRESIDENT ALLENDE", "marker-color": "#818181"}}, {"type": "Feature", "geometry": {"type": "Point", "coordinates": [2.251155, 48.768414]}, "properties": {"numparc": 5835, "etat de la localisation": "autre", "ID BDGEO": "5332", "horodatage": "2023-05-11 10:42:40", "distance (en metres)": 47.59, "station": "CYRANO DE BERGERAC", "marker-color": "#818181"}}, {"type": "Feature", "geometry": {"type": "Point", "coordinates": [2.300394, 48.76173]}, "properties": {"numparc": 5826, "etat de la localisation": "autre", "ID BDGEO": "5306", "horodatage": "2023-05-11 10:42:50", "distance (en metres)": 47.08, "station": "SCEAUX-SOUS PREFECTURE", "marker-color": "#818181"}}, {"type": "Feature", "geometry": {"type": "Point", "coordinates": [2.303877, 48.762615]}, "properties": {"numparc": 5826, "etat de la localisation": "autre", "ID BDGEO": "6996", "horodatage": "2023-05-11 10:44:07", "distance (en metres)": 168.11, "station": "CROIX DE BERNY-RER", "marker-color": "#818181"}}, {"type": "Feature", "geometry": {"type": "Point", "coordinates": [2.303877, 48.762615]}, "properties": {"numparc": 5826, "etat de la localisation": "autre", "ID BDGEO": "6996", "horodatage": "2023-05-11 10:44:16", "distance (en metres)": 168.11, "station": "CROIX DE BERNY-RER", "marker-color": "#818181"}}, {"type": "Feature", "geometry": {"type": "Point", "coordinates": [2.254723, 48.766354]}, "properties": {"numparc": 5835, "etat de la localisation": "autre", "ID BDGEO": "5335", "horodatage": "2023-05-11 10:44:18", "distance (en metres)": 53.04, "station": "FRANCIS DE PRESSENSE", "marker-color": "#818181"}}, {"type": "Feature", "geometry": {"type": "Point", "coordinates": [2.30408, 48.762669]}, "properties": {"numparc": 5826, "etat de la localisation": "autre", "ID BDGEO": "6996", "horodatage": "2023-05-11 10:45:27", "distance (en metres)": 184.11, "station": "CROIX DE BERNY-RER", "marker-color": "#818181"}}, {"type": "Feature", "geometry": {"type": "Point", "coordinates": [2.25136, 48.768551]}, "properties": {"numparc": 5829, "etat de la localisation": "autre", "ID BDGEO": "5331", "horodatage": "2023-05-11 10:47:33", "distance (en metres)": 45.69, "station": "CYRANO DE BERGERAC", "marker-color": "#818181"}}, {"type": "Feature", "geometry": {"type": "Point", "coordinates": [2.249751, 48.769485]}, "properties": {"numparc": 5829, "etat de la localisation": "autre", "ID BDGEO": "5228", "horodatage": "2023-05-11 10:48:39", "distance (en metres)": 40.08, "station": "LA FERME DE MALABRY", "marker-color": "#818181"}}, {"type": "Feature", "geometry": {"type": "Point", "coordinates": [2.272596, 48.763729]}, "properties": {"numparc": 5835, "etat de la localisation": "autre", "ID BDGEO": "5348", "horodatage": "2023-05-11 10:48:53", "distance (en metres)": 137.23, "station": "LES VALLEES", "marker-color": "#818181"}}, {"type": "Feature", "geometry": {"type": "Point", "coordinates": [2.251162, 48.768402]}, "properties": {"numparc": 5825, "etat de la localisation": "autre", "ID BDGEO": "5332", "horodatage": "2023-05-11 10:49:47", "distance (en metres)": 48.89, "station": "CYRANO DE BERGERAC", "marker-color": "#818181"}}, {"type": "Feature", "geometry": {"type": "Point", "coordinates": [2.278617, 48.763027]}, "properties": {"numparc": 5824, "etat de la localisation": "autre", "ID BDGEO": "5349", "horodatage": "2023-05-11 10:50:18", "distance (en metres)": 54.23, "station": "LA BRIAUDE", "marker-color": "#818181"}}, {"type": "Feature", "geometry": {"type": "Point", "coordinates": [2.280393, 48.762661]}, "properties": {"numparc": 5835, "etat de la localisation": "autre", "ID BDGEO": "5311", "horodatage": "2023-05-11 10:50:23", "distance (en metres)": 260.65, "station": "CARREFOUR DU 19 MARS 1962", "marker-color": "#818181"}}, {"type": "Feature", "geometry": {"type": "Point", "coordinates": [2.254716, 48.766331]}, "properties": {"numparc": 5825, "etat de la localisation": "autre", "ID BDGEO": "5335", "horodatage": "2023-05-11 10:50:51", "distance (en metres)": 52.73, "station": "FRANCIS DE PRESSENSE", "marker-color": "#818181"}}, {"type": "Feature", "geometry": {"type": "Point", "coordinates": [2.282355, 48.762436]}, "properties": {"numparc": 5835, "etat de la localisation": "autre", "ID BDGEO": "5311", "horodatage": "2023-05-11 10:51:02", "distance (en metres)": 114.72, "station": "CARREFOUR DU 19 MARS 1962", "marker-color": "#818181"}}, {"type": "Feature", "geometry": {"type": "Point", "coordinates": [2.272695, 48.763908]}, "properties": {"numparc": 5824, "etat de la localisation": "autre", "ID BDGEO": "5346", "horodatage": "2023-05-11 10:51:50", "distance (en metres)": 90.49, "station": "PRESIDENT ALLENDE", "marker-color": "#818181"}}, {"type": "Feature", "geometry": {"type": "Point", "coordinates": [2.290533, 48.761314]}, "properties": {"numparc": 5835, "etat de la localisation": "autre", "ID BDGEO": "5309", "horodatage": "2023-05-11 10:52:34", "distance (en metres)": 67.68, "station": "CARREFOUR DE L'EUROPE", "marker-color": "#818181"}}, {"type": "Feature", "geometry": {"type": "Point", "coordinates": [2.272584, 48.763676]}, "properties": {"numparc": 5825, "etat de la localisation": "autre", "ID BDGEO": "5348", "horodatage": "2023-05-11 10:55:04", "distance (en metres)": 137.56, "station": "LES VALLEES", "marker-color": "#818181"}}, {"type": "Feature", "geometry": {"type": "Point", "coordinates": [2.302633, 48.76231]}, "properties": {"numparc": 5835, "etat de la localisation": "autre", "ID BDGEO": "6996", "horodatage": "2023-05-11 10:55:25", "distance (en metres)": 70.84, "station": "CROIX DE BERNY-RER", "marker-color": "#818181"}}, {"type": "Feature", "geometry": {"type": "Point", "coordinates": [2.280374, 48.762604]}, "properties": {"numparc": 5825, "etat de la localisation": "autre", "ID BDGEO": "5311", "horodatage": "2023-05-11 10:56:18", "distance (en metres)": 261.12, "station": "CARREFOUR DU 19 MARS 1962", "marker-color": "#818181"}}, {"type": "Feature", "geometry": {"type": "Point", "coordinates": [2.282286, 48.762379]}, "properties": {"numparc": 5825, "etat de la localisation": "autre", "ID BDGEO": "5311", "horodatage": "2023-05-11 10:57:07", "distance (en metres)": 119.1, "station": "CARREFOUR DU 19 MARS 1962", "marker-color": "#818181"}}, {"type": "Feature", "geometry": {"type": "Point", "coordinates": [2.304087, 48.762669]}, "properties": {"numparc": 5835, "etat de la localisation": "autre", "ID BDGEO": "6996", "horodatage": "2023-05-11 10:58:40", "distance (en metres)": 184.59, "station": "CROIX DE BERNY-RER", "marker-color": "#818181"}}, {"type": "Feature", "geometry": {"type": "Point", "coordinates": [2.251479, 48.76849]}, "properties": {"numparc": 5824, "etat de la localisation": "autre", "ID BDGEO": "5331", "horodatage": "2023-05-11 10:58:58", "distance (en metres)": 56.35, "station": "CYRANO DE BERGERAC", "marker-color": "#818181"}}, {"type": "Feature", "geometry": {"type": "Point", "coordinates": [2.290475, 48.761242]}, "properties": {"numparc": 5825, "etat de la localisation": "autre", "ID BDGEO": "5309", "horodatage": "2023-05-11 10:59:05", "distance (en metres)": 71.7, "station": "CARREFOUR DE L'EUROPE", "marker-color": "#818181"}}, {"type": "Feature", "geometry": {"type": "Point", "coordinates": [2.278567, 48.763096]}, "properties": {"numparc": 5826, "etat de la localisation": "autre", "ID BDGEO": "5349", "horodatage": "2023-05-11 10:59:46", "distance (en metres)": 59.87, "station": "LA BRIAUDE", "marker-color": "#818181"}}, {"type": "Feature", "geometry": {"type": "Point", "coordinates": [2.274708, 48.763626]}, "properties": {"numparc": 5826, "etat de la localisation": "autre", "ID BDGEO": "5347", "horodatage": "2023-05-11 11:00:43", "distance (en metres)": 46.57, "station": "LES VALLEES", "marker-color": "#818181"}}, {"type": "Feature", "geometry": {"type": "Point", "coordinates": [2.30264, 48.762283]}, "properties": {"numparc": 5825, "etat de la localisation": "autre", "ID BDGEO": "6996", "horodatage": "2023-05-11 11:01:23", "distance (en metres)": 70.44, "station": "CROIX DE BERNY-RER", "marker-color": "#818181"}}, {"type": "Feature", "geometry": {"type": "Point", "coordinates": [2.27261, 48.763973]}, "properties": {"numparc": 5826, "etat de la localisation": "autre", "ID BDGEO": "5346", "horodatage": "2023-05-11 11:01:35", "distance (en metres)": 83.96, "station": "PRESIDENT ALLENDE", "marker-color": "#818181"}}, {"type": "Feature", "geometry": {"type": "Point", "coordinates": [2.2512, 48.768448]}, "properties": {"numparc": 5832, "etat de la localisation": "autre", "ID BDGEO": "5332", "horodatage": "2023-05-11 11:01:57", "distance (en metres)": 47.2, "station": "CYRANO DE BERGERAC", "marker-color": "#818181"}}, {"type": "Feature", "geometry": {"type": "Point", "coordinates": [2.272247, 48.763744]}, "properties": {"numparc": 5832, "etat de la localisation": "autre", "ID BDGEO": "5348", "horodatage": "2023-05-11 11:07:33", "distance (en metres)": 162.83, "station": "LES VALLEES", "marker-color": "#818181"}}, {"type": "Feature", "geometry": {"type": "Point", "coordinates": [2.282257, 48.762409]}, "properties": {"numparc": 5832, "etat de la localisation": "autre", "ID BDGEO": "5311", "horodatage": "2023-05-11 11:09:44", "distance (en metres)": 121.51, "station": "CARREFOUR DU 19 MARS 1962", "marker-color": "#818181"}}, {"type": "Feature", "geometry": {"type": "Point", "coordinates": [2.290483, 48.761272]}, "properties": {"numparc": 5832, "etat de la localisation": "autre", "ID BDGEO": "5309", "horodatage": "2023-05-11 11:11:18", "distance (en metres)": 71.1, "station": "CARREFOUR DE L'EUROPE", "marker-color": "#818181"}}, {"type": "Feature", "geometry": {"type": "Point", "coordinates": [2.30264, 48.762283]}, "properties": {"numparc": 5825, "etat de la localisation": "autre", "ID BDGEO": "6996", "horodatage": "2023-05-11 11:11:32", "distance (en metres)": 70.44, "station": "CROIX DE BERNY-RER", "marker-color": "#818181"}}, {"type": "Feature", "geometry": {"type": "Point", "coordinates": [2.278576, 48.763088]}, "properties": {"numparc": 5835, "etat de la localisation": "autre", "ID BDGEO": "5349", "horodatage": "2023-05-11 11:12:38", "distance (en metres)": 58.98, "station": "LA BRIAUDE", "marker-color": "#818181"}}, {"type": "Feature", "geometry": {"type": "Point", "coordinates": [2.300385, 48.76173]}, "properties": {"numparc": 5832, "etat de la localisation": "autre", "ID BDGEO": "5306", "horodatage": "2023-05-11 11:12:48", "distance (en metres)": 46.63, "station": "SCEAUX-SOUS PREFECTURE", "marker-color": "#818181"}}, {"type": "Feature", "geometry": {"type": "Point", "coordinates": [2.274732, 48.763611]}, "properties": {"numparc": 5835, "etat de la localisation": "autre", "ID BDGEO": "5347", "horodatage": "2023-05-11 11:13:31", "distance (en metres)": 44.32, "station": "LES VALLEES", "marker-color": "#818181"}}, {"type": "Feature", "geometry": {"type": "Point", "coordinates": [2.249605, 48.769287]}, "properties": {"numparc": 5823, "etat de la localisation": "autre", "ID BDGEO": "5227", "horodatage": "2023-05-11 11:13:34", "distance (en metres)": 79.82, "station": "LA FERME DE MALABRY", "marker-color": "#818181"}}, {"type": "Feature", "geometry": {"type": "Point", "coordinates": [2.302403, 48.762241]}, "properties": {"numparc": 5832, "etat de la localisation": "autre", "ID BDGEO": "6996", "horodatage": "2023-05-11 11:13:34", "distance (en metres)": 52.46, "station": "CROIX DE BERNY-RER", "marker-color": "#818181"}}, {"type": "Feature", "geometry": {"type": "Point", "coordinates": [2.272609, 48.763966]}, "properties": {"numparc": 5835, "etat de la localisation": "autre", "ID BDGEO": "5346", "horodatage": "2023-05-11 11:14:06", "distance (en metres)": 83.9, "station": "PRESIDENT ALLENDE", "marker-color": "#818181"}}, {"type": "Feature", "geometry": {"type": "Point", "coordinates": [2.25117, 48.768421]}, "properties": {"numparc": 5823, "etat de la localisation": "autre", "ID BDGEO": "5332", "horodatage": "2023-05-11 11:14:38", "distance (en metres)": 47.71, "station": "CYRANO DE BERGERAC", "marker-color": "#818181"}}, {"type": "Feature", "geometry": {"type": "Point", "coordinates": [2.254733, 48.766346]}, "properties": {"numparc": 5823, "etat de la localisation": "autre", "ID BDGEO": "5335", "horodatage": "2023-05-11 11:15:49", "distance (en metres)": 52.06, "station": "FRANCIS DE PRESSENSE", "marker-color": "#818181"}}, {"type": "Feature", "geometry": {"type": "Point", "coordinates": [2.304128, 48.762657]}, "properties": {"numparc": 5825, "etat de la localisation": "autre", "ID BDGEO": "6996", "horodatage": "2023-05-11 11:17:29", "distance (en metres)": 187.0, "station": "CROIX DE BERNY-RER", "marker-color": "#818181"}}, {"type": "Feature", "geometry": {"type": "Point", "coordinates": [2.304128, 48.762657]}, "properties": {"numparc": 5825, "etat de la localisation": "autre", "ID BDGEO": "6996", "horodatage": "2023-05-11 11:18:33", "distance (en metres)": 187.0, "station": "CROIX DE BERNY-RER", "marker-color": "#818181"}}, {"type": "Feature", "geometry": {"type": "Point", "coordinates": [2.251456, 48.768478]}, "properties": {"numparc": 5835, "etat de la localisation": "autre", "ID BDGEO": "5331", "horodatage": "2023-05-11 11:18:59", "distance (en metres)": 55.37, "station": "CYRANO DE BERGERAC", "marker-color": "#818181"}}, {"type": "Feature", "geometry": {"type": "Point", "coordinates": [2.272373, 48.763741]}, "properties": {"numparc": 5823, "etat de la localisation": "autre", "ID BDGEO": "5348", "horodatage": "2023-05-11 11:20:01", "distance (en metres)": 153.61, "station": "LES VALLEES", "marker-color": "#818181"}}, {"type": "Feature", "geometry": {"type": "Point", "coordinates": [2.2803, 48.762669]}, "properties": {"numparc": 5823, "etat de la localisation": "autre", "ID BDGEO": "5311", "horodatage": "2023-05-11 11:21:41", "distance (en metres)": 267.52, "station": "CARREFOUR DU 19 MARS 1962", "marker-color": "#818181"}}, {"type": "Feature", "geometry": {"type": "Point", "coordinates": [2.28229, 48.762424]}, "properties": {"numparc": 5823, "etat de la localisation": "autre", "ID BDGEO": "5311", "horodatage": "2023-05-11 11:22:21", "distance (en metres)": 119.29, "station": "CARREFOUR DU 19 MARS 1962", "marker-color": "#818181"}}, {"type": "Feature", "geometry": {"type": "Point", "coordinates": [2.290457, 48.761307]}, "properties": {"numparc": 5823, "etat de la localisation": "autre", "ID BDGEO": "5309", "horodatage": "2023-05-11 11:23:45", "distance (en metres)": 73.18, "station": "CARREFOUR DE L'EUROPE", "marker-color": "#818181"}}, {"type": "Feature", "geometry": {"type": "Point", "coordinates": [2.278601, 48.763096]}, "properties": {"numparc": 5825, "etat de la localisation": "autre", "ID BDGEO": "5349", "horodatage": "2023-05-11 11:24:44", "distance (en metres)": 57.54, "station": "LA BRIAUDE", "marker-color": "#818181"}}, {"type": "Feature", "geometry": {"type": "Point", "coordinates": [2.249602, 48.769295]}, "properties": {"numparc": 5824, "etat de la localisation": "autre", "ID BDGEO": "5227", "horodatage": "2023-05-11 11:25:07", "distance (en metres)": 79.08, "station": "LA FERME DE MALABRY", "marker-color": "#818181"}}, {"type": "Feature", "geometry": {"type": "Point", "coordinates": [2.304064, 48.762657]}, "properties": {"numparc": 5832, "etat de la localisation": "autre", "ID BDGEO": "6996", "horodatage": "2023-05-11 11:25:40", "distance (en metres)": 182.58, "station": "CROIX DE BERNY-RER", "marker-color": "#818181"}}, {"type": "Feature", "geometry": {"type": "Point", "coordinates": [2.274737, 48.763615]}, "properties": {"numparc": 5825, "etat de la localisation": "autre", "ID BDGEO": "5347", "horodatage": "2023-05-11 11:26:17", "distance (en metres)": 44.14, "station": "LES VALLEES", "marker-color": "#818181"}}, {"type": "Feature", "geometry": {"type": "Point", "coordinates": [2.251145, 48.768417]}, "properties": {"numparc": 5824, "etat de la localisation": "autre", "ID BDGEO": "5332", "horodatage": "2023-05-11 11:26:26", "distance (en metres)": 46.79, "station": "CYRANO DE BERGERAC", "marker-color": "#818181"}}, {"type": "Feature", "geometry": {"type": "Point", "coordinates": [2.272641, 48.763973]}, "properties": {"numparc": 5825, "etat de la localisation": "autre", "ID BDGEO": "5346", "horodatage": "2023-05-11 11:26:57", "distance (en metres)": 86.23, "station": "PRESIDENT ALLENDE", "marker-color": "#818181"}}, {"type": "Feature", "geometry": {"type": "Point", "coordinates": [2.303928, 48.762646]}, "properties": {"numparc": 5823, "etat de la localisation": "autre", "ID BDGEO": "6996", "horodatage": "2023-05-11 11:27:46", "distance (en metres)": 172.77, "station": "CROIX DE BERNY-RER", "marker-color": "#818181"}}, {"type": "Feature", "geometry": {"type": "Point", "coordinates": [2.254716, 48.766365]}, "properties": {"numparc": 5824, "etat de la localisation": "autre", "ID BDGEO": "5335", "horodatage": "2023-05-11 11:27:55", "distance (en metres)": 53.97, "station": "FRANCIS DE PRESSENSE", "marker-color": "#818181"}}, {"type": "Feature", "geometry": {"type": "Point", "coordinates": [2.304137, 48.762703]}, "properties": {"numparc": 5823, "etat de la localisation": "autre", "ID BDGEO": "6996", "horodatage": "2023-05-11 11:29:22", "distance (en metres)": 189.35, "station": "CROIX DE BERNY-RER", "marker-color": "#818181"}}, {"type": "Feature", "geometry": {"type": "Point", "coordinates": [2.272331, 48.763744]}, "properties": {"numparc": 5824, "etat de la localisation": "autre", "ID BDGEO": "5348", "horodatage": "2023-05-11 11:32:20", "distance (en metres)": 156.72, "station": "LES VALLEES", "marker-color": "#818181"}}, {"type": "Feature", "geometry": {"type": "Point", "coordinates": [2.280342, 48.762657]}, "properties": {"numparc": 5824, "etat de la localisation": "autre", "ID BDGEO": "5311", "horodatage": "2023-05-11 11:33:48", "distance (en metres)": 264.27, "station": "CARREFOUR DU 19 MARS 1962", "marker-color": "#818181"}}, {"type": "Feature", "geometry": {"type": "Point", "coordinates": [2.282328, 48.762424]}, "properties": {"numparc": 5824, "etat de la localisation": "autre", "ID BDGEO": "5311", "horodatage": "2023-05-11 11:34:35", "distance (en metres)": 116.54, "station": "CARREFOUR DU 19 MARS 1962", "marker-color": "#818181"}}, {"type": "Feature", "geometry": {"type": "Point", "coordinates": [2.278602, 48.763088]}, "properties": {"numparc": 5832, "etat de la localisation": "autre", "ID BDGEO": "5349", "horodatage": "2023-05-11 11:34:36", "distance (en metres)": 57.19, "station": "LA BRIAUDE", "marker-color": "#818181"}}, {"type": "Feature", "geometry": {"type": "Point", "coordinates": [2.272676, 48.763966]}, "properties": {"numparc": 5832, "etat de la localisation": "autre", "ID BDGEO": "5346", "horodatage": "2023-05-11 11:35:43", "distance (en metres)": 88.8, "station": "PRESIDENT ALLENDE", "marker-color": "#818181"}}, {"type": "Feature", "geometry": {"type": "Point", "coordinates": [2.290465, 48.761311]}, "properties": {"numparc": 5824, "etat de la localisation": "autre", "ID BDGEO": "5309", "horodatage": "2023-05-11 11:36:27", "distance (en metres)": 72.61, "station": "CARREFOUR DE L'EUROPE", "marker-color": "#818181"}}, {"type": "Feature", "geometry": {"type": "Point", "coordinates": [2.272392, 48.763992]}, "properties": {"numparc": 5832, "etat de la localisation": "autre", "ID BDGEO": "5346", "horodatage": "2023-05-11 11:36:27", "distance (en metres)": 68.02, "station": "PRESIDENT ALLENDE", "marker-color": "#818181"}}, {"type": "Feature", "geometry": {"type": "Point", "coordinates": [2.303958, 48.762638]}, "properties": {"numparc": 5824, "etat de la localisation": "autre", "ID BDGEO": "6996", "horodatage": "2023-05-11 11:38:51", "distance (en metres)": 174.55, "station": "CROIX DE BERNY-RER", "marker-color": "#818181"}}, {"type": "Feature", "geometry": {"type": "Point", "coordinates": [2.304052, 48.762665]}, "properties": {"numparc": 5824, "etat de la localisation": "autre", "ID BDGEO": "6996", "horodatage": "2023-05-11 11:39:21", "distance (en metres)": 182.05, "station": "CROIX DE BERNY-RER", "marker-color": "#818181"}}, {"type": "Feature", "geometry": {"type": "Point", "coordinates": [2.249623, 48.769321]}, "properties": {"numparc": 5826, "etat de la localisation": "autre", "ID BDGEO": "5227", "horodatage": "2023-05-11 11:39:57", "distance (en metres)": 78.16, "station": "LA FERME DE MALABRY", "marker-color": "#818181"}}, {"type": "Feature", "geometry": {"type": "Point", "coordinates": [2.251188, 48.768436]}, "properties": {"numparc": 5826, "etat de la localisation": "autre", "ID BDGEO": "5332", "horodatage": "2023-05-11 11:40:42", "distance (en metres)": 47.43, "station": "CYRANO DE BERGERAC", "marker-color": "#818181"}}, {"type": "Feature", "geometry": {"type": "Point", "coordinates": [2.251188, 48.768436]}, "properties": {"numparc": 5826, "etat de la localisation": "autre", "ID BDGEO": "5332", "horodatage": "2023-05-11 11:40:44", "distance (en metres)": 47.43, "station": "CYRANO DE BERGERAC", "marker-color": "#818181"}}, {"type": "Feature", "geometry": {"type": "Point", "coordinates": [2.251324, 48.768589]}, "properties": {"numparc": 5832, "etat de la localisation": "autre", "ID BDGEO": "5331", "horodatage": "2023-05-11 11:41:49", "distance (en metres)": 41.82, "station": "CYRANO DE BERGERAC", "marker-color": "#818181"}}, {"type": "Feature", "geometry": {"type": "Point", "coordinates": [2.254735, 48.766354]}, "properties": {"numparc": 5826, "etat de la localisation": "autre", "ID BDGEO": "5335", "horodatage": "2023-05-11 11:42:09", "distance (en metres)": 52.22, "station": "FRANCIS DE PRESSENSE", "marker-color": "#818181"}}, {"type": "Feature", "geometry": {"type": "Point", "coordinates": [2.278539, 48.763081]}, "properties": {"numparc": 5823, "etat de la localisation": "autre", "ID BDGEO": "5349", "horodatage": "2023-05-11 11:45:45", "distance (en metres)": 61.3, "station": "LA BRIAUDE", "marker-color": "#818181"}}, {"type": "Feature", "geometry": {"type": "Point", "coordinates": [2.272553, 48.763744]}, "properties": {"numparc": 5826, "etat de la localisation": "autre", "ID BDGEO": "5348", "horodatage": "2023-05-11 11:46:13", "distance (en metres)": 140.56, "station": "LES VALLEES", "marker-color": "#818181"}}, {"type": "Feature", "geometry": {"type": "Point", "coordinates": [2.272593, 48.763958]}, "properties": {"numparc": 5823, "etat de la localisation": "autre", "ID BDGEO": "5346", "horodatage": "2023-05-11 11:46:56", "distance (en metres)": 82.74, "station": "PRESIDENT ALLENDE", "marker-color": "#818181"}}, {"type": "Feature", "geometry": {"type": "Point", "coordinates": [2.280414, 48.762669]}, "properties": {"numparc": 5826, "etat de la localisation": "autre", "ID BDGEO": "5311", "horodatage": "2023-05-11 11:47:38", "distance (en metres)": 259.25, "station": "CARREFOUR DU 19 MARS 1962", "marker-color": "#818181"}}, {"type": "Feature", "geometry": {"type": "Point", "coordinates": [2.282368, 48.762447]}, "properties": {"numparc": 5826, "etat de la localisation": "autre", "ID BDGEO": "5311", "horodatage": "2023-05-11 11:48:14", "distance (en metres)": 113.96, "station": "CARREFOUR DU 19 MARS 1962", "marker-color": "#818181"}}, {"type": "Feature", "geometry": {"type": "Point", "coordinates": [2.29044, 48.761353]}, "properties": {"numparc": 5826, "etat de la localisation": "autre", "ID BDGEO": "5309", "horodatage": "2023-05-11 11:49:38", "distance (en metres)": 74.94, "station": "CARREFOUR DE L'EUROPE", "marker-color": "#818181"}}, {"type": "Feature", "geometry": {"type": "Point", "coordinates": [2.251361, 48.768543]}, "properties": {"numparc": 5823, "etat de la localisation": "autre", "ID BDGEO": "5331", "horodatage": "2023-05-11 11:52:25", "distance (en metres)": 46.06, "station": "CYRANO DE BERGERAC", "marker-color": "#818181"}}, {"type": "Feature", "geometry": {"type": "Point", "coordinates": [2.249614, 48.769276]}, "properties": {"numparc": 5835, "etat de la localisation": "autre", "ID BDGEO": "5227", "horodatage": "2023-05-11 11:53:16", "distance (en metres)": 81.19, "station": "LA FERME DE MALABRY", "marker-color": "#818181"}}, {"type": "Feature", "geometry": {"type": "Point", "coordinates": [2.251153, 48.768429]}, "properties": {"numparc": 5835, "etat de la localisation": "autre", "ID BDGEO": "5332", "horodatage": "2023-05-11 11:53:53", "distance (en metres)": 46.24, "station": "CYRANO DE BERGERAC", "marker-color": "#818181"}}, {"type": "Feature", "geometry": {"type": "Point", "coordinates": [2.25471, 48.766376]}, "properties": {"numparc": 5835, "etat de la localisation": "autre", "ID BDGEO": "5335", "horodatage": "2023-05-11 11:55:24", "distance (en metres)": 54.84, "station": "FRANCIS DE PRESSENSE", "marker-color": "#818181"}}, {"type": "Feature", "geometry": {"type": "Point", "coordinates": [2.278592, 48.763084]}, "properties": {"numparc": 5824, "etat de la localisation": "autre", "ID BDGEO": "5349", "horodatage": "2023-05-11 11:55:40", "distance (en metres)": 57.72, "station": "LA BRIAUDE", "marker-color": "#818181"}}, {"type": "Feature", "geometry": {"type": "Point", "coordinates": [2.272647, 48.763958]}, "properties": {"numparc": 5824, "etat de la localisation": "autre", "ID BDGEO": "5346", "horodatage": "2023-05-11 11:56:47", "distance (en metres)": 86.68, "station": "PRESIDENT ALLENDE", "marker-color": "#818181"}}, {"type": "Feature", "geometry": {"type": "Point", "coordinates": [2.304115, 48.762695]}, "properties": {"numparc": 5826, "etat de la localisation": "autre", "ID BDGEO": "6996", "horodatage": "2023-05-11 11:59:31", "distance (en metres)": 187.54, "station": "CROIX DE BERNY-RER", "marker-color": "#818181"}}, {"type": "Feature", "geometry": {"type": "Point", "coordinates": [2.27237, 48.763763]}, "properties": {"numparc": 5835, "etat de la localisation": "autre", "ID BDGEO": "5348", "horodatage": "2023-05-11 12:00:10", "distance (en metres)": 154.12, "station": "LES VALLEES", "marker-color": "#818181"}}, {"type": "Feature", "geometry": {"type": "Point", "coordinates": [2.304143, 48.762707]}, "properties": {"numparc": 5826, "etat de la localisation": "autre", "ID BDGEO": "6996", "horodatage": "2023-05-11 12:00:29", "distance (en metres)": 189.91, "station": "CROIX DE BERNY-RER", "marker-color": "#818181"}}, {"type": "Feature", "geometry": {"type": "Point", "coordinates": [2.280397, 48.762676]}, "properties": {"numparc": 5835, "etat de la localisation": "autre", "ID BDGEO": "5311", "horodatage": "2023-05-11 12:02:04", "distance (en metres)": 260.63, "station": "CARREFOUR DU 19 MARS 1962", "marker-color": "#818181"}}, {"type": "Feature", "geometry": {"type": "Point", "coordinates": [2.251342, 48.76857]}, "properties": {"numparc": 5824, "etat de la localisation": "autre", "ID BDGEO": "5331", "horodatage": "2023-05-11 12:02:17", "distance (en metres)": 43.74, "station": "CYRANO DE BERGERAC", "marker-color": "#818181"}}, {"type": "Feature", "geometry": {"type": "Point", "coordinates": [2.282267, 48.762459]}, "properties": {"numparc": 5835, "etat de la localisation": "autre", "ID BDGEO": "5311", "horodatage": "2023-05-11 12:02:43", "distance (en metres)": 121.46, "station": "CARREFOUR DU 19 MARS 1962", "marker-color": "#818181"}}, {"type": "Feature", "geometry": {"type": "Point", "coordinates": [2.290467, 48.761333]}, "properties": {"numparc": 5835, "etat de la localisation": "autre", "ID BDGEO": "5309", "horodatage": "2023-05-11 12:04:14", "distance (en metres)": 72.72, "station": "CARREFOUR DE L'EUROPE", "marker-color": "#818181"}}, {"type": "Feature", "geometry": {"type": "Point", "coordinates": [2.251168, 48.76844]}, "properties": {"numparc": 5825, "etat de la localisation": "autre", "ID BDGEO": "5332", "horodatage": "2023-05-11 12:04:41", "distance (en metres)": 46.1, "station": "CYRANO DE BERGERAC", "marker-color": "#818181"}}, {"type": "Feature", "geometry": {"type": "Point", "coordinates": [2.254731, 48.766373]}, "properties": {"numparc": 5825, "etat de la localisation": "autre", "ID BDGEO": "5335", "horodatage": "2023-05-11 12:05:40", "distance (en metres)": 53.25, "station": "FRANCIS DE PRESSENSE", "marker-color": "#818181"}}, {"type": "Feature", "geometry": {"type": "Point", "coordinates": [2.27861, 48.763054]}, "properties": {"numparc": 5826, "etat de la localisation": "autre", "ID BDGEO": "5349", "horodatage": "2023-05-11 12:06:45", "distance (en metres)": 55.46, "station": "LA BRIAUDE", "marker-color": "#818181"}}, {"type": "Feature", "geometry": {"type": "Point", "coordinates": [2.303842, 48.762627]}, "properties": {"numparc": 5835, "etat de la localisation": "autre", "ID BDGEO": "6996", "horodatage": "2023-05-11 12:07:19", "distance (en metres)": 166.13, "station": "CROIX DE BERNY-RER", "marker-color": "#818181"}}, {"type": "Feature", "geometry": {"type": "Point", "coordinates": [2.274722, 48.763615]}, "properties": {"numparc": 5826, "etat de la localisation": "autre", "ID BDGEO": "5347", "horodatage": "2023-05-11 12:07:45", "distance (en metres)": 45.15, "station": "LES VALLEES", "marker-color": "#818181"}}, {"type": "Feature", "geometry": {"type": "Point", "coordinates": [2.304143, 48.762703]}, "properties": {"numparc": 5835, "etat de la localisation": "autre", "ID BDGEO": "6996", "horodatage": "2023-05-11 12:07:53", "distance (en metres)": 189.76, "station": "CROIX DE BERNY-RER", "marker-color": "#818181"}}, {"type": "Feature", "geometry": {"type": "Point", "coordinates": [2.272633, 48.763954]}, "properties": {"numparc": 5826, "etat de la localisation": "autre", "ID BDGEO": "5346", "horodatage": "2023-05-11 12:08:25", "distance (en metres)": 85.68, "station": "PRESIDENT ALLENDE", "marker-color": "#818181"}}, {"type": "Feature", "geometry": {"type": "Point", "coordinates": [2.272512, 48.763767]}, "properties": {"numparc": 5825, "etat de la localisation": "autre", "ID BDGEO": "5348", "horodatage": "2023-05-11 12:10:56", "distance (en metres)": 143.87, "station": "LES VALLEES", "marker-color": "#818181"}}, {"type": "Feature", "geometry": {"type": "Point", "coordinates": [2.280365, 48.762703]}, "properties": {"numparc": 5825, "etat de la localisation": "autre", "ID BDGEO": "5311", "horodatage": "2023-05-11 12:13:00", "distance (en metres)": 263.43, "station": "CARREFOUR DU 19 MARS 1962", "marker-color": "#818181"}}, {"type": "Feature", "geometry": {"type": "Point", "coordinates": [2.251177, 48.76844]}, "properties": {"numparc": 5832, "etat de la localisation": "autre", "ID BDGEO": "5332", "horodatage": "2023-05-11 12:15:10", "distance (en metres)": 46.57, "station": "CYRANO DE BERGERAC", "marker-color": "#818181"}}, {"type": "Feature", "geometry": {"type": "Point", "coordinates": [2.290507, 48.761341]}, "properties": {"numparc": 5825, "etat de la localisation": "autre", "ID BDGEO": "5309", "horodatage": "2023-05-11 12:15:11", "distance (en metres)": 69.91, "station": "CARREFOUR DE L'EUROPE", "marker-color": "#818181"}}, {"type": "Feature", "geometry": {"type": "Point", "coordinates": [2.254729, 48.766384]}, "properties": {"numparc": 5832, "etat de la localisation": "autre", "ID BDGEO": "5335", "horodatage": "2023-05-11 12:16:24", "distance (en metres)": 53.87, "station": "FRANCIS DE PRESSENSE", "marker-color": "#818181"}}, {"type": "Feature", "geometry": {"type": "Point", "coordinates": [2.30254, 48.76231]}, "properties": {"numparc": 5825, "etat de la localisation": "autre", "ID BDGEO": "6992", "horodatage": "2023-05-11 12:17:06", "distance (en metres)": 86.46, "station": "CROIX DE BERNY-RER#", "marker-color": "#818181"}}, {"type": "Feature", "geometry": {"type": "Point", "coordinates": [2.274694, 48.763599]}, "properties": {"numparc": 5835, "etat de la localisation": "autre", "ID BDGEO": "5347", "horodatage": "2023-05-11 12:21:16", "distance (en metres)": 46.55, "station": "LES VALLEES", "marker-color": "#818181"}}, {"type": "Feature", "geometry": {"type": "Point", "coordinates": [2.272498, 48.76376]}, "properties": {"numparc": 5832, "etat de la localisation": "autre", "ID BDGEO": "5348", "horodatage": "2023-05-11 12:21:52", "distance (en metres)": 144.78, "station": "LES VALLEES", "marker-color": "#818181"}}, {"type": "Feature", "geometry": {"type": "Point", "coordinates": [2.27263, 48.763954]}, "properties": {"numparc": 5835, "etat de la localisation": "autre", "ID BDGEO": "5346", "horodatage": "2023-05-11 12:21:56", "distance (en metres)": 85.46, "station": "PRESIDENT ALLENDE", "marker-color": "#818181"}}, {"type": "Feature", "geometry": {"type": "Point", "coordinates": [2.249572, 48.769318]}, "properties": {"numparc": 5823, "etat de la localisation": "autre", "ID BDGEO": "5227", "horodatage": "2023-05-11 12:23:27", "distance (en metres)": 75.72, "station": "LA FERME DE MALABRY", "marker-color": "#818181"}}, {"type": "Feature", "geometry": {"type": "Point", "coordinates": [2.280354, 48.762688]}, "properties": {"numparc": 5832, "etat de la localisation": "autre", "ID BDGEO": "5311", "horodatage": "2023-05-11 12:23:28", "distance (en metres)": 263.94, "station": "CARREFOUR DU 19 MARS 1962", "marker-color": "#818181"}}, {"type": "Feature", "geometry": {"type": "Point", "coordinates": [2.282356, 48.762447]}, "properties": {"numparc": 5832, "etat de la localisation": "autre", "ID BDGEO": "5311", "horodatage": "2023-05-11 12:24:14", "distance (en metres)": 114.83, "station": "CARREFOUR DU 19 MARS 1962", "marker-color": "#818181"}}, {"type": "Feature", "geometry": {"type": "Point", "coordinates": [2.251118, 48.768456]}, "properties": {"numparc": 5823, "etat de la localisation": "autre", "ID BDGEO": "5332", "horodatage": "2023-05-11 12:24:24", "distance (en metres)": 42.32, "station": "CYRANO DE BERGERAC", "marker-color": "#818181"}}, {"type": "Feature", "geometry": {"type": "Point", "coordinates": [2.282365, 48.762444]}, "properties": {"numparc": 5832, "etat de la localisation": "autre", "ID BDGEO": "5311", "horodatage": "2023-05-11 12:24:27", "distance (en metres)": 114.11, "station": "CARREFOUR DU 19 MARS 1962", "marker-color": "#818181"}}, {"type": "Feature", "geometry": {"type": "Point", "coordinates": [2.304795, 48.752857]}, "properties": {"numparc": 5825, "etat de la localisation": "autre", "ID BDGEO": "5304", "horodatage": "2023-05-11 12:24:31", "distance (en metres)": 1050.03, "station": "CROIX DE BERNY-RER.", "marker-color": "#818181"}}, {"type": "Feature", "geometry": {"type": "Point", "coordinates": [2.304077, 48.762737]}, "properties": {"numparc": 5829, "etat de la localisation": "autre", "ID BDGEO": "6996", "horodatage": "2023-05-11 12:24:48", "distance (en metres)": 186.62, "station": "CROIX DE BERNY-RER", "marker-color": "#818181"}}, {"type": "Feature", "geometry": {"type": "Point", "coordinates": [2.254646, 48.766426]}, "properties": {"numparc": 5823, "etat de la localisation": "autre", "ID BDGEO": "5335", "horodatage": "2023-05-11 12:25:18", "distance (en metres)": 61.33, "station": "FRANCIS DE PRESSENSE", "marker-color": "#818181"}}, {"type": "Feature", "geometry": {"type": "Point", "coordinates": [2.290455, 48.761333]}, "properties": {"numparc": 5832, "etat de la localisation": "autre", "ID BDGEO": "5309", "horodatage": "2023-05-11 12:25:55", "distance (en metres)": 73.58, "station": "CARREFOUR DE L'EUROPE", "marker-color": "#818181"}}, {"type": "Feature", "geometry": {"type": "Point", "coordinates": [2.300354, 48.761757]}, "properties": {"numparc": 5832, "etat de la localisation": "autre", "ID BDGEO": "6992", "horodatage": "2023-05-11 12:27:32", "distance (en metres)": 85.2, "station": "CROIX DE BERNY-RER#", "marker-color": "#818181"}}, {"type": "Feature", "geometry": {"type": "Point", "coordinates": [2.25129, 48.76857]}, "properties": {"numparc": 5835, "etat de la localisation": "autre", "ID BDGEO": "5331", "horodatage": "2023-05-11 12:27:50", "distance (en metres)": 40.15, "station": "CYRANO DE BERGERAC", "marker-color": "#818181"}}, {"type": "Feature", "geometry": {"type": "Point", "coordinates": [2.30249, 48.76231]}, "properties": {"numparc": 5832, "etat de la localisation": "autre", "ID BDGEO": "6992", "horodatage": "2023-05-11 12:28:18", "distance (en metres)": 83.02, "station": "CROIX DE BERNY-RER#", "marker-color": "#818181"}}, {"type": "Feature", "geometry": {"type": "Point", "coordinates": [2.272343, 48.763767]}, "properties": {"numparc": 5823, "etat de la localisation": "autre", "ID BDGEO": "5348", "horodatage": "2023-05-11 12:29:43", "distance (en metres)": 156.15, "station": "LES VALLEES", "marker-color": "#818181"}}, {"type": "Feature", "geometry": {"type": "Point", "coordinates": [2.28026, 48.762676]}, "properties": {"numparc": 5823, "etat de la localisation": "autre", "ID BDGEO": "5311", "horodatage": "2023-05-11 12:31:31", "distance (en metres)": 270.54, "station": "CARREFOUR DU 19 MARS 1962", "marker-color": "#818181"}}, {"type": "Feature", "geometry": {"type": "Point", "coordinates": [2.282283, 48.762444]}, "properties": {"numparc": 5823, "etat de la localisation": "autre", "ID BDGEO": "5311", "horodatage": "2023-05-11 12:32:27", "distance (en metres)": 120.06, "station": "CARREFOUR DU 19 MARS 1962", "marker-color": "#818181"}}, {"type": "Feature", "geometry": {"type": "Point", "coordinates": [2.297421, 48.721699]}, "properties": {"numparc": 5825, "etat de la localisation": "autre", "ID BDGEO": "5309", "horodatage": "2023-05-11 12:33:19", "distance (en metres)": 4420.69, "station": "CARREFOUR DE L'EUROPE", "marker-color": "#818181"}}, {"type": "Feature", "geometry": {"type": "Point", "coordinates": [2.278565, 48.763096]}, "properties": {"numparc": 5829, "etat de la localisation": "autre", "ID BDGEO": "5349", "horodatage": "2023-05-11 12:33:32", "distance (en metres)": 60.02, "station": "LA BRIAUDE", "marker-color": "#818181"}}, {"type": "Feature", "geometry": {"type": "Point", "coordinates": [2.290438, 48.761326]}, "properties": {"numparc": 5823, "etat de la localisation": "autre", "ID BDGEO": "5309", "horodatage": "2023-05-11 12:34:20", "distance (en metres)": 74.75, "station": "CARREFOUR DE L'EUROPE", "marker-color": "#818181"}}, {"type": "Feature", "geometry": {"type": "Point", "coordinates": [2.274718, 48.763615]}, "properties": {"numparc": 5829, "etat de la localisation": "autre", "ID BDGEO": "5347", "horodatage": "2023-05-11 12:34:30", "distance (en metres)": 45.43, "station": "LES VALLEES", "marker-color": "#818181"}}, {"type": "Feature", "geometry": {"type": "Point", "coordinates": [2.272637, 48.763973]}, "properties": {"numparc": 5829, "etat de la localisation": "autre", "ID BDGEO": "5346", "horodatage": "2023-05-11 12:35:10", "distance (en metres)": 85.93, "station": "PRESIDENT ALLENDE", "marker-color": "#818181"}}, {"type": "Feature", "geometry": {"type": "Point", "coordinates": [2.303732, 48.762615]}, "properties": {"numparc": 5823, "etat de la localisation": "autre", "ID BDGEO": "5607", "horodatage": "2023-05-11 12:36:27", "distance (en metres)": 171.65, "station": "CROIX DE BERNY-RE#", "marker-color": "#818181"}}, {"type": "Feature", "geometry": {"type": "Point", "coordinates": [2.297597, 48.72208]}, "properties": {"numparc": 5837, "etat de la localisation": "autre", "ID BDGEO": "7722", "horodatage": "2023-05-11 12:37:42", "distance (en metres)": 56.69, "station": "ANNEXE MONTROUGE SORTIE#", "marker-color": "#818181"}}, {"type": "Feature", "geometry": {"type": "Point", "coordinates": [2.2496, 48.76931]}, "properties": {"numparc": 5824, "etat de la localisation": "autre", "ID BDGEO": "5227", "horodatage": "2023-05-11 12:38:10", "distance (en metres)": 77.79, "station": "LA FERME DE MALABRY", "marker-color": "#818181"}}, {"type": "Feature", "geometry": {"type": "Point", "coordinates": [2.251159, 48.768436]}, "properties": {"numparc": 5824, "etat de la localisation": "autre", "ID BDGEO": "5332", "horodatage": "2023-05-11 12:38:47", "distance (en metres)": 45.93, "station": "CYRANO DE BERGERAC", "marker-color": "#818181"}}, {"type": "Feature", "geometry": {"type": "Point", "coordinates": [2.254744, 48.766369]}, "properties": {"numparc": 5824, "etat de la localisation": "autre", "ID BDGEO": "5335", "horodatage": "2023-05-11 12:40:00", "distance (en metres)": 52.2, "station": "FRANCIS DE PRESSENSE", "marker-color": "#818181"}}, {"type": "Feature", "geometry": {"type": "Point", "coordinates": [2.251333, 48.768585]}, "properties": {"numparc": 5829, "etat de la localisation": "autre", "ID BDGEO": "5331", "horodatage": "2023-05-11 12:41:19", "distance (en metres)": 42.58, "station": "CYRANO DE BERGERAC", "marker-color": "#818181"}}, {"type": "Feature", "geometry": {"type": "Point", "coordinates": [2.298133, 48.722511]}, "properties": {"numparc": 5832, "etat de la localisation": "autre", "ID BDGEO": "7722", "horodatage": "2023-05-11 12:41:21", "distance (en metres)": 116.02, "station": "ANNEXE MONTROUGE SORTIE#", "marker-color": "#818181"}}, {"type": "Feature", "geometry": {"type": "Point", "coordinates": [2.280358, 48.762669]}, "properties": {"numparc": 5824, "etat de la localisation": "autre", "ID BDGEO": "5311", "horodatage": "2023-05-11 12:46:08", "distance (en metres)": 263.3, "station": "CARREFOUR DU 19 MARS 1962", "marker-color": "#818181"}}, {"type": "Feature", "geometry": {"type": "Point", "coordinates": [2.282283, 48.762455]}, "properties": {"numparc": 5824, "etat de la localisation": "autre", "ID BDGEO": "5311", "horodatage": "2023-05-11 12:46:53", "distance (en metres)": 120.24, "station": "CARREFOUR DU 19 MARS 1962", "marker-color": "#818181"}}, {"type": "Feature", "geometry": {"type": "Point", "coordinates": [2.290289, 48.761345]}, "properties": {"numparc": 5824, "etat de la localisation": "autre", "ID BDGEO": "5309", "horodatage": "2023-05-11 12:48:40", "distance (en metres)": 85.83, "station": "CARREFOUR DE L'EUROPE", "marker-color": "#818181"}}, {"type": "Feature", "geometry": {"type": "Point", "coordinates": [2.249624, 48.769321]}, "properties": {"numparc": 5826, "etat de la localisation": "autre", "ID BDGEO": "5227", "horodatage": "2023-05-11 12:49:09", "distance (en metres)": 78.22, "station": "LA FERME DE MALABRY", "marker-color": "#818181"}}, {"type": "Feature", "geometry": {"type": "Point", "coordinates": [2.251171, 48.768463]}, "properties": {"numparc": 5826, "etat de la localisation": "autre", "ID BDGEO": "5332", "horodatage": "2023-05-11 12:50:28", "distance (en metres)": 44.5, "station": "CYRANO DE BERGERAC", "marker-color": "#818181"}}, {"type": "Feature", "geometry": {"type": "Point", "coordinates": [2.303834, 48.762604]}, "properties": {"numparc": 5824, "etat de la localisation": "autre", "ID BDGEO": "6992", "horodatage": "2023-05-11 12:51:15", "distance (en metres)": 186.76, "station": "CROIX DE BERNY-RER#", "marker-color": "#818181"}}, {"type": "Feature", "geometry": {"type": "Point", "coordinates": [2.254763, 48.766388]}, "properties": {"numparc": 5826, "etat de la localisation": "autre", "ID BDGEO": "5335", "horodatage": "2023-05-11 12:51:44", "distance (en metres)": 51.78, "station": "FRANCIS DE PRESSENSE", "marker-color": "#818181"}}, {"type": "Feature", "geometry": {"type": "Point", "coordinates": [2.304019, 48.762707]}, "properties": {"numparc": 5837, "etat de la localisation": "autre", "ID BDGEO": "6996", "horodatage": "2023-05-11 12:54:38", "distance (en metres)": 181.42, "station": "CROIX DE BERNY-RER", "marker-color": "#818181"}}, {"type": "Feature", "geometry": {"type": "Point", "coordinates": [2.272308, 48.763763]}, "properties": {"numparc": 5826, "etat de la localisation": "autre", "ID BDGEO": "5348", "horodatage": "2023-05-11 12:55:58", "distance (en metres)": 158.63, "station": "LES VALLEES", "marker-color": "#818181"}}, {"type": "Feature", "geometry": {"type": "Point", "coordinates": [2.280376, 48.762657]}, "properties": {"numparc": 5826, "etat de la localisation": "autre", "ID BDGEO": "5311", "horodatage": "2023-05-11 12:57:11", "distance (en metres)": 261.82, "station": "CARREFOUR DU 19 MARS 1962", "marker-color": "#818181"}}, {"type": "Feature", "geometry": {"type": "Point", "coordinates": [2.28239, 48.762424]}, "properties": {"numparc": 5826, "etat de la localisation": "autre", "ID BDGEO": "5311", "horodatage": "2023-05-11 12:57:51", "distance (en metres)": 112.01, "station": "CARREFOUR DU 19 MARS 1962", "marker-color": "#818181"}}, {"type": "Feature", "geometry": {"type": "Point", "coordinates": [2.290481, 48.761314]}, "properties": {"numparc": 5826, "etat de la localisation": "autre", "ID BDGEO": "5309", "horodatage": "2023-05-11 12:59:04", "distance (en metres)": 71.48, "station": "CARREFOUR DE L'EUROPE", "marker-color": "#818181"}}, {"type": "Feature", "geometry": {"type": "Point", "coordinates": [2.249611, 48.769306]}, "properties": {"numparc": 5835, "etat de la localisation": "autre", "ID BDGEO": "5227", "horodatage": "2023-05-11 12:59:47", "distance (en metres)": 78.66, "station": "LA FERME DE MALABRY", "marker-color": "#818181"}}, {"type": "Feature", "geometry": {"type": "Point", "coordinates": [2.25117, 48.76844]}, "properties": {"numparc": 5835, "etat de la localisation": "autre", "ID BDGEO": "5332", "horodatage": "2023-05-11 13:01:05", "distance (en metres)": 46.19, "station": "CYRANO DE BERGERAC", "marker-color": "#818181"}}, {"type": "Feature", "geometry": {"type": "Point", "coordinates": [2.30398, 48.762661]}, "properties": {"numparc": 5826, "etat de la localisation": "autre", "ID BDGEO": "5607", "horodatage": "2023-05-11 13:01:24", "distance (en metres)": 190.48, "station": "CROIX DE BERNY-RE#", "marker-color": "#818181"}}, {"type": "Feature", "geometry": {"type": "Point", "coordinates": [2.278585, 48.763103]}, "properties": {"numparc": 5837, "etat de la localisation": "autre", "ID BDGEO": "5349", "horodatage": "2023-05-11 13:01:51", "distance (en metres)": 58.93, "station": "LA BRIAUDE", "marker-color": "#818181"}}, {"type": "Feature", "geometry": {"type": "Point", "coordinates": [2.25474, 48.766373]}, "properties": {"numparc": 5835, "etat de la localisation": "autre", "ID BDGEO": "5335", "horodatage": "2023-05-11 13:02:24", "distance (en metres)": 52.64, "station": "FRANCIS DE PRESSENSE", "marker-color": "#818181"}}, {"type": "Feature", "geometry": {"type": "Point", "coordinates": [2.274699, 48.76363]}, "properties": {"numparc": 5837, "etat de la localisation": "autre", "ID BDGEO": "5347", "horodatage": "2023-05-11 13:02:40", "distance (en metres)": 47.34, "station": "LES VALLEES", "marker-color": "#818181"}}, {"type": "Feature", "geometry": {"type": "Point", "coordinates": [2.272585, 48.763988]}, "properties": {"numparc": 5837, "etat de la localisation": "autre", "ID BDGEO": "5346", "horodatage": "2023-05-11 13:03:19", "distance (en metres)": 82.14, "station": "PRESIDENT ALLENDE", "marker-color": "#818181"}}, {"type": "Feature", "geometry": {"type": "Point", "coordinates": [2.29891, 48.722733]}, "properties": {"numparc": 5823, "etat de la localisation": "autre", "ID BDGEO": "5308", "horodatage": "2023-05-11 13:05:18", "distance (en metres)": 4342.42, "station": "CARREFOUR DE L'EUROPE", "marker-color": "#818181"}}, {"type": "Feature", "geometry": {"type": "Point", "coordinates": [2.272472, 48.763775]}, "properties": {"numparc": 5835, "etat de la localisation": "autre", "ID BDGEO": "5348", "horodatage": "2023-05-11 13:06:48", "distance (en metres)": 146.89, "station": "LES VALLEES", "marker-color": "#818181"}}, {"type": "Feature", "geometry": {"type": "Point", "coordinates": [2.298266, 48.722507]}, "properties": {"numparc": 5824, "etat de la localisation": "autre", "ID BDGEO": "7721", "horodatage": "2023-05-11 13:08:17", "distance (en metres)": 79.55, "station": "ANNEXE MONTROUGE ENTREE#", "marker-color": "#818181"}}, {"type": "Feature", "geometry": {"type": "Point", "coordinates": [2.280408, 48.762703]}, "properties": {"numparc": 5835, "etat de la localisation": "autre", "ID BDGEO": "5311", "horodatage": "2023-05-11 13:08:57", "distance (en metres)": 260.33, "station": "CARREFOUR DU 19 MARS 1962", "marker-color": "#818181"}}, {"type": "Feature", "geometry": {"type": "Point", "coordinates": [2.282353, 48.76247]}, "properties": {"numparc": 5835, "etat de la localisation": "autre", "ID BDGEO": "5311", "horodatage": "2023-05-11 13:09:39", "distance (en metres)": 115.44, "station": "CARREFOUR DU 19 MARS 1962", "marker-color": "#818181"}}, {"type": "Feature", "geometry": {"type": "Point", "coordinates": [2.290506, 48.761356]}, "properties": {"numparc": 5835, "etat de la localisation": "autre", "ID BDGEO": "5309", "horodatage": "2023-05-11 13:11:28", "distance (en metres)": 70.23, "station": "CARREFOUR DE L'EUROPE", "marker-color": "#818181"}}, {"type": "Feature", "geometry": {"type": "Point", "coordinates": [2.249629, 48.769283]}, "properties": {"numparc": 5829, "etat de la localisation": "autre", "ID BDGEO": "5227", "horodatage": "2023-05-11 13:12:13", "distance (en metres)": 81.38, "station": "LA FERME DE MALABRY", "marker-color": "#818181"}}, {"type": "Feature", "geometry": {"type": "Point", "coordinates": [2.251163, 48.768433]}, "properties": {"numparc": 5829, "etat de la localisation": "autre", "ID BDGEO": "5332", "horodatage": "2023-05-11 13:13:04", "distance (en metres)": 46.44, "station": "CYRANO DE BERGERAC", "marker-color": "#818181"}}, {"type": "Feature", "geometry": {"type": "Point", "coordinates": [2.300374, 48.761791]}, "properties": {"numparc": 5835, "etat de la localisation": "autre", "ID BDGEO": "6992", "horodatage": "2023-05-11 13:13:22", "distance (en metres)": 82.46, "station": "CROIX DE BERNY-RER#", "marker-color": "#818181"}}, {"type": "Feature", "geometry": {"type": "Point", "coordinates": [2.302628, 48.762344]}, "properties": {"numparc": 5835, "etat de la localisation": "autre", "ID BDGEO": "6992", "horodatage": "2023-05-11 13:14:17", "distance (en metres)": 93.84, "station": "CROIX DE BERNY-RER#", "marker-color": "#818181"}}, {"type": "Feature", "geometry": {"type": "Point", "coordinates": [2.254712, 48.766373]}, "properties": {"numparc": 5829, "etat de la localisation": "autre", "ID BDGEO": "5335", "horodatage": "2023-05-11 13:14:25", "distance (en metres)": 54.53, "station": "FRANCIS DE PRESSENSE", "marker-color": "#818181"}}, {"type": "Feature", "geometry": {"type": "Point", "coordinates": [2.27237, 48.763775]}, "properties": {"numparc": 5829, "etat de la localisation": "autre", "ID BDGEO": "5348", "horodatage": "2023-05-11 13:19:12", "distance (en metres)": 154.29, "station": "LES VALLEES", "marker-color": "#818181"}}, {"type": "Feature", "geometry": {"type": "Point", "coordinates": [2.280356, 48.762676]}, "properties": {"numparc": 5829, "etat de la localisation": "autre", "ID BDGEO": "5311", "horodatage": "2023-05-11 13:21:14", "distance (en metres)": 263.6, "station": "CARREFOUR DU 19 MARS 1962", "marker-color": "#818181"}}, {"type": "Feature", "geometry": {"type": "Point", "coordinates": [2.28232, 48.762432]}, "properties": {"numparc": 5829, "etat de la localisation": "autre", "ID BDGEO": "5311", "horodatage": "2023-05-11 13:21:58", "distance (en metres)": 117.21, "station": "CARREFOUR DU 19 MARS 1962", "marker-color": "#818181"}}, {"type": "Feature", "geometry": {"type": "Point", "coordinates": [2.290535, 48.761292]}, "properties": {"numparc": 5829, "etat de la localisation": "autre", "ID BDGEO": "5309", "horodatage": "2023-05-11 13:23:35", "distance (en metres)": 67.36, "station": "CARREFOUR DE L'EUROPE", "marker-color": "#818181"}}, {"type": "Feature", "geometry": {"type": "Point", "coordinates": [2.302539, 48.762329]}, "properties": {"numparc": 5829, "etat de la localisation": "autre", "ID BDGEO": "6996", "horodatage": "2023-05-11 13:27:03", "distance (en metres)": 65.12, "station": "CROIX DE BERNY-RER", "marker-color": "#818181"}}, {"type": "Feature", "geometry": {"type": "Point", "coordinates": [2.30412, 48.762707]}, "properties": {"numparc": 5823, "etat de la localisation": "autre", "ID BDGEO": "6996", "horodatage": "2023-05-11 13:27:21", "distance (en metres)": 188.33, "station": "CROIX DE BERNY-RER", "marker-color": "#818181"}}, {"type": "Feature", "geometry": {"type": "Point", "coordinates": [2.305223, 48.763062]}, "properties": {"numparc": 5823, "etat de la localisation": "autre", "ID BDGEO": "6996", "horodatage": "2023-05-11 13:31:43", "distance (en metres)": 278.03, "station": "CROIX DE BERNY-RER", "marker-color": "#818181"}}, {"type": "Feature", "geometry": {"type": "Point", "coordinates": [2.302569, 48.762337]}, "properties": {"numparc": 5829, "etat de la localisation": "autre", "ID BDGEO": "6996", "horodatage": "2023-05-11 13:36:38", "distance (en metres)": 67.46, "station": "CROIX DE BERNY-RER", "marker-color": "#818181"}}, {"type": "Feature", "geometry": {"type": "Point", "coordinates": [2.249563, 48.769306]}, "properties": {"numparc": 5837, "etat de la localisation": "autre", "ID BDGEO": "5227", "horodatage": "2023-05-11 13:37:24", "distance (en metres)": 76.15, "station": "LA FERME DE MALABRY", "marker-color": "#818181"}}, {"type": "Feature", "geometry": {"type": "Point", "coordinates": [2.25118, 48.768425]}, "properties": {"numparc": 5837, "etat de la localisation": "autre", "ID BDGEO": "5332", "horodatage": "2023-05-11 13:38:04", "distance (en metres)": 47.91, "station": "CYRANO DE BERGERAC", "marker-color": "#818181"}}, {"type": "Feature", "geometry": {"type": "Point", "coordinates": [2.278551, 48.763081]}, "properties": {"numparc": 5823, "etat de la localisation": "autre", "ID BDGEO": "5349", "horodatage": "2023-05-11 13:38:34", "distance (en metres)": 60.45, "station": "LA BRIAUDE", "marker-color": "#818181"}}, {"type": "Feature", "geometry": {"type": "Point", "coordinates": [2.254718, 48.766354]}, "properties": {"numparc": 5837, "etat de la localisation": "autre", "ID BDGEO": "5335", "horodatage": "2023-05-11 13:39:43", "distance (en metres)": 53.38, "station": "FRANCIS DE PRESSENSE", "marker-color": "#818181"}}, {"type": "Feature", "geometry": {"type": "Point", "coordinates": [2.274672, 48.763603]}, "properties": {"numparc": 5823, "etat de la localisation": "autre", "ID BDGEO": "5347", "horodatage": "2023-05-11 13:40:18", "distance (en metres)": 48.21, "station": "LES VALLEES", "marker-color": "#818181"}}, {"type": "Feature", "geometry": {"type": "Point", "coordinates": [2.272652, 48.763958]}, "properties": {"numparc": 5823, "etat de la localisation": "autre", "ID BDGEO": "5346", "horodatage": "2023-05-11 13:41:00", "distance (en metres)": 87.05, "station": "PRESIDENT ALLENDE", "marker-color": "#818181"}}, {"type": "Feature", "geometry": {"type": "Point", "coordinates": [2.304113, 48.762703]}, "properties": {"numparc": 5829, "etat de la localisation": "autre", "ID BDGEO": "6996", "horodatage": "2023-05-11 13:43:09", "distance (en metres)": 187.7, "station": "CROIX DE BERNY-RER", "marker-color": "#818181"}}, {"type": "Feature", "geometry": {"type": "Point", "coordinates": [2.272428, 48.763763]}, "properties": {"numparc": 5837, "etat de la localisation": "autre", "ID BDGEO": "5348", "horodatage": "2023-05-11 13:44:00", "distance (en metres)": 149.91, "station": "LES VALLEES", "marker-color": "#818181"}}, {"type": "Feature", "geometry": {"type": "Point", "coordinates": [2.272542, 48.763744]}, "properties": {"numparc": 5837, "etat de la localisation": "autre", "ID BDGEO": "5348", "horodatage": "2023-05-11 13:44:20", "distance (en metres)": 141.36, "station": "LES VALLEES", "marker-color": "#818181"}}, {"type": "Feature", "geometry": {"type": "Point", "coordinates": [2.280427, 48.762688]}, "properties": {"numparc": 5837, "etat de la localisation": "autre", "ID BDGEO": "5311", "horodatage": "2023-05-11 13:45:43", "distance (en metres)": 258.67, "station": "CARREFOUR DU 19 MARS 1962", "marker-color": "#818181"}}, {"type": "Feature", "geometry": {"type": "Point", "coordinates": [2.28241, 48.762447]}, "properties": {"numparc": 5837, "etat de la localisation": "autre", "ID BDGEO": "5311", "horodatage": "2023-05-11 13:46:32", "distance (en metres)": 110.92, "station": "CARREFOUR DU 19 MARS 1962", "marker-color": "#818181"}}, {"type": "Feature", "geometry": {"type": "Point", "coordinates": [2.282475, 48.76244]}, "properties": {"numparc": 5837, "etat de la localisation": "autre", "ID BDGEO": "5311", "horodatage": "2023-05-11 13:47:01", "distance (en metres)": 106.08, "station": "CARREFOUR DU 19 MARS 1962", "marker-color": "#818181"}}, {"type": "Feature", "geometry": {"type": "Point", "coordinates": [2.290503, 48.761322]}, "properties": {"numparc": 5837, "etat de la localisation": "autre", "ID BDGEO": "5309", "horodatage": "2023-05-11 13:48:47", "distance (en metres)": 69.96, "station": "CARREFOUR DE L'EUROPE", "marker-color": "#818181"}}, {"type": "Feature", "geometry": {"type": "Point", "coordinates": [2.303625, 48.762547]}, "properties": {"numparc": 5837, "etat de la localisation": "autre", "ID BDGEO": "6996", "horodatage": "2023-05-11 13:51:36", "distance (en metres)": 148.15, "station": "CROIX DE BERNY-RER", "marker-color": "#818181"}}, {"type": "Feature", "geometry": {"type": "Point", "coordinates": [2.278558, 48.763077]}, "properties": {"numparc": 5829, "etat de la localisation": "autre", "ID BDGEO": "5349", "horodatage": "2023-05-11 13:54:12", "distance (en metres)": 59.84, "station": "LA BRIAUDE", "marker-color": "#818181"}}, {"type": "Feature", "geometry": {"type": "Point", "coordinates": [2.274704, 48.763599]}, "properties": {"numparc": 5829, "etat de la localisation": "autre", "ID BDGEO": "5347", "horodatage": "2023-05-11 13:54:58", "distance (en metres)": 45.85, "station": "LES VALLEES", "marker-color": "#818181"}}, {"type": "Feature", "geometry": {"type": "Point", "coordinates": [2.272601, 48.76395]}, "properties": {"numparc": 5829, "etat de la localisation": "autre", "ID BDGEO": "5346", "horodatage": "2023-05-11 13:55:41", "distance (en metres)": 83.33, "station": "PRESIDENT ALLENDE", "marker-color": "#818181"}}, {"type": "Feature", "geometry": {"type": "Point", "coordinates": [2.30419, 48.762711]}, "properties": {"numparc": 5837, "etat de la localisation": "autre", "ID BDGEO": "6996", "horodatage": "2023-05-11 13:58:42", "distance (en metres)": 193.28, "station": "CROIX DE BERNY-RER", "marker-color": "#818181"}}, {"type": "Feature", "geometry": {"type": "Point", "coordinates": [2.229957, 48.777386]}, "properties": {"numparc": 5825, "etat de la localisation": "autre", "ID BDGEO": "5327", "horodatage": "2023-05-11 14:03:49", "distance (en metres)": 56.74, "station": "RD POINT DU PETIT CLAMART", "marker-color": "#818181"}}, {"type": "Feature", "geometry": {"type": "Point", "coordinates": [2.251158, 48.768433]}, "properties": {"numparc": 5825, "etat de la localisation": "autre", "ID BDGEO": "5332", "horodatage": "2023-05-11 14:09:50", "distance (en metres)": 46.19, "station": "CYRANO DE BERGERAC", "marker-color": "#818181"}}, {"type": "Feature", "geometry": {"type": "Point", "coordinates": [2.254742, 48.766346]}, "properties": {"numparc": 5825, "etat de la localisation": "autre", "ID BDGEO": "5335", "horodatage": "2023-05-11 14:11:16", "distance (en metres)": 51.45, "station": "FRANCIS DE PRESSENSE", "marker-color": "#818181"}}, {"type": "Feature", "geometry": {"type": "Point", "coordinates": [2.272517, 48.763973]}, "properties": {"numparc": 5837, "etat de la localisation": "autre", "ID BDGEO": "5346", "horodatage": "2023-05-11 14:12:37", "distance (en metres)": 77.14, "station": "PRESIDENT ALLENDE", "marker-color": "#818181"}}, {"type": "Feature", "geometry": {"type": "Point", "coordinates": [2.272463, 48.763752]}, "properties": {"numparc": 5825, "etat de la localisation": "autre", "ID BDGEO": "5348", "horodatage": "2023-05-11 14:15:18", "distance (en metres)": 147.2, "station": "LES VALLEES", "marker-color": "#818181"}}, {"type": "Feature", "geometry": {"type": "Point", "coordinates": [2.280448, 48.762669]}, "properties": {"numparc": 5825, "etat de la localisation": "autre", "ID BDGEO": "5311", "horodatage": "2023-05-11 14:17:01", "distance (en metres)": 256.8, "station": "CARREFOUR DU 19 MARS 1962", "marker-color": "#818181"}}, {"type": "Feature", "geometry": {"type": "Point", "coordinates": [2.282413, 48.762432]}, "properties": {"numparc": 5825, "etat de la localisation": "autre", "ID BDGEO": "5311", "horodatage": "2023-05-11 14:17:45", "distance (en metres)": 110.45, "station": "CARREFOUR DU 19 MARS 1962", "marker-color": "#818181"}}, {"type": "Feature", "geometry": {"type": "Point", "coordinates": [2.251318, 48.768589]}, "properties": {"numparc": 5837, "etat de la localisation": "autre", "ID BDGEO": "5331", "horodatage": "2023-05-11 14:18:03", "distance (en metres)": 41.4, "station": "CYRANO DE BERGERAC", "marker-color": "#818181"}}, {"type": "Feature", "geometry": {"type": "Point", "coordinates": [2.290385, 48.761333]}, "properties": {"numparc": 5825, "etat de la localisation": "autre", "ID BDGEO": "5309", "horodatage": "2023-05-11 14:19:27", "distance (en metres)": 78.69, "station": "CARREFOUR DE L'EUROPE", "marker-color": "#818181"}}, {"type": "Feature", "geometry": {"type": "Point", "coordinates": [2.249556, 48.769333]}, "properties": {"numparc": 5823, "etat de la localisation": "autre", "ID BDGEO": "5227", "horodatage": "2023-05-11 14:20:47", "distance (en metres)": 73.7, "station": "LA FERME DE MALABRY", "marker-color": "#818181"}}, {"type": "Feature", "geometry": {"type": "Point", "coordinates": [2.25114, 48.768471]}, "properties": {"numparc": 5823, "etat de la localisation": "autre", "ID BDGEO": "5332", "horodatage": "2023-05-11 14:21:40", "distance (en metres)": 42.26, "station": "CYRANO DE BERGERAC", "marker-color": "#818181"}}, {"type": "Feature", "geometry": {"type": "Point", "coordinates": [2.303918, 48.76263]}, "properties": {"numparc": 5825, "etat de la localisation": "autre", "ID BDGEO": "6996", "horodatage": "2023-05-11 14:22:19", "distance (en metres)": 171.5, "station": "CROIX DE BERNY-RER", "marker-color": "#818181"}}, {"type": "Feature", "geometry": {"type": "Point", "coordinates": [2.254728, 48.766388]}, "properties": {"numparc": 5823, "etat de la localisation": "autre", "ID BDGEO": "5335", "horodatage": "2023-05-11 14:23:19", "distance (en metres)": 54.1, "station": "FRANCIS DE PRESSENSE", "marker-color": "#818181"}}, {"type": "Feature", "geometry": {"type": "Point", "coordinates": [2.249609, 48.769287]}, "properties": {"numparc": 5829, "etat de la localisation": "autre", "ID BDGEO": "5227", "horodatage": "2023-05-11 14:26:56", "distance (en metres)": 80.03, "station": "LA FERME DE MALABRY", "marker-color": "#818181"}}, {"type": "Feature", "geometry": {"type": "Point", "coordinates": [2.251191, 48.768421]}, "properties": {"numparc": 5829, "etat de la localisation": "autre", "ID BDGEO": "5332", "horodatage": "2023-05-11 14:27:38", "distance (en metres)": 48.78, "station": "CYRANO DE BERGERAC", "marker-color": "#818181"}}, {"type": "Feature", "geometry": {"type": "Point", "coordinates": [2.272573, 48.763763]}, "properties": {"numparc": 5823, "etat de la localisation": "autre", "ID BDGEO": "5348", "horodatage": "2023-05-11 14:27:39", "distance (en metres)": 139.38, "station": "LES VALLEES", "marker-color": "#818181"}}, {"type": "Feature", "geometry": {"type": "Point", "coordinates": [2.272573, 48.763763]}, "properties": {"numparc": 5823, "etat de la localisation": "autre", "ID BDGEO": "5348", "horodatage": "2023-05-11 14:27:46", "distance (en metres)": 139.38, "station": "LES VALLEES", "marker-color": "#818181"}}, {"type": "Feature", "geometry": {"type": "Point", "coordinates": [2.25474, 48.766365]}, "properties": {"numparc": 5829, "etat de la localisation": "autre", "ID BDGEO": "5335", "horodatage": "2023-05-11 14:29:15", "distance (en metres)": 52.32, "station": "FRANCIS DE PRESSENSE", "marker-color": "#818181"}}, {"type": "Feature", "geometry": {"type": "Point", "coordinates": [2.280353, 48.762703]}, "properties": {"numparc": 5823, "etat de la localisation": "autre", "ID BDGEO": "5311", "horodatage": "2023-05-11 14:29:44", "distance (en metres)": 264.29, "station": "CARREFOUR DU 19 MARS 1962", "marker-color": "#818181"}}, {"type": "Feature", "geometry": {"type": "Point", "coordinates": [2.282377, 48.762455]}, "properties": {"numparc": 5823, "etat de la localisation": "autre", "ID BDGEO": "5311", "horodatage": "2023-05-11 14:30:29", "distance (en metres)": 113.43, "station": "CARREFOUR DU 19 MARS 1962", "marker-color": "#818181"}}, {"type": "Feature", "geometry": {"type": "Point", "coordinates": [2.290482, 48.761349]}, "properties": {"numparc": 5823, "etat de la localisation": "autre", "ID BDGEO": "5309", "horodatage": "2023-05-11 14:32:45", "distance (en metres)": 71.84, "station": "CARREFOUR DE L'EUROPE", "marker-color": "#818181"}}, {"type": "Feature", "geometry": {"type": "Point", "coordinates": [2.272474, 48.763744]}, "properties": {"numparc": 5829, "etat de la localisation": "autre", "ID BDGEO": "5348", "horodatage": "2023-05-11 14:33:40", "distance (en metres)": 146.3, "station": "LES VALLEES", "marker-color": "#818181"}}, {"type": "Feature", "geometry": {"type": "Point", "coordinates": [2.300355, 48.761768]}, "properties": {"numparc": 5823, "etat de la localisation": "autre", "ID BDGEO": "5306", "horodatage": "2023-05-11 14:34:40", "distance (en metres)": 42.05, "station": "SCEAUX-SOUS PREFECTURE", "marker-color": "#818181"}}, {"type": "Feature", "geometry": {"type": "Point", "coordinates": [2.280385, 48.762669]}, "properties": {"numparc": 5829, "etat de la localisation": "autre", "ID BDGEO": "5311", "horodatage": "2023-05-11 14:35:14", "distance (en metres)": 261.36, "station": "CARREFOUR DU 19 MARS 1962", "marker-color": "#818181"}}, {"type": "Feature", "geometry": {"type": "Point", "coordinates": [2.302343, 48.762276]}, "properties": {"numparc": 5823, "etat de la localisation": "autre", "ID BDGEO": "6996", "horodatage": "2023-05-11 14:35:37", "distance (en metres)": 49.56, "station": "CROIX DE BERNY-RER", "marker-color": "#818181"}}, {"type": "Feature", "geometry": {"type": "Point", "coordinates": [2.282405, 48.76244]}, "properties": {"numparc": 5829, "etat de la localisation": "autre", "ID BDGEO": "5311", "horodatage": "2023-05-11 14:36:05", "distance (en metres)": 111.16, "station": "CARREFOUR DU 19 MARS 1962", "marker-color": "#818181"}}, {"type": "Feature", "geometry": {"type": "Point", "coordinates": [2.278624, 48.763092]}, "properties": {"numparc": 5825, "etat de la localisation": "autre", "ID BDGEO": "5349", "horodatage": "2023-05-11 14:37:22", "distance (en metres)": 55.8, "station": "LA BRIAUDE", "marker-color": "#818181"}}, {"type": "Feature", "geometry": {"type": "Point", "coordinates": [2.303951, 48.762657]}, "properties": {"numparc": 5823, "etat de la localisation": "autre", "ID BDGEO": "6996", "horodatage": "2023-05-11 14:37:55", "distance (en metres)": 174.8, "station": "CROIX DE BERNY-RER", "marker-color": "#818181"}}, {"type": "Feature", "geometry": {"type": "Point", "coordinates": [2.290451, 48.761333]}, "properties": {"numparc": 5829, "etat de la localisation": "autre", "ID BDGEO": "5309", "horodatage": "2023-05-11 14:38:09", "distance (en metres)": 73.88, "station": "CARREFOUR DE L'EUROPE", "marker-color": "#818181"}}, {"type": "Feature", "geometry": {"type": "Point", "coordinates": [2.274729, 48.763615]}, "properties": {"numparc": 5825, "etat de la localisation": "autre", "ID BDGEO": "5347", "horodatage": "2023-05-11 14:38:15", "distance (en metres)": 44.68, "station": "LES VALLEES", "marker-color": "#818181"}}, {"type": "Feature", "geometry": {"type": "Point", "coordinates": [2.272437, 48.764008]}, "properties": {"numparc": 5825, "etat de la localisation": "autre", "ID BDGEO": "5346", "horodatage": "2023-05-11 14:38:58", "distance (en metres)": 71.39, "station": "PRESIDENT ALLENDE", "marker-color": "#818181"}}, {"type": "Feature", "geometry": {"type": "Point", "coordinates": [2.304171, 48.762703]}, "properties": {"numparc": 5829, "etat de la localisation": "autre", "ID BDGEO": "6996", "horodatage": "2023-05-11 14:40:25", "distance (en metres)": 191.69, "station": "CROIX DE BERNY-RER", "marker-color": "#818181"}}, {"type": "Feature", "geometry": {"type": "Point", "coordinates": [2.278583, 48.763084]}, "properties": {"numparc": 5823, "etat de la localisation": "autre", "ID BDGEO": "5349", "horodatage": "2023-05-11 14:47:08", "distance (en metres)": 58.35, "station": "LA BRIAUDE", "marker-color": "#818181"}}, {"type": "Feature", "geometry": {"type": "Point", "coordinates": [2.272665, 48.763958]}, "properties": {"numparc": 5823, "etat de la localisation": "autre", "ID BDGEO": "5346", "horodatage": "2023-05-11 14:48:26", "distance (en metres)": 88.01, "station": "PRESIDENT ALLENDE", "marker-color": "#818181"}}, {"type": "Feature", "geometry": {"type": "Point", "coordinates": [2.251306, 48.768597]}, "properties": {"numparc": 5823, "etat de la localisation": "autre", "ID BDGEO": "5331", "horodatage": "2023-05-11 14:54:54", "distance (en metres)": 40.33, "station": "CYRANO DE BERGERAC", "marker-color": "#818181"}}, {"type": "Feature", "geometry": {"type": "Point", "coordinates": [2.278574, 48.763088]}, "properties": {"numparc": 5829, "etat de la localisation": "autre", "ID BDGEO": "5349", "horodatage": "2023-05-11 14:57:17", "distance (en metres)": 59.12, "station": "LA BRIAUDE", "marker-color": "#818181"}}, {"type": "Feature", "geometry": {"type": "Point", "coordinates": [2.249781, 48.769165]}, "properties": {"numparc": 5837, "etat de la localisation": "autre", "ID BDGEO": "5332", "horodatage": "2023-05-11 14:58:13", "distance (en metres)": 84.1, "station": "CYRANO DE BERGERAC", "marker-color": "#818181"}}, {"type": "Feature", "geometry": {"type": "Point", "coordinates": [2.274709, 48.763615]}, "properties": {"numparc": 5829, "etat de la localisation": "autre", "ID BDGEO": "5347", "horodatage": "2023-05-11 14:58:15", "distance (en metres)": 46.06, "station": "LES VALLEES", "marker-color": "#818181"}}, {"type": "Feature", "geometry": {"type": "Point", "coordinates": [2.272607, 48.763973]}, "properties": {"numparc": 5829, "etat de la localisation": "autre", "ID BDGEO": "5346", "horodatage": "2023-05-11 14:58:59", "distance (en metres)": 83.75, "station": "PRESIDENT ALLENDE", "marker-color": "#818181"}}, {"type": "Feature", "geometry": {"type": "Point", "coordinates": [2.251147, 48.76841]}, "properties": {"numparc": 5837, "etat de la localisation": "autre", "ID BDGEO": "5332", "horodatage": "2023-05-11 14:59:24", "distance (en metres)": 47.53, "station": "CYRANO DE BERGERAC", "marker-color": "#818181"}}, {"type": "Feature", "geometry": {"type": "Point", "coordinates": [2.25471, 48.766354]}, "properties": {"numparc": 5837, "etat de la localisation": "autre", "ID BDGEO": "5335", "horodatage": "2023-05-11 15:00:46", "distance (en metres)": 53.94, "station": "FRANCIS DE PRESSENSE", "marker-color": "#818181"}}, {"type": "Feature", "geometry": {"type": "Point", "coordinates": [2.272371, 48.763752]}, "properties": {"numparc": 5837, "etat de la localisation": "autre", "ID BDGEO": "5348", "horodatage": "2023-05-11 15:04:48", "distance (en metres)": 153.9, "station": "LES VALLEES", "marker-color": "#818181"}}, {"type": "Feature", "geometry": {"type": "Point", "coordinates": [2.282431, 48.762428]}, "properties": {"numparc": 5837, "etat de la localisation": "autre", "ID BDGEO": "5311", "horodatage": "2023-05-11 15:06:49", "distance (en metres)": 109.1, "station": "CARREFOUR DU 19 MARS 1962", "marker-color": "#818181"}}, {"type": "Feature", "geometry": {"type": "Point", "coordinates": [2.290466, 48.761326]}, "properties": {"numparc": 5837, "etat de la localisation": "autre", "ID BDGEO": "5309", "horodatage": "2023-05-11 15:08:57", "distance (en metres)": 72.7, "station": "CARREFOUR DE L'EUROPE", "marker-color": "#818181"}}, {"type": "Feature", "geometry": {"type": "Point", "coordinates": [2.290516, 48.761318]}, "properties": {"numparc": 5837, "etat de la localisation": "autre", "ID BDGEO": "5309", "horodatage": "2023-05-11 15:09:16", "distance (en metres)": 68.98, "station": "CARREFOUR DE L'EUROPE", "marker-color": "#818181"}}, {"type": "Feature", "geometry": {"type": "Point", "coordinates": [2.298228, 48.722569]}, "properties": {"numparc": 5826, "etat de la localisation": "autre", "ID BDGEO": "7722", "horodatage": "2023-05-11 15:17:19", "distance (en metres)": 124.94, "station": "ANNEXE MONTROUGE SORTIE#", "marker-color": "#818181"}}, {"type": "Feature", "geometry": {"type": "Point", "coordinates": [2.249597, 48.769287]}, "properties": {"numparc": 5825, "etat de la localisation": "autre", "ID BDGEO": "5227", "horodatage": "2023-05-11 15:22:22", "distance (en metres)": 79.41, "station": "LA FERME DE MALABRY", "marker-color": "#818181"}}, {"type": "Feature", "geometry": {"type": "Point", "coordinates": [2.251183, 48.768417]}, "properties": {"numparc": 5825, "etat de la localisation": "autre", "ID BDGEO": "5332", "horodatage": "2023-05-11 15:23:16", "distance (en metres)": 48.68, "station": "CYRANO DE BERGERAC", "marker-color": "#818181"}}, {"type": "Feature", "geometry": {"type": "Point", "coordinates": [2.304179, 48.762707]}, "properties": {"numparc": 5837, "etat de la localisation": "autre", "ID BDGEO": "6996", "horodatage": "2023-05-11 15:23:27", "distance (en metres)": 192.38, "station": "CROIX DE BERNY-RER", "marker-color": "#818181"}}, {"type": "Feature", "geometry": {"type": "Point", "coordinates": [2.254716, 48.766354]}, "properties": {"numparc": 5825, "etat de la localisation": "autre", "ID BDGEO": "5335", "horodatage": "2023-05-11 15:24:45", "distance (en metres)": 53.53, "station": "FRANCIS DE PRESSENSE", "marker-color": "#818181"}}, {"type": "Feature", "geometry": {"type": "Point", "coordinates": [2.272445, 48.763741]}, "properties": {"numparc": 5825, "etat de la localisation": "autre", "ID BDGEO": "5348", "horodatage": "2023-05-11 15:29:25", "distance (en metres)": 148.37, "station": "LES VALLEES", "marker-color": "#818181"}}, {"type": "Feature", "geometry": {"type": "Point", "coordinates": [2.278566, 48.763092]}, "properties": {"numparc": 5837, "etat de la localisation": "autre", "ID BDGEO": "5349", "horodatage": "2023-05-11 15:30:18", "distance (en metres)": 59.82, "station": "LA BRIAUDE", "marker-color": "#818181"}}, {"type": "Feature", "geometry": {"type": "Point", "coordinates": [2.274683, 48.763615]}, "properties": {"numparc": 5837, "etat de la localisation": "autre", "ID BDGEO": "5347", "horodatage": "2023-05-11 15:31:06", "distance (en metres)": 47.85, "station": "LES VALLEES", "marker-color": "#818181"}}, {"type": "Feature", "geometry": {"type": "Point", "coordinates": [2.280315, 48.76265]}, "properties": {"numparc": 5825, "etat de la localisation": "autre", "ID BDGEO": "5311", "horodatage": "2023-05-11 15:31:08", "distance (en metres)": 266.11, "station": "CARREFOUR DU 19 MARS 1962", "marker-color": "#818181"}}, {"type": "Feature", "geometry": {"type": "Point", "coordinates": [2.272578, 48.763973]}, "properties": {"numparc": 5837, "etat de la localisation": "autre", "ID BDGEO": "5346", "horodatage": "2023-05-11 15:31:46", "distance (en metres)": 81.62, "station": "PRESIDENT ALLENDE", "marker-color": "#818181"}}, {"type": "Feature", "geometry": {"type": "Point", "coordinates": [2.282303, 48.762432]}, "properties": {"numparc": 5825, "etat de la localisation": "autre", "ID BDGEO": "5311", "horodatage": "2023-05-11 15:32:09", "distance (en metres)": 118.44, "station": "CARREFOUR DU 19 MARS 1962", "marker-color": "#818181"}}, {"type": "Feature", "geometry": {"type": "Point", "coordinates": [2.282375, 48.762424]}, "properties": {"numparc": 5825, "etat de la localisation": "autre", "ID BDGEO": "5311", "horodatage": "2023-05-11 15:32:21", "distance (en metres)": 113.1, "station": "CARREFOUR DU 19 MARS 1962", "marker-color": "#818181"}}, {"type": "Feature", "geometry": {"type": "Point", "coordinates": [2.29047, 48.761318]}, "properties": {"numparc": 5825, "etat de la localisation": "autre", "ID BDGEO": "5309", "horodatage": "2023-05-11 15:34:35", "distance (en metres)": 72.34, "station": "CARREFOUR DE L'EUROPE", "marker-color": "#818181"}}, {"type": "Feature", "geometry": {"type": "Point", "coordinates": [2.249636, 48.769333]}, "properties": {"numparc": 5823, "etat de la localisation": "autre", "ID BDGEO": "5227", "horodatage": "2023-05-11 15:36:19", "distance (en metres)": 78.03, "station": "LA FERME DE MALABRY", "marker-color": "#818181"}}, {"type": "Feature", "geometry": {"type": "Point", "coordinates": [2.300324, 48.761757]}, "properties": {"numparc": 5825, "etat de la localisation": "autre", "ID BDGEO": "5306", "horodatage": "2023-05-11 15:36:20", "distance (en metres)": 41.42, "station": "SCEAUX-SOUS PREFECTURE", "marker-color": "#818181"}}, {"type": "Feature", "geometry": {"type": "Point", "coordinates": [2.251178, 48.768478]}, "properties": {"numparc": 5823, "etat de la localisation": "autre", "ID BDGEO": "5332", "horodatage": "2023-05-11 15:37:29", "distance (en metres)": 43.76, "station": "CYRANO DE BERGERAC", "marker-color": "#818181"}}, {"type": "Feature", "geometry": {"type": "Point", "coordinates": [2.251181, 48.768478]}, "properties": {"numparc": 5823, "etat de la localisation": "autre", "ID BDGEO": "5332", "horodatage": "2023-05-11 15:37:50", "distance (en metres)": 43.92, "station": "CYRANO DE BERGERAC", "marker-color": "#818181"}}, {"type": "Feature", "geometry": {"type": "Point", "coordinates": [2.304114, 48.76268]}, "properties": {"numparc": 5825, "etat de la localisation": "autre", "ID BDGEO": "6996", "horodatage": "2023-05-11 15:37:55", "distance (en metres)": 186.89, "station": "CROIX DE BERNY-RER", "marker-color": "#818181"}}, {"type": "Feature", "geometry": {"type": "Point", "coordinates": [2.30371, 48.762604]}, "properties": {"numparc": 5826, "etat de la localisation": "autre", "ID BDGEO": "6996", "horodatage": "2023-05-11 15:38:20", "distance (en metres)": 156.17, "station": "CROIX DE BERNY-RER", "marker-color": "#818181"}}, {"type": "Feature", "geometry": {"type": "Point", "coordinates": [2.254735, 48.766418]}, "properties": {"numparc": 5823, "etat de la localisation": "autre", "ID BDGEO": "5335", "horodatage": "2023-05-11 15:39:00", "distance (en metres)": 55.1, "station": "FRANCIS DE PRESSENSE", "marker-color": "#818181"}}, {"type": "Feature", "geometry": {"type": "Point", "coordinates": [2.303891, 48.762657]}, "properties": {"numparc": 5826, "etat de la localisation": "autre", "ID BDGEO": "6996", "horodatage": "2023-05-11 15:39:14", "distance (en metres)": 170.68, "station": "CROIX DE BERNY-RER", "marker-color": "#818181"}}, {"type": "Feature", "geometry": {"type": "Point", "coordinates": [2.249573, 48.769287]}, "properties": {"numparc": 5829, "etat de la localisation": "autre", "ID BDGEO": "5227", "horodatage": "2023-05-11 15:44:25", "distance (en metres)": 78.17, "station": "LA FERME DE MALABRY", "marker-color": "#818181"}}, {"type": "Feature", "geometry": {"type": "Point", "coordinates": [2.304102, 48.762714]}, "properties": {"numparc": 5826, "etat de la localisation": "autre", "ID BDGEO": "6996", "horodatage": "2023-05-11 15:44:37", "distance (en metres)": 187.4, "station": "CROIX DE BERNY-RER", "marker-color": "#818181"}}, {"type": "Feature", "geometry": {"type": "Point", "coordinates": [2.272568, 48.763783]}, "properties": {"numparc": 5823, "etat de la localisation": "autre", "ID BDGEO": "5348", "horodatage": "2023-05-11 15:44:56", "distance (en metres)": 140.05, "station": "LES VALLEES", "marker-color": "#818181"}}, {"type": "Feature", "geometry": {"type": "Point", "coordinates": [2.25116, 48.768421]}, "properties": {"numparc": 5829, "etat de la localisation": "autre", "ID BDGEO": "5332", "horodatage": "2023-05-11 15:45:44", "distance (en metres)": 47.21, "station": "CYRANO DE BERGERAC", "marker-color": "#818181"}}, {"type": "Feature", "geometry": {"type": "Point", "coordinates": [2.280361, 48.762745]}, "properties": {"numparc": 5823, "etat de la localisation": "autre", "ID BDGEO": "5311", "horodatage": "2023-05-11 15:46:42", "distance (en metres)": 264.56, "station": "CARREFOUR DU 19 MARS 1962", "marker-color": "#818181"}}, {"type": "Feature", "geometry": {"type": "Point", "coordinates": [2.254719, 48.766354]}, "properties": {"numparc": 5829, "etat de la localisation": "autre", "ID BDGEO": "5335", "horodatage": "2023-05-11 15:46:59", "distance (en metres)": 53.31, "station": "FRANCIS DE PRESSENSE", "marker-color": "#818181"}}, {"type": "Feature", "geometry": {"type": "Point", "coordinates": [2.282345, 48.762501]}, "properties": {"numparc": 5823, "etat de la localisation": "autre", "ID BDGEO": "5311", "horodatage": "2023-05-11 15:47:23", "distance (en metres)": 116.62, "station": "CARREFOUR DU 19 MARS 1962", "marker-color": "#818181"}}, {"type": "Feature", "geometry": {"type": "Point", "coordinates": [2.219326, 48.785625]}, "properties": {"numparc": 5837, "etat de la localisation": "autre", "ID BDGEO": "5316", "horodatage": "2023-05-11 15:47:40", "distance (en metres)": 49.93, "station": "VELIZY2", "marker-color": "#818181"}}, {"type": "Feature", "geometry": {"type": "Point", "coordinates": [2.290353, 48.761383]}, "properties": {"numparc": 5823, "etat de la localisation": "autre", "ID BDGEO": "5309", "horodatage": "2023-05-11 15:48:53", "distance (en metres)": 81.76, "station": "CARREFOUR DE L'EUROPE", "marker-color": "#818181"}}, {"type": "Feature", "geometry": {"type": "Point", "coordinates": [2.290606, 48.761349]}, "properties": {"numparc": 5823, "etat de la localisation": "autre", "ID BDGEO": "5309", "horodatage": "2023-05-11 15:49:34", "distance (en metres)": 62.85, "station": "CARREFOUR DE L'EUROPE", "marker-color": "#818181"}}, {"type": "Feature", "geometry": {"type": "Point", "coordinates": [2.272666, 48.763714]}, "properties": {"numparc": 5829, "etat de la localisation": "autre", "ID BDGEO": "5348", "horodatage": "2023-05-11 15:51:18", "distance (en metres)": 131.94, "station": "LES VALLEES", "marker-color": "#818181"}}, {"type": "Feature", "geometry": {"type": "Point", "coordinates": [2.278553, 48.763111]}, "properties": {"numparc": 5825, "etat de la localisation": "autre", "ID BDGEO": "5349", "horodatage": "2023-05-11 15:51:40", "distance (en metres)": 61.42, "station": "LA BRIAUDE", "marker-color": "#818181"}}, {"type": "Feature", "geometry": {"type": "Point", "coordinates": [2.302793, 48.762409]}, "properties": {"numparc": 5823, "etat de la localisation": "autre", "ID BDGEO": "6996", "horodatage": "2023-05-11 15:51:50", "distance (en metres)": 85.72, "station": "CROIX DE BERNY-RER", "marker-color": "#818181"}}, {"type": "Feature", "geometry": {"type": "Point", "coordinates": [2.274723, 48.763622]}, "properties": {"numparc": 5825, "etat de la localisation": "autre", "ID BDGEO": "5347", "horodatage": "2023-05-11 15:52:34", "distance (en metres)": 45.39, "station": "LES VALLEES", "marker-color": "#818181"}}, {"type": "Feature", "geometry": {"type": "Point", "coordinates": [2.304036, 48.762688]}, "properties": {"numparc": 5823, "etat de la localisation": "autre", "ID BDGEO": "6996", "horodatage": "2023-05-11 15:52:43", "distance (en metres)": 181.82, "station": "CROIX DE BERNY-RER", "marker-color": "#818181"}}, {"type": "Feature", "geometry": {"type": "Point", "coordinates": [2.280454, 48.762657]}, "properties": {"numparc": 5829, "etat de la localisation": "autre", "ID BDGEO": "5311", "horodatage": "2023-05-11 15:53:01", "distance (en metres)": 256.17, "station": "CARREFOUR DU 19 MARS 1962", "marker-color": "#818181"}}, {"type": "Feature", "geometry": {"type": "Point", "coordinates": [2.272574, 48.763973]}, "properties": {"numparc": 5825, "etat de la localisation": "autre", "ID BDGEO": "5346", "horodatage": "2023-05-11 15:53:40", "distance (en metres)": 81.32, "station": "PRESIDENT ALLENDE", "marker-color": "#818181"}}, {"type": "Feature", "geometry": {"type": "Point", "coordinates": [2.282296, 48.762444]}, "properties": {"numparc": 5829, "etat de la localisation": "autre", "ID BDGEO": "5311", "horodatage": "2023-05-11 15:53:40", "distance (en metres)": 119.13, "station": "CARREFOUR DU 19 MARS 1962", "marker-color": "#818181"}}, {"type": "Feature", "geometry": {"type": "Point", "coordinates": [2.282326, 48.762436]}, "properties": {"numparc": 5829, "etat de la localisation": "autre", "ID BDGEO": "5311", "horodatage": "2023-05-11 15:53:52", "distance (en metres)": 116.83, "station": "CARREFOUR DU 19 MARS 1962", "marker-color": "#818181"}}, {"type": "Feature", "geometry": {"type": "Point", "coordinates": [2.303929, 48.762638]}, "properties": {"numparc": 5829, "etat de la localisation": "autre", "ID BDGEO": "6996", "horodatage": "2023-05-11 15:57:57", "distance (en metres)": 172.56, "station": "CROIX DE BERNY-RER", "marker-color": "#818181"}}, {"type": "Feature", "geometry": {"type": "Point", "coordinates": [2.304174, 48.762707]}, "properties": {"numparc": 5829, "etat de la localisation": "autre", "ID BDGEO": "6996", "horodatage": "2023-05-11 16:00:06", "distance (en metres)": 192.04, "station": "CROIX DE BERNY-RER", "marker-color": "#818181"}}, {"type": "Feature", "geometry": {"type": "Point", "coordinates": [2.251293, 48.76857]}, "properties": {"numparc": 5826, "etat de la localisation": "autre", "ID BDGEO": "5331", "horodatage": "2023-05-11 16:02:03", "distance (en metres)": 40.35, "station": "CYRANO DE BERGERAC", "marker-color": "#818181"}}, {"type": "Feature", "geometry": {"type": "Point", "coordinates": [2.304174, 48.762707]}, "properties": {"numparc": 5829, "etat de la localisation": "autre", "ID BDGEO": "6996", "horodatage": "2023-05-11 16:11:00", "distance (en metres)": 192.04, "station": "CROIX DE BERNY-RER", "marker-color": "#818181"}}, {"type": "Feature", "geometry": {"type": "Point", "coordinates": [2.278577, 48.763077]}, "properties": {"numparc": 5823, "etat de la localisation": "autre", "ID BDGEO": "5349", "horodatage": "2023-05-11 16:11:29", "distance (en metres)": 58.5, "station": "LA BRIAUDE", "marker-color": "#818181"}}, {"type": "Feature", "geometry": {"type": "Point", "coordinates": [2.274717, 48.763588]}, "properties": {"numparc": 5823, "etat de la localisation": "autre", "ID BDGEO": "5347", "horodatage": "2023-05-11 16:12:19", "distance (en metres)": 44.55, "station": "LES VALLEES", "marker-color": "#818181"}}, {"type": "Feature", "geometry": {"type": "Point", "coordinates": [2.272662, 48.763969]}, "properties": {"numparc": 5823, "etat de la localisation": "autre", "ID BDGEO": "5346", "horodatage": "2023-05-11 16:13:25", "distance (en metres)": 87.77, "station": "PRESIDENT ALLENDE", "marker-color": "#818181"}}, {"type": "Feature", "geometry": {"type": "Point", "coordinates": [2.278557, 48.763069]}, "properties": {"numparc": 5829, "etat de la localisation": "autre", "ID BDGEO": "5349", "horodatage": "2023-05-11 16:17:54", "distance (en metres)": 59.66, "station": "LA BRIAUDE", "marker-color": "#818181"}}, {"type": "Feature", "geometry": {"type": "Point", "coordinates": [2.274722, 48.763588]}, "properties": {"numparc": 5829, "etat de la localisation": "autre", "ID BDGEO": "5347", "horodatage": "2023-05-11 16:18:49", "distance (en metres)": 44.2, "station": "LES VALLEES", "marker-color": "#818181"}}, {"type": "Feature", "geometry": {"type": "Point", "coordinates": [2.249658, 48.76923]}, "properties": {"numparc": 5837, "etat de la localisation": "autre", "ID BDGEO": "5227", "horodatage": "2023-05-11 16:20:05", "distance (en metres)": 87.09, "station": "LA FERME DE MALABRY", "marker-color": "#818181"}}, {"type": "Feature", "geometry": {"type": "Point", "coordinates": [2.272635, 48.763943]}, "properties": {"numparc": 5829, "etat de la localisation": "autre", "ID BDGEO": "5346", "horodatage": "2023-05-11 16:20:16", "distance (en metres)": 85.86, "station": "PRESIDENT ALLENDE", "marker-color": "#818181"}}, {"type": "Feature", "geometry": {"type": "Point", "coordinates": [2.251139, 48.768406]}, "properties": {"numparc": 5837, "etat de la localisation": "autre", "ID BDGEO": "5332", "horodatage": "2023-05-11 16:21:15", "distance (en metres)": 47.47, "station": "CYRANO DE BERGERAC", "marker-color": "#818181"}}, {"type": "Feature", "geometry": {"type": "Point", "coordinates": [2.254708, 48.766338]}, "properties": {"numparc": 5837, "etat de la localisation": "autre", "ID BDGEO": "5335", "horodatage": "2023-05-11 16:22:31", "distance (en metres)": 53.54, "station": "FRANCIS DE PRESSENSE", "marker-color": "#818181"}}, {"type": "Feature", "geometry": {"type": "Point", "coordinates": [2.251311, 48.768547]}, "properties": {"numparc": 5829, "etat de la localisation": "autre", "ID BDGEO": "5331", "horodatage": "2023-05-11 16:26:11", "distance (en metres)": 42.53, "station": "CYRANO DE BERGERAC", "marker-color": "#818181"}}, {"type": "Feature", "geometry": {"type": "Point", "coordinates": [2.219105, 48.785561]}, "properties": {"numparc": 5832, "etat de la localisation": "autre", "ID BDGEO": "5316", "horodatage": "2023-05-11 16:26:34", "distance (en metres)": 40.22, "station": "VELIZY2", "marker-color": "#818181"}}, {"type": "Feature", "geometry": {"type": "Point", "coordinates": [2.272364, 48.763718]}, "properties": {"numparc": 5837, "etat de la localisation": "autre", "ID BDGEO": "5348", "horodatage": "2023-05-11 16:27:15", "distance (en metres)": 154.01, "station": "LES VALLEES", "marker-color": "#818181"}}, {"type": "Feature", "geometry": {"type": "Point", "coordinates": [2.280319, 48.762642]}, "properties": {"numparc": 5837, "etat de la localisation": "autre", "ID BDGEO": "5311", "horodatage": "2023-05-11 16:29:42", "distance (en metres)": 265.7, "station": "CARREFOUR DU 19 MARS 1962", "marker-color": "#818181"}}, {"type": "Feature", "geometry": {"type": "Point", "coordinates": [2.282408, 48.76239]}, "properties": {"numparc": 5837, "etat de la localisation": "autre", "ID BDGEO": "5311", "horodatage": "2023-05-11 16:30:55", "distance (en metres)": 110.3, "station": "CARREFOUR DU 19 MARS 1962", "marker-color": "#818181"}}, {"type": "Feature", "geometry": {"type": "Point", "coordinates": [2.282408, 48.76239]}, "properties": {"numparc": 5837, "etat de la localisation": "autre", "ID BDGEO": "5311", "horodatage": "2023-05-11 16:31:11", "distance (en metres)": 110.3, "station": "CARREFOUR DU 19 MARS 1962", "marker-color": "#818181"}}, {"type": "Feature", "geometry": {"type": "Point", "coordinates": [2.219105, 48.785561]}, "properties": {"numparc": 5832, "etat de la localisation": "autre", "ID BDGEO": "5316", "horodatage": "2023-05-11 16:31:31", "distance (en metres)": 40.22, "station": "VELIZY2", "marker-color": "#818181"}}, {"type": "Feature", "geometry": {"type": "Point", "coordinates": [2.290545, 48.76128]}, "properties": {"numparc": 5837, "etat de la localisation": "autre", "ID BDGEO": "5309", "horodatage": "2023-05-11 16:32:56", "distance (en metres)": 66.58, "station": "CARREFOUR DE L'EUROPE", "marker-color": "#818181"}}, {"type": "Feature", "geometry": {"type": "Point", "coordinates": [2.304009, 48.762638]}, "properties": {"numparc": 5837, "etat de la localisation": "autre", "ID BDGEO": "6996", "horodatage": "2023-05-11 16:35:52", "distance (en metres)": 178.07, "station": "CROIX DE BERNY-RER", "marker-color": "#818181"}}, {"type": "Feature", "geometry": {"type": "Point", "coordinates": [2.249594, 48.769276]}, "properties": {"numparc": 5825, "etat de la localisation": "autre", "ID BDGEO": "5227", "horodatage": "2023-05-11 16:36:53", "distance (en metres)": 80.16, "station": "LA FERME DE MALABRY", "marker-color": "#818181"}}, {"type": "Feature", "geometry": {"type": "Point", "coordinates": [2.251171, 48.768402]}, "properties": {"numparc": 5825, "etat de la localisation": "autre", "ID BDGEO": "5332", "horodatage": "2023-05-11 16:37:40", "distance (en metres)": 49.33, "station": "CYRANO DE BERGERAC", "marker-color": "#818181"}}, {"type": "Feature", "geometry": {"type": "Point", "coordinates": [2.254735, 48.766338]}, "properties": {"numparc": 5825, "etat de la localisation": "autre", "ID BDGEO": "5335", "horodatage": "2023-05-11 16:38:54", "distance (en metres)": 51.66, "station": "FRANCIS DE PRESSENSE", "marker-color": "#818181"}}, {"type": "Feature", "geometry": {"type": "Point", "coordinates": [2.304191, 48.762691]}, "properties": {"numparc": 5837, "etat de la localisation": "autre", "ID BDGEO": "6996", "horodatage": "2023-05-11 16:40:53", "distance (en metres)": 192.64, "station": "CROIX DE BERNY-RER", "marker-color": "#818181"}}, {"type": "Feature", "geometry": {"type": "Point", "coordinates": [2.249604, 48.769287]}, "properties": {"numparc": 5826, "etat de la localisation": "autre", "ID BDGEO": "5227", "horodatage": "2023-05-11 16:43:12", "distance (en metres)": 79.77, "station": "LA FERME DE MALABRY", "marker-color": "#818181"}}, {"type": "Feature", "geometry": {"type": "Point", "coordinates": [2.272468, 48.763725]}, "properties": {"numparc": 5825, "etat de la localisation": "autre", "ID BDGEO": "5348", "horodatage": "2023-05-11 16:44:20", "distance (en metres)": 146.5, "station": "LES VALLEES", "marker-color": "#818181"}}, {"type": "Feature", "geometry": {"type": "Point", "coordinates": [2.251187, 48.768406]}, "properties": {"numparc": 5826, "etat de la localisation": "autre", "ID BDGEO": "5332", "horodatage": "2023-05-11 16:44:41", "distance (en metres)": 49.81, "station": "CYRANO DE BERGERAC", "marker-color": "#818181"}}, {"type": "Feature", "geometry": {"type": "Point", "coordinates": [2.280436, 48.76265]}, "properties": {"numparc": 5825, "etat de la localisation": "autre", "ID BDGEO": "5311", "horodatage": "2023-05-11 16:46:29", "distance (en metres)": 257.33, "station": "CARREFOUR DU 19 MARS 1962", "marker-color": "#818181"}}, {"type": "Feature", "geometry": {"type": "Point", "coordinates": [2.254746, 48.766335]}, "properties": {"numparc": 5826, "etat de la localisation": "autre", "ID BDGEO": "5335", "horodatage": "2023-05-11 16:46:41", "distance (en metres)": 50.76, "station": "FRANCIS DE PRESSENSE", "marker-color": "#818181"}}, {"type": "Feature", "geometry": {"type": "Point", "coordinates": [2.28234, 48.762417]}, "properties": {"numparc": 5825, "etat de la localisation": "autre", "ID BDGEO": "5311", "horodatage": "2023-05-11 16:47:19", "distance (en metres)": 115.55, "station": "CARREFOUR DU 19 MARS 1962", "marker-color": "#818181"}}, {"type": "Feature", "geometry": {"type": "Point", "coordinates": [2.304191, 48.762691]}, "properties": {"numparc": 5837, "etat de la localisation": "autre", "ID BDGEO": "6996", "horodatage": "2023-05-11 16:48:47", "distance (en metres)": 192.64, "station": "CROIX DE BERNY-RER", "marker-color": "#818181"}}, {"type": "Feature", "geometry": {"type": "Point", "coordinates": [2.290519, 48.761288]}, "properties": {"numparc": 5825, "etat de la localisation": "autre", "ID BDGEO": "5309", "horodatage": "2023-05-11 16:49:23", "distance (en metres)": 68.51, "station": "CARREFOUR DE L'EUROPE", "marker-color": "#818181"}}, {"type": "Feature", "geometry": {"type": "Point", "coordinates": [2.272516, 48.763729]}, "properties": {"numparc": 5826, "etat de la localisation": "autre", "ID BDGEO": "5348", "horodatage": "2023-05-11 16:51:42", "distance (en metres)": 143.05, "station": "LES VALLEES", "marker-color": "#818181"}}, {"type": "Feature", "geometry": {"type": "Point", "coordinates": [2.303841, 48.762604]}, "properties": {"numparc": 5825, "etat de la localisation": "autre", "ID BDGEO": "6996", "horodatage": "2023-05-11 16:52:19", "distance (en metres)": 165.2, "station": "CROIX DE BERNY-RER", "marker-color": "#818181"}}, {"type": "Feature", "geometry": {"type": "Point", "coordinates": [2.28041, 48.762657]}, "properties": {"numparc": 5826, "etat de la localisation": "autre", "ID BDGEO": "5311", "horodatage": "2023-05-11 16:53:37", "distance (en metres)": 259.35, "station": "CARREFOUR DU 19 MARS 1962", "marker-color": "#818181"}}, {"type": "Feature", "geometry": {"type": "Point", "coordinates": [2.282296, 48.762444]}, "properties": {"numparc": 5826, "etat de la localisation": "autre", "ID BDGEO": "5311", "horodatage": "2023-05-11 16:54:22", "distance (en metres)": 119.13, "station": "CARREFOUR DU 19 MARS 1962", "marker-color": "#818181"}}, {"type": "Feature", "geometry": {"type": "Point", "coordinates": [2.249586, 48.769341]}, "properties": {"numparc": 5823, "etat de la localisation": "autre", "ID BDGEO": "5227", "horodatage": "2023-05-11 16:54:27", "distance (en metres)": 74.73, "station": "LA FERME DE MALABRY", "marker-color": "#818181"}}, {"type": "Feature", "geometry": {"type": "Point", "coordinates": [2.251146, 48.768478]}, "properties": {"numparc": 5823, "etat de la localisation": "autre", "ID BDGEO": "5332", "horodatage": "2023-05-11 16:55:18", "distance (en metres)": 42.0, "station": "CYRANO DE BERGERAC", "marker-color": "#818181"}}, {"type": "Feature", "geometry": {"type": "Point", "coordinates": [2.290537, 48.761303]}, "properties": {"numparc": 5826, "etat de la localisation": "autre", "ID BDGEO": "5309", "horodatage": "2023-05-11 16:56:16", "distance (en metres)": 67.29, "station": "CARREFOUR DE L'EUROPE", "marker-color": "#818181"}}, {"type": "Feature", "geometry": {"type": "Point", "coordinates": [2.272562, 48.763973]}, "properties": {"numparc": 5837, "etat de la localisation": "autre", "ID BDGEO": "5346", "horodatage": "2023-05-11 16:56:42", "distance (en metres)": 80.45, "station": "PRESIDENT ALLENDE", "marker-color": "#818181"}}, {"type": "Feature", "geometry": {"type": "Point", "coordinates": [2.254707, 48.766415]}, "properties": {"numparc": 5823, "etat de la localisation": "autre", "ID BDGEO": "5335", "horodatage": "2023-05-11 16:56:52", "distance (en metres)": 56.74, "station": "FRANCIS DE PRESSENSE", "marker-color": "#818181"}}, {"type": "Feature", "geometry": {"type": "Point", "coordinates": [2.303641, 48.762592]}, "properties": {"numparc": 5826, "etat de la localisation": "autre", "ID BDGEO": "6996", "horodatage": "2023-05-11 17:01:18", "distance (en metres)": 151.0, "station": "CROIX DE BERNY-RER", "marker-color": "#818181"}}, {"type": "Feature", "geometry": {"type": "Point", "coordinates": [2.304164, 48.762699]}, "properties": {"numparc": 5825, "etat de la localisation": "autre", "ID BDGEO": "6996", "horodatage": "2023-05-11 17:01:25", "distance (en metres)": 191.05, "station": "CROIX DE BERNY-RER", "marker-color": "#818181"}}, {"type": "Feature", "geometry": {"type": "Point", "coordinates": [2.303939, 48.762669]}, "properties": {"numparc": 5826, "etat de la localisation": "autre", "ID BDGEO": "6996", "horodatage": "2023-05-11 17:01:45", "distance (en metres)": 174.43, "station": "CROIX DE BERNY-RER", "marker-color": "#818181"}}, {"type": "Feature", "geometry": {"type": "Point", "coordinates": [2.272459, 48.763809]}, "properties": {"numparc": 5823, "etat de la localisation": "autre", "ID BDGEO": "5348", "horodatage": "2023-05-11 17:03:47", "distance (en metres)": 148.41, "station": "LES VALLEES", "marker-color": "#818181"}}, {"type": "Feature", "geometry": {"type": "Point", "coordinates": [2.2803, 48.762703]}, "properties": {"numparc": 5823, "etat de la localisation": "autre", "ID BDGEO": "5311", "horodatage": "2023-05-11 17:05:29", "distance (en metres)": 268.13, "station": "CARREFOUR DU 19 MARS 1962", "marker-color": "#818181"}}, {"type": "Feature", "geometry": {"type": "Point", "coordinates": [2.282332, 48.762447]}, "properties": {"numparc": 5823, "etat de la localisation": "autre", "ID BDGEO": "5311", "horodatage": "2023-05-11 17:06:36", "distance (en metres)": 116.57, "station": "CARREFOUR DU 19 MARS 1962", "marker-color": "#818181"}}, {"type": "Feature", "geometry": {"type": "Point", "coordinates": [2.24958, 48.769276]}, "properties": {"numparc": 5829, "etat de la localisation": "autre", "ID BDGEO": "5227", "horodatage": "2023-05-11 17:06:36", "distance (en metres)": 79.44, "station": "LA FERME DE MALABRY", "marker-color": "#818181"}}, {"type": "Feature", "geometry": {"type": "Point", "coordinates": [2.251166, 48.768406]}, "properties": {"numparc": 5829, "etat de la localisation": "autre", "ID BDGEO": "5332", "horodatage": "2023-05-11 17:07:34", "distance (en metres)": 48.77, "station": "CYRANO DE BERGERAC", "marker-color": "#818181"}}, {"type": "Feature", "geometry": {"type": "Point", "coordinates": [2.290495, 48.761333]}, "properties": {"numparc": 5823, "etat de la localisation": "autre", "ID BDGEO": "5309", "horodatage": "2023-05-11 17:08:43", "distance (en metres)": 70.68, "station": "CARREFOUR DE L'EUROPE", "marker-color": "#818181"}}, {"type": "Feature", "geometry": {"type": "Point", "coordinates": [2.254708, 48.76635]}, "properties": {"numparc": 5829, "etat de la localisation": "autre", "ID BDGEO": "5335", "horodatage": "2023-05-11 17:10:03", "distance (en metres)": 53.93, "station": "FRANCIS DE PRESSENSE", "marker-color": "#818181"}}, {"type": "Feature", "geometry": {"type": "Point", "coordinates": [2.30033, 48.761749]}, "properties": {"numparc": 5823, "etat de la localisation": "autre", "ID BDGEO": "5306", "horodatage": "2023-05-11 17:11:02", "distance (en metres)": 42.34, "station": "SCEAUX-SOUS PREFECTURE", "marker-color": "#818181"}}, {"type": "Feature", "geometry": {"type": "Point", "coordinates": [2.304142, 48.762703]}, "properties": {"numparc": 5826, "etat de la localisation": "autre", "ID BDGEO": "6996", "horodatage": "2023-05-11 17:11:22", "distance (en metres)": 189.69, "station": "CROIX DE BERNY-RER", "marker-color": "#818181"}}, {"type": "Feature", "geometry": {"type": "Point", "coordinates": [2.302562, 48.762318]}, "properties": {"numparc": 5823, "etat de la localisation": "autre", "ID BDGEO": "6996", "horodatage": "2023-05-11 17:12:16", "distance (en metres)": 66.21, "station": "CROIX DE BERNY-RER", "marker-color": "#818181"}}, {"type": "Feature", "geometry": {"type": "Point", "coordinates": [2.249615, 48.769325]}, "properties": {"numparc": 5832, "etat de la localisation": "autre", "ID BDGEO": "5227", "horodatage": "2023-05-11 17:12:25", "distance (en metres)": 77.44, "station": "LA FERME DE MALABRY", "marker-color": "#818181"}}, {"type": "Feature", "geometry": {"type": "Point", "coordinates": [2.251189, 48.768452]}, "properties": {"numparc": 5832, "etat de la localisation": "autre", "ID BDGEO": "5332", "horodatage": "2023-05-11 17:13:14", "distance (en metres)": 46.32, "station": "CYRANO DE BERGERAC", "marker-color": "#818181"}}, {"type": "Feature", "geometry": {"type": "Point", "coordinates": [2.272539, 48.763702]}, "properties": {"numparc": 5829, "etat de la localisation": "autre", "ID BDGEO": "5348", "horodatage": "2023-05-11 17:13:58", "distance (en metres)": 141.09, "station": "LES VALLEES", "marker-color": "#818181"}}, {"type": "Feature", "geometry": {"type": "Point", "coordinates": [2.25473, 48.76638]}, "properties": {"numparc": 5832, "etat de la localisation": "autre", "ID BDGEO": "5335", "horodatage": "2023-05-11 17:14:51", "distance (en metres)": 53.64, "station": "FRANCIS DE PRESSENSE", "marker-color": "#818181"}}, {"type": "Feature", "geometry": {"type": "Point", "coordinates": [2.219161, 48.785583]}, "properties": {"numparc": 5837, "etat de la localisation": "autre", "ID BDGEO": "5316", "horodatage": "2023-05-11 17:15:21", "distance (en metres)": 42.91, "station": "VELIZY2", "marker-color": "#818181"}}, {"type": "Feature", "geometry": {"type": "Point", "coordinates": [2.280386, 48.762627]}, "properties": {"numparc": 5829, "etat de la localisation": "autre", "ID BDGEO": "5311", "horodatage": "2023-05-11 17:15:39", "distance (en metres)": 260.6, "station": "CARREFOUR DU 19 MARS 1962", "marker-color": "#818181"}}, {"type": "Feature", "geometry": {"type": "Point", "coordinates": [2.282362, 48.762386]}, "properties": {"numparc": 5829, "etat de la localisation": "autre", "ID BDGEO": "5311", "horodatage": "2023-05-11 17:16:27", "distance (en metres)": 113.62, "station": "CARREFOUR DU 19 MARS 1962", "marker-color": "#818181"}}, {"type": "Feature", "geometry": {"type": "Point", "coordinates": [2.278594, 48.763084]}, "properties": {"numparc": 5825, "etat de la localisation": "autre", "ID BDGEO": "5349", "horodatage": "2023-05-11 17:17:32", "distance (en metres)": 57.59, "station": "LA BRIAUDE", "marker-color": "#818181"}}, {"type": "Feature", "geometry": {"type": "Point", "coordinates": [2.274713, 48.763611]}, "properties": {"numparc": 5825, "etat de la localisation": "autre", "ID BDGEO": "5347", "horodatage": "2023-05-11 17:18:37", "distance (en metres)": 45.63, "station": "LES VALLEES", "marker-color": "#818181"}}, {"type": "Feature", "geometry": {"type": "Point", "coordinates": [2.290503, 48.761272]}, "properties": {"numparc": 5829, "etat de la localisation": "autre", "ID BDGEO": "5309", "horodatage": "2023-05-11 17:18:55", "distance (en metres)": 69.63, "station": "CARREFOUR DE L'EUROPE", "marker-color": "#818181"}}, {"type": "Feature", "geometry": {"type": "Point", "coordinates": [2.272601, 48.763969]}, "properties": {"numparc": 5825, "etat de la localisation": "autre", "ID BDGEO": "5346", "horodatage": "2023-05-11 17:19:20", "distance (en metres)": 83.3, "station": "PRESIDENT ALLENDE", "marker-color": "#818181"}}, {"type": "Feature", "geometry": {"type": "Point", "coordinates": [2.302562, 48.762318]}, "properties": {"numparc": 5823, "etat de la localisation": "autre", "ID BDGEO": "6996", "horodatage": "2023-05-11 17:20:17", "distance (en metres)": 66.21, "station": "CROIX DE BERNY-RER", "marker-color": "#818181"}}, {"type": "Feature", "geometry": {"type": "Point", "coordinates": [2.272575, 48.763744]}, "properties": {"numparc": 5832, "etat de la localisation": "autre", "ID BDGEO": "5348", "horodatage": "2023-05-11 17:20:26", "distance (en metres)": 138.96, "station": "LES VALLEES", "marker-color": "#818181"}}, {"type": "Feature", "geometry": {"type": "Point", "coordinates": [2.302445, 48.762238]}, "properties": {"numparc": 5829, "etat de la localisation": "autre", "ID BDGEO": "6996", "horodatage": "2023-05-11 17:20:51", "distance (en metres)": 55.3, "station": "CROIX DE BERNY-RER", "marker-color": "#818181"}}, {"type": "Feature", "geometry": {"type": "Point", "coordinates": [2.280392, 48.762665]}, "properties": {"numparc": 5832, "etat de la localisation": "autre", "ID BDGEO": "5311", "horodatage": "2023-05-11 17:22:27", "distance (en metres)": 260.79, "station": "CARREFOUR DU 19 MARS 1962", "marker-color": "#818181"}}, {"type": "Feature", "geometry": {"type": "Point", "coordinates": [2.278581, 48.763084]}, "properties": {"numparc": 5826, "etat de la localisation": "autre", "ID BDGEO": "5349", "horodatage": "2023-05-11 17:22:42", "distance (en metres)": 58.5, "station": "LA BRIAUDE", "marker-color": "#818181"}}, {"type": "Feature", "geometry": {"type": "Point", "coordinates": [2.282385, 48.762444]}, "properties": {"numparc": 5832, "etat de la localisation": "autre", "ID BDGEO": "5311", "horodatage": "2023-05-11 17:23:11", "distance (en metres)": 112.66, "station": "CARREFOUR DU 19 MARS 1962", "marker-color": "#818181"}}, {"type": "Feature", "geometry": {"type": "Point", "coordinates": [2.282403, 48.76244]}, "properties": {"numparc": 5832, "etat de la localisation": "autre", "ID BDGEO": "5311", "horodatage": "2023-05-11 17:23:31", "distance (en metres)": 111.3, "station": "CARREFOUR DU 19 MARS 1962", "marker-color": "#818181"}}, {"type": "Feature", "geometry": {"type": "Point", "coordinates": [2.304103, 48.762676]}, "properties": {"numparc": 5823, "etat de la localisation": "autre", "ID BDGEO": "6996", "horodatage": "2023-05-11 17:24:01", "distance (en metres)": 185.98, "station": "CROIX DE BERNY-RER", "marker-color": "#818181"}}, {"type": "Feature", "geometry": {"type": "Point", "coordinates": [2.272619, 48.763966]}, "properties": {"numparc": 5826, "etat de la localisation": "autre", "ID BDGEO": "5346", "horodatage": "2023-05-11 17:24:01", "distance (en metres)": 84.62, "station": "PRESIDENT ALLENDE", "marker-color": "#818181"}}, {"type": "Feature", "geometry": {"type": "Point", "coordinates": [2.29048, 48.761333]}, "properties": {"numparc": 5832, "etat de la localisation": "autre", "ID BDGEO": "5309", "horodatage": "2023-05-11 17:25:15", "distance (en metres)": 71.78, "station": "CARREFOUR DE L'EUROPE", "marker-color": "#818181"}}, {"type": "Feature", "geometry": {"type": "Point", "coordinates": [2.251605, 48.768429]}, "properties": {"numparc": 5825, "etat de la localisation": "autre", "ID BDGEO": "5331", "horodatage": "2023-05-11 17:25:29", "distance (en metres)": 67.6, "station": "CYRANO DE BERGERAC", "marker-color": "#818181"}}, {"type": "Feature", "geometry": {"type": "Point", "coordinates": [2.300344, 48.761749]}, "properties": {"numparc": 5832, "etat de la localisation": "autre", "ID BDGEO": "5306", "horodatage": "2023-05-11 17:27:07", "distance (en metres)": 43.03, "station": "SCEAUX-SOUS PREFECTURE", "marker-color": "#818181"}}, {"type": "Feature", "geometry": {"type": "Point", "coordinates": [2.30242, 48.762287]}, "properties": {"numparc": 5832, "etat de la localisation": "autre", "ID BDGEO": "6996", "horodatage": "2023-05-11 17:27:55", "distance (en metres)": 55.27, "station": "CROIX DE BERNY-RER", "marker-color": "#818181"}}, {"type": "Feature", "geometry": {"type": "Point", "coordinates": [2.251375, 48.768539]}, "properties": {"numparc": 5826, "etat de la localisation": "autre", "ID BDGEO": "5331", "horodatage": "2023-05-11 17:31:54", "distance (en metres)": 47.18, "station": "CYRANO DE BERGERAC", "marker-color": "#818181"}}, {"type": "Feature", "geometry": {"type": "Point", "coordinates": [2.251338, 48.768562]}, "properties": {"numparc": 5826, "etat de la localisation": "autre", "ID BDGEO": "5331", "horodatage": "2023-05-11 17:32:13", "distance (en metres)": 43.74, "station": "CYRANO DE BERGERAC", "marker-color": "#818181"}}, {"type": "Feature", "geometry": {"type": "Point", "coordinates": [2.304155, 48.762653]}, "properties": {"numparc": 5829, "etat de la localisation": "autre", "ID BDGEO": "6996", "horodatage": "2023-05-11 17:34:55", "distance (en metres)": 188.75, "station": "CROIX DE BERNY-RER", "marker-color": "#818181"}}, {"type": "Feature", "geometry": {"type": "Point", "coordinates": [2.304155, 48.762653]}, "properties": {"numparc": 5829, "etat de la localisation": "autre", "ID BDGEO": "6996", "horodatage": "2023-05-11 17:35:31", "distance (en metres)": 188.75, "station": "CROIX DE BERNY-RER", "marker-color": "#818181"}}, {"type": "Feature", "geometry": {"type": "Point", "coordinates": [2.27863, 48.763103]}, "properties": {"numparc": 5823, "etat de la localisation": "autre", "ID BDGEO": "5349", "horodatage": "2023-05-11 17:35:41", "distance (en metres)": 55.85, "station": "LA BRIAUDE", "marker-color": "#818181"}}, {"type": "Feature", "geometry": {"type": "Point", "coordinates": [2.304125, 48.762695]}, "properties": {"numparc": 5832, "etat de la localisation": "autre", "ID BDGEO": "6996", "horodatage": "2023-05-11 17:36:37", "distance (en metres)": 188.23, "station": "CROIX DE BERNY-RER", "marker-color": "#818181"}}, {"type": "Feature", "geometry": {"type": "Point", "coordinates": [2.274792, 48.763634]}, "properties": {"numparc": 5823, "etat de la localisation": "autre", "ID BDGEO": "5347", "horodatage": "2023-05-11 17:36:40", "distance (en metres)": 41.28, "station": "LES VALLEES", "marker-color": "#818181"}}, {"type": "Feature", "geometry": {"type": "Point", "coordinates": [2.272725, 48.763992]}, "properties": {"numparc": 5823, "etat de la localisation": "autre", "ID BDGEO": "5346", "horodatage": "2023-05-11 17:37:26", "distance (en metres)": 92.42, "station": "PRESIDENT ALLENDE", "marker-color": "#818181"}}, {"type": "Feature", "geometry": {"type": "Point", "coordinates": [2.219108, 48.785561]}, "properties": {"numparc": 5825, "etat de la localisation": "autre", "ID BDGEO": "5316", "horodatage": "2023-05-11 17:37:29", "distance (en metres)": 40.22, "station": "VELIZY2", "marker-color": "#818181"}}, {"type": "Feature", "geometry": {"type": "Point", "coordinates": [2.278586, 48.763081]}, "properties": {"numparc": 5829, "etat de la localisation": "autre", "ID BDGEO": "5349", "horodatage": "2023-05-11 17:43:31", "distance (en metres)": 58.02, "station": "LA BRIAUDE", "marker-color": "#818181"}}, {"type": "Feature", "geometry": {"type": "Point", "coordinates": [2.251428, 48.76857]}, "properties": {"numparc": 5823, "etat de la localisation": "autre", "ID BDGEO": "5331", "horodatage": "2023-05-11 17:43:34", "distance (en metres)": 49.73, "station": "CYRANO DE BERGERAC", "marker-color": "#818181"}}, {"type": "Feature", "geometry": {"type": "Point", "coordinates": [2.272625, 48.763954]}, "properties": {"numparc": 5829, "etat de la localisation": "autre", "ID BDGEO": "5346", "horodatage": "2023-05-11 17:44:41", "distance (en metres)": 85.08, "station": "PRESIDENT ALLENDE", "marker-color": "#818181"}}, {"type": "Feature", "geometry": {"type": "Point", "coordinates": [2.272452, 48.763973]}, "properties": {"numparc": 5829, "etat de la localisation": "autre", "ID BDGEO": "5346", "horodatage": "2023-05-11 17:45:25", "distance (en metres)": 72.39, "station": "PRESIDENT ALLENDE", "marker-color": "#818181"}}, {"type": "Feature", "geometry": {"type": "Point", "coordinates": [2.278611, 48.763096]}, "properties": {"numparc": 5832, "etat de la localisation": "autre", "ID BDGEO": "5349", "horodatage": "2023-05-11 17:48:31", "distance (en metres)": 56.85, "station": "LA BRIAUDE", "marker-color": "#818181"}}, {"type": "Feature", "geometry": {"type": "Point", "coordinates": [2.249598, 48.769257]}, "properties": {"numparc": 5837, "etat de la localisation": "autre", "ID BDGEO": "5227", "horodatage": "2023-05-11 17:49:42", "distance (en metres)": 81.9, "station": "LA FERME DE MALABRY", "marker-color": "#818181"}}, {"type": "Feature", "geometry": {"type": "Point", "coordinates": [2.274787, 48.763615]}, "properties": {"numparc": 5832, "etat de la localisation": "autre", "ID BDGEO": "5347", "horodatage": "2023-05-11 17:49:44", "distance (en metres)": 40.73, "station": "LES VALLEES", "marker-color": "#818181"}}, {"type": "Feature", "geometry": {"type": "Point", "coordinates": [2.272663, 48.763973]}, "properties": {"numparc": 5832, "etat de la localisation": "autre", "ID BDGEO": "5346", "horodatage": "2023-05-11 17:50:26", "distance (en metres)": 87.85, "station": "PRESIDENT ALLENDE", "marker-color": "#818181"}}, {"type": "Feature", "geometry": {"type": "Point", "coordinates": [2.251345, 48.768559]}, "properties": {"numparc": 5829, "etat de la localisation": "autre", "ID BDGEO": "5331", "horodatage": "2023-05-11 17:51:10", "distance (en metres)": 44.36, "station": "CYRANO DE BERGERAC", "marker-color": "#818181"}}, {"type": "Feature", "geometry": {"type": "Point", "coordinates": [2.251153, 48.76841]}, "properties": {"numparc": 5837, "etat de la localisation": "autre", "ID BDGEO": "5332", "horodatage": "2023-05-11 17:51:25", "distance (en metres)": 47.82, "station": "CYRANO DE BERGERAC", "marker-color": "#818181"}}, {"type": "Feature", "geometry": {"type": "Point", "coordinates": [2.254733, 48.766342]}, "properties": {"numparc": 5837, "etat de la localisation": "autre", "ID BDGEO": "5335", "horodatage": "2023-05-11 17:53:09", "distance (en metres)": 51.92, "station": "FRANCIS DE PRESSENSE", "marker-color": "#818181"}}, {"type": "Feature", "geometry": {"type": "Point", "coordinates": [2.251442, 48.768513]}, "properties": {"numparc": 5832, "etat de la localisation": "autre", "ID BDGEO": "5331", "horodatage": "2023-05-11 17:57:30", "distance (en metres)": 52.85, "station": "CYRANO DE BERGERAC", "marker-color": "#818181"}}, {"type": "Feature", "geometry": {"type": "Point", "coordinates": [2.272346, 48.763744]}, "properties": {"numparc": 5837, "etat de la localisation": "autre", "ID BDGEO": "5348", "horodatage": "2023-05-11 17:58:10", "distance (en metres)": 155.62, "station": "LES VALLEES", "marker-color": "#818181"}}, {"type": "Feature", "geometry": {"type": "Point", "coordinates": [2.280398, 48.762638]}, "properties": {"numparc": 5837, "etat de la localisation": "autre", "ID BDGEO": "5311", "horodatage": "2023-05-11 17:59:36", "distance (en metres)": 259.91, "station": "CARREFOUR DU 19 MARS 1962", "marker-color": "#818181"}}, {"type": "Feature", "geometry": {"type": "Point", "coordinates": [2.282326, 48.762424]}, "properties": {"numparc": 5837, "etat de la localisation": "autre", "ID BDGEO": "5311", "horodatage": "2023-05-11 18:00:13", "distance (en metres)": 116.67, "station": "CARREFOUR DU 19 MARS 1962", "marker-color": "#818181"}}, {"type": "Feature", "geometry": {"type": "Point", "coordinates": [2.290481, 48.761288]}, "properties": {"numparc": 5837, "etat de la localisation": "autre", "ID BDGEO": "5309", "horodatage": "2023-05-11 18:02:08", "distance (en metres)": 71.29, "station": "CARREFOUR DE L'EUROPE", "marker-color": "#818181"}}, {"type": "Feature", "geometry": {"type": "Point", "coordinates": [2.304182, 48.762703]}, "properties": {"numparc": 5837, "etat de la localisation": "autre", "ID BDGEO": "5607", "horodatage": "2023-05-11 18:04:44", "distance (en metres)": 205.98, "station": "CROIX DE BERNY-RE#", "marker-color": "#818181"}}, {"type": "Feature", "geometry": {"type": "Point", "coordinates": [2.304116, 48.762707]}, "properties": {"numparc": 5857, "etat de la localisation": "autre", "ID BDGEO": "6996", "horodatage": "2023-05-11 18:05:34", "distance (en metres)": 188.06, "station": "CROIX DE BERNY-RER", "marker-color": "#818181"}}, {"type": "Feature", "geometry": {"type": "Point", "coordinates": [2.304055, 48.76268]}, "properties": {"numparc": 5822, "etat de la localisation": "autre", "ID BDGEO": "6996", "horodatage": "2023-05-11 18:10:46", "distance (en metres)": 182.82, "station": "CROIX DE BERNY-RER", "marker-color": "#818181"}}, {"type": "Feature", "geometry": {"type": "Point", "coordinates": [2.304055, 48.76268]}, "properties": {"numparc": 5822, "etat de la localisation": "autre", "ID BDGEO": "6996", "horodatage": "2023-05-11 18:11:31", "distance (en metres)": 182.82, "station": "CROIX DE BERNY-RER", "marker-color": "#818181"}}, {"type": "Feature", "geometry": {"type": "Point", "coordinates": [2.278592, 48.763096]}, "properties": {"numparc": 5857, "etat de la localisation": "autre", "ID BDGEO": "5349", "horodatage": "2023-05-11 18:15:16", "distance (en metres)": 58.14, "station": "LA BRIAUDE", "marker-color": "#818181"}}, {"type": "Feature", "geometry": {"type": "Point", "coordinates": [2.274719, 48.763622]}, "properties": {"numparc": 5857, "etat de la localisation": "autre", "ID BDGEO": "5347", "horodatage": "2023-05-11 18:16:15", "distance (en metres)": 45.67, "station": "LES VALLEES", "marker-color": "#818181"}}, {"type": "Feature", "geometry": {"type": "Point", "coordinates": [2.272617, 48.763981]}, "properties": {"numparc": 5857, "etat de la localisation": "autre", "ID BDGEO": "5346", "horodatage": "2023-05-11 18:17:00", "distance (en metres)": 84.49, "station": "PRESIDENT ALLENDE", "marker-color": "#818181"}}, {"type": "Feature", "geometry": {"type": "Point", "coordinates": [2.272611, 48.763973]}, "properties": {"numparc": 5857, "etat de la localisation": "autre", "ID BDGEO": "5346", "horodatage": "2023-05-11 18:17:08", "distance (en metres)": 84.03, "station": "PRESIDENT ALLENDE", "marker-color": "#818181"}}, {"type": "Feature", "geometry": {"type": "Point", "coordinates": [2.249638, 48.769287]}, "properties": {"numparc": 5825, "etat de la localisation": "autre", "ID BDGEO": "5227", "horodatage": "2023-05-11 18:17:20", "distance (en metres)": 81.56, "station": "LA FERME DE MALABRY", "marker-color": "#818181"}}, {"type": "Feature", "geometry": {"type": "Point", "coordinates": [2.251185, 48.768421]}, "properties": {"numparc": 5825, "etat de la localisation": "autre", "ID BDGEO": "5332", "horodatage": "2023-05-11 18:17:59", "distance (en metres)": 48.47, "station": "CYRANO DE BERGERAC", "marker-color": "#818181"}}, {"type": "Feature", "geometry": {"type": "Point", "coordinates": [2.278557, 48.763096]}, "properties": {"numparc": 5822, "etat de la localisation": "autre", "ID BDGEO": "5349", "horodatage": "2023-05-11 18:18:36", "distance (en metres)": 60.57, "station": "LA BRIAUDE", "marker-color": "#818181"}}, {"type": "Feature", "geometry": {"type": "Point", "coordinates": [2.254708, 48.766376]}, "properties": {"numparc": 5825, "etat de la localisation": "autre", "ID BDGEO": "5335", "horodatage": "2023-05-11 18:19:36", "distance (en metres)": 54.97, "station": "FRANCIS DE PRESSENSE", "marker-color": "#818181"}}, {"type": "Feature", "geometry": {"type": "Point", "coordinates": [2.272363, 48.763985]}, "properties": {"numparc": 5822, "etat de la localisation": "autre", "ID BDGEO": "5346", "horodatage": "2023-05-11 18:19:44", "distance (en metres)": 65.86, "station": "PRESIDENT ALLENDE", "marker-color": "#818181"}}, {"type": "Feature", "geometry": {"type": "Point", "coordinates": [2.249608, 48.76931]}, "properties": {"numparc": 5826, "etat de la localisation": "autre", "ID BDGEO": "5227", "horodatage": "2023-05-11 18:20:35", "distance (en metres)": 78.22, "station": "LA FERME DE MALABRY", "marker-color": "#818181"}}, {"type": "Feature", "geometry": {"type": "Point", "coordinates": [2.251174, 48.768433]}, "properties": {"numparc": 5826, "etat de la localisation": "autre", "ID BDGEO": "5332", "horodatage": "2023-05-11 18:21:35", "distance (en metres)": 47.0, "station": "CYRANO DE BERGERAC", "marker-color": "#818181"}}, {"type": "Feature", "geometry": {"type": "Point", "coordinates": [2.298237, 48.72253]}, "properties": {"numparc": 5837, "etat de la localisation": "autre", "ID BDGEO": "7722", "horodatage": "2023-05-11 18:21:41", "distance (en metres)": 121.59, "station": "ANNEXE MONTROUGE SORTIE#", "marker-color": "#818181"}}, {"type": "Feature", "geometry": {"type": "Point", "coordinates": [2.254739, 48.766361]}, "properties": {"numparc": 5826, "etat de la localisation": "autre", "ID BDGEO": "5335", "horodatage": "2023-05-11 18:23:23", "distance (en metres)": 52.23, "station": "FRANCIS DE PRESSENSE", "marker-color": "#818181"}}, {"type": "Feature", "geometry": {"type": "Point", "coordinates": [2.272503, 48.763752]}, "properties": {"numparc": 5825, "etat de la localisation": "autre", "ID BDGEO": "5348", "horodatage": "2023-05-11 18:26:35", "distance (en metres)": 144.3, "station": "LES VALLEES", "marker-color": "#818181"}}, {"type": "Feature", "geometry": {"type": "Point", "coordinates": [2.249582, 48.769363]}, "properties": {"numparc": 5823, "etat de la localisation": "autre", "ID BDGEO": "5227", "horodatage": "2023-05-11 18:27:58", "distance (en metres)": 72.82, "station": "LA FERME DE MALABRY", "marker-color": "#818181"}}, {"type": "Feature", "geometry": {"type": "Point", "coordinates": [2.280377, 48.76268]}, "properties": {"numparc": 5825, "etat de la localisation": "autre", "ID BDGEO": "5311", "horodatage": "2023-05-11 18:28:24", "distance (en metres)": 262.15, "station": "CARREFOUR DU 19 MARS 1962", "marker-color": "#818181"}}, {"type": "Feature", "geometry": {"type": "Point", "coordinates": [2.251171, 48.768475]}, "properties": {"numparc": 5823, "etat de la localisation": "autre", "ID BDGEO": "5332", "horodatage": "2023-05-11 18:28:41", "distance (en metres)": 43.65, "station": "CYRANO DE BERGERAC", "marker-color": "#818181"}}, {"type": "Feature", "geometry": {"type": "Point", "coordinates": [2.282403, 48.762436]}, "properties": {"numparc": 5825, "etat de la localisation": "autre", "ID BDGEO": "5311", "horodatage": "2023-05-11 18:29:15", "distance (en metres)": 111.24, "station": "CARREFOUR DU 19 MARS 1962", "marker-color": "#818181"}}, {"type": "Feature", "geometry": {"type": "Point", "coordinates": [2.272539, 48.763756]}, "properties": {"numparc": 5826, "etat de la localisation": "autre", "ID BDGEO": "5348", "horodatage": "2023-05-11 18:29:56", "distance (en metres)": 141.74, "station": "LES VALLEES", "marker-color": "#818181"}}, {"type": "Feature", "geometry": {"type": "Point", "coordinates": [2.254724, 48.766403]}, "properties": {"numparc": 5823, "etat de la localisation": "autre", "ID BDGEO": "5335", "horodatage": "2023-05-11 18:30:34", "distance (en metres)": 55.07, "station": "FRANCIS DE PRESSENSE", "marker-color": "#818181"}}, {"type": "Feature", "geometry": {"type": "Point", "coordinates": [2.290603, 48.761318]}, "properties": {"numparc": 5825, "etat de la localisation": "autre", "ID BDGEO": "5309", "horodatage": "2023-05-11 18:31:21", "distance (en metres)": 62.63, "station": "CARREFOUR DE L'EUROPE", "marker-color": "#818181"}}, {"type": "Feature", "geometry": {"type": "Point", "coordinates": [2.23796, 48.77615]}, "properties": {"numparc": 5822, "etat de la localisation": "autre", "ID BDGEO": "5328", "horodatage": "2023-05-11 18:31:27", "distance (en metres)": 41.89, "station": "LA BOURSIDIERE", "marker-color": "#818181"}}, {"type": "Feature", "geometry": {"type": "Point", "coordinates": [2.280461, 48.762646]}, "properties": {"numparc": 5826, "etat de la localisation": "autre", "ID BDGEO": "5311", "horodatage": "2023-05-11 18:32:06", "distance (en metres)": 255.46, "station": "CARREFOUR DU 19 MARS 1962", "marker-color": "#818181"}}, {"type": "Feature", "geometry": {"type": "Point", "coordinates": [2.282426, 48.762409]}, "properties": {"numparc": 5826, "etat de la localisation": "autre", "ID BDGEO": "5311", "horodatage": "2023-05-11 18:32:50", "distance (en metres)": 109.19, "station": "CARREFOUR DU 19 MARS 1962", "marker-color": "#818181"}}, {"type": "Feature", "geometry": {"type": "Point", "coordinates": [2.251181, 48.768414]}, "properties": {"numparc": 5829, "etat de la localisation": "autre", "ID BDGEO": "5332", "horodatage": "2023-05-11 18:33:50", "distance (en metres)": 48.88, "station": "CYRANO DE BERGERAC", "marker-color": "#818181"}}, {"type": "Feature", "geometry": {"type": "Point", "coordinates": [2.304065, 48.762669]}, "properties": {"numparc": 5825, "etat de la localisation": "autre", "ID BDGEO": "6996", "horodatage": "2023-05-11 18:34:01", "distance (en metres)": 183.08, "station": "CROIX DE BERNY-RER", "marker-color": "#818181"}}, {"type": "Feature", "geometry": {"type": "Point", "coordinates": [2.254696, 48.766384]}, "properties": {"numparc": 5829, "etat de la localisation": "autre", "ID BDGEO": "5335", "horodatage": "2023-05-11 18:34:57", "distance (en metres)": 56.11, "station": "FRANCIS DE PRESSENSE", "marker-color": "#818181"}}, {"type": "Feature", "geometry": {"type": "Point", "coordinates": [2.304065, 48.762669]}, "properties": {"numparc": 5825, "etat de la localisation": "autre", "ID BDGEO": "6996", "horodatage": "2023-05-11 18:36:13", "distance (en metres)": 183.08, "station": "CROIX DE BERNY-RER", "marker-color": "#818181"}}, {"type": "Feature", "geometry": {"type": "Point", "coordinates": [2.290534, 48.76128]}, "properties": {"numparc": 5826, "etat de la localisation": "autre", "ID BDGEO": "5309", "horodatage": "2023-05-11 18:36:29", "distance (en metres)": 67.38, "station": "CARREFOUR DE L'EUROPE", "marker-color": "#818181"}}, {"type": "Feature", "geometry": {"type": "Point", "coordinates": [2.272457, 48.763771]}, "properties": {"numparc": 5823, "etat de la localisation": "autre", "ID BDGEO": "5348", "horodatage": "2023-05-11 18:36:46", "distance (en metres)": 147.93, "station": "LES VALLEES", "marker-color": "#818181"}}, {"type": "Feature", "geometry": {"type": "Point", "coordinates": [2.290601, 48.761269]}, "properties": {"numparc": 5826, "etat de la localisation": "autre", "ID BDGEO": "5309", "horodatage": "2023-05-11 18:36:58", "distance (en metres)": 62.44, "station": "CARREFOUR DE L'EUROPE", "marker-color": "#818181"}}, {"type": "Feature", "geometry": {"type": "Point", "coordinates": [2.280342, 48.762684]}, "properties": {"numparc": 5823, "etat de la localisation": "autre", "ID BDGEO": "5311", "horodatage": "2023-05-11 18:39:06", "distance (en metres)": 264.73, "station": "CARREFOUR DU 19 MARS 1962", "marker-color": "#818181"}}, {"type": "Feature", "geometry": {"type": "Point", "coordinates": [2.303864, 48.762604]}, "properties": {"numparc": 5826, "etat de la localisation": "autre", "ID BDGEO": "6920", "horodatage": "2023-05-11 18:40:01", "distance (en metres)": 4145.77, "station": "LA FERME DE MALABRY#", "marker-color": "#818181"}}, {"type": "Feature", "geometry": {"type": "Point", "coordinates": [2.272507, 48.763733]}, "properties": {"numparc": 5829, "etat de la localisation": "autre", "ID BDGEO": "5348", "horodatage": "2023-05-11 18:40:21", "distance (en metres)": 143.76, "station": "LES VALLEES", "marker-color": "#818181"}}, {"type": "Feature", "geometry": {"type": "Point", "coordinates": [2.249639, 48.769325]}, "properties": {"numparc": 5832, "etat de la localisation": "autre", "ID BDGEO": "5227", "horodatage": "2023-05-11 18:41:02", "distance (en metres)": 78.75, "station": "LA FERME DE MALABRY", "marker-color": "#818181"}}, {"type": "Feature", "geometry": {"type": "Point", "coordinates": [2.282319, 48.762444]}, "properties": {"numparc": 5823, "etat de la localisation": "autre", "ID BDGEO": "5311", "horodatage": "2023-05-11 18:41:14", "distance (en metres)": 117.45, "station": "CARREFOUR DU 19 MARS 1962", "marker-color": "#818181"}}, {"type": "Feature", "geometry": {"type": "Point", "coordinates": [2.251188, 48.768467]}, "properties": {"numparc": 5832, "etat de la localisation": "autre", "ID BDGEO": "5332", "horodatage": "2023-05-11 18:42:02", "distance (en metres)": 45.14, "station": "CYRANO DE BERGERAC", "marker-color": "#818181"}}, {"type": "Feature", "geometry": {"type": "Point", "coordinates": [2.280387, 48.762665]}, "properties": {"numparc": 5829, "etat de la localisation": "autre", "ID BDGEO": "5311", "horodatage": "2023-05-11 18:43:14", "distance (en metres)": 261.15, "station": "CARREFOUR DU 19 MARS 1962", "marker-color": "#818181"}}, {"type": "Feature", "geometry": {"type": "Point", "coordinates": [2.254756, 48.766399]}, "properties": {"numparc": 5832, "etat de la localisation": "autre", "ID BDGEO": "5335", "horodatage": "2023-05-11 18:43:17", "distance (en metres)": 52.78, "station": "FRANCIS DE PRESSENSE", "marker-color": "#818181"}}, {"type": "Feature", "geometry": {"type": "Point", "coordinates": [2.29043, 48.761314]}, "properties": {"numparc": 5823, "etat de la localisation": "autre", "ID BDGEO": "5309", "horodatage": "2023-05-11 18:43:30", "distance (en metres)": 75.21, "station": "CARREFOUR DE L'EUROPE", "marker-color": "#818181"}}, {"type": "Feature", "geometry": {"type": "Point", "coordinates": [2.282379, 48.762436]}, "properties": {"numparc": 5829, "etat de la localisation": "autre", "ID BDGEO": "5311", "horodatage": "2023-05-11 18:44:54", "distance (en metres)": 112.99, "station": "CARREFOUR DU 19 MARS 1962", "marker-color": "#818181"}}, {"type": "Feature", "geometry": {"type": "Point", "coordinates": [2.278596, 48.763084]}, "properties": {"numparc": 5825, "etat de la localisation": "autre", "ID BDGEO": "5349", "horodatage": "2023-05-11 18:44:55", "distance (en metres)": 57.46, "station": "LA BRIAUDE", "marker-color": "#818181"}}, {"type": "Feature", "geometry": {"type": "Point", "coordinates": [2.274717, 48.763615]}, "properties": {"numparc": 5825, "etat de la localisation": "autre", "ID BDGEO": "5347", "horodatage": "2023-05-11 18:45:44", "distance (en metres)": 45.5, "station": "LES VALLEES", "marker-color": "#818181"}}, {"type": "Feature", "geometry": {"type": "Point", "coordinates": [2.303845, 48.762638]}, "properties": {"numparc": 5823, "etat de la localisation": "autre", "ID BDGEO": "6996", "horodatage": "2023-05-11 18:46:06", "distance (en metres)": 166.77, "station": "CROIX DE BERNY-RER", "marker-color": "#818181"}}, {"type": "Feature", "geometry": {"type": "Point", "coordinates": [2.272598, 48.763973]}, "properties": {"numparc": 5825, "etat de la localisation": "autre", "ID BDGEO": "5346", "horodatage": "2023-05-11 18:46:24", "distance (en metres)": 83.08, "station": "PRESIDENT ALLENDE", "marker-color": "#818181"}}, {"type": "Feature", "geometry": {"type": "Point", "coordinates": [2.304108, 48.762703]}, "properties": {"numparc": 5823, "etat de la localisation": "autre", "ID BDGEO": "6996", "horodatage": "2023-05-11 18:46:50", "distance (en metres)": 187.35, "station": "CROIX DE BERNY-RER", "marker-color": "#818181"}}, {"type": "Feature", "geometry": {"type": "Point", "coordinates": [2.290419, 48.761326]}, "properties": {"numparc": 5829, "etat de la localisation": "autre", "ID BDGEO": "5309", "horodatage": "2023-05-11 18:46:55", "distance (en metres)": 76.12, "station": "CARREFOUR DE L'EUROPE", "marker-color": "#818181"}}, {"type": "Feature", "geometry": {"type": "Point", "coordinates": [2.272458, 48.763786]}, "properties": {"numparc": 5832, "etat de la localisation": "autre", "ID BDGEO": "5348", "horodatage": "2023-05-11 18:48:05", "distance (en metres)": 148.08, "station": "LES VALLEES", "marker-color": "#818181"}}, {"type": "Feature", "geometry": {"type": "Point", "coordinates": [2.303991, 48.762669]}, "properties": {"numparc": 5829, "etat de la localisation": "autre", "ID BDGEO": "7722", "horodatage": "2023-05-11 18:49:12", "distance (en metres)": 4593.51, "station": "ANNEXE MONTROUGE SORTIE#", "marker-color": "#818181"}}, {"type": "Feature", "geometry": {"type": "Point", "coordinates": [2.280358, 48.762691]}, "properties": {"numparc": 5832, "etat de la localisation": "autre", "ID BDGEO": "5311", "horodatage": "2023-05-11 18:49:31", "distance (en metres)": 263.71, "station": "CARREFOUR DU 19 MARS 1962", "marker-color": "#818181"}}, {"type": "Feature", "geometry": {"type": "Point", "coordinates": [2.282346, 48.762447]}, "properties": {"numparc": 5832, "etat de la localisation": "autre", "ID BDGEO": "5311", "horodatage": "2023-05-11 18:50:20", "distance (en metres)": 115.55, "station": "CARREFOUR DU 19 MARS 1962", "marker-color": "#818181"}}, {"type": "Feature", "geometry": {"type": "Point", "coordinates": [2.282378, 48.762444]}, "properties": {"numparc": 5832, "etat de la localisation": "autre", "ID BDGEO": "5311", "horodatage": "2023-05-11 18:50:43", "distance (en metres)": 113.18, "station": "CARREFOUR DU 19 MARS 1962", "marker-color": "#818181"}}, {"type": "Feature", "geometry": {"type": "Point", "coordinates": [2.290447, 48.761341]}, "properties": {"numparc": 5832, "etat de la localisation": "autre", "ID BDGEO": "5309", "horodatage": "2023-05-11 18:52:45", "distance (en metres)": 74.28, "station": "CARREFOUR DE L'EUROPE", "marker-color": "#818181"}}, {"type": "Feature", "geometry": {"type": "Point", "coordinates": [2.278584, 48.763077]}, "properties": {"numparc": 5823, "etat de la localisation": "autre", "ID BDGEO": "5349", "horodatage": "2023-05-11 18:55:14", "distance (en metres)": 58.02, "station": "LA BRIAUDE", "marker-color": "#818181"}}, {"type": "Feature", "geometry": {"type": "Point", "coordinates": [2.303953, 48.762665]}, "properties": {"numparc": 5832, "etat de la localisation": "autre", "ID BDGEO": "6996", "horodatage": "2023-05-11 18:55:45", "distance (en metres)": 175.23, "station": "CROIX DE BERNY-RER", "marker-color": "#818181"}}, {"type": "Feature", "geometry": {"type": "Point", "coordinates": [2.274709, 48.763596]}, "properties": {"numparc": 5823, "etat de la localisation": "autre", "ID BDGEO": "5347", "horodatage": "2023-05-11 18:56:25", "distance (en metres)": 45.37, "station": "LES VALLEES", "marker-color": "#818181"}}, {"type": "Feature", "geometry": {"type": "Point", "coordinates": [2.27263, 48.763958]}, "properties": {"numparc": 5823, "etat de la localisation": "autre", "ID BDGEO": "5346", "horodatage": "2023-05-11 18:57:04", "distance (en metres)": 85.44, "station": "PRESIDENT ALLENDE", "marker-color": "#818181"}}, {"type": "Feature", "geometry": {"type": "Point", "coordinates": [2.304112, 48.762703]}, "properties": {"numparc": 5832, "etat de la localisation": "autre", "ID BDGEO": "6996", "horodatage": "2023-05-11 18:57:48", "distance (en metres)": 187.63, "station": "CROIX DE BERNY-RER", "marker-color": "#818181"}}, {"type": "Feature", "geometry": {"type": "Point", "coordinates": [2.298111, 48.722507]}, "properties": {"numparc": 5826, "etat de la localisation": "autre", "ID BDGEO": "7722", "horodatage": "2023-05-11 18:59:23", "distance (en metres)": 114.9, "station": "ANNEXE MONTROUGE SORTIE#", "marker-color": "#818181"}}, {"type": "Feature", "geometry": {"type": "Point", "coordinates": [2.304112, 48.762703]}, "properties": {"numparc": 5832, "etat de la localisation": "autre", "ID BDGEO": "6996", "horodatage": "2023-05-11 19:04:39", "distance (en metres)": 187.63, "station": "CROIX DE BERNY-RER", "marker-color": "#818181"}}, {"type": "Feature", "geometry": {"type": "Point", "coordinates": [2.249599, 48.769268]}, "properties": {"numparc": 5857, "etat de la localisation": "autre", "ID BDGEO": "5227", "horodatage": "2023-05-11 19:06:07", "distance (en metres)": 81.02, "station": "LA FERME DE MALABRY", "marker-color": "#818181"}}, {"type": "Feature", "geometry": {"type": "Point", "coordinates": [2.251182, 48.768398]}, "properties": {"numparc": 5857, "etat de la localisation": "autre", "ID BDGEO": "5332", "horodatage": "2023-05-11 19:07:18", "distance (en metres)": 50.18, "station": "CYRANO DE BERGERAC", "marker-color": "#818181"}}, {"type": "Feature", "geometry": {"type": "Point", "coordinates": [2.254742, 48.766342]}, "properties": {"numparc": 5857, "etat de la localisation": "autre", "ID BDGEO": "5335", "horodatage": "2023-05-11 19:08:45", "distance (en metres)": 51.31, "station": "FRANCIS DE PRESSENSE", "marker-color": "#818181"}}, {"type": "Feature", "geometry": {"type": "Point", "coordinates": [2.254736, 48.76635]}, "properties": {"numparc": 5822, "etat de la localisation": "autre", "ID BDGEO": "5335", "horodatage": "2023-05-11 19:09:38", "distance (en metres)": 52.0, "station": "FRANCIS DE PRESSENSE", "marker-color": "#818181"}}, {"type": "Feature", "geometry": {"type": "Point", "coordinates": [2.278576, 48.763096]}, "properties": {"numparc": 5832, "etat de la localisation": "autre", "ID BDGEO": "5349", "horodatage": "2023-05-11 19:11:17", "distance (en metres)": 59.26, "station": "LA BRIAUDE", "marker-color": "#818181"}}, {"type": "Feature", "geometry": {"type": "Point", "coordinates": [2.274762, 48.763638]}, "properties": {"numparc": 5832, "etat de la localisation": "autre", "ID BDGEO": "5347", "horodatage": "2023-05-11 19:12:05", "distance (en metres)": 43.44, "station": "LES VALLEES", "marker-color": "#818181"}}, {"type": "Feature", "geometry": {"type": "Point", "coordinates": [2.272621, 48.764]}, "properties": {"numparc": 5832, "etat de la localisation": "autre", "ID BDGEO": "5346", "horodatage": "2023-05-11 19:12:45", "distance (en metres)": 84.81, "station": "PRESIDENT ALLENDE", "marker-color": "#818181"}}, {"type": "Feature", "geometry": {"type": "Point", "coordinates": [2.27248, 48.763714]}, "properties": {"numparc": 5822, "etat de la localisation": "autre", "ID BDGEO": "5348", "horodatage": "2023-05-11 19:15:22", "distance (en metres)": 145.5, "station": "LES VALLEES", "marker-color": "#818181"}}, {"type": "Feature", "geometry": {"type": "Point", "coordinates": [2.282393, 48.762398]}, "properties": {"numparc": 5857, "etat de la localisation": "autre", "ID BDGEO": "5311", "horodatage": "2023-05-11 19:16:28", "distance (en metres)": 111.47, "station": "CARREFOUR DU 19 MARS 1962", "marker-color": "#818181"}}, {"type": "Feature", "geometry": {"type": "Point", "coordinates": [2.282333, 48.762363]}, "properties": {"numparc": 5822, "etat de la localisation": "autre", "ID BDGEO": "5311", "horodatage": "2023-05-11 19:18:03", "distance (en metres)": 115.55, "station": "CARREFOUR DU 19 MARS 1962", "marker-color": "#818181"}}, {"type": "Feature", "geometry": {"type": "Point", "coordinates": [2.290554, 48.761276]}, "properties": {"numparc": 5857, "etat de la localisation": "autre", "ID BDGEO": "5309", "horodatage": "2023-05-11 19:19:12", "distance (en metres)": 65.9, "station": "CARREFOUR DE L'EUROPE", "marker-color": "#818181"}}, {"type": "Feature", "geometry": {"type": "Point", "coordinates": [2.290446, 48.761269]}, "properties": {"numparc": 5822, "etat de la localisation": "autre", "ID BDGEO": "5309", "horodatage": "2023-05-11 19:20:47", "distance (en metres)": 73.8, "station": "CARREFOUR DE L'EUROPE", "marker-color": "#818181"}}, {"type": "Feature", "geometry": {"type": "Point", "coordinates": [2.251643, 48.768425]}, "properties": {"numparc": 5832, "etat de la localisation": "autre", "ID BDGEO": "5331", "horodatage": "2023-05-11 19:20:50", "distance (en metres)": 70.29, "station": "CYRANO DE BERGERAC", "marker-color": "#818181"}}, {"type": "Feature", "geometry": {"type": "Point", "coordinates": [2.251397, 48.768581]}, "properties": {"numparc": 5832, "etat de la localisation": "autre", "ID BDGEO": "5331", "horodatage": "2023-05-11 19:21:11", "distance (en metres)": 47.2, "station": "CYRANO DE BERGERAC", "marker-color": "#818181"}}, {"type": "Feature", "geometry": {"type": "Point", "coordinates": [2.251397, 48.768581]}, "properties": {"numparc": 5832, "etat de la localisation": "autre", "ID BDGEO": "5331", "horodatage": "2023-05-11 19:21:15", "distance (en metres)": 47.2, "station": "CYRANO DE BERGERAC", "marker-color": "#818181"}}, {"type": "Feature", "geometry": {"type": "Point", "coordinates": [2.304177, 48.762669]}, "properties": {"numparc": 5857, "etat de la localisation": "autre", "ID BDGEO": "6996", "horodatage": "2023-05-11 19:22:28", "distance (en metres)": 190.82, "station": "CROIX DE BERNY-RER", "marker-color": "#818181"}}, {"type": "Feature", "geometry": {"type": "Point", "coordinates": [2.298238, 48.72253]}, "properties": {"numparc": 5837, "etat de la localisation": "autre", "ID BDGEO": "7722", "horodatage": "2023-05-11 19:22:54", "distance (en metres)": 121.63, "station": "ANNEXE MONTROUGE SORTIE#", "marker-color": "#818181"}}, {"type": "Feature", "geometry": {"type": "Point", "coordinates": [2.30256, 48.762226]}, "properties": {"numparc": 5822, "etat de la localisation": "autre", "ID BDGEO": "6996", "horodatage": "2023-05-11 19:23:16", "distance (en metres)": 63.21, "station": "CROIX DE BERNY-RER", "marker-color": "#818181"}}, {"type": "Feature", "geometry": {"type": "Point", "coordinates": [2.249558, 48.769283]}, "properties": {"numparc": 5825, "etat de la localisation": "autre", "ID BDGEO": "5227", "horodatage": "2023-05-11 19:31:05", "distance (en metres)": 77.72, "station": "LA FERME DE MALABRY", "marker-color": "#818181"}}, {"type": "Feature", "geometry": {"type": "Point", "coordinates": [2.278559, 48.763081]}, "properties": {"numparc": 5857, "etat de la localisation": "autre", "ID BDGEO": "5349", "horodatage": "2023-05-11 19:31:25", "distance (en metres)": 59.9, "station": "LA BRIAUDE", "marker-color": "#818181"}}, {"type": "Feature", "geometry": {"type": "Point", "coordinates": [2.251116, 48.768368]}, "properties": {"numparc": 5825, "etat de la localisation": "autre", "ID BDGEO": "5332", "horodatage": "2023-05-11 19:31:46", "distance (en metres)": 49.81, "station": "CYRANO DE BERGERAC", "marker-color": "#818181"}}, {"type": "Feature", "geometry": {"type": "Point", "coordinates": [2.304088, 48.762604]}, "properties": {"numparc": 5822, "etat de la localisation": "autre", "ID BDGEO": "6996", "horodatage": "2023-05-11 19:32:14", "distance (en metres)": 182.36, "station": "CROIX DE BERNY-RER", "marker-color": "#818181"}}, {"type": "Feature", "geometry": {"type": "Point", "coordinates": [2.274705, 48.763607]}, "properties": {"numparc": 5857, "etat de la localisation": "autre", "ID BDGEO": "5347", "horodatage": "2023-05-11 19:32:43", "distance (en metres)": 46.05, "station": "LES VALLEES", "marker-color": "#818181"}}, {"type": "Feature", "geometry": {"type": "Point", "coordinates": [2.254601, 48.766289]}, "properties": {"numparc": 5825, "etat de la localisation": "autre", "ID BDGEO": "5335", "horodatage": "2023-05-11 19:32:51", "distance (en metres)": 59.83, "station": "FRANCIS DE PRESSENSE", "marker-color": "#818181"}}, {"type": "Feature", "geometry": {"type": "Point", "coordinates": [2.272612, 48.763962]}, "properties": {"numparc": 5857, "etat de la localisation": "autre", "ID BDGEO": "5346", "horodatage": "2023-05-11 19:33:30", "distance (en metres)": 84.13, "station": "PRESIDENT ALLENDE", "marker-color": "#818181"}}, {"type": "Feature", "geometry": {"type": "Point", "coordinates": [2.272457, 48.763634]}, "properties": {"numparc": 5825, "etat de la localisation": "autre", "ID BDGEO": "5348", "horodatage": "2023-05-11 19:37:47", "distance (en metres)": 146.62, "station": "LES VALLEES", "marker-color": "#818181"}}, {"type": "Feature", "geometry": {"type": "Point", "coordinates": [2.251192, 48.768433]}, "properties": {"numparc": 5823, "etat de la localisation": "autre", "ID BDGEO": "5332", "horodatage": "2023-05-11 19:38:32", "distance (en metres)": 47.95, "station": "CYRANO DE BERGERAC", "marker-color": "#818181"}}, {"type": "Feature", "geometry": {"type": "Point", "coordinates": [2.251366, 48.768536]}, "properties": {"numparc": 5857, "etat de la localisation": "autre", "ID BDGEO": "5331", "horodatage": "2023-05-11 19:39:10", "distance (en metres)": 46.73, "station": "CYRANO DE BERGERAC", "marker-color": "#818181"}}, {"type": "Feature", "geometry": {"type": "Point", "coordinates": [2.280196, 48.762547]}, "properties": {"numparc": 5825, "etat de la localisation": "autre", "ID BDGEO": "5311", "horodatage": "2023-05-11 19:39:15", "distance (en metres)": 273.35, "station": "CARREFOUR DU 19 MARS 1962", "marker-color": "#818181"}}, {"type": "Feature", "geometry": {"type": "Point", "coordinates": [2.27856, 48.763084]}, "properties": {"numparc": 5822, "etat de la localisation": "autre", "ID BDGEO": "5349", "horodatage": "2023-05-11 19:39:18", "distance (en metres)": 59.96, "station": "LA BRIAUDE", "marker-color": "#818181"}}, {"type": "Feature", "geometry": {"type": "Point", "coordinates": [2.254698, 48.766384]}, "properties": {"numparc": 5823, "etat de la localisation": "autre", "ID BDGEO": "5335", "horodatage": "2023-05-11 19:39:32", "distance (en metres)": 55.97, "station": "FRANCIS DE PRESSENSE", "marker-color": "#818181"}}, {"type": "Feature", "geometry": {"type": "Point", "coordinates": [2.281972, 48.762325]}, "properties": {"numparc": 5825, "etat de la localisation": "autre", "ID BDGEO": "5311", "horodatage": "2023-05-11 19:39:53", "distance (en metres)": 141.82, "station": "CARREFOUR DU 19 MARS 1962", "marker-color": "#818181"}}, {"type": "Feature", "geometry": {"type": "Point", "coordinates": [2.281972, 48.762325]}, "properties": {"numparc": 5825, "etat de la localisation": "autre", "ID BDGEO": "5311", "horodatage": "2023-05-11 19:40:01", "distance (en metres)": 141.82, "station": "CARREFOUR DU 19 MARS 1962", "marker-color": "#818181"}}, {"type": "Feature", "geometry": {"type": "Point", "coordinates": [2.274719, 48.76363]}, "properties": {"numparc": 5822, "etat de la localisation": "autre", "ID BDGEO": "5347", "horodatage": "2023-05-11 19:40:27", "distance (en metres)": 45.98, "station": "LES VALLEES", "marker-color": "#818181"}}, {"type": "Feature", "geometry": {"type": "Point", "coordinates": [2.272622, 48.763985]}, "properties": {"numparc": 5822, "etat de la localisation": "autre", "ID BDGEO": "5346", "horodatage": "2023-05-11 19:41:12", "distance (en metres)": 84.86, "station": "PRESIDENT ALLENDE", "marker-color": "#818181"}}, {"type": "Feature", "geometry": {"type": "Point", "coordinates": [2.290328, 48.761169]}, "properties": {"numparc": 5825, "etat de la localisation": "autre", "ID BDGEO": "5309", "horodatage": "2023-05-11 19:42:07", "distance (en metres)": 83.05, "station": "CARREFOUR DE L'EUROPE", "marker-color": "#818181"}}, {"type": "Feature", "geometry": {"type": "Point", "coordinates": [2.303874, 48.762569]}, "properties": {"numparc": 5825, "etat de la localisation": "autre", "ID BDGEO": "5304", "horodatage": "2023-05-11 19:44:15", "distance (en metres)": 209.13, "station": "CROIX DE BERNY-RER.", "marker-color": "#818181"}}, {"type": "Feature", "geometry": {"type": "Point", "coordinates": [2.272408, 48.763691]}, "properties": {"numparc": 5823, "etat de la localisation": "autre", "ID BDGEO": "5348", "horodatage": "2023-05-11 19:44:25", "distance (en metres)": 150.54, "station": "LES VALLEES", "marker-color": "#818181"}}, {"type": "Feature", "geometry": {"type": "Point", "coordinates": [2.30397, 48.762699]}, "properties": {"numparc": 5837, "etat de la localisation": "autre", "ID BDGEO": "6996", "horodatage": "2023-05-11 19:45:06", "distance (en metres)": 177.78, "station": "CROIX DE BERNY-RER", "marker-color": "#818181"}}, {"type": "Feature", "geometry": {"type": "Point", "coordinates": [2.280184, 48.762562]}, "properties": {"numparc": 5823, "etat de la localisation": "autre", "ID BDGEO": "5311", "horodatage": "2023-05-11 19:46:26", "distance (en metres)": 274.4, "station": "CARREFOUR DU 19 MARS 1962", "marker-color": "#818181"}}, {"type": "Feature", "geometry": {"type": "Point", "coordinates": [2.282216, 48.762329]}, "properties": {"numparc": 5823, "etat de la localisation": "autre", "ID BDGEO": "5311", "horodatage": "2023-05-11 19:47:15", "distance (en metres)": 123.94, "station": "CARREFOUR DU 19 MARS 1962", "marker-color": "#818181"}}, {"type": "Feature", "geometry": {"type": "Point", "coordinates": [2.251308, 48.7686]}, "properties": {"numparc": 5822, "etat de la localisation": "autre", "ID BDGEO": "5331", "horodatage": "2023-05-11 19:47:47", "distance (en metres)": 40.34, "station": "CYRANO DE BERGERAC", "marker-color": "#818181"}}, {"type": "Feature", "geometry": {"type": "Point", "coordinates": [2.29032, 48.7612]}, "properties": {"numparc": 5823, "etat de la localisation": "autre", "ID BDGEO": "5309", "horodatage": "2023-05-11 19:48:49", "distance (en metres)": 83.3, "station": "CARREFOUR DE L'EUROPE", "marker-color": "#818181"}}, {"type": "Feature", "geometry": {"type": "Point", "coordinates": [2.304155, 48.762703]}, "properties": {"numparc": 5837, "etat de la localisation": "autre", "ID BDGEO": "6996", "horodatage": "2023-05-11 19:49:30", "distance (en metres)": 190.59, "station": "CROIX DE BERNY-RER", "marker-color": "#818181"}}, {"type": "Feature", "geometry": {"type": "Point", "coordinates": [2.302654, 48.762276]}, "properties": {"numparc": 5823, "etat de la localisation": "autre", "ID BDGEO": "6992", "horodatage": "2023-05-11 19:51:36", "distance (en metres)": 93.24, "station": "CROIX DE BERNY-RER#", "marker-color": "#818181"}}, {"type": "Feature", "geometry": {"type": "Point", "coordinates": [2.238836, 48.773243]}, "properties": {"numparc": 5832, "etat de la localisation": "autre", "ID BDGEO": "5358", "horodatage": "2023-05-11 19:52:27", "distance (en metres)": 58.13, "station": "LA BOURSIDIERE", "marker-color": "#818181"}}, {"type": "Feature", "geometry": {"type": "Point", "coordinates": [2.297295, 48.721485]}, "properties": {"numparc": 5825, "etat de la localisation": "autre", "ID BDGEO": "5309", "horodatage": "2023-05-11 19:55:25", "distance (en metres)": 4443.44, "station": "CARREFOUR DE L'EUROPE", "marker-color": "#818181"}}, {"type": "Feature", "geometry": {"type": "Point", "coordinates": [2.249633, 48.769337]}, "properties": {"numparc": 5832, "etat de la localisation": "autre", "ID BDGEO": "5227", "horodatage": "2023-05-11 19:55:48", "distance (en metres)": 77.59, "station": "LA FERME DE MALABRY", "marker-color": "#818181"}}, {"type": "Feature", "geometry": {"type": "Point", "coordinates": [2.278571, 48.763084]}, "properties": {"numparc": 5837, "etat de la localisation": "autre", "ID BDGEO": "5349", "horodatage": "2023-05-11 19:56:36", "distance (en metres)": 59.2, "station": "LA BRIAUDE", "marker-color": "#818181"}}, {"type": "Feature", "geometry": {"type": "Point", "coordinates": [2.27471, 48.763611]}, "properties": {"numparc": 5837, "etat de la localisation": "autre", "ID BDGEO": "5347", "horodatage": "2023-05-11 19:57:30", "distance (en metres)": 45.84, "station": "LES VALLEES", "marker-color": "#818181"}}, {"type": "Feature", "geometry": {"type": "Point", "coordinates": [2.251196, 48.768448]}, "properties": {"numparc": 5832, "etat de la localisation": "autre", "ID BDGEO": "5332", "horodatage": "2023-05-11 19:57:42", "distance (en metres)": 46.98, "station": "CYRANO DE BERGERAC", "marker-color": "#818181"}}, {"type": "Feature", "geometry": {"type": "Point", "coordinates": [2.272648, 48.763973]}, "properties": {"numparc": 5837, "etat de la localisation": "autre", "ID BDGEO": "5346", "horodatage": "2023-05-11 19:58:11", "distance (en metres)": 86.75, "station": "PRESIDENT ALLENDE", "marker-color": "#818181"}}, {"type": "Feature", "geometry": {"type": "Point", "coordinates": [2.272382, 48.764]}, "properties": {"numparc": 5837, "etat de la localisation": "autre", "ID BDGEO": "5346", "horodatage": "2023-05-11 19:58:44", "distance (en metres)": 67.31, "station": "PRESIDENT ALLENDE", "marker-color": "#818181"}}, {"type": "Feature", "geometry": {"type": "Point", "coordinates": [2.25475, 48.766354]}, "properties": {"numparc": 5832, "etat de la localisation": "autre", "ID BDGEO": "5335", "horodatage": "2023-05-11 19:59:15", "distance (en metres)": 51.18, "station": "FRANCIS DE PRESSENSE", "marker-color": "#818181"}}, {"type": "Feature", "geometry": {"type": "Point", "coordinates": [2.272539, 48.763725]}, "properties": {"numparc": 5832, "etat de la localisation": "autre", "ID BDGEO": "5348", "horodatage": "2023-05-11 20:03:45", "distance (en metres)": 141.34, "station": "LES VALLEES", "marker-color": "#818181"}}, {"type": "Feature", "geometry": {"type": "Point", "coordinates": [2.251302, 48.768581]}, "properties": {"numparc": 5837, "etat de la localisation": "autre", "ID BDGEO": "5331", "horodatage": "2023-05-11 20:03:59", "distance (en metres)": 40.55, "station": "CYRANO DE BERGERAC", "marker-color": "#818181"}}, {"type": "Feature", "geometry": {"type": "Point", "coordinates": [2.280398, 48.762669]}, "properties": {"numparc": 5832, "etat de la localisation": "autre", "ID BDGEO": "5311", "horodatage": "2023-05-11 20:05:03", "distance (en metres)": 260.43, "station": "CARREFOUR DU 19 MARS 1962", "marker-color": "#818181"}}, {"type": "Feature", "geometry": {"type": "Point", "coordinates": [2.282392, 48.762428]}, "properties": {"numparc": 5832, "etat de la localisation": "autre", "ID BDGEO": "5311", "horodatage": "2023-05-11 20:05:43", "distance (en metres)": 111.92, "station": "CARREFOUR DU 19 MARS 1962", "marker-color": "#818181"}}, {"type": "Feature", "geometry": {"type": "Point", "coordinates": [2.290457, 48.761307]}, "properties": {"numparc": 5832, "etat de la localisation": "autre", "ID BDGEO": "5309", "horodatage": "2023-05-11 20:07:16", "distance (en metres)": 73.18, "station": "CARREFOUR DE L'EUROPE", "marker-color": "#818181"}}, {"type": "Feature", "geometry": {"type": "Point", "coordinates": [2.303965, 48.762646]}, "properties": {"numparc": 5832, "etat de la localisation": "autre", "ID BDGEO": "6996", "horodatage": "2023-05-11 20:09:07", "distance (en metres)": 175.33, "station": "CROIX DE BERNY-RER", "marker-color": "#818181"}}, {"type": "Feature", "geometry": {"type": "Point", "coordinates": [2.303965, 48.762646]}, "properties": {"numparc": 5832, "etat de la localisation": "autre", "ID BDGEO": "6996", "horodatage": "2023-05-11 20:11:10", "distance (en metres)": 175.33, "station": "CROIX DE BERNY-RER", "marker-color": "#818181"}}, {"type": "Feature", "geometry": {"type": "Point", "coordinates": [2.219126, 48.785568]}, "properties": {"numparc": 5837, "etat de la localisation": "autre", "ID BDGEO": "5316", "horodatage": "2023-05-11 20:12:39", "distance (en metres)": 41.08, "station": "VELIZY2", "marker-color": "#818181"}}, {"type": "Feature", "geometry": {"type": "Point", "coordinates": [2.249632, 48.769287]}, "properties": {"numparc": 5857, "etat de la localisation": "autre", "ID BDGEO": "5227", "horodatage": "2023-05-11 20:15:09", "distance (en metres)": 81.23, "station": "LA FERME DE MALABRY", "marker-color": "#818181"}}, {"type": "Feature", "geometry": {"type": "Point", "coordinates": [2.251191, 48.768421]}, "properties": {"numparc": 5857, "etat de la localisation": "autre", "ID BDGEO": "5332", "horodatage": "2023-05-11 20:16:17", "distance (en metres)": 48.78, "station": "CYRANO DE BERGERAC", "marker-color": "#818181"}}, {"type": "Feature", "geometry": {"type": "Point", "coordinates": [2.278645, 48.763126]}, "properties": {"numparc": 5832, "etat de la localisation": "autre", "ID BDGEO": "5349", "horodatage": "2023-05-11 20:17:22", "distance (en metres)": 55.84, "station": "LA BRIAUDE", "marker-color": "#818181"}}, {"type": "Feature", "geometry": {"type": "Point", "coordinates": [2.254722, 48.766365]}, "properties": {"numparc": 5857, "etat de la localisation": "autre", "ID BDGEO": "5335", "horodatage": "2023-05-11 20:17:30", "distance (en metres)": 53.54, "station": "FRANCIS DE PRESSENSE", "marker-color": "#818181"}}, {"type": "Feature", "geometry": {"type": "Point", "coordinates": [2.272711, 48.764004]}, "properties": {"numparc": 5832, "etat de la localisation": "autre", "ID BDGEO": "5346", "horodatage": "2023-05-11 20:18:52", "distance (en metres)": 91.43, "station": "PRESIDENT ALLENDE", "marker-color": "#818181"}}, {"type": "Feature", "geometry": {"type": "Point", "coordinates": [2.272496, 48.763752]}, "properties": {"numparc": 5857, "etat de la localisation": "autre", "ID BDGEO": "5348", "horodatage": "2023-05-11 20:22:26", "distance (en metres)": 144.81, "station": "LES VALLEES", "marker-color": "#818181"}}, {"type": "Feature", "geometry": {"type": "Point", "coordinates": [2.280397, 48.76268]}, "properties": {"numparc": 5857, "etat de la localisation": "autre", "ID BDGEO": "5311", "horodatage": "2023-05-11 20:24:09", "distance (en metres)": 260.7, "station": "CARREFOUR DU 19 MARS 1962", "marker-color": "#818181"}}, {"type": "Feature", "geometry": {"type": "Point", "coordinates": [2.251198, 48.768414]}, "properties": {"numparc": 5822, "etat de la localisation": "autre", "ID BDGEO": "5332", "horodatage": "2023-05-11 20:24:31", "distance (en metres)": 49.75, "station": "CYRANO DE BERGERAC", "marker-color": "#818181"}}, {"type": "Feature", "geometry": {"type": "Point", "coordinates": [2.25134, 48.768612]}, "properties": {"numparc": 5832, "etat de la localisation": "autre", "ID BDGEO": "5331", "horodatage": "2023-05-11 20:24:51", "distance (en metres)": 42.3, "station": "CYRANO DE BERGERAC", "marker-color": "#818181"}}, {"type": "Feature", "geometry": {"type": "Point", "coordinates": [2.282286, 48.762459]}, "properties": {"numparc": 5857, "etat de la localisation": "autre", "ID BDGEO": "5311", "horodatage": "2023-05-11 20:24:56", "distance (en metres)": 120.09, "station": "CARREFOUR DU 19 MARS 1962", "marker-color": "#818181"}}, {"type": "Feature", "geometry": {"type": "Point", "coordinates": [2.254748, 48.766354]}, "properties": {"numparc": 5822, "etat de la localisation": "autre", "ID BDGEO": "5335", "horodatage": "2023-05-11 20:26:26", "distance (en metres)": 51.31, "station": "FRANCIS DE PRESSENSE", "marker-color": "#818181"}}, {"type": "Feature", "geometry": {"type": "Point", "coordinates": [2.290533, 48.761333]}, "properties": {"numparc": 5857, "etat de la localisation": "autre", "ID BDGEO": "5309", "horodatage": "2023-05-11 20:26:31", "distance (en metres)": 67.91, "station": "CARREFOUR DE L'EUROPE", "marker-color": "#818181"}}, {"type": "Feature", "geometry": {"type": "Point", "coordinates": [2.304212, 48.762714]}, "properties": {"numparc": 5857, "etat de la localisation": "autre", "ID BDGEO": "6996", "horodatage": "2023-05-11 20:29:11", "distance (en metres)": 194.95, "station": "CROIX DE BERNY-RER", "marker-color": "#818181"}}, {"type": "Feature", "geometry": {"type": "Point", "coordinates": [2.272468, 48.763741]}, "properties": {"numparc": 5822, "etat de la localisation": "autre", "ID BDGEO": "5348", "horodatage": "2023-05-11 20:31:45", "distance (en metres)": 146.68, "station": "LES VALLEES", "marker-color": "#818181"}}, {"type": "Feature", "geometry": {"type": "Point", "coordinates": [2.280417, 48.762665]}, "properties": {"numparc": 5822, "etat de la localisation": "autre", "ID BDGEO": "5311", "horodatage": "2023-05-11 20:33:24", "distance (en metres)": 258.98, "station": "CARREFOUR DU 19 MARS 1962", "marker-color": "#818181"}}, {"type": "Feature", "geometry": {"type": "Point", "coordinates": [2.282398, 48.762428]}, "properties": {"numparc": 5822, "etat de la localisation": "autre", "ID BDGEO": "5311", "horodatage": "2023-05-11 20:34:10", "distance (en metres)": 111.49, "station": "CARREFOUR DU 19 MARS 1962", "marker-color": "#818181"}}, {"type": "Feature", "geometry": {"type": "Point", "coordinates": [2.290499, 48.761314]}, "properties": {"numparc": 5822, "etat de la localisation": "autre", "ID BDGEO": "5309", "horodatage": "2023-05-11 20:36:19", "distance (en metres)": 70.17, "station": "CARREFOUR DE L'EUROPE", "marker-color": "#818181"}}, {"type": "Feature", "geometry": {"type": "Point", "coordinates": [2.290499, 48.761314]}, "properties": {"numparc": 5822, "etat de la localisation": "autre", "ID BDGEO": "5309", "horodatage": "2023-05-11 20:36:22", "distance (en metres)": 70.17, "station": "CARREFOUR DE L'EUROPE", "marker-color": "#818181"}}, {"type": "Feature", "geometry": {"type": "Point", "coordinates": [2.278559, 48.763081]}, "properties": {"numparc": 5857, "etat de la localisation": "autre", "ID BDGEO": "5349", "horodatage": "2023-05-11 20:37:27", "distance (en metres)": 59.9, "station": "LA BRIAUDE", "marker-color": "#818181"}}, {"type": "Feature", "geometry": {"type": "Point", "coordinates": [2.27466, 48.763615]}, "properties": {"numparc": 5857, "etat de la localisation": "autre", "ID BDGEO": "5347", "horodatage": "2023-05-11 20:38:20", "distance (en metres)": 49.44, "station": "LES VALLEES", "marker-color": "#818181"}}, {"type": "Feature", "geometry": {"type": "Point", "coordinates": [2.272812, 48.76395]}, "properties": {"numparc": 5857, "etat de la localisation": "autre", "ID BDGEO": "5346", "horodatage": "2023-05-11 20:39:02", "distance (en metres)": 98.8, "station": "PRESIDENT ALLENDE", "marker-color": "#818181"}}, {"type": "Feature", "geometry": {"type": "Point", "coordinates": [2.302607, 48.76231]}, "properties": {"numparc": 5822, "etat de la localisation": "autre", "ID BDGEO": "6996", "horodatage": "2023-05-11 20:39:02", "distance (en metres)": 69.04, "station": "CROIX DE BERNY-RER", "marker-color": "#818181"}}, {"type": "Feature", "geometry": {"type": "Point", "coordinates": [2.249544, 48.769287]}, "properties": {"numparc": 5837, "etat de la localisation": "autre", "ID BDGEO": "5227", "horodatage": "2023-05-11 20:39:57", "distance (en metres)": 76.71, "station": "LA FERME DE MALABRY", "marker-color": "#818181"}}, {"type": "Feature", "geometry": {"type": "Point", "coordinates": [2.251131, 48.768425]}, "properties": {"numparc": 5837, "etat de la localisation": "autre", "ID BDGEO": "5332", "horodatage": "2023-05-11 20:41:04", "distance (en metres)": 45.48, "station": "CYRANO DE BERGERAC", "marker-color": "#818181"}}, {"type": "Feature", "geometry": {"type": "Point", "coordinates": [2.254729, 48.76635]}, "properties": {"numparc": 5837, "etat de la localisation": "autre", "ID BDGEO": "5335", "horodatage": "2023-05-11 20:41:59", "distance (en metres)": 52.48, "station": "FRANCIS DE PRESSENSE", "marker-color": "#818181"}}, {"type": "Feature", "geometry": {"type": "Point", "coordinates": [2.251483, 48.768482]}, "properties": {"numparc": 5857, "etat de la localisation": "autre", "ID BDGEO": "5331", "horodatage": "2023-05-11 20:44:26", "distance (en metres)": 56.97, "station": "CYRANO DE BERGERAC", "marker-color": "#818181"}}, {"type": "Feature", "geometry": {"type": "Point", "coordinates": [2.272538, 48.763737]}, "properties": {"numparc": 5837, "etat de la localisation": "autre", "ID BDGEO": "5348", "horodatage": "2023-05-11 20:45:45", "distance (en metres)": 141.55, "station": "LES VALLEES", "marker-color": "#818181"}}, {"type": "Feature", "geometry": {"type": "Point", "coordinates": [2.303973, 48.762646]}, "properties": {"numparc": 5822, "etat de la localisation": "autre", "ID BDGEO": "6996", "horodatage": "2023-05-11 20:46:14", "distance (en metres)": 175.87, "station": "CROIX DE BERNY-RER", "marker-color": "#818181"}}, {"type": "Feature", "geometry": {"type": "Point", "coordinates": [2.303974, 48.762646]}, "properties": {"numparc": 5822, "etat de la localisation": "autre", "ID BDGEO": "6996", "horodatage": "2023-05-11 20:46:49", "distance (en metres)": 175.94, "station": "CROIX DE BERNY-RER", "marker-color": "#818181"}}, {"type": "Feature", "geometry": {"type": "Point", "coordinates": [2.280392, 48.762669]}, "properties": {"numparc": 5837, "etat de la localisation": "autre", "ID BDGEO": "5311", "horodatage": "2023-05-11 20:47:13", "distance (en metres)": 260.86, "station": "CARREFOUR DU 19 MARS 1962", "marker-color": "#818181"}}, {"type": "Feature", "geometry": {"type": "Point", "coordinates": [2.282341, 48.762447]}, "properties": {"numparc": 5837, "etat de la localisation": "autre", "ID BDGEO": "5311", "horodatage": "2023-05-11 20:47:58", "distance (en metres)": 115.92, "station": "CARREFOUR DU 19 MARS 1962", "marker-color": "#818181"}}, {"type": "Feature", "geometry": {"type": "Point", "coordinates": [2.290556, 48.761322]}, "properties": {"numparc": 5837, "etat de la localisation": "autre", "ID BDGEO": "5309", "horodatage": "2023-05-11 20:49:25", "distance (en metres)": 66.1, "station": "CARREFOUR DE L'EUROPE", "marker-color": "#818181"}}, {"type": "Feature", "geometry": {"type": "Point", "coordinates": [2.303738, 48.762573]}, "properties": {"numparc": 5837, "etat de la localisation": "autre", "ID BDGEO": "6996", "horodatage": "2023-05-11 20:51:22", "distance (en metres)": 156.95, "station": "CROIX DE BERNY-RER", "marker-color": "#818181"}}, {"type": "Feature", "geometry": {"type": "Point", "coordinates": [2.278583, 48.7631]}, "properties": {"numparc": 5822, "etat de la localisation": "autre", "ID BDGEO": "5349", "horodatage": "2023-05-11 20:54:14", "distance (en metres)": 58.92, "station": "LA BRIAUDE", "marker-color": "#818181"}}, {"type": "Feature", "geometry": {"type": "Point", "coordinates": [2.30412, 48.762669]}, "properties": {"numparc": 5837, "etat de la localisation": "autre", "ID BDGEO": "6996", "horodatage": "2023-05-11 20:54:38", "distance (en metres)": 186.88, "station": "CROIX DE BERNY-RER", "marker-color": "#818181"}}, {"type": "Feature", "geometry": {"type": "Point", "coordinates": [2.27262, 48.763981]}, "properties": {"numparc": 5822, "etat de la localisation": "autre", "ID BDGEO": "5346", "horodatage": "2023-05-11 20:55:33", "distance (en metres)": 84.7, "station": "PRESIDENT ALLENDE", "marker-color": "#818181"}}, {"type": "Feature", "geometry": {"type": "Point", "coordinates": [2.272362, 48.763996]}, "properties": {"numparc": 5822, "etat de la localisation": "autre", "ID BDGEO": "5346", "horodatage": "2023-05-11 20:55:59", "distance (en metres)": 65.83, "station": "PRESIDENT ALLENDE", "marker-color": "#818181"}}, {"type": "Feature", "geometry": {"type": "Point", "coordinates": [2.251192, 48.768433]}, "properties": {"numparc": 5832, "etat de la localisation": "autre", "ID BDGEO": "5332", "horodatage": "2023-05-11 20:58:45", "distance (en metres)": 47.95, "station": "CYRANO DE BERGERAC", "marker-color": "#818181"}}, {"type": "Feature", "geometry": {"type": "Point", "coordinates": [2.251334, 48.768364]}, "properties": {"numparc": 5832, "etat de la localisation": "autre", "ID BDGEO": "5332", "horodatage": "2023-05-11 20:59:09", "distance (en metres)": 60.75, "station": "CYRANO DE BERGERAC", "marker-color": "#818181"}}, {"type": "Feature", "geometry": {"type": "Point", "coordinates": [2.30412, 48.762669]}, "properties": {"numparc": 5837, "etat de la localisation": "autre", "ID BDGEO": "6996", "horodatage": "2023-05-11 20:59:32", "distance (en metres)": 186.88, "station": "CROIX DE BERNY-RER", "marker-color": "#818181"}}, {"type": "Feature", "geometry": {"type": "Point", "coordinates": [2.25475, 48.766354]}, "properties": {"numparc": 5832, "etat de la localisation": "autre", "ID BDGEO": "5335", "horodatage": "2023-05-11 21:00:43", "distance (en metres)": 51.18, "station": "FRANCIS DE PRESSENSE", "marker-color": "#818181"}}, {"type": "Feature", "geometry": {"type": "Point", "coordinates": [2.251304, 48.768578]}, "properties": {"numparc": 5822, "etat de la localisation": "autre", "ID BDGEO": "5331", "horodatage": "2023-05-11 21:01:19", "distance (en metres)": 40.82, "station": "CYRANO DE BERGERAC", "marker-color": "#818181"}}, {"type": "Feature", "geometry": {"type": "Point", "coordinates": [2.272512, 48.763721]}, "properties": {"numparc": 5832, "etat de la localisation": "autre", "ID BDGEO": "5348", "horodatage": "2023-05-11 21:04:23", "distance (en metres)": 143.26, "station": "LES VALLEES", "marker-color": "#818181"}}, {"type": "Feature", "geometry": {"type": "Point", "coordinates": [2.280327, 48.762661]}, "properties": {"numparc": 5832, "etat de la localisation": "autre", "ID BDGEO": "5311", "horodatage": "2023-05-11 21:06:09", "distance (en metres)": 265.42, "station": "CARREFOUR DU 19 MARS 1962", "marker-color": "#818181"}}, {"type": "Feature", "geometry": {"type": "Point", "coordinates": [2.282345, 48.762409]}, "properties": {"numparc": 5832, "etat de la localisation": "autre", "ID BDGEO": "5311", "horodatage": "2023-05-11 21:07:02", "distance (en metres)": 115.09, "station": "CARREFOUR DU 19 MARS 1962", "marker-color": "#818181"}}, {"type": "Feature", "geometry": {"type": "Point", "coordinates": [2.278563, 48.763081]}, "properties": {"numparc": 5837, "etat de la localisation": "autre", "ID BDGEO": "5349", "horodatage": "2023-05-11 21:07:15", "distance (en metres)": 59.62, "station": "LA BRIAUDE", "marker-color": "#818181"}}, {"type": "Feature", "geometry": {"type": "Point", "coordinates": [2.27467, 48.763603]}, "properties": {"numparc": 5837, "etat de la localisation": "autre", "ID BDGEO": "5347", "horodatage": "2023-05-11 21:08:32", "distance (en metres)": 48.36, "station": "LES VALLEES", "marker-color": "#818181"}}, {"type": "Feature", "geometry": {"type": "Point", "coordinates": [2.272655, 48.76395]}, "properties": {"numparc": 5837, "etat de la localisation": "autre", "ID BDGEO": "5346", "horodatage": "2023-05-11 21:09:12", "distance (en metres)": 87.3, "station": "PRESIDENT ALLENDE", "marker-color": "#818181"}}, {"type": "Feature", "geometry": {"type": "Point", "coordinates": [2.304148, 48.762691]}, "properties": {"numparc": 5832, "etat de la localisation": "autre", "ID BDGEO": "6996", "horodatage": "2023-05-11 21:11:29", "distance (en metres)": 189.66, "station": "CROIX DE BERNY-RER", "marker-color": "#818181"}}, {"type": "Feature", "geometry": {"type": "Point", "coordinates": [2.249628, 48.769287]}, "properties": {"numparc": 5857, "etat de la localisation": "autre", "ID BDGEO": "5227", "horodatage": "2023-05-11 21:11:57", "distance (en metres)": 81.03, "station": "LA FERME DE MALABRY", "marker-color": "#818181"}}, {"type": "Feature", "geometry": {"type": "Point", "coordinates": [2.304148, 48.762691]}, "properties": {"numparc": 5832, "etat de la localisation": "autre", "ID BDGEO": "6996", "horodatage": "2023-05-11 21:12:02", "distance (en metres)": 189.66, "station": "CROIX DE BERNY-RER", "marker-color": "#818181"}}, {"type": "Feature", "geometry": {"type": "Point", "coordinates": [2.251226, 48.76841]}, "properties": {"numparc": 5857, "etat de la localisation": "autre", "ID BDGEO": "5332", "horodatage": "2023-05-11 21:13:00", "distance (en metres)": 51.5, "station": "CYRANO DE BERGERAC", "marker-color": "#818181"}}, {"type": "Feature", "geometry": {"type": "Point", "coordinates": [2.25475, 48.766361]}, "properties": {"numparc": 5857, "etat de la localisation": "autre", "ID BDGEO": "5335", "horodatage": "2023-05-11 21:14:27", "distance (en metres)": 51.48, "station": "FRANCIS DE PRESSENSE", "marker-color": "#818181"}}, {"type": "Feature", "geometry": {"type": "Point", "coordinates": [2.272626, 48.763718]}, "properties": {"numparc": 5857, "etat de la localisation": "autre", "ID BDGEO": "5348", "horodatage": "2023-05-11 21:19:51", "distance (en metres)": 134.9, "station": "LES VALLEES", "marker-color": "#818181"}}, {"type": "Feature", "geometry": {"type": "Point", "coordinates": [2.304444, 48.762768]}, "properties": {"numparc": 5832, "etat de la localisation": "autre", "ID BDGEO": "6996", "horodatage": "2023-05-11 21:20:44", "distance (en metres)": 212.96, "station": "CROIX DE BERNY-RER", "marker-color": "#818181"}}, {"type": "Feature", "geometry": {"type": "Point", "coordinates": [2.280383, 48.762669]}, "properties": {"numparc": 5857, "etat de la localisation": "autre", "ID BDGEO": "5311", "horodatage": "2023-05-11 21:21:45", "distance (en metres)": 261.5, "station": "CARREFOUR DU 19 MARS 1962", "marker-color": "#818181"}}, {"type": "Feature", "geometry": {"type": "Point", "coordinates": [2.282335, 48.762444]}, "properties": {"numparc": 5857, "etat de la localisation": "autre", "ID BDGEO": "5311", "horodatage": "2023-05-11 21:22:24", "distance (en metres)": 116.29, "station": "CARREFOUR DU 19 MARS 1962", "marker-color": "#818181"}}, {"type": "Feature", "geometry": {"type": "Point", "coordinates": [2.290492, 48.761318]}, "properties": {"numparc": 5857, "etat de la localisation": "autre", "ID BDGEO": "5309", "horodatage": "2023-05-11 21:24:30", "distance (en metres)": 70.72, "station": "CARREFOUR DE L'EUROPE", "marker-color": "#818181"}}, {"type": "Feature", "geometry": {"type": "Point", "coordinates": [2.249599, 48.769283]}, "properties": {"numparc": 5822, "etat de la localisation": "autre", "ID BDGEO": "5227", "horodatage": "2023-05-11 21:26:57", "distance (en metres)": 79.81, "station": "LA FERME DE MALABRY", "marker-color": "#818181"}}, {"type": "Feature", "geometry": {"type": "Point", "coordinates": [2.304165, 48.762684]}, "properties": {"numparc": 5857, "etat de la localisation": "autre", "ID BDGEO": "6996", "horodatage": "2023-05-11 21:27:22", "distance (en metres)": 190.54, "station": "CROIX DE BERNY-RER", "marker-color": "#818181"}}, {"type": "Feature", "geometry": {"type": "Point", "coordinates": [2.278557, 48.763088]}, "properties": {"numparc": 5832, "etat de la localisation": "autre", "ID BDGEO": "5349", "horodatage": "2023-05-11 21:28:09", "distance (en metres)": 60.29, "station": "LA BRIAUDE", "marker-color": "#818181"}}, {"type": "Feature", "geometry": {"type": "Point", "coordinates": [2.254697, 48.766376]}, "properties": {"numparc": 5822, "etat de la localisation": "autre", "ID BDGEO": "5335", "horodatage": "2023-05-11 21:28:27", "distance (en metres)": 55.71, "station": "FRANCIS DE PRESSENSE", "marker-color": "#818181"}}, {"type": "Feature", "geometry": {"type": "Point", "coordinates": [2.272596, 48.763958]}, "properties": {"numparc": 5832, "etat de la localisation": "autre", "ID BDGEO": "5346", "horodatage": "2023-05-11 21:29:13", "distance (en metres)": 82.95, "station": "PRESIDENT ALLENDE", "marker-color": "#818181"}}, {"type": "Feature", "geometry": {"type": "Point", "coordinates": [2.272414, 48.763744]}, "properties": {"numparc": 5822, "etat de la localisation": "autre", "ID BDGEO": "5348", "horodatage": "2023-05-11 21:32:16", "distance (en metres)": 150.67, "station": "LES VALLEES", "marker-color": "#818181"}}, {"type": "Feature", "geometry": {"type": "Point", "coordinates": [2.304165, 48.762684]}, "properties": {"numparc": 5857, "etat de la localisation": "autre", "ID BDGEO": "6996", "horodatage": "2023-05-11 21:33:13", "distance (en metres)": 190.54, "station": "CROIX DE BERNY-RER", "marker-color": "#818181"}}, {"type": "Feature", "geometry": {"type": "Point", "coordinates": [2.304165, 48.762684]}, "properties": {"numparc": 5857, "etat de la localisation": "autre", "ID BDGEO": "6996", "horodatage": "2023-05-11 21:33:30", "distance (en metres)": 190.54, "station": "CROIX DE BERNY-RER", "marker-color": "#818181"}}, {"type": "Feature", "geometry": {"type": "Point", "coordinates": [2.280385, 48.762669]}, "properties": {"numparc": 5822, "etat de la localisation": "autre", "ID BDGEO": "5311", "horodatage": "2023-05-11 21:33:54", "distance (en metres)": 261.36, "station": "CARREFOUR DU 19 MARS 1962", "marker-color": "#818181"}}, {"type": "Feature", "geometry": {"type": "Point", "coordinates": [2.2824, 48.762436]}, "properties": {"numparc": 5822, "etat de la localisation": "autre", "ID BDGEO": "5311", "horodatage": "2023-05-11 21:34:32", "distance (en metres)": 111.46, "station": "CARREFOUR DU 19 MARS 1962", "marker-color": "#818181"}}, {"type": "Feature", "geometry": {"type": "Point", "coordinates": [2.251302, 48.768585]}, "properties": {"numparc": 5832, "etat de la localisation": "autre", "ID BDGEO": "5331", "horodatage": "2023-05-11 21:35:16", "distance (en metres)": 40.41, "station": "CYRANO DE BERGERAC", "marker-color": "#818181"}}, {"type": "Feature", "geometry": {"type": "Point", "coordinates": [2.302469, 48.762268]}, "properties": {"numparc": 5822, "etat de la localisation": "autre", "ID BDGEO": "6996", "horodatage": "2023-05-11 21:38:04", "distance (en metres)": 57.96, "station": "CROIX DE BERNY-RER", "marker-color": "#818181"}}, {"type": "Feature", "geometry": {"type": "Point", "coordinates": [2.27853, 48.763096]}, "properties": {"numparc": 5857, "etat de la localisation": "autre", "ID BDGEO": "5349", "horodatage": "2023-05-11 21:41:09", "distance (en metres)": 62.45, "station": "LA BRIAUDE", "marker-color": "#818181"}}, {"type": "Feature", "geometry": {"type": "Point", "coordinates": [2.304163, 48.762684]}, "properties": {"numparc": 5822, "etat de la localisation": "autre", "ID BDGEO": "6996", "horodatage": "2023-05-11 21:41:22", "distance (en metres)": 190.41, "station": "CROIX DE BERNY-RER", "marker-color": "#818181"}}, {"type": "Feature", "geometry": {"type": "Point", "coordinates": [2.249548, 48.769302]}, "properties": {"numparc": 5837, "etat de la localisation": "autre", "ID BDGEO": "5227", "horodatage": "2023-05-11 21:42:18", "distance (en metres)": 75.68, "station": "LA FERME DE MALABRY", "marker-color": "#818181"}}, {"type": "Feature", "geometry": {"type": "Point", "coordinates": [2.274712, 48.76363]}, "properties": {"numparc": 5857, "etat de la localisation": "autre", "ID BDGEO": "5347", "horodatage": "2023-05-11 21:42:31", "distance (en metres)": 46.45, "station": "LES VALLEES", "marker-color": "#818181"}}, {"type": "Feature", "geometry": {"type": "Point", "coordinates": [2.254702, 48.766373]}, "properties": {"numparc": 5837, "etat de la localisation": "autre", "ID BDGEO": "5335", "horodatage": "2023-05-11 21:43:30", "distance (en metres)": 55.22, "station": "FRANCIS DE PRESSENSE", "marker-color": "#818181"}}, {"type": "Feature", "geometry": {"type": "Point", "coordinates": [2.272324, 48.763718]}, "properties": {"numparc": 5837, "etat de la localisation": "autre", "ID BDGEO": "5348", "horodatage": "2023-05-11 21:47:42", "distance (en metres)": 156.92, "station": "LES VALLEES", "marker-color": "#818181"}}, {"type": "Feature", "geometry": {"type": "Point", "coordinates": [2.278565, 48.763119]}, "properties": {"numparc": 5822, "etat de la localisation": "autre", "ID BDGEO": "5349", "horodatage": "2023-05-11 21:48:36", "distance (en metres)": 60.91, "station": "LA BRIAUDE", "marker-color": "#818181"}}, {"type": "Feature", "geometry": {"type": "Point", "coordinates": [2.282324, 48.762409]}, "properties": {"numparc": 5837, "etat de la localisation": "autre", "ID BDGEO": "5311", "horodatage": "2023-05-11 21:49:34", "distance (en metres)": 116.62, "station": "CARREFOUR DU 19 MARS 1962", "marker-color": "#818181"}}, {"type": "Feature", "geometry": {"type": "Point", "coordinates": [2.272617, 48.763973]}, "properties": {"numparc": 5822, "etat de la localisation": "autre", "ID BDGEO": "5346", "horodatage": "2023-05-11 21:49:44", "distance (en metres)": 84.48, "station": "PRESIDENT ALLENDE", "marker-color": "#818181"}}, {"type": "Feature", "geometry": {"type": "Point", "coordinates": [2.303834, 48.762589]}, "properties": {"numparc": 5837, "etat de la localisation": "autre", "ID BDGEO": "6996", "horodatage": "2023-05-11 21:54:01", "distance (en metres)": 164.14, "station": "CROIX DE BERNY-RER", "marker-color": "#818181"}}, {"type": "Feature", "geometry": {"type": "Point", "coordinates": [2.304104, 48.762669]}, "properties": {"numparc": 5837, "etat de la localisation": "autre", "ID BDGEO": "6996", "horodatage": "2023-05-11 21:54:32", "distance (en metres)": 185.78, "station": "CROIX DE BERNY-RER", "marker-color": "#818181"}}, {"type": "Feature", "geometry": {"type": "Point", "coordinates": [2.304104, 48.762669]}, "properties": {"numparc": 5837, "etat de la localisation": "autre", "ID BDGEO": "6996", "horodatage": "2023-05-11 22:02:59", "distance (en metres)": 185.78, "station": "CROIX DE BERNY-RER", "marker-color": "#818181"}}, {"type": "Feature", "geometry": {"type": "Point", "coordinates": [2.249588, 48.769325]}, "properties": {"numparc": 5832, "etat de la localisation": "autre", "ID BDGEO": "5227", "horodatage": "2023-05-11 22:04:41", "distance (en metres)": 75.98, "station": "LA FERME DE MALABRY", "marker-color": "#818181"}}, {"type": "Feature", "geometry": {"type": "Point", "coordinates": [2.251151, 48.768459]}, "properties": {"numparc": 5832, "etat de la localisation": "autre", "ID BDGEO": "5332", "horodatage": "2023-05-11 22:05:15", "distance (en metres)": 43.72, "station": "CYRANO DE BERGERAC", "marker-color": "#818181"}}, {"type": "Feature", "geometry": {"type": "Point", "coordinates": [2.254699, 48.766376]}, "properties": {"numparc": 5832, "etat de la localisation": "autre", "ID BDGEO": "5335", "horodatage": "2023-05-11 22:06:48", "distance (en metres)": 55.58, "station": "FRANCIS DE PRESSENSE", "marker-color": "#818181"}}, {"type": "Feature", "geometry": {"type": "Point", "coordinates": [2.278565, 48.763096]}, "properties": {"numparc": 5837, "etat de la localisation": "autre", "ID BDGEO": "5349", "horodatage": "2023-05-11 22:09:41", "distance (en metres)": 60.02, "station": "LA BRIAUDE", "marker-color": "#818181"}}, {"type": "Feature", "geometry": {"type": "Point", "coordinates": [2.272922, 48.763935]}, "properties": {"numparc": 5837, "etat de la localisation": "autre", "ID BDGEO": "5346", "horodatage": "2023-05-11 22:10:47", "distance (en metres)": 106.92, "station": "PRESIDENT ALLENDE", "marker-color": "#818181"}}, {"type": "Feature", "geometry": {"type": "Point", "coordinates": [2.272382, 48.763752]}, "properties": {"numparc": 5832, "etat de la localisation": "autre", "ID BDGEO": "5348", "horodatage": "2023-05-11 22:10:57", "distance (en metres)": 153.1, "station": "LES VALLEES", "marker-color": "#818181"}}, {"type": "Feature", "geometry": {"type": "Point", "coordinates": [2.282176, 48.762451]}, "properties": {"numparc": 5832, "etat de la localisation": "autre", "ID BDGEO": "5311", "horodatage": "2023-05-11 22:12:32", "distance (en metres)": 127.95, "station": "CARREFOUR DU 19 MARS 1962", "marker-color": "#818181"}}, {"type": "Feature", "geometry": {"type": "Point", "coordinates": [2.290382, 48.761303]}, "properties": {"numparc": 5832, "etat de la localisation": "autre", "ID BDGEO": "5309", "horodatage": "2023-05-11 22:15:20", "distance (en metres)": 78.64, "station": "CARREFOUR DE L'EUROPE", "marker-color": "#818181"}}, {"type": "Feature", "geometry": {"type": "Point", "coordinates": [2.249631, 48.769272]}, "properties": {"numparc": 5857, "etat de la localisation": "autre", "ID BDGEO": "5227", "horodatage": "2023-05-11 22:16:39", "distance (en metres)": 82.37, "station": "LA FERME DE MALABRY", "marker-color": "#818181"}}, {"type": "Feature", "geometry": {"type": "Point", "coordinates": [2.254752, 48.766361]}, "properties": {"numparc": 5857, "etat de la localisation": "autre", "ID BDGEO": "5335", "horodatage": "2023-05-11 22:17:41", "distance (en metres)": 51.35, "station": "FRANCIS DE PRESSENSE", "marker-color": "#818181"}}, {"type": "Feature", "geometry": {"type": "Point", "coordinates": [2.303554, 48.762516]}, "properties": {"numparc": 5832, "etat de la localisation": "autre", "ID BDGEO": "6996", "horodatage": "2023-05-11 22:17:56", "distance (en metres)": 142.12, "station": "CROIX DE BERNY-RER", "marker-color": "#818181"}}, {"type": "Feature", "geometry": {"type": "Point", "coordinates": [2.303554, 48.762516]}, "properties": {"numparc": 5832, "etat de la localisation": "autre", "ID BDGEO": "6996", "horodatage": "2023-05-11 22:18:48", "distance (en metres)": 142.12, "station": "CROIX DE BERNY-RER", "marker-color": "#818181"}}, {"type": "Feature", "geometry": {"type": "Point", "coordinates": [2.304174, 48.762669]}, "properties": {"numparc": 5832, "etat de la localisation": "autre", "ID BDGEO": "6996", "horodatage": "2023-05-11 22:19:26", "distance (en metres)": 190.61, "station": "CROIX DE BERNY-RER", "marker-color": "#818181"}}, {"type": "Feature", "geometry": {"type": "Point", "coordinates": [2.220152, 48.785122]}, "properties": {"numparc": 5822, "etat de la localisation": "autre", "ID BDGEO": "5316", "horodatage": "2023-05-11 22:19:29", "distance (en metres)": 76.59, "station": "VELIZY2", "marker-color": "#818181"}}, {"type": "Feature", "geometry": {"type": "Point", "coordinates": [2.272469, 48.763721]}, "properties": {"numparc": 5857, "etat de la localisation": "autre", "ID BDGEO": "5348", "horodatage": "2023-05-11 22:21:52", "distance (en metres)": 146.39, "station": "LES VALLEES", "marker-color": "#818181"}}, {"type": "Feature", "geometry": {"type": "Point", "coordinates": [2.280341, 48.76265]}, "properties": {"numparc": 5857, "etat de la localisation": "autre", "ID BDGEO": "5311", "horodatage": "2023-05-11 22:23:16", "distance (en metres)": 264.23, "station": "CARREFOUR DU 19 MARS 1962", "marker-color": "#818181"}}, {"type": "Feature", "geometry": {"type": "Point", "coordinates": [2.282346, 48.762409]}, "properties": {"numparc": 5857, "etat de la localisation": "autre", "ID BDGEO": "5311", "horodatage": "2023-05-11 22:24:03", "distance (en metres)": 115.02, "station": "CARREFOUR DU 19 MARS 1962", "marker-color": "#818181"}}, {"type": "Feature", "geometry": {"type": "Point", "coordinates": [2.282372, 48.762409]}, "properties": {"numparc": 5857, "etat de la localisation": "autre", "ID BDGEO": "5311", "horodatage": "2023-05-11 22:24:24", "distance (en metres)": 113.13, "station": "CARREFOUR DU 19 MARS 1962", "marker-color": "#818181"}}, {"type": "Feature", "geometry": {"type": "Point", "coordinates": [2.290403, 48.761314]}, "properties": {"numparc": 5857, "etat de la localisation": "autre", "ID BDGEO": "5309", "horodatage": "2023-05-11 22:25:55", "distance (en metres)": 77.19, "station": "CARREFOUR DE L'EUROPE", "marker-color": "#818181"}}, {"type": "Feature", "geometry": {"type": "Point", "coordinates": [2.254707, 48.766365]}, "properties": {"numparc": 5822, "etat de la localisation": "Delocalise", "ID BDGEO": "5335", "horodatage": "2023-05-11 22:27:45", "distance (en metres)": 54.57, "station": "FRANCIS DE PRESSENSE", "marker-color": "#FF565E"}}, {"type": "Feature", "geometry": {"type": "Point", "coordinates": [2.304165, 48.762691]}, "properties": {"numparc": 5857, "etat de la localisation": "autre", "ID BDGEO": "6996", "horodatage": "2023-05-11 22:28:10", "distance (en metres)": 190.83, "station": "CROIX DE BERNY-RER", "marker-color": "#818181"}}, {"type": "Feature", "geometry": {"type": "Point", "coordinates": [2.27267, 48.763996]}, "properties": {"numparc": 5832, "etat de la localisation": "autre", "ID BDGEO": "5346", "horodatage": "2023-05-11 22:28:27", "distance (en metres)": 88.4, "station": "PRESIDENT ALLENDE", "marker-color": "#818181"}}, {"type": "Feature", "geometry": {"type": "Point", "coordinates": [2.272492, 48.763729]}, "properties": {"numparc": 5822, "etat de la localisation": "autre", "ID BDGEO": "5348", "horodatage": "2023-05-11 22:31:05", "distance (en metres)": 144.81, "station": "LES VALLEES", "marker-color": "#818181"}}, {"type": "Feature", "geometry": {"type": "Point", "coordinates": [2.280387, 48.762661]}, "properties": {"numparc": 5822, "etat de la localisation": "autre", "ID BDGEO": "5311", "horodatage": "2023-05-11 22:32:19", "distance (en metres)": 261.09, "station": "CARREFOUR DU 19 MARS 1962", "marker-color": "#818181"}}, {"type": "Feature", "geometry": {"type": "Point", "coordinates": [2.282375, 48.762417]}, "properties": {"numparc": 5822, "etat de la localisation": "autre", "ID BDGEO": "5311", "horodatage": "2023-05-11 22:32:53", "distance (en metres)": 113.0, "station": "CARREFOUR DU 19 MARS 1962", "marker-color": "#818181"}}, {"type": "Feature", "geometry": {"type": "Point", "coordinates": [2.300391, 48.761765]}, "properties": {"numparc": 5822, "etat de la localisation": "autre", "ID BDGEO": "5306", "horodatage": "2023-05-11 22:36:38", "distance (en metres)": 44.24, "station": "SCEAUX-SOUS PREFECTURE", "marker-color": "#818181"}}, {"type": "Feature", "geometry": {"type": "Point", "coordinates": [2.302573, 48.762329]}, "properties": {"numparc": 5822, "etat de la localisation": "autre", "ID BDGEO": "6996", "horodatage": "2023-05-11 22:37:26", "distance (en metres)": 67.42, "station": "CROIX DE BERNY-RER", "marker-color": "#818181"}}, {"type": "Feature", "geometry": {"type": "Point", "coordinates": [2.278581, 48.763084]}, "properties": {"numparc": 5857, "etat de la localisation": "autre", "ID BDGEO": "5349", "horodatage": "2023-05-11 22:38:03", "distance (en metres)": 58.5, "station": "LA BRIAUDE", "marker-color": "#818181"}}, {"type": "Feature", "geometry": {"type": "Point", "coordinates": [2.304168, 48.762714]}, "properties": {"numparc": 5822, "etat de la localisation": "autre", "ID BDGEO": "6996", "horodatage": "2023-05-11 22:38:14", "distance (en metres)": 191.92, "station": "CROIX DE BERNY-RER", "marker-color": "#818181"}}, {"type": "Feature", "geometry": {"type": "Point", "coordinates": [2.272604, 48.763969]}, "properties": {"numparc": 5857, "etat de la localisation": "autre", "ID BDGEO": "5346", "horodatage": "2023-05-11 22:39:10", "distance (en metres)": 83.52, "station": "PRESIDENT ALLENDE", "marker-color": "#818181"}}, {"type": "Feature", "geometry": {"type": "Point", "coordinates": [2.219128, 48.785564]}, "properties": {"numparc": 5832, "etat de la localisation": "autre", "ID BDGEO": "5316", "horodatage": "2023-05-11 22:42:41", "distance (en metres)": 40.66, "station": "VELIZY2", "marker-color": "#818181"}}, {"type": "Feature", "geometry": {"type": "Point", "coordinates": [2.249562, 48.76931]}, "properties": {"numparc": 5837, "etat de la localisation": "autre", "ID BDGEO": "5227", "horodatage": "2023-05-11 22:42:59", "distance (en metres)": 75.8, "station": "LA FERME DE MALABRY", "marker-color": "#818181"}}, {"type": "Feature", "geometry": {"type": "Point", "coordinates": [2.251139, 48.76844]}, "properties": {"numparc": 5837, "etat de la localisation": "autre", "ID BDGEO": "5332", "horodatage": "2023-05-11 22:44:00", "distance (en metres)": 44.61, "station": "CYRANO DE BERGERAC", "marker-color": "#818181"}}, {"type": "Feature", "geometry": {"type": "Point", "coordinates": [2.254709, 48.766365]}, "properties": {"numparc": 5837, "etat de la localisation": "autre", "ID BDGEO": "5335", "horodatage": "2023-05-11 22:44:55", "distance (en metres)": 54.44, "station": "FRANCIS DE PRESSENSE", "marker-color": "#818181"}}, {"type": "Feature", "geometry": {"type": "Point", "coordinates": [2.278575, 48.763069]}, "properties": {"numparc": 5822, "etat de la localisation": "autre", "ID BDGEO": "5349", "horodatage": "2023-05-11 22:45:10", "distance (en metres)": 58.4, "station": "LA BRIAUDE", "marker-color": "#818181"}}, {"type": "Feature", "geometry": {"type": "Point", "coordinates": [2.2747, 48.763603]}, "properties": {"numparc": 5822, "etat de la localisation": "autre", "ID BDGEO": "5347", "horodatage": "2023-05-11 22:46:03", "distance (en metres)": 46.26, "station": "LES VALLEES", "marker-color": "#818181"}}, {"type": "Feature", "geometry": {"type": "Point", "coordinates": [2.272632, 48.763954]}, "properties": {"numparc": 5822, "etat de la localisation": "autre", "ID BDGEO": "5346", "horodatage": "2023-05-11 22:46:42", "distance (en metres)": 85.59, "station": "PRESIDENT ALLENDE", "marker-color": "#818181"}}, {"type": "Feature", "geometry": {"type": "Point", "coordinates": [2.272541, 48.763729]}, "properties": {"numparc": 5837, "etat de la localisation": "autre", "ID BDGEO": "5348", "horodatage": "2023-05-11 22:48:28", "distance (en metres)": 141.23, "station": "LES VALLEES", "marker-color": "#818181"}}, {"type": "Feature", "geometry": {"type": "Point", "coordinates": [2.282397, 48.76244]}, "properties": {"numparc": 5837, "etat de la localisation": "autre", "ID BDGEO": "5311", "horodatage": "2023-05-11 22:50:10", "distance (en metres)": 111.73, "station": "CARREFOUR DU 19 MARS 1962", "marker-color": "#818181"}}, {"type": "Feature", "geometry": {"type": "Point", "coordinates": [2.290552, 48.761303]}, "properties": {"numparc": 5837, "etat de la localisation": "autre", "ID BDGEO": "5309", "horodatage": "2023-05-11 22:51:37", "distance (en metres)": 66.21, "station": "CARREFOUR DE L'EUROPE", "marker-color": "#818181"}}, {"type": "Feature", "geometry": {"type": "Point", "coordinates": [2.303829, 48.762604]}, "properties": {"numparc": 5837, "etat de la localisation": "autre", "ID BDGEO": "6996", "horodatage": "2023-05-11 22:54:00", "distance (en metres)": 164.36, "station": "CROIX DE BERNY-RER", "marker-color": "#818181"}}, {"type": "Feature", "geometry": {"type": "Point", "coordinates": [2.304133, 48.762688]}, "properties": {"numparc": 5837, "etat de la localisation": "autre", "ID BDGEO": "6996", "horodatage": "2023-05-11 22:54:27", "distance (en metres)": 188.48, "station": "CROIX DE BERNY-RER", "marker-color": "#818181"}}, {"type": "Feature", "geometry": {"type": "Point", "coordinates": [2.254734, 48.766373]}, "properties": {"numparc": 5832, "etat de la localisation": "autre", "ID BDGEO": "5335", "horodatage": "2023-05-11 23:02:24", "distance (en metres)": 53.04, "station": "FRANCIS DE PRESSENSE", "marker-color": "#818181"}}, {"type": "Feature", "geometry": {"type": "Point", "coordinates": [2.272521, 48.763756]}, "properties": {"numparc": 5832, "etat de la localisation": "autre", "ID BDGEO": "5348", "horodatage": "2023-05-11 23:05:18", "distance (en metres)": 143.04, "station": "LES VALLEES", "marker-color": "#818181"}}, {"type": "Feature", "geometry": {"type": "Point", "coordinates": [2.280362, 48.762703]}, "properties": {"numparc": 5832, "etat de la localisation": "autre", "ID BDGEO": "5311", "horodatage": "2023-05-11 23:07:04", "distance (en metres)": 263.65, "station": "CARREFOUR DU 19 MARS 1962", "marker-color": "#818181"}}, {"type": "Feature", "geometry": {"type": "Point", "coordinates": [2.302639, 48.762325]}, "properties": {"numparc": 5832, "etat de la localisation": "autre", "ID BDGEO": "6996", "horodatage": "2023-05-11 23:10:39", "distance (en metres)": 71.8, "station": "CROIX DE BERNY-RER", "marker-color": "#818181"}}, {"type": "Feature", "geometry": {"type": "Point", "coordinates": [2.304156, 48.762695]}, "properties": {"numparc": 5832, "etat de la localisation": "autre", "ID BDGEO": "6996", "horodatage": "2023-05-11 23:11:31", "distance (en metres)": 190.37, "station": "CROIX DE BERNY-RER", "marker-color": "#818181"}}, {"type": "Feature", "geometry": {"type": "Point", "coordinates": [2.249601, 48.769287]}, "properties": {"numparc": 5857, "etat de la localisation": "autre", "ID BDGEO": "5227", "horodatage": "2023-05-11 23:15:16", "distance (en metres)": 79.61, "station": "LA FERME DE MALABRY", "marker-color": "#818181"}}, {"type": "Feature", "geometry": {"type": "Point", "coordinates": [2.251189, 48.76841]}, "properties": {"numparc": 5857, "etat de la localisation": "autre", "ID BDGEO": "5332", "horodatage": "2023-05-11 23:16:10", "distance (en metres)": 49.59, "station": "CYRANO DE BERGERAC", "marker-color": "#818181"}}, {"type": "Feature", "geometry": {"type": "Point", "coordinates": [2.254731, 48.766354]}, "properties": {"numparc": 5857, "etat de la localisation": "autre", "ID BDGEO": "5335", "horodatage": "2023-05-11 23:17:21", "distance (en metres)": 52.49, "station": "FRANCIS DE PRESSENSE", "marker-color": "#818181"}}, {"type": "Feature", "geometry": {"type": "Point", "coordinates": [2.272676, 48.763741]}, "properties": {"numparc": 5857, "etat de la localisation": "autre", "ID BDGEO": "5348", "horodatage": "2023-05-11 23:20:54", "distance (en metres)": 131.56, "station": "LES VALLEES", "marker-color": "#818181"}}, {"type": "Feature", "geometry": {"type": "Point", "coordinates": [2.280375, 48.762699]}, "properties": {"numparc": 5857, "etat de la localisation": "autre", "ID BDGEO": "5311", "horodatage": "2023-05-11 23:22:40", "distance (en metres)": 262.64, "station": "CARREFOUR DU 19 MARS 1962", "marker-color": "#818181"}}, {"type": "Feature", "geometry": {"type": "Point", "coordinates": [2.282397, 48.762451]}, "properties": {"numparc": 5857, "etat de la localisation": "autre", "ID BDGEO": "5311", "horodatage": "2023-05-11 23:23:22", "distance (en metres)": 111.92, "station": "CARREFOUR DU 19 MARS 1962", "marker-color": "#818181"}}, {"type": "Feature", "geometry": {"type": "Point", "coordinates": [2.304199, 48.762722]}, "properties": {"numparc": 5857, "etat de la localisation": "autre", "ID BDGEO": "6996", "horodatage": "2023-05-11 23:26:28", "distance (en metres)": 194.35, "station": "CROIX DE BERNY-RER", "marker-color": "#818181"}}, {"type": "Feature", "geometry": {"type": "Point", "coordinates": [2.278561, 48.763096]}, "properties": {"numparc": 5832, "etat de la localisation": "autre", "ID BDGEO": "5349", "horodatage": "2023-05-11 23:26:33", "distance (en metres)": 60.28, "station": "LA BRIAUDE", "marker-color": "#818181"}}, {"type": "Feature", "geometry": {"type": "Point", "coordinates": [2.302592, 48.76231]}, "properties": {"numparc": 5822, "etat de la localisation": "autre", "ID BDGEO": "6996", "horodatage": "2023-05-11 23:26:53", "distance (en metres)": 67.99, "station": "CROIX DE BERNY-RER", "marker-color": "#818181"}}, {"type": "Feature", "geometry": {"type": "Point", "coordinates": [2.302592, 48.76231]}, "properties": {"numparc": 5822, "etat de la localisation": "autre", "ID BDGEO": "6996", "horodatage": "2023-05-11 23:27:03", "distance (en metres)": 67.99, "station": "CROIX DE BERNY-RER", "marker-color": "#818181"}}, {"type": "Feature", "geometry": {"type": "Point", "coordinates": [2.272602, 48.763973]}, "properties": {"numparc": 5832, "etat de la localisation": "autre", "ID BDGEO": "5346", "horodatage": "2023-05-11 23:28:05", "distance (en metres)": 83.38, "station": "PRESIDENT ALLENDE", "marker-color": "#818181"}}, {"type": "Feature", "geometry": {"type": "Point", "coordinates": [2.304111, 48.762695]}, "properties": {"numparc": 5822, "etat de la localisation": "autre", "ID BDGEO": "6996", "horodatage": "2023-05-11 23:37:52", "distance (en metres)": 187.26, "station": "CROIX DE BERNY-RER", "marker-color": "#818181"}}, {"type": "Feature", "geometry": {"type": "Point", "coordinates": [2.272568, 48.763973]}, "properties": {"numparc": 5857, "etat de la localisation": "autre", "ID BDGEO": "5346", "horodatage": "2023-05-11 23:39:11", "distance (en metres)": 80.88, "station": "PRESIDENT ALLENDE", "marker-color": "#818181"}}, {"type": "Feature", "geometry": {"type": "Point", "coordinates": [2.219113, 48.785576]}, "properties": {"numparc": 5832, "etat de la localisation": "autre", "ID BDGEO": "5316", "horodatage": "2023-05-11 23:40:51", "distance (en metres)": 41.92, "station": "VELIZY2", "marker-color": "#818181"}}, {"type": "Feature", "geometry": {"type": "Point", "coordinates": [2.249583, 48.769287]}, "properties": {"numparc": 5837, "etat de la localisation": "autre", "ID BDGEO": "5227", "horodatage": "2023-05-11 23:41:25", "distance (en metres)": 78.69, "station": "LA FERME DE MALABRY", "marker-color": "#818181"}}, {"type": "Feature", "geometry": {"type": "Point", "coordinates": [2.282372, 48.762444]}, "properties": {"numparc": 5837, "etat de la localisation": "autre", "ID BDGEO": "5311", "horodatage": "2023-05-11 23:48:36", "distance (en metres)": 113.61, "station": "CARREFOUR DU 19 MARS 1962", "marker-color": "#818181"}}, {"type": "Feature", "geometry": {"type": "Point", "coordinates": [2.303802, 48.762604]}, "properties": {"numparc": 5837, "etat de la localisation": "autre", "ID BDGEO": "6996", "horodatage": "2023-05-11 23:52:23", "distance (en metres)": 162.5, "station": "CROIX DE BERNY-RER", "marker-color": "#818181"}}, {"type": "Feature", "geometry": {"type": "Point", "coordinates": [2.304105, 48.762688]}, "properties": {"numparc": 5837, "etat de la localisation": "autre", "ID BDGEO": "6996", "horodatage": "2023-05-11 23:52:50", "distance (en metres)": 186.56, "station": "CROIX DE BERNY-RER", "marker-color": "#818181"}}, {"type": "Feature", "geometry": {"type": "Point", "coordinates": [2.304105, 48.762688]}, "properties": {"numparc": 5837, "etat de la localisation": "autre", "ID BDGEO": "6996", "horodatage": "2023-05-11 23:59:38", "distance (en metres)": 186.56, "station": "CROIX DE BERNY-RER", "marker-color": "#818181"}}, {"type": "Feature", "geometry": {"type": "Point", "coordinates": [2.249601, 48.769318]}, "properties": {"numparc": 5832, "etat de la localisation": "autre", "ID BDGEO": "5227", "horodatage": "2023-05-12 00:01:34", "distance (en metres)": 77.25, "station": "LA FERME DE MALABRY", "marker-color": "#818181"}}, {"type": "Feature", "geometry": {"type": "Point", "coordinates": [2.25475, 48.766365]}, "properties": {"numparc": 5832, "etat de la localisation": "autre", "ID BDGEO": "5335", "horodatage": "2023-05-12 00:02:34", "distance (en metres)": 51.64, "station": "FRANCIS DE PRESSENSE", "marker-color": "#818181"}}, {"type": "Feature", "geometry": {"type": "Point", "coordinates": [2.272591, 48.763947]}, "properties": {"numparc": 5837, "etat de la localisation": "autre", "ID BDGEO": "5346", "horodatage": "2023-05-12 00:06:41", "distance (en metres)": 82.63, "station": "PRESIDENT ALLENDE", "marker-color": "#818181"}}, {"type": "Feature", "geometry": {"type": "Point", "coordinates": [2.302624, 48.76231]}, "properties": {"numparc": 5832, "etat de la localisation": "autre", "ID BDGEO": "6996", "horodatage": "2023-05-12 00:09:50", "distance (en metres)": 70.21, "station": "CROIX DE BERNY-RER", "marker-color": "#818181"}}, {"type": "Feature", "geometry": {"type": "Point", "coordinates": [2.304148, 48.762669]}, "properties": {"numparc": 5832, "etat de la localisation": "autre", "ID BDGEO": "6996", "horodatage": "2023-05-12 00:11:12", "distance (en metres)": 188.8, "station": "CROIX DE BERNY-RER", "marker-color": "#818181"}}, {"type": "Feature", "geometry": {"type": "Point", "coordinates": [2.272361, 48.763763]}, "properties": {"numparc": 5857, "etat de la localisation": "autre", "ID BDGEO": "5348", "horodatage": "2023-05-12 00:18:05", "distance (en metres)": 154.78, "station": "LES VALLEES", "marker-color": "#818181"}}, {"type": "Feature", "geometry": {"type": "Point", "coordinates": [2.280376, 48.762676]}, "properties": {"numparc": 5857, "etat de la localisation": "autre", "ID BDGEO": "5311", "horodatage": "2023-05-12 00:19:29", "distance (en metres)": 262.14, "station": "CARREFOUR DU 19 MARS 1962", "marker-color": "#818181"}}, {"type": "Feature", "geometry": {"type": "Point", "coordinates": [2.282203, 48.762474]}, "properties": {"numparc": 5857, "etat de la localisation": "autre", "ID BDGEO": "5311", "horodatage": "2023-05-12 00:20:08", "distance (en metres)": 126.36, "station": "CARREFOUR DU 19 MARS 1962", "marker-color": "#818181"}}, {"type": "Feature", "geometry": {"type": "Point", "coordinates": [2.303955, 48.76265]}, "properties": {"numparc": 5857, "etat de la localisation": "autre", "ID BDGEO": "5607", "horodatage": "2023-05-12 00:23:46", "distance (en metres)": 188.32, "station": "CROIX DE BERNY-RE#", "marker-color": "#818181"}}, {"type": "Feature", "geometry": {"type": "Point", "coordinates": [2.278581, 48.763081]}, "properties": {"numparc": 5832, "etat de la localisation": "autre", "ID BDGEO": "5349", "horodatage": "2023-05-12 00:26:58", "distance (en metres)": 58.37, "station": "LA BRIAUDE", "marker-color": "#818181"}}, {"type": "Feature", "geometry": {"type": "Point", "coordinates": [2.3026, 48.762318]}, "properties": {"numparc": 5822, "etat de la localisation": "autre", "ID BDGEO": "6996", "horodatage": "2023-05-12 00:27:32", "distance (en metres)": 68.82, "station": "CROIX DE BERNY-RER", "marker-color": "#818181"}}, {"type": "Feature", "geometry": {"type": "Point", "coordinates": [2.304138, 48.762699]}, "properties": {"numparc": 5822, "etat de la localisation": "autre", "ID BDGEO": "6996", "horodatage": "2023-05-12 00:32:28", "distance (en metres)": 189.27, "station": "CROIX DE BERNY-RER", "marker-color": "#818181"}}, {"type": "Feature", "geometry": {"type": "Point", "coordinates": [2.296598, 48.721615]}, "properties": {"numparc": 5830, "etat de la localisation": "autre", "ID BDGEO": "7722", "horodatage": "2023-05-12 00:37:56", "distance (en metres)": 58.7, "station": "ANNEXE MONTROUGE SORTIE#", "marker-color": "#818181"}}, {"type": "Feature", "geometry": {"type": "Point", "coordinates": [2.278552, 48.763092]}, "properties": {"numparc": 5822, "etat de la localisation": "autre", "ID BDGEO": "5349", "horodatage": "2023-05-12 00:40:08", "distance (en metres)": 60.78, "station": "LA BRIAUDE", "marker-color": "#818181"}}, {"type": "Feature", "geometry": {"type": "Point", "coordinates": [2.249595, 48.769283]}, "properties": {"numparc": 5837, "etat de la localisation": "autre", "ID BDGEO": "5227", "horodatage": "2023-05-12 00:40:44", "distance (en metres)": 79.6, "station": "LA FERME DE MALABRY", "marker-color": "#818181"}}, {"type": "Feature", "geometry": {"type": "Point", "coordinates": [2.27256, 48.763981]}, "properties": {"numparc": 5822, "etat de la localisation": "autre", "ID BDGEO": "5346", "horodatage": "2023-05-12 00:41:11", "distance (en metres)": 80.29, "station": "PRESIDENT ALLENDE", "marker-color": "#818181"}}, {"type": "Feature", "geometry": {"type": "Point", "coordinates": [2.272507, 48.763721]}, "properties": {"numparc": 5837, "etat de la localisation": "autre", "ID BDGEO": "5348", "horodatage": "2023-05-12 00:45:53", "distance (en metres)": 143.62, "station": "LES VALLEES", "marker-color": "#818181"}}, {"type": "Feature", "geometry": {"type": "Point", "coordinates": [2.30412, 48.76268]}, "properties": {"numparc": 5837, "etat de la localisation": "autre", "ID BDGEO": "6996", "horodatage": "2023-05-12 00:51:32", "distance (en metres)": 187.3, "station": "CROIX DE BERNY-RER", "marker-color": "#818181"}}, {"type": "Feature", "geometry": {"type": "Point", "coordinates": [2.274671, 48.763599]}, "properties": {"numparc": 5837, "etat de la localisation": "autre", "ID BDGEO": "5347", "horodatage": "2023-05-12 01:00:27", "distance (en metres)": 48.15, "station": "LES VALLEES", "marker-color": "#818181"}}, {"type": "Feature", "geometry": {"type": "Point", "coordinates": [2.272597, 48.763954]}, "properties": {"numparc": 5837, "etat de la localisation": "autre", "ID BDGEO": "5346", "horodatage": "2023-05-12 01:01:06", "distance (en metres)": 83.04, "station": "PRESIDENT ALLENDE", "marker-color": "#818181"}}, {"type": "Feature", "geometry": {"type": "Point", "coordinates": [2.272562, 48.763733]}, "properties": {"numparc": 5832, "etat de la localisation": "autre", "ID BDGEO": "5348", "horodatage": "2023-05-12 01:03:12", "distance (en metres)": 139.75, "station": "LES VALLEES", "marker-color": "#818181"}}, {"type": "Feature", "geometry": {"type": "Point", "coordinates": [2.304184, 48.762703]}, "properties": {"numparc": 5832, "etat de la localisation": "autre", "ID BDGEO": "6996", "horodatage": "2023-05-12 01:07:25", "distance (en metres)": 192.58, "station": "CROIX DE BERNY-RER", "marker-color": "#818181"}}, {"type": "Feature", "geometry": {"type": "Point", "coordinates": [2.304184, 48.762703]}, "properties": {"numparc": 5832, "etat de la localisation": "autre", "ID BDGEO": "6996", "horodatage": "2023-05-12 01:07:55", "distance (en metres)": 192.58, "station": "CROIX DE BERNY-RER", "marker-color": "#818181"}}, {"type": "Feature", "geometry": {"type": "Point", "coordinates": [2.297397, 48.721588]}, "properties": {"station": "ANNEXE MONTROUGE SORTIE#", "ID BDGEO": "7722", "marker-color": "#56B3FF"}}, {"type": "Feature", "geometry": {"type": "Point", "coordinates": [2.248831, 48.769792]}, "properties": {"station": "LA FERME DE MALABRY", "ID BDGEO": "5227", "marker-color": "#56B3FF"}}, {"type": "Feature", "geometry": {"type": "Point", "coordinates": [2.250723, 48.768733]}, "properties": {"station": "CYRANO DE BERGERAC", "ID BDGEO": "5332", "marker-color": "#56B3FF"}}, {"type": "Feature", "geometry": {"type": "Point", "coordinates": [2.255404, 48.766193]}, "properties": {"station": "FRANCIS DE PRESSENSE", "ID BDGEO": "5335", "marker-color": "#56B3FF"}}, {"type": "Feature", "geometry": {"type": "Point", "coordinates": [2.274456, 48.763589]}, "properties": {"station": "LES VALLEES", "ID BDGEO": "5348", "marker-color": "#56B3FF"}}, {"type": "Feature", "geometry": {"type": "Point", "coordinates": [2.283906, 48.762299]}, "properties": {"station": "CARREFOUR DU 19 MARS 1962", "ID BDGEO": "5311", "marker-color": "#56B3FF"}}, {"type": "Feature", "geometry": {"type": "Point", "coordinates": [2.291453, 48.76126]}, "properties": {"station": "CARREFOUR DE L'EUROPE", "ID BDGEO": "5309", "marker-color": "#56B3FF"}}, {"type": "Feature", "geometry": {"type": "Point", "coordinates": [2.301716, 48.762108]}, "properties": {"station": "CROIX DE BERNY-RER", "ID BDGEO": "6996", "marker-color": "#56B3FF"}}, {"type": "Feature", "geometry": {"type": "Point", "coordinates": [2.279338, 48.762917]}, "properties": {"station": "LA BRIAUDE", "ID BDGEO": "5349", "marker-color": "#56B3FF"}}, {"type": "Feature", "geometry": {"type": "Point", "coordinates": [2.271464, 48.763974]}, "properties": {"station": "PRESIDENT ALLENDE", "ID BDGEO": "5346", "marker-color": "#56B3FF"}}, {"type": "Feature", "geometry": {"type": "Point", "coordinates": [2.250777, 48.768697]}, "properties": {"station": "CYRANO DE BERGERAC", "ID BDGEO": "5331", "marker-color": "#56B3FF"}}, {"type": "Feature", "geometry": {"type": "Point", "coordinates": [2.21918, 48.785514]}, "properties": {"station": "VELIZY2.", "ID BDGEO": "5224", "marker-color": "#56B3FF"}}, {"type": "Feature", "geometry": {"type": "Point", "coordinates": [2.224254, 48.785483]}, "properties": {"station": "DE LATTRE DE TASSIGNY", "ID BDGEO": "5322", "marker-color": "#56B3FF"}}, {"type": "Feature", "geometry": {"type": "Point", "coordinates": [2.299949, 48.762036]}, "properties": {"station": "SCEAUX-SOUS PREFECTURE", "ID BDGEO": "5306", "marker-color": "#56B3FF"}}, {"type": "Feature", "geometry": {"type": "Point", "coordinates": [2.275299, 48.763472]}, "properties": {"station": "LES VALLEES", "ID BDGEO": "5347", "marker-color": "#56B3FF"}}, {"type": "Feature", "geometry": {"type": "Point", "coordinates": [2.239619, 48.773326]}, "properties": {"station": "LA BOURSIDIERE", "ID BDGEO": "5358", "marker-color": "#56B3FF"}}, {"type": "Feature", "geometry": {"type": "Point", "coordinates": [2.229629, 48.777848]}, "properties": {"station": "RD POINT DU PETIT CLAMART", "ID BDGEO": "5327", "marker-color": "#56B3FF"}}, {"type": "Feature", "geometry": {"type": "Point", "coordinates": [2.301159, 48.761991]}, "properties": {"station": "CROIX DE BERNY-RER.", "ID BDGEO": "5304", "marker-color": "#56B3FF"}}, {"type": "Feature", "geometry": {"type": "Point", "coordinates": [2.249226, 48.769586]}, "properties": {"station": "LA FERME DE MALABRY", "ID BDGEO": "5228", "marker-color": "#56B3FF"}}, {"type": "Feature", "geometry": {"type": "Point", "coordinates": [2.301431, 48.762045]}, "properties": {"station": "CROIX DE BERNY-RER#", "ID BDGEO": "6992", "marker-color": "#56B3FF"}}, {"type": "Feature", "geometry": {"type": "Point", "coordinates": [2.30154, 48.762072]}, "properties": {"station": "CROIX DE BERNY-RE#", "ID BDGEO": "5607", "marker-color": "#56B3FF"}}, {"type": "Feature", "geometry": {"type": "Point", "coordinates": [2.29046, 48.761385]}, "properties": {"station": "CARREFOUR DE L'EUROPE", "ID BDGEO": "5308", "marker-color": "#56B3FF"}}, {"type": "Feature", "geometry": {"type": "Point", "coordinates": [2.298008, 48.721813]}, "properties": {"station": "ANNEXE MONTROUGE ENTREE#", "ID BDGEO": "7721", "marker-color": "#56B3FF"}}, {"type": "Feature", "geometry": {"type": "Point", "coordinates": [2.219113, 48.785199]}, "properties": {"station": "VELIZY2", "ID BDGEO": "5316", "marker-color": "#56B3FF"}}, {"type": "Feature", "geometry": {"type": "Point", "coordinates": [2.238445, 48.77595]}, "properties": {"station": "LA BOURSIDIERE", "ID BDGEO": "5328", "marker-color": "#56B3FF"}}, {"type": "Feature", "geometry": {"type": "Point", "coordinates": [2.248423, 48.769999]}, "properties": {"station": "LA FERME DE MALABRY#", "ID BDGEO": "6920", "marker-color": "#56B3FF"}}]}