{"type": "FeatureCollection", "features": [{"type": "Feature", "geometry": {"type": "Point", "coordinates": [2.40778, 48.876579]}, "properties": {"numparc": 614, "etat de la localisation": "autre", "ID BDGEO": "377", "horodatage": "2022-06-19 07:17:01", "distance (en metres)": 7189.26, "station": "DENFERT-ROCHEREAU#", "marker-color": "#818181"}}, {"type": "Feature", "geometry": {"type": "Point", "coordinates": [2.406293, 48.87664]}, "properties": {"numparc": 614, "etat de la localisation": "autre", "ID BDGEO": "377", "horodatage": "2022-06-19 07:22:42", "distance (en metres)": 7113.32, "station": "DENFERT-ROCHEREAU#", "marker-color": "#818181"}}, {"type": "Feature", "geometry": {"type": "Point", "coordinates": [2.405604, 48.874729]}, "properties": {"numparc": 614, "etat de la localisation": "autre", "ID BDGEO": "377", "horodatage": "2022-06-19 07:23:56", "distance (en metres)": 6933.55, "station": "DENFERT-ROCHEREAU#", "marker-color": "#818181"}}, {"type": "Feature", "geometry": {"type": "Point", "coordinates": [2.404708, 48.872322]}, "properties": {"numparc": 614, "etat de la localisation": "autre", "ID BDGEO": "377", "horodatage": "2022-06-19 07:24:45", "distance (en metres)": 6708.82, "station": "DENFERT-ROCHEREAU#", "marker-color": "#818181"}}, {"type": "Feature", "geometry": {"type": "Point", "coordinates": [2.401258, 48.867992]}, "properties": {"numparc": 614, "etat de la localisation": "autre", "ID BDGEO": "377", "horodatage": "2022-06-19 07:27:04", "distance (en metres)": 6208.69, "station": "DENFERT-ROCHEREAU#", "marker-color": "#818181"}}, {"type": "Feature", "geometry": {"type": "Point", "coordinates": [2.399261, 48.865723]}, "properties": {"numparc": 614, "etat de la localisation": "autre", "ID BDGEO": "377", "horodatage": "2022-06-19 07:28:20", "distance (en metres)": 5938.57, "station": "DENFERT-ROCHEREAU#", "marker-color": "#818181"}}, {"type": "Feature", "geometry": {"type": "Point", "coordinates": [2.398859, 48.864429]}, "properties": {"numparc": 614, "etat de la localisation": "autre", "ID BDGEO": "377", "horodatage": "2022-06-19 07:29:13", "distance (en metres)": 5828.86, "station": "DENFERT-ROCHEREAU#", "marker-color": "#818181"}}, {"type": "Feature", "geometry": {"type": "Point", "coordinates": [2.4024, 48.858967]}, "properties": {"numparc": 614, "etat de la localisation": "autre", "ID BDGEO": "377", "horodatage": "2022-06-19 07:31:08", "distance (en metres)": 5713.89, "station": "DENFERT-ROCHEREAU#", "marker-color": "#818181"}}, {"type": "Feature", "geometry": {"type": "Point", "coordinates": [2.404999, 48.855957]}, "properties": {"numparc": 614, "etat de la localisation": "autre", "ID BDGEO": "377", "horodatage": "2022-06-19 07:32:07", "distance (en metres)": 5725.02, "station": "DENFERT-ROCHEREAU#", "marker-color": "#818181"}}, {"type": "Feature", "geometry": {"type": "Point", "coordinates": [2.406101, 48.852283]}, "properties": {"numparc": 614, "etat de la localisation": "autre", "ID BDGEO": "377", "horodatage": "2022-06-19 07:33:45", "distance (en metres)": 5632.7, "station": "DENFERT-ROCHEREAU#", "marker-color": "#818181"}}, {"type": "Feature", "geometry": {"type": "Point", "coordinates": [2.406322, 48.850174]}, "properties": {"numparc": 614, "etat de la localisation": "autre", "ID BDGEO": "377", "horodatage": "2022-06-19 07:35:12", "distance (en metres)": 5564.63, "station": "DENFERT-ROCHEREAU#", "marker-color": "#818181"}}, {"type": "Feature", "geometry": {"type": "Point", "coordinates": [2.406313, 48.847927]}, "properties": {"numparc": 614, "etat de la localisation": "autre", "ID BDGEO": "377", "horodatage": "2022-06-19 07:36:18", "distance (en metres)": 5485.17, "station": "DENFERT-ROCHEREAU#", "marker-color": "#818181"}}, {"type": "Feature", "geometry": {"type": "Point", "coordinates": [2.405098, 48.842407]}, "properties": {"numparc": 614, "etat de la localisation": "autre", "ID BDGEO": "377", "horodatage": "2022-06-19 07:37:51", "distance (en metres)": 5249.11, "station": "DENFERT-ROCHEREAU#", "marker-color": "#818181"}}, {"type": "Feature", "geometry": {"type": "Point", "coordinates": [2.396643, 48.839607]}, "properties": {"numparc": 614, "etat de la localisation": "autre", "ID BDGEO": "377", "horodatage": "2022-06-19 07:40:24", "distance (en metres)": 4586.0, "station": "DENFERT-ROCHEREAU#", "marker-color": "#818181"}}, {"type": "Feature", "geometry": {"type": "Point", "coordinates": [2.393826, 48.838985]}, "properties": {"numparc": 614, "etat de la localisation": "autre", "ID BDGEO": "377", "horodatage": "2022-06-19 07:41:56", "distance (en metres)": 4371.92, "station": "DENFERT-ROCHEREAU#", "marker-color": "#818181"}}, {"type": "Feature", "geometry": {"type": "Point", "coordinates": [2.329672, 48.823421]}, "properties": {"numparc": 1478, "etat de la localisation": "autre", "ID BDGEO": "379", "horodatage": "2022-06-19 07:42:47", "distance (en metres)": 1172.55, "station": "DENFERT-ROCHEREAU.", "marker-color": "#818181"}}, {"type": "Feature", "geometry": {"type": "Point", "coordinates": [2.390631, 48.837208]}, "properties": {"numparc": 614, "etat de la localisation": "autre", "ID BDGEO": "377", "horodatage": "2022-06-19 07:43:04", "distance (en metres)": 4115.42, "station": "DENFERT-ROCHEREAU#", "marker-color": "#818181"}}, {"type": "Feature", "geometry": {"type": "Point", "coordinates": [2.385837, 48.835548]}, "properties": {"numparc": 614, "etat de la localisation": "autre", "ID BDGEO": "377", "horodatage": "2022-06-19 07:44:44", "distance (en metres)": 3750.18, "station": "DENFERT-ROCHEREAU#", "marker-color": "#818181"}}, {"type": "Feature", "geometry": {"type": "Point", "coordinates": [2.382972, 48.833996]}, "properties": {"numparc": 614, "etat de la localisation": "autre", "ID BDGEO": "377", "horodatage": "2022-06-19 07:45:50", "distance (en metres)": 3533.29, "station": "DENFERT-ROCHEREAU#", "marker-color": "#818181"}}, {"type": "Feature", "geometry": {"type": "Point", "coordinates": [2.37911, 48.831882]}, "properties": {"numparc": 614, "etat de la localisation": "autre", "ID BDGEO": "377", "horodatage": "2022-06-19 07:47:20", "distance (en metres)": 3254.06, "station": "DENFERT-ROCHEREAU#", "marker-color": "#818181"}}, {"type": "Feature", "geometry": {"type": "Point", "coordinates": [2.375818, 48.830051]}, "properties": {"numparc": 614, "etat de la localisation": "autre", "ID BDGEO": "377", "horodatage": "2022-06-19 07:48:50", "distance (en metres)": 3031.34, "station": "DENFERT-ROCHEREAU#", "marker-color": "#818181"}}, {"type": "Feature", "geometry": {"type": "Point", "coordinates": [2.370588, 48.827591]}, "properties": {"numparc": 614, "etat de la localisation": "autre", "ID BDGEO": "377", "horodatage": "2022-06-19 07:50:10", "distance (en metres)": 2703.28, "station": "DENFERT-ROCHEREAU#", "marker-color": "#818181"}}, {"type": "Feature", "geometry": {"type": "Point", "coordinates": [2.367616, 48.827171]}, "properties": {"numparc": 614, "etat de la localisation": "autre", "ID BDGEO": "377", "horodatage": "2022-06-19 07:50:51", "distance (en metres)": 2504.86, "station": "DENFERT-ROCHEREAU#", "marker-color": "#818181"}}, {"type": "Feature", "geometry": {"type": "Point", "coordinates": [2.36448, 48.826744]}, "properties": {"numparc": 614, "etat de la localisation": "autre", "ID BDGEO": "377", "horodatage": "2022-06-19 07:51:35", "distance (en metres)": 2299.73, "station": "DENFERT-ROCHEREAU#", "marker-color": "#818181"}}, {"type": "Feature", "geometry": {"type": "Point", "coordinates": [2.360687, 48.826244]}, "properties": {"numparc": 614, "etat de la localisation": "autre", "ID BDGEO": "377", "horodatage": "2022-06-19 07:52:24", "distance (en metres)": 2059.25, "station": "DENFERT-ROCHEREAU#", "marker-color": "#818181"}}, {"type": "Feature", "geometry": {"type": "Point", "coordinates": [2.358983, 48.82748]}, "properties": {"numparc": 614, "etat de la localisation": "autre", "ID BDGEO": "377", "horodatage": "2022-06-19 07:53:16", "distance (en metres)": 1892.96, "station": "DENFERT-ROCHEREAU#", "marker-color": "#818181"}}, {"type": "Feature", "geometry": {"type": "Point", "coordinates": [2.356692, 48.830421]}, "properties": {"numparc": 614, "etat de la localisation": "autre", "ID BDGEO": "377", "horodatage": "2022-06-19 07:54:15", "distance (en metres)": 1641.74, "station": "DENFERT-ROCHEREAU#", "marker-color": "#818181"}}, {"type": "Feature", "geometry": {"type": "Point", "coordinates": [2.348903, 48.829823]}, "properties": {"numparc": 614, "etat de la localisation": "autre", "ID BDGEO": "377", "horodatage": "2022-06-19 07:57:37", "distance (en metres)": 1110.58, "station": "DENFERT-ROCHEREAU#", "marker-color": "#818181"}}, {"type": "Feature", "geometry": {"type": "Point", "coordinates": [2.333727, 48.834122]}, "properties": {"numparc": 614, "etat de la localisation": "autre", "ID BDGEO": "377", "horodatage": "2022-06-19 08:00:13", "distance (en metres)": 111.84, "station": "DENFERT-ROCHEREAU#", "marker-color": "#818181"}}, {"type": "Feature", "geometry": {"type": "Point", "coordinates": [2.407891, 48.876564]}, "properties": {"numparc": 7359, "etat de la localisation": "autre", "ID BDGEO": "377", "horodatage": "2022-06-19 08:01:09", "distance (en metres)": 7194.17, "station": "DENFERT-ROCHEREAU#", "marker-color": "#818181"}}, {"type": "Feature", "geometry": {"type": "Point", "coordinates": [2.332546, 48.833462]}, "properties": {"numparc": 614, "etat de la localisation": "autre", "ID BDGEO": "348", "horodatage": "2022-06-19 08:02:55", "distance (en metres)": 173.23, "station": "DENFERT-ROCHEREAU", "marker-color": "#818181"}}, {"type": "Feature", "geometry": {"type": "Point", "coordinates": [2.406342, 48.876644]}, "properties": {"numparc": 7359, "etat de la localisation": "autre", "ID BDGEO": "377", "horodatage": "2022-06-19 08:07:38", "distance (en metres)": 7116.25, "station": "DENFERT-ROCHEREAU#", "marker-color": "#818181"}}, {"type": "Feature", "geometry": {"type": "Point", "coordinates": [2.404727, 48.872326]}, "properties": {"numparc": 7359, "etat de la localisation": "autre", "ID BDGEO": "377", "horodatage": "2022-06-19 08:08:56", "distance (en metres)": 6710.16, "station": "DENFERT-ROCHEREAU#", "marker-color": "#818181"}}, {"type": "Feature", "geometry": {"type": "Point", "coordinates": [2.40134, 48.868057]}, "properties": {"numparc": 7359, "etat de la localisation": "autre", "ID BDGEO": "377", "horodatage": "2022-06-19 08:11:09", "distance (en metres)": 6217.87, "station": "DENFERT-ROCHEREAU#", "marker-color": "#818181"}}, {"type": "Feature", "geometry": {"type": "Point", "coordinates": [2.398908, 48.864483]}, "properties": {"numparc": 7359, "etat de la localisation": "autre", "ID BDGEO": "377", "horodatage": "2022-06-19 08:12:59", "distance (en metres)": 5835.26, "station": "DENFERT-ROCHEREAU#", "marker-color": "#818181"}}, {"type": "Feature", "geometry": {"type": "Point", "coordinates": [2.400336, 48.861454]}, "properties": {"numparc": 7359, "etat de la localisation": "autre", "ID BDGEO": "377", "horodatage": "2022-06-19 08:14:11", "distance (en metres)": 5729.4, "station": "DENFERT-ROCHEREAU#", "marker-color": "#818181"}}, {"type": "Feature", "geometry": {"type": "Point", "coordinates": [2.402336, 48.858997]}, "properties": {"numparc": 7359, "etat de la localisation": "autre", "ID BDGEO": "377", "horodatage": "2022-06-19 08:15:05", "distance (en metres)": 5711.52, "station": "DENFERT-ROCHEREAU#", "marker-color": "#818181"}}, {"type": "Feature", "geometry": {"type": "Point", "coordinates": [2.404968, 48.856022]}, "properties": {"numparc": 7359, "etat de la localisation": "autre", "ID BDGEO": "377", "horodatage": "2022-06-19 08:16:14", "distance (en metres)": 5726.16, "station": "DENFERT-ROCHEREAU#", "marker-color": "#818181"}}, {"type": "Feature", "geometry": {"type": "Point", "coordinates": [2.406081, 48.852333]}, "properties": {"numparc": 7359, "etat de la localisation": "autre", "ID BDGEO": "377", "horodatage": "2022-06-19 08:17:41", "distance (en metres)": 5633.4, "station": "DENFERT-ROCHEREAU#", "marker-color": "#818181"}}, {"type": "Feature", "geometry": {"type": "Point", "coordinates": [2.406317, 48.850239]}, "properties": {"numparc": 7359, "etat de la localisation": "autre", "ID BDGEO": "377", "horodatage": "2022-06-19 08:19:12", "distance (en metres)": 5566.71, "station": "DENFERT-ROCHEREAU#", "marker-color": "#818181"}}, {"type": "Feature", "geometry": {"type": "Point", "coordinates": [2.406312, 48.847931]}, "properties": {"numparc": 7359, "etat de la localisation": "autre", "ID BDGEO": "377", "horodatage": "2022-06-19 08:20:23", "distance (en metres)": 5485.23, "station": "DENFERT-ROCHEREAU#", "marker-color": "#818181"}}, {"type": "Feature", "geometry": {"type": "Point", "coordinates": [2.405065, 48.842487]}, "properties": {"numparc": 7359, "etat de la localisation": "autre", "ID BDGEO": "377", "horodatage": "2022-06-19 08:22:12", "distance (en metres)": 5248.46, "station": "DENFERT-ROCHEREAU#", "marker-color": "#818181"}}, {"type": "Feature", "geometry": {"type": "Point", "coordinates": [2.396754, 48.839676]}, "properties": {"numparc": 7359, "etat de la localisation": "autre", "ID BDGEO": "377", "horodatage": "2022-06-19 08:25:33", "distance (en metres)": 4595.2, "station": "DENFERT-ROCHEREAU#", "marker-color": "#818181"}}, {"type": "Feature", "geometry": {"type": "Point", "coordinates": [2.385965, 48.835636]}, "properties": {"numparc": 1478, "etat de la localisation": "autre", "ID BDGEO": "141", "horodatage": "2022-06-19 08:26:44", "distance (en metres)": 970.87, "station": "BIBLIOTHEQUE CHEVALERET", "marker-color": "#818181"}}, {"type": "Feature", "geometry": {"type": "Point", "coordinates": [2.390702, 48.837231]}, "properties": {"numparc": 7359, "etat de la localisation": "autre", "ID BDGEO": "377", "horodatage": "2022-06-19 08:27:22", "distance (en metres)": 4120.86, "station": "DENFERT-ROCHEREAU#", "marker-color": "#818181"}}, {"type": "Feature", "geometry": {"type": "Point", "coordinates": [2.390765, 48.837193]}, "properties": {"numparc": 1478, "etat de la localisation": "autre", "ID BDGEO": "141", "horodatage": "2022-06-19 08:28:13", "distance (en metres)": 1354.84, "station": "BIBLIOTHEQUE CHEVALERET", "marker-color": "#818181"}}, {"type": "Feature", "geometry": {"type": "Point", "coordinates": [2.385949, 48.835594]}, "properties": {"numparc": 7359, "etat de la localisation": "autre", "ID BDGEO": "377", "horodatage": "2022-06-19 08:28:49", "distance (en metres)": 3758.68, "station": "DENFERT-ROCHEREAU#", "marker-color": "#818181"}}, {"type": "Feature", "geometry": {"type": "Point", "coordinates": [2.393709, 48.838959]}, "properties": {"numparc": 1478, "etat de la localisation": "autre", "ID BDGEO": "141", "horodatage": "2022-06-19 08:29:28", "distance (en metres)": 1644.81, "station": "BIBLIOTHEQUE CHEVALERET", "marker-color": "#818181"}}, {"type": "Feature", "geometry": {"type": "Point", "coordinates": [2.383044, 48.834034]}, "properties": {"numparc": 7359, "etat de la localisation": "autre", "ID BDGEO": "377", "horodatage": "2022-06-19 08:29:59", "distance (en metres)": 3538.65, "station": "DENFERT-ROCHEREAU#", "marker-color": "#818181"}}, {"type": "Feature", "geometry": {"type": "Point", "coordinates": [2.397038, 48.839539]}, "properties": {"numparc": 1478, "etat de la localisation": "autre", "ID BDGEO": "141", "horodatage": "2022-06-19 08:30:25", "distance (en metres)": 1880.67, "station": "BIBLIOTHEQUE CHEVALERET", "marker-color": "#818181"}}, {"type": "Feature", "geometry": {"type": "Point", "coordinates": [2.379141, 48.831928]}, "properties": {"numparc": 7359, "etat de la localisation": "autre", "ID BDGEO": "377", "horodatage": "2022-06-19 08:31:30", "distance (en metres)": 3256.08, "station": "DENFERT-ROCHEREAU#", "marker-color": "#818181"}}, {"type": "Feature", "geometry": {"type": "Point", "coordinates": [2.399326, 48.839565]}, "properties": {"numparc": 1478, "etat de la localisation": "autre", "ID BDGEO": "141", "horodatage": "2022-06-19 08:31:31", "distance (en metres)": 2023.13, "station": "BIBLIOTHEQUE CHEVALERET", "marker-color": "#818181"}}, {"type": "Feature", "geometry": {"type": "Point", "coordinates": [2.403434, 48.839706]}, "properties": {"numparc": 1478, "etat de la localisation": "autre", "ID BDGEO": "141", "horodatage": "2022-06-19 08:32:48", "distance (en metres)": 2292.24, "station": "BIBLIOTHEQUE CHEVALERET", "marker-color": "#818181"}}, {"type": "Feature", "geometry": {"type": "Point", "coordinates": [2.375735, 48.830059]}, "properties": {"numparc": 7359, "etat de la localisation": "autre", "ID BDGEO": "377", "horodatage": "2022-06-19 08:33:02", "distance (en metres)": 3025.21, "station": "DENFERT-ROCHEREAU#", "marker-color": "#818181"}}, {"type": "Feature", "geometry": {"type": "Point", "coordinates": [2.405018, 48.842186]}, "properties": {"numparc": 1478, "etat de la localisation": "autre", "ID BDGEO": "141", "horodatage": "2022-06-19 08:33:47", "distance (en metres)": 2530.74, "station": "BIBLIOTHEQUE CHEVALERET", "marker-color": "#818181"}}, {"type": "Feature", "geometry": {"type": "Point", "coordinates": [2.370649, 48.827621]}, "properties": {"numparc": 7359, "etat de la localisation": "autre", "ID BDGEO": "377", "horodatage": "2022-06-19 08:35:05", "distance (en metres)": 2706.82, "station": "DENFERT-ROCHEREAU#", "marker-color": "#818181"}}, {"type": "Feature", "geometry": {"type": "Point", "coordinates": [2.405722, 48.844978]}, "properties": {"numparc": 1478, "etat de la localisation": "autre", "ID BDGEO": "141", "horodatage": "2022-06-19 08:35:35", "distance (en metres)": 2749.75, "station": "BIBLIOTHEQUE CHEVALERET", "marker-color": "#818181"}}, {"type": "Feature", "geometry": {"type": "Point", "coordinates": [2.367762, 48.827251]}, "properties": {"numparc": 7359, "etat de la localisation": "autre", "ID BDGEO": "377", "horodatage": "2022-06-19 08:35:57", "distance (en metres)": 2512.72, "station": "DENFERT-ROCHEREAU#", "marker-color": "#818181"}}, {"type": "Feature", "geometry": {"type": "Point", "coordinates": [2.406446, 48.848042]}, "properties": {"numparc": 1478, "etat de la localisation": "autre", "ID BDGEO": "141", "horodatage": "2022-06-19 08:36:30", "distance (en metres)": 3006.96, "station": "BIBLIOTHEQUE CHEVALERET", "marker-color": "#818181"}}, {"type": "Feature", "geometry": {"type": "Point", "coordinates": [2.364671, 48.826824]}, "properties": {"numparc": 7359, "etat de la localisation": "autre", "ID BDGEO": "377", "horodatage": "2022-06-19 08:36:45", "distance (en metres)": 2310.17, "station": "DENFERT-ROCHEREAU#", "marker-color": "#818181"}}, {"type": "Feature", "geometry": {"type": "Point", "coordinates": [2.406222, 48.851089]}, "properties": {"numparc": 1478, "etat de la localisation": "autre", "ID BDGEO": "141", "horodatage": "2022-06-19 08:37:27", "distance (en metres)": 3230.79, "station": "BIBLIOTHEQUE CHEVALERET", "marker-color": "#818181"}}, {"type": "Feature", "geometry": {"type": "Point", "coordinates": [2.36088, 48.826283]}, "properties": {"numparc": 7359, "etat de la localisation": "autre", "ID BDGEO": "377", "horodatage": "2022-06-19 08:37:40", "distance (en metres)": 2070.68, "station": "DENFERT-ROCHEREAU#", "marker-color": "#818181"}}, {"type": "Feature", "geometry": {"type": "Point", "coordinates": [2.359011, 48.827538]}, "properties": {"numparc": 7359, "etat de la localisation": "autre", "ID BDGEO": "377", "horodatage": "2022-06-19 08:38:33", "distance (en metres)": 1892.69, "station": "DENFERT-ROCHEREAU#", "marker-color": "#818181"}}, {"type": "Feature", "geometry": {"type": "Point", "coordinates": [2.405931, 48.852844]}, "properties": {"numparc": 1478, "etat de la localisation": "autre", "ID BDGEO": "141", "horodatage": "2022-06-19 08:38:38", "distance (en metres)": 3360.6, "station": "BIBLIOTHEQUE CHEVALERET", "marker-color": "#818181"}}, {"type": "Feature", "geometry": {"type": "Point", "coordinates": [2.404597, 48.856293]}, "properties": {"numparc": 1478, "etat de la localisation": "autre", "ID BDGEO": "141", "horodatage": "2022-06-19 08:40:04", "distance (en metres)": 3600.18, "station": "BIBLIOTHEQUE CHEVALERET", "marker-color": "#818181"}}, {"type": "Feature", "geometry": {"type": "Point", "coordinates": [2.356666, 48.830338]}, "properties": {"numparc": 7359, "etat de la localisation": "autre", "ID BDGEO": "377", "horodatage": "2022-06-19 08:40:33", "distance (en metres)": 1641.76, "station": "DENFERT-ROCHEREAU#", "marker-color": "#818181"}}, {"type": "Feature", "geometry": {"type": "Point", "coordinates": [2.382957, 48.833969]}, "properties": {"numparc": 614, "etat de la localisation": "autre", "ID BDGEO": "141", "horodatage": "2022-06-19 08:41:42", "distance (en metres)": 683.07, "station": "BIBLIOTHEQUE CHEVALERET", "marker-color": "#818181"}}, {"type": "Feature", "geometry": {"type": "Point", "coordinates": [2.401613, 48.85931]}, "properties": {"numparc": 1478, "etat de la localisation": "autre", "ID BDGEO": "141", "horodatage": "2022-06-19 08:41:50", "distance (en metres)": 3762.51, "station": "BIBLIOTHEQUE CHEVALERET", "marker-color": "#818181"}}, {"type": "Feature", "geometry": {"type": "Point", "coordinates": [2.354161, 48.831142]}, "properties": {"numparc": 7359, "etat de la localisation": "autre", "ID BDGEO": "377", "horodatage": "2022-06-19 08:42:39", "distance (en metres)": 1444.84, "station": "DENFERT-ROCHEREAU#", "marker-color": "#818181"}}, {"type": "Feature", "geometry": {"type": "Point", "coordinates": [2.386019, 48.835636]}, "properties": {"numparc": 614, "etat de la localisation": "autre", "ID BDGEO": "141", "horodatage": "2022-06-19 08:42:39", "distance (en metres)": 973.91, "station": "BIBLIOTHEQUE CHEVALERET", "marker-color": "#818181"}}, {"type": "Feature", "geometry": {"type": "Point", "coordinates": [2.400011, 48.861824]}, "properties": {"numparc": 1478, "etat de la localisation": "autre", "ID BDGEO": "141", "horodatage": "2022-06-19 08:42:42", "distance (en metres)": 3952.55, "station": "BIBLIOTHEQUE CHEVALERET", "marker-color": "#818181"}}, {"type": "Feature", "geometry": {"type": "Point", "coordinates": [2.400009, 48.861828]}, "properties": {"numparc": 1478, "etat de la localisation": "autre", "ID BDGEO": "141", "horodatage": "2022-06-19 08:42:56", "distance (en metres)": 3952.86, "station": "BIBLIOTHEQUE CHEVALERET", "marker-color": "#818181"}}, {"type": "Feature", "geometry": {"type": "Point", "coordinates": [2.398771, 48.864071]}, "properties": {"numparc": 1478, "etat de la localisation": "autre", "ID BDGEO": "141", "horodatage": "2022-06-19 08:43:43", "distance (en metres)": 4139.52, "station": "BIBLIOTHEQUE CHEVALERET", "marker-color": "#818181"}}, {"type": "Feature", "geometry": {"type": "Point", "coordinates": [2.348933, 48.829853]}, "properties": {"numparc": 7359, "etat de la localisation": "autre", "ID BDGEO": "377", "horodatage": "2022-06-19 08:44:01", "distance (en metres)": 1111.44, "station": "DENFERT-ROCHEREAU#", "marker-color": "#818181"}}, {"type": "Feature", "geometry": {"type": "Point", "coordinates": [2.390822, 48.837189]}, "properties": {"numparc": 614, "etat de la localisation": "autre", "ID BDGEO": "141", "horodatage": "2022-06-19 08:44:10", "distance (en metres)": 1357.98, "station": "BIBLIOTHEQUE CHEVALERET", "marker-color": "#818181"}}, {"type": "Feature", "geometry": {"type": "Point", "coordinates": [2.400937, 48.864567]}, "properties": {"numparc": 1478, "etat de la localisation": "Deviation programmee", "ID BDGEO": "141", "horodatage": "2022-06-19 08:44:36", "distance (en metres)": 4256.14, "station": "BIBLIOTHEQUE CHEVALERET", "marker-color": "#56FF93"}}, {"type": "Feature", "geometry": {"type": "Point", "coordinates": [2.406526, 48.848236]}, "properties": {"numparc": 7394, "etat de la localisation": "autre", "ID BDGEO": "346", "horodatage": "2022-06-19 08:45:11", "distance (en metres)": 160.16, "station": "LAGNY SORTIE#", "marker-color": "#818181"}}, {"type": "Feature", "geometry": {"type": "Point", "coordinates": [2.343998, 48.83123]}, "properties": {"numparc": 7359, "etat de la localisation": "autre", "ID BDGEO": "377", "horodatage": "2022-06-19 08:45:40", "distance (en metres)": 719.66, "station": "DENFERT-ROCHEREAU#", "marker-color": "#818181"}}, {"type": "Feature", "geometry": {"type": "Point", "coordinates": [2.393752, 48.838997]}, "properties": {"numparc": 614, "etat de la localisation": "autre", "ID BDGEO": "141", "horodatage": "2022-06-19 08:45:40", "distance (en metres)": 1649.89, "station": "BIBLIOTHEQUE CHEVALERET", "marker-color": "#818181"}}, {"type": "Feature", "geometry": {"type": "Point", "coordinates": [2.401706, 48.868607]}, "properties": {"numparc": 1478, "etat de la localisation": "autre", "ID BDGEO": "141", "horodatage": "2022-06-19 08:46:34", "distance (en metres)": 4687.58, "station": "BIBLIOTHEQUE CHEVALERET", "marker-color": "#818181"}}, {"type": "Feature", "geometry": {"type": "Point", "coordinates": [2.397074, 48.839581]}, "properties": {"numparc": 614, "etat de la localisation": "autre", "ID BDGEO": "141", "horodatage": "2022-06-19 08:47:31", "distance (en metres)": 1885.47, "station": "BIBLIOTHEQUE CHEVALERET", "marker-color": "#818181"}}, {"type": "Feature", "geometry": {"type": "Point", "coordinates": [2.403845, 48.871101]}, "properties": {"numparc": 1478, "etat de la localisation": "autre", "ID BDGEO": "141", "horodatage": "2022-06-19 08:47:57", "distance (en metres)": 5004.69, "station": "BIBLIOTHEQUE CHEVALERET", "marker-color": "#818181"}}, {"type": "Feature", "geometry": {"type": "Point", "coordinates": [2.399426, 48.839634]}, "properties": {"numparc": 614, "etat de la localisation": "autre", "ID BDGEO": "141", "horodatage": "2022-06-19 08:48:30", "distance (en metres)": 2033.35, "station": "BIBLIOTHEQUE CHEVALERET", "marker-color": "#818181"}}, {"type": "Feature", "geometry": {"type": "Point", "coordinates": [2.40344, 48.839806]}, "properties": {"numparc": 614, "etat de la localisation": "autre", "ID BDGEO": "141", "horodatage": "2022-06-19 08:49:21", "distance (en metres)": 2297.81, "station": "BIBLIOTHEQUE CHEVALERET", "marker-color": "#818181"}}, {"type": "Feature", "geometry": {"type": "Point", "coordinates": [2.406088, 48.876465]}, "properties": {"numparc": 1478, "etat de la localisation": "autre", "ID BDGEO": "141", "horodatage": "2022-06-19 08:49:46", "distance (en metres)": 5616.63, "station": "BIBLIOTHEQUE CHEVALERET", "marker-color": "#818181"}}, {"type": "Feature", "geometry": {"type": "Point", "coordinates": [2.405014, 48.8423]}, "properties": {"numparc": 614, "etat de la localisation": "autre", "ID BDGEO": "141", "horodatage": "2022-06-19 08:50:50", "distance (en metres)": 2537.28, "station": "BIBLIOTHEQUE CHEVALERET", "marker-color": "#818181"}}, {"type": "Feature", "geometry": {"type": "Point", "coordinates": [2.406526, 48.848236]}, "properties": {"numparc": 7394, "etat de la localisation": "autre", "ID BDGEO": "346", "horodatage": "2022-06-19 08:50:51", "distance (en metres)": 160.16, "station": "LAGNY SORTIE#", "marker-color": "#818181"}}, {"type": "Feature", "geometry": {"type": "Point", "coordinates": [2.408386, 48.877098]}, "properties": {"numparc": 1478, "etat de la localisation": "autre", "ID BDGEO": "377", "horodatage": "2022-06-19 08:51:20", "distance (en metres)": 7260.79, "station": "DENFERT-ROCHEREAU#", "marker-color": "#818181"}}, {"type": "Feature", "geometry": {"type": "Point", "coordinates": [2.405777, 48.845085]}, "properties": {"numparc": 614, "etat de la localisation": "autre", "ID BDGEO": "141", "horodatage": "2022-06-19 08:51:37", "distance (en metres)": 2760.13, "station": "BIBLIOTHEQUE CHEVALERET", "marker-color": "#818181"}}, {"type": "Feature", "geometry": {"type": "Point", "coordinates": [2.406516, 48.848148]}, "properties": {"numparc": 614, "etat de la localisation": "autre", "ID BDGEO": "141", "horodatage": "2022-06-19 08:53:17", "distance (en metres)": 3018.69, "station": "BIBLIOTHEQUE CHEVALERET", "marker-color": "#818181"}}, {"type": "Feature", "geometry": {"type": "Point", "coordinates": [2.406253, 48.851162]}, "properties": {"numparc": 614, "etat de la localisation": "autre", "ID BDGEO": "141", "horodatage": "2022-06-19 08:54:30", "distance (en metres)": 3238.19, "station": "BIBLIOTHEQUE CHEVALERET", "marker-color": "#818181"}}, {"type": "Feature", "geometry": {"type": "Point", "coordinates": [2.405964, 48.852959]}, "properties": {"numparc": 614, "etat de la localisation": "autre", "ID BDGEO": "141", "horodatage": "2022-06-19 08:55:38", "distance (en metres)": 3371.78, "station": "BIBLIOTHEQUE CHEVALERET", "marker-color": "#818181"}}, {"type": "Feature", "geometry": {"type": "Point", "coordinates": [2.404674, 48.856419]}, "properties": {"numparc": 614, "etat de la localisation": "autre", "ID BDGEO": "141", "horodatage": "2022-06-19 08:56:50", "distance (en metres)": 3614.82, "station": "BIBLIOTHEQUE CHEVALERET", "marker-color": "#818181"}}, {"type": "Feature", "geometry": {"type": "Point", "coordinates": [2.407063, 48.850723]}, "properties": {"numparc": 7386, "etat de la localisation": "autre", "ID BDGEO": "346", "horodatage": "2022-06-19 08:58:01", "distance (en metres)": 119.18, "station": "LAGNY SORTIE#", "marker-color": "#818181"}}, {"type": "Feature", "geometry": {"type": "Point", "coordinates": [2.401608, 48.859432]}, "properties": {"numparc": 614, "etat de la localisation": "autre", "ID BDGEO": "141", "horodatage": "2022-06-19 08:58:09", "distance (en metres)": 3774.07, "station": "BIBLIOTHEQUE CHEVALERET", "marker-color": "#818181"}}, {"type": "Feature", "geometry": {"type": "Point", "coordinates": [2.400087, 48.861996]}, "properties": {"numparc": 614, "etat de la localisation": "autre", "ID BDGEO": "141", "horodatage": "2022-06-19 08:59:00", "distance (en metres)": 3972.1, "station": "BIBLIOTHEQUE CHEVALERET", "marker-color": "#818181"}}, {"type": "Feature", "geometry": {"type": "Point", "coordinates": [2.398883, 48.864208]}, "properties": {"numparc": 614, "etat de la localisation": "autre", "ID BDGEO": "141", "horodatage": "2022-06-19 08:59:50", "distance (en metres)": 4156.81, "station": "BIBLIOTHEQUE CHEVALERET", "marker-color": "#818181"}}, {"type": "Feature", "geometry": {"type": "Point", "coordinates": [2.398883, 48.864208]}, "properties": {"numparc": 614, "etat de la localisation": "autre", "ID BDGEO": "141", "horodatage": "2022-06-19 08:59:54", "distance (en metres)": 4156.81, "station": "BIBLIOTHEQUE CHEVALERET", "marker-color": "#818181"}}, {"type": "Feature", "geometry": {"type": "Point", "coordinates": [2.407876, 48.876556]}, "properties": {"numparc": 1478, "etat de la localisation": "autre", "ID BDGEO": "377", "horodatage": "2022-06-19 09:01:36", "distance (en metres)": 7192.79, "station": "DENFERT-ROCHEREAU#", "marker-color": "#818181"}}, {"type": "Feature", "geometry": {"type": "Point", "coordinates": [2.401822, 48.868843]}, "properties": {"numparc": 614, "etat de la localisation": "autre", "ID BDGEO": "141", "horodatage": "2022-06-19 09:04:28", "distance (en metres)": 4715.07, "station": "BIBLIOTHEQUE CHEVALERET", "marker-color": "#818181"}}, {"type": "Feature", "geometry": {"type": "Point", "coordinates": [2.404036, 48.871304]}, "properties": {"numparc": 614, "etat de la localisation": "autre", "ID BDGEO": "141", "horodatage": "2022-06-19 09:05:47", "distance (en metres)": 5030.93, "station": "BIBLIOTHEQUE CHEVALERET", "marker-color": "#818181"}}, {"type": "Feature", "geometry": {"type": "Point", "coordinates": [2.406384, 48.876656]}, "properties": {"numparc": 1478, "etat de la localisation": "autre", "ID BDGEO": "377", "horodatage": "2022-06-19 09:06:01", "distance (en metres)": 7119.37, "station": "DENFERT-ROCHEREAU#", "marker-color": "#818181"}}, {"type": "Feature", "geometry": {"type": "Point", "coordinates": [2.405639, 48.874786]}, "properties": {"numparc": 1478, "etat de la localisation": "autre", "ID BDGEO": "377", "horodatage": "2022-06-19 09:06:46", "distance (en metres)": 6939.69, "station": "DENFERT-ROCHEREAU#", "marker-color": "#818181"}}, {"type": "Feature", "geometry": {"type": "Point", "coordinates": [2.405327, 48.874195]}, "properties": {"numparc": 614, "etat de la localisation": "autre", "ID BDGEO": "141", "horodatage": "2022-06-19 09:07:18", "distance (en metres)": 5363.03, "station": "BIBLIOTHEQUE CHEVALERET", "marker-color": "#818181"}}, {"type": "Feature", "geometry": {"type": "Point", "coordinates": [2.404708, 48.872375]}, "properties": {"numparc": 1478, "etat de la localisation": "autre", "ID BDGEO": "377", "horodatage": "2022-06-19 09:07:39", "distance (en metres)": 6712.66, "station": "DENFERT-ROCHEREAU#", "marker-color": "#818181"}}, {"type": "Feature", "geometry": {"type": "Point", "coordinates": [2.40641, 48.876759]}, "properties": {"numparc": 614, "etat de la localisation": "autre", "ID BDGEO": "141", "horodatage": "2022-06-19 09:08:13", "distance (en metres)": 5655.94, "station": "BIBLIOTHEQUE CHEVALERET", "marker-color": "#818181"}}, {"type": "Feature", "geometry": {"type": "Point", "coordinates": [2.401409, 48.868031]}, "properties": {"numparc": 1478, "etat de la localisation": "autre", "ID BDGEO": "377", "horodatage": "2022-06-19 09:10:09", "distance (en metres)": 6219.98, "station": "DENFERT-ROCHEREAU#", "marker-color": "#818181"}}, {"type": "Feature", "geometry": {"type": "Point", "coordinates": [2.408553, 48.877148]}, "properties": {"numparc": 614, "etat de la localisation": "autre", "ID BDGEO": "377", "horodatage": "2022-06-19 09:11:18", "distance (en metres)": 7273.55, "station": "DENFERT-ROCHEREAU#", "marker-color": "#818181"}}, {"type": "Feature", "geometry": {"type": "Point", "coordinates": [2.399307, 48.86578]}, "properties": {"numparc": 1478, "etat de la localisation": "autre", "ID BDGEO": "377", "horodatage": "2022-06-19 09:11:37", "distance (en metres)": 5945.1, "station": "DENFERT-ROCHEREAU#", "marker-color": "#818181"}}, {"type": "Feature", "geometry": {"type": "Point", "coordinates": [2.398889, 48.864517]}, "properties": {"numparc": 1478, "etat de la localisation": "autre", "ID BDGEO": "377", "horodatage": "2022-06-19 09:12:25", "distance (en metres)": 5836.42, "station": "DENFERT-ROCHEREAU#", "marker-color": "#818181"}}, {"type": "Feature", "geometry": {"type": "Point", "coordinates": [2.400348, 48.861374]}, "properties": {"numparc": 1478, "etat de la localisation": "autre", "ID BDGEO": "377", "horodatage": "2022-06-19 09:13:37", "distance (en metres)": 5725.28, "station": "DENFERT-ROCHEREAU#", "marker-color": "#818181"}}, {"type": "Feature", "geometry": {"type": "Point", "coordinates": [2.400364, 48.86129]}, "properties": {"numparc": 1478, "etat de la localisation": "autre", "ID BDGEO": "377", "horodatage": "2022-06-19 09:13:50", "distance (en metres)": 5721.19, "station": "DENFERT-ROCHEREAU#", "marker-color": "#818181"}}, {"type": "Feature", "geometry": {"type": "Point", "coordinates": [2.402391, 48.858891]}, "properties": {"numparc": 1478, "etat de la localisation": "autre", "ID BDGEO": "377", "horodatage": "2022-06-19 09:14:35", "distance (en metres)": 5709.1, "station": "DENFERT-ROCHEREAU#", "marker-color": "#818181"}}, {"type": "Feature", "geometry": {"type": "Point", "coordinates": [2.405016, 48.855942]}, "properties": {"numparc": 1478, "etat de la localisation": "autre", "ID BDGEO": "377", "horodatage": "2022-06-19 09:15:32", "distance (en metres)": 5725.4, "station": "DENFERT-ROCHEREAU#", "marker-color": "#818181"}}, {"type": "Feature", "geometry": {"type": "Point", "coordinates": [2.406109, 48.852409]}, "properties": {"numparc": 1478, "etat de la localisation": "autre", "ID BDGEO": "377", "horodatage": "2022-06-19 09:16:38", "distance (en metres)": 5638.49, "station": "DENFERT-ROCHEREAU#", "marker-color": "#818181"}}, {"type": "Feature", "geometry": {"type": "Point", "coordinates": [2.40612, 48.852329]}, "properties": {"numparc": 1478, "etat de la localisation": "autre", "ID BDGEO": "377", "horodatage": "2022-06-19 09:16:56", "distance (en metres)": 5635.89, "station": "DENFERT-ROCHEREAU#", "marker-color": "#818181"}}, {"type": "Feature", "geometry": {"type": "Point", "coordinates": [2.406346, 48.848038]}, "properties": {"numparc": 1478, "etat de la localisation": "autre", "ID BDGEO": "377", "horodatage": "2022-06-19 09:18:34", "distance (en metres)": 5491.13, "station": "DENFERT-ROCHEREAU#", "marker-color": "#818181"}}, {"type": "Feature", "geometry": {"type": "Point", "coordinates": [2.371369, 48.827698]}, "properties": {"numparc": 7359, "etat de la localisation": "autre", "ID BDGEO": "241", "horodatage": "2022-06-19 09:19:14", "distance (en metres)": 43.92, "station": "PATAY-TOLBIAC", "marker-color": "#818181"}}, {"type": "Feature", "geometry": {"type": "Point", "coordinates": [2.405685, 48.844349]}, "properties": {"numparc": 1478, "etat de la localisation": "autre", "ID BDGEO": "377", "horodatage": "2022-06-19 09:20:48", "distance (en metres)": 5336.48, "station": "DENFERT-ROCHEREAU#", "marker-color": "#818181"}}, {"type": "Feature", "geometry": {"type": "Point", "coordinates": [2.405685, 48.844349]}, "properties": {"numparc": 1478, "etat de la localisation": "autre", "ID BDGEO": "377", "horodatage": "2022-06-19 09:20:50", "distance (en metres)": 5336.48, "station": "DENFERT-ROCHEREAU#", "marker-color": "#818181"}}, {"type": "Feature", "geometry": {"type": "Point", "coordinates": [2.405622, 48.874809]}, "properties": {"numparc": 7386, "etat de la localisation": "autre", "ID BDGEO": "377", "horodatage": "2022-06-19 09:21:22", "distance (en metres)": 6940.46, "station": "DENFERT-ROCHEREAU#", "marker-color": "#818181"}}, {"type": "Feature", "geometry": {"type": "Point", "coordinates": [2.379107, 48.831833]}, "properties": {"numparc": 7359, "etat de la localisation": "autre", "ID BDGEO": "141", "horodatage": "2022-06-19 09:22:23", "distance (en metres)": 314.57, "station": "BIBLIOTHEQUE CHEVALERET", "marker-color": "#818181"}}, {"type": "Feature", "geometry": {"type": "Point", "coordinates": [2.404639, 48.87257]}, "properties": {"numparc": 7386, "etat de la localisation": "autre", "ID BDGEO": "377", "horodatage": "2022-06-19 09:22:38", "distance (en metres)": 6722.82, "station": "DENFERT-ROCHEREAU#", "marker-color": "#818181"}}, {"type": "Feature", "geometry": {"type": "Point", "coordinates": [2.404098, 48.839725]}, "properties": {"numparc": 1478, "etat de la localisation": "autre", "ID BDGEO": "377", "horodatage": "2022-06-19 09:22:43", "distance (en metres)": 5127.79, "station": "DENFERT-ROCHEREAU#", "marker-color": "#818181"}}, {"type": "Feature", "geometry": {"type": "Point", "coordinates": [2.407747, 48.876614]}, "properties": {"numparc": 614, "etat de la localisation": "autre", "ID BDGEO": "377", "horodatage": "2022-06-19 09:24:15", "distance (en metres)": 7190.02, "station": "DENFERT-ROCHEREAU#", "marker-color": "#818181"}}, {"type": "Feature", "geometry": {"type": "Point", "coordinates": [2.382779, 48.833866]}, "properties": {"numparc": 7359, "etat de la localisation": "autre", "ID BDGEO": "141", "horodatage": "2022-06-19 09:24:35", "distance (en metres)": 665.73, "station": "BIBLIOTHEQUE CHEVALERET", "marker-color": "#818181"}}, {"type": "Feature", "geometry": {"type": "Point", "coordinates": [2.407747, 48.876614]}, "properties": {"numparc": 614, "etat de la localisation": "autre", "ID BDGEO": "377", "horodatage": "2022-06-19 09:24:43", "distance (en metres)": 7190.02, "station": "DENFERT-ROCHEREAU#", "marker-color": "#818181"}}, {"type": "Feature", "geometry": {"type": "Point", "coordinates": [2.401182, 48.868267]}, "properties": {"numparc": 7386, "etat de la localisation": "autre", "ID BDGEO": "377", "horodatage": "2022-06-19 09:24:56", "distance (en metres)": 6223.32, "station": "DENFERT-ROCHEREAU#", "marker-color": "#818181"}}, {"type": "Feature", "geometry": {"type": "Point", "coordinates": [2.399438, 48.839668]}, "properties": {"numparc": 1478, "etat de la localisation": "autre", "ID BDGEO": "377", "horodatage": "2022-06-19 09:24:58", "distance (en metres)": 4789.29, "station": "DENFERT-ROCHEREAU#", "marker-color": "#818181"}}, {"type": "Feature", "geometry": {"type": "Point", "coordinates": [2.396669, 48.839649]}, "properties": {"numparc": 1478, "etat de la localisation": "autre", "ID BDGEO": "377", "horodatage": "2022-06-19 09:26:01", "distance (en metres)": 4588.6, "station": "DENFERT-ROCHEREAU#", "marker-color": "#818181"}}, {"type": "Feature", "geometry": {"type": "Point", "coordinates": [2.39923, 48.86599]}, "properties": {"numparc": 7386, "etat de la localisation": "autre", "ID BDGEO": "377", "horodatage": "2022-06-19 09:26:28", "distance (en metres)": 5954.8, "station": "DENFERT-ROCHEREAU#", "marker-color": "#818181"}}, {"type": "Feature", "geometry": {"type": "Point", "coordinates": [2.385715, 48.835453]}, "properties": {"numparc": 7359, "etat de la localisation": "autre", "ID BDGEO": "141", "horodatage": "2022-06-19 09:26:40", "distance (en metres)": 943.79, "station": "BIBLIOTHEQUE CHEVALERET", "marker-color": "#818181"}}, {"type": "Feature", "geometry": {"type": "Point", "coordinates": [2.393931, 48.839024]}, "properties": {"numparc": 1478, "etat de la localisation": "autre", "ID BDGEO": "377", "horodatage": "2022-06-19 09:26:57", "distance (en metres)": 4380.12, "station": "DENFERT-ROCHEREAU#", "marker-color": "#818181"}}, {"type": "Feature", "geometry": {"type": "Point", "coordinates": [2.398806, 48.864635]}, "properties": {"numparc": 7386, "etat de la localisation": "autre", "ID BDGEO": "377", "horodatage": "2022-06-19 09:27:36", "distance (en metres)": 5839.35, "station": "DENFERT-ROCHEREAU#", "marker-color": "#818181"}}, {"type": "Feature", "geometry": {"type": "Point", "coordinates": [2.390486, 48.837086]}, "properties": {"numparc": 7359, "etat de la localisation": "autre", "ID BDGEO": "141", "horodatage": "2022-06-19 09:28:50", "distance (en metres)": 1331.34, "station": "BIBLIOTHEQUE CHEVALERET", "marker-color": "#818181"}}, {"type": "Feature", "geometry": {"type": "Point", "coordinates": [2.390717, 48.837162]}, "properties": {"numparc": 1478, "etat de la localisation": "autre", "ID BDGEO": "377", "horodatage": "2022-06-19 09:28:50", "distance (en metres)": 4121.17, "station": "DENFERT-ROCHEREAU#", "marker-color": "#818181"}}, {"type": "Feature", "geometry": {"type": "Point", "coordinates": [2.400201, 48.861599]}, "properties": {"numparc": 7386, "etat de la localisation": "autre", "ID BDGEO": "377", "horodatage": "2022-06-19 09:29:03", "distance (en metres)": 5729.94, "station": "DENFERT-ROCHEREAU#", "marker-color": "#818181"}}, {"type": "Feature", "geometry": {"type": "Point", "coordinates": [2.39365, 48.838902]}, "properties": {"numparc": 7359, "etat de la localisation": "autre", "ID BDGEO": "141", "horodatage": "2022-06-19 09:30:32", "distance (en metres)": 1637.55, "station": "BIBLIOTHEQUE CHEVALERET", "marker-color": "#818181"}}, {"type": "Feature", "geometry": {"type": "Point", "coordinates": [2.385984, 48.835606]}, "properties": {"numparc": 1478, "etat de la localisation": "autre", "ID BDGEO": "377", "horodatage": "2022-06-19 09:30:51", "distance (en metres)": 3761.32, "station": "DENFERT-ROCHEREAU#", "marker-color": "#818181"}}, {"type": "Feature", "geometry": {"type": "Point", "coordinates": [2.402282, 48.859035]}, "properties": {"numparc": 7386, "etat de la localisation": "autre", "ID BDGEO": "377", "horodatage": "2022-06-19 09:30:57", "distance (en metres)": 5710.22, "station": "DENFERT-ROCHEREAU#", "marker-color": "#818181"}}, {"type": "Feature", "geometry": {"type": "Point", "coordinates": [2.406325, 48.876694]}, "properties": {"numparc": 614, "etat de la localisation": "autre", "ID BDGEO": "377", "horodatage": "2022-06-19 09:31:24", "distance (en metres)": 7119.07, "station": "DENFERT-ROCHEREAU#", "marker-color": "#818181"}}, {"type": "Feature", "geometry": {"type": "Point", "coordinates": [2.396967, 48.839542]}, "properties": {"numparc": 7359, "etat de la localisation": "autre", "ID BDGEO": "141", "horodatage": "2022-06-19 09:32:07", "distance (en metres)": 1876.6, "station": "BIBLIOTHEQUE CHEVALERET", "marker-color": "#818181"}}, {"type": "Feature", "geometry": {"type": "Point", "coordinates": [2.38307, 48.83408]}, "properties": {"numparc": 1478, "etat de la localisation": "autre", "ID BDGEO": "377", "horodatage": "2022-06-19 09:32:13", "distance (en metres)": 3540.66, "station": "DENFERT-ROCHEREAU#", "marker-color": "#818181"}}, {"type": "Feature", "geometry": {"type": "Point", "coordinates": [2.404601, 48.872402]}, "properties": {"numparc": 614, "etat de la localisation": "autre", "ID BDGEO": "377", "horodatage": "2022-06-19 09:32:42", "distance (en metres)": 6708.62, "station": "DENFERT-ROCHEREAU#", "marker-color": "#818181"}}, {"type": "Feature", "geometry": {"type": "Point", "coordinates": [2.404911, 48.856083]}, "properties": {"numparc": 7386, "etat de la localisation": "autre", "ID BDGEO": "377", "horodatage": "2022-06-19 09:32:45", "distance (en metres)": 5725.4, "station": "DENFERT-ROCHEREAU#", "marker-color": "#818181"}}, {"type": "Feature", "geometry": {"type": "Point", "coordinates": [2.399352, 48.839603]}, "properties": {"numparc": 7359, "etat de la localisation": "autre", "ID BDGEO": "141", "horodatage": "2022-06-19 09:33:15", "distance (en metres)": 2026.97, "station": "BIBLIOTHEQUE CHEVALERET", "marker-color": "#818181"}}, {"type": "Feature", "geometry": {"type": "Point", "coordinates": [2.375868, 48.830124]}, "properties": {"numparc": 1478, "etat de la localisation": "autre", "ID BDGEO": "377", "horodatage": "2022-06-19 09:34:29", "distance (en metres)": 3034.02, "station": "DENFERT-ROCHEREAU#", "marker-color": "#818181"}}, {"type": "Feature", "geometry": {"type": "Point", "coordinates": [2.406022, 48.852375]}, "properties": {"numparc": 7386, "etat de la localisation": "autre", "ID BDGEO": "377", "horodatage": "2022-06-19 09:35:04", "distance (en metres)": 5631.16, "station": "DENFERT-ROCHEREAU#", "marker-color": "#818181"}}, {"type": "Feature", "geometry": {"type": "Point", "coordinates": [2.403408, 48.839752]}, "properties": {"numparc": 7359, "etat de la localisation": "autre", "ID BDGEO": "141", "horodatage": "2022-06-19 09:35:04", "distance (en metres)": 2292.95, "station": "BIBLIOTHEQUE CHEVALERET", "marker-color": "#818181"}}, {"type": "Feature", "geometry": {"type": "Point", "coordinates": [2.401181, 48.868027]}, "properties": {"numparc": 614, "etat de la localisation": "autre", "ID BDGEO": "377", "horodatage": "2022-06-19 09:35:34", "distance (en metres)": 6206.64, "station": "DENFERT-ROCHEREAU#", "marker-color": "#818181"}}, {"type": "Feature", "geometry": {"type": "Point", "coordinates": [2.401181, 48.868027]}, "properties": {"numparc": 614, "etat de la localisation": "autre", "ID BDGEO": "377", "horodatage": "2022-06-19 09:35:57", "distance (en metres)": 6206.64, "station": "DENFERT-ROCHEREAU#", "marker-color": "#818181"}}, {"type": "Feature", "geometry": {"type": "Point", "coordinates": [2.406214, 48.850292]}, "properties": {"numparc": 7386, "etat de la localisation": "autre", "ID BDGEO": "377", "horodatage": "2022-06-19 09:36:05", "distance (en metres)": 5561.62, "station": "DENFERT-ROCHEREAU#", "marker-color": "#818181"}}, {"type": "Feature", "geometry": {"type": "Point", "coordinates": [2.370658, 48.827656]}, "properties": {"numparc": 1478, "etat de la localisation": "autre", "ID BDGEO": "377", "horodatage": "2022-06-19 09:36:19", "distance (en metres)": 2706.55, "station": "DENFERT-ROCHEREAU#", "marker-color": "#818181"}}, {"type": "Feature", "geometry": {"type": "Point", "coordinates": [2.399194, 48.865749]}, "properties": {"numparc": 614, "etat de la localisation": "autre", "ID BDGEO": "377", "horodatage": "2022-06-19 09:36:55", "distance (en metres)": 5936.47, "station": "DENFERT-ROCHEREAU#", "marker-color": "#818181"}}, {"type": "Feature", "geometry": {"type": "Point", "coordinates": [2.406186, 48.848011]}, "properties": {"numparc": 7386, "etat de la localisation": "autre", "ID BDGEO": "377", "horodatage": "2022-06-19 09:37:07", "distance (en metres)": 5479.07, "station": "DENFERT-ROCHEREAU#", "marker-color": "#818181"}}, {"type": "Feature", "geometry": {"type": "Point", "coordinates": [2.406186, 48.848011]}, "properties": {"numparc": 7386, "etat de la localisation": "autre", "ID BDGEO": "377", "horodatage": "2022-06-19 09:37:22", "distance (en metres)": 5479.07, "station": "DENFERT-ROCHEREAU#", "marker-color": "#818181"}}, {"type": "Feature", "geometry": {"type": "Point", "coordinates": [2.367735, 48.827248]}, "properties": {"numparc": 1478, "etat de la localisation": "autre", "ID BDGEO": "377", "horodatage": "2022-06-19 09:37:30", "distance (en metres)": 2510.92, "station": "DENFERT-ROCHEREAU#", "marker-color": "#818181"}}, {"type": "Feature", "geometry": {"type": "Point", "coordinates": [2.398837, 48.864456]}, "properties": {"numparc": 614, "etat de la localisation": "autre", "ID BDGEO": "377", "horodatage": "2022-06-19 09:37:44", "distance (en metres)": 5829.32, "station": "DENFERT-ROCHEREAU#", "marker-color": "#818181"}}, {"type": "Feature", "geometry": {"type": "Point", "coordinates": [2.405833, 48.845074]}, "properties": {"numparc": 7359, "etat de la localisation": "autre", "ID BDGEO": "141", "horodatage": "2022-06-19 09:38:21", "distance (en metres)": 2762.63, "station": "BIBLIOTHEQUE CHEVALERET", "marker-color": "#818181"}}, {"type": "Feature", "geometry": {"type": "Point", "coordinates": [2.364593, 48.826752]}, "properties": {"numparc": 1478, "etat de la localisation": "autre", "ID BDGEO": "377", "horodatage": "2022-06-19 09:38:39", "distance (en metres)": 2307.3, "station": "DENFERT-ROCHEREAU#", "marker-color": "#818181"}}, {"type": "Feature", "geometry": {"type": "Point", "coordinates": [2.400283, 48.861412]}, "properties": {"numparc": 614, "etat de la localisation": "autre", "ID BDGEO": "377", "horodatage": "2022-06-19 09:39:02", "distance (en metres)": 5723.61, "station": "DENFERT-ROCHEREAU#", "marker-color": "#818181"}}, {"type": "Feature", "geometry": {"type": "Point", "coordinates": [2.360846, 48.82621]}, "properties": {"numparc": 1478, "etat de la localisation": "autre", "ID BDGEO": "377", "horodatage": "2022-06-19 09:39:27", "distance (en metres)": 2071.47, "station": "DENFERT-ROCHEREAU#", "marker-color": "#818181"}}, {"type": "Feature", "geometry": {"type": "Point", "coordinates": [2.405561, 48.844498]}, "properties": {"numparc": 7386, "etat de la localisation": "autre", "ID BDGEO": "377", "horodatage": "2022-06-19 09:39:35", "distance (en metres)": 5331.46, "station": "DENFERT-ROCHEREAU#", "marker-color": "#818181"}}, {"type": "Feature", "geometry": {"type": "Point", "coordinates": [2.402354, 48.858952]}, "properties": {"numparc": 614, "etat de la localisation": "autre", "ID BDGEO": "377", "horodatage": "2022-06-19 09:40:05", "distance (en metres)": 5710.13, "station": "DENFERT-ROCHEREAU#", "marker-color": "#818181"}}, {"type": "Feature", "geometry": {"type": "Point", "coordinates": [2.40654, 48.848129]}, "properties": {"numparc": 7359, "etat de la localisation": "autre", "ID BDGEO": "141", "horodatage": "2022-06-19 09:40:06", "distance (en metres)": 3018.58, "station": "BIBLIOTHEQUE CHEVALERET", "marker-color": "#818181"}}, {"type": "Feature", "geometry": {"type": "Point", "coordinates": [2.404983, 48.855961]}, "properties": {"numparc": 614, "etat de la localisation": "autre", "ID BDGEO": "377", "horodatage": "2022-06-19 09:41:06", "distance (en metres)": 5724.16, "station": "DENFERT-ROCHEREAU#", "marker-color": "#818181"}}, {"type": "Feature", "geometry": {"type": "Point", "coordinates": [2.406359, 48.851212]}, "properties": {"numparc": 7359, "etat de la localisation": "autre", "ID BDGEO": "141", "horodatage": "2022-06-19 09:41:24", "distance (en metres)": 3247.52, "station": "BIBLIOTHEQUE CHEVALERET", "marker-color": "#818181"}}, {"type": "Feature", "geometry": {"type": "Point", "coordinates": [2.404009, 48.839806]}, "properties": {"numparc": 7386, "etat de la localisation": "autre", "ID BDGEO": "377", "horodatage": "2022-06-19 09:41:28", "distance (en metres)": 5122.58, "station": "DENFERT-ROCHEREAU#", "marker-color": "#818181"}}, {"type": "Feature", "geometry": {"type": "Point", "coordinates": [2.356615, 48.830399]}, "properties": {"numparc": 1478, "etat de la localisation": "autre", "ID BDGEO": "377", "horodatage": "2022-06-19 09:41:44", "distance (en metres)": 1636.72, "station": "DENFERT-ROCHEREAU#", "marker-color": "#818181"}}, {"type": "Feature", "geometry": {"type": "Point", "coordinates": [2.406094, 48.852978]}, "properties": {"numparc": 7359, "etat de la localisation": "autre", "ID BDGEO": "141", "horodatage": "2022-06-19 09:42:14", "distance (en metres)": 3379.64, "station": "BIBLIOTHEQUE CHEVALERET", "marker-color": "#818181"}}, {"type": "Feature", "geometry": {"type": "Point", "coordinates": [2.406073, 48.852268]}, "properties": {"numparc": 614, "etat de la localisation": "autre", "ID BDGEO": "377", "horodatage": "2022-06-19 09:43:01", "distance (en metres)": 5630.17, "station": "DENFERT-ROCHEREAU#", "marker-color": "#818181"}}, {"type": "Feature", "geometry": {"type": "Point", "coordinates": [2.404812, 48.85648]}, "properties": {"numparc": 7359, "etat de la localisation": "autre", "ID BDGEO": "141", "horodatage": "2022-06-19 09:43:18", "distance (en metres)": 3626.24, "station": "BIBLIOTHEQUE CHEVALERET", "marker-color": "#818181"}}, {"type": "Feature", "geometry": {"type": "Point", "coordinates": [2.406261, 48.850197]}, "properties": {"numparc": 614, "etat de la localisation": "autre", "ID BDGEO": "377", "horodatage": "2022-06-19 09:43:51", "distance (en metres)": 5561.28, "station": "DENFERT-ROCHEREAU#", "marker-color": "#818181"}}, {"type": "Feature", "geometry": {"type": "Point", "coordinates": [2.399431, 48.839672]}, "properties": {"numparc": 7386, "etat de la localisation": "autre", "ID BDGEO": "377", "horodatage": "2022-06-19 09:43:53", "distance (en metres)": 4788.85, "station": "DENFERT-ROCHEREAU#", "marker-color": "#818181"}}, {"type": "Feature", "geometry": {"type": "Point", "coordinates": [2.401747, 48.859489]}, "properties": {"numparc": 7359, "etat de la localisation": "autre", "ID BDGEO": "141", "horodatage": "2022-06-19 09:44:56", "distance (en metres)": 3784.68, "station": "BIBLIOTHEQUE CHEVALERET", "marker-color": "#818181"}}, {"type": "Feature", "geometry": {"type": "Point", "coordinates": [2.406241, 48.847939]}, "properties": {"numparc": 614, "etat de la localisation": "autre", "ID BDGEO": "377", "horodatage": "2022-06-19 09:45:08", "distance (en metres)": 5480.51, "station": "DENFERT-ROCHEREAU#", "marker-color": "#818181"}}, {"type": "Feature", "geometry": {"type": "Point", "coordinates": [2.396735, 48.839664]}, "properties": {"numparc": 7386, "etat de la localisation": "autre", "ID BDGEO": "377", "horodatage": "2022-06-19 09:45:16", "distance (en metres)": 4593.63, "station": "DENFERT-ROCHEREAU#", "marker-color": "#818181"}}, {"type": "Feature", "geometry": {"type": "Point", "coordinates": [2.406243, 48.847919]}, "properties": {"numparc": 614, "etat de la localisation": "autre", "ID BDGEO": "377", "horodatage": "2022-06-19 09:45:34", "distance (en metres)": 5480.04, "station": "DENFERT-ROCHEREAU#", "marker-color": "#818181"}}, {"type": "Feature", "geometry": {"type": "Point", "coordinates": [2.398996, 48.864265]}, "properties": {"numparc": 7359, "etat de la localisation": "autre", "ID BDGEO": "141", "horodatage": "2022-06-19 09:46:43", "distance (en metres)": 4165.99, "station": "BIBLIOTHEQUE CHEVALERET", "marker-color": "#818181"}}, {"type": "Feature", "geometry": {"type": "Point", "coordinates": [2.333624, 48.834106]}, "properties": {"numparc": 1478, "etat de la localisation": "autre", "ID BDGEO": "377", "horodatage": "2022-06-19 09:47:12", "distance (en metres)": 115.59, "station": "DENFERT-ROCHEREAU#", "marker-color": "#818181"}}, {"type": "Feature", "geometry": {"type": "Point", "coordinates": [2.393893, 48.839016]}, "properties": {"numparc": 7386, "etat de la localisation": "autre", "ID BDGEO": "377", "horodatage": "2022-06-19 09:47:13", "distance (en metres)": 4377.26, "station": "DENFERT-ROCHEREAU#", "marker-color": "#818181"}}, {"type": "Feature", "geometry": {"type": "Point", "coordinates": [2.405117, 48.842472]}, "properties": {"numparc": 614, "etat de la localisation": "autre", "ID BDGEO": "377", "horodatage": "2022-06-19 09:48:17", "distance (en metres)": 5251.87, "station": "DENFERT-ROCHEREAU#", "marker-color": "#818181"}}, {"type": "Feature", "geometry": {"type": "Point", "coordinates": [2.390633, 48.837261]}, "properties": {"numparc": 7386, "etat de la localisation": "autre", "ID BDGEO": "377", "horodatage": "2022-06-19 09:49:01", "distance (en metres)": 4116.2, "station": "DENFERT-ROCHEREAU#", "marker-color": "#818181"}}, {"type": "Feature", "geometry": {"type": "Point", "coordinates": [2.333793, 48.833717]}, "properties": {"numparc": 1478, "etat de la localisation": "autre", "ID BDGEO": "348", "horodatage": "2022-06-19 09:49:12", "distance (en metres)": 93.5, "station": "DENFERT-ROCHEREAU", "marker-color": "#818181"}}, {"type": "Feature", "geometry": {"type": "Point", "coordinates": [2.404099, 48.839741]}, "properties": {"numparc": 614, "etat de la localisation": "autre", "ID BDGEO": "377", "horodatage": "2022-06-19 09:49:26", "distance (en metres)": 5128.1, "station": "DENFERT-ROCHEREAU#", "marker-color": "#818181"}}, {"type": "Feature", "geometry": {"type": "Point", "coordinates": [2.401912, 48.868755]}, "properties": {"numparc": 7359, "etat de la localisation": "autre", "ID BDGEO": "141", "horodatage": "2022-06-19 09:50:14", "distance (en metres)": 4708.82, "station": "BIBLIOTHEQUE CHEVALERET", "marker-color": "#818181"}}, {"type": "Feature", "geometry": {"type": "Point", "coordinates": [2.385919, 48.835651]}, "properties": {"numparc": 7386, "etat de la localisation": "autre", "ID BDGEO": "377", "horodatage": "2022-06-19 09:51:00", "distance (en metres)": 3756.93, "station": "DENFERT-ROCHEREAU#", "marker-color": "#818181"}}, {"type": "Feature", "geometry": {"type": "Point", "coordinates": [2.399442, 48.839634]}, "properties": {"numparc": 614, "etat de la localisation": "autre", "ID BDGEO": "377", "horodatage": "2022-06-19 09:51:41", "distance (en metres)": 4789.03, "station": "DENFERT-ROCHEREAU#", "marker-color": "#818181"}}, {"type": "Feature", "geometry": {"type": "Point", "coordinates": [2.404114, 48.871212]}, "properties": {"numparc": 7359, "etat de la localisation": "autre", "ID BDGEO": "141", "horodatage": "2022-06-19 09:51:48", "distance (en metres)": 5024.01, "station": "BIBLIOTHEQUE CHEVALERET", "marker-color": "#818181"}}, {"type": "Feature", "geometry": {"type": "Point", "coordinates": [2.383099, 48.834133]}, "properties": {"numparc": 7386, "etat de la localisation": "autre", "ID BDGEO": "377", "horodatage": "2022-06-19 09:52:16", "distance (en metres)": 3542.93, "station": "DENFERT-ROCHEREAU#", "marker-color": "#818181"}}, {"type": "Feature", "geometry": {"type": "Point", "coordinates": [2.396665, 48.839634]}, "properties": {"numparc": 614, "etat de la localisation": "autre", "ID BDGEO": "377", "horodatage": "2022-06-19 09:53:01", "distance (en metres)": 4588.06, "station": "DENFERT-ROCHEREAU#", "marker-color": "#818181"}}, {"type": "Feature", "geometry": {"type": "Point", "coordinates": [2.333793, 48.833717]}, "properties": {"numparc": 1478, "etat de la localisation": "autre", "ID BDGEO": "348", "horodatage": "2022-06-19 09:53:33", "distance (en metres)": 93.5, "station": "DENFERT-ROCHEREAU", "marker-color": "#818181"}}, {"type": "Feature", "geometry": {"type": "Point", "coordinates": [2.393899, 48.838982]}, "properties": {"numparc": 614, "etat de la localisation": "autre", "ID BDGEO": "377", "horodatage": "2022-06-19 09:53:48", "distance (en metres)": 4377.14, "station": "DENFERT-ROCHEREAU#", "marker-color": "#818181"}}, {"type": "Feature", "geometry": {"type": "Point", "coordinates": [2.379167, 48.831982]}, "properties": {"numparc": 7386, "etat de la localisation": "autre", "ID BDGEO": "377", "horodatage": "2022-06-19 09:53:58", "distance (en metres)": 3257.69, "station": "DENFERT-ROCHEREAU#", "marker-color": "#818181"}}, {"type": "Feature", "geometry": {"type": "Point", "coordinates": [2.406378, 48.876644]}, "properties": {"numparc": 7359, "etat de la localisation": "autre", "ID BDGEO": "141", "horodatage": "2022-06-19 09:54:05", "distance (en metres)": 5643.34, "station": "BIBLIOTHEQUE CHEVALERET", "marker-color": "#818181"}}, {"type": "Feature", "geometry": {"type": "Point", "coordinates": [2.390718, 48.837215]}, "properties": {"numparc": 614, "etat de la localisation": "autre", "ID BDGEO": "377", "horodatage": "2022-06-19 09:55:25", "distance (en metres)": 4121.85, "station": "DENFERT-ROCHEREAU#", "marker-color": "#818181"}}, {"type": "Feature", "geometry": {"type": "Point", "coordinates": [2.375839, 48.830124]}, "properties": {"numparc": 7386, "etat de la localisation": "autre", "ID BDGEO": "377", "horodatage": "2022-06-19 09:55:39", "distance (en metres)": 3031.9, "station": "DENFERT-ROCHEREAU#", "marker-color": "#818181"}}, {"type": "Feature", "geometry": {"type": "Point", "coordinates": [2.385907, 48.835545]}, "properties": {"numparc": 614, "etat de la localisation": "autre", "ID BDGEO": "377", "horodatage": "2022-06-19 09:57:34", "distance (en metres)": 3755.26, "station": "DENFERT-ROCHEREAU#", "marker-color": "#818181"}}, {"type": "Feature", "geometry": {"type": "Point", "coordinates": [2.407819, 48.876602]}, "properties": {"numparc": 7359, "etat de la localisation": "autre", "ID BDGEO": "377", "horodatage": "2022-06-19 09:57:40", "distance (en metres)": 7193.09, "station": "DENFERT-ROCHEREAU#", "marker-color": "#818181"}}, {"type": "Feature", "geometry": {"type": "Point", "coordinates": [2.37064, 48.827694]}, "properties": {"numparc": 7386, "etat de la localisation": "autre", "ID BDGEO": "377", "horodatage": "2022-06-19 09:58:07", "distance (en metres)": 2704.29, "station": "DENFERT-ROCHEREAU#", "marker-color": "#818181"}}, {"type": "Feature", "geometry": {"type": "Point", "coordinates": [2.407819, 48.876602]}, "properties": {"numparc": 7359, "etat de la localisation": "autre", "ID BDGEO": "377", "horodatage": "2022-06-19 09:58:24", "distance (en metres)": 7193.09, "station": "DENFERT-ROCHEREAU#", "marker-color": "#818181"}}, {"type": "Feature", "geometry": {"type": "Point", "coordinates": [2.383011, 48.833984]}, "properties": {"numparc": 614, "etat de la localisation": "autre", "ID BDGEO": "377", "horodatage": "2022-06-19 09:58:53", "distance (en metres)": 3536.13, "station": "DENFERT-ROCHEREAU#", "marker-color": "#818181"}}, {"type": "Feature", "geometry": {"type": "Point", "coordinates": [2.367685, 48.827248]}, "properties": {"numparc": 7386, "etat de la localisation": "autre", "ID BDGEO": "377", "horodatage": "2022-06-19 09:59:00", "distance (en metres)": 2507.41, "station": "DENFERT-ROCHEREAU#", "marker-color": "#818181"}}, {"type": "Feature", "geometry": {"type": "Point", "coordinates": [2.364535, 48.826813]}, "properties": {"numparc": 7386, "etat de la localisation": "autre", "ID BDGEO": "377", "horodatage": "2022-06-19 10:00:01", "distance (en metres)": 2301.12, "station": "DENFERT-ROCHEREAU#", "marker-color": "#818181"}}, {"type": "Feature", "geometry": {"type": "Point", "coordinates": [2.375743, 48.830082]}, "properties": {"numparc": 614, "etat de la localisation": "autre", "ID BDGEO": "377", "horodatage": "2022-06-19 10:01:13", "distance (en metres)": 3025.47, "station": "DENFERT-ROCHEREAU#", "marker-color": "#818181"}}, {"type": "Feature", "geometry": {"type": "Point", "coordinates": [2.360805, 48.826283]}, "properties": {"numparc": 7386, "etat de la localisation": "autre", "ID BDGEO": "377", "horodatage": "2022-06-19 10:01:27", "distance (en metres)": 2065.61, "station": "DENFERT-ROCHEREAU#", "marker-color": "#818181"}}, {"type": "Feature", "geometry": {"type": "Point", "coordinates": [2.359022, 48.827534]}, "properties": {"numparc": 7386, "etat de la localisation": "autre", "ID BDGEO": "377", "horodatage": "2022-06-19 10:02:35", "distance (en metres)": 1893.59, "station": "DENFERT-ROCHEREAU#", "marker-color": "#818181"}}, {"type": "Feature", "geometry": {"type": "Point", "coordinates": [2.370513, 48.827644]}, "properties": {"numparc": 614, "etat de la localisation": "autre", "ID BDGEO": "377", "horodatage": "2022-06-19 10:03:02", "distance (en metres)": 2696.53, "station": "DENFERT-ROCHEREAU#", "marker-color": "#818181"}}, {"type": "Feature", "geometry": {"type": "Point", "coordinates": [2.356734, 48.830395]}, "properties": {"numparc": 7386, "etat de la localisation": "autre", "ID BDGEO": "377", "horodatage": "2022-06-19 10:04:39", "distance (en metres)": 1645.34, "station": "DENFERT-ROCHEREAU#", "marker-color": "#818181"}}, {"type": "Feature", "geometry": {"type": "Point", "coordinates": [2.364497, 48.826778]}, "properties": {"numparc": 614, "etat de la localisation": "autre", "ID BDGEO": "377", "horodatage": "2022-06-19 10:04:43", "distance (en metres)": 2299.69, "station": "DENFERT-ROCHEREAU#", "marker-color": "#818181"}}, {"type": "Feature", "geometry": {"type": "Point", "coordinates": [2.360764, 48.826263]}, "properties": {"numparc": 614, "etat de la localisation": "autre", "ID BDGEO": "377", "horodatage": "2022-06-19 10:05:32", "distance (en metres)": 2063.64, "station": "DENFERT-ROCHEREAU#", "marker-color": "#818181"}}, {"type": "Feature", "geometry": {"type": "Point", "coordinates": [2.407442, 48.876442]}, "properties": {"numparc": 7359, "etat de la localisation": "autre", "ID BDGEO": "377", "horodatage": "2022-06-19 10:07:27", "distance (en metres)": 7160.68, "station": "DENFERT-ROCHEREAU#", "marker-color": "#818181"}}, {"type": "Feature", "geometry": {"type": "Point", "coordinates": [2.356666, 48.830402]}, "properties": {"numparc": 614, "etat de la localisation": "autre", "ID BDGEO": "377", "horodatage": "2022-06-19 10:07:31", "distance (en metres)": 1640.3, "station": "DENFERT-ROCHEREAU#", "marker-color": "#818181"}}, {"type": "Feature", "geometry": {"type": "Point", "coordinates": [2.356649, 48.830425]}, "properties": {"numparc": 614, "etat de la localisation": "autre", "ID BDGEO": "377", "horodatage": "2022-06-19 10:07:42", "distance (en metres)": 1638.56, "station": "DENFERT-ROCHEREAU#", "marker-color": "#818181"}}, {"type": "Feature", "geometry": {"type": "Point", "coordinates": [2.35414, 48.831203]}, "properties": {"numparc": 7386, "etat de la localisation": "autre", "ID BDGEO": "377", "horodatage": "2022-06-19 10:07:48", "distance (en metres)": 1442.19, "station": "DENFERT-ROCHEREAU#", "marker-color": "#818181"}}, {"type": "Feature", "geometry": {"type": "Point", "coordinates": [2.348904, 48.829922]}, "properties": {"numparc": 7386, "etat de la localisation": "autre", "ID BDGEO": "377", "horodatage": "2022-06-19 10:09:26", "distance (en metres)": 1106.8, "station": "DENFERT-ROCHEREAU#", "marker-color": "#818181"}}, {"type": "Feature", "geometry": {"type": "Point", "coordinates": [2.406343, 48.876678]}, "properties": {"numparc": 7359, "etat de la localisation": "autre", "ID BDGEO": "377", "horodatage": "2022-06-19 10:09:36", "distance (en metres)": 7118.89, "station": "DENFERT-ROCHEREAU#", "marker-color": "#818181"}}, {"type": "Feature", "geometry": {"type": "Point", "coordinates": [2.354084, 48.831158]}, "properties": {"numparc": 614, "etat de la localisation": "autre", "ID BDGEO": "377", "horodatage": "2022-06-19 10:10:17", "distance (en metres)": 1439.0, "station": "DENFERT-ROCHEREAU#", "marker-color": "#818181"}}, {"type": "Feature", "geometry": {"type": "Point", "coordinates": [2.405647, 48.874786]}, "properties": {"numparc": 7359, "etat de la localisation": "autre", "ID BDGEO": "377", "horodatage": "2022-06-19 10:10:57", "distance (en metres)": 6940.13, "station": "DENFERT-ROCHEREAU#", "marker-color": "#818181"}}, {"type": "Feature", "geometry": {"type": "Point", "coordinates": [2.344013, 48.831226]}, "properties": {"numparc": 7386, "etat de la localisation": "autre", "ID BDGEO": "377", "horodatage": "2022-06-19 10:11:32", "distance (en metres)": 720.84, "station": "DENFERT-ROCHEREAU#", "marker-color": "#818181"}}, {"type": "Feature", "geometry": {"type": "Point", "coordinates": [2.404687, 48.872406]}, "properties": {"numparc": 7359, "etat de la localisation": "autre", "ID BDGEO": "377", "horodatage": "2022-06-19 10:11:54", "distance (en metres)": 6713.68, "station": "DENFERT-ROCHEREAU#", "marker-color": "#818181"}}, {"type": "Feature", "geometry": {"type": "Point", "coordinates": [2.34891, 48.829861]}, "properties": {"numparc": 614, "etat de la localisation": "autre", "ID BDGEO": "377", "horodatage": "2022-06-19 10:12:00", "distance (en metres)": 1109.58, "station": "DENFERT-ROCHEREAU#", "marker-color": "#818181"}}, {"type": "Feature", "geometry": {"type": "Point", "coordinates": [2.339194, 48.832535]}, "properties": {"numparc": 7386, "etat de la localisation": "autre", "ID BDGEO": "377", "horodatage": "2022-06-19 10:13:17", "distance (en metres)": 340.61, "station": "DENFERT-ROCHEREAU#", "marker-color": "#818181"}}, {"type": "Feature", "geometry": {"type": "Point", "coordinates": [2.343911, 48.83123]}, "properties": {"numparc": 614, "etat de la localisation": "autre", "ID BDGEO": "377", "horodatage": "2022-06-19 10:13:34", "distance (en metres)": 713.65, "station": "DENFERT-ROCHEREAU#", "marker-color": "#818181"}}, {"type": "Feature", "geometry": {"type": "Point", "coordinates": [2.401255, 48.868107]}, "properties": {"numparc": 7359, "etat de la localisation": "autre", "ID BDGEO": "377", "horodatage": "2022-06-19 10:14:16", "distance (en metres)": 6216.41, "station": "DENFERT-ROCHEREAU#", "marker-color": "#818181"}}, {"type": "Feature", "geometry": {"type": "Point", "coordinates": [2.333816, 48.834064]}, "properties": {"numparc": 7386, "etat de la localisation": "autre", "ID BDGEO": "377", "horodatage": "2022-06-19 10:14:44", "distance (en metres)": 102.77, "station": "DENFERT-ROCHEREAU#", "marker-color": "#818181"}}, {"type": "Feature", "geometry": {"type": "Point", "coordinates": [2.33378, 48.834099]}, "properties": {"numparc": 614, "etat de la localisation": "autre", "ID BDGEO": "377", "horodatage": "2022-06-19 10:15:35", "distance (en metres)": 107.4, "station": "DENFERT-ROCHEREAU#", "marker-color": "#818181"}}, {"type": "Feature", "geometry": {"type": "Point", "coordinates": [2.399336, 48.865868]}, "properties": {"numparc": 7359, "etat de la localisation": "autre", "ID BDGEO": "377", "horodatage": "2022-06-19 10:15:45", "distance (en metres)": 5952.71, "station": "DENFERT-ROCHEREAU#", "marker-color": "#818181"}}, {"type": "Feature", "geometry": {"type": "Point", "coordinates": [2.398936, 48.864559]}, "properties": {"numparc": 7359, "etat de la localisation": "autre", "ID BDGEO": "377", "horodatage": "2022-06-19 10:16:50", "distance (en metres)": 5841.95, "station": "DENFERT-ROCHEREAU#", "marker-color": "#818181"}}, {"type": "Feature", "geometry": {"type": "Point", "coordinates": [2.400352, 48.861469]}, "properties": {"numparc": 7359, "etat de la localisation": "autre", "ID BDGEO": "377", "horodatage": "2022-06-19 10:18:27", "distance (en metres)": 5731.3, "station": "DENFERT-ROCHEREAU#", "marker-color": "#818181"}}, {"type": "Feature", "geometry": {"type": "Point", "coordinates": [2.402443, 48.85899]}, "properties": {"numparc": 7359, "etat de la localisation": "autre", "ID BDGEO": "377", "horodatage": "2022-06-19 10:19:59", "distance (en metres)": 5717.89, "station": "DENFERT-ROCHEREAU#", "marker-color": "#818181"}}, {"type": "Feature", "geometry": {"type": "Point", "coordinates": [2.404979, 48.856052]}, "properties": {"numparc": 7359, "etat de la localisation": "autre", "ID BDGEO": "377", "horodatage": "2022-06-19 10:21:38", "distance (en metres)": 5728.37, "station": "DENFERT-ROCHEREAU#", "marker-color": "#818181"}}, {"type": "Feature", "geometry": {"type": "Point", "coordinates": [2.406118, 48.852383]}, "properties": {"numparc": 7359, "etat de la localisation": "autre", "ID BDGEO": "377", "horodatage": "2022-06-19 10:23:12", "distance (en metres)": 5637.97, "station": "DENFERT-ROCHEREAU#", "marker-color": "#818181"}}, {"type": "Feature", "geometry": {"type": "Point", "coordinates": [2.406323, 48.847992]}, "properties": {"numparc": 7359, "etat de la localisation": "autre", "ID BDGEO": "377", "horodatage": "2022-06-19 10:25:09", "distance (en metres)": 5488.0, "station": "DENFERT-ROCHEREAU#", "marker-color": "#818181"}}, {"type": "Feature", "geometry": {"type": "Point", "coordinates": [2.376404, 48.830379]}, "properties": {"numparc": 1478, "etat de la localisation": "autre", "ID BDGEO": "141", "horodatage": "2022-06-19 10:25:29", "distance (en metres)": 59.16, "station": "BIBLIOTHEQUE CHEVALERET", "marker-color": "#818181"}}, {"type": "Feature", "geometry": {"type": "Point", "coordinates": [2.405658, 48.844475]}, "properties": {"numparc": 7359, "etat de la localisation": "autre", "ID BDGEO": "377", "horodatage": "2022-06-19 10:26:14", "distance (en metres)": 5337.78, "station": "DENFERT-ROCHEREAU#", "marker-color": "#818181"}}, {"type": "Feature", "geometry": {"type": "Point", "coordinates": [2.379313, 48.831959]}, "properties": {"numparc": 1478, "etat de la localisation": "autre", "ID BDGEO": "141", "horodatage": "2022-06-19 10:26:22", "distance (en metres)": 335.09, "station": "BIBLIOTHEQUE CHEVALERET", "marker-color": "#818181"}}, {"type": "Feature", "geometry": {"type": "Point", "coordinates": [2.405122, 48.842529]}, "properties": {"numparc": 7359, "etat de la localisation": "autre", "ID BDGEO": "377", "horodatage": "2022-06-19 10:27:23", "distance (en metres)": 5253.46, "station": "DENFERT-ROCHEREAU#", "marker-color": "#818181"}}, {"type": "Feature", "geometry": {"type": "Point", "coordinates": [2.385998, 48.835598]}, "properties": {"numparc": 1478, "etat de la localisation": "autre", "ID BDGEO": "141", "horodatage": "2022-06-19 10:29:13", "distance (en metres)": 970.03, "station": "BIBLIOTHEQUE CHEVALERET", "marker-color": "#818181"}}, {"type": "Feature", "geometry": {"type": "Point", "coordinates": [2.404089, 48.839806]}, "properties": {"numparc": 7359, "etat de la localisation": "autre", "ID BDGEO": "377", "horodatage": "2022-06-19 10:29:15", "distance (en metres)": 5128.37, "station": "DENFERT-ROCHEREAU#", "marker-color": "#818181"}}, {"type": "Feature", "geometry": {"type": "Point", "coordinates": [2.390802, 48.837166]}, "properties": {"numparc": 1478, "etat de la localisation": "autre", "ID BDGEO": "141", "horodatage": "2022-06-19 10:31:31", "distance (en metres)": 1355.31, "station": "BIBLIOTHEQUE CHEVALERET", "marker-color": "#818181"}}, {"type": "Feature", "geometry": {"type": "Point", "coordinates": [2.399482, 48.839661]}, "properties": {"numparc": 7359, "etat de la localisation": "autre", "ID BDGEO": "377", "horodatage": "2022-06-19 10:31:49", "distance (en metres)": 4792.36, "station": "DENFERT-ROCHEREAU#", "marker-color": "#818181"}}, {"type": "Feature", "geometry": {"type": "Point", "coordinates": [2.396827, 48.839626]}, "properties": {"numparc": 7359, "etat de la localisation": "autre", "ID BDGEO": "377", "horodatage": "2022-06-19 10:33:10", "distance (en metres)": 4599.64, "station": "DENFERT-ROCHEREAU#", "marker-color": "#818181"}}, {"type": "Feature", "geometry": {"type": "Point", "coordinates": [2.393787, 48.838932]}, "properties": {"numparc": 1478, "etat de la localisation": "autre", "ID BDGEO": "141", "horodatage": "2022-06-19 10:33:11", "distance (en metres)": 1647.6, "station": "BIBLIOTHEQUE CHEVALERET", "marker-color": "#818181"}}, {"type": "Feature", "geometry": {"type": "Point", "coordinates": [2.393967, 48.839001]}, "properties": {"numparc": 7359, "etat de la localisation": "autre", "ID BDGEO": "377", "horodatage": "2022-06-19 10:34:12", "distance (en metres)": 4382.37, "station": "DENFERT-ROCHEREAU#", "marker-color": "#818181"}}, {"type": "Feature", "geometry": {"type": "Point", "coordinates": [2.397058, 48.839542]}, "properties": {"numparc": 1478, "etat de la localisation": "autre", "ID BDGEO": "141", "horodatage": "2022-06-19 10:34:31", "distance (en metres)": 1882.12, "station": "BIBLIOTHEQUE CHEVALERET", "marker-color": "#818181"}}, {"type": "Feature", "geometry": {"type": "Point", "coordinates": [2.39072, 48.837219]}, "properties": {"numparc": 7359, "etat de la localisation": "autre", "ID BDGEO": "377", "horodatage": "2022-06-19 10:35:39", "distance (en metres)": 4122.03, "station": "DENFERT-ROCHEREAU#", "marker-color": "#818181"}}, {"type": "Feature", "geometry": {"type": "Point", "coordinates": [2.403466, 48.839748]}, "properties": {"numparc": 1478, "etat de la localisation": "autre", "ID BDGEO": "141", "horodatage": "2022-06-19 10:36:17", "distance (en metres)": 2296.5, "station": "BIBLIOTHEQUE CHEVALERET", "marker-color": "#818181"}}, {"type": "Feature", "geometry": {"type": "Point", "coordinates": [2.38599, 48.835606]}, "properties": {"numparc": 7359, "etat de la localisation": "autre", "ID BDGEO": "377", "horodatage": "2022-06-19 10:37:39", "distance (en metres)": 3761.76, "station": "DENFERT-ROCHEREAU#", "marker-color": "#818181"}}, {"type": "Feature", "geometry": {"type": "Point", "coordinates": [2.405832, 48.84507]}, "properties": {"numparc": 1478, "etat de la localisation": "autre", "ID BDGEO": "141", "horodatage": "2022-06-19 10:38:00", "distance (en metres)": 2762.32, "station": "BIBLIOTHEQUE CHEVALERET", "marker-color": "#818181"}}, {"type": "Feature", "geometry": {"type": "Point", "coordinates": [2.406519, 48.848125]}, "properties": {"numparc": 1478, "etat de la localisation": "autre", "ID BDGEO": "141", "horodatage": "2022-06-19 10:38:56", "distance (en metres)": 3017.15, "station": "BIBLIOTHEQUE CHEVALERET", "marker-color": "#818181"}}, {"type": "Feature", "geometry": {"type": "Point", "coordinates": [2.383281, 48.834126]}, "properties": {"numparc": 7359, "etat de la localisation": "autre", "ID BDGEO": "377", "horodatage": "2022-06-19 10:39:05", "distance (en metres)": 3556.22, "station": "DENFERT-ROCHEREAU#", "marker-color": "#818181"}}, {"type": "Feature", "geometry": {"type": "Point", "coordinates": [2.406526, 48.848152]}, "properties": {"numparc": 1478, "etat de la localisation": "autre", "ID BDGEO": "141", "horodatage": "2022-06-19 10:39:15", "distance (en metres)": 3019.52, "station": "BIBLIOTHEQUE CHEVALERET", "marker-color": "#818181"}}, {"type": "Feature", "geometry": {"type": "Point", "coordinates": [2.406011, 48.852955]}, "properties": {"numparc": 1478, "etat de la localisation": "autre", "ID BDGEO": "141", "horodatage": "2022-06-19 10:40:36", "distance (en metres)": 3373.73, "station": "BIBLIOTHEQUE CHEVALERET", "marker-color": "#818181"}}, {"type": "Feature", "geometry": {"type": "Point", "coordinates": [2.379163, 48.831863]}, "properties": {"numparc": 7359, "etat de la localisation": "autre", "ID BDGEO": "377", "horodatage": "2022-06-19 10:40:50", "distance (en metres)": 3258.04, "station": "DENFERT-ROCHEREAU#", "marker-color": "#818181"}}, {"type": "Feature", "geometry": {"type": "Point", "coordinates": [2.375809, 48.830021]}, "properties": {"numparc": 7359, "etat de la localisation": "autre", "ID BDGEO": "377", "horodatage": "2022-06-19 10:42:17", "distance (en metres)": 3031.1, "station": "DENFERT-ROCHEREAU#", "marker-color": "#818181"}}, {"type": "Feature", "geometry": {"type": "Point", "coordinates": [2.401579, 48.859497]}, "properties": {"numparc": 1478, "etat de la localisation": "autre", "ID BDGEO": "141", "horodatage": "2022-06-19 10:43:13", "distance (en metres)": 3779.25, "station": "BIBLIOTHEQUE CHEVALERET", "marker-color": "#818181"}}, {"type": "Feature", "geometry": {"type": "Point", "coordinates": [2.370656, 48.827667]}, "properties": {"numparc": 7359, "etat de la localisation": "autre", "ID BDGEO": "377", "horodatage": "2022-06-19 10:44:24", "distance (en metres)": 2706.12, "station": "DENFERT-ROCHEREAU#", "marker-color": "#818181"}}, {"type": "Feature", "geometry": {"type": "Point", "coordinates": [2.400037, 48.86203]}, "properties": {"numparc": 1478, "etat de la localisation": "autre", "ID BDGEO": "141", "horodatage": "2022-06-19 10:44:25", "distance (en metres)": 3973.87, "station": "BIBLIOTHEQUE CHEVALERET", "marker-color": "#818181"}}, {"type": "Feature", "geometry": {"type": "Point", "coordinates": [2.398818, 48.864182]}, "properties": {"numparc": 1478, "etat de la localisation": "autre", "ID BDGEO": "141", "horodatage": "2022-06-19 10:45:25", "distance (en metres)": 4152.16, "station": "BIBLIOTHEQUE CHEVALERET", "marker-color": "#818181"}}, {"type": "Feature", "geometry": {"type": "Point", "coordinates": [2.367763, 48.827271]}, "properties": {"numparc": 7359, "etat de la localisation": "autre", "ID BDGEO": "377", "horodatage": "2022-06-19 10:46:00", "distance (en metres)": 2512.22, "station": "DENFERT-ROCHEREAU#", "marker-color": "#818181"}}, {"type": "Feature", "geometry": {"type": "Point", "coordinates": [2.400698, 48.864788]}, "properties": {"numparc": 1478, "etat de la localisation": "Deviation programmee", "ID BDGEO": "141", "horodatage": "2022-06-19 10:46:12", "distance (en metres)": 4270.82, "station": "BIBLIOTHEQUE CHEVALERET", "marker-color": "#56FF93"}}, {"type": "Feature", "geometry": {"type": "Point", "coordinates": [2.364577, 48.826782]}, "properties": {"numparc": 7359, "etat de la localisation": "autre", "ID BDGEO": "377", "horodatage": "2022-06-19 10:47:49", "distance (en metres)": 2305.11, "station": "DENFERT-ROCHEREAU#", "marker-color": "#818181"}}, {"type": "Feature", "geometry": {"type": "Point", "coordinates": [2.360879, 48.826275]}, "properties": {"numparc": 7359, "etat de la localisation": "autre", "ID BDGEO": "377", "horodatage": "2022-06-19 10:48:46", "distance (en metres)": 2070.94, "station": "DENFERT-ROCHEREAU#", "marker-color": "#818181"}}, {"type": "Feature", "geometry": {"type": "Point", "coordinates": [2.37928, 48.831924]}, "properties": {"numparc": 7386, "etat de la localisation": "autre", "ID BDGEO": "141", "horodatage": "2022-06-19 10:49:10", "distance (en metres)": 330.82, "station": "BIBLIOTHEQUE CHEVALERET", "marker-color": "#818181"}}, {"type": "Feature", "geometry": {"type": "Point", "coordinates": [2.360666, 48.826221]}, "properties": {"numparc": 7359, "etat de la localisation": "autre", "ID BDGEO": "377", "horodatage": "2022-06-19 10:49:15", "distance (en metres)": 2058.81, "station": "DENFERT-ROCHEREAU#", "marker-color": "#818181"}}, {"type": "Feature", "geometry": {"type": "Point", "coordinates": [2.35903, 48.827469]}, "properties": {"numparc": 7359, "etat de la localisation": "autre", "ID BDGEO": "377", "horodatage": "2022-06-19 10:50:29", "distance (en metres)": 1896.63, "station": "DENFERT-ROCHEREAU#", "marker-color": "#818181"}}, {"type": "Feature", "geometry": {"type": "Point", "coordinates": [2.382916, 48.833912]}, "properties": {"numparc": 7386, "etat de la localisation": "autre", "ID BDGEO": "141", "horodatage": "2022-06-19 10:51:13", "distance (en metres)": 676.72, "station": "BIBLIOTHEQUE CHEVALERET", "marker-color": "#818181"}}, {"type": "Feature", "geometry": {"type": "Point", "coordinates": [2.386114, 48.835659]}, "properties": {"numparc": 7386, "etat de la localisation": "autre", "ID BDGEO": "141", "horodatage": "2022-06-19 10:52:14", "distance (en metres)": 980.89, "station": "BIBLIOTHEQUE CHEVALERET", "marker-color": "#818181"}}, {"type": "Feature", "geometry": {"type": "Point", "coordinates": [2.356626, 48.830368]}, "properties": {"numparc": 7359, "etat de la localisation": "autre", "ID BDGEO": "377", "horodatage": "2022-06-19 10:52:39", "distance (en metres)": 1638.2, "station": "DENFERT-ROCHEREAU#", "marker-color": "#818181"}}, {"type": "Feature", "geometry": {"type": "Point", "coordinates": [2.390743, 48.837162]}, "properties": {"numparc": 7386, "etat de la localisation": "autre", "ID BDGEO": "141", "horodatage": "2022-06-19 10:54:16", "distance (en metres)": 1351.56, "station": "BIBLIOTHEQUE CHEVALERET", "marker-color": "#818181"}}, {"type": "Feature", "geometry": {"type": "Point", "coordinates": [2.354166, 48.831165]}, "properties": {"numparc": 7359, "etat de la localisation": "autre", "ID BDGEO": "377", "horodatage": "2022-06-19 10:54:45", "distance (en metres)": 1444.77, "station": "DENFERT-ROCHEREAU#", "marker-color": "#818181"}}, {"type": "Feature", "geometry": {"type": "Point", "coordinates": [2.390743, 48.837162]}, "properties": {"numparc": 7386, "etat de la localisation": "autre", "ID BDGEO": "141", "horodatage": "2022-06-19 10:55:05", "distance (en metres)": 1351.56, "station": "BIBLIOTHEQUE CHEVALERET", "marker-color": "#818181"}}, {"type": "Feature", "geometry": {"type": "Point", "coordinates": [2.348929, 48.829857]}, "properties": {"numparc": 7359, "etat de la localisation": "autre", "ID BDGEO": "377", "horodatage": "2022-06-19 10:56:16", "distance (en metres)": 1111.02, "station": "DENFERT-ROCHEREAU#", "marker-color": "#818181"}}, {"type": "Feature", "geometry": {"type": "Point", "coordinates": [2.408331, 48.876686]}, "properties": {"numparc": 1478, "etat de la localisation": "autre", "ID BDGEO": "377", "horodatage": "2022-06-19 10:56:53", "distance (en metres)": 7227.2, "station": "DENFERT-ROCHEREAU#", "marker-color": "#818181"}}, {"type": "Feature", "geometry": {"type": "Point", "coordinates": [2.393737, 48.838905]}, "properties": {"numparc": 7386, "etat de la localisation": "autre", "ID BDGEO": "141", "horodatage": "2022-06-19 10:57:11", "distance (en metres)": 1642.9, "station": "BIBLIOTHEQUE CHEVALERET", "marker-color": "#818181"}}, {"type": "Feature", "geometry": {"type": "Point", "coordinates": [2.379314, 48.832008]}, "properties": {"numparc": 614, "etat de la localisation": "autre", "ID BDGEO": "141", "horodatage": "2022-06-19 10:58:21", "distance (en metres)": 338.63, "station": "BIBLIOTHEQUE CHEVALERET", "marker-color": "#818181"}}, {"type": "Feature", "geometry": {"type": "Point", "coordinates": [2.396978, 48.839474]}, "properties": {"numparc": 7386, "etat de la localisation": "autre", "ID BDGEO": "141", "horodatage": "2022-06-19 10:58:42", "distance (en metres)": 1872.99, "station": "BIBLIOTHEQUE CHEVALERET", "marker-color": "#818181"}}, {"type": "Feature", "geometry": {"type": "Point", "coordinates": [2.344024, 48.831242]}, "properties": {"numparc": 7359, "etat de la localisation": "autre", "ID BDGEO": "377", "horodatage": "2022-06-19 10:59:01", "distance (en metres)": 721.05, "station": "DENFERT-ROCHEREAU#", "marker-color": "#818181"}}, {"type": "Feature", "geometry": {"type": "Point", "coordinates": [2.39927, 48.839504]}, "properties": {"numparc": 7386, "etat de la localisation": "autre", "ID BDGEO": "141", "horodatage": "2022-06-19 10:59:59", "distance (en metres)": 2016.09, "station": "BIBLIOTHEQUE CHEVALERET", "marker-color": "#818181"}}, {"type": "Feature", "geometry": {"type": "Point", "coordinates": [2.382951, 48.833969]}, "properties": {"numparc": 614, "etat de la localisation": "autre", "ID BDGEO": "141", "horodatage": "2022-06-19 11:00:29", "distance (en metres)": 682.73, "station": "BIBLIOTHEQUE CHEVALERET", "marker-color": "#818181"}}, {"type": "Feature", "geometry": {"type": "Point", "coordinates": [2.408331, 48.876686]}, "properties": {"numparc": 1478, "etat de la localisation": "autre", "ID BDGEO": "377", "horodatage": "2022-06-19 11:01:00", "distance (en metres)": 7227.2, "station": "DENFERT-ROCHEREAU#", "marker-color": "#818181"}}, {"type": "Feature", "geometry": {"type": "Point", "coordinates": [2.333809, 48.83408]}, "properties": {"numparc": 7359, "etat de la localisation": "autre", "ID BDGEO": "377", "horodatage": "2022-06-19 11:01:18", "distance (en metres)": 104.42, "station": "DENFERT-ROCHEREAU#", "marker-color": "#818181"}}, {"type": "Feature", "geometry": {"type": "Point", "coordinates": [2.386036, 48.835663]}, "properties": {"numparc": 614, "etat de la localisation": "autre", "ID BDGEO": "141", "horodatage": "2022-06-19 11:01:24", "distance (en metres)": 976.76, "station": "BIBLIOTHEQUE CHEVALERET", "marker-color": "#818181"}}, {"type": "Feature", "geometry": {"type": "Point", "coordinates": [2.403303, 48.839642]}, "properties": {"numparc": 7386, "etat de la localisation": "autre", "ID BDGEO": "141", "horodatage": "2022-06-19 11:01:43", "distance (en metres)": 2280.39, "station": "BIBLIOTHEQUE CHEVALERET", "marker-color": "#818181"}}, {"type": "Feature", "geometry": {"type": "Point", "coordinates": [2.390888, 48.837189]}, "properties": {"numparc": 614, "etat de la localisation": "autre", "ID BDGEO": "141", "horodatage": "2022-06-19 11:03:21", "distance (en metres)": 1361.91, "station": "BIBLIOTHEQUE CHEVALERET", "marker-color": "#818181"}}, {"type": "Feature", "geometry": {"type": "Point", "coordinates": [2.405056, 48.842232]}, "properties": {"numparc": 7386, "etat de la localisation": "autre", "ID BDGEO": "141", "horodatage": "2022-06-19 11:04:02", "distance (en metres)": 2535.8, "station": "BIBLIOTHEQUE CHEVALERET", "marker-color": "#818181"}}, {"type": "Feature", "geometry": {"type": "Point", "coordinates": [2.393753, 48.838989]}, "properties": {"numparc": 614, "etat de la localisation": "autre", "ID BDGEO": "141", "horodatage": "2022-06-19 11:04:34", "distance (en metres)": 1649.44, "station": "BIBLIOTHEQUE CHEVALERET", "marker-color": "#818181"}}, {"type": "Feature", "geometry": {"type": "Point", "coordinates": [2.405833, 48.845047]}, "properties": {"numparc": 7386, "etat de la localisation": "autre", "ID BDGEO": "141", "horodatage": "2022-06-19 11:06:06", "distance (en metres)": 2760.83, "station": "BIBLIOTHEQUE CHEVALERET", "marker-color": "#818181"}}, {"type": "Feature", "geometry": {"type": "Point", "coordinates": [2.397064, 48.839569]}, "properties": {"numparc": 614, "etat de la localisation": "autre", "ID BDGEO": "141", "horodatage": "2022-06-19 11:06:33", "distance (en metres)": 1884.15, "station": "BIBLIOTHEQUE CHEVALERET", "marker-color": "#818181"}}, {"type": "Feature", "geometry": {"type": "Point", "coordinates": [2.406546, 48.848133]}, "properties": {"numparc": 7386, "etat de la localisation": "autre", "ID BDGEO": "141", "horodatage": "2022-06-19 11:08:07", "distance (en metres)": 3019.2, "station": "BIBLIOTHEQUE CHEVALERET", "marker-color": "#818181"}}, {"type": "Feature", "geometry": {"type": "Point", "coordinates": [2.40344, 48.839767]}, "properties": {"numparc": 614, "etat de la localisation": "autre", "ID BDGEO": "141", "horodatage": "2022-06-19 11:08:23", "distance (en metres)": 2295.81, "station": "BIBLIOTHEQUE CHEVALERET", "marker-color": "#818181"}}, {"type": "Feature", "geometry": {"type": "Point", "coordinates": [2.406317, 48.851147]}, "properties": {"numparc": 7386, "etat de la localisation": "autre", "ID BDGEO": "141", "horodatage": "2022-06-19 11:10:39", "distance (en metres)": 3240.18, "station": "BIBLIOTHEQUE CHEVALERET", "marker-color": "#818181"}}, {"type": "Feature", "geometry": {"type": "Point", "coordinates": [2.407862, 48.876595]}, "properties": {"numparc": 1478, "etat de la localisation": "autre", "ID BDGEO": "377", "horodatage": "2022-06-19 11:11:17", "distance (en metres)": 7194.86, "station": "DENFERT-ROCHEREAU#", "marker-color": "#818181"}}, {"type": "Feature", "geometry": {"type": "Point", "coordinates": [2.406037, 48.852859]}, "properties": {"numparc": 7386, "etat de la localisation": "autre", "ID BDGEO": "141", "horodatage": "2022-06-19 11:11:35", "distance (en metres)": 3366.99, "station": "BIBLIOTHEQUE CHEVALERET", "marker-color": "#818181"}}, {"type": "Feature", "geometry": {"type": "Point", "coordinates": [2.405823, 48.8451]}, "properties": {"numparc": 614, "etat de la localisation": "autre", "ID BDGEO": "141", "horodatage": "2022-06-19 11:12:41", "distance (en metres)": 2763.84, "station": "BIBLIOTHEQUE CHEVALERET", "marker-color": "#818181"}}, {"type": "Feature", "geometry": {"type": "Point", "coordinates": [2.404817, 48.856327]}, "properties": {"numparc": 7386, "etat de la localisation": "autre", "ID BDGEO": "141", "horodatage": "2022-06-19 11:13:08", "distance (en metres)": 3612.73, "station": "BIBLIOTHEQUE CHEVALERET", "marker-color": "#818181"}}, {"type": "Feature", "geometry": {"type": "Point", "coordinates": [2.406539, 48.848198]}, "properties": {"numparc": 614, "etat de la localisation": "autre", "ID BDGEO": "141", "horodatage": "2022-06-19 11:14:47", "distance (en metres)": 3023.61, "station": "BIBLIOTHEQUE CHEVALERET", "marker-color": "#818181"}}, {"type": "Feature", "geometry": {"type": "Point", "coordinates": [2.401819, 48.859398]}, "properties": {"numparc": 7386, "etat de la localisation": "autre", "ID BDGEO": "141", "horodatage": "2022-06-19 11:14:51", "distance (en metres)": 3778.54, "station": "BIBLIOTHEQUE CHEVALERET", "marker-color": "#818181"}}, {"type": "Feature", "geometry": {"type": "Point", "coordinates": [2.400252, 48.861916]}, "properties": {"numparc": 7386, "etat de la localisation": "autre", "ID BDGEO": "141", "horodatage": "2022-06-19 11:16:02", "distance (en metres)": 3969.58, "station": "BIBLIOTHEQUE CHEVALERET", "marker-color": "#818181"}}, {"type": "Feature", "geometry": {"type": "Point", "coordinates": [2.406308, 48.876682]}, "properties": {"numparc": 1478, "etat de la localisation": "autre", "ID BDGEO": "377", "horodatage": "2022-06-19 11:16:08", "distance (en metres)": 7117.28, "station": "DENFERT-ROCHEREAU#", "marker-color": "#818181"}}, {"type": "Feature", "geometry": {"type": "Point", "coordinates": [2.405987, 48.853043]}, "properties": {"numparc": 614, "etat de la localisation": "autre", "ID BDGEO": "141", "horodatage": "2022-06-19 11:16:36", "distance (en metres)": 3379.94, "station": "BIBLIOTHEQUE CHEVALERET", "marker-color": "#818181"}}, {"type": "Feature", "geometry": {"type": "Point", "coordinates": [2.405623, 48.874855]}, "properties": {"numparc": 1478, "etat de la localisation": "autre", "ID BDGEO": "377", "horodatage": "2022-06-19 11:17:19", "distance (en metres)": 6943.89, "station": "DENFERT-ROCHEREAU#", "marker-color": "#818181"}}, {"type": "Feature", "geometry": {"type": "Point", "coordinates": [2.399057, 48.864151]}, "properties": {"numparc": 7386, "etat de la localisation": "autre", "ID BDGEO": "141", "horodatage": "2022-06-19 11:17:34", "distance (en metres)": 4156.2, "station": "BIBLIOTHEQUE CHEVALERET", "marker-color": "#818181"}}, {"type": "Feature", "geometry": {"type": "Point", "coordinates": [2.404726, 48.85651]}, "properties": {"numparc": 614, "etat de la localisation": "autre", "ID BDGEO": "141", "horodatage": "2022-06-19 11:17:44", "distance (en metres)": 3625.3, "station": "BIBLIOTHEQUE CHEVALERET", "marker-color": "#818181"}}, {"type": "Feature", "geometry": {"type": "Point", "coordinates": [2.404697, 48.872433]}, "properties": {"numparc": 1478, "etat de la localisation": "autre", "ID BDGEO": "377", "horodatage": "2022-06-19 11:18:19", "distance (en metres)": 6716.16, "station": "DENFERT-ROCHEREAU#", "marker-color": "#818181"}}, {"type": "Feature", "geometry": {"type": "Point", "coordinates": [2.401678, 48.859512]}, "properties": {"numparc": 614, "etat de la localisation": "autre", "ID BDGEO": "141", "horodatage": "2022-06-19 11:19:23", "distance (en metres)": 3784.35, "station": "BIBLIOTHEQUE CHEVALERET", "marker-color": "#818181"}}, {"type": "Feature", "geometry": {"type": "Point", "coordinates": [2.400157, 48.862038]}, "properties": {"numparc": 614, "etat de la localisation": "autre", "ID BDGEO": "141", "horodatage": "2022-06-19 11:20:18", "distance (en metres)": 3978.56, "station": "BIBLIOTHEQUE CHEVALERET", "marker-color": "#818181"}}, {"type": "Feature", "geometry": {"type": "Point", "coordinates": [2.401913, 48.868713]}, "properties": {"numparc": 7386, "etat de la localisation": "autre", "ID BDGEO": "141", "horodatage": "2022-06-19 11:21:21", "distance (en metres)": 4704.59, "station": "BIBLIOTHEQUE CHEVALERET", "marker-color": "#818181"}}, {"type": "Feature", "geometry": {"type": "Point", "coordinates": [2.398896, 48.86433]}, "properties": {"numparc": 614, "etat de la localisation": "autre", "ID BDGEO": "141", "horodatage": "2022-06-19 11:21:28", "distance (en metres)": 4169.59, "station": "BIBLIOTHEQUE CHEVALERET", "marker-color": "#818181"}}, {"type": "Feature", "geometry": {"type": "Point", "coordinates": [2.401322, 48.868061]}, "properties": {"numparc": 1478, "etat de la localisation": "autre", "ID BDGEO": "377", "horodatage": "2022-06-19 11:21:30", "distance (en metres)": 6217.09, "station": "DENFERT-ROCHEREAU#", "marker-color": "#818181"}}, {"type": "Feature", "geometry": {"type": "Point", "coordinates": [2.399343, 48.865837]}, "properties": {"numparc": 1478, "etat de la localisation": "autre", "ID BDGEO": "377", "horodatage": "2022-06-19 11:22:31", "distance (en metres)": 5951.05, "station": "DENFERT-ROCHEREAU#", "marker-color": "#818181"}}, {"type": "Feature", "geometry": {"type": "Point", "coordinates": [2.404127, 48.87125]}, "properties": {"numparc": 7386, "etat de la localisation": "autre", "ID BDGEO": "141", "horodatage": "2022-06-19 11:23:05", "distance (en metres)": 5028.26, "station": "BIBLIOTHEQUE CHEVALERET", "marker-color": "#818181"}}, {"type": "Feature", "geometry": {"type": "Point", "coordinates": [2.398896, 48.864548]}, "properties": {"numparc": 1478, "etat de la localisation": "autre", "ID BDGEO": "377", "horodatage": "2022-06-19 11:23:56", "distance (en metres)": 5838.83, "station": "DENFERT-ROCHEREAU#", "marker-color": "#818181"}}, {"type": "Feature", "geometry": {"type": "Point", "coordinates": [2.335644, 48.833237]}, "properties": {"numparc": 7359, "etat de la localisation": "autre", "ID BDGEO": "348", "horodatage": "2022-06-19 11:24:03", "distance (en metres)": 54.91, "station": "DENFERT-ROCHEREAU", "marker-color": "#818181"}}, {"type": "Feature", "geometry": {"type": "Point", "coordinates": [2.405423, 48.87418]}, "properties": {"numparc": 7386, "etat de la localisation": "autre", "ID BDGEO": "141", "horodatage": "2022-06-19 11:25:04", "distance (en metres)": 5364.3, "station": "BIBLIOTHEQUE CHEVALERET", "marker-color": "#818181"}}, {"type": "Feature", "geometry": {"type": "Point", "coordinates": [2.401828, 48.868877]}, "properties": {"numparc": 614, "etat de la localisation": "autre", "ID BDGEO": "141", "horodatage": "2022-06-19 11:25:13", "distance (en metres)": 4718.74, "station": "BIBLIOTHEQUE CHEVALERET", "marker-color": "#818181"}}, {"type": "Feature", "geometry": {"type": "Point", "coordinates": [2.406493, 48.876774]}, "properties": {"numparc": 7386, "etat de la localisation": "autre", "ID BDGEO": "141", "horodatage": "2022-06-19 11:26:01", "distance (en metres)": 5659.91, "station": "BIBLIOTHEQUE CHEVALERET", "marker-color": "#818181"}}, {"type": "Feature", "geometry": {"type": "Point", "coordinates": [2.404071, 48.871372]}, "properties": {"numparc": 614, "etat de la localisation": "autre", "ID BDGEO": "141", "horodatage": "2022-06-19 11:26:12", "distance (en metres)": 5038.94, "station": "BIBLIOTHEQUE CHEVALERET", "marker-color": "#818181"}}, {"type": "Feature", "geometry": {"type": "Point", "coordinates": [2.402431, 48.859093]}, "properties": {"numparc": 1478, "etat de la localisation": "autre", "ID BDGEO": "377", "horodatage": "2022-06-19 11:26:48", "distance (en metres)": 5722.84, "station": "DENFERT-ROCHEREAU#", "marker-color": "#818181"}}, {"type": "Feature", "geometry": {"type": "Point", "coordinates": [2.40542, 48.874237]}, "properties": {"numparc": 614, "etat de la localisation": "autre", "ID BDGEO": "141", "horodatage": "2022-06-19 11:27:44", "distance (en metres)": 5370.04, "station": "BIBLIOTHEQUE CHEVALERET", "marker-color": "#818181"}}, {"type": "Feature", "geometry": {"type": "Point", "coordinates": [2.405068, 48.85611]}, "properties": {"numparc": 1478, "etat de la localisation": "autre", "ID BDGEO": "377", "horodatage": "2022-06-19 11:28:31", "distance (en metres)": 5737.02, "station": "DENFERT-ROCHEREAU#", "marker-color": "#818181"}}, {"type": "Feature", "geometry": {"type": "Point", "coordinates": [2.407859, 48.876621]}, "properties": {"numparc": 7386, "etat de la localisation": "autre", "ID BDGEO": "377", "horodatage": "2022-06-19 11:29:33", "distance (en metres)": 7196.68, "station": "DENFERT-ROCHEREAU#", "marker-color": "#818181"}}, {"type": "Feature", "geometry": {"type": "Point", "coordinates": [2.406185, 48.852463]}, "properties": {"numparc": 1478, "etat de la localisation": "autre", "ID BDGEO": "377", "horodatage": "2022-06-19 11:30:11", "distance (en metres)": 5645.86, "station": "DENFERT-ROCHEREAU#", "marker-color": "#818181"}}, {"type": "Feature", "geometry": {"type": "Point", "coordinates": [2.407859, 48.876621]}, "properties": {"numparc": 7386, "etat de la localisation": "autre", "ID BDGEO": "377", "horodatage": "2022-06-19 11:31:04", "distance (en metres)": 7196.68, "station": "DENFERT-ROCHEREAU#", "marker-color": "#818181"}}, {"type": "Feature", "geometry": {"type": "Point", "coordinates": [2.406359, 48.848061]}, "properties": {"numparc": 1478, "etat de la localisation": "autre", "ID BDGEO": "377", "horodatage": "2022-06-19 11:31:56", "distance (en metres)": 5492.79, "station": "DENFERT-ROCHEREAU#", "marker-color": "#818181"}}, {"type": "Feature", "geometry": {"type": "Point", "coordinates": [2.405677, 48.844498]}, "properties": {"numparc": 1478, "etat de la localisation": "autre", "ID BDGEO": "377", "horodatage": "2022-06-19 11:34:10", "distance (en metres)": 5339.73, "station": "DENFERT-ROCHEREAU#", "marker-color": "#818181"}}, {"type": "Feature", "geometry": {"type": "Point", "coordinates": [2.404148, 48.839817]}, "properties": {"numparc": 1478, "etat de la localisation": "autre", "ID BDGEO": "377", "horodatage": "2022-06-19 11:35:58", "distance (en metres)": 5132.83, "station": "DENFERT-ROCHEREAU#", "marker-color": "#818181"}}, {"type": "Feature", "geometry": {"type": "Point", "coordinates": [2.408115, 48.876617]}, "properties": {"numparc": 614, "etat de la localisation": "autre", "ID BDGEO": "377", "horodatage": "2022-06-19 11:36:24", "distance (en metres)": 7210.33, "station": "DENFERT-ROCHEREAU#", "marker-color": "#818181"}}, {"type": "Feature", "geometry": {"type": "Point", "coordinates": [2.399482, 48.839687]}, "properties": {"numparc": 1478, "etat de la localisation": "autre", "ID BDGEO": "377", "horodatage": "2022-06-19 11:37:08", "distance (en metres)": 4792.79, "station": "DENFERT-ROCHEREAU#", "marker-color": "#818181"}}, {"type": "Feature", "geometry": {"type": "Point", "coordinates": [2.396705, 48.839664]}, "properties": {"numparc": 1478, "etat de la localisation": "autre", "ID BDGEO": "377", "horodatage": "2022-06-19 11:38:22", "distance (en metres)": 4591.46, "station": "DENFERT-ROCHEREAU#", "marker-color": "#818181"}}, {"type": "Feature", "geometry": {"type": "Point", "coordinates": [2.407859, 48.876621]}, "properties": {"numparc": 7386, "etat de la localisation": "autre", "ID BDGEO": "377", "horodatage": "2022-06-19 11:38:57", "distance (en metres)": 7196.68, "station": "DENFERT-ROCHEREAU#", "marker-color": "#818181"}}, {"type": "Feature", "geometry": {"type": "Point", "coordinates": [2.393915, 48.839024]}, "properties": {"numparc": 1478, "etat de la localisation": "autre", "ID BDGEO": "377", "horodatage": "2022-06-19 11:39:09", "distance (en metres)": 4378.97, "station": "DENFERT-ROCHEREAU#", "marker-color": "#818181"}}, {"type": "Feature", "geometry": {"type": "Point", "coordinates": [2.390702, 48.837234]}, "properties": {"numparc": 1478, "etat de la localisation": "autre", "ID BDGEO": "377", "horodatage": "2022-06-19 11:40:50", "distance (en metres)": 4120.9, "station": "DENFERT-ROCHEREAU#", "marker-color": "#818181"}}, {"type": "Feature", "geometry": {"type": "Point", "coordinates": [2.386055, 48.835632]}, "properties": {"numparc": 1478, "etat de la localisation": "autre", "ID BDGEO": "377", "horodatage": "2022-06-19 11:42:50", "distance (en metres)": 3766.71, "station": "DENFERT-ROCHEREAU#", "marker-color": "#818181"}}, {"type": "Feature", "geometry": {"type": "Point", "coordinates": [2.40635, 48.876671]}, "properties": {"numparc": 7386, "etat de la localisation": "autre", "ID BDGEO": "377", "horodatage": "2022-06-19 11:42:57", "distance (en metres)": 7118.69, "station": "DENFERT-ROCHEREAU#", "marker-color": "#818181"}}, {"type": "Feature", "geometry": {"type": "Point", "coordinates": [2.405594, 48.874771]}, "properties": {"numparc": 7386, "etat de la localisation": "autre", "ID BDGEO": "377", "horodatage": "2022-06-19 11:44:09", "distance (en metres)": 6936.11, "station": "DENFERT-ROCHEREAU#", "marker-color": "#818181"}}, {"type": "Feature", "geometry": {"type": "Point", "coordinates": [2.379262, 48.831974]}, "properties": {"numparc": 1478, "etat de la localisation": "autre", "ID BDGEO": "377", "horodatage": "2022-06-19 11:45:01", "distance (en metres)": 3264.67, "station": "DENFERT-ROCHEREAU#", "marker-color": "#818181"}}, {"type": "Feature", "geometry": {"type": "Point", "coordinates": [2.379175, 48.83189]}, "properties": {"numparc": 7359, "etat de la localisation": "autre", "ID BDGEO": "141", "horodatage": "2022-06-19 11:45:10", "distance (en metres)": 322.43, "station": "BIBLIOTHEQUE CHEVALERET", "marker-color": "#818181"}}, {"type": "Feature", "geometry": {"type": "Point", "coordinates": [2.404628, 48.872372]}, "properties": {"numparc": 7386, "etat de la localisation": "autre", "ID BDGEO": "377", "horodatage": "2022-06-19 11:45:18", "distance (en metres)": 6707.93, "station": "DENFERT-ROCHEREAU#", "marker-color": "#818181"}}, {"type": "Feature", "geometry": {"type": "Point", "coordinates": [2.375927, 48.830124]}, "properties": {"numparc": 1478, "etat de la localisation": "autre", "ID BDGEO": "377", "horodatage": "2022-06-19 11:46:32", "distance (en metres)": 3038.29, "station": "DENFERT-ROCHEREAU#", "marker-color": "#818181"}}, {"type": "Feature", "geometry": {"type": "Point", "coordinates": [2.375927, 48.830124]}, "properties": {"numparc": 1478, "etat de la localisation": "autre", "ID BDGEO": "377", "horodatage": "2022-06-19 11:46:36", "distance (en metres)": 3038.29, "station": "DENFERT-ROCHEREAU#", "marker-color": "#818181"}}, {"type": "Feature", "geometry": {"type": "Point", "coordinates": [2.382919, 48.833939]}, "properties": {"numparc": 7359, "etat de la localisation": "autre", "ID BDGEO": "141", "horodatage": "2022-06-19 11:47:13", "distance (en metres)": 678.77, "station": "BIBLIOTHEQUE CHEVALERET", "marker-color": "#818181"}}, {"type": "Feature", "geometry": {"type": "Point", "coordinates": [2.408115, 48.876617]}, "properties": {"numparc": 614, "etat de la localisation": "autre", "ID BDGEO": "377", "horodatage": "2022-06-19 11:47:25", "distance (en metres)": 7210.33, "station": "DENFERT-ROCHEREAU#", "marker-color": "#818181"}}, {"type": "Feature", "geometry": {"type": "Point", "coordinates": [2.385905, 48.835552]}, "properties": {"numparc": 7359, "etat de la localisation": "autre", "ID BDGEO": "141", "horodatage": "2022-06-19 11:48:08", "distance (en metres)": 961.54, "station": "BIBLIOTHEQUE CHEVALERET", "marker-color": "#818181"}}, {"type": "Feature", "geometry": {"type": "Point", "coordinates": [2.401165, 48.868103]}, "properties": {"numparc": 7386, "etat de la localisation": "autre", "ID BDGEO": "377", "horodatage": "2022-06-19 11:48:20", "distance (en metres)": 6211.0, "station": "DENFERT-ROCHEREAU#", "marker-color": "#818181"}}, {"type": "Feature", "geometry": {"type": "Point", "coordinates": [2.370698, 48.827679]}, "properties": {"numparc": 1478, "etat de la localisation": "autre", "ID BDGEO": "377", "horodatage": "2022-06-19 11:48:21", "distance (en metres)": 2708.8, "station": "DENFERT-ROCHEREAU#", "marker-color": "#818181"}}, {"type": "Feature", "geometry": {"type": "Point", "coordinates": [2.364534, 48.826866]}, "properties": {"numparc": 1478, "etat de la localisation": "autre", "ID BDGEO": "377", "horodatage": "2022-06-19 11:49:57", "distance (en metres)": 2299.17, "station": "DENFERT-ROCHEREAU#", "marker-color": "#818181"}}, {"type": "Feature", "geometry": {"type": "Point", "coordinates": [2.399173, 48.865917]}, "properties": {"numparc": 7386, "etat de la localisation": "autre", "ID BDGEO": "377", "horodatage": "2022-06-19 11:50:03", "distance (en metres)": 5946.59, "station": "DENFERT-ROCHEREAU#", "marker-color": "#818181"}}, {"type": "Feature", "geometry": {"type": "Point", "coordinates": [2.390671, 48.837166]}, "properties": {"numparc": 7359, "etat de la localisation": "autre", "ID BDGEO": "141", "horodatage": "2022-06-19 11:50:11", "distance (en metres)": 1347.53, "station": "BIBLIOTHEQUE CHEVALERET", "marker-color": "#818181"}}, {"type": "Feature", "geometry": {"type": "Point", "coordinates": [2.406342, 48.876644]}, "properties": {"numparc": 614, "etat de la localisation": "autre", "ID BDGEO": "377", "horodatage": "2022-06-19 11:50:50", "distance (en metres)": 7116.25, "station": "DENFERT-ROCHEREAU#", "marker-color": "#818181"}}, {"type": "Feature", "geometry": {"type": "Point", "coordinates": [2.393726, 48.838917]}, "properties": {"numparc": 7359, "etat de la localisation": "autre", "ID BDGEO": "141", "horodatage": "2022-06-19 11:51:58", "distance (en metres)": 1643.02, "station": "BIBLIOTHEQUE CHEVALERET", "marker-color": "#818181"}}, {"type": "Feature", "geometry": {"type": "Point", "coordinates": [2.360801, 48.826336]}, "properties": {"numparc": 1478, "etat de la localisation": "autre", "ID BDGEO": "377", "horodatage": "2022-06-19 11:52:02", "distance (en metres)": 2063.08, "station": "DENFERT-ROCHEREAU#", "marker-color": "#818181"}}, {"type": "Feature", "geometry": {"type": "Point", "coordinates": [2.405613, 48.874786]}, "properties": {"numparc": 614, "etat de la localisation": "autre", "ID BDGEO": "377", "horodatage": "2022-06-19 11:52:11", "distance (en metres)": 6938.26, "station": "DENFERT-ROCHEREAU#", "marker-color": "#818181"}}, {"type": "Feature", "geometry": {"type": "Point", "coordinates": [2.398837, 48.86454]}, "properties": {"numparc": 7386, "etat de la localisation": "autre", "ID BDGEO": "377", "horodatage": "2022-06-19 11:52:16", "distance (en metres)": 5834.86, "station": "DENFERT-ROCHEREAU#", "marker-color": "#818181"}}, {"type": "Feature", "geometry": {"type": "Point", "coordinates": [2.404639, 48.872353]}, "properties": {"numparc": 614, "etat de la localisation": "autre", "ID BDGEO": "377", "horodatage": "2022-06-19 11:53:10", "distance (en metres)": 6707.17, "station": "DENFERT-ROCHEREAU#", "marker-color": "#818181"}}, {"type": "Feature", "geometry": {"type": "Point", "coordinates": [2.396987, 48.839542]}, "properties": {"numparc": 7359, "etat de la localisation": "autre", "ID BDGEO": "141", "horodatage": "2022-06-19 11:53:21", "distance (en metres)": 1877.82, "station": "BIBLIOTHEQUE CHEVALERET", "marker-color": "#818181"}}, {"type": "Feature", "geometry": {"type": "Point", "coordinates": [2.356714, 48.830318]}, "properties": {"numparc": 1478, "etat de la localisation": "autre", "ID BDGEO": "377", "horodatage": "2022-06-19 11:54:17", "distance (en metres)": 1645.62, "station": "DENFERT-ROCHEREAU#", "marker-color": "#818181"}}, {"type": "Feature", "geometry": {"type": "Point", "coordinates": [2.400286, 48.861454]}, "properties": {"numparc": 7386, "etat de la localisation": "autre", "ID BDGEO": "377", "horodatage": "2022-06-19 11:54:23", "distance (en metres)": 5726.33, "station": "DENFERT-ROCHEREAU#", "marker-color": "#818181"}}, {"type": "Feature", "geometry": {"type": "Point", "coordinates": [2.399335, 48.839607]}, "properties": {"numparc": 7359, "etat de la localisation": "autre", "ID BDGEO": "141", "horodatage": "2022-06-19 11:54:32", "distance (en metres)": 2026.12, "station": "BIBLIOTHEQUE CHEVALERET", "marker-color": "#818181"}}, {"type": "Feature", "geometry": {"type": "Point", "coordinates": [2.402344, 48.858974]}, "properties": {"numparc": 7386, "etat de la localisation": "autre", "ID BDGEO": "377", "horodatage": "2022-06-19 11:55:33", "distance (en metres)": 5710.76, "station": "DENFERT-ROCHEREAU#", "marker-color": "#818181"}}, {"type": "Feature", "geometry": {"type": "Point", "coordinates": [2.401178, 48.868004]}, "properties": {"numparc": 614, "etat de la localisation": "autre", "ID BDGEO": "377", "horodatage": "2022-06-19 11:56:09", "distance (en metres)": 6204.88, "station": "DENFERT-ROCHEREAU#", "marker-color": "#818181"}}, {"type": "Feature", "geometry": {"type": "Point", "coordinates": [2.403389, 48.839783]}, "properties": {"numparc": 7359, "etat de la localisation": "autre", "ID BDGEO": "141", "horodatage": "2022-06-19 11:56:25", "distance (en metres)": 2293.31, "station": "BIBLIOTHEQUE CHEVALERET", "marker-color": "#818181"}}, {"type": "Feature", "geometry": {"type": "Point", "coordinates": [2.399217, 48.865765]}, "properties": {"numparc": 614, "etat de la localisation": "autre", "ID BDGEO": "377", "horodatage": "2022-06-19 11:57:09", "distance (en metres)": 5938.83, "station": "DENFERT-ROCHEREAU#", "marker-color": "#818181"}}, {"type": "Feature", "geometry": {"type": "Point", "coordinates": [2.354215, 48.8311]}, "properties": {"numparc": 1478, "etat de la localisation": "autre", "ID BDGEO": "377", "horodatage": "2022-06-19 11:57:12", "distance (en metres)": 1449.53, "station": "DENFERT-ROCHEREAU#", "marker-color": "#818181"}}, {"type": "Feature", "geometry": {"type": "Point", "coordinates": [2.404931, 48.856037]}, "properties": {"numparc": 7386, "etat de la localisation": "autre", "ID BDGEO": "377", "horodatage": "2022-06-19 11:57:28", "distance (en metres)": 5724.48, "station": "DENFERT-ROCHEREAU#", "marker-color": "#818181"}}, {"type": "Feature", "geometry": {"type": "Point", "coordinates": [2.398852, 48.864437]}, "properties": {"numparc": 614, "etat de la localisation": "autre", "ID BDGEO": "377", "horodatage": "2022-06-19 11:58:46", "distance (en metres)": 5828.96, "station": "DENFERT-ROCHEREAU#", "marker-color": "#818181"}}, {"type": "Feature", "geometry": {"type": "Point", "coordinates": [2.40505, 48.842278]}, "properties": {"numparc": 7359, "etat de la localisation": "autre", "ID BDGEO": "141", "horodatage": "2022-06-19 11:58:46", "distance (en metres)": 2538.15, "station": "BIBLIOTHEQUE CHEVALERET", "marker-color": "#818181"}}, {"type": "Feature", "geometry": {"type": "Point", "coordinates": [2.406045, 48.852318]}, "properties": {"numparc": 7386, "etat de la localisation": "autre", "ID BDGEO": "377", "horodatage": "2022-06-19 11:59:35", "distance (en metres)": 5630.32, "station": "DENFERT-ROCHEREAU#", "marker-color": "#818181"}}, {"type": "Feature", "geometry": {"type": "Point", "coordinates": [2.40583, 48.844994]}, "properties": {"numparc": 7359, "etat de la localisation": "autre", "ID BDGEO": "141", "horodatage": "2022-06-19 12:00:41", "distance (en metres)": 2757.08, "station": "BIBLIOTHEQUE CHEVALERET", "marker-color": "#818181"}}, {"type": "Feature", "geometry": {"type": "Point", "coordinates": [2.400306, 48.861393]}, "properties": {"numparc": 614, "etat de la localisation": "autre", "ID BDGEO": "377", "horodatage": "2022-06-19 12:00:50", "distance (en metres)": 5723.86, "station": "DENFERT-ROCHEREAU#", "marker-color": "#818181"}}, {"type": "Feature", "geometry": {"type": "Point", "coordinates": [2.343994, 48.831211]}, "properties": {"numparc": 1478, "etat de la localisation": "autre", "ID BDGEO": "377", "horodatage": "2022-06-19 12:01:15", "distance (en metres)": 720.08, "station": "DENFERT-ROCHEREAU#", "marker-color": "#818181"}}, {"type": "Feature", "geometry": {"type": "Point", "coordinates": [2.400324, 48.861336]}, "properties": {"numparc": 614, "etat de la localisation": "autre", "ID BDGEO": "377", "horodatage": "2022-06-19 12:01:15", "distance (en metres)": 5721.51, "station": "DENFERT-ROCHEREAU#", "marker-color": "#818181"}}, {"type": "Feature", "geometry": {"type": "Point", "coordinates": [2.406271, 48.850212]}, "properties": {"numparc": 7386, "etat de la localisation": "autre", "ID BDGEO": "377", "horodatage": "2022-06-19 12:01:16", "distance (en metres)": 5562.54, "station": "DENFERT-ROCHEREAU#", "marker-color": "#818181"}}, {"type": "Feature", "geometry": {"type": "Point", "coordinates": [2.406559, 48.848019]}, "properties": {"numparc": 7359, "etat de la localisation": "autre", "ID BDGEO": "141", "horodatage": "2022-06-19 12:01:46", "distance (en metres)": 3011.45, "station": "BIBLIOTHEQUE CHEVALERET", "marker-color": "#818181"}}, {"type": "Feature", "geometry": {"type": "Point", "coordinates": [2.402402, 48.858925]}, "properties": {"numparc": 614, "etat de la localisation": "autre", "ID BDGEO": "377", "horodatage": "2022-06-19 12:02:28", "distance (en metres)": 5711.7, "station": "DENFERT-ROCHEREAU#", "marker-color": "#818181"}}, {"type": "Feature", "geometry": {"type": "Point", "coordinates": [2.406212, 48.848003]}, "properties": {"numparc": 7386, "etat de la localisation": "autre", "ID BDGEO": "377", "horodatage": "2022-06-19 12:02:38", "distance (en metres)": 5480.63, "station": "DENFERT-ROCHEREAU#", "marker-color": "#818181"}}, {"type": "Feature", "geometry": {"type": "Point", "coordinates": [2.407097, 48.850018]}, "properties": {"numparc": 7394, "etat de la localisation": "autre", "ID BDGEO": "346", "horodatage": "2022-06-19 12:03:32", "distance (en metres)": 43.74, "station": "LAGNY SORTIE#", "marker-color": "#818181"}}, {"type": "Feature", "geometry": {"type": "Point", "coordinates": [2.406374, 48.851067]}, "properties": {"numparc": 7359, "etat de la localisation": "autre", "ID BDGEO": "141", "horodatage": "2022-06-19 12:03:40", "distance (en metres)": 3236.63, "station": "BIBLIOTHEQUE CHEVALERET", "marker-color": "#818181"}}, {"type": "Feature", "geometry": {"type": "Point", "coordinates": [2.33369, 48.834118]}, "properties": {"numparc": 1478, "etat de la localisation": "autre", "ID BDGEO": "377", "horodatage": "2022-06-19 12:03:47", "distance (en metres)": 113.27, "station": "DENFERT-ROCHEREAU#", "marker-color": "#818181"}}, {"type": "Feature", "geometry": {"type": "Point", "coordinates": [2.405046, 48.855927]}, "properties": {"numparc": 614, "etat de la localisation": "autre", "ID BDGEO": "377", "horodatage": "2022-06-19 12:04:13", "distance (en metres)": 5726.63, "station": "DENFERT-ROCHEREAU#", "marker-color": "#818181"}}, {"type": "Feature", "geometry": {"type": "Point", "coordinates": [2.406082, 48.852837]}, "properties": {"numparc": 7359, "etat de la localisation": "autre", "ID BDGEO": "141", "horodatage": "2022-06-19 12:04:38", "distance (en metres)": 3367.24, "station": "BIBLIOTHEQUE CHEVALERET", "marker-color": "#818181"}}, {"type": "Feature", "geometry": {"type": "Point", "coordinates": [2.405583, 48.844517]}, "properties": {"numparc": 7386, "etat de la localisation": "autre", "ID BDGEO": "377", "horodatage": "2022-06-19 12:04:39", "distance (en metres)": 5333.52, "station": "DENFERT-ROCHEREAU#", "marker-color": "#818181"}}, {"type": "Feature", "geometry": {"type": "Point", "coordinates": [2.405029, 48.842594]}, "properties": {"numparc": 7386, "etat de la localisation": "autre", "ID BDGEO": "377", "horodatage": "2022-06-19 12:06:01", "distance (en metres)": 5248.18, "station": "DENFERT-ROCHEREAU#", "marker-color": "#818181"}}, {"type": "Feature", "geometry": {"type": "Point", "coordinates": [2.406158, 48.852303]}, "properties": {"numparc": 614, "etat de la localisation": "autre", "ID BDGEO": "377", "horodatage": "2022-06-19 12:06:03", "distance (en metres)": 5637.36, "station": "DENFERT-ROCHEREAU#", "marker-color": "#818181"}}, {"type": "Feature", "geometry": {"type": "Point", "coordinates": [2.334419, 48.833569]}, "properties": {"numparc": 1478, "etat de la localisation": "autre", "ID BDGEO": "348", "horodatage": "2022-06-19 12:06:22", "distance (en metres)": 46.34, "station": "DENFERT-ROCHEREAU", "marker-color": "#818181"}}, {"type": "Feature", "geometry": {"type": "Point", "coordinates": [2.404763, 48.856365]}, "properties": {"numparc": 7359, "etat de la localisation": "autre", "ID BDGEO": "141", "horodatage": "2022-06-19 12:06:37", "distance (en metres)": 3613.83, "station": "BIBLIOTHEQUE CHEVALERET", "marker-color": "#818181"}}, {"type": "Feature", "geometry": {"type": "Point", "coordinates": [2.406389, 48.85025]}, "properties": {"numparc": 614, "etat de la localisation": "autre", "ID BDGEO": "377", "horodatage": "2022-06-19 12:07:31", "distance (en metres)": 5572.1, "station": "DENFERT-ROCHEREAU#", "marker-color": "#818181"}}, {"type": "Feature", "geometry": {"type": "Point", "coordinates": [2.403969, 48.839886]}, "properties": {"numparc": 7386, "etat de la localisation": "autre", "ID BDGEO": "377", "horodatage": "2022-06-19 12:07:52", "distance (en metres)": 5120.93, "station": "DENFERT-ROCHEREAU#", "marker-color": "#818181"}}, {"type": "Feature", "geometry": {"type": "Point", "coordinates": [2.328819, 48.823032]}, "properties": {"numparc": 1463, "etat de la localisation": "autre", "ID BDGEO": "379", "horodatage": "2022-06-19 12:08:22", "distance (en metres)": 1231.09, "station": "DENFERT-ROCHEREAU.", "marker-color": "#818181"}}, {"type": "Feature", "geometry": {"type": "Point", "coordinates": [2.401734, 48.859383]}, "properties": {"numparc": 7359, "etat de la localisation": "autre", "ID BDGEO": "141", "horodatage": "2022-06-19 12:08:23", "distance (en metres)": 3773.94, "station": "BIBLIOTHEQUE CHEVALERET", "marker-color": "#818181"}}, {"type": "Feature", "geometry": {"type": "Point", "coordinates": [2.406342, 48.847931]}, "properties": {"numparc": 614, "etat de la localisation": "autre", "ID BDGEO": "377", "horodatage": "2022-06-19 12:09:02", "distance (en metres)": 5487.33, "station": "DENFERT-ROCHEREAU#", "marker-color": "#818181"}}, {"type": "Feature", "geometry": {"type": "Point", "coordinates": [2.39941, 48.839706]}, "properties": {"numparc": 7386, "etat de la localisation": "autre", "ID BDGEO": "377", "horodatage": "2022-06-19 12:09:14", "distance (en metres)": 4787.89, "station": "DENFERT-ROCHEREAU#", "marker-color": "#818181"}}, {"type": "Feature", "geometry": {"type": "Point", "coordinates": [2.400188, 48.861843]}, "properties": {"numparc": 7359, "etat de la localisation": "autre", "ID BDGEO": "141", "horodatage": "2022-06-19 12:10:09", "distance (en metres)": 3960.27, "station": "BIBLIOTHEQUE CHEVALERET", "marker-color": "#818181"}}, {"type": "Feature", "geometry": {"type": "Point", "coordinates": [2.405659, 48.84441]}, "properties": {"numparc": 614, "etat de la localisation": "autre", "ID BDGEO": "377", "horodatage": "2022-06-19 12:10:15", "distance (en metres)": 5336.19, "station": "DENFERT-ROCHEREAU#", "marker-color": "#818181"}}, {"type": "Feature", "geometry": {"type": "Point", "coordinates": [2.396748, 48.839676]}, "properties": {"numparc": 7386, "etat de la localisation": "autre", "ID BDGEO": "377", "horodatage": "2022-06-19 12:10:31", "distance (en metres)": 4594.77, "station": "DENFERT-ROCHEREAU#", "marker-color": "#818181"}}, {"type": "Feature", "geometry": {"type": "Point", "coordinates": [2.405135, 48.842457]}, "properties": {"numparc": 614, "etat de la localisation": "autre", "ID BDGEO": "377", "horodatage": "2022-06-19 12:11:05", "distance (en metres)": 5252.82, "station": "DENFERT-ROCHEREAU#", "marker-color": "#818181"}}, {"type": "Feature", "geometry": {"type": "Point", "coordinates": [2.398956, 48.864105]}, "properties": {"numparc": 7359, "etat de la localisation": "autre", "ID BDGEO": "141", "horodatage": "2022-06-19 12:11:25", "distance (en metres)": 4148.53, "station": "BIBLIOTHEQUE CHEVALERET", "marker-color": "#818181"}}, {"type": "Feature", "geometry": {"type": "Point", "coordinates": [2.393915, 48.839024]}, "properties": {"numparc": 7386, "etat de la localisation": "autre", "ID BDGEO": "377", "horodatage": "2022-06-19 12:12:36", "distance (en metres)": 4378.97, "station": "DENFERT-ROCHEREAU#", "marker-color": "#818181"}}, {"type": "Feature", "geometry": {"type": "Point", "coordinates": [2.404095, 48.839706]}, "properties": {"numparc": 614, "etat de la localisation": "autre", "ID BDGEO": "377", "horodatage": "2022-06-19 12:13:00", "distance (en metres)": 5127.27, "station": "DENFERT-ROCHEREAU#", "marker-color": "#818181"}}, {"type": "Feature", "geometry": {"type": "Point", "coordinates": [2.334419, 48.833569]}, "properties": {"numparc": 1478, "etat de la localisation": "autre", "ID BDGEO": "348", "horodatage": "2022-06-19 12:13:32", "distance (en metres)": 46.34, "station": "DENFERT-ROCHEREAU", "marker-color": "#818181"}}, {"type": "Feature", "geometry": {"type": "Point", "coordinates": [2.399449, 48.8396]}, "properties": {"numparc": 614, "etat de la localisation": "autre", "ID BDGEO": "377", "horodatage": "2022-06-19 12:14:28", "distance (en metres)": 4788.99, "station": "DENFERT-ROCHEREAU#", "marker-color": "#818181"}}, {"type": "Feature", "geometry": {"type": "Point", "coordinates": [2.390684, 48.837238]}, "properties": {"numparc": 7386, "etat de la localisation": "autre", "ID BDGEO": "377", "horodatage": "2022-06-19 12:14:37", "distance (en metres)": 4119.63, "station": "DENFERT-ROCHEREAU#", "marker-color": "#818181"}}, {"type": "Feature", "geometry": {"type": "Point", "coordinates": [2.40192, 48.868759]}, "properties": {"numparc": 7359, "etat de la localisation": "autre", "ID BDGEO": "141", "horodatage": "2022-06-19 12:15:06", "distance (en metres)": 4709.45, "station": "BIBLIOTHEQUE CHEVALERET", "marker-color": "#818181"}}, {"type": "Feature", "geometry": {"type": "Point", "coordinates": [2.39665, 48.839611]}, "properties": {"numparc": 614, "etat de la localisation": "autre", "ID BDGEO": "377", "horodatage": "2022-06-19 12:15:41", "distance (en metres)": 4586.59, "station": "DENFERT-ROCHEREAU#", "marker-color": "#818181"}}, {"type": "Feature", "geometry": {"type": "Point", "coordinates": [2.393892, 48.838966]}, "properties": {"numparc": 614, "etat de la localisation": "autre", "ID BDGEO": "377", "horodatage": "2022-06-19 12:16:44", "distance (en metres)": 4376.4, "station": "DENFERT-ROCHEREAU#", "marker-color": "#818181"}}, {"type": "Feature", "geometry": {"type": "Point", "coordinates": [2.404146, 48.871307]}, "properties": {"numparc": 7359, "etat de la localisation": "autre", "ID BDGEO": "141", "horodatage": "2022-06-19 12:16:47", "distance (en metres)": 5034.63, "station": "BIBLIOTHEQUE CHEVALERET", "marker-color": "#818181"}}, {"type": "Feature", "geometry": {"type": "Point", "coordinates": [2.385902, 48.835587]}, "properties": {"numparc": 7386, "etat de la localisation": "autre", "ID BDGEO": "377", "horodatage": "2022-06-19 12:17:36", "distance (en metres)": 3755.19, "station": "DENFERT-ROCHEREAU#", "marker-color": "#818181"}}, {"type": "Feature", "geometry": {"type": "Point", "coordinates": [2.390683, 48.837204]}, "properties": {"numparc": 614, "etat de la localisation": "autre", "ID BDGEO": "377", "horodatage": "2022-06-19 12:18:27", "distance (en metres)": 4119.17, "station": "DENFERT-ROCHEREAU#", "marker-color": "#818181"}}, {"type": "Feature", "geometry": {"type": "Point", "coordinates": [2.40539, 48.874119]}, "properties": {"numparc": 7359, "etat de la localisation": "autre", "ID BDGEO": "141", "horodatage": "2022-06-19 12:18:36", "distance (en metres)": 5357.13, "station": "BIBLIOTHEQUE CHEVALERET", "marker-color": "#818181"}}, {"type": "Feature", "geometry": {"type": "Point", "coordinates": [2.383037, 48.834068]}, "properties": {"numparc": 7386, "etat de la localisation": "autre", "ID BDGEO": "377", "horodatage": "2022-06-19 12:18:58", "distance (en metres)": 3538.22, "station": "DENFERT-ROCHEREAU#", "marker-color": "#818181"}}, {"type": "Feature", "geometry": {"type": "Point", "coordinates": [2.406429, 48.876675]}, "properties": {"numparc": 7359, "etat de la localisation": "autre", "ID BDGEO": "141", "horodatage": "2022-06-19 12:19:50", "distance (en metres)": 5647.93, "station": "BIBLIOTHEQUE CHEVALERET", "marker-color": "#818181"}}, {"type": "Feature", "geometry": {"type": "Point", "coordinates": [2.385904, 48.835545]}, "properties": {"numparc": 614, "etat de la localisation": "autre", "ID BDGEO": "377", "horodatage": "2022-06-19 12:20:13", "distance (en metres)": 3755.05, "station": "DENFERT-ROCHEREAU#", "marker-color": "#818181"}}, {"type": "Feature", "geometry": {"type": "Point", "coordinates": [2.379194, 48.83194]}, "properties": {"numparc": 7386, "etat de la localisation": "autre", "ID BDGEO": "377", "horodatage": "2022-06-19 12:20:51", "distance (en metres)": 3259.88, "station": "DENFERT-ROCHEREAU#", "marker-color": "#818181"}}, {"type": "Feature", "geometry": {"type": "Point", "coordinates": [2.382987, 48.833965]}, "properties": {"numparc": 614, "etat de la localisation": "autre", "ID BDGEO": "377", "horodatage": "2022-06-19 12:21:24", "distance (en metres)": 3534.33, "station": "DENFERT-ROCHEREAU#", "marker-color": "#818181"}}, {"type": "Feature", "geometry": {"type": "Point", "coordinates": [2.375779, 48.830086]}, "properties": {"numparc": 7386, "etat de la localisation": "autre", "ID BDGEO": "377", "horodatage": "2022-06-19 12:22:14", "distance (en metres)": 3028.04, "station": "DENFERT-ROCHEREAU#", "marker-color": "#818181"}}, {"type": "Feature", "geometry": {"type": "Point", "coordinates": [2.328994, 48.822903]}, "properties": {"numparc": 1550, "etat de la localisation": "autre", "ID BDGEO": "335", "horodatage": "2022-06-19 12:22:41", "distance (en metres)": 6330.03, "station": "COURS DE VINCENNES#", "marker-color": "#818181"}}, {"type": "Feature", "geometry": {"type": "Point", "coordinates": [2.375824, 48.83007]}, "properties": {"numparc": 614, "etat de la localisation": "autre", "ID BDGEO": "377", "horodatage": "2022-06-19 12:23:42", "distance (en metres)": 3031.52, "station": "DENFERT-ROCHEREAU#", "marker-color": "#818181"}}, {"type": "Feature", "geometry": {"type": "Point", "coordinates": [2.375809, 48.830063]}, "properties": {"numparc": 614, "etat de la localisation": "autre", "ID BDGEO": "377", "horodatage": "2022-06-19 12:23:58", "distance (en metres)": 3030.53, "station": "DENFERT-ROCHEREAU#", "marker-color": "#818181"}}, {"type": "Feature", "geometry": {"type": "Point", "coordinates": [2.408003, 48.876587]}, "properties": {"numparc": 7359, "etat de la localisation": "autre", "ID BDGEO": "377", "horodatage": "2022-06-19 12:24:25", "distance (en metres)": 7201.98, "station": "DENFERT-ROCHEREAU#", "marker-color": "#818181"}}, {"type": "Feature", "geometry": {"type": "Point", "coordinates": [2.370589, 48.827644]}, "properties": {"numparc": 7386, "etat de la localisation": "autre", "ID BDGEO": "377", "horodatage": "2022-06-19 12:24:33", "distance (en metres)": 2701.95, "station": "DENFERT-ROCHEREAU#", "marker-color": "#818181"}}, {"type": "Feature", "geometry": {"type": "Point", "coordinates": [2.328994, 48.822903]}, "properties": {"numparc": 1550, "etat de la localisation": "autre", "ID BDGEO": "335", "horodatage": "2022-06-19 12:24:33", "distance (en metres)": 6330.03, "station": "COURS DE VINCENNES#", "marker-color": "#818181"}}, {"type": "Feature", "geometry": {"type": "Point", "coordinates": [2.407874, 48.876621]}, "properties": {"numparc": 7394, "etat de la localisation": "autre", "ID BDGEO": "377", "horodatage": "2022-06-19 12:25:13", "distance (en metres)": 7197.5, "station": "DENFERT-ROCHEREAU#", "marker-color": "#818181"}}, {"type": "Feature", "geometry": {"type": "Point", "coordinates": [2.370574, 48.827621]}, "properties": {"numparc": 614, "etat de la localisation": "autre", "ID BDGEO": "377", "horodatage": "2022-06-19 12:25:41", "distance (en metres)": 2701.47, "station": "DENFERT-ROCHEREAU#", "marker-color": "#818181"}}, {"type": "Feature", "geometry": {"type": "Point", "coordinates": [2.367649, 48.827259]}, "properties": {"numparc": 7386, "etat de la localisation": "autre", "ID BDGEO": "377", "horodatage": "2022-06-19 12:26:02", "distance (en metres)": 2504.53, "station": "DENFERT-ROCHEREAU#", "marker-color": "#818181"}}, {"type": "Feature", "geometry": {"type": "Point", "coordinates": [2.367619, 48.827236]}, "properties": {"numparc": 614, "etat de la localisation": "autre", "ID BDGEO": "377", "horodatage": "2022-06-19 12:26:41", "distance (en metres)": 2503.11, "station": "DENFERT-ROCHEREAU#", "marker-color": "#818181"}}, {"type": "Feature", "geometry": {"type": "Point", "coordinates": [2.364799, 48.826859]}, "properties": {"numparc": 7386, "etat de la localisation": "autre", "ID BDGEO": "377", "horodatage": "2022-06-19 12:27:45", "distance (en metres)": 2317.87, "station": "DENFERT-ROCHEREAU#", "marker-color": "#818181"}}, {"type": "Feature", "geometry": {"type": "Point", "coordinates": [2.36451, 48.826782]}, "properties": {"numparc": 614, "etat de la localisation": "autre", "ID BDGEO": "377", "horodatage": "2022-06-19 12:28:17", "distance (en metres)": 2300.46, "station": "DENFERT-ROCHEREAU#", "marker-color": "#818181"}}, {"type": "Feature", "geometry": {"type": "Point", "coordinates": [2.406399, 48.876694]}, "properties": {"numparc": 7394, "etat de la localisation": "autre", "ID BDGEO": "377", "horodatage": "2022-06-19 12:28:44", "distance (en metres)": 7123.05, "station": "DENFERT-ROCHEREAU#", "marker-color": "#818181"}}, {"type": "Feature", "geometry": {"type": "Point", "coordinates": [2.360872, 48.826359]}, "properties": {"numparc": 7386, "etat de la localisation": "autre", "ID BDGEO": "377", "horodatage": "2022-06-19 12:29:32", "distance (en metres)": 2066.94, "station": "DENFERT-ROCHEREAU#", "marker-color": "#818181"}}, {"type": "Feature", "geometry": {"type": "Point", "coordinates": [2.360877, 48.826294]}, "properties": {"numparc": 614, "etat de la localisation": "autre", "ID BDGEO": "377", "horodatage": "2022-06-19 12:29:35", "distance (en metres)": 2070.0, "station": "DENFERT-ROCHEREAU#", "marker-color": "#818181"}}, {"type": "Feature", "geometry": {"type": "Point", "coordinates": [2.404765, 48.872437]}, "properties": {"numparc": 7394, "etat de la localisation": "autre", "ID BDGEO": "377", "horodatage": "2022-06-19 12:30:34", "distance (en metres)": 6720.22, "station": "DENFERT-ROCHEREAU#", "marker-color": "#818181"}}, {"type": "Feature", "geometry": {"type": "Point", "coordinates": [2.359057, 48.827557]}, "properties": {"numparc": 7386, "etat de la localisation": "autre", "ID BDGEO": "377", "horodatage": "2022-06-19 12:30:36", "distance (en metres)": 1895.14, "station": "DENFERT-ROCHEREAU#", "marker-color": "#818181"}}, {"type": "Feature", "geometry": {"type": "Point", "coordinates": [2.408003, 48.876587]}, "properties": {"numparc": 7359, "etat de la localisation": "autre", "ID BDGEO": "377", "horodatage": "2022-06-19 12:31:41", "distance (en metres)": 7201.98, "station": "DENFERT-ROCHEREAU#", "marker-color": "#818181"}}, {"type": "Feature", "geometry": {"type": "Point", "coordinates": [2.401254, 48.868027]}, "properties": {"numparc": 7394, "etat de la localisation": "autre", "ID BDGEO": "377", "horodatage": "2022-06-19 12:32:11", "distance (en metres)": 6210.82, "station": "DENFERT-ROCHEREAU#", "marker-color": "#818181"}}, {"type": "Feature", "geometry": {"type": "Point", "coordinates": [2.408003, 48.876587]}, "properties": {"numparc": 7359, "etat de la localisation": "autre", "ID BDGEO": "377", "horodatage": "2022-06-19 12:32:48", "distance (en metres)": 7201.98, "station": "DENFERT-ROCHEREAU#", "marker-color": "#818181"}}, {"type": "Feature", "geometry": {"type": "Point", "coordinates": [2.356707, 48.830418]}, "properties": {"numparc": 7386, "etat de la localisation": "autre", "ID BDGEO": "377", "horodatage": "2022-06-19 12:32:59", "distance (en metres)": 1642.9, "station": "DENFERT-ROCHEREAU#", "marker-color": "#818181"}}, {"type": "Feature", "geometry": {"type": "Point", "coordinates": [2.399284, 48.865788]}, "properties": {"numparc": 7394, "etat de la localisation": "autre", "ID BDGEO": "377", "horodatage": "2022-06-19 12:33:08", "distance (en metres)": 5944.27, "station": "DENFERT-ROCHEREAU#", "marker-color": "#818181"}}, {"type": "Feature", "geometry": {"type": "Point", "coordinates": [2.356708, 48.83036]}, "properties": {"numparc": 614, "etat de la localisation": "autre", "ID BDGEO": "377", "horodatage": "2022-06-19 12:33:28", "distance (en metres)": 1644.24, "station": "DENFERT-ROCHEREAU#", "marker-color": "#818181"}}, {"type": "Feature", "geometry": {"type": "Point", "coordinates": [2.398952, 48.864483]}, "properties": {"numparc": 7394, "etat de la localisation": "autre", "ID BDGEO": "377", "horodatage": "2022-06-19 12:34:42", "distance (en metres)": 5837.86, "station": "DENFERT-ROCHEREAU#", "marker-color": "#818181"}}, {"type": "Feature", "geometry": {"type": "Point", "coordinates": [2.354203, 48.831181]}, "properties": {"numparc": 7386, "etat de la localisation": "autre", "ID BDGEO": "377", "horodatage": "2022-06-19 12:35:51", "distance (en metres)": 1447.16, "station": "DENFERT-ROCHEREAU#", "marker-color": "#818181"}}, {"type": "Feature", "geometry": {"type": "Point", "coordinates": [2.406397, 48.876678]}, "properties": {"numparc": 7359, "etat de la localisation": "autre", "ID BDGEO": "377", "horodatage": "2022-06-19 12:36:12", "distance (en metres)": 7121.8, "station": "DENFERT-ROCHEREAU#", "marker-color": "#818181"}}, {"type": "Feature", "geometry": {"type": "Point", "coordinates": [2.354126, 48.831154]}, "properties": {"numparc": 614, "etat de la localisation": "autre", "ID BDGEO": "377", "horodatage": "2022-06-19 12:36:34", "distance (en metres)": 1442.1, "station": "DENFERT-ROCHEREAU#", "marker-color": "#818181"}}, {"type": "Feature", "geometry": {"type": "Point", "coordinates": [2.405703, 48.874802]}, "properties": {"numparc": 7359, "etat de la localisation": "autre", "ID BDGEO": "377", "horodatage": "2022-06-19 12:37:27", "distance (en metres)": 6944.32, "station": "DENFERT-ROCHEREAU#", "marker-color": "#818181"}}, {"type": "Feature", "geometry": {"type": "Point", "coordinates": [2.348938, 48.829895]}, "properties": {"numparc": 7386, "etat de la localisation": "autre", "ID BDGEO": "377", "horodatage": "2022-06-19 12:37:43", "distance (en metres)": 1110.17, "station": "DENFERT-ROCHEREAU#", "marker-color": "#818181"}}, {"type": "Feature", "geometry": {"type": "Point", "coordinates": [2.402413, 48.859085]}, "properties": {"numparc": 7394, "etat de la localisation": "autre", "ID BDGEO": "377", "horodatage": "2022-06-19 12:37:45", "distance (en metres)": 5721.27, "station": "DENFERT-ROCHEREAU#", "marker-color": "#818181"}}, {"type": "Feature", "geometry": {"type": "Point", "coordinates": [2.404863, 48.872486]}, "properties": {"numparc": 7359, "etat de la localisation": "autre", "ID BDGEO": "377", "horodatage": "2022-06-19 12:38:33", "distance (en metres)": 6729.27, "station": "DENFERT-ROCHEREAU#", "marker-color": "#818181"}}, {"type": "Feature", "geometry": {"type": "Point", "coordinates": [2.344064, 48.831181]}, "properties": {"numparc": 614, "etat de la localisation": "autre", "ID BDGEO": "377", "horodatage": "2022-06-19 12:39:24", "distance (en metres)": 726.05, "station": "DENFERT-ROCHEREAU#", "marker-color": "#818181"}}, {"type": "Feature", "geometry": {"type": "Point", "coordinates": [2.34413, 48.831326]}, "properties": {"numparc": 7386, "etat de la localisation": "autre", "ID BDGEO": "377", "horodatage": "2022-06-19 12:39:26", "distance (en metres)": 725.44, "station": "DENFERT-ROCHEREAU#", "marker-color": "#818181"}}, {"type": "Feature", "geometry": {"type": "Point", "coordinates": [2.405098, 48.856079]}, "properties": {"numparc": 7394, "etat de la localisation": "autre", "ID BDGEO": "377", "horodatage": "2022-06-19 12:39:40", "distance (en metres)": 5737.49, "station": "DENFERT-ROCHEREAU#", "marker-color": "#818181"}}, {"type": "Feature", "geometry": {"type": "Point", "coordinates": [2.339251, 48.832638]}, "properties": {"numparc": 7386, "etat de la localisation": "autre", "ID BDGEO": "377", "horodatage": "2022-06-19 12:41:19", "distance (en metres)": 341.8, "station": "DENFERT-ROCHEREAU#", "marker-color": "#818181"}}, {"type": "Feature", "geometry": {"type": "Point", "coordinates": [2.401379, 48.868214]}, "properties": {"numparc": 7359, "etat de la localisation": "autre", "ID BDGEO": "377", "horodatage": "2022-06-19 12:41:34", "distance (en metres)": 6230.91, "station": "DENFERT-ROCHEREAU#", "marker-color": "#818181"}}, {"type": "Feature", "geometry": {"type": "Point", "coordinates": [2.406227, 48.852356]}, "properties": {"numparc": 7394, "etat de la localisation": "autre", "ID BDGEO": "377", "horodatage": "2022-06-19 12:41:54", "distance (en metres)": 5644.27, "station": "DENFERT-ROCHEREAU#", "marker-color": "#818181"}}, {"type": "Feature", "geometry": {"type": "Point", "coordinates": [2.333931, 48.834156]}, "properties": {"numparc": 7386, "etat de la localisation": "autre", "ID BDGEO": "377", "horodatage": "2022-06-19 12:42:53", "distance (en metres)": 106.08, "station": "DENFERT-ROCHEREAU#", "marker-color": "#818181"}}, {"type": "Feature", "geometry": {"type": "Point", "coordinates": [2.399406, 48.865971]}, "properties": {"numparc": 7359, "etat de la localisation": "autre", "ID BDGEO": "377", "horodatage": "2022-06-19 12:43:24", "distance (en metres)": 5963.72, "station": "DENFERT-ROCHEREAU#", "marker-color": "#818181"}}, {"type": "Feature", "geometry": {"type": "Point", "coordinates": [2.406568, 48.850231]}, "properties": {"numparc": 7394, "etat de la localisation": "autre", "ID BDGEO": "377", "horodatage": "2022-06-19 12:43:40", "distance (en metres)": 5583.72, "station": "DENFERT-ROCHEREAU#", "marker-color": "#818181"}}, {"type": "Feature", "geometry": {"type": "Point", "coordinates": [2.379256, 48.832077]}, "properties": {"numparc": 1463, "etat de la localisation": "autre", "ID BDGEO": "141", "horodatage": "2022-06-19 12:45:03", "distance (en metres)": 340.35, "station": "BIBLIOTHEQUE CHEVALERET", "marker-color": "#818181"}}, {"type": "Feature", "geometry": {"type": "Point", "coordinates": [2.406526, 48.84795]}, "properties": {"numparc": 7394, "etat de la localisation": "autre", "ID BDGEO": "377", "horodatage": "2022-06-19 12:45:13", "distance (en metres)": 5500.83, "station": "DENFERT-ROCHEREAU#", "marker-color": "#818181"}}, {"type": "Feature", "geometry": {"type": "Point", "coordinates": [2.398916, 48.864594]}, "properties": {"numparc": 7359, "etat de la localisation": "autre", "ID BDGEO": "377", "horodatage": "2022-06-19 12:45:21", "distance (en metres)": 5843.04, "station": "DENFERT-ROCHEREAU#", "marker-color": "#818181"}}, {"type": "Feature", "geometry": {"type": "Point", "coordinates": [2.406526, 48.84795]}, "properties": {"numparc": 7394, "etat de la localisation": "autre", "ID BDGEO": "377", "horodatage": "2022-06-19 12:45:34", "distance (en metres)": 5500.83, "station": "DENFERT-ROCHEREAU#", "marker-color": "#818181"}}, {"type": "Feature", "geometry": {"type": "Point", "coordinates": [2.382912, 48.833954]}, "properties": {"numparc": 1463, "etat de la localisation": "autre", "ID BDGEO": "141", "horodatage": "2022-06-19 12:47:12", "distance (en metres)": 679.45, "station": "BIBLIOTHEQUE CHEVALERET", "marker-color": "#818181"}}, {"type": "Feature", "geometry": {"type": "Point", "coordinates": [2.405813, 48.84441]}, "properties": {"numparc": 7394, "etat de la localisation": "autre", "ID BDGEO": "377", "horodatage": "2022-06-19 12:47:28", "distance (en metres)": 5347.16, "station": "DENFERT-ROCHEREAU#", "marker-color": "#818181"}}, {"type": "Feature", "geometry": {"type": "Point", "coordinates": [2.400388, 48.861496]}, "properties": {"numparc": 7359, "etat de la localisation": "autre", "ID BDGEO": "377", "horodatage": "2022-06-19 12:47:51", "distance (en metres)": 5735.13, "station": "DENFERT-ROCHEREAU#", "marker-color": "#818181"}}, {"type": "Feature", "geometry": {"type": "Point", "coordinates": [2.402361, 48.859039]}, "properties": {"numparc": 7359, "etat de la localisation": "autre", "ID BDGEO": "377", "horodatage": "2022-06-19 12:49:21", "distance (en metres)": 5715.44, "station": "DENFERT-ROCHEREAU#", "marker-color": "#818181"}}, {"type": "Feature", "geometry": {"type": "Point", "coordinates": [2.404165, 48.839722]}, "properties": {"numparc": 7394, "etat de la localisation": "autre", "ID BDGEO": "377", "horodatage": "2022-06-19 12:49:39", "distance (en metres)": 5132.59, "station": "DENFERT-ROCHEREAU#", "marker-color": "#818181"}}, {"type": "Feature", "geometry": {"type": "Point", "coordinates": [2.390709, 48.837162]}, "properties": {"numparc": 1463, "etat de la localisation": "autre", "ID BDGEO": "141", "horodatage": "2022-06-19 12:50:16", "distance (en metres)": 1349.54, "station": "BIBLIOTHEQUE CHEVALERET", "marker-color": "#818181"}}, {"type": "Feature", "geometry": {"type": "Point", "coordinates": [2.4051, 48.855957]}, "properties": {"numparc": 7359, "etat de la localisation": "autre", "ID BDGEO": "377", "horodatage": "2022-06-19 12:51:20", "distance (en metres)": 5731.67, "station": "DENFERT-ROCHEREAU#", "marker-color": "#818181"}}, {"type": "Feature", "geometry": {"type": "Point", "coordinates": [2.382923, 48.833996]}, "properties": {"numparc": 1478, "etat de la localisation": "autre", "ID BDGEO": "141", "horodatage": "2022-06-19 12:52:27", "distance (en metres)": 683.04, "station": "BIBLIOTHEQUE CHEVALERET", "marker-color": "#818181"}}, {"type": "Feature", "geometry": {"type": "Point", "coordinates": [2.393612, 48.838959]}, "properties": {"numparc": 1463, "etat de la localisation": "autre", "ID BDGEO": "141", "horodatage": "2022-06-19 12:52:37", "distance (en metres)": 1639.15, "station": "BIBLIOTHEQUE CHEVALERET", "marker-color": "#818181"}}, {"type": "Feature", "geometry": {"type": "Point", "coordinates": [2.385921, 48.83569]}, "properties": {"numparc": 1478, "etat de la localisation": "autre", "ID BDGEO": "141", "horodatage": "2022-06-19 12:53:24", "distance (en metres)": 972.2, "station": "BIBLIOTHEQUE CHEVALERET", "marker-color": "#818181"}}, {"type": "Feature", "geometry": {"type": "Point", "coordinates": [2.394011, 48.838985]}, "properties": {"numparc": 7394, "etat de la localisation": "autre", "ID BDGEO": "377", "horodatage": "2022-06-19 12:53:47", "distance (en metres)": 4385.32, "station": "DENFERT-ROCHEREAU#", "marker-color": "#818181"}}, {"type": "Feature", "geometry": {"type": "Point", "coordinates": [2.406184, 48.852314]}, "properties": {"numparc": 7359, "etat de la localisation": "autre", "ID BDGEO": "377", "horodatage": "2022-06-19 12:54:11", "distance (en metres)": 5639.59, "station": "DENFERT-ROCHEREAU#", "marker-color": "#818181"}}, {"type": "Feature", "geometry": {"type": "Point", "coordinates": [2.390907, 48.837299]}, "properties": {"numparc": 1478, "etat de la localisation": "autre", "ID BDGEO": "141", "horodatage": "2022-06-19 12:55:26", "distance (en metres)": 1370.23, "station": "BIBLIOTHEQUE CHEVALERET", "marker-color": "#818181"}}, {"type": "Feature", "geometry": {"type": "Point", "coordinates": [2.39084, 48.837185]}, "properties": {"numparc": 7394, "etat de la localisation": "autre", "ID BDGEO": "377", "horodatage": "2022-06-19 12:55:47", "distance (en metres)": 4130.38, "station": "DENFERT-ROCHEREAU#", "marker-color": "#818181"}}, {"type": "Feature", "geometry": {"type": "Point", "coordinates": [2.406462, 48.850163]}, "properties": {"numparc": 7359, "etat de la localisation": "autre", "ID BDGEO": "377", "horodatage": "2022-06-19 12:55:52", "distance (en metres)": 5573.85, "station": "DENFERT-ROCHEREAU#", "marker-color": "#818181"}}, {"type": "Feature", "geometry": {"type": "Point", "coordinates": [2.406427, 48.847931]}, "properties": {"numparc": 7359, "etat de la localisation": "autre", "ID BDGEO": "377", "horodatage": "2022-06-19 12:57:14", "distance (en metres)": 5493.27, "station": "DENFERT-ROCHEREAU#", "marker-color": "#818181"}}, {"type": "Feature", "geometry": {"type": "Point", "coordinates": [2.38613, 48.83559]}, "properties": {"numparc": 7394, "etat de la localisation": "autre", "ID BDGEO": "377", "horodatage": "2022-06-19 12:57:44", "distance (en metres)": 3771.89, "station": "DENFERT-ROCHEREAU#", "marker-color": "#818181"}}, {"type": "Feature", "geometry": {"type": "Point", "coordinates": [2.39697, 48.839611]}, "properties": {"numparc": 1478, "etat de la localisation": "autre", "ID BDGEO": "141", "horodatage": "2022-06-19 12:58:38", "distance (en metres)": 1881.09, "station": "BIBLIOTHEQUE CHEVALERET", "marker-color": "#818181"}}, {"type": "Feature", "geometry": {"type": "Point", "coordinates": [2.38328, 48.83403]}, "properties": {"numparc": 7394, "etat de la localisation": "autre", "ID BDGEO": "377", "horodatage": "2022-06-19 12:58:59", "distance (en metres)": 3555.91, "station": "DENFERT-ROCHEREAU#", "marker-color": "#818181"}}, {"type": "Feature", "geometry": {"type": "Point", "coordinates": [2.403195, 48.839764]}, "properties": {"numparc": 1463, "etat de la localisation": "autre", "ID BDGEO": "141", "horodatage": "2022-06-19 12:59:03", "distance (en metres)": 2279.79, "station": "BIBLIOTHEQUE CHEVALERET", "marker-color": "#818181"}}, {"type": "Feature", "geometry": {"type": "Point", "coordinates": [2.405711, 48.844425]}, "properties": {"numparc": 7359, "etat de la localisation": "autre", "ID BDGEO": "377", "horodatage": "2022-06-19 12:59:19", "distance (en metres)": 5340.28, "station": "DENFERT-ROCHEREAU#", "marker-color": "#818181"}}, {"type": "Feature", "geometry": {"type": "Point", "coordinates": [2.407818, 48.876621]}, "properties": {"numparc": 1550, "etat de la localisation": "autre", "ID BDGEO": "377", "horodatage": "2022-06-19 13:00:16", "distance (en metres)": 7194.45, "station": "DENFERT-ROCHEREAU#", "marker-color": "#818181"}}, {"type": "Feature", "geometry": {"type": "Point", "coordinates": [2.403387, 48.839794]}, "properties": {"numparc": 1478, "etat de la localisation": "autre", "ID BDGEO": "141", "horodatage": "2022-06-19 13:00:33", "distance (en metres)": 2293.79, "station": "BIBLIOTHEQUE CHEVALERET", "marker-color": "#818181"}}, {"type": "Feature", "geometry": {"type": "Point", "coordinates": [2.379105, 48.831898]}, "properties": {"numparc": 7394, "etat de la localisation": "autre", "ID BDGEO": "377", "horodatage": "2022-06-19 13:00:57", "distance (en metres)": 3253.61, "station": "DENFERT-ROCHEREAU#", "marker-color": "#818181"}}, {"type": "Feature", "geometry": {"type": "Point", "coordinates": [2.404068, 48.839771]}, "properties": {"numparc": 7359, "etat de la localisation": "autre", "ID BDGEO": "377", "horodatage": "2022-06-19 13:01:25", "distance (en metres)": 5126.32, "station": "DENFERT-ROCHEREAU#", "marker-color": "#818181"}}, {"type": "Feature", "geometry": {"type": "Point", "coordinates": [2.404927, 48.842152]}, "properties": {"numparc": 1463, "etat de la localisation": "autre", "ID BDGEO": "141", "horodatage": "2022-06-19 13:01:44", "distance (en metres)": 2523.06, "station": "BIBLIOTHEQUE CHEVALERET", "marker-color": "#818181"}}, {"type": "Feature", "geometry": {"type": "Point", "coordinates": [2.375749, 48.830048]}, "properties": {"numparc": 7394, "etat de la localisation": "autre", "ID BDGEO": "377", "horodatage": "2022-06-19 13:02:20", "distance (en metres)": 3026.39, "station": "DENFERT-ROCHEREAU#", "marker-color": "#818181"}}, {"type": "Feature", "geometry": {"type": "Point", "coordinates": [2.39952, 48.839668]}, "properties": {"numparc": 7359, "etat de la localisation": "autre", "ID BDGEO": "377", "horodatage": "2022-06-19 13:03:45", "distance (en metres)": 4795.23, "station": "DENFERT-ROCHEREAU#", "marker-color": "#818181"}}, {"type": "Feature", "geometry": {"type": "Point", "coordinates": [2.405715, 48.845047]}, "properties": {"numparc": 1478, "etat de la localisation": "autre", "ID BDGEO": "141", "horodatage": "2022-06-19 13:04:48", "distance (en metres)": 2753.95, "station": "BIBLIOTHEQUE CHEVALERET", "marker-color": "#818181"}}, {"type": "Feature", "geometry": {"type": "Point", "coordinates": [2.370584, 48.827606]}, "properties": {"numparc": 7394, "etat de la localisation": "autre", "ID BDGEO": "377", "horodatage": "2022-06-19 13:05:04", "distance (en metres)": 2702.59, "station": "DENFERT-ROCHEREAU#", "marker-color": "#818181"}}, {"type": "Feature", "geometry": {"type": "Point", "coordinates": [2.39678, 48.839653]}, "properties": {"numparc": 7359, "etat de la localisation": "autre", "ID BDGEO": "377", "horodatage": "2022-06-19 13:05:12", "distance (en metres)": 4596.7, "station": "DENFERT-ROCHEREAU#", "marker-color": "#818181"}}, {"type": "Feature", "geometry": {"type": "Point", "coordinates": [2.370584, 48.827606]}, "properties": {"numparc": 7394, "etat de la localisation": "autre", "ID BDGEO": "377", "horodatage": "2022-06-19 13:05:13", "distance (en metres)": 2702.59, "station": "DENFERT-ROCHEREAU#", "marker-color": "#818181"}}, {"type": "Feature", "geometry": {"type": "Point", "coordinates": [2.406319, 48.876663]}, "properties": {"numparc": 1550, "etat de la localisation": "autre", "ID BDGEO": "377", "horodatage": "2022-06-19 13:05:29", "distance (en metres)": 7116.44, "station": "DENFERT-ROCHEREAU#", "marker-color": "#818181"}}, {"type": "Feature", "geometry": {"type": "Point", "coordinates": [2.406433, 48.848049]}, "properties": {"numparc": 1463, "etat de la localisation": "autre", "ID BDGEO": "141", "horodatage": "2022-06-19 13:05:37", "distance (en metres)": 3006.82, "station": "BIBLIOTHEQUE CHEVALERET", "marker-color": "#818181"}}, {"type": "Feature", "geometry": {"type": "Point", "coordinates": [2.367711, 48.827198]}, "properties": {"numparc": 7394, "etat de la localisation": "autre", "ID BDGEO": "377", "horodatage": "2022-06-19 13:06:34", "distance (en metres)": 2510.74, "station": "DENFERT-ROCHEREAU#", "marker-color": "#818181"}}, {"type": "Feature", "geometry": {"type": "Point", "coordinates": [2.405599, 48.874748]}, "properties": {"numparc": 1550, "etat de la localisation": "autre", "ID BDGEO": "377", "horodatage": "2022-06-19 13:06:50", "distance (en metres)": 6934.7, "station": "DENFERT-ROCHEREAU#", "marker-color": "#818181"}}, {"type": "Feature", "geometry": {"type": "Point", "coordinates": [2.393983, 48.839016]}, "properties": {"numparc": 7359, "etat de la localisation": "autre", "ID BDGEO": "377", "horodatage": "2022-06-19 13:07:13", "distance (en metres)": 4383.77, "station": "DENFERT-ROCHEREAU#", "marker-color": "#818181"}}, {"type": "Feature", "geometry": {"type": "Point", "coordinates": [2.404699, 48.872372]}, "properties": {"numparc": 1550, "etat de la localisation": "autre", "ID BDGEO": "377", "horodatage": "2022-06-19 13:07:49", "distance (en metres)": 6711.89, "station": "DENFERT-ROCHEREAU#", "marker-color": "#818181"}}, {"type": "Feature", "geometry": {"type": "Point", "coordinates": [2.364493, 48.826744]}, "properties": {"numparc": 7394, "etat de la localisation": "autre", "ID BDGEO": "377", "horodatage": "2022-06-19 13:07:50", "distance (en metres)": 2300.62, "station": "DENFERT-ROCHEREAU#", "marker-color": "#818181"}}, {"type": "Feature", "geometry": {"type": "Point", "coordinates": [2.406272, 48.851147]}, "properties": {"numparc": 1478, "etat de la localisation": "autre", "ID BDGEO": "141", "horodatage": "2022-06-19 13:08:08", "distance (en metres)": 3237.91, "station": "BIBLIOTHEQUE CHEVALERET", "marker-color": "#818181"}}, {"type": "Feature", "geometry": {"type": "Point", "coordinates": [2.40596, 48.852859]}, "properties": {"numparc": 1463, "etat de la localisation": "autre", "ID BDGEO": "141", "horodatage": "2022-06-19 13:08:31", "distance (en metres)": 3363.28, "station": "BIBLIOTHEQUE CHEVALERET", "marker-color": "#818181"}}, {"type": "Feature", "geometry": {"type": "Point", "coordinates": [2.390782, 48.837223]}, "properties": {"numparc": 7359, "etat de la localisation": "autre", "ID BDGEO": "377", "horodatage": "2022-06-19 13:09:05", "distance (en metres)": 4126.61, "station": "DENFERT-ROCHEREAU#", "marker-color": "#818181"}}, {"type": "Feature", "geometry": {"type": "Point", "coordinates": [2.390782, 48.837223]}, "properties": {"numparc": 7359, "etat de la localisation": "autre", "ID BDGEO": "377", "horodatage": "2022-06-19 13:09:12", "distance (en metres)": 4126.61, "station": "DENFERT-ROCHEREAU#", "marker-color": "#818181"}}, {"type": "Feature", "geometry": {"type": "Point", "coordinates": [2.360903, 48.826252]}, "properties": {"numparc": 7394, "etat de la localisation": "autre", "ID BDGEO": "377", "horodatage": "2022-06-19 13:09:33", "distance (en metres)": 2073.54, "station": "DENFERT-ROCHEREAU#", "marker-color": "#818181"}}, {"type": "Feature", "geometry": {"type": "Point", "coordinates": [2.401177, 48.86805]}, "properties": {"numparc": 1550, "etat de la localisation": "autre", "ID BDGEO": "377", "horodatage": "2022-06-19 13:09:37", "distance (en metres)": 6207.99, "station": "DENFERT-ROCHEREAU#", "marker-color": "#818181"}}, {"type": "Feature", "geometry": {"type": "Point", "coordinates": [2.405943, 48.852932]}, "properties": {"numparc": 1478, "etat de la localisation": "autre", "ID BDGEO": "141", "horodatage": "2022-06-19 13:09:40", "distance (en metres)": 3368.54, "station": "BIBLIOTHEQUE CHEVALERET", "marker-color": "#818181"}}, {"type": "Feature", "geometry": {"type": "Point", "coordinates": [2.404708, 48.856354]}, "properties": {"numparc": 1463, "etat de la localisation": "autre", "ID BDGEO": "141", "horodatage": "2022-06-19 13:10:04", "distance (en metres)": 3610.44, "station": "BIBLIOTHEQUE CHEVALERET", "marker-color": "#818181"}}, {"type": "Feature", "geometry": {"type": "Point", "coordinates": [2.359031, 48.827454]}, "properties": {"numparc": 7394, "etat de la localisation": "autre", "ID BDGEO": "377", "horodatage": "2022-06-19 13:10:57", "distance (en metres)": 1897.28, "station": "DENFERT-ROCHEREAU#", "marker-color": "#818181"}}, {"type": "Feature", "geometry": {"type": "Point", "coordinates": [2.386189, 48.835632]}, "properties": {"numparc": 7359, "etat de la localisation": "autre", "ID BDGEO": "377", "horodatage": "2022-06-19 13:10:58", "distance (en metres)": 3776.49, "station": "DENFERT-ROCHEREAU#", "marker-color": "#818181"}}, {"type": "Feature", "geometry": {"type": "Point", "coordinates": [2.404688, 48.8564]}, "properties": {"numparc": 1478, "etat de la localisation": "autre", "ID BDGEO": "141", "horodatage": "2022-06-19 13:10:59", "distance (en metres)": 3613.7, "station": "BIBLIOTHEQUE CHEVALERET", "marker-color": "#818181"}}, {"type": "Feature", "geometry": {"type": "Point", "coordinates": [2.404688, 48.8564]}, "properties": {"numparc": 1478, "etat de la localisation": "autre", "ID BDGEO": "141", "horodatage": "2022-06-19 13:11:03", "distance (en metres)": 3613.7, "station": "BIBLIOTHEQUE CHEVALERET", "marker-color": "#818181"}}, {"type": "Feature", "geometry": {"type": "Point", "coordinates": [2.399214, 48.865776]}, "properties": {"numparc": 1550, "etat de la localisation": "autre", "ID BDGEO": "377", "horodatage": "2022-06-19 13:11:21", "distance (en metres)": 5939.43, "station": "DENFERT-ROCHEREAU#", "marker-color": "#818181"}}, {"type": "Feature", "geometry": {"type": "Point", "coordinates": [2.401762, 48.859375]}, "properties": {"numparc": 1463, "etat de la localisation": "autre", "ID BDGEO": "141", "horodatage": "2022-06-19 13:11:45", "distance (en metres)": 3774.24, "station": "BIBLIOTHEQUE CHEVALERET", "marker-color": "#818181"}}, {"type": "Feature", "geometry": {"type": "Point", "coordinates": [2.383169, 48.834045]}, "properties": {"numparc": 7359, "etat de la localisation": "autre", "ID BDGEO": "377", "horodatage": "2022-06-19 13:12:17", "distance (en metres)": 3547.82, "station": "DENFERT-ROCHEREAU#", "marker-color": "#818181"}}, {"type": "Feature", "geometry": {"type": "Point", "coordinates": [2.398813, 48.864452]}, "properties": {"numparc": 1550, "etat de la localisation": "autre", "ID BDGEO": "377", "horodatage": "2022-06-19 13:12:18", "distance (en metres)": 5827.66, "station": "DENFERT-ROCHEREAU#", "marker-color": "#818181"}}, {"type": "Feature", "geometry": {"type": "Point", "coordinates": [2.401756, 48.859432]}, "properties": {"numparc": 1478, "etat de la localisation": "autre", "ID BDGEO": "141", "horodatage": "2022-06-19 13:12:40", "distance (en metres)": 3779.51, "station": "BIBLIOTHEQUE CHEVALERET", "marker-color": "#818181"}}, {"type": "Feature", "geometry": {"type": "Point", "coordinates": [2.35671, 48.83028]}, "properties": {"numparc": 7394, "etat de la localisation": "autre", "ID BDGEO": "377", "horodatage": "2022-06-19 13:12:43", "distance (en metres)": 1646.2, "station": "DENFERT-ROCHEREAU#", "marker-color": "#818181"}}, {"type": "Feature", "geometry": {"type": "Point", "coordinates": [2.4001, 48.862144]}, "properties": {"numparc": 1463, "etat de la localisation": "autre", "ID BDGEO": "141", "horodatage": "2022-06-19 13:13:35", "distance (en metres)": 3987.32, "station": "BIBLIOTHEQUE CHEVALERET", "marker-color": "#818181"}}, {"type": "Feature", "geometry": {"type": "Point", "coordinates": [2.400194, 48.861961]}, "properties": {"numparc": 1478, "etat de la localisation": "autre", "ID BDGEO": "141", "horodatage": "2022-06-19 13:13:37", "distance (en metres)": 3972.2, "station": "BIBLIOTHEQUE CHEVALERET", "marker-color": "#818181"}}, {"type": "Feature", "geometry": {"type": "Point", "coordinates": [2.400332, 48.861385]}, "properties": {"numparc": 1550, "etat de la localisation": "autre", "ID BDGEO": "377", "horodatage": "2022-06-19 13:14:11", "distance (en metres)": 5724.99, "station": "DENFERT-ROCHEREAU#", "marker-color": "#818181"}}, {"type": "Feature", "geometry": {"type": "Point", "coordinates": [2.379189, 48.83189]}, "properties": {"numparc": 7359, "etat de la localisation": "autre", "ID BDGEO": "377", "horodatage": "2022-06-19 13:14:14", "distance (en metres)": 3259.79, "station": "DENFERT-ROCHEREAU#", "marker-color": "#818181"}}, {"type": "Feature", "geometry": {"type": "Point", "coordinates": [2.398907, 48.864189]}, "properties": {"numparc": 1463, "etat de la localisation": "autre", "ID BDGEO": "141", "horodatage": "2022-06-19 13:15:03", "distance (en metres)": 4155.58, "station": "BIBLIOTHEQUE CHEVALERET", "marker-color": "#818181"}}, {"type": "Feature", "geometry": {"type": "Point", "coordinates": [2.399076, 48.864048]}, "properties": {"numparc": 1478, "etat de la localisation": "autre", "ID BDGEO": "141", "horodatage": "2022-06-19 13:15:06", "distance (en metres)": 4146.33, "station": "BIBLIOTHEQUE CHEVALERET", "marker-color": "#818181"}}, {"type": "Feature", "geometry": {"type": "Point", "coordinates": [2.399076, 48.864048]}, "properties": {"numparc": 1478, "etat de la localisation": "autre", "ID BDGEO": "141", "horodatage": "2022-06-19 13:15:26", "distance (en metres)": 4146.33, "station": "BIBLIOTHEQUE CHEVALERET", "marker-color": "#818181"}}, {"type": "Feature", "geometry": {"type": "Point", "coordinates": [2.354138, 48.8311]}, "properties": {"numparc": 7394, "etat de la localisation": "autre", "ID BDGEO": "377", "horodatage": "2022-06-19 13:15:54", "distance (en metres)": 1443.98, "station": "DENFERT-ROCHEREAU#", "marker-color": "#818181"}}, {"type": "Feature", "geometry": {"type": "Point", "coordinates": [2.375907, 48.830025]}, "properties": {"numparc": 7359, "etat de la localisation": "autre", "ID BDGEO": "377", "horodatage": "2022-06-19 13:16:01", "distance (en metres)": 3038.16, "station": "DENFERT-ROCHEREAU#", "marker-color": "#818181"}}, {"type": "Feature", "geometry": {"type": "Point", "coordinates": [2.402411, 48.858986]}, "properties": {"numparc": 1550, "etat de la localisation": "autre", "ID BDGEO": "377", "horodatage": "2022-06-19 13:16:02", "distance (en metres)": 5715.65, "station": "DENFERT-ROCHEREAU#", "marker-color": "#818181"}}, {"type": "Feature", "geometry": {"type": "Point", "coordinates": [2.348899, 48.829826]}, "properties": {"numparc": 7394, "etat de la localisation": "autre", "ID BDGEO": "377", "horodatage": "2022-06-19 13:17:31", "distance (en metres)": 1110.15, "station": "DENFERT-ROCHEREAU#", "marker-color": "#818181"}}, {"type": "Feature", "geometry": {"type": "Point", "coordinates": [2.405049, 48.856018]}, "properties": {"numparc": 1550, "etat de la localisation": "autre", "ID BDGEO": "377", "horodatage": "2022-06-19 13:18:03", "distance (en metres)": 5731.3, "station": "DENFERT-ROCHEREAU#", "marker-color": "#818181"}}, {"type": "Feature", "geometry": {"type": "Point", "coordinates": [2.370806, 48.827591]}, "properties": {"numparc": 7359, "etat de la localisation": "autre", "ID BDGEO": "377", "horodatage": "2022-06-19 13:18:25", "distance (en metres)": 2718.78, "station": "DENFERT-ROCHEREAU#", "marker-color": "#818181"}}, {"type": "Feature", "geometry": {"type": "Point", "coordinates": [2.367607, 48.827187]}, "properties": {"numparc": 7359, "etat de la localisation": "autre", "ID BDGEO": "377", "horodatage": "2022-06-19 13:19:21", "distance (en metres)": 2503.77, "station": "DENFERT-ROCHEREAU#", "marker-color": "#818181"}}, {"type": "Feature", "geometry": {"type": "Point", "coordinates": [2.343973, 48.83123]}, "properties": {"numparc": 7394, "etat de la localisation": "autre", "ID BDGEO": "377", "horodatage": "2022-06-19 13:19:21", "distance (en metres)": 717.93, "station": "DENFERT-ROCHEREAU#", "marker-color": "#818181"}}, {"type": "Feature", "geometry": {"type": "Point", "coordinates": [2.406144, 48.852291]}, "properties": {"numparc": 1550, "etat de la localisation": "autre", "ID BDGEO": "377", "horodatage": "2022-06-19 13:19:33", "distance (en metres)": 5635.93, "station": "DENFERT-ROCHEREAU#", "marker-color": "#818181"}}, {"type": "Feature", "geometry": {"type": "Point", "coordinates": [2.364603, 48.826786]}, "properties": {"numparc": 7359, "etat de la localisation": "autre", "ID BDGEO": "377", "horodatage": "2022-06-19 13:20:36", "distance (en metres)": 2306.78, "station": "DENFERT-ROCHEREAU#", "marker-color": "#818181"}}, {"type": "Feature", "geometry": {"type": "Point", "coordinates": [2.406456, 48.850166]}, "properties": {"numparc": 1550, "etat de la localisation": "autre", "ID BDGEO": "377", "horodatage": "2022-06-19 13:20:50", "distance (en metres)": 5573.58, "station": "DENFERT-ROCHEREAU#", "marker-color": "#818181"}}, {"type": "Feature", "geometry": {"type": "Point", "coordinates": [2.339187, 48.832569]}, "properties": {"numparc": 7394, "etat de la localisation": "autre", "ID BDGEO": "377", "horodatage": "2022-06-19 13:21:13", "distance (en metres)": 339.11, "station": "DENFERT-ROCHEREAU#", "marker-color": "#818181"}}, {"type": "Feature", "geometry": {"type": "Point", "coordinates": [2.406446, 48.847931]}, "properties": {"numparc": 1550, "etat de la localisation": "autre", "ID BDGEO": "377", "horodatage": "2022-06-19 13:21:42", "distance (en metres)": 5494.6, "station": "DENFERT-ROCHEREAU#", "marker-color": "#818181"}}, {"type": "Feature", "geometry": {"type": "Point", "coordinates": [2.379342, 48.832012]}, "properties": {"numparc": 614, "etat de la localisation": "autre", "ID BDGEO": "141", "horodatage": "2022-06-19 13:21:56", "distance (en metres)": 340.49, "station": "BIBLIOTHEQUE CHEVALERET", "marker-color": "#818181"}}, {"type": "Feature", "geometry": {"type": "Point", "coordinates": [2.361013, 48.826309]}, "properties": {"numparc": 7359, "etat de la localisation": "autre", "ID BDGEO": "377", "horodatage": "2022-06-19 13:22:06", "distance (en metres)": 2078.57, "station": "DENFERT-ROCHEREAU#", "marker-color": "#818181"}}, {"type": "Feature", "geometry": {"type": "Point", "coordinates": [2.403495, 48.870773]}, "properties": {"numparc": 1463, "etat de la localisation": "autre", "ID BDGEO": "141", "horodatage": "2022-06-19 13:22:12", "distance (en metres)": 4960.92, "station": "BIBLIOTHEQUE CHEVALERET", "marker-color": "#818181"}}, {"type": "Feature", "geometry": {"type": "Point", "coordinates": [2.401798, 48.868694]}, "properties": {"numparc": 1478, "etat de la localisation": "autre", "ID BDGEO": "141", "horodatage": "2022-06-19 13:22:25", "distance (en metres)": 4699.23, "station": "BIBLIOTHEQUE CHEVALERET", "marker-color": "#818181"}}, {"type": "Feature", "geometry": {"type": "Point", "coordinates": [2.333842, 48.834068]}, "properties": {"numparc": 7394, "etat de la localisation": "autre", "ID BDGEO": "377", "horodatage": "2022-06-19 13:22:46", "distance (en metres)": 101.91, "station": "DENFERT-ROCHEREAU#", "marker-color": "#818181"}}, {"type": "Feature", "geometry": {"type": "Point", "coordinates": [2.405741, 48.844406]}, "properties": {"numparc": 1550, "etat de la localisation": "autre", "ID BDGEO": "55", "horodatage": "2022-06-19 13:23:19", "distance (en metres)": 107.22, "station": "AVENUE DE SAINT-MANDE", "marker-color": "#818181"}}, {"type": "Feature", "geometry": {"type": "Point", "coordinates": [2.359062, 48.827499]}, "properties": {"numparc": 7359, "etat de la localisation": "autre", "ID BDGEO": "377", "horodatage": "2022-06-19 13:24:02", "distance (en metres)": 1897.65, "station": "DENFERT-ROCHEREAU#", "marker-color": "#818181"}}, {"type": "Feature", "geometry": {"type": "Point", "coordinates": [2.382992, 48.834003]}, "properties": {"numparc": 614, "etat de la localisation": "autre", "ID BDGEO": "141", "horodatage": "2022-06-19 13:24:21", "distance (en metres)": 687.48, "station": "BIBLIOTHEQUE CHEVALERET", "marker-color": "#818181"}}, {"type": "Feature", "geometry": {"type": "Point", "coordinates": [2.404066, 48.871243]}, "properties": {"numparc": 1478, "etat de la localisation": "autre", "ID BDGEO": "141", "horodatage": "2022-06-19 13:24:33", "distance (en metres)": 5025.66, "station": "BIBLIOTHEQUE CHEVALERET", "marker-color": "#818181"}}, {"type": "Feature", "geometry": {"type": "Point", "coordinates": [2.404066, 48.871243]}, "properties": {"numparc": 1478, "etat de la localisation": "autre", "ID BDGEO": "141", "horodatage": "2022-06-19 13:25:22", "distance (en metres)": 5025.66, "station": "BIBLIOTHEQUE CHEVALERET", "marker-color": "#818181"}}, {"type": "Feature", "geometry": {"type": "Point", "coordinates": [2.356647, 48.83028]}, "properties": {"numparc": 7359, "etat de la localisation": "autre", "ID BDGEO": "377", "horodatage": "2022-06-19 13:26:04", "distance (en metres)": 1641.7, "station": "DENFERT-ROCHEREAU#", "marker-color": "#818181"}}, {"type": "Feature", "geometry": {"type": "Point", "coordinates": [2.405273, 48.87413]}, "properties": {"numparc": 1478, "etat de la localisation": "autre", "ID BDGEO": "141", "horodatage": "2022-06-19 13:26:28", "distance (en metres)": 5354.83, "station": "BIBLIOTHEQUE CHEVALERET", "marker-color": "#818181"}}, {"type": "Feature", "geometry": {"type": "Point", "coordinates": [2.385971, 48.835609]}, "properties": {"numparc": 614, "etat de la localisation": "autre", "ID BDGEO": "141", "horodatage": "2022-06-19 13:26:42", "distance (en metres)": 969.32, "station": "BIBLIOTHEQUE CHEVALERET", "marker-color": "#818181"}}, {"type": "Feature", "geometry": {"type": "Point", "coordinates": [2.406258, 48.876492]}, "properties": {"numparc": 1478, "etat de la localisation": "autre", "ID BDGEO": "141", "horodatage": "2022-06-19 13:27:23", "distance (en metres)": 5624.28, "station": "BIBLIOTHEQUE CHEVALERET", "marker-color": "#818181"}}, {"type": "Feature", "geometry": {"type": "Point", "coordinates": [2.393866, 48.838997]}, "properties": {"numparc": 1550, "etat de la localisation": "autre", "ID BDGEO": "122", "horodatage": "2022-06-19 13:29:01", "distance (en metres)": 227.75, "station": "DOCTEUR GOUJON-REUILLY", "marker-color": "#818181"}}, {"type": "Feature", "geometry": {"type": "Point", "coordinates": [2.393866, 48.838997]}, "properties": {"numparc": 1550, "etat de la localisation": "autre", "ID BDGEO": "122", "horodatage": "2022-06-19 13:29:06", "distance (en metres)": 227.75, "station": "DOCTEUR GOUJON-REUILLY", "marker-color": "#818181"}}, {"type": "Feature", "geometry": {"type": "Point", "coordinates": [2.354128, 48.831142]}, "properties": {"numparc": 7359, "etat de la localisation": "autre", "ID BDGEO": "377", "horodatage": "2022-06-19 13:29:08", "distance (en metres)": 1442.46, "station": "DENFERT-ROCHEREAU#", "marker-color": "#818181"}}, {"type": "Feature", "geometry": {"type": "Point", "coordinates": [2.390653, 48.837204]}, "properties": {"numparc": 1550, "etat de la localisation": "autre", "ID BDGEO": "122", "horodatage": "2022-06-19 13:30:30", "distance (en metres)": 523.91, "station": "DOCTEUR GOUJON-REUILLY", "marker-color": "#818181"}}, {"type": "Feature", "geometry": {"type": "Point", "coordinates": [2.348968, 48.829826]}, "properties": {"numparc": 7359, "etat de la localisation": "autre", "ID BDGEO": "377", "horodatage": "2022-06-19 13:30:51", "distance (en metres)": 1114.89, "station": "DENFERT-ROCHEREAU#", "marker-color": "#818181"}}, {"type": "Feature", "geometry": {"type": "Point", "coordinates": [2.393723, 48.839016]}, "properties": {"numparc": 614, "etat de la localisation": "autre", "ID BDGEO": "141", "horodatage": "2022-06-19 13:31:01", "distance (en metres)": 1649.47, "station": "BIBLIOTHEQUE CHEVALERET", "marker-color": "#818181"}}, {"type": "Feature", "geometry": {"type": "Point", "coordinates": [2.40834, 48.876709]}, "properties": {"numparc": 1463, "etat de la localisation": "autre", "ID BDGEO": "359", "horodatage": "2022-06-19 13:31:25", "distance (en metres)": 50.49, "station": "PORTE DES LILAS-METRO.", "marker-color": "#818181"}}, {"type": "Feature", "geometry": {"type": "Point", "coordinates": [2.386016, 48.835598]}, "properties": {"numparc": 1550, "etat de la localisation": "autre", "ID BDGEO": "122", "horodatage": "2022-06-19 13:32:15", "distance (en metres)": 907.26, "station": "DOCTEUR GOUJON-REUILLY", "marker-color": "#818181"}}, {"type": "Feature", "geometry": {"type": "Point", "coordinates": [2.343988, 48.831207]}, "properties": {"numparc": 7359, "etat de la localisation": "autre", "ID BDGEO": "377", "horodatage": "2022-06-19 13:32:44", "distance (en metres)": 719.81, "station": "DENFERT-ROCHEREAU#", "marker-color": "#818181"}}, {"type": "Feature", "geometry": {"type": "Point", "coordinates": [2.408685, 48.876991]}, "properties": {"numparc": 1478, "etat de la localisation": "autre", "ID BDGEO": "377", "horodatage": "2022-06-19 13:32:50", "distance (en metres)": 7269.12, "station": "DENFERT-ROCHEREAU#", "marker-color": "#818181"}}, {"type": "Feature", "geometry": {"type": "Point", "coordinates": [2.383093, 48.834]}, "properties": {"numparc": 1550, "etat de la localisation": "autre", "ID BDGEO": "122", "horodatage": "2022-06-19 13:33:39", "distance (en metres)": 1181.63, "station": "DOCTEUR GOUJON-REUILLY", "marker-color": "#818181"}}, {"type": "Feature", "geometry": {"type": "Point", "coordinates": [2.339207, 48.83252]}, "properties": {"numparc": 7359, "etat de la localisation": "autre", "ID BDGEO": "377", "horodatage": "2022-06-19 13:34:44", "distance (en metres)": 341.97, "station": "DENFERT-ROCHEREAU#", "marker-color": "#818181"}}, {"type": "Feature", "geometry": {"type": "Point", "coordinates": [2.379233, 48.831924]}, "properties": {"numparc": 1550, "etat de la localisation": "autre", "ID BDGEO": "122", "horodatage": "2022-06-19 13:35:35", "distance (en metres)": 1543.87, "station": "DOCTEUR GOUJON-REUILLY", "marker-color": "#818181"}}, {"type": "Feature", "geometry": {"type": "Point", "coordinates": [2.333829, 48.834068]}, "properties": {"numparc": 7359, "etat de la localisation": "autre", "ID BDGEO": "377", "horodatage": "2022-06-19 13:36:09", "distance (en metres)": 102.51, "station": "DENFERT-ROCHEREAU#", "marker-color": "#818181"}}, {"type": "Feature", "geometry": {"type": "Point", "coordinates": [2.377043, 48.830143]}, "properties": {"numparc": 1550, "etat de la localisation": "autre", "ID BDGEO": "141", "horodatage": "2022-06-19 13:37:09", "distance (en metres)": 94.86, "station": "BIBLIOTHEQUE CHEVALERET", "marker-color": "#818181"}}, {"type": "Feature", "geometry": {"type": "Point", "coordinates": [2.405021, 48.842312]}, "properties": {"numparc": 614, "etat de la localisation": "autre", "ID BDGEO": "141", "horodatage": "2022-06-19 13:38:36", "distance (en metres)": 2538.39, "station": "BIBLIOTHEQUE CHEVALERET", "marker-color": "#818181"}}, {"type": "Feature", "geometry": {"type": "Point", "coordinates": [2.37715, 48.830391]}, "properties": {"numparc": 1550, "etat de la localisation": "Delocalise", "ID BDGEO": "141", "horodatage": "2022-06-19 13:40:16", "distance (en metres)": 108.54, "station": "BIBLIOTHEQUE CHEVALERET", "marker-color": "#FF565E"}}, {"type": "Feature", "geometry": {"type": "Point", "coordinates": [2.33465, 48.833469]}, "properties": {"numparc": 7359, "etat de la localisation": "autre", "ID BDGEO": "378", "horodatage": "2022-06-19 13:40:18", "distance (en metres)": 62.03, "station": "DENFERT-ROCHEREAU#", "marker-color": "#818181"}}, {"type": "Feature", "geometry": {"type": "Point", "coordinates": [2.406482, 48.847916]}, "properties": {"numparc": 7386, "etat de la localisation": "autre", "ID BDGEO": "141", "horodatage": "2022-06-19 13:40:21", "distance (en metres)": 2999.65, "station": "BIBLIOTHEQUE CHEVALERET", "marker-color": "#818181"}}, {"type": "Feature", "geometry": {"type": "Point", "coordinates": [2.405797, 48.845104]}, "properties": {"numparc": 614, "etat de la localisation": "autre", "ID BDGEO": "141", "horodatage": "2022-06-19 13:40:29", "distance (en metres)": 2762.58, "station": "BIBLIOTHEQUE CHEVALERET", "marker-color": "#818181"}}, {"type": "Feature", "geometry": {"type": "Point", "coordinates": [2.406504, 48.848141]}, "properties": {"numparc": 614, "etat de la localisation": "autre", "ID BDGEO": "141", "horodatage": "2022-06-19 13:41:44", "distance (en metres)": 3017.46, "station": "BIBLIOTHEQUE CHEVALERET", "marker-color": "#818181"}}, {"type": "Feature", "geometry": {"type": "Point", "coordinates": [2.407706, 48.876568]}, "properties": {"numparc": 1478, "etat de la localisation": "autre", "ID BDGEO": "377", "horodatage": "2022-06-19 13:44:48", "distance (en metres)": 7184.39, "station": "DENFERT-ROCHEREAU#", "marker-color": "#818181"}}, {"type": "Feature", "geometry": {"type": "Point", "coordinates": [2.407706, 48.876568]}, "properties": {"numparc": 1478, "etat de la localisation": "autre", "ID BDGEO": "377", "horodatage": "2022-06-19 13:45:03", "distance (en metres)": 7184.39, "station": "DENFERT-ROCHEREAU#", "marker-color": "#818181"}}, {"type": "Feature", "geometry": {"type": "Point", "coordinates": [2.406504, 48.848141]}, "properties": {"numparc": 614, "etat de la localisation": "autre", "ID BDGEO": "141", "horodatage": "2022-06-19 13:45:13", "distance (en metres)": 3017.46, "station": "BIBLIOTHEQUE CHEVALERET", "marker-color": "#818181"}}, {"type": "Feature", "geometry": {"type": "Point", "coordinates": [2.406241, 48.848255]}, "properties": {"numparc": 7386, "etat de la localisation": "autre", "ID BDGEO": "141", "horodatage": "2022-06-19 13:46:49", "distance (en metres)": 3011.66, "station": "BIBLIOTHEQUE CHEVALERET", "marker-color": "#818181"}}, {"type": "Feature", "geometry": {"type": "Point", "coordinates": [2.406274, 48.851196]}, "properties": {"numparc": 614, "etat de la localisation": "autre", "ID BDGEO": "141", "horodatage": "2022-06-19 13:46:53", "distance (en metres)": 3242.01, "station": "BIBLIOTHEQUE CHEVALERET", "marker-color": "#818181"}}, {"type": "Feature", "geometry": {"type": "Point", "coordinates": [2.406241, 48.848255]}, "properties": {"numparc": 7386, "etat de la localisation": "autre", "ID BDGEO": "141", "horodatage": "2022-06-19 13:46:59", "distance (en metres)": 3011.66, "station": "BIBLIOTHEQUE CHEVALERET", "marker-color": "#818181"}}, {"type": "Feature", "geometry": {"type": "Point", "coordinates": [2.33465, 48.833469]}, "properties": {"numparc": 7359, "etat de la localisation": "autre", "ID BDGEO": "378", "horodatage": "2022-06-19 13:47:35", "distance (en metres)": 62.03, "station": "DENFERT-ROCHEREAU#", "marker-color": "#818181"}}, {"type": "Feature", "geometry": {"type": "Point", "coordinates": [2.406011, 48.853001]}, "properties": {"numparc": 614, "etat de la localisation": "autre", "ID BDGEO": "141", "horodatage": "2022-06-19 13:48:24", "distance (en metres)": 3377.57, "station": "BIBLIOTHEQUE CHEVALERET", "marker-color": "#818181"}}, {"type": "Feature", "geometry": {"type": "Point", "coordinates": [2.406353, 48.876701]}, "properties": {"numparc": 1478, "etat de la localisation": "autre", "ID BDGEO": "377", "horodatage": "2022-06-19 13:49:35", "distance (en metres)": 7121.15, "station": "DENFERT-ROCHEREAU#", "marker-color": "#818181"}}, {"type": "Feature", "geometry": {"type": "Point", "coordinates": [2.404714, 48.856491]}, "properties": {"numparc": 614, "etat de la localisation": "autre", "ID BDGEO": "141", "horodatage": "2022-06-19 13:50:34", "distance (en metres)": 3623.07, "station": "BIBLIOTHEQUE CHEVALERET", "marker-color": "#818181"}}, {"type": "Feature", "geometry": {"type": "Point", "coordinates": [2.405616, 48.874786]}, "properties": {"numparc": 1478, "etat de la localisation": "autre", "ID BDGEO": "377", "horodatage": "2022-06-19 13:51:02", "distance (en metres)": 6938.44, "station": "DENFERT-ROCHEREAU#", "marker-color": "#818181"}}, {"type": "Feature", "geometry": {"type": "Point", "coordinates": [2.404661, 48.872341]}, "properties": {"numparc": 1478, "etat de la localisation": "autre", "ID BDGEO": "377", "horodatage": "2022-06-19 13:52:09", "distance (en metres)": 6707.57, "station": "DENFERT-ROCHEREAU#", "marker-color": "#818181"}}, {"type": "Feature", "geometry": {"type": "Point", "coordinates": [2.401603, 48.859486]}, "properties": {"numparc": 614, "etat de la localisation": "autre", "ID BDGEO": "141", "horodatage": "2022-06-19 13:52:18", "distance (en metres)": 3779.02, "station": "BIBLIOTHEQUE CHEVALERET", "marker-color": "#818181"}}, {"type": "Feature", "geometry": {"type": "Point", "coordinates": [2.400063, 48.862038]}, "properties": {"numparc": 614, "etat de la localisation": "autre", "ID BDGEO": "141", "horodatage": "2022-06-19 13:53:31", "distance (en metres)": 3975.48, "station": "BIBLIOTHEQUE CHEVALERET", "marker-color": "#818181"}}, {"type": "Feature", "geometry": {"type": "Point", "coordinates": [2.401251, 48.867962]}, "properties": {"numparc": 1478, "etat de la localisation": "autre", "ID BDGEO": "377", "horodatage": "2022-06-19 13:54:51", "distance (en metres)": 6206.19, "station": "DENFERT-ROCHEREAU#", "marker-color": "#818181"}}, {"type": "Feature", "geometry": {"type": "Point", "coordinates": [2.39882, 48.864319]}, "properties": {"numparc": 614, "etat de la localisation": "autre", "ID BDGEO": "141", "horodatage": "2022-06-19 13:54:59", "distance (en metres)": 4166.17, "station": "BIBLIOTHEQUE CHEVALERET", "marker-color": "#818181"}}, {"type": "Feature", "geometry": {"type": "Point", "coordinates": [2.407831, 48.876637]}, "properties": {"numparc": 1463, "etat de la localisation": "autre", "ID BDGEO": "359", "horodatage": "2022-06-19 13:55:16", "distance (en metres)": 71.43, "station": "PORTE DES LILAS-METRO.", "marker-color": "#818181"}}, {"type": "Feature", "geometry": {"type": "Point", "coordinates": [2.399286, 48.865711]}, "properties": {"numparc": 1478, "etat de la localisation": "autre", "ID BDGEO": "377", "horodatage": "2022-06-19 13:56:35", "distance (en metres)": 5939.25, "station": "DENFERT-ROCHEREAU#", "marker-color": "#818181"}}, {"type": "Feature", "geometry": {"type": "Point", "coordinates": [2.398889, 48.864418]}, "properties": {"numparc": 1478, "etat de la localisation": "autre", "ID BDGEO": "377", "horodatage": "2022-06-19 13:57:31", "distance (en metres)": 5829.88, "station": "DENFERT-ROCHEREAU#", "marker-color": "#818181"}}, {"type": "Feature", "geometry": {"type": "Point", "coordinates": [2.405695, 48.874901]}, "properties": {"numparc": 1463, "etat de la localisation": "autre", "ID BDGEO": "358", "horodatage": "2022-06-19 13:58:45", "distance (en metres)": 68.21, "station": "PISCINE DES TOURELLES", "marker-color": "#818181"}}, {"type": "Feature", "geometry": {"type": "Point", "coordinates": [2.400318, 48.861397]}, "properties": {"numparc": 1478, "etat de la localisation": "autre", "ID BDGEO": "377", "horodatage": "2022-06-19 13:59:25", "distance (en metres)": 5724.82, "station": "DENFERT-ROCHEREAU#", "marker-color": "#818181"}}, {"type": "Feature", "geometry": {"type": "Point", "coordinates": [2.404774, 48.872528]}, "properties": {"numparc": 1463, "etat de la localisation": "autre", "ID BDGEO": "357", "horodatage": "2022-06-19 13:59:41", "distance (en metres)": 133.36, "station": "SAINT-FARGEAU", "marker-color": "#818181"}}, {"type": "Feature", "geometry": {"type": "Point", "coordinates": [2.401844, 48.868851]}, "properties": {"numparc": 614, "etat de la localisation": "autre", "ID BDGEO": "141", "horodatage": "2022-06-19 13:59:45", "distance (en metres)": 4716.5, "station": "BIBLIOTHEQUE CHEVALERET", "marker-color": "#818181"}}, {"type": "Feature", "geometry": {"type": "Point", "coordinates": [2.402424, 48.85894]}, "properties": {"numparc": 1478, "etat de la localisation": "autre", "ID BDGEO": "377", "horodatage": "2022-06-19 14:00:22", "distance (en metres)": 5713.95, "station": "DENFERT-ROCHEREAU#", "marker-color": "#818181"}}, {"type": "Feature", "geometry": {"type": "Point", "coordinates": [2.406241, 48.848255]}, "properties": {"numparc": 7386, "etat de la localisation": "autre", "ID BDGEO": "141", "horodatage": "2022-06-19 14:00:24", "distance (en metres)": 3011.66, "station": "BIBLIOTHEQUE CHEVALERET", "marker-color": "#818181"}}, {"type": "Feature", "geometry": {"type": "Point", "coordinates": [2.401438, 48.868317]}, "properties": {"numparc": 1463, "etat de la localisation": "autre", "ID BDGEO": "356", "horodatage": "2022-06-19 14:01:41", "distance (en metres)": 62.93, "station": "PELLEPORT-GAMBETTA", "marker-color": "#818181"}}, {"type": "Feature", "geometry": {"type": "Point", "coordinates": [2.404069, 48.871372]}, "properties": {"numparc": 614, "etat de la localisation": "autre", "ID BDGEO": "141", "horodatage": "2022-06-19 14:01:42", "distance (en metres)": 5038.88, "station": "BIBLIOTHEQUE CHEVALERET", "marker-color": "#818181"}}, {"type": "Feature", "geometry": {"type": "Point", "coordinates": [2.405015, 48.855965]}, "properties": {"numparc": 1478, "etat de la localisation": "autre", "ID BDGEO": "377", "horodatage": "2022-06-19 14:02:07", "distance (en metres)": 5726.45, "station": "DENFERT-ROCHEREAU#", "marker-color": "#818181"}}, {"type": "Feature", "geometry": {"type": "Point", "coordinates": [2.404109, 48.871422]}, "properties": {"numparc": 614, "etat de la localisation": "autre", "ID BDGEO": "141", "horodatage": "2022-06-19 14:02:28", "distance (en metres)": 5045.11, "station": "BIBLIOTHEQUE CHEVALERET", "marker-color": "#818181"}}, {"type": "Feature", "geometry": {"type": "Point", "coordinates": [2.405357, 48.874264]}, "properties": {"numparc": 614, "etat de la localisation": "autre", "ID BDGEO": "141", "horodatage": "2022-06-19 14:03:47", "distance (en metres)": 5370.89, "station": "BIBLIOTHEQUE CHEVALERET", "marker-color": "#818181"}}, {"type": "Feature", "geometry": {"type": "Point", "coordinates": [2.406088, 48.852226]}, "properties": {"numparc": 1478, "etat de la localisation": "autre", "ID BDGEO": "377", "horodatage": "2022-06-19 14:04:23", "distance (en metres)": 5629.45, "station": "DENFERT-ROCHEREAU#", "marker-color": "#818181"}}, {"type": "Feature", "geometry": {"type": "Point", "coordinates": [2.406241, 48.848255]}, "properties": {"numparc": 7386, "etat de la localisation": "autre", "ID BDGEO": "141", "horodatage": "2022-06-19 14:04:26", "distance (en metres)": 3011.66, "station": "BIBLIOTHEQUE CHEVALERET", "marker-color": "#818181"}}, {"type": "Feature", "geometry": {"type": "Point", "coordinates": [2.406393, 48.876743]}, "properties": {"numparc": 614, "etat de la localisation": "autre", "ID BDGEO": "141", "horodatage": "2022-06-19 14:04:50", "distance (en metres)": 5653.9, "station": "BIBLIOTHEQUE CHEVALERET", "marker-color": "#818181"}}, {"type": "Feature", "geometry": {"type": "Point", "coordinates": [2.400361, 48.861652]}, "properties": {"numparc": 1463, "etat de la localisation": "autre", "ID BDGEO": "233", "horodatage": "2022-06-19 14:05:23", "distance (en metres)": 59.22, "station": "RAMUS", "marker-color": "#818181"}}, {"type": "Feature", "geometry": {"type": "Point", "coordinates": [2.402412, 48.859211]}, "properties": {"numparc": 1463, "etat de la localisation": "autre", "ID BDGEO": "232", "horodatage": "2022-06-19 14:06:21", "distance (en metres)": 74.0, "station": "PYRENEES-BAGNOLET", "marker-color": "#818181"}}, {"type": "Feature", "geometry": {"type": "Point", "coordinates": [2.406298, 48.8479]}, "properties": {"numparc": 1478, "etat de la localisation": "autre", "ID BDGEO": "377", "horodatage": "2022-06-19 14:06:31", "distance (en metres)": 5483.25, "station": "DENFERT-ROCHEREAU#", "marker-color": "#818181"}}, {"type": "Feature", "geometry": {"type": "Point", "coordinates": [2.405642, 48.844368]}, "properties": {"numparc": 1478, "etat de la localisation": "autre", "ID BDGEO": "377", "horodatage": "2022-06-19 14:08:37", "distance (en metres)": 5333.91, "station": "DENFERT-ROCHEREAU#", "marker-color": "#818181"}}, {"type": "Feature", "geometry": {"type": "Point", "coordinates": [2.408282, 48.876682]}, "properties": {"numparc": 614, "etat de la localisation": "autre", "ID BDGEO": "359", "horodatage": "2022-06-19 14:09:04", "distance (en metres)": 53.92, "station": "PORTE DES LILAS-METRO.", "marker-color": "#818181"}}, {"type": "Feature", "geometry": {"type": "Point", "coordinates": [2.408282, 48.876682]}, "properties": {"numparc": 614, "etat de la localisation": "autre", "ID BDGEO": "359", "horodatage": "2022-06-19 14:09:08", "distance (en metres)": 53.92, "station": "PORTE DES LILAS-METRO.", "marker-color": "#818181"}}, {"type": "Feature", "geometry": {"type": "Point", "coordinates": [2.406194, 48.852486]}, "properties": {"numparc": 1463, "etat de la localisation": "autre", "ID BDGEO": "230", "horodatage": "2022-06-19 14:09:48", "distance (en metres)": 62.32, "station": "MARAICHERS", "marker-color": "#818181"}}, {"type": "Feature", "geometry": {"type": "Point", "coordinates": [2.40511, 48.842415]}, "properties": {"numparc": 1478, "etat de la localisation": "autre", "ID BDGEO": "377", "horodatage": "2022-06-19 14:10:02", "distance (en metres)": 5250.13, "station": "DENFERT-ROCHEREAU#", "marker-color": "#818181"}}, {"type": "Feature", "geometry": {"type": "Point", "coordinates": [2.405746, 48.845062]}, "properties": {"numparc": 1550, "etat de la localisation": "autre", "ID BDGEO": "73", "horodatage": "2022-06-19 14:10:07", "distance (en metres)": 78.56, "station": "AVENUE DE SAINT-MANDE", "marker-color": "#818181"}}, {"type": "Feature", "geometry": {"type": "Point", "coordinates": [2.404102, 48.839672]}, "properties": {"numparc": 1478, "etat de la localisation": "autre", "ID BDGEO": "377", "horodatage": "2022-06-19 14:11:47", "distance (en metres)": 5127.27, "station": "DENFERT-ROCHEREAU#", "marker-color": "#818181"}}, {"type": "Feature", "geometry": {"type": "Point", "coordinates": [2.399449, 48.839573]}, "properties": {"numparc": 1478, "etat de la localisation": "autre", "ID BDGEO": "377", "horodatage": "2022-06-19 14:13:07", "distance (en metres)": 4788.56, "station": "DENFERT-ROCHEREAU#", "marker-color": "#818181"}}, {"type": "Feature", "geometry": {"type": "Point", "coordinates": [2.405951, 48.852997]}, "properties": {"numparc": 1550, "etat de la localisation": "autre", "ID BDGEO": "225", "horodatage": "2022-06-19 14:14:05", "distance (en metres)": 72.38, "station": "MARAICHERS", "marker-color": "#818181"}}, {"type": "Feature", "geometry": {"type": "Point", "coordinates": [2.405677, 48.844532]}, "properties": {"numparc": 1463, "etat de la localisation": "autre", "ID BDGEO": "55", "horodatage": "2022-06-19 14:14:07", "distance (en metres)": 93.95, "station": "AVENUE DE SAINT-MANDE", "marker-color": "#818181"}}, {"type": "Feature", "geometry": {"type": "Point", "coordinates": [2.396715, 48.839527]}, "properties": {"numparc": 1478, "etat de la localisation": "autre", "ID BDGEO": "377", "horodatage": "2022-06-19 14:14:26", "distance (en metres)": 4589.88, "station": "DENFERT-ROCHEREAU#", "marker-color": "#818181"}}, {"type": "Feature", "geometry": {"type": "Point", "coordinates": [2.404635, 48.856483]}, "properties": {"numparc": 1550, "etat de la localisation": "autre", "ID BDGEO": "224", "horodatage": "2022-06-19 14:15:12", "distance (en metres)": 60.66, "station": "ORTEAUX", "marker-color": "#818181"}}, {"type": "Feature", "geometry": {"type": "Point", "coordinates": [2.40464, 48.856487]}, "properties": {"numparc": 1550, "etat de la localisation": "autre", "ID BDGEO": "224", "horodatage": "2022-06-19 14:15:25", "distance (en metres)": 60.89, "station": "ORTEAUX", "marker-color": "#818181"}}, {"type": "Feature", "geometry": {"type": "Point", "coordinates": [2.393931, 48.838951]}, "properties": {"numparc": 1478, "etat de la localisation": "autre", "ID BDGEO": "377", "horodatage": "2022-06-19 14:16:21", "distance (en metres)": 4378.97, "station": "DENFERT-ROCHEREAU#", "marker-color": "#818181"}}, {"type": "Feature", "geometry": {"type": "Point", "coordinates": [2.401602, 48.859463]}, "properties": {"numparc": 1550, "etat de la localisation": "autre", "ID BDGEO": "223", "horodatage": "2022-06-19 14:16:49", "distance (en metres)": 63.57, "station": "PYRENEES-BAGNOLET", "marker-color": "#818181"}}, {"type": "Feature", "geometry": {"type": "Point", "coordinates": [2.400019, 48.861954]}, "properties": {"numparc": 1550, "etat de la localisation": "autre", "ID BDGEO": "222", "horodatage": "2022-06-19 14:17:43", "distance (en metres)": 51.89, "station": "RAMUS", "marker-color": "#818181"}}, {"type": "Feature", "geometry": {"type": "Point", "coordinates": [2.390697, 48.837181]}, "properties": {"numparc": 1478, "etat de la localisation": "autre", "ID BDGEO": "377", "horodatage": "2022-06-19 14:18:07", "distance (en metres)": 4119.92, "station": "DENFERT-ROCHEREAU#", "marker-color": "#818181"}}, {"type": "Feature", "geometry": {"type": "Point", "coordinates": [2.398808, 48.86417]}, "properties": {"numparc": 1550, "etat de la localisation": "autre", "ID BDGEO": "220", "horodatage": "2022-06-19 14:18:47", "distance (en metres)": 40.15, "station": "GAMBETTA-PYRENEES", "marker-color": "#818181"}}, {"type": "Feature", "geometry": {"type": "Point", "coordinates": [2.385974, 48.835579]}, "properties": {"numparc": 1478, "etat de la localisation": "autre", "ID BDGEO": "377", "horodatage": "2022-06-19 14:20:18", "distance (en metres)": 3760.4, "station": "DENFERT-ROCHEREAU#", "marker-color": "#818181"}}, {"type": "Feature", "geometry": {"type": "Point", "coordinates": [2.390739, 48.83728]}, "properties": {"numparc": 1463, "etat de la localisation": "autre", "ID BDGEO": "122", "horodatage": "2022-06-19 14:20:56", "distance (en metres)": 514.25, "station": "DOCTEUR GOUJON-REUILLY", "marker-color": "#818181"}}, {"type": "Feature", "geometry": {"type": "Point", "coordinates": [2.383137, 48.834011]}, "properties": {"numparc": 1478, "etat de la localisation": "autre", "ID BDGEO": "377", "horodatage": "2022-06-19 14:21:46", "distance (en metres)": 3545.4, "station": "DENFERT-ROCHEREAU#", "marker-color": "#818181"}}, {"type": "Feature", "geometry": {"type": "Point", "coordinates": [2.401792, 48.868755]}, "properties": {"numparc": 1550, "etat de la localisation": "autre", "ID BDGEO": "220", "horodatage": "2022-06-19 14:22:25", "distance (en metres)": 518.65, "station": "GAMBETTA-PYRENEES", "marker-color": "#818181"}}, {"type": "Feature", "geometry": {"type": "Point", "coordinates": [2.408282, 48.876682]}, "properties": {"numparc": 614, "etat de la localisation": "autre", "ID BDGEO": "359", "horodatage": "2022-06-19 14:22:36", "distance (en metres)": 53.92, "station": "PORTE DES LILAS-METRO.", "marker-color": "#818181"}}, {"type": "Feature", "geometry": {"type": "Point", "coordinates": [2.386036, 48.835651]}, "properties": {"numparc": 1463, "etat de la localisation": "autre", "ID BDGEO": "122", "horodatage": "2022-06-19 14:22:49", "distance (en metres)": 903.12, "station": "DOCTEUR GOUJON-REUILLY", "marker-color": "#818181"}}, {"type": "Feature", "geometry": {"type": "Point", "coordinates": [2.379255, 48.831963]}, "properties": {"numparc": 1478, "etat de la localisation": "autre", "ID BDGEO": "377", "horodatage": "2022-06-19 14:23:26", "distance (en metres)": 3264.22, "station": "DENFERT-ROCHEREAU#", "marker-color": "#818181"}}, {"type": "Feature", "geometry": {"type": "Point", "coordinates": [2.382903, 48.83392]}, "properties": {"numparc": 1463, "etat de la localisation": "autre", "ID BDGEO": "122", "horodatage": "2022-06-19 14:24:19", "distance (en metres)": 1198.14, "station": "DOCTEUR GOUJON-REUILLY", "marker-color": "#818181"}}, {"type": "Feature", "geometry": {"type": "Point", "coordinates": [2.403946, 48.871277]}, "properties": {"numparc": 1550, "etat de la localisation": "autre", "ID BDGEO": "220", "horodatage": "2022-06-19 14:24:21", "distance (en metres)": 839.72, "station": "GAMBETTA-PYRENEES", "marker-color": "#818181"}}, {"type": "Feature", "geometry": {"type": "Point", "coordinates": [2.376041, 48.830208]}, "properties": {"numparc": 1478, "etat de la localisation": "autre", "ID BDGEO": "377", "horodatage": "2022-06-19 14:24:54", "distance (en metres)": 3045.49, "station": "DENFERT-ROCHEREAU#", "marker-color": "#818181"}}, {"type": "Feature", "geometry": {"type": "Point", "coordinates": [2.377075, 48.830791]}, "properties": {"numparc": 1463, "etat de la localisation": "autre", "ID BDGEO": "141", "horodatage": "2022-06-19 14:26:19", "distance (en metres)": 126.11, "station": "BIBLIOTHEQUE CHEVALERET", "marker-color": "#818181"}}, {"type": "Feature", "geometry": {"type": "Point", "coordinates": [2.406378, 48.876671]}, "properties": {"numparc": 1550, "etat de la localisation": "autre", "ID BDGEO": "220", "horodatage": "2022-06-19 14:27:15", "distance (en metres)": 1459.65, "station": "GAMBETTA-PYRENEES", "marker-color": "#818181"}}, {"type": "Feature", "geometry": {"type": "Point", "coordinates": [2.370665, 48.827667]}, "properties": {"numparc": 1478, "etat de la localisation": "autre", "ID BDGEO": "377", "horodatage": "2022-06-19 14:27:19", "distance (en metres)": 2706.76, "station": "DENFERT-ROCHEREAU#", "marker-color": "#818181"}}, {"type": "Feature", "geometry": {"type": "Point", "coordinates": [2.407816, 48.876617]}, "properties": {"numparc": 614, "etat de la localisation": "autre", "ID BDGEO": "359", "horodatage": "2022-06-19 14:28:48", "distance (en metres)": 73.8, "station": "PORTE DES LILAS-METRO.", "marker-color": "#818181"}}, {"type": "Feature", "geometry": {"type": "Point", "coordinates": [2.367628, 48.827255]}, "properties": {"numparc": 1478, "etat de la localisation": "autre", "ID BDGEO": "377", "horodatage": "2022-06-19 14:29:04", "distance (en metres)": 2503.17, "station": "DENFERT-ROCHEREAU#", "marker-color": "#818181"}}, {"type": "Feature", "geometry": {"type": "Point", "coordinates": [2.407816, 48.876617]}, "properties": {"numparc": 614, "etat de la localisation": "autre", "ID BDGEO": "359", "horodatage": "2022-06-19 14:29:14", "distance (en metres)": 73.8, "station": "PORTE DES LILAS-METRO.", "marker-color": "#818181"}}, {"type": "Feature", "geometry": {"type": "Point", "coordinates": [2.364483, 48.826813]}, "properties": {"numparc": 1478, "etat de la localisation": "autre", "ID BDGEO": "377", "horodatage": "2022-06-19 14:30:22", "distance (en metres)": 2297.52, "station": "DENFERT-ROCHEREAU#", "marker-color": "#818181"}}, {"type": "Feature", "geometry": {"type": "Point", "coordinates": [2.36412, 48.826756]}, "properties": {"numparc": 1478, "etat de la localisation": "autre", "ID BDGEO": "377", "horodatage": "2022-06-19 14:31:12", "distance (en metres)": 2274.36, "station": "DENFERT-ROCHEREAU#", "marker-color": "#818181"}}, {"type": "Feature", "geometry": {"type": "Point", "coordinates": [2.408501, 48.877193]}, "properties": {"numparc": 1550, "etat de la localisation": "autre", "ID BDGEO": "377", "horodatage": "2022-06-19 14:31:23", "distance (en metres)": 7274.14, "station": "DENFERT-ROCHEREAU#", "marker-color": "#818181"}}, {"type": "Feature", "geometry": {"type": "Point", "coordinates": [2.360689, 48.82629]}, "properties": {"numparc": 1478, "etat de la localisation": "autre", "ID BDGEO": "377", "horodatage": "2022-06-19 14:32:03", "distance (en metres)": 2057.43, "station": "DENFERT-ROCHEREAU#", "marker-color": "#818181"}}, {"type": "Feature", "geometry": {"type": "Point", "coordinates": [2.379313, 48.832024]}, "properties": {"numparc": 7386, "etat de la localisation": "autre", "ID BDGEO": "141", "horodatage": "2022-06-19 14:32:57", "distance (en metres)": 339.67, "station": "BIBLIOTHEQUE CHEVALERET", "marker-color": "#818181"}}, {"type": "Feature", "geometry": {"type": "Point", "coordinates": [2.405608, 48.874733]}, "properties": {"numparc": 614, "etat de la localisation": "autre", "ID BDGEO": "358", "horodatage": "2022-06-19 14:33:19", "distance (en metres)": 48.72, "station": "PISCINE DES TOURELLES", "marker-color": "#818181"}}, {"type": "Feature", "geometry": {"type": "Point", "coordinates": [2.358855, 48.827526]}, "properties": {"numparc": 1478, "etat de la localisation": "autre", "ID BDGEO": "377", "horodatage": "2022-06-19 14:34:19", "distance (en metres)": 1882.4, "station": "DENFERT-ROCHEREAU#", "marker-color": "#818181"}}, {"type": "Feature", "geometry": {"type": "Point", "coordinates": [2.407589, 48.850277]}, "properties": {"numparc": 7359, "etat de la localisation": "autre", "ID BDGEO": "346", "horodatage": "2022-06-19 14:34:36", "distance (en metres)": 87.51, "station": "LAGNY SORTIE#", "marker-color": "#818181"}}, {"type": "Feature", "geometry": {"type": "Point", "coordinates": [2.404668, 48.872372]}, "properties": {"numparc": 614, "etat de la localisation": "autre", "ID BDGEO": "357", "horodatage": "2022-06-19 14:34:38", "distance (en metres)": 114.33, "station": "SAINT-FARGEAU", "marker-color": "#818181"}}, {"type": "Feature", "geometry": {"type": "Point", "coordinates": [2.382927, 48.833942]}, "properties": {"numparc": 7386, "etat de la localisation": "autre", "ID BDGEO": "141", "horodatage": "2022-06-19 14:35:07", "distance (en metres)": 679.49, "station": "BIBLIOTHEQUE CHEVALERET", "marker-color": "#818181"}}, {"type": "Feature", "geometry": {"type": "Point", "coordinates": [2.356603, 48.830318]}, "properties": {"numparc": 1478, "etat de la localisation": "autre", "ID BDGEO": "377", "horodatage": "2022-06-19 14:35:38", "distance (en metres)": 1637.66, "station": "DENFERT-ROCHEREAU#", "marker-color": "#818181"}}, {"type": "Feature", "geometry": {"type": "Point", "coordinates": [2.356536, 48.830433]}, "properties": {"numparc": 1478, "etat de la localisation": "autre", "ID BDGEO": "377", "horodatage": "2022-06-19 14:36:26", "distance (en metres)": 1630.28, "station": "DENFERT-ROCHEREAU#", "marker-color": "#818181"}}, {"type": "Feature", "geometry": {"type": "Point", "coordinates": [2.407591, 48.850277]}, "properties": {"numparc": 7359, "etat de la localisation": "autre", "ID BDGEO": "346", "horodatage": "2022-06-19 14:36:27", "distance (en metres)": 87.61, "station": "LAGNY SORTIE#", "marker-color": "#818181"}}, {"type": "Feature", "geometry": {"type": "Point", "coordinates": [2.385957, 48.835567]}, "properties": {"numparc": 7386, "etat de la localisation": "autre", "ID BDGEO": "141", "horodatage": "2022-06-19 14:37:16", "distance (en metres)": 965.56, "station": "BIBLIOTHEQUE CHEVALERET", "marker-color": "#818181"}}, {"type": "Feature", "geometry": {"type": "Point", "coordinates": [2.401206, 48.868038]}, "properties": {"numparc": 614, "etat de la localisation": "autre", "ID BDGEO": "356", "horodatage": "2022-06-19 14:37:33", "distance (en metres)": 98.22, "station": "PELLEPORT-GAMBETTA", "marker-color": "#818181"}}, {"type": "Feature", "geometry": {"type": "Point", "coordinates": [2.354142, 48.831142]}, "properties": {"numparc": 1478, "etat de la localisation": "autre", "ID BDGEO": "377", "horodatage": "2022-06-19 14:38:22", "distance (en metres)": 1443.47, "station": "DENFERT-ROCHEREAU#", "marker-color": "#818181"}}, {"type": "Feature", "geometry": {"type": "Point", "coordinates": [2.348944, 48.829853]}, "properties": {"numparc": 1478, "etat de la localisation": "autre", "ID BDGEO": "377", "horodatage": "2022-06-19 14:40:09", "distance (en metres)": 1112.2, "station": "DENFERT-ROCHEREAU#", "marker-color": "#818181"}}, {"type": "Feature", "geometry": {"type": "Point", "coordinates": [2.397072, 48.839512]}, "properties": {"numparc": 7386, "etat de la localisation": "autre", "ID BDGEO": "141", "horodatage": "2022-06-19 14:41:16", "distance (en metres)": 1881.08, "station": "BIBLIOTHEQUE CHEVALERET", "marker-color": "#818181"}}, {"type": "Feature", "geometry": {"type": "Point", "coordinates": [2.343959, 48.83123]}, "properties": {"numparc": 1478, "etat de la localisation": "autre", "ID BDGEO": "377", "horodatage": "2022-06-19 14:41:56", "distance (en metres)": 716.98, "station": "DENFERT-ROCHEREAU#", "marker-color": "#818181"}}, {"type": "Feature", "geometry": {"type": "Point", "coordinates": [2.39931, 48.8395]}, "properties": {"numparc": 7386, "etat de la localisation": "autre", "ID BDGEO": "141", "horodatage": "2022-06-19 14:42:27", "distance (en metres)": 2018.37, "station": "BIBLIOTHEQUE CHEVALERET", "marker-color": "#818181"}}, {"type": "Feature", "geometry": {"type": "Point", "coordinates": [2.403379, 48.839642]}, "properties": {"numparc": 7386, "etat de la localisation": "autre", "ID BDGEO": "141", "horodatage": "2022-06-19 14:43:20", "distance (en metres)": 2285.32, "station": "BIBLIOTHEQUE CHEVALERET", "marker-color": "#818181"}}, {"type": "Feature", "geometry": {"type": "Point", "coordinates": [2.402291, 48.859081]}, "properties": {"numparc": 614, "etat de la localisation": "autre", "ID BDGEO": "232", "horodatage": "2022-06-19 14:43:39", "distance (en metres)": 76.98, "station": "PYRENEES-BAGNOLET", "marker-color": "#818181"}}, {"type": "Feature", "geometry": {"type": "Point", "coordinates": [2.402421, 48.858955]}, "properties": {"numparc": 614, "etat de la localisation": "autre", "ID BDGEO": "232", "horodatage": "2022-06-19 14:43:59", "distance (en metres)": 93.77, "station": "PYRENEES-BAGNOLET", "marker-color": "#818181"}}, {"type": "Feature", "geometry": {"type": "Point", "coordinates": [2.405113, 48.842251]}, "properties": {"numparc": 7386, "etat de la localisation": "autre", "ID BDGEO": "141", "horodatage": "2022-06-19 14:45:17", "distance (en metres)": 2540.46, "station": "BIBLIOTHEQUE CHEVALERET", "marker-color": "#818181"}}, {"type": "Feature", "geometry": {"type": "Point", "coordinates": [2.405064, 48.855976]}, "properties": {"numparc": 614, "etat de la localisation": "autre", "ID BDGEO": "231", "horodatage": "2022-06-19 14:45:56", "distance (en metres)": 66.86, "station": "ORTEAUX", "marker-color": "#818181"}}, {"type": "Feature", "geometry": {"type": "Point", "coordinates": [2.405849, 48.845066]}, "properties": {"numparc": 7386, "etat de la localisation": "autre", "ID BDGEO": "141", "horodatage": "2022-06-19 14:46:17", "distance (en metres)": 2763.05, "station": "BIBLIOTHEQUE CHEVALERET", "marker-color": "#818181"}}, {"type": "Feature", "geometry": {"type": "Point", "coordinates": [2.40617, 48.852287]}, "properties": {"numparc": 614, "etat de la localisation": "autre", "ID BDGEO": "230", "horodatage": "2022-06-19 14:47:34", "distance (en metres)": 83.69, "station": "MARAICHERS", "marker-color": "#818181"}}, {"type": "Feature", "geometry": {"type": "Point", "coordinates": [2.406568, 48.848156]}, "properties": {"numparc": 7386, "etat de la localisation": "autre", "ID BDGEO": "141", "horodatage": "2022-06-19 14:48:07", "distance (en metres)": 3022.09, "station": "BIBLIOTHEQUE CHEVALERET", "marker-color": "#818181"}}, {"type": "Feature", "geometry": {"type": "Point", "coordinates": [2.40636, 48.851208]}, "properties": {"numparc": 7386, "etat de la localisation": "autre", "ID BDGEO": "141", "horodatage": "2022-06-19 14:49:12", "distance (en metres)": 3247.26, "station": "BIBLIOTHEQUE CHEVALERET", "marker-color": "#818181"}}, {"type": "Feature", "geometry": {"type": "Point", "coordinates": [2.407846, 48.876614]}, "properties": {"numparc": 1550, "etat de la localisation": "autre", "ID BDGEO": "377", "horodatage": "2022-06-19 14:49:23", "distance (en metres)": 7195.4, "station": "DENFERT-ROCHEREAU#", "marker-color": "#818181"}}, {"type": "Feature", "geometry": {"type": "Point", "coordinates": [2.406071, 48.852978]}, "properties": {"numparc": 7386, "etat de la localisation": "autre", "ID BDGEO": "141", "horodatage": "2022-06-19 14:50:04", "distance (en metres)": 3378.52, "station": "BIBLIOTHEQUE CHEVALERET", "marker-color": "#818181"}}, {"type": "Feature", "geometry": {"type": "Point", "coordinates": [2.406387, 48.847916]}, "properties": {"numparc": 614, "etat de la localisation": "autre", "ID BDGEO": "68", "horodatage": "2022-06-19 14:50:30", "distance (en metres)": 40.72, "station": "COURS DE VINCENNES", "marker-color": "#818181"}}, {"type": "Feature", "geometry": {"type": "Point", "coordinates": [2.404841, 48.856468]}, "properties": {"numparc": 7386, "etat de la localisation": "autre", "ID BDGEO": "141", "horodatage": "2022-06-19 14:51:18", "distance (en metres)": 3626.45, "station": "BIBLIOTHEQUE CHEVALERET", "marker-color": "#818181"}}, {"type": "Feature", "geometry": {"type": "Point", "coordinates": [2.406407, 48.876686]}, "properties": {"numparc": 1550, "etat de la localisation": "autre", "ID BDGEO": "377", "horodatage": "2022-06-19 14:52:12", "distance (en metres)": 7122.91, "station": "DENFERT-ROCHEREAU#", "marker-color": "#818181"}}, {"type": "Feature", "geometry": {"type": "Point", "coordinates": [2.405682, 48.844395]}, "properties": {"numparc": 614, "etat de la localisation": "autre", "ID BDGEO": "55", "horodatage": "2022-06-19 14:52:34", "distance (en metres)": 108.99, "station": "AVENUE DE SAINT-MANDE", "marker-color": "#818181"}}, {"type": "Feature", "geometry": {"type": "Point", "coordinates": [2.401833, 48.859493]}, "properties": {"numparc": 7386, "etat de la localisation": "autre", "ID BDGEO": "141", "horodatage": "2022-06-19 14:52:54", "distance (en metres)": 3788.21, "station": "BIBLIOTHEQUE CHEVALERET", "marker-color": "#818181"}}, {"type": "Feature", "geometry": {"type": "Point", "coordinates": [2.405659, 48.874783]}, "properties": {"numparc": 1550, "etat de la localisation": "autre", "ID BDGEO": "377", "horodatage": "2022-06-19 14:53:28", "distance (en metres)": 6940.51, "station": "DENFERT-ROCHEREAU#", "marker-color": "#818181"}}, {"type": "Feature", "geometry": {"type": "Point", "coordinates": [2.404743, 48.872387]}, "properties": {"numparc": 1550, "etat de la localisation": "autre", "ID BDGEO": "377", "horodatage": "2022-06-19 14:54:29", "distance (en metres)": 6715.44, "station": "DENFERT-ROCHEREAU#", "marker-color": "#818181"}}, {"type": "Feature", "geometry": {"type": "Point", "coordinates": [2.399046, 48.864288]}, "properties": {"numparc": 7386, "etat de la localisation": "autre", "ID BDGEO": "141", "horodatage": "2022-06-19 14:54:52", "distance (en metres)": 4169.8, "station": "BIBLIOTHEQUE CHEVALERET", "marker-color": "#818181"}}, {"type": "Feature", "geometry": {"type": "Point", "coordinates": [2.40579, 48.845085]}, "properties": {"numparc": 1463, "etat de la localisation": "autre", "ID BDGEO": "73", "horodatage": "2022-06-19 14:55:28", "distance (en metres)": 81.47, "station": "AVENUE DE SAINT-MANDE", "marker-color": "#818181"}}, {"type": "Feature", "geometry": {"type": "Point", "coordinates": [2.40402, 48.839729]}, "properties": {"numparc": 614, "etat de la localisation": "autre", "ID BDGEO": "31", "horodatage": "2022-06-19 14:55:51", "distance (en metres)": 56.38, "station": "LOUIS BRAILLE", "marker-color": "#818181"}}, {"type": "Feature", "geometry": {"type": "Point", "coordinates": [2.401347, 48.868038]}, "properties": {"numparc": 1550, "etat de la localisation": "autre", "ID BDGEO": "377", "horodatage": "2022-06-19 14:56:12", "distance (en metres)": 6216.95, "station": "DENFERT-ROCHEREAU#", "marker-color": "#818181"}}, {"type": "Feature", "geometry": {"type": "Point", "coordinates": [2.399357, 48.865784]}, "properties": {"numparc": 1550, "etat de la localisation": "autre", "ID BDGEO": "377", "horodatage": "2022-06-19 14:58:01", "distance (en metres)": 5948.27, "station": "DENFERT-ROCHEREAU#", "marker-color": "#818181"}}, {"type": "Feature", "geometry": {"type": "Point", "coordinates": [2.406306, 48.85128]}, "properties": {"numparc": 1463, "etat de la localisation": "autre", "ID BDGEO": "225", "horodatage": "2022-06-19 14:58:41", "distance (en metres)": 120.44, "station": "MARAICHERS", "marker-color": "#818181"}}, {"type": "Feature", "geometry": {"type": "Point", "coordinates": [2.398999, 48.865356]}, "properties": {"numparc": 1550, "etat de la localisation": "autre", "ID BDGEO": "377", "horodatage": "2022-06-19 14:58:51", "distance (en metres)": 5898.68, "station": "DENFERT-ROCHEREAU#", "marker-color": "#818181"}}, {"type": "Feature", "geometry": {"type": "Point", "coordinates": [2.401913, 48.868816]}, "properties": {"numparc": 7386, "etat de la localisation": "autre", "ID BDGEO": "141", "horodatage": "2022-06-19 14:58:56", "distance (en metres)": 4715.05, "station": "BIBLIOTHEQUE CHEVALERET", "marker-color": "#818181"}}, {"type": "Feature", "geometry": {"type": "Point", "coordinates": [2.398894, 48.864468]}, "properties": {"numparc": 1550, "etat de la localisation": "autre", "ID BDGEO": "377", "horodatage": "2022-06-19 14:59:53", "distance (en metres)": 5833.44, "station": "DENFERT-ROCHEREAU#", "marker-color": "#818181"}}, {"type": "Feature", "geometry": {"type": "Point", "coordinates": [2.406025, 48.852997]}, "properties": {"numparc": 1463, "etat de la localisation": "autre", "ID BDGEO": "225", "horodatage": "2022-06-19 15:00:24", "distance (en metres)": 71.54, "station": "MARAICHERS", "marker-color": "#818181"}}, {"type": "Feature", "geometry": {"type": "Point", "coordinates": [2.406025, 48.852993]}, "properties": {"numparc": 1463, "etat de la localisation": "autre", "ID BDGEO": "225", "horodatage": "2022-06-19 15:00:42", "distance (en metres)": 71.12, "station": "MARAICHERS", "marker-color": "#818181"}}, {"type": "Feature", "geometry": {"type": "Point", "coordinates": [2.404161, 48.871368]}, "properties": {"numparc": 7386, "etat de la localisation": "autre", "ID BDGEO": "141", "horodatage": "2022-06-19 15:00:50", "distance (en metres)": 5041.27, "station": "BIBLIOTHEQUE CHEVALERET", "marker-color": "#818181"}}, {"type": "Feature", "geometry": {"type": "Point", "coordinates": [2.406027, 48.852989]}, "properties": {"numparc": 1463, "etat de la localisation": "autre", "ID BDGEO": "225", "horodatage": "2022-06-19 15:00:54", "distance (en metres)": 70.68, "station": "MARAICHERS", "marker-color": "#818181"}}, {"type": "Feature", "geometry": {"type": "Point", "coordinates": [2.390644, 48.837212]}, "properties": {"numparc": 614, "etat de la localisation": "autre", "ID BDGEO": "122", "horodatage": "2022-06-19 15:00:54", "distance (en metres)": 524.05, "station": "DOCTEUR GOUJON-REUILLY", "marker-color": "#818181"}}, {"type": "Feature", "geometry": {"type": "Point", "coordinates": [2.400343, 48.861385]}, "properties": {"numparc": 1550, "etat de la localisation": "autre", "ID BDGEO": "377", "horodatage": "2022-06-19 15:01:05", "distance (en metres)": 5725.66, "station": "DENFERT-ROCHEREAU#", "marker-color": "#818181"}}, {"type": "Feature", "geometry": {"type": "Point", "coordinates": [2.404786, 48.856449]}, "properties": {"numparc": 1463, "etat de la localisation": "autre", "ID BDGEO": "224", "horodatage": "2022-06-19 15:02:01", "distance (en metres)": 53.18, "station": "ORTEAUX", "marker-color": "#818181"}}, {"type": "Feature", "geometry": {"type": "Point", "coordinates": [2.405445, 48.874191]}, "properties": {"numparc": 7386, "etat de la localisation": "autre", "ID BDGEO": "141", "horodatage": "2022-06-19 15:02:25", "distance (en metres)": 5366.13, "station": "BIBLIOTHEQUE CHEVALERET", "marker-color": "#818181"}}, {"type": "Feature", "geometry": {"type": "Point", "coordinates": [2.402351, 48.858959]}, "properties": {"numparc": 1550, "etat de la localisation": "autre", "ID BDGEO": "377", "horodatage": "2022-06-19 15:02:36", "distance (en metres)": 5710.36, "station": "DENFERT-ROCHEREAU#", "marker-color": "#818181"}}, {"type": "Feature", "geometry": {"type": "Point", "coordinates": [2.385948, 48.835533]}, "properties": {"numparc": 614, "etat de la localisation": "autre", "ID BDGEO": "122", "horodatage": "2022-06-19 15:02:53", "distance (en metres)": 915.12, "station": "DOCTEUR GOUJON-REUILLY", "marker-color": "#818181"}}, {"type": "Feature", "geometry": {"type": "Point", "coordinates": [2.406482, 48.87677]}, "properties": {"numparc": 7386, "etat de la localisation": "autre", "ID BDGEO": "141", "horodatage": "2022-06-19 15:03:19", "distance (en metres)": 5659.21, "station": "BIBLIOTHEQUE CHEVALERET", "marker-color": "#818181"}}, {"type": "Feature", "geometry": {"type": "Point", "coordinates": [2.401758, 48.859432]}, "properties": {"numparc": 1463, "etat de la localisation": "autre", "ID BDGEO": "223", "horodatage": "2022-06-19 15:03:24", "distance (en metres)": 53.3, "station": "PYRENEES-BAGNOLET", "marker-color": "#818181"}}, {"type": "Feature", "geometry": {"type": "Point", "coordinates": [2.405026, 48.855995]}, "properties": {"numparc": 1550, "etat de la localisation": "autre", "ID BDGEO": "377", "horodatage": "2022-06-19 15:04:11", "distance (en metres)": 5728.66, "station": "DENFERT-ROCHEREAU#", "marker-color": "#818181"}}, {"type": "Feature", "geometry": {"type": "Point", "coordinates": [2.382898, 48.833935]}, "properties": {"numparc": 614, "etat de la localisation": "autre", "ID BDGEO": "122", "horodatage": "2022-06-19 15:04:17", "distance (en metres)": 1197.57, "station": "DOCTEUR GOUJON-REUILLY", "marker-color": "#818181"}}, {"type": "Feature", "geometry": {"type": "Point", "coordinates": [2.382898, 48.833935]}, "properties": {"numparc": 614, "etat de la localisation": "autre", "ID BDGEO": "122", "horodatage": "2022-06-19 15:04:23", "distance (en metres)": 1197.57, "station": "DOCTEUR GOUJON-REUILLY", "marker-color": "#818181"}}, {"type": "Feature", "geometry": {"type": "Point", "coordinates": [2.400184, 48.86198]}, "properties": {"numparc": 1463, "etat de la localisation": "autre", "ID BDGEO": "222", "horodatage": "2022-06-19 15:04:32", "distance (en metres)": 52.44, "station": "RAMUS", "marker-color": "#818181"}}, {"type": "Feature", "geometry": {"type": "Point", "coordinates": [2.408564, 48.877121]}, "properties": {"numparc": 7386, "etat de la localisation": "autre", "ID BDGEO": "377", "horodatage": "2022-06-19 15:04:56", "distance (en metres)": 7272.18, "station": "DENFERT-ROCHEREAU#", "marker-color": "#818181"}}, {"type": "Feature", "geometry": {"type": "Point", "coordinates": [2.406186, 48.852299]}, "properties": {"numparc": 1550, "etat de la localisation": "autre", "ID BDGEO": "377", "horodatage": "2022-06-19 15:05:42", "distance (en metres)": 5639.11, "station": "DENFERT-ROCHEREAU#", "marker-color": "#818181"}}, {"type": "Feature", "geometry": {"type": "Point", "coordinates": [2.379154, 48.831947]}, "properties": {"numparc": 614, "etat de la localisation": "autre", "ID BDGEO": "122", "horodatage": "2022-06-19 15:06:25", "distance (en metres)": 1547.31, "station": "DOCTEUR GOUJON-REUILLY", "marker-color": "#818181"}}, {"type": "Feature", "geometry": {"type": "Point", "coordinates": [2.406435, 48.850159]}, "properties": {"numparc": 1550, "etat de la localisation": "autre", "ID BDGEO": "377", "horodatage": "2022-06-19 15:07:31", "distance (en metres)": 5571.85, "station": "DENFERT-ROCHEREAU#", "marker-color": "#818181"}}, {"type": "Feature", "geometry": {"type": "Point", "coordinates": [2.406435, 48.850159]}, "properties": {"numparc": 1550, "etat de la localisation": "autre", "ID BDGEO": "377", "horodatage": "2022-06-19 15:07:34", "distance (en metres)": 5571.85, "station": "DENFERT-ROCHEREAU#", "marker-color": "#818181"}}, {"type": "Feature", "geometry": {"type": "Point", "coordinates": [2.376864, 48.830276]}, "properties": {"numparc": 614, "etat de la localisation": "autre", "ID BDGEO": "141", "horodatage": "2022-06-19 15:07:51", "distance (en metres)": 84.69, "station": "BIBLIOTHEQUE CHEVALERET", "marker-color": "#818181"}}, {"type": "Feature", "geometry": {"type": "Point", "coordinates": [2.377388, 48.829861]}, "properties": {"numparc": 614, "etat de la localisation": "Delocalise", "ID BDGEO": "141", "horodatage": "2022-06-19 15:08:42", "distance (en metres)": 121.83, "station": "BIBLIOTHEQUE CHEVALERET", "marker-color": "#FF565E"}}, {"type": "Feature", "geometry": {"type": "Point", "coordinates": [2.406413, 48.847923]}, "properties": {"numparc": 1550, "etat de la localisation": "autre", "ID BDGEO": "377", "horodatage": "2022-06-19 15:09:03", "distance (en metres)": 5492.05, "station": "DENFERT-ROCHEREAU#", "marker-color": "#818181"}}, {"type": "Feature", "geometry": {"type": "Point", "coordinates": [2.401773, 48.868763]}, "properties": {"numparc": 1463, "etat de la localisation": "autre", "ID BDGEO": "220", "horodatage": "2022-06-19 15:09:10", "distance (en metres)": 518.83, "station": "GAMBETTA-PYRENEES", "marker-color": "#818181"}}, {"type": "Feature", "geometry": {"type": "Point", "coordinates": [2.406412, 48.847904]}, "properties": {"numparc": 1550, "etat de la localisation": "autre", "ID BDGEO": "377", "horodatage": "2022-06-19 15:09:47", "distance (en metres)": 5491.34, "station": "DENFERT-ROCHEREAU#", "marker-color": "#818181"}}, {"type": "Feature", "geometry": {"type": "Point", "coordinates": [2.406412, 48.847904]}, "properties": {"numparc": 1550, "etat de la localisation": "autre", "ID BDGEO": "377", "horodatage": "2022-06-19 15:10:03", "distance (en metres)": 5491.34, "station": "DENFERT-ROCHEREAU#", "marker-color": "#818181"}}, {"type": "Feature", "geometry": {"type": "Point", "coordinates": [2.377794, 48.829605]}, "properties": {"numparc": 614, "etat de la localisation": "Delocalise", "ID BDGEO": "141", "horodatage": "2022-06-19 15:10:04", "distance (en metres)": 157.92, "station": "BIBLIOTHEQUE CHEVALERET", "marker-color": "#FF565E"}}, {"type": "Feature", "geometry": {"type": "Point", "coordinates": [2.404039, 48.871296]}, "properties": {"numparc": 1463, "etat de la localisation": "autre", "ID BDGEO": "220", "horodatage": "2022-06-19 15:10:13", "distance (en metres)": 844.68, "station": "GAMBETTA-PYRENEES", "marker-color": "#818181"}}, {"type": "Feature", "geometry": {"type": "Point", "coordinates": [2.405713, 48.844433]}, "properties": {"numparc": 1550, "etat de la localisation": "autre", "ID BDGEO": "377", "horodatage": "2022-06-19 15:11:20", "distance (en metres)": 5340.63, "station": "DENFERT-ROCHEREAU#", "marker-color": "#818181"}}, {"type": "Feature", "geometry": {"type": "Point", "coordinates": [2.405375, 48.874157]}, "properties": {"numparc": 1463, "etat de la localisation": "autre", "ID BDGEO": "220", "horodatage": "2022-06-19 15:11:53", "distance (en metres)": 1173.86, "station": "GAMBETTA-PYRENEES", "marker-color": "#818181"}}, {"type": "Feature", "geometry": {"type": "Point", "coordinates": [2.405171, 48.842476]}, "properties": {"numparc": 1550, "etat de la localisation": "autre", "ID BDGEO": "377", "horodatage": "2022-06-19 15:12:34", "distance (en metres)": 5255.82, "station": "DENFERT-ROCHEREAU#", "marker-color": "#818181"}}, {"type": "Feature", "geometry": {"type": "Point", "coordinates": [2.406391, 48.876629]}, "properties": {"numparc": 1463, "etat de la localisation": "autre", "ID BDGEO": "220", "horodatage": "2022-06-19 15:12:56", "distance (en metres)": 1455.69, "station": "GAMBETTA-PYRENEES", "marker-color": "#818181"}}, {"type": "Feature", "geometry": {"type": "Point", "coordinates": [2.404153, 48.839771]}, "properties": {"numparc": 1550, "etat de la localisation": "autre", "ID BDGEO": "377", "horodatage": "2022-06-19 15:14:31", "distance (en metres)": 5132.49, "station": "DENFERT-ROCHEREAU#", "marker-color": "#818181"}}, {"type": "Feature", "geometry": {"type": "Point", "coordinates": [2.399403, 48.839638]}, "properties": {"numparc": 1550, "etat de la localisation": "autre", "ID BDGEO": "377", "horodatage": "2022-06-19 15:15:44", "distance (en metres)": 4786.27, "station": "DENFERT-ROCHEREAU#", "marker-color": "#818181"}}, {"type": "Feature", "geometry": {"type": "Point", "coordinates": [2.396683, 48.839603]}, "properties": {"numparc": 1550, "etat de la localisation": "autre", "ID BDGEO": "377", "horodatage": "2022-06-19 15:17:02", "distance (en metres)": 4588.84, "station": "DENFERT-ROCHEREAU#", "marker-color": "#818181"}}, {"type": "Feature", "geometry": {"type": "Point", "coordinates": [2.408482, 48.877258]}, "properties": {"numparc": 1463, "etat de la localisation": "autre", "ID BDGEO": "220", "horodatage": "2022-06-19 15:17:03", "distance (en metres)": 1582.97, "station": "GAMBETTA-PYRENEES", "marker-color": "#818181"}}, {"type": "Feature", "geometry": {"type": "Point", "coordinates": [2.393892, 48.839024]}, "properties": {"numparc": 1550, "etat de la localisation": "autre", "ID BDGEO": "377", "horodatage": "2022-06-19 15:18:59", "distance (en metres)": 4377.31, "station": "DENFERT-ROCHEREAU#", "marker-color": "#818181"}}, {"type": "Feature", "geometry": {"type": "Point", "coordinates": [2.390719, 48.837261]}, "properties": {"numparc": 1550, "etat de la localisation": "autre", "ID BDGEO": "377", "horodatage": "2022-06-19 15:20:49", "distance (en metres)": 4122.45, "station": "DENFERT-ROCHEREAU#", "marker-color": "#818181"}}, {"type": "Feature", "geometry": {"type": "Point", "coordinates": [2.408295, 48.876724]}, "properties": {"numparc": 1463, "etat de la localisation": "autre", "ID BDGEO": "220", "horodatage": "2022-06-19 15:21:39", "distance (en metres)": 1523.81, "station": "GAMBETTA-PYRENEES", "marker-color": "#818181"}}, {"type": "Feature", "geometry": {"type": "Point", "coordinates": [2.343327, 48.830971]}, "properties": {"numparc": 1478, "etat de la localisation": "autre", "ID BDGEO": "353", "horodatage": "2022-06-19 15:21:44", "distance (en metres)": 963.54, "station": "PLACE D'ITALIE-CHOISY", "marker-color": "#818181"}}, {"type": "Feature", "geometry": {"type": "Point", "coordinates": [2.376912, 48.830387]}, "properties": {"numparc": 614, "etat de la localisation": "Delocalise", "ID BDGEO": "141", "horodatage": "2022-06-19 15:22:01", "distance (en metres)": 92.14, "station": "BIBLIOTHEQUE CHEVALERET", "marker-color": "#FF565E"}}, {"type": "Feature", "geometry": {"type": "Point", "coordinates": [2.385912, 48.835621]}, "properties": {"numparc": 1550, "etat de la localisation": "autre", "ID BDGEO": "377", "horodatage": "2022-06-19 15:23:05", "distance (en metres)": 3756.18, "station": "DENFERT-ROCHEREAU#", "marker-color": "#818181"}}, {"type": "Feature", "geometry": {"type": "Point", "coordinates": [2.347645, 48.829781]}, "properties": {"numparc": 1478, "etat de la localisation": "autre", "ID BDGEO": "353", "horodatage": "2022-06-19 15:23:24", "distance (en metres)": 652.43, "station": "PLACE D'ITALIE-CHOISY", "marker-color": "#818181"}}, {"type": "Feature", "geometry": {"type": "Point", "coordinates": [2.383064, 48.834042]}, "properties": {"numparc": 1550, "etat de la localisation": "autre", "ID BDGEO": "377", "horodatage": "2022-06-19 15:24:07", "distance (en metres)": 3540.13, "station": "DENFERT-ROCHEREAU#", "marker-color": "#818181"}}, {"type": "Feature", "geometry": {"type": "Point", "coordinates": [2.379189, 48.831947]}, "properties": {"numparc": 1550, "etat de la localisation": "autre", "ID BDGEO": "377", "horodatage": "2022-06-19 15:25:44", "distance (en metres)": 3259.48, "station": "DENFERT-ROCHEREAU#", "marker-color": "#818181"}}, {"type": "Feature", "geometry": {"type": "Point", "coordinates": [2.329415, 48.822948]}, "properties": {"numparc": 1466, "etat de la localisation": "autre", "ID BDGEO": "379", "horodatage": "2022-06-19 15:26:41", "distance (en metres)": 1228.2, "station": "DENFERT-ROCHEREAU.", "marker-color": "#818181"}}, {"type": "Feature", "geometry": {"type": "Point", "coordinates": [2.354454, 48.830925]}, "properties": {"numparc": 1478, "etat de la localisation": "autre", "ID BDGEO": "353", "horodatage": "2022-06-19 15:26:53", "distance (en metres)": 153.15, "station": "PLACE D'ITALIE-CHOISY", "marker-color": "#818181"}}, {"type": "Feature", "geometry": {"type": "Point", "coordinates": [2.375869, 48.83012]}, "properties": {"numparc": 1550, "etat de la localisation": "autre", "ID BDGEO": "377", "horodatage": "2022-06-19 15:27:37", "distance (en metres)": 3034.13, "station": "DENFERT-ROCHEREAU#", "marker-color": "#818181"}}, {"type": "Feature", "geometry": {"type": "Point", "coordinates": [2.379313, 48.831993]}, "properties": {"numparc": 614, "etat de la localisation": "autre", "ID BDGEO": "141", "horodatage": "2022-06-19 15:28:04", "distance (en metres)": 337.5, "station": "BIBLIOTHEQUE CHEVALERET", "marker-color": "#818181"}}, {"type": "Feature", "geometry": {"type": "Point", "coordinates": [2.379341, 48.832012]}, "properties": {"numparc": 614, "etat de la localisation": "autre", "ID BDGEO": "141", "horodatage": "2022-06-19 15:29:24", "distance (en metres)": 340.43, "station": "BIBLIOTHEQUE CHEVALERET", "marker-color": "#818181"}}, {"type": "Feature", "geometry": {"type": "Point", "coordinates": [2.370683, 48.827656]}, "properties": {"numparc": 1550, "etat de la localisation": "autre", "ID BDGEO": "377", "horodatage": "2022-06-19 15:29:45", "distance (en metres)": 2708.33, "station": "DENFERT-ROCHEREAU#", "marker-color": "#818181"}}, {"type": "Feature", "geometry": {"type": "Point", "coordinates": [2.358876, 48.827431]}, "properties": {"numparc": 1478, "etat de la localisation": "autre", "ID BDGEO": "353", "horodatage": "2022-06-19 15:30:47", "distance (en metres)": 391.01, "station": "PLACE D'ITALIE-CHOISY", "marker-color": "#818181"}}, {"type": "Feature", "geometry": {"type": "Point", "coordinates": [2.367686, 48.827255]}, "properties": {"numparc": 1550, "etat de la localisation": "autre", "ID BDGEO": "377", "horodatage": "2022-06-19 15:31:17", "distance (en metres)": 2507.25, "station": "DENFERT-ROCHEREAU#", "marker-color": "#818181"}}, {"type": "Feature", "geometry": {"type": "Point", "coordinates": [2.360632, 48.826275]}, "properties": {"numparc": 1478, "etat de la localisation": "autre", "ID BDGEO": "353", "horodatage": "2022-06-19 15:32:05", "distance (en metres)": 566.46, "station": "PLACE D'ITALIE-CHOISY", "marker-color": "#818181"}}, {"type": "Feature", "geometry": {"type": "Point", "coordinates": [2.364529, 48.826801]}, "properties": {"numparc": 1550, "etat de la localisation": "autre", "ID BDGEO": "377", "horodatage": "2022-06-19 15:32:10", "distance (en metres)": 2301.09, "station": "DENFERT-ROCHEREAU#", "marker-color": "#818181"}}, {"type": "Feature", "geometry": {"type": "Point", "coordinates": [2.364104, 48.826759]}, "properties": {"numparc": 1478, "etat de la localisation": "autre", "ID BDGEO": "353", "horodatage": "2022-06-19 15:33:13", "distance (en metres)": 701.08, "station": "PLACE D'ITALIE-CHOISY", "marker-color": "#818181"}}, {"type": "Feature", "geometry": {"type": "Point", "coordinates": [2.406331, 48.876663]}, "properties": {"numparc": 7386, "etat de la localisation": "autre", "ID BDGEO": "377", "horodatage": "2022-06-19 15:33:21", "distance (en metres)": 7117.09, "station": "DENFERT-ROCHEREAU#", "marker-color": "#818181"}}, {"type": "Feature", "geometry": {"type": "Point", "coordinates": [2.360781, 48.82629]}, "properties": {"numparc": 1550, "etat de la localisation": "autre", "ID BDGEO": "377", "horodatage": "2022-06-19 15:33:24", "distance (en metres)": 2063.66, "station": "DENFERT-ROCHEREAU#", "marker-color": "#818181"}}, {"type": "Feature", "geometry": {"type": "Point", "coordinates": [2.36678, 48.827187]}, "properties": {"numparc": 1478, "etat de la localisation": "autre", "ID BDGEO": "353", "horodatage": "2022-06-19 15:34:21", "distance (en metres)": 842.97, "station": "PLACE D'ITALIE-CHOISY", "marker-color": "#818181"}}, {"type": "Feature", "geometry": {"type": "Point", "coordinates": [2.358986, 48.827511]}, "properties": {"numparc": 1550, "etat de la localisation": "autre", "ID BDGEO": "377", "horodatage": "2022-06-19 15:34:35", "distance (en metres)": 1891.99, "station": "DENFERT-ROCHEREAU#", "marker-color": "#818181"}}, {"type": "Feature", "geometry": {"type": "Point", "coordinates": [2.404705, 48.872513]}, "properties": {"numparc": 7386, "etat de la localisation": "autre", "ID BDGEO": "377", "horodatage": "2022-06-19 15:35:18", "distance (en metres)": 6722.38, "station": "DENFERT-ROCHEREAU#", "marker-color": "#818181"}}, {"type": "Feature", "geometry": {"type": "Point", "coordinates": [2.371565, 48.828087]}, "properties": {"numparc": 1478, "etat de la localisation": "autre", "ID BDGEO": "353", "horodatage": "2022-06-19 15:36:11", "distance (en metres)": 1138.53, "station": "PLACE D'ITALIE-CHOISY", "marker-color": "#818181"}}, {"type": "Feature", "geometry": {"type": "Point", "coordinates": [2.356644, 48.830349]}, "properties": {"numparc": 1550, "etat de la localisation": "autre", "ID BDGEO": "377", "horodatage": "2022-06-19 15:36:18", "distance (en metres)": 1639.91, "station": "DENFERT-ROCHEREAU#", "marker-color": "#818181"}}, {"type": "Feature", "geometry": {"type": "Point", "coordinates": [2.401277, 48.868233]}, "properties": {"numparc": 7386, "etat de la localisation": "autre", "ID BDGEO": "377", "horodatage": "2022-06-19 15:37:31", "distance (en metres)": 6226.39, "station": "DENFERT-ROCHEREAU#", "marker-color": "#818181"}}, {"type": "Feature", "geometry": {"type": "Point", "coordinates": [2.375617, 48.830372]}, "properties": {"numparc": 1478, "etat de la localisation": "autre", "ID BDGEO": "353", "horodatage": "2022-06-19 15:38:08", "distance (en metres)": 1401.23, "station": "PLACE D'ITALIE-CHOISY", "marker-color": "#818181"}}, {"type": "Feature", "geometry": {"type": "Point", "coordinates": [2.354125, 48.831165]}, "properties": {"numparc": 1550, "etat de la localisation": "autre", "ID BDGEO": "377", "horodatage": "2022-06-19 15:38:18", "distance (en metres)": 1441.82, "station": "DENFERT-ROCHEREAU#", "marker-color": "#818181"}}, {"type": "Feature", "geometry": {"type": "Point", "coordinates": [2.399315, 48.865982]}, "properties": {"numparc": 7386, "etat de la localisation": "autre", "ID BDGEO": "377", "horodatage": "2022-06-19 15:38:20", "distance (en metres)": 5959.22, "station": "DENFERT-ROCHEREAU#", "marker-color": "#818181"}}, {"type": "Feature", "geometry": {"type": "Point", "coordinates": [2.399315, 48.865982]}, "properties": {"numparc": 7386, "etat de la localisation": "autre", "ID BDGEO": "377", "horodatage": "2022-06-19 15:38:31", "distance (en metres)": 5959.22, "station": "DENFERT-ROCHEREAU#", "marker-color": "#818181"}}, {"type": "Feature", "geometry": {"type": "Point", "coordinates": [2.376216, 48.830723]}, "properties": {"numparc": 1478, "etat de la localisation": "autre", "ID BDGEO": "353", "horodatage": "2022-06-19 15:38:41", "distance (en metres)": 1444.98, "station": "PLACE D'ITALIE-CHOISY", "marker-color": "#818181"}}, {"type": "Feature", "geometry": {"type": "Point", "coordinates": [2.37928, 48.832436]}, "properties": {"numparc": 1478, "etat de la localisation": "autre", "ID BDGEO": "353", "horodatage": "2022-06-19 15:39:45", "distance (en metres)": 1681.95, "station": "PLACE D'ITALIE-CHOISY", "marker-color": "#818181"}}, {"type": "Feature", "geometry": {"type": "Point", "coordinates": [2.398806, 48.864483]}, "properties": {"numparc": 7386, "etat de la localisation": "autre", "ID BDGEO": "377", "horodatage": "2022-06-19 15:39:50", "distance (en metres)": 5829.26, "station": "DENFERT-ROCHEREAU#", "marker-color": "#818181"}}, {"type": "Feature", "geometry": {"type": "Point", "coordinates": [2.348975, 48.829861]}, "properties": {"numparc": 1550, "etat de la localisation": "autre", "ID BDGEO": "377", "horodatage": "2022-06-19 15:39:55", "distance (en metres)": 1114.03, "station": "DENFERT-ROCHEREAU#", "marker-color": "#818181"}}, {"type": "Feature", "geometry": {"type": "Point", "coordinates": [2.398806, 48.864483]}, "properties": {"numparc": 7386, "etat de la localisation": "autre", "ID BDGEO": "377", "horodatage": "2022-06-19 15:39:59", "distance (en metres)": 5829.26, "station": "DENFERT-ROCHEREAU#", "marker-color": "#818181"}}, {"type": "Feature", "geometry": {"type": "Point", "coordinates": [2.382949, 48.833946]}, "properties": {"numparc": 1478, "etat de la localisation": "autre", "ID BDGEO": "353", "horodatage": "2022-06-19 15:41:43", "distance (en metres)": 1973.66, "station": "PLACE D'ITALIE-CHOISY", "marker-color": "#818181"}}, {"type": "Feature", "geometry": {"type": "Point", "coordinates": [2.343937, 48.8312]}, "properties": {"numparc": 1550, "etat de la localisation": "autre", "ID BDGEO": "377", "horodatage": "2022-06-19 15:41:50", "distance (en metres)": 716.57, "station": "DENFERT-ROCHEREAU#", "marker-color": "#818181"}}, {"type": "Feature", "geometry": {"type": "Point", "coordinates": [2.4079, 48.876678]}, "properties": {"numparc": 1463, "etat de la localisation": "autre", "ID BDGEO": "220", "horodatage": "2022-06-19 15:42:07", "distance (en metres)": 1506.29, "station": "GAMBETTA-PYRENEES", "marker-color": "#818181"}}, {"type": "Feature", "geometry": {"type": "Point", "coordinates": [2.385979, 48.835663]}, "properties": {"numparc": 1478, "etat de la localisation": "autre", "ID BDGEO": "353", "horodatage": "2022-06-19 15:42:41", "distance (en metres)": 2232.36, "station": "PLACE D'ITALIE-CHOISY", "marker-color": "#818181"}}, {"type": "Feature", "geometry": {"type": "Point", "coordinates": [2.402351, 48.859009]}, "properties": {"numparc": 7386, "etat de la localisation": "autre", "ID BDGEO": "377", "horodatage": "2022-06-19 15:43:01", "distance (en metres)": 5713.11, "station": "DENFERT-ROCHEREAU#", "marker-color": "#818181"}}, {"type": "Feature", "geometry": {"type": "Point", "coordinates": [2.33367, 48.834064]}, "properties": {"numparc": 1550, "etat de la localisation": "autre", "ID BDGEO": "377", "horodatage": "2022-06-19 15:44:04", "distance (en metres)": 109.89, "station": "DENFERT-ROCHEREAU#", "marker-color": "#818181"}}, {"type": "Feature", "geometry": {"type": "Point", "coordinates": [2.390755, 48.837288]}, "properties": {"numparc": 1478, "etat de la localisation": "autre", "ID BDGEO": "353", "horodatage": "2022-06-19 15:44:46", "distance (en metres)": 2617.71, "station": "PLACE D'ITALIE-CHOISY", "marker-color": "#818181"}}, {"type": "Feature", "geometry": {"type": "Point", "coordinates": [2.404914, 48.856071]}, "properties": {"numparc": 7386, "etat de la localisation": "autre", "ID BDGEO": "377", "horodatage": "2022-06-19 15:44:48", "distance (en metres)": 5725.03, "station": "DENFERT-ROCHEREAU#", "marker-color": "#818181"}}, {"type": "Feature", "geometry": {"type": "Point", "coordinates": [2.405814, 48.845112]}, "properties": {"numparc": 614, "etat de la localisation": "autre", "ID BDGEO": "73", "horodatage": "2022-06-19 15:44:59", "distance (en metres)": 84.66, "station": "AVENUE DE SAINT-MANDE", "marker-color": "#818181"}}, {"type": "Feature", "geometry": {"type": "Point", "coordinates": [2.390934, 48.837288]}, "properties": {"numparc": 1478, "etat de la localisation": "autre", "ID BDGEO": "353", "horodatage": "2022-06-19 15:45:26", "distance (en metres)": 2630.28, "station": "PLACE D'ITALIE-CHOISY", "marker-color": "#818181"}}, {"type": "Feature", "geometry": {"type": "Point", "coordinates": [2.406369, 48.876743]}, "properties": {"numparc": 1463, "etat de la localisation": "autre", "ID BDGEO": "220", "horodatage": "2022-06-19 15:45:27", "distance (en metres)": 1466.86, "station": "GAMBETTA-PYRENEES", "marker-color": "#818181"}}, {"type": "Feature", "geometry": {"type": "Point", "coordinates": [2.371763, 48.827946]}, "properties": {"numparc": 7394, "etat de la localisation": "autre", "ID BDGEO": "154", "horodatage": "2022-06-19 15:46:02", "distance (en metres)": 89.78, "station": "PATAY-TOLBIAC", "marker-color": "#818181"}}, {"type": "Feature", "geometry": {"type": "Point", "coordinates": [2.334388, 48.8335]}, "properties": {"numparc": 1466, "etat de la localisation": "autre", "ID BDGEO": "348", "horodatage": "2022-06-19 15:46:19", "distance (en metres)": 43.7, "station": "DENFERT-ROCHEREAU", "marker-color": "#818181"}}, {"type": "Feature", "geometry": {"type": "Point", "coordinates": [2.334238, 48.833553]}, "properties": {"numparc": 1550, "etat de la localisation": "autre", "ID BDGEO": "348", "horodatage": "2022-06-19 15:46:33", "distance (en metres)": 56.16, "station": "DENFERT-ROCHEREAU", "marker-color": "#818181"}}, {"type": "Feature", "geometry": {"type": "Point", "coordinates": [2.393729, 48.838997]}, "properties": {"numparc": 1478, "etat de la localisation": "autre", "ID BDGEO": "353", "horodatage": "2022-06-19 15:46:37", "distance (en metres)": 2883.01, "station": "PLACE D'ITALIE-CHOISY", "marker-color": "#818181"}}, {"type": "Feature", "geometry": {"type": "Point", "coordinates": [2.405697, 48.874844]}, "properties": {"numparc": 1463, "etat de la localisation": "Delocalise", "ID BDGEO": "220", "horodatage": "2022-06-19 15:46:43", "distance (en metres)": 1253.19, "station": "GAMBETTA-PYRENEES", "marker-color": "#FF565E"}}, {"type": "Feature", "geometry": {"type": "Point", "coordinates": [2.406067, 48.85239]}, "properties": {"numparc": 7386, "etat de la localisation": "autre", "ID BDGEO": "377", "horodatage": "2022-06-19 15:47:04", "distance (en metres)": 5634.83, "station": "DENFERT-ROCHEREAU#", "marker-color": "#818181"}}, {"type": "Feature", "geometry": {"type": "Point", "coordinates": [2.334423, 48.833496]}, "properties": {"numparc": 1550, "etat de la localisation": "autre", "ID BDGEO": "348", "horodatage": "2022-06-19 15:47:21", "distance (en metres)": 41.29, "station": "DENFERT-ROCHEREAU", "marker-color": "#818181"}}, {"type": "Feature", "geometry": {"type": "Point", "coordinates": [2.396874, 48.839577]}, "properties": {"numparc": 1478, "etat de la localisation": "autre", "ID BDGEO": "375", "horodatage": "2022-06-19 15:47:50", "distance (en metres)": 4257.32, "station": "PORTE DES LILAS#", "marker-color": "#818181"}}, {"type": "Feature", "geometry": {"type": "Point", "coordinates": [2.404828, 48.872501]}, "properties": {"numparc": 1463, "etat de la localisation": "Delocalise", "ID BDGEO": "220", "horodatage": "2022-06-19 15:47:50", "distance (en metres)": 990.35, "station": "GAMBETTA-PYRENEES", "marker-color": "#FF565E"}}, {"type": "Feature", "geometry": {"type": "Point", "coordinates": [2.406304, 48.850319]}, "properties": {"numparc": 7386, "etat de la localisation": "autre", "ID BDGEO": "377", "horodatage": "2022-06-19 15:48:49", "distance (en metres)": 5568.82, "station": "DENFERT-ROCHEREAU#", "marker-color": "#818181"}}, {"type": "Feature", "geometry": {"type": "Point", "coordinates": [2.406273, 48.851215]}, "properties": {"numparc": 614, "etat de la localisation": "autre", "ID BDGEO": "226", "horodatage": "2022-06-19 15:49:29", "distance (en metres)": 119.42, "station": "LA PLAINE", "marker-color": "#818181"}}, {"type": "Feature", "geometry": {"type": "Point", "coordinates": [2.40625, 48.848057]}, "properties": {"numparc": 7386, "etat de la localisation": "autre", "ID BDGEO": "377", "horodatage": "2022-06-19 15:49:37", "distance (en metres)": 5485.05, "station": "DENFERT-ROCHEREAU#", "marker-color": "#818181"}}, {"type": "Feature", "geometry": {"type": "Point", "coordinates": [2.40142, 48.868225]}, "properties": {"numparc": 1463, "etat de la localisation": "Delocalise", "ID BDGEO": "220", "horodatage": "2022-06-19 15:49:41", "distance (en metres)": 453.72, "station": "GAMBETTA-PYRENEES", "marker-color": "#FF565E"}}, {"type": "Feature", "geometry": {"type": "Point", "coordinates": [2.3982, 48.839699]}, "properties": {"numparc": 1478, "etat de la localisation": "Delocalise", "ID BDGEO": "375", "horodatage": "2022-06-19 15:50:44", "distance (en metres)": 4225.73, "station": "PORTE DES LILAS#", "marker-color": "#FF565E"}}, {"type": "Feature", "geometry": {"type": "Point", "coordinates": [2.405999, 48.853031]}, "properties": {"numparc": 614, "etat de la localisation": "autre", "ID BDGEO": "225", "horodatage": "2022-06-19 15:51:01", "distance (en metres)": 75.57, "station": "MARAICHERS", "marker-color": "#818181"}}, {"type": "Feature", "geometry": {"type": "Point", "coordinates": [2.399504, 48.865982]}, "properties": {"numparc": 1463, "etat de la localisation": "Delocalise", "ID BDGEO": "220", "horodatage": "2022-06-19 15:51:21", "distance (en metres)": 169.69, "station": "GAMBETTA-PYRENEES", "marker-color": "#FF565E"}}, {"type": "Feature", "geometry": {"type": "Point", "coordinates": [2.405648, 48.844536]}, "properties": {"numparc": 7386, "etat de la localisation": "autre", "ID BDGEO": "377", "horodatage": "2022-06-19 15:51:30", "distance (en metres)": 5338.64, "station": "DENFERT-ROCHEREAU#", "marker-color": "#818181"}}, {"type": "Feature", "geometry": {"type": "Point", "coordinates": [2.405092, 48.842594]}, "properties": {"numparc": 7386, "etat de la localisation": "autre", "ID BDGEO": "377", "horodatage": "2022-06-19 15:52:34", "distance (en metres)": 5252.7, "station": "DENFERT-ROCHEREAU#", "marker-color": "#818181"}}, {"type": "Feature", "geometry": {"type": "Point", "coordinates": [2.404722, 48.856514]}, "properties": {"numparc": 614, "etat de la localisation": "autre", "ID BDGEO": "224", "horodatage": "2022-06-19 15:52:55", "distance (en metres)": 61.46, "station": "ORTEAUX", "marker-color": "#818181"}}, {"type": "Feature", "geometry": {"type": "Point", "coordinates": [2.404058, 48.83987]}, "properties": {"numparc": 7386, "etat de la localisation": "autre", "ID BDGEO": "377", "horodatage": "2022-06-19 15:53:40", "distance (en metres)": 5127.14, "station": "DENFERT-ROCHEREAU#", "marker-color": "#818181"}}, {"type": "Feature", "geometry": {"type": "Point", "coordinates": [2.40035, 48.861538]}, "properties": {"numparc": 1463, "etat de la localisation": "Deviation programmee", "ID BDGEO": "377", "horodatage": "2022-06-19 15:54:11", "distance (en metres)": 5735.35, "station": "DENFERT-ROCHEREAU#", "marker-color": "#56FF93"}}, {"type": "Feature", "geometry": {"type": "Point", "coordinates": [2.401688, 48.859535]}, "properties": {"numparc": 614, "etat de la localisation": "autre", "ID BDGEO": "223", "horodatage": "2022-06-19 15:55:01", "distance (en metres)": 65.46, "station": "PYRENEES-BAGNOLET", "marker-color": "#818181"}}, {"type": "Feature", "geometry": {"type": "Point", "coordinates": [2.399427, 48.839729]}, "properties": {"numparc": 7386, "etat de la localisation": "autre", "ID BDGEO": "377", "horodatage": "2022-06-19 15:55:42", "distance (en metres)": 4789.49, "station": "DENFERT-ROCHEREAU#", "marker-color": "#818181"}}, {"type": "Feature", "geometry": {"type": "Point", "coordinates": [2.402389, 48.859039]}, "properties": {"numparc": 1463, "etat de la localisation": "Deviation programmee", "ID BDGEO": "377", "horodatage": "2022-06-19 15:55:55", "distance (en metres)": 5717.22, "station": "DENFERT-ROCHEREAU#", "marker-color": "#56FF93"}}, {"type": "Feature", "geometry": {"type": "Point", "coordinates": [2.40013, 48.862099]}, "properties": {"numparc": 614, "etat de la localisation": "autre", "ID BDGEO": "222", "horodatage": "2022-06-19 15:56:02", "distance (en metres)": 65.92, "station": "RAMUS", "marker-color": "#818181"}}, {"type": "Feature", "geometry": {"type": "Point", "coordinates": [2.396824, 48.839737]}, "properties": {"numparc": 7386, "etat de la localisation": "autre", "ID BDGEO": "377", "horodatage": "2022-06-19 15:56:29", "distance (en metres)": 4601.29, "station": "DENFERT-ROCHEREAU#", "marker-color": "#818181"}}, {"type": "Feature", "geometry": {"type": "Point", "coordinates": [2.40507, 48.856056]}, "properties": {"numparc": 1463, "etat de la localisation": "Deviation programmee", "ID BDGEO": "377", "horodatage": "2022-06-19 15:57:37", "distance (en metres)": 5734.54, "station": "DENFERT-ROCHEREAU#", "marker-color": "#56FF93"}}, {"type": "Feature", "geometry": {"type": "Point", "coordinates": [2.393928, 48.839054]}, "properties": {"numparc": 7386, "etat de la localisation": "autre", "ID BDGEO": "377", "horodatage": "2022-06-19 15:57:54", "distance (en metres)": 4380.41, "station": "DENFERT-ROCHEREAU#", "marker-color": "#818181"}}, {"type": "Feature", "geometry": {"type": "Point", "coordinates": [2.406101, 48.852432]}, "properties": {"numparc": 1463, "etat de la localisation": "autre", "ID BDGEO": "377", "horodatage": "2022-06-19 15:59:10", "distance (en metres)": 5638.89, "station": "DENFERT-ROCHEREAU#", "marker-color": "#818181"}}, {"type": "Feature", "geometry": {"type": "Point", "coordinates": [2.390708, 48.837276]}, "properties": {"numparc": 7386, "etat de la localisation": "autre", "ID BDGEO": "377", "horodatage": "2022-06-19 15:59:29", "distance (en metres)": 4121.83, "station": "DENFERT-ROCHEREAU#", "marker-color": "#818181"}}, {"type": "Feature", "geometry": {"type": "Point", "coordinates": [2.406354, 48.850323]}, "properties": {"numparc": 1463, "etat de la localisation": "autre", "ID BDGEO": "377", "horodatage": "2022-06-19 16:00:56", "distance (en metres)": 5572.4, "station": "DENFERT-ROCHEREAU#", "marker-color": "#818181"}}, {"type": "Feature", "geometry": {"type": "Point", "coordinates": [2.401839, 48.868862]}, "properties": {"numparc": 614, "etat de la localisation": "autre", "ID BDGEO": "220", "horodatage": "2022-06-19 16:01:09", "distance (en metres)": 530.87, "station": "GAMBETTA-PYRENEES", "marker-color": "#818181"}}, {"type": "Feature", "geometry": {"type": "Point", "coordinates": [2.386094, 48.835743]}, "properties": {"numparc": 7386, "etat de la localisation": "autre", "ID BDGEO": "377", "horodatage": "2022-06-19 16:01:29", "distance (en metres)": 3770.41, "station": "DENFERT-ROCHEREAU#", "marker-color": "#818181"}}, {"type": "Feature", "geometry": {"type": "Point", "coordinates": [2.403362, 48.839787]}, "properties": {"numparc": 7394, "etat de la localisation": "autre", "ID BDGEO": "143", "horodatage": "2022-06-19 16:01:43", "distance (en metres)": 319.56, "station": "PICPUS-REUILLY", "marker-color": "#818181"}}, {"type": "Feature", "geometry": {"type": "Point", "coordinates": [2.406322, 48.848038]}, "properties": {"numparc": 1463, "etat de la localisation": "autre", "ID BDGEO": "377", "horodatage": "2022-06-19 16:02:32", "distance (en metres)": 5489.45, "station": "DENFERT-ROCHEREAU#", "marker-color": "#818181"}}, {"type": "Feature", "geometry": {"type": "Point", "coordinates": [2.383483, 48.834328]}, "properties": {"numparc": 7386, "etat de la localisation": "autre", "ID BDGEO": "377", "horodatage": "2022-06-19 16:02:38", "distance (en metres)": 3571.6, "station": "DENFERT-ROCHEREAU#", "marker-color": "#818181"}}, {"type": "Feature", "geometry": {"type": "Point", "coordinates": [2.404042, 48.871414]}, "properties": {"numparc": 614, "etat de la localisation": "autre", "ID BDGEO": "220", "horodatage": "2022-06-19 16:03:00", "distance (en metres)": 856.52, "station": "GAMBETTA-PYRENEES", "marker-color": "#818181"}}, {"type": "Feature", "geometry": {"type": "Point", "coordinates": [2.37914, 48.831947]}, "properties": {"numparc": 7386, "etat de la localisation": "autre", "ID BDGEO": "377", "horodatage": "2022-06-19 16:03:55", "distance (en metres)": 3255.89, "station": "DENFERT-ROCHEREAU#", "marker-color": "#818181"}}, {"type": "Feature", "geometry": {"type": "Point", "coordinates": [2.404962, 48.842239]}, "properties": {"numparc": 7394, "etat de la localisation": "autre", "ID BDGEO": "143", "horodatage": "2022-06-19 16:04:02", "distance (en metres)": 523.55, "station": "PICPUS-REUILLY", "marker-color": "#818181"}}, {"type": "Feature", "geometry": {"type": "Point", "coordinates": [2.405683, 48.844475]}, "properties": {"numparc": 1463, "etat de la localisation": "autre", "ID BDGEO": "377", "horodatage": "2022-06-19 16:04:41", "distance (en metres)": 5339.57, "station": "DENFERT-ROCHEREAU#", "marker-color": "#818181"}}, {"type": "Feature", "geometry": {"type": "Point", "coordinates": [2.375759, 48.830067]}, "properties": {"numparc": 7386, "etat de la localisation": "autre", "ID BDGEO": "377", "horodatage": "2022-06-19 16:05:17", "distance (en metres)": 3026.84, "station": "DENFERT-ROCHEREAU#", "marker-color": "#818181"}}, {"type": "Feature", "geometry": {"type": "Point", "coordinates": [2.405377, 48.87429]}, "properties": {"numparc": 614, "etat de la localisation": "autre", "ID BDGEO": "220", "horodatage": "2022-06-19 16:05:20", "distance (en metres)": 1187.47, "station": "GAMBETTA-PYRENEES", "marker-color": "#818181"}}, {"type": "Feature", "geometry": {"type": "Point", "coordinates": [2.405132, 48.842491]}, "properties": {"numparc": 1463, "etat de la localisation": "autre", "ID BDGEO": "377", "horodatage": "2022-06-19 16:05:29", "distance (en metres)": 5253.35, "station": "DENFERT-ROCHEREAU#", "marker-color": "#818181"}}, {"type": "Feature", "geometry": {"type": "Point", "coordinates": [2.405722, 48.845001]}, "properties": {"numparc": 7394, "etat de la localisation": "autre", "ID BDGEO": "143", "horodatage": "2022-06-19 16:06:18", "distance (en metres)": 773.21, "station": "PICPUS-REUILLY", "marker-color": "#818181"}}, {"type": "Feature", "geometry": {"type": "Point", "coordinates": [2.404143, 48.83979]}, "properties": {"numparc": 1463, "etat de la localisation": "autre", "ID BDGEO": "377", "horodatage": "2022-06-19 16:06:40", "distance (en metres)": 5132.06, "station": "DENFERT-ROCHEREAU#", "marker-color": "#818181"}}, {"type": "Feature", "geometry": {"type": "Point", "coordinates": [2.406429, 48.876755]}, "properties": {"numparc": 614, "etat de la localisation": "autre", "ID BDGEO": "220", "horodatage": "2022-06-19 16:06:59", "distance (en metres)": 1469.7, "station": "GAMBETTA-PYRENEES", "marker-color": "#818181"}}, {"type": "Feature", "geometry": {"type": "Point", "coordinates": [2.370704, 48.827641]}, "properties": {"numparc": 7386, "etat de la localisation": "autre", "ID BDGEO": "377", "horodatage": "2022-06-19 16:07:04", "distance (en metres)": 2710.22, "station": "DENFERT-ROCHEREAU#", "marker-color": "#818181"}}, {"type": "Feature", "geometry": {"type": "Point", "coordinates": [2.39954, 48.83968]}, "properties": {"numparc": 1463, "etat de la localisation": "autre", "ID BDGEO": "377", "horodatage": "2022-06-19 16:07:44", "distance (en metres)": 4796.87, "station": "DENFERT-ROCHEREAU#", "marker-color": "#818181"}}, {"type": "Feature", "geometry": {"type": "Point", "coordinates": [2.367765, 48.827271]}, "properties": {"numparc": 7386, "etat de la localisation": "autre", "ID BDGEO": "377", "horodatage": "2022-06-19 16:07:59", "distance (en metres)": 2512.35, "station": "DENFERT-ROCHEREAU#", "marker-color": "#818181"}}, {"type": "Feature", "geometry": {"type": "Point", "coordinates": [2.406464, 48.848114]}, "properties": {"numparc": 7394, "etat de la localisation": "autre", "ID BDGEO": "143", "horodatage": "2022-06-19 16:08:13", "distance (en metres)": 1089.52, "station": "PICPUS-REUILLY", "marker-color": "#818181"}}, {"type": "Feature", "geometry": {"type": "Point", "coordinates": [2.364588, 48.826847]}, "properties": {"numparc": 7386, "etat de la localisation": "autre", "ID BDGEO": "377", "horodatage": "2022-06-19 16:09:07", "distance (en metres)": 2303.6, "station": "DENFERT-ROCHEREAU#", "marker-color": "#818181"}}, {"type": "Feature", "geometry": {"type": "Point", "coordinates": [2.39679, 48.839642]}, "properties": {"numparc": 1463, "etat de la localisation": "autre", "ID BDGEO": "377", "horodatage": "2022-06-19 16:09:07", "distance (en metres)": 4597.22, "station": "DENFERT-ROCHEREAU#", "marker-color": "#818181"}}, {"type": "Feature", "geometry": {"type": "Point", "coordinates": [2.393963, 48.838989]}, "properties": {"numparc": 1463, "etat de la localisation": "autre", "ID BDGEO": "377", "horodatage": "2022-06-19 16:09:59", "distance (en metres)": 4381.91, "station": "DENFERT-ROCHEREAU#", "marker-color": "#818181"}}, {"type": "Feature", "geometry": {"type": "Point", "coordinates": [2.406215, 48.851139]}, "properties": {"numparc": 7394, "etat de la localisation": "autre", "ID BDGEO": "143", "horodatage": "2022-06-19 16:10:21", "distance (en metres)": 1383.78, "station": "PICPUS-REUILLY", "marker-color": "#818181"}}, {"type": "Feature", "geometry": {"type": "Point", "coordinates": [2.360753, 48.826309]}, "properties": {"numparc": 7386, "etat de la localisation": "autre", "ID BDGEO": "377", "horodatage": "2022-06-19 16:10:43", "distance (en metres)": 2060.96, "station": "DENFERT-ROCHEREAU#", "marker-color": "#818181"}}, {"type": "Feature", "geometry": {"type": "Point", "coordinates": [2.408193, 48.876659]}, "properties": {"numparc": 614, "etat de la localisation": "autre", "ID BDGEO": "359", "horodatage": "2022-06-19 16:10:55", "distance (en metres)": 57.74, "station": "PORTE DES LILAS-METRO.", "marker-color": "#818181"}}, {"type": "Feature", "geometry": {"type": "Point", "coordinates": [2.408193, 48.876659]}, "properties": {"numparc": 614, "etat de la localisation": "autre", "ID BDGEO": "359", "horodatage": "2022-06-19 16:11:00", "distance (en metres)": 57.74, "station": "PORTE DES LILAS-METRO.", "marker-color": "#818181"}}, {"type": "Feature", "geometry": {"type": "Point", "coordinates": [2.405905, 48.852921]}, "properties": {"numparc": 7394, "etat de la localisation": "autre", "ID BDGEO": "143", "horodatage": "2022-06-19 16:11:25", "distance (en metres)": 1561.22, "station": "PICPUS-REUILLY", "marker-color": "#818181"}}, {"type": "Feature", "geometry": {"type": "Point", "coordinates": [2.390694, 48.837196]}, "properties": {"numparc": 1463, "etat de la localisation": "autre", "ID BDGEO": "377", "horodatage": "2022-06-19 16:11:26", "distance (en metres)": 4119.88, "station": "DENFERT-ROCHEREAU#", "marker-color": "#818181"}}, {"type": "Feature", "geometry": {"type": "Point", "coordinates": [2.404593, 48.856411]}, "properties": {"numparc": 7394, "etat de la localisation": "autre", "ID BDGEO": "143", "horodatage": "2022-06-19 16:12:59", "distance (en metres)": 1909.7, "station": "PICPUS-REUILLY", "marker-color": "#818181"}}, {"type": "Feature", "geometry": {"type": "Point", "coordinates": [2.356699, 48.830444]}, "properties": {"numparc": 7386, "etat de la localisation": "autre", "ID BDGEO": "377", "horodatage": "2022-06-19 16:13:08", "distance (en metres)": 1641.73, "station": "DENFERT-ROCHEREAU#", "marker-color": "#818181"}}, {"type": "Feature", "geometry": {"type": "Point", "coordinates": [2.386083, 48.835617]}, "properties": {"numparc": 1463, "etat de la localisation": "autre", "ID BDGEO": "377", "horodatage": "2022-06-19 16:13:42", "distance (en metres)": 3768.63, "station": "DENFERT-ROCHEREAU#", "marker-color": "#818181"}}, {"type": "Feature", "geometry": {"type": "Point", "coordinates": [2.401635, 48.859375]}, "properties": {"numparc": 7394, "etat de la localisation": "autre", "ID BDGEO": "143", "horodatage": "2022-06-19 16:14:48", "distance (en metres)": 2203.38, "station": "PICPUS-REUILLY", "marker-color": "#818181"}}, {"type": "Feature", "geometry": {"type": "Point", "coordinates": [2.383292, 48.834045]}, "properties": {"numparc": 1463, "etat de la localisation": "autre", "ID BDGEO": "377", "horodatage": "2022-06-19 16:14:53", "distance (en metres)": 3556.82, "station": "DENFERT-ROCHEREAU#", "marker-color": "#818181"}}, {"type": "Feature", "geometry": {"type": "Point", "coordinates": [2.354171, 48.831192]}, "properties": {"numparc": 7386, "etat de la localisation": "autre", "ID BDGEO": "377", "horodatage": "2022-06-19 16:15:48", "distance (en metres)": 1444.64, "station": "DENFERT-ROCHEREAU#", "marker-color": "#818181"}}, {"type": "Feature", "geometry": {"type": "Point", "coordinates": [2.4001, 48.86195]}, "properties": {"numparc": 7394, "etat de la localisation": "autre", "ID BDGEO": "143", "horodatage": "2022-06-19 16:16:15", "distance (en metres)": 2482.56, "station": "PICPUS-REUILLY", "marker-color": "#818181"}}, {"type": "Feature", "geometry": {"type": "Point", "coordinates": [2.379237, 48.831882]}, "properties": {"numparc": 1463, "etat de la localisation": "autre", "ID BDGEO": "377", "horodatage": "2022-06-19 16:16:33", "distance (en metres)": 3263.34, "station": "DENFERT-ROCHEREAU#", "marker-color": "#818181"}}, {"type": "Feature", "geometry": {"type": "Point", "coordinates": [2.396833, 48.839668]}, "properties": {"numparc": 1478, "etat de la localisation": "autre", "ID BDGEO": "375", "horodatage": "2022-06-19 16:17:17", "distance (en metres)": 4247.94, "station": "PORTE DES LILAS#", "marker-color": "#818181"}}, {"type": "Feature", "geometry": {"type": "Point", "coordinates": [2.348995, 48.829945]}, "properties": {"numparc": 7386, "etat de la localisation": "autre", "ID BDGEO": "377", "horodatage": "2022-06-19 16:17:29", "distance (en metres)": 1112.19, "station": "DENFERT-ROCHEREAU#", "marker-color": "#818181"}}, {"type": "Feature", "geometry": {"type": "Point", "coordinates": [2.398892, 48.864235]}, "properties": {"numparc": 7394, "etat de la localisation": "autre", "ID BDGEO": "143", "horodatage": "2022-06-19 16:17:32", "distance (en metres)": 2735.35, "station": "PICPUS-REUILLY", "marker-color": "#818181"}}, {"type": "Feature", "geometry": {"type": "Point", "coordinates": [2.375967, 48.830116]}, "properties": {"numparc": 1463, "etat de la localisation": "autre", "ID BDGEO": "377", "horodatage": "2022-06-19 16:18:18", "distance (en metres)": 3041.31, "station": "DENFERT-ROCHEREAU#", "marker-color": "#818181"}}, {"type": "Feature", "geometry": {"type": "Point", "coordinates": [2.37918, 48.831982]}, "properties": {"numparc": 1466, "etat de la localisation": "autre", "ID BDGEO": "141", "horodatage": "2022-06-19 16:18:33", "distance (en metres)": 329.22, "station": "BIBLIOTHEQUE CHEVALERET", "marker-color": "#818181"}}, {"type": "Feature", "geometry": {"type": "Point", "coordinates": [2.375737, 48.82999]}, "properties": {"numparc": 1463, "etat de la localisation": "autre", "ID BDGEO": "377", "horodatage": "2022-06-19 16:18:45", "distance (en metres)": 3026.28, "station": "DENFERT-ROCHEREAU#", "marker-color": "#818181"}}, {"type": "Feature", "geometry": {"type": "Point", "coordinates": [2.393882, 48.839012]}, "properties": {"numparc": 1478, "etat de la localisation": "autre", "ID BDGEO": "375", "horodatage": "2022-06-19 16:19:13", "distance (en metres)": 4367.05, "station": "PORTE DES LILAS#", "marker-color": "#818181"}}, {"type": "Feature", "geometry": {"type": "Point", "coordinates": [2.344115, 48.831318]}, "properties": {"numparc": 7386, "etat de la localisation": "autre", "ID BDGEO": "377", "horodatage": "2022-06-19 16:19:15", "distance (en metres)": 724.66, "station": "DENFERT-ROCHEREAU#", "marker-color": "#818181"}}, {"type": "Feature", "geometry": {"type": "Point", "coordinates": [2.38286, 48.833939]}, "properties": {"numparc": 1466, "etat de la localisation": "autre", "ID BDGEO": "141", "horodatage": "2022-06-19 16:20:26", "distance (en metres)": 675.43, "station": "BIBLIOTHEQUE CHEVALERET", "marker-color": "#818181"}}, {"type": "Feature", "geometry": {"type": "Point", "coordinates": [2.370679, 48.827541]}, "properties": {"numparc": 1463, "etat de la localisation": "autre", "ID BDGEO": "377", "horodatage": "2022-06-19 16:20:41", "distance (en metres)": 2711.05, "station": "DENFERT-ROCHEREAU#", "marker-color": "#818181"}}, {"type": "Feature", "geometry": {"type": "Point", "coordinates": [2.38586, 48.835629]}, "properties": {"numparc": 1466, "etat de la localisation": "autre", "ID BDGEO": "141", "horodatage": "2022-06-19 16:21:42", "distance (en metres)": 964.42, "station": "BIBLIOTHEQUE CHEVALERET", "marker-color": "#818181"}}, {"type": "Feature", "geometry": {"type": "Point", "coordinates": [2.401745, 48.868752]}, "properties": {"numparc": 7394, "etat de la localisation": "autre", "ID BDGEO": "143", "horodatage": "2022-06-19 16:21:45", "distance (en metres)": 3243.78, "station": "PICPUS-REUILLY", "marker-color": "#818181"}}, {"type": "Feature", "geometry": {"type": "Point", "coordinates": [2.367702, 48.827168]}, "properties": {"numparc": 1463, "etat de la localisation": "autre", "ID BDGEO": "377", "horodatage": "2022-06-19 16:22:09", "distance (en metres)": 2511.04, "station": "DENFERT-ROCHEREAU#", "marker-color": "#818181"}}, {"type": "Feature", "geometry": {"type": "Point", "coordinates": [2.333894, 48.834152]}, "properties": {"numparc": 7386, "etat de la localisation": "autre", "ID BDGEO": "377", "horodatage": "2022-06-19 16:22:23", "distance (en metres)": 107.2, "station": "DENFERT-ROCHEREAU#", "marker-color": "#818181"}}, {"type": "Feature", "geometry": {"type": "Point", "coordinates": [2.386031, 48.835529]}, "properties": {"numparc": 1478, "etat de la localisation": "autre", "ID BDGEO": "376", "horodatage": "2022-06-19 16:22:57", "distance (en metres)": 4366.12, "station": "MONTROUGE ENTREE#", "marker-color": "#818181"}}, {"type": "Feature", "geometry": {"type": "Point", "coordinates": [2.403943, 48.871258]}, "properties": {"numparc": 7394, "etat de la localisation": "autre", "ID BDGEO": "143", "horodatage": "2022-06-19 16:23:06", "distance (en metres)": 3534.78, "station": "PICPUS-REUILLY", "marker-color": "#818181"}}, {"type": "Feature", "geometry": {"type": "Point", "coordinates": [2.364578, 48.826729]}, "properties": {"numparc": 1463, "etat de la localisation": "autre", "ID BDGEO": "377", "horodatage": "2022-06-19 16:23:47", "distance (en metres)": 2307.07, "station": "DENFERT-ROCHEREAU#", "marker-color": "#818181"}}, {"type": "Feature", "geometry": {"type": "Point", "coordinates": [2.379108, 48.83189]}, "properties": {"numparc": 1478, "etat de la localisation": "autre", "ID BDGEO": "376", "horodatage": "2022-06-19 16:24:42", "distance (en metres)": 3766.33, "station": "MONTROUGE ENTREE#", "marker-color": "#818181"}}, {"type": "Feature", "geometry": {"type": "Point", "coordinates": [2.390691, 48.837173]}, "properties": {"numparc": 1466, "etat de la localisation": "autre", "ID BDGEO": "141", "horodatage": "2022-06-19 16:24:58", "distance (en metres)": 1349.22, "station": "BIBLIOTHEQUE CHEVALERET", "marker-color": "#818181"}}, {"type": "Feature", "geometry": {"type": "Point", "coordinates": [2.360894, 48.826202]}, "properties": {"numparc": 1463, "etat de la localisation": "autre", "ID BDGEO": "377", "horodatage": "2022-06-19 16:25:26", "distance (en metres)": 2075.03, "station": "DENFERT-ROCHEREAU#", "marker-color": "#818181"}}, {"type": "Feature", "geometry": {"type": "Point", "coordinates": [2.406273, 48.876579]}, "properties": {"numparc": 7394, "etat de la localisation": "autre", "ID BDGEO": "143", "horodatage": "2022-06-19 16:25:45", "distance (en metres)": 4142.27, "station": "PICPUS-REUILLY", "marker-color": "#818181"}}, {"type": "Feature", "geometry": {"type": "Point", "coordinates": [2.375837, 48.830048]}, "properties": {"numparc": 1478, "etat de la localisation": "autre", "ID BDGEO": "376", "horodatage": "2022-06-19 16:26:19", "distance (en metres)": 3486.08, "station": "MONTROUGE ENTREE#", "marker-color": "#818181"}}, {"type": "Feature", "geometry": {"type": "Point", "coordinates": [2.359029, 48.827496]}, "properties": {"numparc": 1463, "etat de la localisation": "autre", "ID BDGEO": "377", "horodatage": "2022-06-19 16:26:26", "distance (en metres)": 1895.54, "station": "DENFERT-ROCHEREAU#", "marker-color": "#818181"}}, {"type": "Feature", "geometry": {"type": "Point", "coordinates": [2.393671, 48.839005]}, "properties": {"numparc": 1466, "etat de la localisation": "autre", "ID BDGEO": "141", "horodatage": "2022-06-19 16:26:39", "distance (en metres)": 1645.67, "station": "BIBLIOTHEQUE CHEVALERET", "marker-color": "#818181"}}, {"type": "Feature", "geometry": {"type": "Point", "coordinates": [2.35673, 48.830444]}, "properties": {"numparc": 1463, "etat de la localisation": "autre", "ID BDGEO": "377", "horodatage": "2022-06-19 16:27:36", "distance (en metres)": 1643.96, "station": "DENFERT-ROCHEREAU#", "marker-color": "#818181"}}, {"type": "Feature", "geometry": {"type": "Point", "coordinates": [2.397017, 48.839558]}, "properties": {"numparc": 1466, "etat de la localisation": "autre", "ID BDGEO": "141", "horodatage": "2022-06-19 16:28:05", "distance (en metres)": 1880.59, "station": "BIBLIOTHEQUE CHEVALERET", "marker-color": "#818181"}}, {"type": "Feature", "geometry": {"type": "Point", "coordinates": [2.370677, 48.827522]}, "properties": {"numparc": 1478, "etat de la localisation": "autre", "ID BDGEO": "376", "horodatage": "2022-06-19 16:28:21", "distance (en metres)": 3063.78, "station": "MONTROUGE ENTREE#", "marker-color": "#818181"}}, {"type": "Feature", "geometry": {"type": "Point", "coordinates": [2.408442, 48.877262]}, "properties": {"numparc": 7394, "etat de la localisation": "autre", "ID BDGEO": "377", "horodatage": "2022-06-19 16:29:02", "distance (en metres)": 7276.06, "station": "DENFERT-ROCHEREAU#", "marker-color": "#818181"}}, {"type": "Feature", "geometry": {"type": "Point", "coordinates": [2.408679, 48.876984]}, "properties": {"numparc": 7396, "etat de la localisation": "autre", "ID BDGEO": "377", "horodatage": "2022-06-19 16:29:05", "distance (en metres)": 7268.23, "station": "DENFERT-ROCHEREAU#", "marker-color": "#818181"}}, {"type": "Feature", "geometry": {"type": "Point", "coordinates": [2.367762, 48.827141]}, "properties": {"numparc": 1478, "etat de la localisation": "autre", "ID BDGEO": "376", "horodatage": "2022-06-19 16:29:12", "distance (en metres)": 2846.48, "station": "MONTROUGE ENTREE#", "marker-color": "#818181"}}, {"type": "Feature", "geometry": {"type": "Point", "coordinates": [2.399346, 48.839615]}, "properties": {"numparc": 1466, "etat de la localisation": "autre", "ID BDGEO": "141", "horodatage": "2022-06-19 16:29:15", "distance (en metres)": 2027.26, "station": "BIBLIOTHEQUE CHEVALERET", "marker-color": "#818181"}}, {"type": "Feature", "geometry": {"type": "Point", "coordinates": [2.354165, 48.831165]}, "properties": {"numparc": 1463, "etat de la localisation": "autre", "ID BDGEO": "377", "horodatage": "2022-06-19 16:30:17", "distance (en metres)": 1444.71, "station": "DENFERT-ROCHEREAU#", "marker-color": "#818181"}}, {"type": "Feature", "geometry": {"type": "Point", "coordinates": [2.364639, 48.826729]}, "properties": {"numparc": 1478, "etat de la localisation": "autre", "ID BDGEO": "376", "horodatage": "2022-06-19 16:30:24", "distance (en metres)": 2613.66, "station": "MONTROUGE ENTREE#", "marker-color": "#818181"}}, {"type": "Feature", "geometry": {"type": "Point", "coordinates": [2.407831, 48.876606]}, "properties": {"numparc": 7396, "etat de la localisation": "autre", "ID BDGEO": "377", "horodatage": "2022-06-19 16:30:37", "distance (en metres)": 7194.02, "station": "DENFERT-ROCHEREAU#", "marker-color": "#818181"}}, {"type": "Feature", "geometry": {"type": "Point", "coordinates": [2.403401, 48.83976]}, "properties": {"numparc": 1466, "etat de la localisation": "autre", "ID BDGEO": "141", "horodatage": "2022-06-19 16:31:04", "distance (en metres)": 2292.89, "station": "BIBLIOTHEQUE CHEVALERET", "marker-color": "#818181"}}, {"type": "Feature", "geometry": {"type": "Point", "coordinates": [2.408429, 48.876682]}, "properties": {"numparc": 7394, "etat de la localisation": "autre", "ID BDGEO": "377", "horodatage": "2022-06-19 16:31:13", "distance (en metres)": 7232.26, "station": "DENFERT-ROCHEREAU#", "marker-color": "#818181"}}, {"type": "Feature", "geometry": {"type": "Point", "coordinates": [2.348975, 48.829834]}, "properties": {"numparc": 1463, "etat de la localisation": "autre", "ID BDGEO": "377", "horodatage": "2022-06-19 16:32:04", "distance (en metres)": 1115.07, "station": "DENFERT-ROCHEREAU#", "marker-color": "#818181"}}, {"type": "Feature", "geometry": {"type": "Point", "coordinates": [2.360903, 48.82621]}, "properties": {"numparc": 1478, "etat de la localisation": "autre", "ID BDGEO": "376", "horodatage": "2022-06-19 16:32:04", "distance (en metres)": 2334.85, "station": "MONTROUGE ENTREE#", "marker-color": "#818181"}}, {"type": "Feature", "geometry": {"type": "Point", "coordinates": [2.35907, 48.82745]}, "properties": {"numparc": 1478, "etat de la localisation": "autre", "ID BDGEO": "376", "horodatage": "2022-06-19 16:33:17", "distance (en metres)": 2225.52, "station": "MONTROUGE ENTREE#", "marker-color": "#818181"}}, {"type": "Feature", "geometry": {"type": "Point", "coordinates": [2.405048, 48.8423]}, "properties": {"numparc": 1466, "etat de la localisation": "autre", "ID BDGEO": "141", "horodatage": "2022-06-19 16:33:30", "distance (en metres)": 2539.37, "station": "BIBLIOTHEQUE CHEVALERET", "marker-color": "#818181"}}, {"type": "Feature", "geometry": {"type": "Point", "coordinates": [2.344027, 48.831219]}, "properties": {"numparc": 1463, "etat de la localisation": "autre", "ID BDGEO": "377", "horodatage": "2022-06-19 16:33:53", "distance (en metres)": 722.09, "station": "DENFERT-ROCHEREAU#", "marker-color": "#818181"}}, {"type": "Feature", "geometry": {"type": "Point", "coordinates": [2.406331, 48.876671]}, "properties": {"numparc": 7396, "etat de la localisation": "autre", "ID BDGEO": "377", "horodatage": "2022-06-19 16:34:40", "distance (en metres)": 7117.67, "station": "DENFERT-ROCHEREAU#", "marker-color": "#818181"}}, {"type": "Feature", "geometry": {"type": "Point", "coordinates": [2.356808, 48.8302]}, "properties": {"numparc": 1478, "etat de la localisation": "autre", "ID BDGEO": "376", "horodatage": "2022-06-19 16:35:10", "distance (en metres)": 2150.76, "station": "MONTROUGE ENTREE#", "marker-color": "#818181"}}, {"type": "Feature", "geometry": {"type": "Point", "coordinates": [2.405785, 48.845112]}, "properties": {"numparc": 1466, "etat de la localisation": "autre", "ID BDGEO": "141", "horodatage": "2022-06-19 16:35:29", "distance (en metres)": 2762.4, "station": "BIBLIOTHEQUE CHEVALERET", "marker-color": "#818181"}}, {"type": "Feature", "geometry": {"type": "Point", "coordinates": [2.339193, 48.832485]}, "properties": {"numparc": 1463, "etat de la localisation": "autre", "ID BDGEO": "377", "horodatage": "2022-06-19 16:35:48", "distance (en metres)": 342.06, "station": "DENFERT-ROCHEREAU#", "marker-color": "#818181"}}, {"type": "Feature", "geometry": {"type": "Point", "coordinates": [2.405625, 48.87479]}, "properties": {"numparc": 7396, "etat de la localisation": "autre", "ID BDGEO": "377", "horodatage": "2022-06-19 16:36:09", "distance (en metres)": 6939.22, "station": "DENFERT-ROCHEREAU#", "marker-color": "#818181"}}, {"type": "Feature", "geometry": {"type": "Point", "coordinates": [2.354308, 48.830975]}, "properties": {"numparc": 1478, "etat de la localisation": "autre", "ID BDGEO": "376", "horodatage": "2022-06-19 16:37:01", "distance (en metres)": 2014.74, "station": "MONTROUGE ENTREE#", "marker-color": "#818181"}}, {"type": "Feature", "geometry": {"type": "Point", "coordinates": [2.333855, 48.834015]}, "properties": {"numparc": 1463, "etat de la localisation": "autre", "ID BDGEO": "377", "horodatage": "2022-06-19 16:37:04", "distance (en metres)": 96.72, "station": "DENFERT-ROCHEREAU#", "marker-color": "#818181"}}, {"type": "Feature", "geometry": {"type": "Point", "coordinates": [2.404725, 48.872379]}, "properties": {"numparc": 7396, "etat de la localisation": "autre", "ID BDGEO": "377", "horodatage": "2022-06-19 16:37:27", "distance (en metres)": 6713.89, "station": "DENFERT-ROCHEREAU#", "marker-color": "#818181"}}, {"type": "Feature", "geometry": {"type": "Point", "coordinates": [2.406544, 48.848183]}, "properties": {"numparc": 1466, "etat de la localisation": "autre", "ID BDGEO": "141", "horodatage": "2022-06-19 16:37:31", "distance (en metres)": 3022.76, "station": "BIBLIOTHEQUE CHEVALERET", "marker-color": "#818181"}}, {"type": "Feature", "geometry": {"type": "Point", "coordinates": [2.349126, 48.829651]}, "properties": {"numparc": 1478, "etat de la localisation": "autre", "ID BDGEO": "376", "horodatage": "2022-06-19 16:38:52", "distance (en metres)": 1608.8, "station": "MONTROUGE ENTREE#", "marker-color": "#818181"}}, {"type": "Feature", "geometry": {"type": "Point", "coordinates": [2.344129, 48.831043]}, "properties": {"numparc": 1478, "etat de la localisation": "autre", "ID BDGEO": "376", "horodatage": "2022-06-19 16:40:29", "distance (en metres)": 1377.78, "station": "MONTROUGE ENTREE#", "marker-color": "#818181"}}, {"type": "Feature", "geometry": {"type": "Point", "coordinates": [2.406365, 48.85125]}, "properties": {"numparc": 1466, "etat de la localisation": "autre", "ID BDGEO": "141", "horodatage": "2022-06-19 16:40:36", "distance (en metres)": 3250.89, "station": "BIBLIOTHEQUE CHEVALERET", "marker-color": "#818181"}}, {"type": "Feature", "geometry": {"type": "Point", "coordinates": [2.401215, 48.868042]}, "properties": {"numparc": 7396, "etat de la localisation": "autre", "ID BDGEO": "377", "horodatage": "2022-06-19 16:41:11", "distance (en metres)": 6209.65, "station": "DENFERT-ROCHEREAU#", "marker-color": "#818181"}}, {"type": "Feature", "geometry": {"type": "Point", "coordinates": [2.40613, 48.852924]}, "properties": {"numparc": 1466, "etat de la localisation": "autre", "ID BDGEO": "141", "horodatage": "2022-06-19 16:41:45", "distance (en metres)": 3376.9, "station": "BIBLIOTHEQUE CHEVALERET", "marker-color": "#818181"}}, {"type": "Feature", "geometry": {"type": "Point", "coordinates": [2.3338, 48.833916]}, "properties": {"numparc": 1478, "etat de la localisation": "autre", "ID BDGEO": "376", "horodatage": "2022-06-19 16:42:40", "distance (en metres)": 1212.88, "station": "MONTROUGE ENTREE#", "marker-color": "#818181"}}, {"type": "Feature", "geometry": {"type": "Point", "coordinates": [2.399198, 48.865788]}, "properties": {"numparc": 7396, "etat de la localisation": "autre", "ID BDGEO": "377", "horodatage": "2022-06-19 16:42:54", "distance (en metres)": 5939.28, "station": "DENFERT-ROCHEREAU#", "marker-color": "#818181"}}, {"type": "Feature", "geometry": {"type": "Point", "coordinates": [2.404878, 48.856461]}, "properties": {"numparc": 1466, "etat de la localisation": "autre", "ID BDGEO": "141", "horodatage": "2022-06-19 16:43:30", "distance (en metres)": 3627.35, "station": "BIBLIOTHEQUE CHEVALERET", "marker-color": "#818181"}}, {"type": "Feature", "geometry": {"type": "Point", "coordinates": [2.398837, 48.864483]}, "properties": {"numparc": 7396, "etat de la localisation": "autre", "ID BDGEO": "377", "horodatage": "2022-06-19 16:45:03", "distance (en metres)": 5831.09, "station": "DENFERT-ROCHEREAU#", "marker-color": "#818181"}}, {"type": "Feature", "geometry": {"type": "Point", "coordinates": [2.40183, 48.85947]}, "properties": {"numparc": 1466, "etat de la localisation": "autre", "ID BDGEO": "141", "horodatage": "2022-06-19 16:45:05", "distance (en metres)": 3785.9, "station": "BIBLIOTHEQUE CHEVALERET", "marker-color": "#818181"}}, {"type": "Feature", "geometry": {"type": "Point", "coordinates": [2.400333, 48.86142]}, "properties": {"numparc": 7396, "etat de la localisation": "autre", "ID BDGEO": "377", "horodatage": "2022-06-19 16:47:04", "distance (en metres)": 5727.13, "station": "DENFERT-ROCHEREAU#", "marker-color": "#818181"}}, {"type": "Feature", "geometry": {"type": "Point", "coordinates": [2.400158, 48.862114]}, "properties": {"numparc": 1466, "etat de la localisation": "autre", "ID BDGEO": "141", "horodatage": "2022-06-19 16:47:04", "distance (en metres)": 3986.18, "station": "BIBLIOTHEQUE CHEVALERET", "marker-color": "#818181"}}, {"type": "Feature", "geometry": {"type": "Point", "coordinates": [2.399032, 48.864223]}, "properties": {"numparc": 1466, "etat de la localisation": "autre", "ID BDGEO": "141", "horodatage": "2022-06-19 16:48:06", "distance (en metres)": 4162.8, "station": "BIBLIOTHEQUE CHEVALERET", "marker-color": "#818181"}}, {"type": "Feature", "geometry": {"type": "Point", "coordinates": [2.402319, 48.859039]}, "properties": {"numparc": 7396, "etat de la localisation": "autre", "ID BDGEO": "377", "horodatage": "2022-06-19 16:48:30", "distance (en metres)": 5712.78, "station": "DENFERT-ROCHEREAU#", "marker-color": "#818181"}}, {"type": "Feature", "geometry": {"type": "Point", "coordinates": [2.408193, 48.876659]}, "properties": {"numparc": 614, "etat de la localisation": "autre", "ID BDGEO": "359", "horodatage": "2022-06-19 16:48:33", "distance (en metres)": 57.74, "station": "PORTE DES LILAS-METRO.", "marker-color": "#818181"}}, {"type": "Feature", "geometry": {"type": "Point", "coordinates": [2.398948, 48.864349]}, "properties": {"numparc": 1466, "etat de la localisation": "autre", "ID BDGEO": "141", "horodatage": "2022-06-19 16:49:22", "distance (en metres)": 4173.07, "station": "BIBLIOTHEQUE CHEVALERET", "marker-color": "#818181"}}, {"type": "Feature", "geometry": {"type": "Point", "coordinates": [2.407753, 48.876598]}, "properties": {"numparc": 614, "etat de la localisation": "autre", "ID BDGEO": "359", "horodatage": "2022-06-19 16:49:30", "distance (en metres)": 78.21, "station": "PORTE DES LILAS-METRO.", "marker-color": "#818181"}}, {"type": "Feature", "geometry": {"type": "Point", "coordinates": [2.404952, 48.85606]}, "properties": {"numparc": 7396, "etat de la localisation": "autre", "ID BDGEO": "377", "horodatage": "2022-06-19 16:50:32", "distance (en metres)": 5726.98, "station": "DENFERT-ROCHEREAU#", "marker-color": "#818181"}}, {"type": "Feature", "geometry": {"type": "Point", "coordinates": [2.406134, 48.852394]}, "properties": {"numparc": 7396, "etat de la localisation": "autre", "ID BDGEO": "377", "horodatage": "2022-06-19 16:52:31", "distance (en metres)": 5639.54, "station": "DENFERT-ROCHEREAU#", "marker-color": "#818181"}}, {"type": "Feature", "geometry": {"type": "Point", "coordinates": [2.405638, 48.874699]}, "properties": {"numparc": 614, "etat de la localisation": "autre", "ID BDGEO": "358", "horodatage": "2022-06-19 16:53:18", "distance (en metres)": 46.61, "station": "PISCINE DES TOURELLES", "marker-color": "#818181"}}, {"type": "Feature", "geometry": {"type": "Point", "coordinates": [2.401864, 48.868851]}, "properties": {"numparc": 1466, "etat de la localisation": "autre", "ID BDGEO": "141", "horodatage": "2022-06-19 16:54:00", "distance (en metres)": 4717.09, "station": "BIBLIOTHEQUE CHEVALERET", "marker-color": "#818181"}}, {"type": "Feature", "geometry": {"type": "Point", "coordinates": [2.406389, 48.850304]}, "properties": {"numparc": 7396, "etat de la localisation": "autre", "ID BDGEO": "377", "horodatage": "2022-06-19 16:54:17", "distance (en metres)": 5574.1, "station": "DENFERT-ROCHEREAU#", "marker-color": "#818181"}}, {"type": "Feature", "geometry": {"type": "Point", "coordinates": [2.404649, 48.872318]}, "properties": {"numparc": 614, "etat de la localisation": "autre", "ID BDGEO": "357", "horodatage": "2022-06-19 16:54:27", "distance (en metres)": 108.34, "station": "SAINT-FARGEAU", "marker-color": "#818181"}}, {"type": "Feature", "geometry": {"type": "Point", "coordinates": [2.401133, 48.86805]}, "properties": {"numparc": 614, "etat de la localisation": "autre", "ID BDGEO": "356", "horodatage": "2022-06-19 16:55:47", "distance (en metres)": 99.64, "station": "PELLEPORT-GAMBETTA", "marker-color": "#818181"}}, {"type": "Feature", "geometry": {"type": "Point", "coordinates": [2.406355, 48.848045]}, "properties": {"numparc": 7396, "etat de la localisation": "autre", "ID BDGEO": "377", "horodatage": "2022-06-19 16:55:53", "distance (en metres)": 5492.0, "station": "DENFERT-ROCHEREAU#", "marker-color": "#818181"}}, {"type": "Feature", "geometry": {"type": "Point", "coordinates": [2.404116, 48.87133]}, "properties": {"numparc": 1466, "etat de la localisation": "autre", "ID BDGEO": "141", "horodatage": "2022-06-19 16:56:25", "distance (en metres)": 5036.04, "station": "BIBLIOTHEQUE CHEVALERET", "marker-color": "#818181"}}, {"type": "Feature", "geometry": {"type": "Point", "coordinates": [2.404696, 48.872391]}, "properties": {"numparc": 7394, "etat de la localisation": "autre", "ID BDGEO": "377", "horodatage": "2022-06-19 16:58:07", "distance (en metres)": 6713.09, "station": "DENFERT-ROCHEREAU#", "marker-color": "#818181"}}, {"type": "Feature", "geometry": {"type": "Point", "coordinates": [2.405646, 48.844421]}, "properties": {"numparc": 7396, "etat de la localisation": "autre", "ID BDGEO": "377", "horodatage": "2022-06-19 16:58:11", "distance (en metres)": 5335.56, "station": "DENFERT-ROCHEREAU#", "marker-color": "#818181"}}, {"type": "Feature", "geometry": {"type": "Point", "coordinates": [2.405453, 48.874279]}, "properties": {"numparc": 1466, "etat de la localisation": "autre", "ID BDGEO": "141", "horodatage": "2022-06-19 16:58:20", "distance (en metres)": 5375.28, "station": "BIBLIOTHEQUE CHEVALERET", "marker-color": "#818181"}}, {"type": "Feature", "geometry": {"type": "Point", "coordinates": [2.40509, 48.842525]}, "properties": {"numparc": 7396, "etat de la localisation": "autre", "ID BDGEO": "377", "horodatage": "2022-06-19 16:59:19", "distance (en metres)": 5251.08, "station": "DENFERT-ROCHEREAU#", "marker-color": "#818181"}}, {"type": "Feature", "geometry": {"type": "Point", "coordinates": [2.40646, 48.876793]}, "properties": {"numparc": 1466, "etat de la localisation": "autre", "ID BDGEO": "141", "horodatage": "2022-06-19 16:59:45", "distance (en metres)": 5660.9, "station": "BIBLIOTHEQUE CHEVALERET", "marker-color": "#818181"}}, {"type": "Feature", "geometry": {"type": "Point", "coordinates": [2.401271, 48.868114]}, "properties": {"numparc": 7394, "etat de la localisation": "autre", "ID BDGEO": "377", "horodatage": "2022-06-19 17:00:52", "distance (en metres)": 6217.87, "station": "DENFERT-ROCHEREAU#", "marker-color": "#818181"}}, {"type": "Feature", "geometry": {"type": "Point", "coordinates": [2.402443, 48.858974]}, "properties": {"numparc": 614, "etat de la localisation": "autre", "ID BDGEO": "232", "horodatage": "2022-06-19 17:01:12", "distance (en metres)": 93.25, "station": "PYRENEES-BAGNOLET", "marker-color": "#818181"}}, {"type": "Feature", "geometry": {"type": "Point", "coordinates": [2.404059, 48.839779]}, "properties": {"numparc": 7396, "etat de la localisation": "autre", "ID BDGEO": "377", "horodatage": "2022-06-19 17:01:35", "distance (en metres)": 5125.78, "station": "DENFERT-ROCHEREAU#", "marker-color": "#818181"}}, {"type": "Feature", "geometry": {"type": "Point", "coordinates": [2.399264, 48.865795]}, "properties": {"numparc": 7394, "etat de la localisation": "autre", "ID BDGEO": "377", "horodatage": "2022-06-19 17:02:49", "distance (en metres)": 5943.63, "station": "DENFERT-ROCHEREAU#", "marker-color": "#818181"}}, {"type": "Feature", "geometry": {"type": "Point", "coordinates": [2.40503, 48.856022]}, "properties": {"numparc": 614, "etat de la localisation": "autre", "ID BDGEO": "231", "horodatage": "2022-06-19 17:03:23", "distance (en metres)": 61.19, "station": "ORTEAUX", "marker-color": "#818181"}}, {"type": "Feature", "geometry": {"type": "Point", "coordinates": [2.39946, 48.839622]}, "properties": {"numparc": 7396, "etat de la localisation": "autre", "ID BDGEO": "377", "horodatage": "2022-06-19 17:03:52", "distance (en metres)": 4790.16, "station": "DENFERT-ROCHEREAU#", "marker-color": "#818181"}}, {"type": "Feature", "geometry": {"type": "Point", "coordinates": [2.398908, 48.864376]}, "properties": {"numparc": 7394, "etat de la localisation": "autre", "ID BDGEO": "377", "horodatage": "2022-06-19 17:04:08", "distance (en metres)": 5828.22, "station": "DENFERT-ROCHEREAU#", "marker-color": "#818181"}}, {"type": "Feature", "geometry": {"type": "Point", "coordinates": [2.396666, 48.839642]}, "properties": {"numparc": 7396, "etat de la localisation": "autre", "ID BDGEO": "377", "horodatage": "2022-06-19 17:05:20", "distance (en metres)": 4588.26, "station": "DENFERT-ROCHEREAU#", "marker-color": "#818181"}}, {"type": "Feature", "geometry": {"type": "Point", "coordinates": [2.406127, 48.852322]}, "properties": {"numparc": 614, "etat de la localisation": "autre", "ID BDGEO": "230", "horodatage": "2022-06-19 17:05:50", "distance (en metres)": 79.5, "station": "MARAICHERS", "marker-color": "#818181"}}, {"type": "Feature", "geometry": {"type": "Point", "coordinates": [2.400282, 48.861549]}, "properties": {"numparc": 7394, "etat de la localisation": "autre", "ID BDGEO": "377", "horodatage": "2022-06-19 17:06:09", "distance (en metres)": 5731.87, "station": "DENFERT-ROCHEREAU#", "marker-color": "#818181"}}, {"type": "Feature", "geometry": {"type": "Point", "coordinates": [2.402331, 48.859119]}, "properties": {"numparc": 7394, "etat de la localisation": "autre", "ID BDGEO": "377", "horodatage": "2022-06-19 17:07:17", "distance (en metres)": 5718.0, "station": "DENFERT-ROCHEREAU#", "marker-color": "#818181"}}, {"type": "Feature", "geometry": {"type": "Point", "coordinates": [2.393877, 48.839024]}, "properties": {"numparc": 7396, "etat de la localisation": "autre", "ID BDGEO": "377", "horodatage": "2022-06-19 17:07:37", "distance (en metres)": 4376.22, "station": "DENFERT-ROCHEREAU#", "marker-color": "#818181"}}, {"type": "Feature", "geometry": {"type": "Point", "coordinates": [2.408192, 48.876667]}, "properties": {"numparc": 1466, "etat de la localisation": "autre", "ID BDGEO": "359", "horodatage": "2022-06-19 17:08:18", "distance (en metres)": 56.94, "station": "PORTE DES LILAS-METRO.", "marker-color": "#818181"}}, {"type": "Feature", "geometry": {"type": "Point", "coordinates": [2.405027, 48.856152]}, "properties": {"numparc": 7394, "etat de la localisation": "autre", "ID BDGEO": "377", "horodatage": "2022-06-19 17:09:03", "distance (en metres)": 5736.38, "station": "DENFERT-ROCHEREAU#", "marker-color": "#818181"}}, {"type": "Feature", "geometry": {"type": "Point", "coordinates": [2.390614, 48.837238]}, "properties": {"numparc": 7396, "etat de la localisation": "autre", "ID BDGEO": "377", "horodatage": "2022-06-19 17:09:08", "distance (en metres)": 4114.55, "station": "DENFERT-ROCHEREAU#", "marker-color": "#818181"}}, {"type": "Feature", "geometry": {"type": "Point", "coordinates": [2.405621, 48.844391]}, "properties": {"numparc": 614, "etat de la localisation": "autre", "ID BDGEO": "55", "horodatage": "2022-06-19 17:09:41", "distance (en metres)": 110.1, "station": "AVENUE DE SAINT-MANDE", "marker-color": "#818181"}}, {"type": "Feature", "geometry": {"type": "Point", "coordinates": [2.406156, 48.852448]}, "properties": {"numparc": 7394, "etat de la localisation": "autre", "ID BDGEO": "377", "horodatage": "2022-06-19 17:11:03", "distance (en metres)": 5643.27, "station": "DENFERT-ROCHEREAU#", "marker-color": "#818181"}}, {"type": "Feature", "geometry": {"type": "Point", "coordinates": [2.403996, 48.839729]}, "properties": {"numparc": 614, "etat de la localisation": "autre", "ID BDGEO": "31", "horodatage": "2022-06-19 17:11:55", "distance (en metres)": 54.62, "station": "LOUIS BRAILLE", "marker-color": "#818181"}}, {"type": "Feature", "geometry": {"type": "Point", "coordinates": [2.386118, 48.835842]}, "properties": {"numparc": 7396, "etat de la localisation": "autre", "ID BDGEO": "377", "horodatage": "2022-06-19 17:12:04", "distance (en metres)": 3772.94, "station": "DENFERT-ROCHEREAU#", "marker-color": "#818181"}}, {"type": "Feature", "geometry": {"type": "Point", "coordinates": [2.406379, 48.848053]}, "properties": {"numparc": 7394, "etat de la localisation": "autre", "ID BDGEO": "377", "horodatage": "2022-06-19 17:13:25", "distance (en metres)": 5493.93, "station": "DENFERT-ROCHEREAU#", "marker-color": "#818181"}}, {"type": "Feature", "geometry": {"type": "Point", "coordinates": [2.383097, 48.834263]}, "properties": {"numparc": 7396, "etat de la localisation": "autre", "ID BDGEO": "377", "horodatage": "2022-06-19 17:13:52", "distance (en metres)": 3543.15, "station": "DENFERT-ROCHEREAU#", "marker-color": "#818181"}}, {"type": "Feature", "geometry": {"type": "Point", "coordinates": [2.405697, 48.84444]}, "properties": {"numparc": 7394, "etat de la localisation": "autre", "ID BDGEO": "377", "horodatage": "2022-06-19 17:16:12", "distance (en metres)": 5339.68, "station": "DENFERT-ROCHEREAU#", "marker-color": "#818181"}}, {"type": "Feature", "geometry": {"type": "Point", "coordinates": [2.379186, 48.831959]}, "properties": {"numparc": 7396, "etat de la localisation": "autre", "ID BDGEO": "377", "horodatage": "2022-06-19 17:16:37", "distance (en metres)": 3259.19, "station": "DENFERT-ROCHEREAU#", "marker-color": "#818181"}}, {"type": "Feature", "geometry": {"type": "Point", "coordinates": [2.407846, 48.876614]}, "properties": {"numparc": 1466, "etat de la localisation": "autre", "ID BDGEO": "359", "horodatage": "2022-06-19 17:16:55", "distance (en metres)": 72.91, "station": "PORTE DES LILAS-METRO.", "marker-color": "#818181"}}, {"type": "Feature", "geometry": {"type": "Point", "coordinates": [2.390582, 48.837208]}, "properties": {"numparc": 614, "etat de la localisation": "autre", "ID BDGEO": "122", "horodatage": "2022-06-19 17:17:23", "distance (en metres)": 528.21, "station": "DOCTEUR GOUJON-REUILLY", "marker-color": "#818181"}}, {"type": "Feature", "geometry": {"type": "Point", "coordinates": [2.405158, 48.842522]}, "properties": {"numparc": 7394, "etat de la localisation": "autre", "ID BDGEO": "377", "horodatage": "2022-06-19 17:17:59", "distance (en metres)": 5255.88, "station": "DENFERT-ROCHEREAU#", "marker-color": "#818181"}}, {"type": "Feature", "geometry": {"type": "Point", "coordinates": [2.375797, 48.830151]}, "properties": {"numparc": 7396, "etat de la localisation": "autre", "ID BDGEO": "377", "horodatage": "2022-06-19 17:18:28", "distance (en metres)": 3028.5, "station": "DENFERT-ROCHEREAU#", "marker-color": "#818181"}}, {"type": "Feature", "geometry": {"type": "Point", "coordinates": [2.385796, 48.835571]}, "properties": {"numparc": 614, "etat de la localisation": "autre", "ID BDGEO": "122", "horodatage": "2022-06-19 17:18:58", "distance (en metres)": 922.79, "station": "DOCTEUR GOUJON-REUILLY", "marker-color": "#818181"}}, {"type": "Feature", "geometry": {"type": "Point", "coordinates": [2.375756, 48.830105]}, "properties": {"numparc": 7396, "etat de la localisation": "autre", "ID BDGEO": "377", "horodatage": "2022-06-19 17:19:04", "distance (en metres)": 3026.12, "station": "DENFERT-ROCHEREAU#", "marker-color": "#818181"}}, {"type": "Feature", "geometry": {"type": "Point", "coordinates": [2.379328, 48.831783]}, "properties": {"numparc": 7386, "etat de la localisation": "autre", "ID BDGEO": "141", "horodatage": "2022-06-19 17:19:28", "distance (en metres)": 324.07, "station": "BIBLIOTHEQUE CHEVALERET", "marker-color": "#818181"}}, {"type": "Feature", "geometry": {"type": "Point", "coordinates": [2.404046, 48.839806]}, "properties": {"numparc": 7394, "etat de la localisation": "autre", "ID BDGEO": "377", "horodatage": "2022-06-19 17:20:04", "distance (en metres)": 5125.26, "station": "DENFERT-ROCHEREAU#", "marker-color": "#818181"}}, {"type": "Feature", "geometry": {"type": "Point", "coordinates": [2.382929, 48.834011]}, "properties": {"numparc": 614, "etat de la localisation": "autre", "ID BDGEO": "122", "horodatage": "2022-06-19 17:20:13", "distance (en metres)": 1191.23, "station": "DOCTEUR GOUJON-REUILLY", "marker-color": "#818181"}}, {"type": "Feature", "geometry": {"type": "Point", "coordinates": [2.370548, 48.82769]}, "properties": {"numparc": 7396, "etat de la localisation": "autre", "ID BDGEO": "377", "horodatage": "2022-06-19 17:21:41", "distance (en metres)": 2697.83, "station": "DENFERT-ROCHEREAU#", "marker-color": "#818181"}}, {"type": "Feature", "geometry": {"type": "Point", "coordinates": [2.38297, 48.833885]}, "properties": {"numparc": 7386, "etat de la localisation": "autre", "ID BDGEO": "141", "horodatage": "2022-06-19 17:21:48", "distance (en metres)": 677.92, "station": "BIBLIOTHEQUE CHEVALERET", "marker-color": "#818181"}}, {"type": "Feature", "geometry": {"type": "Point", "coordinates": [2.379105, 48.831894]}, "properties": {"numparc": 614, "etat de la localisation": "autre", "ID BDGEO": "122", "horodatage": "2022-06-19 17:22:11", "distance (en metres)": 1553.56, "station": "DOCTEUR GOUJON-REUILLY", "marker-color": "#818181"}}, {"type": "Feature", "geometry": {"type": "Point", "coordinates": [2.399343, 48.839642]}, "properties": {"numparc": 7394, "etat de la localisation": "autre", "ID BDGEO": "377", "horodatage": "2022-06-19 17:22:26", "distance (en metres)": 4781.98, "station": "DENFERT-ROCHEREAU#", "marker-color": "#818181"}}, {"type": "Feature", "geometry": {"type": "Point", "coordinates": [2.385982, 48.83548]}, "properties": {"numparc": 7386, "etat de la localisation": "autre", "ID BDGEO": "141", "horodatage": "2022-06-19 17:22:47", "distance (en metres)": 960.83, "station": "BIBLIOTHEQUE CHEVALERET", "marker-color": "#818181"}}, {"type": "Feature", "geometry": {"type": "Point", "coordinates": [2.386112, 48.835571]}, "properties": {"numparc": 7386, "etat de la localisation": "autre", "ID BDGEO": "141", "horodatage": "2022-06-19 17:23:22", "distance (en metres)": 974.62, "station": "BIBLIOTHEQUE CHEVALERET", "marker-color": "#818181"}}, {"type": "Feature", "geometry": {"type": "Point", "coordinates": [2.404624, 48.872391]}, "properties": {"numparc": 1466, "etat de la localisation": "autre", "ID BDGEO": "357", "horodatage": "2022-06-19 17:23:24", "distance (en metres)": 115.04, "station": "SAINT-FARGEAU", "marker-color": "#818181"}}, {"type": "Feature", "geometry": {"type": "Point", "coordinates": [2.367566, 48.827263]}, "properties": {"numparc": 7396, "etat de la localisation": "autre", "ID BDGEO": "377", "horodatage": "2022-06-19 17:23:25", "distance (en metres)": 2498.57, "station": "DENFERT-ROCHEREAU#", "marker-color": "#818181"}}, {"type": "Feature", "geometry": {"type": "Point", "coordinates": [2.37679, 48.830292]}, "properties": {"numparc": 614, "etat de la localisation": "autre", "ID BDGEO": "141", "horodatage": "2022-06-19 17:23:42", "distance (en metres)": 80.03, "station": "BIBLIOTHEQUE CHEVALERET", "marker-color": "#818181"}}, {"type": "Feature", "geometry": {"type": "Point", "coordinates": [2.367566, 48.827263]}, "properties": {"numparc": 7396, "etat de la localisation": "autre", "ID BDGEO": "377", "horodatage": "2022-06-19 17:23:53", "distance (en metres)": 2498.57, "station": "DENFERT-ROCHEREAU#", "marker-color": "#818181"}}, {"type": "Feature", "geometry": {"type": "Point", "coordinates": [2.396679, 48.839607]}, "properties": {"numparc": 7394, "etat de la localisation": "autre", "ID BDGEO": "377", "horodatage": "2022-06-19 17:24:10", "distance (en metres)": 4588.61, "station": "DENFERT-ROCHEREAU#", "marker-color": "#818181"}}, {"type": "Feature", "geometry": {"type": "Point", "coordinates": [2.390727, 48.837059]}, "properties": {"numparc": 7386, "etat de la localisation": "autre", "ID BDGEO": "141", "horodatage": "2022-06-19 17:24:48", "distance (en metres)": 1343.95, "station": "BIBLIOTHEQUE CHEVALERET", "marker-color": "#818181"}}, {"type": "Feature", "geometry": {"type": "Point", "coordinates": [2.37787, 48.829681]}, "properties": {"numparc": 614, "etat de la localisation": "Delocalise", "ID BDGEO": "141", "horodatage": "2022-06-19 17:25:03", "distance (en metres)": 160.74, "station": "BIBLIOTHEQUE CHEVALERET", "marker-color": "#FF565E"}}, {"type": "Feature", "geometry": {"type": "Point", "coordinates": [2.401162, 48.868065]}, "properties": {"numparc": 1466, "etat de la localisation": "autre", "ID BDGEO": "356", "horodatage": "2022-06-19 17:25:10", "distance (en metres)": 97.13, "station": "PELLEPORT-GAMBETTA", "marker-color": "#818181"}}, {"type": "Feature", "geometry": {"type": "Point", "coordinates": [2.37787, 48.829681]}, "properties": {"numparc": 614, "etat de la localisation": "Delocalise", "ID BDGEO": "141", "horodatage": "2022-06-19 17:25:12", "distance (en metres)": 160.74, "station": "BIBLIOTHEQUE CHEVALERET", "marker-color": "#FF565E"}}, {"type": "Feature", "geometry": {"type": "Point", "coordinates": [2.364465, 48.826813]}, "properties": {"numparc": 7396, "etat de la localisation": "autre", "ID BDGEO": "377", "horodatage": "2022-06-19 17:25:19", "distance (en metres)": 2296.25, "station": "DENFERT-ROCHEREAU#", "marker-color": "#818181"}}, {"type": "Feature", "geometry": {"type": "Point", "coordinates": [2.390903, 48.837116]}, "properties": {"numparc": 7386, "etat de la localisation": "autre", "ID BDGEO": "141", "horodatage": "2022-06-19 17:25:24", "distance (en metres)": 1358.14, "station": "BIBLIOTHEQUE CHEVALERET", "marker-color": "#818181"}}, {"type": "Feature", "geometry": {"type": "Point", "coordinates": [2.364276, 48.826775]}, "properties": {"numparc": 7396, "etat de la localisation": "autre", "ID BDGEO": "377", "horodatage": "2022-06-19 17:26:10", "distance (en metres)": 2284.49, "station": "DENFERT-ROCHEREAU#", "marker-color": "#818181"}}, {"type": "Feature", "geometry": {"type": "Point", "coordinates": [2.393737, 48.838905]}, "properties": {"numparc": 7386, "etat de la localisation": "autre", "ID BDGEO": "141", "horodatage": "2022-06-19 17:26:29", "distance (en metres)": 1642.9, "station": "BIBLIOTHEQUE CHEVALERET", "marker-color": "#818181"}}, {"type": "Feature", "geometry": {"type": "Point", "coordinates": [2.390627, 48.837223]}, "properties": {"numparc": 7394, "etat de la localisation": "autre", "ID BDGEO": "377", "horodatage": "2022-06-19 17:26:33", "distance (en metres)": 4115.31, "station": "DENFERT-ROCHEREAU#", "marker-color": "#818181"}}, {"type": "Feature", "geometry": {"type": "Point", "coordinates": [2.360712, 48.826309]}, "properties": {"numparc": 7396, "etat de la localisation": "autre", "ID BDGEO": "377", "horodatage": "2022-06-19 17:27:17", "distance (en metres)": 2058.19, "station": "DENFERT-ROCHEREAU#", "marker-color": "#818181"}}, {"type": "Feature", "geometry": {"type": "Point", "coordinates": [2.360712, 48.826309]}, "properties": {"numparc": 7396, "etat de la localisation": "autre", "ID BDGEO": "377", "horodatage": "2022-06-19 17:27:22", "distance (en metres)": 2058.19, "station": "DENFERT-ROCHEREAU#", "marker-color": "#818181"}}, {"type": "Feature", "geometry": {"type": "Point", "coordinates": [2.39701, 48.839485]}, "properties": {"numparc": 7386, "etat de la localisation": "autre", "ID BDGEO": "141", "horodatage": "2022-06-19 17:28:05", "distance (en metres)": 1875.66, "station": "BIBLIOTHEQUE CHEVALERET", "marker-color": "#818181"}}, {"type": "Feature", "geometry": {"type": "Point", "coordinates": [2.385972, 48.83572]}, "properties": {"numparc": 7394, "etat de la localisation": "autre", "ID BDGEO": "377", "horodatage": "2022-06-19 17:28:13", "distance (en metres)": 3761.32, "station": "DENFERT-ROCHEREAU#", "marker-color": "#818181"}}, {"type": "Feature", "geometry": {"type": "Point", "coordinates": [2.399324, 48.839539]}, "properties": {"numparc": 7386, "etat de la localisation": "autre", "ID BDGEO": "141", "horodatage": "2022-06-19 17:29:08", "distance (en metres)": 2021.45, "station": "BIBLIOTHEQUE CHEVALERET", "marker-color": "#818181"}}, {"type": "Feature", "geometry": {"type": "Point", "coordinates": [2.358963, 48.827488]}, "properties": {"numparc": 7396, "etat de la localisation": "autre", "ID BDGEO": "377", "horodatage": "2022-06-19 17:29:26", "distance (en metres)": 1891.29, "station": "DENFERT-ROCHEREAU#", "marker-color": "#818181"}}, {"type": "Feature", "geometry": {"type": "Point", "coordinates": [2.383085, 48.834198]}, "properties": {"numparc": 7394, "etat de la localisation": "autre", "ID BDGEO": "377", "horodatage": "2022-06-19 17:29:38", "distance (en metres)": 3542.08, "station": "DENFERT-ROCHEREAU#", "marker-color": "#818181"}}, {"type": "Feature", "geometry": {"type": "Point", "coordinates": [2.403405, 48.839661]}, "properties": {"numparc": 7386, "etat de la localisation": "autre", "ID BDGEO": "141", "horodatage": "2022-06-19 17:30:01", "distance (en metres)": 2287.99, "station": "BIBLIOTHEQUE CHEVALERET", "marker-color": "#818181"}}, {"type": "Feature", "geometry": {"type": "Point", "coordinates": [2.402405, 48.858997]}, "properties": {"numparc": 1466, "etat de la localisation": "autre", "ID BDGEO": "232", "horodatage": "2022-06-19 17:31:35", "distance (en metres)": 89.5, "station": "PYRENEES-BAGNOLET", "marker-color": "#818181"}}, {"type": "Feature", "geometry": {"type": "Point", "coordinates": [2.379194, 48.832008]}, "properties": {"numparc": 7394, "etat de la localisation": "autre", "ID BDGEO": "377", "horodatage": "2022-06-19 17:31:39", "distance (en metres)": 3259.52, "station": "DENFERT-ROCHEREAU#", "marker-color": "#818181"}}, {"type": "Feature", "geometry": {"type": "Point", "coordinates": [2.35667, 48.830326]}, "properties": {"numparc": 7396, "etat de la localisation": "autre", "ID BDGEO": "377", "horodatage": "2022-06-19 17:31:47", "distance (en metres)": 1642.29, "station": "DENFERT-ROCHEREAU#", "marker-color": "#818181"}}, {"type": "Feature", "geometry": {"type": "Point", "coordinates": [2.37787, 48.829681]}, "properties": {"numparc": 614, "etat de la localisation": "Delocalise", "ID BDGEO": "141", "horodatage": "2022-06-19 17:31:49", "distance (en metres)": 160.74, "station": "BIBLIOTHEQUE CHEVALERET", "marker-color": "#FF565E"}}, {"type": "Feature", "geometry": {"type": "Point", "coordinates": [2.405051, 48.842232]}, "properties": {"numparc": 7386, "etat de la localisation": "autre", "ID BDGEO": "141", "horodatage": "2022-06-19 17:32:04", "distance (en metres)": 2535.49, "station": "BIBLIOTHEQUE CHEVALERET", "marker-color": "#818181"}}, {"type": "Feature", "geometry": {"type": "Point", "coordinates": [2.375803, 48.830132]}, "properties": {"numparc": 7394, "etat de la localisation": "autre", "ID BDGEO": "377", "horodatage": "2022-06-19 17:33:05", "distance (en metres)": 3029.18, "station": "DENFERT-ROCHEREAU#", "marker-color": "#818181"}}, {"type": "Feature", "geometry": {"type": "Point", "coordinates": [2.405831, 48.845043]}, "properties": {"numparc": 7386, "etat de la localisation": "autre", "ID BDGEO": "141", "horodatage": "2022-06-19 17:33:38", "distance (en metres)": 2760.47, "station": "BIBLIOTHEQUE CHEVALERET", "marker-color": "#818181"}}, {"type": "Feature", "geometry": {"type": "Point", "coordinates": [2.405072, 48.855988]}, "properties": {"numparc": 1466, "etat de la localisation": "autre", "ID BDGEO": "231", "horodatage": "2022-06-19 17:34:25", "distance (en metres)": 65.96, "station": "ORTEAUX", "marker-color": "#818181"}}, {"type": "Feature", "geometry": {"type": "Point", "coordinates": [2.354106, 48.831165]}, "properties": {"numparc": 7396, "etat de la localisation": "autre", "ID BDGEO": "377", "horodatage": "2022-06-19 17:34:45", "distance (en metres)": 1440.44, "station": "DENFERT-ROCHEREAU#", "marker-color": "#818181"}}, {"type": "Feature", "geometry": {"type": "Point", "coordinates": [2.406538, 48.848125]}, "properties": {"numparc": 7386, "etat de la localisation": "autre", "ID BDGEO": "141", "horodatage": "2022-06-19 17:35:20", "distance (en metres)": 3018.2, "station": "BIBLIOTHEQUE CHEVALERET", "marker-color": "#818181"}}, {"type": "Feature", "geometry": {"type": "Point", "coordinates": [2.370549, 48.827709]}, "properties": {"numparc": 7394, "etat de la localisation": "autre", "ID BDGEO": "377", "horodatage": "2022-06-19 17:35:22", "distance (en metres)": 2697.4, "station": "DENFERT-ROCHEREAU#", "marker-color": "#818181"}}, {"type": "Feature", "geometry": {"type": "Point", "coordinates": [2.348902, 48.829857]}, "properties": {"numparc": 7396, "etat de la localisation": "autre", "ID BDGEO": "377", "horodatage": "2022-06-19 17:36:27", "distance (en metres)": 1109.17, "station": "DENFERT-ROCHEREAU#", "marker-color": "#818181"}}, {"type": "Feature", "geometry": {"type": "Point", "coordinates": [2.367648, 48.827263]}, "properties": {"numparc": 7394, "etat de la localisation": "autre", "ID BDGEO": "377", "horodatage": "2022-06-19 17:36:38", "distance (en metres)": 2504.33, "station": "DENFERT-ROCHEREAU#", "marker-color": "#818181"}}, {"type": "Feature", "geometry": {"type": "Point", "coordinates": [2.406131, 48.852306]}, "properties": {"numparc": 1466, "etat de la localisation": "autre", "ID BDGEO": "230", "horodatage": "2022-06-19 17:37:00", "distance (en metres)": 81.22, "station": "MARAICHERS", "marker-color": "#818181"}}, {"type": "Feature", "geometry": {"type": "Point", "coordinates": [2.406299, 48.851212]}, "properties": {"numparc": 7386, "etat de la localisation": "autre", "ID BDGEO": "141", "horodatage": "2022-06-19 17:37:17", "distance (en metres)": 3244.5, "station": "BIBLIOTHEQUE CHEVALERET", "marker-color": "#818181"}}, {"type": "Feature", "geometry": {"type": "Point", "coordinates": [2.364367, 48.82674]}, "properties": {"numparc": 7394, "etat de la localisation": "autre", "ID BDGEO": "377", "horodatage": "2022-06-19 17:37:44", "distance (en metres)": 2292.03, "station": "DENFERT-ROCHEREAU#", "marker-color": "#818181"}}, {"type": "Feature", "geometry": {"type": "Point", "coordinates": [2.343933, 48.831215]}, "properties": {"numparc": 7396, "etat de la localisation": "autre", "ID BDGEO": "377", "horodatage": "2022-06-19 17:38:04", "distance (en metres)": 715.74, "station": "DENFERT-ROCHEREAU#", "marker-color": "#818181"}}, {"type": "Feature", "geometry": {"type": "Point", "coordinates": [2.406018, 48.853043]}, "properties": {"numparc": 7386, "etat de la localisation": "autre", "ID BDGEO": "141", "horodatage": "2022-06-19 17:39:00", "distance (en metres)": 3381.42, "station": "BIBLIOTHEQUE CHEVALERET", "marker-color": "#818181"}}, {"type": "Feature", "geometry": {"type": "Point", "coordinates": [2.360653, 48.826218]}, "properties": {"numparc": 7394, "etat de la localisation": "autre", "ID BDGEO": "377", "horodatage": "2022-06-19 17:39:23", "distance (en metres)": 2058.09, "station": "DENFERT-ROCHEREAU#", "marker-color": "#818181"}}, {"type": "Feature", "geometry": {"type": "Point", "coordinates": [2.360653, 48.826218]}, "properties": {"numparc": 7394, "etat de la localisation": "autre", "ID BDGEO": "377", "horodatage": "2022-06-19 17:39:30", "distance (en metres)": 2058.09, "station": "DENFERT-ROCHEREAU#", "marker-color": "#818181"}}, {"type": "Feature", "geometry": {"type": "Point", "coordinates": [2.339095, 48.83252]}, "properties": {"numparc": 7396, "etat de la localisation": "autre", "ID BDGEO": "377", "horodatage": "2022-06-19 17:40:08", "distance (en metres)": 334.1, "station": "DENFERT-ROCHEREAU#", "marker-color": "#818181"}}, {"type": "Feature", "geometry": {"type": "Point", "coordinates": [2.404739, 48.856487]}, "properties": {"numparc": 7386, "etat de la localisation": "autre", "ID BDGEO": "141", "horodatage": "2022-06-19 17:40:37", "distance (en metres)": 3623.79, "station": "BIBLIOTHEQUE CHEVALERET", "marker-color": "#818181"}}, {"type": "Feature", "geometry": {"type": "Point", "coordinates": [2.401732, 48.859432]}, "properties": {"numparc": 7386, "etat de la localisation": "autre", "ID BDGEO": "141", "horodatage": "2022-06-19 17:42:06", "distance (en metres)": 3778.63, "station": "BIBLIOTHEQUE CHEVALERET", "marker-color": "#818181"}}, {"type": "Feature", "geometry": {"type": "Point", "coordinates": [2.35657, 48.830364]}, "properties": {"numparc": 7394, "etat de la localisation": "autre", "ID BDGEO": "377", "horodatage": "2022-06-19 17:42:12", "distance (en metres)": 1634.26, "station": "DENFERT-ROCHEREAU#", "marker-color": "#818181"}}, {"type": "Feature", "geometry": {"type": "Point", "coordinates": [2.33374, 48.834087]}, "properties": {"numparc": 7396, "etat de la localisation": "autre", "ID BDGEO": "377", "horodatage": "2022-06-19 17:42:32", "distance (en metres)": 108.31, "station": "DENFERT-ROCHEREAU#", "marker-color": "#818181"}}, {"type": "Feature", "geometry": {"type": "Point", "coordinates": [2.405628, 48.844456]}, "properties": {"numparc": 1466, "etat de la localisation": "autre", "ID BDGEO": "55", "horodatage": "2022-06-19 17:42:54", "distance (en metres)": 102.92, "station": "AVENUE DE SAINT-MANDE", "marker-color": "#818181"}}, {"type": "Feature", "geometry": {"type": "Point", "coordinates": [2.400175, 48.862038]}, "properties": {"numparc": 7386, "etat de la localisation": "autre", "ID BDGEO": "141", "horodatage": "2022-06-19 17:43:06", "distance (en metres)": 3979.16, "station": "BIBLIOTHEQUE CHEVALERET", "marker-color": "#818181"}}, {"type": "Feature", "geometry": {"type": "Point", "coordinates": [2.39895, 48.864231]}, "properties": {"numparc": 7386, "etat de la localisation": "autre", "ID BDGEO": "141", "horodatage": "2022-06-19 17:44:13", "distance (en metres)": 4161.13, "station": "BIBLIOTHEQUE CHEVALERET", "marker-color": "#818181"}}, {"type": "Feature", "geometry": {"type": "Point", "coordinates": [2.404062, 48.839787]}, "properties": {"numparc": 1466, "etat de la localisation": "autre", "ID BDGEO": "31", "horodatage": "2022-06-19 17:45:35", "distance (en metres)": 59.65, "station": "LOUIS BRAILLE", "marker-color": "#818181"}}, {"type": "Feature", "geometry": {"type": "Point", "coordinates": [2.353955, 48.831112]}, "properties": {"numparc": 7394, "etat de la localisation": "autre", "ID BDGEO": "377", "horodatage": "2022-06-19 17:46:06", "distance (en metres)": 1430.58, "station": "DENFERT-ROCHEREAU#", "marker-color": "#818181"}}, {"type": "Feature", "geometry": {"type": "Point", "coordinates": [2.401914, 48.868698]}, "properties": {"numparc": 7386, "etat de la localisation": "autre", "ID BDGEO": "141", "horodatage": "2022-06-19 17:48:02", "distance (en metres)": 4703.06, "station": "BIBLIOTHEQUE CHEVALERET", "marker-color": "#818181"}}, {"type": "Feature", "geometry": {"type": "Point", "coordinates": [2.404085, 48.871216]}, "properties": {"numparc": 7386, "etat de la localisation": "autre", "ID BDGEO": "141", "horodatage": "2022-06-19 17:49:39", "distance (en metres)": 5023.52, "station": "BIBLIOTHEQUE CHEVALERET", "marker-color": "#818181"}}, {"type": "Feature", "geometry": {"type": "Point", "coordinates": [2.343928, 48.831226]}, "properties": {"numparc": 7394, "etat de la localisation": "autre", "ID BDGEO": "377", "horodatage": "2022-06-19 17:49:56", "distance (en metres)": 714.97, "station": "DENFERT-ROCHEREAU#", "marker-color": "#818181"}}, {"type": "Feature", "geometry": {"type": "Point", "coordinates": [2.404124, 48.871296]}, "properties": {"numparc": 7386, "etat de la localisation": "autre", "ID BDGEO": "141", "horodatage": "2022-06-19 17:50:43", "distance (en metres)": 5032.81, "station": "BIBLIOTHEQUE CHEVALERET", "marker-color": "#818181"}}, {"type": "Feature", "geometry": {"type": "Point", "coordinates": [2.393851, 48.839035]}, "properties": {"numparc": 1466, "etat de la localisation": "autre", "ID BDGEO": "122", "horodatage": "2022-06-19 17:51:31", "distance (en metres)": 227.72, "station": "DOCTEUR GOUJON-REUILLY", "marker-color": "#818181"}}, {"type": "Feature", "geometry": {"type": "Point", "coordinates": [2.405416, 48.874138]}, "properties": {"numparc": 7386, "etat de la localisation": "autre", "ID BDGEO": "141", "horodatage": "2022-06-19 17:51:38", "distance (en metres)": 5359.84, "station": "BIBLIOTHEQUE CHEVALERET", "marker-color": "#818181"}}, {"type": "Feature", "geometry": {"type": "Point", "coordinates": [2.339052, 48.832493]}, "properties": {"numparc": 7394, "etat de la localisation": "autre", "ID BDGEO": "377", "horodatage": "2022-06-19 17:51:55", "distance (en metres)": 331.91, "station": "DENFERT-ROCHEREAU#", "marker-color": "#818181"}}, {"type": "Feature", "geometry": {"type": "Point", "coordinates": [2.406475, 48.876705]}, "properties": {"numparc": 7386, "etat de la localisation": "autre", "ID BDGEO": "141", "horodatage": "2022-06-19 17:52:36", "distance (en metres)": 5652.39, "station": "BIBLIOTHEQUE CHEVALERET", "marker-color": "#818181"}}, {"type": "Feature", "geometry": {"type": "Point", "coordinates": [2.390564, 48.837238]}, "properties": {"numparc": 1466, "etat de la localisation": "autre", "ID BDGEO": "122", "horodatage": "2022-06-19 17:53:05", "distance (en metres)": 527.7, "station": "DOCTEUR GOUJON-REUILLY", "marker-color": "#818181"}}, {"type": "Feature", "geometry": {"type": "Point", "coordinates": [2.333676, 48.834026]}, "properties": {"numparc": 7394, "etat de la localisation": "autre", "ID BDGEO": "377", "horodatage": "2022-06-19 17:53:31", "distance (en metres)": 106.54, "station": "DENFERT-ROCHEREAU#", "marker-color": "#818181"}}, {"type": "Feature", "geometry": {"type": "Point", "coordinates": [2.385891, 48.835632]}, "properties": {"numparc": 1466, "etat de la localisation": "autre", "ID BDGEO": "122", "horodatage": "2022-06-19 17:56:18", "distance (en metres)": 913.45, "station": "DOCTEUR GOUJON-REUILLY", "marker-color": "#818181"}}, {"type": "Feature", "geometry": {"type": "Point", "coordinates": [2.383, 48.834023]}, "properties": {"numparc": 1466, "etat de la localisation": "autre", "ID BDGEO": "122", "horodatage": "2022-06-19 17:57:47", "distance (en metres)": 1186.13, "station": "DOCTEUR GOUJON-REUILLY", "marker-color": "#818181"}}, {"type": "Feature", "geometry": {"type": "Point", "coordinates": [2.405797, 48.845055]}, "properties": {"numparc": 614, "etat de la localisation": "autre", "ID BDGEO": "73", "horodatage": "2022-06-19 17:59:07", "distance (en metres)": 78.19, "station": "AVENUE DE SAINT-MANDE", "marker-color": "#818181"}}, {"type": "Feature", "geometry": {"type": "Point", "coordinates": [2.379148, 48.831909]}, "properties": {"numparc": 1466, "etat de la localisation": "autre", "ID BDGEO": "122", "horodatage": "2022-06-19 17:59:51", "distance (en metres)": 1550.0, "station": "DOCTEUR GOUJON-REUILLY", "marker-color": "#818181"}}, {"type": "Feature", "geometry": {"type": "Point", "coordinates": [2.406527, 48.848202]}, "properties": {"numparc": 614, "etat de la localisation": "autre", "ID BDGEO": "63", "horodatage": "2022-06-19 18:00:41", "distance (en metres)": 40.67, "station": "COURS DE VINCENNES", "marker-color": "#818181"}}, {"type": "Feature", "geometry": {"type": "Point", "coordinates": [2.376936, 48.830128]}, "properties": {"numparc": 1466, "etat de la localisation": "autre", "ID BDGEO": "122", "horodatage": "2022-06-19 18:01:41", "distance (en metres)": 1795.64, "station": "DOCTEUR GOUJON-REUILLY", "marker-color": "#818181"}}, {"type": "Feature", "geometry": {"type": "Point", "coordinates": [2.406324, 48.851238]}, "properties": {"numparc": 614, "etat de la localisation": "autre", "ID BDGEO": "226", "horodatage": "2022-06-19 18:02:47", "distance (en metres)": 121.65, "station": "LA PLAINE", "marker-color": "#818181"}}, {"type": "Feature", "geometry": {"type": "Point", "coordinates": [2.40599, 48.853058]}, "properties": {"numparc": 614, "etat de la localisation": "autre", "ID BDGEO": "225", "horodatage": "2022-06-19 18:04:24", "distance (en metres)": 78.6, "station": "MARAICHERS", "marker-color": "#818181"}}, {"type": "Feature", "geometry": {"type": "Point", "coordinates": [2.404654, 48.85656]}, "properties": {"numparc": 614, "etat de la localisation": "autre", "ID BDGEO": "224", "horodatage": "2022-06-19 18:06:14", "distance (en metres)": 67.92, "station": "ORTEAUX", "marker-color": "#818181"}}, {"type": "Feature", "geometry": {"type": "Point", "coordinates": [2.401591, 48.85952]}, "properties": {"numparc": 614, "etat de la localisation": "autre", "ID BDGEO": "223", "horodatage": "2022-06-19 18:07:53", "distance (en metres)": 68.69, "station": "PYRENEES-BAGNOLET", "marker-color": "#818181"}}, {"type": "Feature", "geometry": {"type": "Point", "coordinates": [2.400087, 48.862122]}, "properties": {"numparc": 614, "etat de la localisation": "autre", "ID BDGEO": "222", "horodatage": "2022-06-19 18:08:59", "distance (en metres)": 68.88, "station": "RAMUS", "marker-color": "#818181"}}, {"type": "Feature", "geometry": {"type": "Point", "coordinates": [2.379271, 48.83194]}, "properties": {"numparc": 1466, "etat de la localisation": "autre", "ID BDGEO": "122", "horodatage": "2022-06-19 18:09:17", "distance (en metres)": 1540.61, "station": "DOCTEUR GOUJON-REUILLY", "marker-color": "#818181"}}, {"type": "Feature", "geometry": {"type": "Point", "coordinates": [2.382904, 48.83392]}, "properties": {"numparc": 1466, "etat de la localisation": "autre", "ID BDGEO": "122", "horodatage": "2022-06-19 18:11:31", "distance (en metres)": 1198.08, "station": "DOCTEUR GOUJON-REUILLY", "marker-color": "#818181"}}, {"type": "Feature", "geometry": {"type": "Point", "coordinates": [2.385957, 48.835598]}, "properties": {"numparc": 1466, "etat de la localisation": "autre", "ID BDGEO": "122", "horodatage": "2022-06-19 18:13:38", "distance (en metres)": 911.04, "station": "DOCTEUR GOUJON-REUILLY", "marker-color": "#818181"}}, {"type": "Feature", "geometry": {"type": "Point", "coordinates": [2.390678, 48.837189]}, "properties": {"numparc": 1466, "etat de la localisation": "autre", "ID BDGEO": "122", "horodatage": "2022-06-19 18:15:48", "distance (en metres)": 523.17, "station": "DOCTEUR GOUJON-REUILLY", "marker-color": "#818181"}}, {"type": "Feature", "geometry": {"type": "Point", "coordinates": [2.401846, 48.868828]}, "properties": {"numparc": 614, "etat de la localisation": "autre", "ID BDGEO": "220", "horodatage": "2022-06-19 18:16:16", "distance (en metres)": 527.62, "station": "GAMBETTA-PYRENEES", "marker-color": "#818181"}}, {"type": "Feature", "geometry": {"type": "Point", "coordinates": [2.404102, 48.871342]}, "properties": {"numparc": 614, "etat de la localisation": "autre", "ID BDGEO": "220", "horodatage": "2022-06-19 18:17:45", "distance (en metres)": 851.32, "station": "GAMBETTA-PYRENEES", "marker-color": "#818181"}}, {"type": "Feature", "geometry": {"type": "Point", "coordinates": [2.393713, 48.838951]}, "properties": {"numparc": 1466, "etat de la localisation": "autre", "ID BDGEO": "122", "horodatage": "2022-06-19 18:18:00", "distance (en metres)": 239.92, "station": "DOCTEUR GOUJON-REUILLY", "marker-color": "#818181"}}, {"type": "Feature", "geometry": {"type": "Point", "coordinates": [2.406376, 48.87677]}, "properties": {"numparc": 614, "etat de la localisation": "autre", "ID BDGEO": "220", "horodatage": "2022-06-19 18:20:26", "distance (en metres)": 1469.8, "station": "GAMBETTA-PYRENEES", "marker-color": "#818181"}}, {"type": "Feature", "geometry": {"type": "Point", "coordinates": [2.406489, 48.847889]}, "properties": {"numparc": 1466, "etat de la localisation": "autre", "ID BDGEO": "68", "horodatage": "2022-06-19 18:30:01", "distance (en metres)": 43.2, "station": "COURS DE VINCENNES", "marker-color": "#818181"}}, {"type": "Feature", "geometry": {"type": "Point", "coordinates": [2.407836, 48.87653]}, "properties": {"numparc": 7386, "etat de la localisation": "autre", "ID BDGEO": "359", "horodatage": "2022-06-19 18:30:09", "distance (en metres)": 81.24, "station": "PORTE DES LILAS-METRO.", "marker-color": "#818181"}}, {"type": "Feature", "geometry": {"type": "Point", "coordinates": [2.405563, 48.874752]}, "properties": {"numparc": 7386, "etat de la localisation": "autre", "ID BDGEO": "358", "horodatage": "2022-06-19 18:34:51", "distance (en metres)": 49.13, "station": "PISCINE DES TOURELLES", "marker-color": "#818181"}}, {"type": "Feature", "geometry": {"type": "Point", "coordinates": [2.404634, 48.87244]}, "properties": {"numparc": 7386, "etat de la localisation": "autre", "ID BDGEO": "357", "horodatage": "2022-06-19 18:35:44", "distance (en metres)": 120.43, "station": "SAINT-FARGEAU", "marker-color": "#818181"}}, {"type": "Feature", "geometry": {"type": "Point", "coordinates": [2.401242, 48.868153]}, "properties": {"numparc": 7386, "etat de la localisation": "autre", "ID BDGEO": "356", "horodatage": "2022-06-19 18:37:13", "distance (en metres)": 85.75, "station": "PELLEPORT-GAMBETTA", "marker-color": "#818181"}}, {"type": "Feature", "geometry": {"type": "Point", "coordinates": [2.407812, 48.876564]}, "properties": {"numparc": 614, "etat de la localisation": "autre", "ID BDGEO": "359", "horodatage": "2022-06-19 18:39:05", "distance (en metres)": 78.89, "station": "PORTE DES LILAS-METRO.", "marker-color": "#818181"}}, {"type": "Feature", "geometry": {"type": "Point", "coordinates": [2.400291, 48.861549]}, "properties": {"numparc": 7386, "etat de la localisation": "autre", "ID BDGEO": "233", "horodatage": "2022-06-19 18:40:35", "distance (en metres)": 68.98, "station": "RAMUS", "marker-color": "#818181"}}, {"type": "Feature", "geometry": {"type": "Point", "coordinates": [2.334742, 48.833546]}, "properties": {"numparc": 1550, "etat de la localisation": "autre", "ID BDGEO": "346", "horodatage": "2022-06-19 18:41:18", "distance (en metres)": 5572.57, "station": "LAGNY SORTIE#", "marker-color": "#818181"}}, {"type": "Feature", "geometry": {"type": "Point", "coordinates": [2.402364, 48.858974]}, "properties": {"numparc": 7386, "etat de la localisation": "autre", "ID BDGEO": "232", "horodatage": "2022-06-19 18:41:34", "distance (en metres)": 89.47, "station": "PYRENEES-BAGNOLET", "marker-color": "#818181"}}, {"type": "Feature", "geometry": {"type": "Point", "coordinates": [2.40104, 48.864765]}, "properties": {"numparc": 1466, "etat de la localisation": "Delocalise", "ID BDGEO": "220", "horodatage": "2022-06-19 18:42:00", "distance (en metres)": 166.92, "station": "GAMBETTA-PYRENEES", "marker-color": "#FF565E"}}, {"type": "Feature", "geometry": {"type": "Point", "coordinates": [2.405626, 48.874752]}, "properties": {"numparc": 614, "etat de la localisation": "autre", "ID BDGEO": "358", "horodatage": "2022-06-19 18:42:50", "distance (en metres)": 51.22, "station": "PISCINE DES TOURELLES", "marker-color": "#818181"}}, {"type": "Feature", "geometry": {"type": "Point", "coordinates": [2.334742, 48.833546]}, "properties": {"numparc": 1550, "etat de la localisation": "autre", "ID BDGEO": "346", "horodatage": "2022-06-19 18:42:56", "distance (en metres)": 5572.57, "station": "LAGNY SORTIE#", "marker-color": "#818181"}}, {"type": "Feature", "geometry": {"type": "Point", "coordinates": [2.404915, 48.856068]}, "properties": {"numparc": 7386, "etat de la localisation": "autre", "ID BDGEO": "231", "horodatage": "2022-06-19 18:43:58", "distance (en metres)": 53.29, "station": "ORTEAUX", "marker-color": "#818181"}}, {"type": "Feature", "geometry": {"type": "Point", "coordinates": [2.404915, 48.856068]}, "properties": {"numparc": 7386, "etat de la localisation": "autre", "ID BDGEO": "231", "horodatage": "2022-06-19 18:44:00", "distance (en metres)": 53.29, "station": "ORTEAUX", "marker-color": "#818181"}}, {"type": "Feature", "geometry": {"type": "Point", "coordinates": [2.404618, 48.872341]}, "properties": {"numparc": 614, "etat de la localisation": "autre", "ID BDGEO": "357", "horodatage": "2022-06-19 18:44:10", "distance (en metres)": 109.76, "station": "SAINT-FARGEAU", "marker-color": "#818181"}}, {"type": "Feature", "geometry": {"type": "Point", "coordinates": [2.379212, 48.832027]}, "properties": {"numparc": 7394, "etat de la localisation": "autre", "ID BDGEO": "141", "horodatage": "2022-06-19 18:44:22", "distance (en metres)": 334.3, "station": "BIBLIOTHEQUE CHEVALERET", "marker-color": "#818181"}}, {"type": "Feature", "geometry": {"type": "Point", "coordinates": [2.401917, 48.868851]}, "properties": {"numparc": 1466, "etat de la localisation": "autre", "ID BDGEO": "220", "horodatage": "2022-06-19 18:44:31", "distance (en metres)": 532.15, "station": "GAMBETTA-PYRENEES", "marker-color": "#818181"}}, {"type": "Feature", "geometry": {"type": "Point", "coordinates": [2.404618, 48.872341]}, "properties": {"numparc": 614, "etat de la localisation": "autre", "ID BDGEO": "357", "horodatage": "2022-06-19 18:44:34", "distance (en metres)": 109.76, "station": "SAINT-FARGEAU", "marker-color": "#818181"}}, {"type": "Feature", "geometry": {"type": "Point", "coordinates": [2.401917, 48.868851]}, "properties": {"numparc": 1466, "etat de la localisation": "autre", "ID BDGEO": "220", "horodatage": "2022-06-19 18:44:48", "distance (en metres)": 532.15, "station": "GAMBETTA-PYRENEES", "marker-color": "#818181"}}, {"type": "Feature", "geometry": {"type": "Point", "coordinates": [2.406071, 48.852394]}, "properties": {"numparc": 7386, "etat de la localisation": "autre", "ID BDGEO": "230", "horodatage": "2022-06-19 18:45:50", "distance (en metres)": 71.1, "station": "MARAICHERS", "marker-color": "#818181"}}, {"type": "Feature", "geometry": {"type": "Point", "coordinates": [2.382753, 48.833885]}, "properties": {"numparc": 7394, "etat de la localisation": "autre", "ID BDGEO": "141", "horodatage": "2022-06-19 18:46:09", "distance (en metres)": 665.61, "station": "BIBLIOTHEQUE CHEVALERET", "marker-color": "#818181"}}, {"type": "Feature", "geometry": {"type": "Point", "coordinates": [2.401109, 48.868004]}, "properties": {"numparc": 614, "etat de la localisation": "autre", "ID BDGEO": "356", "horodatage": "2022-06-19 18:46:26", "distance (en metres)": 104.94, "station": "PELLEPORT-GAMBETTA", "marker-color": "#818181"}}, {"type": "Feature", "geometry": {"type": "Point", "coordinates": [2.404128, 48.871326]}, "properties": {"numparc": 1466, "etat de la localisation": "autre", "ID BDGEO": "220", "horodatage": "2022-06-19 18:47:03", "distance (en metres)": 850.68, "station": "GAMBETTA-PYRENEES", "marker-color": "#818181"}}, {"type": "Feature", "geometry": {"type": "Point", "coordinates": [2.385818, 48.835518]}, "properties": {"numparc": 7394, "etat de la localisation": "autre", "ID BDGEO": "141", "horodatage": "2022-06-19 18:48:03", "distance (en metres)": 954.2, "station": "BIBLIOTHEQUE CHEVALERET", "marker-color": "#818181"}}, {"type": "Feature", "geometry": {"type": "Point", "coordinates": [2.405381, 48.874241]}, "properties": {"numparc": 1466, "etat de la localisation": "autre", "ID BDGEO": "220", "horodatage": "2022-06-19 18:48:55", "distance (en metres)": 1182.56, "station": "GAMBETTA-PYRENEES", "marker-color": "#818181"}}, {"type": "Feature", "geometry": {"type": "Point", "coordinates": [2.406433, 48.876789]}, "properties": {"numparc": 1466, "etat de la localisation": "autre", "ID BDGEO": "220", "horodatage": "2022-06-19 18:49:56", "distance (en metres)": 1473.34, "station": "GAMBETTA-PYRENEES", "marker-color": "#818181"}}, {"type": "Feature", "geometry": {"type": "Point", "coordinates": [2.39054, 48.837112]}, "properties": {"numparc": 7394, "etat de la localisation": "autre", "ID BDGEO": "141", "horodatage": "2022-06-19 18:50:16", "distance (en metres)": 1336.28, "station": "BIBLIOTHEQUE CHEVALERET", "marker-color": "#818181"}}, {"type": "Feature", "geometry": {"type": "Point", "coordinates": [2.390665, 48.837154]}, "properties": {"numparc": 7394, "etat de la localisation": "autre", "ID BDGEO": "141", "horodatage": "2022-06-19 18:50:53", "distance (en metres)": 1346.43, "station": "BIBLIOTHEQUE CHEVALERET", "marker-color": "#818181"}}, {"type": "Feature", "geometry": {"type": "Point", "coordinates": [2.400303, 48.861385]}, "properties": {"numparc": 614, "etat de la localisation": "autre", "ID BDGEO": "233", "horodatage": "2022-06-19 18:51:46", "distance (en metres)": 87.08, "station": "RAMUS", "marker-color": "#818181"}}, {"type": "Feature", "geometry": {"type": "Point", "coordinates": [2.408535, 48.877129]}, "properties": {"numparc": 1466, "etat de la localisation": "autre", "ID BDGEO": "377", "horodatage": "2022-06-19 18:52:59", "distance (en metres)": 7271.16, "station": "DENFERT-ROCHEREAU#", "marker-color": "#818181"}}, {"type": "Feature", "geometry": {"type": "Point", "coordinates": [2.402357, 48.85899]}, "properties": {"numparc": 614, "etat de la localisation": "autre", "ID BDGEO": "232", "horodatage": "2022-06-19 18:53:09", "distance (en metres)": 87.84, "station": "PYRENEES-BAGNOLET", "marker-color": "#818181"}}, {"type": "Feature", "geometry": {"type": "Point", "coordinates": [2.408234, 48.876686]}, "properties": {"numparc": 1466, "etat de la localisation": "autre", "ID BDGEO": "377", "horodatage": "2022-06-19 18:53:52", "distance (en metres)": 7221.91, "station": "DENFERT-ROCHEREAU#", "marker-color": "#818181"}}, {"type": "Feature", "geometry": {"type": "Point", "coordinates": [2.393619, 48.838936]}, "properties": {"numparc": 7394, "etat de la localisation": "autre", "ID BDGEO": "141", "horodatage": "2022-06-19 18:54:34", "distance (en metres)": 1638.03, "station": "BIBLIOTHEQUE CHEVALERET", "marker-color": "#818181"}}, {"type": "Feature", "geometry": {"type": "Point", "coordinates": [2.334742, 48.833546]}, "properties": {"numparc": 1550, "etat de la localisation": "autre", "ID BDGEO": "346", "horodatage": "2022-06-19 18:55:07", "distance (en metres)": 5572.57, "station": "LAGNY SORTIE#", "marker-color": "#818181"}}, {"type": "Feature", "geometry": {"type": "Point", "coordinates": [2.405038, 48.85598]}, "properties": {"numparc": 614, "etat de la localisation": "autre", "ID BDGEO": "231", "horodatage": "2022-06-19 18:55:21", "distance (en metres)": 65.68, "station": "ORTEAUX", "marker-color": "#818181"}}, {"type": "Feature", "geometry": {"type": "Point", "coordinates": [2.406118, 48.85231]}, "properties": {"numparc": 614, "etat de la localisation": "autre", "ID BDGEO": "230", "horodatage": "2022-06-19 18:56:40", "distance (en metres)": 80.69, "station": "MARAICHERS", "marker-color": "#818181"}}, {"type": "Feature", "geometry": {"type": "Point", "coordinates": [2.396991, 48.839573]}, "properties": {"numparc": 7394, "etat de la localisation": "autre", "ID BDGEO": "141", "horodatage": "2022-06-19 18:57:16", "distance (en metres)": 1879.96, "station": "BIBLIOTHEQUE CHEVALERET", "marker-color": "#818181"}}, {"type": "Feature", "geometry": {"type": "Point", "coordinates": [2.403377, 48.839764]}, "properties": {"numparc": 7394, "etat de la localisation": "autre", "ID BDGEO": "141", "horodatage": "2022-06-19 18:59:29", "distance (en metres)": 2291.55, "station": "BIBLIOTHEQUE CHEVALERET", "marker-color": "#818181"}}, {"type": "Feature", "geometry": {"type": "Point", "coordinates": [2.354558, 48.830925]}, "properties": {"numparc": 1550, "etat de la localisation": "autre", "ID BDGEO": "377", "horodatage": "2022-06-19 19:01:58", "distance (en metres)": 1477.71, "station": "DENFERT-ROCHEREAU#", "marker-color": "#818181"}}, {"type": "Feature", "geometry": {"type": "Point", "coordinates": [2.334394, 48.83353]}, "properties": {"numparc": 1478, "etat de la localisation": "autre", "ID BDGEO": "348", "horodatage": "2022-06-19 19:02:25", "distance (en metres)": 45.18, "station": "DENFERT-ROCHEREAU", "marker-color": "#818181"}}, {"type": "Feature", "geometry": {"type": "Point", "coordinates": [2.405023, 48.842251]}, "properties": {"numparc": 7394, "etat de la localisation": "autre", "ID BDGEO": "141", "horodatage": "2022-06-19 19:02:31", "distance (en metres)": 2534.9, "station": "BIBLIOTHEQUE CHEVALERET", "marker-color": "#818181"}}, {"type": "Feature", "geometry": {"type": "Point", "coordinates": [2.405587, 48.844368]}, "properties": {"numparc": 614, "etat de la localisation": "autre", "ID BDGEO": "55", "horodatage": "2022-06-19 19:02:57", "distance (en metres)": 113.07, "station": "AVENUE DE SAINT-MANDE", "marker-color": "#818181"}}, {"type": "Feature", "geometry": {"type": "Point", "coordinates": [2.356431, 48.830547]}, "properties": {"numparc": 1550, "etat de la localisation": "autre", "ID BDGEO": "377", "horodatage": "2022-06-19 19:03:27", "distance (en metres)": 1620.26, "station": "DENFERT-ROCHEREAU#", "marker-color": "#818181"}}, {"type": "Feature", "geometry": {"type": "Point", "coordinates": [2.334394, 48.83353]}, "properties": {"numparc": 1478, "etat de la localisation": "autre", "ID BDGEO": "348", "horodatage": "2022-06-19 19:03:32", "distance (en metres)": 45.18, "station": "DENFERT-ROCHEREAU", "marker-color": "#818181"}}, {"type": "Feature", "geometry": {"type": "Point", "coordinates": [2.405772, 48.845013]}, "properties": {"numparc": 7394, "etat de la localisation": "autre", "ID BDGEO": "141", "horodatage": "2022-06-19 19:04:22", "distance (en metres)": 2754.97, "station": "BIBLIOTHEQUE CHEVALERET", "marker-color": "#818181"}}, {"type": "Feature", "geometry": {"type": "Point", "coordinates": [2.358857, 48.827431]}, "properties": {"numparc": 1550, "etat de la localisation": "autre", "ID BDGEO": "377", "horodatage": "2022-06-19 19:04:32", "distance (en metres)": 1886.22, "station": "DENFERT-ROCHEREAU#", "marker-color": "#818181"}}, {"type": "Feature", "geometry": {"type": "Point", "coordinates": [2.360715, 48.826225]}, "properties": {"numparc": 1550, "etat de la localisation": "autre", "ID BDGEO": "377", "horodatage": "2022-06-19 19:05:52", "distance (en metres)": 2061.95, "station": "DENFERT-ROCHEREAU#", "marker-color": "#818181"}}, {"type": "Feature", "geometry": {"type": "Point", "coordinates": [2.406515, 48.848137]}, "properties": {"numparc": 7394, "etat de la localisation": "autre", "ID BDGEO": "141", "horodatage": "2022-06-19 19:05:52", "distance (en metres)": 3017.78, "station": "BIBLIOTHEQUE CHEVALERET", "marker-color": "#818181"}}, {"type": "Feature", "geometry": {"type": "Point", "coordinates": [2.334394, 48.83353]}, "properties": {"numparc": 1478, "etat de la localisation": "autre", "ID BDGEO": "348", "horodatage": "2022-06-19 19:06:38", "distance (en metres)": 45.18, "station": "DENFERT-ROCHEREAU", "marker-color": "#818181"}}, {"type": "Feature", "geometry": {"type": "Point", "coordinates": [2.364214, 48.826691]}, "properties": {"numparc": 1550, "etat de la localisation": "autre", "ID BDGEO": "377", "horodatage": "2022-06-19 19:06:52", "distance (en metres)": 2283.2, "station": "DENFERT-ROCHEREAU#", "marker-color": "#818181"}}, {"type": "Feature", "geometry": {"type": "Point", "coordinates": [2.366951, 48.827091]}, "properties": {"numparc": 1550, "etat de la localisation": "autre", "ID BDGEO": "377", "horodatage": "2022-06-19 19:07:39", "distance (en metres)": 2460.59, "station": "DENFERT-ROCHEREAU#", "marker-color": "#818181"}}, {"type": "Feature", "geometry": {"type": "Point", "coordinates": [2.408234, 48.876686]}, "properties": {"numparc": 1466, "etat de la localisation": "autre", "ID BDGEO": "377", "horodatage": "2022-06-19 19:09:34", "distance (en metres)": 7221.91, "station": "DENFERT-ROCHEREAU#", "marker-color": "#818181"}}, {"type": "Feature", "geometry": {"type": "Point", "coordinates": [2.406052, 48.852955]}, "properties": {"numparc": 7394, "etat de la localisation": "autre", "ID BDGEO": "141", "horodatage": "2022-06-19 19:10:01", "distance (en metres)": 3375.7, "station": "BIBLIOTHEQUE CHEVALERET", "marker-color": "#818181"}}, {"type": "Feature", "geometry": {"type": "Point", "coordinates": [2.393979, 48.83905]}, "properties": {"numparc": 614, "etat de la localisation": "autre", "ID BDGEO": "122", "horodatage": "2022-06-19 19:10:29", "distance (en metres)": 218.22, "station": "DOCTEUR GOUJON-REUILLY", "marker-color": "#818181"}}, {"type": "Feature", "geometry": {"type": "Point", "coordinates": [2.334394, 48.83353]}, "properties": {"numparc": 1478, "etat de la localisation": "autre", "ID BDGEO": "348", "horodatage": "2022-06-19 19:11:08", "distance (en metres)": 45.18, "station": "DENFERT-ROCHEREAU", "marker-color": "#818181"}}, {"type": "Feature", "geometry": {"type": "Point", "coordinates": [2.404826, 48.8564]}, "properties": {"numparc": 7394, "etat de la localisation": "autre", "ID BDGEO": "141", "horodatage": "2022-06-19 19:11:24", "distance (en metres)": 3619.63, "station": "BIBLIOTHEQUE CHEVALERET", "marker-color": "#818181"}}, {"type": "Feature", "geometry": {"type": "Point", "coordinates": [2.379259, 48.832005]}, "properties": {"numparc": 1550, "etat de la localisation": "autre", "ID BDGEO": "141", "horodatage": "2022-06-19 19:12:53", "distance (en metres)": 335.28, "station": "BIBLIOTHEQUE CHEVALERET", "marker-color": "#818181"}}, {"type": "Feature", "geometry": {"type": "Point", "coordinates": [2.390548, 48.837193]}, "properties": {"numparc": 614, "etat de la localisation": "autre", "ID BDGEO": "122", "horodatage": "2022-06-19 19:13:00", "distance (en metres)": 531.21, "station": "DOCTEUR GOUJON-REUILLY", "marker-color": "#818181"}}, {"type": "Feature", "geometry": {"type": "Point", "coordinates": [2.401743, 48.859409]}, "properties": {"numparc": 7394, "etat de la localisation": "autre", "ID BDGEO": "141", "horodatage": "2022-06-19 19:13:10", "distance (en metres)": 3776.83, "station": "BIBLIOTHEQUE CHEVALERET", "marker-color": "#818181"}}, {"type": "Feature", "geometry": {"type": "Point", "coordinates": [2.400177, 48.861973]}, "properties": {"numparc": 7394, "etat de la localisation": "autre", "ID BDGEO": "141", "horodatage": "2022-06-19 19:14:28", "distance (en metres)": 3972.78, "station": "BIBLIOTHEQUE CHEVALERET", "marker-color": "#818181"}}, {"type": "Feature", "geometry": {"type": "Point", "coordinates": [2.385974, 48.835625]}, "properties": {"numparc": 614, "etat de la localisation": "autre", "ID BDGEO": "122", "horodatage": "2022-06-19 19:14:36", "distance (en metres)": 908.52, "station": "DOCTEUR GOUJON-REUILLY", "marker-color": "#818181"}}, {"type": "Feature", "geometry": {"type": "Point", "coordinates": [2.385909, 48.835587]}, "properties": {"numparc": 614, "etat de la localisation": "autre", "ID BDGEO": "122", "horodatage": "2022-06-19 19:14:57", "distance (en metres)": 914.73, "station": "DOCTEUR GOUJON-REUILLY", "marker-color": "#818181"}}, {"type": "Feature", "geometry": {"type": "Point", "coordinates": [2.382888, 48.833965]}, "properties": {"numparc": 1550, "etat de la localisation": "autre", "ID BDGEO": "141", "horodatage": "2022-06-19 19:15:15", "distance (en metres)": 678.91, "station": "BIBLIOTHEQUE CHEVALERET", "marker-color": "#818181"}}, {"type": "Feature", "geometry": {"type": "Point", "coordinates": [2.398926, 48.86425]}, "properties": {"numparc": 7394, "etat de la localisation": "autre", "ID BDGEO": "141", "horodatage": "2022-06-19 19:16:00", "distance (en metres)": 4162.34, "station": "BIBLIOTHEQUE CHEVALERET", "marker-color": "#818181"}}, {"type": "Feature", "geometry": {"type": "Point", "coordinates": [2.385926, 48.835606]}, "properties": {"numparc": 1550, "etat de la localisation": "autre", "ID BDGEO": "141", "horodatage": "2022-06-19 19:16:57", "distance (en metres)": 966.5, "station": "BIBLIOTHEQUE CHEVALERET", "marker-color": "#818181"}}, {"type": "Feature", "geometry": {"type": "Point", "coordinates": [2.379217, 48.831966]}, "properties": {"numparc": 614, "etat de la localisation": "autre", "ID BDGEO": "122", "horodatage": "2022-06-19 19:17:10", "distance (en metres)": 1542.29, "station": "DOCTEUR GOUJON-REUILLY", "marker-color": "#818181"}}, {"type": "Feature", "geometry": {"type": "Point", "coordinates": [2.3769, 48.830193]}, "properties": {"numparc": 614, "etat de la localisation": "autre", "ID BDGEO": "111", "horodatage": "2022-06-19 19:18:44", "distance (en metres)": 43.34, "station": "BIBLIOTHEQUE CHEVALERET", "marker-color": "#818181"}}, {"type": "Feature", "geometry": {"type": "Point", "coordinates": [2.390615, 48.837143]}, "properties": {"numparc": 1550, "etat de la localisation": "autre", "ID BDGEO": "141", "horodatage": "2022-06-19 19:18:57", "distance (en metres)": 1342.72, "station": "BIBLIOTHEQUE CHEVALERET", "marker-color": "#818181"}}, {"type": "Feature", "geometry": {"type": "Point", "coordinates": [2.407835, 48.876637]}, "properties": {"numparc": 1466, "etat de la localisation": "autre", "ID BDGEO": "377", "horodatage": "2022-06-19 19:19:55", "distance (en metres)": 7196.51, "station": "DENFERT-ROCHEREAU#", "marker-color": "#818181"}}, {"type": "Feature", "geometry": {"type": "Point", "coordinates": [2.393676, 48.838924]}, "properties": {"numparc": 1550, "etat de la localisation": "autre", "ID BDGEO": "141", "horodatage": "2022-06-19 19:20:32", "distance (en metres)": 1640.6, "station": "BIBLIOTHEQUE CHEVALERET", "marker-color": "#818181"}}, {"type": "Feature", "geometry": {"type": "Point", "coordinates": [2.407667, 48.876579]}, "properties": {"numparc": 1466, "etat de la localisation": "autre", "ID BDGEO": "377", "horodatage": "2022-06-19 19:20:36", "distance (en metres)": 7183.12, "station": "DENFERT-ROCHEREAU#", "marker-color": "#818181"}}, {"type": "Feature", "geometry": {"type": "Point", "coordinates": [2.378073, 48.829327]}, "properties": {"numparc": 614, "etat de la localisation": "Delocalise", "ID BDGEO": "111", "horodatage": "2022-06-19 19:20:39", "distance (en metres)": 171.84, "station": "BIBLIOTHEQUE CHEVALERET", "marker-color": "#FF565E"}}, {"type": "Feature", "geometry": {"type": "Point", "coordinates": [2.401827, 48.868782]}, "properties": {"numparc": 7394, "etat de la localisation": "autre", "ID BDGEO": "141", "horodatage": "2022-06-19 19:22:03", "distance (en metres)": 4709.01, "station": "BIBLIOTHEQUE CHEVALERET", "marker-color": "#818181"}}, {"type": "Feature", "geometry": {"type": "Point", "coordinates": [2.406354, 48.876686]}, "properties": {"numparc": 1466, "etat de la localisation": "autre", "ID BDGEO": "377", "horodatage": "2022-06-19 19:23:04", "distance (en metres)": 7120.05, "station": "DENFERT-ROCHEREAU#", "marker-color": "#818181"}}, {"type": "Feature", "geometry": {"type": "Point", "coordinates": [2.404058, 48.871296]}, "properties": {"numparc": 7394, "etat de la localisation": "autre", "ID BDGEO": "141", "horodatage": "2022-06-19 19:23:05", "distance (en metres)": 5030.82, "station": "BIBLIOTHEQUE CHEVALERET", "marker-color": "#818181"}}, {"type": "Feature", "geometry": {"type": "Point", "coordinates": [2.396891, 48.839542]}, "properties": {"numparc": 1550, "etat de la localisation": "autre", "ID BDGEO": "141", "horodatage": "2022-06-19 19:23:11", "distance (en metres)": 1872.02, "station": "BIBLIOTHEQUE CHEVALERET", "marker-color": "#818181"}}, {"type": "Feature", "geometry": {"type": "Point", "coordinates": [2.405655, 48.874763]}, "properties": {"numparc": 1466, "etat de la localisation": "autre", "ID BDGEO": "377", "horodatage": "2022-06-19 19:24:18", "distance (en metres)": 6938.88, "station": "DENFERT-ROCHEREAU#", "marker-color": "#818181"}}, {"type": "Feature", "geometry": {"type": "Point", "coordinates": [2.39926, 48.839603]}, "properties": {"numparc": 1550, "etat de la localisation": "autre", "ID BDGEO": "141", "horodatage": "2022-06-19 19:24:36", "distance (en metres)": 2021.23, "station": "BIBLIOTHEQUE CHEVALERET", "marker-color": "#818181"}}, {"type": "Feature", "geometry": {"type": "Point", "coordinates": [2.405389, 48.874207]}, "properties": {"numparc": 7394, "etat de la localisation": "autre", "ID BDGEO": "141", "horodatage": "2022-06-19 19:24:56", "distance (en metres)": 5366.02, "station": "BIBLIOTHEQUE CHEVALERET", "marker-color": "#818181"}}, {"type": "Feature", "geometry": {"type": "Point", "coordinates": [2.404739, 48.872387]}, "properties": {"numparc": 1466, "etat de la localisation": "autre", "ID BDGEO": "377", "horodatage": "2022-06-19 19:25:28", "distance (en metres)": 6715.21, "station": "DENFERT-ROCHEREAU#", "marker-color": "#818181"}}, {"type": "Feature", "geometry": {"type": "Point", "coordinates": [2.403327, 48.839741]}, "properties": {"numparc": 1550, "etat de la localisation": "autre", "ID BDGEO": "141", "horodatage": "2022-06-19 19:25:37", "distance (en metres)": 2287.12, "station": "BIBLIOTHEQUE CHEVALERET", "marker-color": "#818181"}}, {"type": "Feature", "geometry": {"type": "Point", "coordinates": [2.403366, 48.839741]}, "properties": {"numparc": 1550, "etat de la localisation": "autre", "ID BDGEO": "141", "horodatage": "2022-06-19 19:25:57", "distance (en metres)": 2289.64, "station": "BIBLIOTHEQUE CHEVALERET", "marker-color": "#818181"}}, {"type": "Feature", "geometry": {"type": "Point", "coordinates": [2.406384, 48.876732]}, "properties": {"numparc": 7394, "etat de la localisation": "autre", "ID BDGEO": "141", "horodatage": "2022-06-19 19:26:07", "distance (en metres)": 5652.47, "station": "BIBLIOTHEQUE CHEVALERET", "marker-color": "#818181"}}, {"type": "Feature", "geometry": {"type": "Point", "coordinates": [2.405045, 48.842243]}, "properties": {"numparc": 1550, "etat de la localisation": "autre", "ID BDGEO": "141", "horodatage": "2022-06-19 19:28:07", "distance (en metres)": 2535.8, "station": "BIBLIOTHEQUE CHEVALERET", "marker-color": "#818181"}}, {"type": "Feature", "geometry": {"type": "Point", "coordinates": [2.408508, 48.877148]}, "properties": {"numparc": 7394, "etat de la localisation": "autre", "ID BDGEO": "377", "horodatage": "2022-06-19 19:29:03", "distance (en metres)": 7271.12, "station": "DENFERT-ROCHEREAU#", "marker-color": "#818181"}}, {"type": "Feature", "geometry": {"type": "Point", "coordinates": [2.401216, 48.868053]}, "properties": {"numparc": 1466, "etat de la localisation": "autre", "ID BDGEO": "377", "horodatage": "2022-06-19 19:29:03", "distance (en metres)": 6210.5, "station": "DENFERT-ROCHEREAU#", "marker-color": "#818181"}}, {"type": "Feature", "geometry": {"type": "Point", "coordinates": [2.399231, 48.86578]}, "properties": {"numparc": 1466, "etat de la localisation": "autre", "ID BDGEO": "377", "horodatage": "2022-06-19 19:30:50", "distance (en metres)": 5940.67, "station": "DENFERT-ROCHEREAU#", "marker-color": "#818181"}}, {"type": "Feature", "geometry": {"type": "Point", "coordinates": [2.406342, 48.848042]}, "properties": {"numparc": 1550, "etat de la localisation": "autre", "ID BDGEO": "141", "horodatage": "2022-06-19 19:31:12", "distance (en metres)": 3001.28, "station": "BIBLIOTHEQUE CHEVALERET", "marker-color": "#818181"}}, {"type": "Feature", "geometry": {"type": "Point", "coordinates": [2.398829, 48.864452]}, "properties": {"numparc": 1466, "etat de la localisation": "autre", "ID BDGEO": "377", "horodatage": "2022-06-19 19:31:56", "distance (en metres)": 5828.6, "station": "DENFERT-ROCHEREAU#", "marker-color": "#818181"}}, {"type": "Feature", "geometry": {"type": "Point", "coordinates": [2.406177, 48.851158]}, "properties": {"numparc": 1550, "etat de la localisation": "autre", "ID BDGEO": "141", "horodatage": "2022-06-19 19:33:01", "distance (en metres)": 3234.04, "station": "BIBLIOTHEQUE CHEVALERET", "marker-color": "#818181"}}, {"type": "Feature", "geometry": {"type": "Point", "coordinates": [2.400327, 48.861465]}, "properties": {"numparc": 1466, "etat de la localisation": "autre", "ID BDGEO": "377", "horodatage": "2022-06-19 19:33:49", "distance (en metres)": 5729.54, "station": "DENFERT-ROCHEREAU#", "marker-color": "#818181"}}, {"type": "Feature", "geometry": {"type": "Point", "coordinates": [2.405897, 48.852867]}, "properties": {"numparc": 1550, "etat de la localisation": "autre", "ID BDGEO": "141", "horodatage": "2022-06-19 19:34:02", "distance (en metres)": 3360.88, "station": "BIBLIOTHEQUE CHEVALERET", "marker-color": "#818181"}}, {"type": "Feature", "geometry": {"type": "Point", "coordinates": [2.402455, 48.859005]}, "properties": {"numparc": 1466, "etat de la localisation": "autre", "ID BDGEO": "377", "horodatage": "2022-06-19 19:35:17", "distance (en metres)": 5719.5, "station": "DENFERT-ROCHEREAU#", "marker-color": "#818181"}}, {"type": "Feature", "geometry": {"type": "Point", "coordinates": [2.404626, 48.856384]}, "properties": {"numparc": 1550, "etat de la localisation": "autre", "ID BDGEO": "141", "horodatage": "2022-06-19 19:35:54", "distance (en metres)": 3609.67, "station": "BIBLIOTHEQUE CHEVALERET", "marker-color": "#818181"}}, {"type": "Feature", "geometry": {"type": "Point", "coordinates": [2.405073, 48.856056]}, "properties": {"numparc": 1466, "etat de la localisation": "autre", "ID BDGEO": "377", "horodatage": "2022-06-19 19:37:15", "distance (en metres)": 5734.73, "station": "DENFERT-ROCHEREAU#", "marker-color": "#818181"}}, {"type": "Feature", "geometry": {"type": "Point", "coordinates": [2.401814, 48.859577]}, "properties": {"numparc": 1550, "etat de la localisation": "autre", "ID BDGEO": "141", "horodatage": "2022-06-19 19:37:53", "distance (en metres)": 3795.58, "station": "BIBLIOTHEQUE CHEVALERET", "marker-color": "#818181"}}, {"type": "Feature", "geometry": {"type": "Point", "coordinates": [2.406172, 48.85239]}, "properties": {"numparc": 1466, "etat de la localisation": "autre", "ID BDGEO": "377", "horodatage": "2022-06-19 19:39:06", "distance (en metres)": 5641.96, "station": "DENFERT-ROCHEREAU#", "marker-color": "#818181"}}, {"type": "Feature", "geometry": {"type": "Point", "coordinates": [2.407788, 48.876625]}, "properties": {"numparc": 7394, "etat de la localisation": "autre", "ID BDGEO": "377", "horodatage": "2022-06-19 19:40:31", "distance (en metres)": 7193.11, "station": "DENFERT-ROCHEREAU#", "marker-color": "#818181"}}, {"type": "Feature", "geometry": {"type": "Point", "coordinates": [2.406387, 48.848083]}, "properties": {"numparc": 1466, "etat de la localisation": "autre", "ID BDGEO": "377", "horodatage": "2022-06-19 19:41:10", "distance (en metres)": 5495.51, "station": "DENFERT-ROCHEREAU#", "marker-color": "#818181"}}, {"type": "Feature", "geometry": {"type": "Point", "coordinates": [2.39891, 48.864326]}, "properties": {"numparc": 1550, "etat de la localisation": "autre", "ID BDGEO": "141", "horodatage": "2022-06-19 19:41:34", "distance (en metres)": 4169.62, "station": "BIBLIOTHEQUE CHEVALERET", "marker-color": "#818181"}}, {"type": "Feature", "geometry": {"type": "Point", "coordinates": [2.39891, 48.864326]}, "properties": {"numparc": 1550, "etat de la localisation": "autre", "ID BDGEO": "141", "horodatage": "2022-06-19 19:41:47", "distance (en metres)": 4169.62, "station": "BIBLIOTHEQUE CHEVALERET", "marker-color": "#818181"}}, {"type": "Feature", "geometry": {"type": "Point", "coordinates": [2.400805, 48.864784]}, "properties": {"numparc": 1550, "etat de la localisation": "Delocalise", "ID BDGEO": "141", "horodatage": "2022-06-19 19:43:14", "distance (en metres)": 4273.79, "station": "BIBLIOTHEQUE CHEVALERET", "marker-color": "#FF565E"}}, {"type": "Feature", "geometry": {"type": "Point", "coordinates": [2.405689, 48.844475]}, "properties": {"numparc": 1466, "etat de la localisation": "autre", "ID BDGEO": "377", "horodatage": "2022-06-19 19:44:04", "distance (en metres)": 5339.99, "station": "DENFERT-ROCHEREAU#", "marker-color": "#818181"}}, {"type": "Feature", "geometry": {"type": "Point", "coordinates": [2.379283, 48.832001]}, "properties": {"numparc": 1478, "etat de la localisation": "autre", "ID BDGEO": "141", "horodatage": "2022-06-19 19:44:09", "distance (en metres)": 336.35, "station": "BIBLIOTHEQUE CHEVALERET", "marker-color": "#818181"}}, {"type": "Feature", "geometry": {"type": "Point", "coordinates": [2.405131, 48.842457]}, "properties": {"numparc": 1466, "etat de la localisation": "autre", "ID BDGEO": "377", "horodatage": "2022-06-19 19:44:57", "distance (en metres)": 5252.55, "station": "DENFERT-ROCHEREAU#", "marker-color": "#818181"}}, {"type": "Feature", "geometry": {"type": "Point", "coordinates": [2.401808, 48.868801]}, "properties": {"numparc": 1550, "etat de la localisation": "autre", "ID BDGEO": "141", "horodatage": "2022-06-19 19:45:54", "distance (en metres)": 4710.39, "station": "BIBLIOTHEQUE CHEVALERET", "marker-color": "#818181"}}, {"type": "Feature", "geometry": {"type": "Point", "coordinates": [2.382896, 48.833969]}, "properties": {"numparc": 1478, "etat de la localisation": "autre", "ID BDGEO": "141", "horodatage": "2022-06-19 19:46:07", "distance (en metres)": 679.63, "station": "BIBLIOTHEQUE CHEVALERET", "marker-color": "#818181"}}, {"type": "Feature", "geometry": {"type": "Point", "coordinates": [2.404112, 48.83976]}, "properties": {"numparc": 1466, "etat de la localisation": "autre", "ID BDGEO": "377", "horodatage": "2022-06-19 19:46:30", "distance (en metres)": 5129.34, "station": "DENFERT-ROCHEREAU#", "marker-color": "#818181"}}, {"type": "Feature", "geometry": {"type": "Point", "coordinates": [2.404011, 48.871277]}, "properties": {"numparc": 1550, "etat de la localisation": "autre", "ID BDGEO": "141", "horodatage": "2022-06-19 19:47:07", "distance (en metres)": 5027.47, "station": "BIBLIOTHEQUE CHEVALERET", "marker-color": "#818181"}}, {"type": "Feature", "geometry": {"type": "Point", "coordinates": [2.333282, 48.83353]}, "properties": {"numparc": 7396, "etat de la localisation": "autre", "ID BDGEO": "348", "horodatage": "2022-06-19 19:47:48", "distance (en metres)": 121.2, "station": "DENFERT-ROCHEREAU", "marker-color": "#818181"}}, {"type": "Feature", "geometry": {"type": "Point", "coordinates": [2.385877, 48.835617]}, "properties": {"numparc": 1478, "etat de la localisation": "autre", "ID BDGEO": "141", "horodatage": "2022-06-19 19:47:56", "distance (en metres)": 964.55, "station": "BIBLIOTHEQUE CHEVALERET", "marker-color": "#818181"}}, {"type": "Feature", "geometry": {"type": "Point", "coordinates": [2.404505, 48.872177]}, "properties": {"numparc": 1550, "etat de la localisation": "autre", "ID BDGEO": "141", "horodatage": "2022-06-19 19:48:28", "distance (en metres)": 5133.58, "station": "BIBLIOTHEQUE CHEVALERET", "marker-color": "#818181"}}, {"type": "Feature", "geometry": {"type": "Point", "coordinates": [2.399487, 48.839691]}, "properties": {"numparc": 1466, "etat de la localisation": "autre", "ID BDGEO": "377", "horodatage": "2022-06-19 19:48:51", "distance (en metres)": 4793.22, "station": "DENFERT-ROCHEREAU#", "marker-color": "#818181"}}, {"type": "Feature", "geometry": {"type": "Point", "coordinates": [2.405342, 48.874214]}, "properties": {"numparc": 1550, "etat de la localisation": "autre", "ID BDGEO": "141", "horodatage": "2022-06-19 19:49:19", "distance (en metres)": 5365.41, "station": "BIBLIOTHEQUE CHEVALERET", "marker-color": "#818181"}}, {"type": "Feature", "geometry": {"type": "Point", "coordinates": [2.3906, 48.837166]}, "properties": {"numparc": 1478, "etat de la localisation": "autre", "ID BDGEO": "141", "horodatage": "2022-06-19 19:49:48", "distance (en metres)": 1343.32, "station": "BIBLIOTHEQUE CHEVALERET", "marker-color": "#818181"}}, {"type": "Feature", "geometry": {"type": "Point", "coordinates": [2.396717, 48.839676]}, "properties": {"numparc": 1466, "etat de la localisation": "autre", "ID BDGEO": "377", "horodatage": "2022-06-19 19:49:52", "distance (en metres)": 4592.53, "station": "DENFERT-ROCHEREAU#", "marker-color": "#818181"}}, {"type": "Feature", "geometry": {"type": "Point", "coordinates": [2.406387, 48.876793]}, "properties": {"numparc": 1550, "etat de la localisation": "autre", "ID BDGEO": "141", "horodatage": "2022-06-19 19:50:14", "distance (en metres)": 5658.79, "station": "BIBLIOTHEQUE CHEVALERET", "marker-color": "#818181"}}, {"type": "Feature", "geometry": {"type": "Point", "coordinates": [2.393692, 48.838966]}, "properties": {"numparc": 1478, "etat de la localisation": "autre", "ID BDGEO": "141", "horodatage": "2022-06-19 19:51:28", "distance (en metres)": 1644.34, "station": "BIBLIOTHEQUE CHEVALERET", "marker-color": "#818181"}}, {"type": "Feature", "geometry": {"type": "Point", "coordinates": [2.393879, 48.839005]}, "properties": {"numparc": 1466, "etat de la localisation": "autre", "ID BDGEO": "377", "horodatage": "2022-06-19 19:53:01", "distance (en metres)": 4376.05, "station": "DENFERT-ROCHEREAU#", "marker-color": "#818181"}}, {"type": "Feature", "geometry": {"type": "Point", "coordinates": [2.408062, 48.876671]}, "properties": {"numparc": 1550, "etat de la localisation": "autre", "ID BDGEO": "359", "horodatage": "2022-06-19 19:53:10", "distance (en metres)": 59.72, "station": "PORTE DES LILAS-METRO.", "marker-color": "#818181"}}, {"type": "Feature", "geometry": {"type": "Point", "coordinates": [2.405828, 48.845146]}, "properties": {"numparc": 614, "etat de la localisation": "autre", "ID BDGEO": "73", "horodatage": "2022-06-19 19:53:29", "distance (en metres)": 88.59, "station": "AVENUE DE SAINT-MANDE", "marker-color": "#818181"}}, {"type": "Feature", "geometry": {"type": "Point", "coordinates": [2.396835, 48.839611]}, "properties": {"numparc": 1478, "etat de la localisation": "autre", "ID BDGEO": "141", "horodatage": "2022-06-19 19:53:51", "distance (en metres)": 1872.94, "station": "BIBLIOTHEQUE CHEVALERET", "marker-color": "#818181"}}, {"type": "Feature", "geometry": {"type": "Point", "coordinates": [2.333282, 48.83353]}, "properties": {"numparc": 7396, "etat de la localisation": "autre", "ID BDGEO": "348", "horodatage": "2022-06-19 19:54:24", "distance (en metres)": 121.2, "station": "DENFERT-ROCHEREAU", "marker-color": "#818181"}}, {"type": "Feature", "geometry": {"type": "Point", "coordinates": [2.390649, 48.837219]}, "properties": {"numparc": 1466, "etat de la localisation": "autre", "ID BDGEO": "377", "horodatage": "2022-06-19 19:54:54", "distance (en metres)": 4116.88, "station": "DENFERT-ROCHEREAU#", "marker-color": "#818181"}}, {"type": "Feature", "geometry": {"type": "Point", "coordinates": [2.39932, 48.839664]}, "properties": {"numparc": 1478, "etat de la localisation": "autre", "ID BDGEO": "141", "horodatage": "2022-06-19 19:55:12", "distance (en metres)": 2028.52, "station": "BIBLIOTHEQUE CHEVALERET", "marker-color": "#818181"}}, {"type": "Feature", "geometry": {"type": "Point", "coordinates": [2.406522, 48.848209]}, "properties": {"numparc": 614, "etat de la localisation": "autre", "ID BDGEO": "63", "horodatage": "2022-06-19 19:55:15", "distance (en metres)": 41.28, "station": "COURS DE VINCENNES", "marker-color": "#818181"}}, {"type": "Feature", "geometry": {"type": "Point", "coordinates": [2.399322, 48.839668]}, "properties": {"numparc": 1478, "etat de la localisation": "autre", "ID BDGEO": "141", "horodatage": "2022-06-19 19:55:27", "distance (en metres)": 2028.88, "station": "BIBLIOTHEQUE CHEVALERET", "marker-color": "#818181"}}, {"type": "Feature", "geometry": {"type": "Point", "coordinates": [2.406316, 48.876652]}, "properties": {"numparc": 7394, "etat de la localisation": "autre", "ID BDGEO": "377", "horodatage": "2022-06-19 19:55:32", "distance (en metres)": 7115.43, "station": "DENFERT-ROCHEREAU#", "marker-color": "#818181"}}, {"type": "Feature", "geometry": {"type": "Point", "coordinates": [2.403356, 48.839787]}, "properties": {"numparc": 1478, "etat de la localisation": "autre", "ID BDGEO": "141", "horodatage": "2022-06-19 19:56:57", "distance (en metres)": 2291.39, "station": "BIBLIOTHEQUE CHEVALERET", "marker-color": "#818181"}}, {"type": "Feature", "geometry": {"type": "Point", "coordinates": [2.406304, 48.85125]}, "properties": {"numparc": 614, "etat de la localisation": "autre", "ID BDGEO": "226", "horodatage": "2022-06-19 19:57:00", "distance (en metres)": 123.02, "station": "LA PLAINE", "marker-color": "#818181"}}, {"type": "Feature", "geometry": {"type": "Point", "coordinates": [2.385895, 48.835613]}, "properties": {"numparc": 1466, "etat de la localisation": "autre", "ID BDGEO": "377", "horodatage": "2022-06-19 19:57:08", "distance (en metres)": 3754.89, "station": "DENFERT-ROCHEREAU#", "marker-color": "#818181"}}, {"type": "Feature", "geometry": {"type": "Point", "coordinates": [2.405566, 48.874775]}, "properties": {"numparc": 7394, "etat de la localisation": "autre", "ID BDGEO": "377", "horodatage": "2022-06-19 19:57:24", "distance (en metres)": 6934.86, "station": "DENFERT-ROCHEREAU#", "marker-color": "#818181"}}, {"type": "Feature", "geometry": {"type": "Point", "coordinates": [2.406007, 48.853058]}, "properties": {"numparc": 614, "etat de la localisation": "autre", "ID BDGEO": "225", "horodatage": "2022-06-19 19:58:02", "distance (en metres)": 78.44, "station": "MARAICHERS", "marker-color": "#818181"}}, {"type": "Feature", "geometry": {"type": "Point", "coordinates": [2.383007, 48.834019]}, "properties": {"numparc": 1466, "etat de la localisation": "autre", "ID BDGEO": "377", "horodatage": "2022-06-19 19:58:17", "distance (en metres)": 3535.91, "station": "DENFERT-ROCHEREAU#", "marker-color": "#818181"}}, {"type": "Feature", "geometry": {"type": "Point", "coordinates": [2.404654, 48.872356]}, "properties": {"numparc": 7394, "etat de la localisation": "autre", "ID BDGEO": "377", "horodatage": "2022-06-19 19:58:23", "distance (en metres)": 6708.28, "station": "DENFERT-ROCHEREAU#", "marker-color": "#818181"}}, {"type": "Feature", "geometry": {"type": "Point", "coordinates": [2.405, 48.842216]}, "properties": {"numparc": 1478, "etat de la localisation": "autre", "ID BDGEO": "141", "horodatage": "2022-06-19 19:58:30", "distance (en metres)": 2531.43, "station": "BIBLIOTHEQUE CHEVALERET", "marker-color": "#818181"}}, {"type": "Feature", "geometry": {"type": "Point", "coordinates": [2.408062, 48.876671]}, "properties": {"numparc": 1550, "etat de la localisation": "autre", "ID BDGEO": "359", "horodatage": "2022-06-19 19:59:43", "distance (en metres)": 59.72, "station": "PORTE DES LILAS-METRO.", "marker-color": "#818181"}}, {"type": "Feature", "geometry": {"type": "Point", "coordinates": [2.379139, 48.831917]}, "properties": {"numparc": 1466, "etat de la localisation": "autre", "ID BDGEO": "377", "horodatage": "2022-06-19 19:59:49", "distance (en metres)": 3255.98, "station": "DENFERT-ROCHEREAU#", "marker-color": "#818181"}}, {"type": "Feature", "geometry": {"type": "Point", "coordinates": [2.405706, 48.845039]}, "properties": {"numparc": 1478, "etat de la localisation": "autre", "ID BDGEO": "141", "horodatage": "2022-06-19 20:00:08", "distance (en metres)": 2752.91, "station": "BIBLIOTHEQUE CHEVALERET", "marker-color": "#818181"}}, {"type": "Feature", "geometry": {"type": "Point", "coordinates": [2.404708, 48.856571]}, "properties": {"numparc": 614, "etat de la localisation": "autre", "ID BDGEO": "224", "horodatage": "2022-06-19 20:00:20", "distance (en metres)": 67.83, "station": "ORTEAUX", "marker-color": "#818181"}}, {"type": "Feature", "geometry": {"type": "Point", "coordinates": [2.401267, 48.868011]}, "properties": {"numparc": 7394, "etat de la localisation": "autre", "ID BDGEO": "377", "horodatage": "2022-06-19 20:01:07", "distance (en metres)": 6210.52, "station": "DENFERT-ROCHEREAU#", "marker-color": "#818181"}}, {"type": "Feature", "geometry": {"type": "Point", "coordinates": [2.375768, 48.830082]}, "properties": {"numparc": 1466, "etat de la localisation": "autre", "ID BDGEO": "377", "horodatage": "2022-06-19 20:01:20", "distance (en metres)": 3027.29, "station": "DENFERT-ROCHEREAU#", "marker-color": "#818181"}}, {"type": "Feature", "geometry": {"type": "Point", "coordinates": [2.407786, 48.87664]}, "properties": {"numparc": 1550, "etat de la localisation": "autre", "ID BDGEO": "359", "horodatage": "2022-06-19 20:01:35", "distance (en metres)": 73.04, "station": "PORTE DES LILAS-METRO.", "marker-color": "#818181"}}, {"type": "Feature", "geometry": {"type": "Point", "coordinates": [2.406411, 48.848114]}, "properties": {"numparc": 1478, "etat de la localisation": "autre", "ID BDGEO": "141", "horodatage": "2022-06-19 20:01:54", "distance (en metres)": 3010.41, "station": "BIBLIOTHEQUE CHEVALERET", "marker-color": "#818181"}}, {"type": "Feature", "geometry": {"type": "Point", "coordinates": [2.401651, 48.859562]}, "properties": {"numparc": 614, "etat de la localisation": "autre", "ID BDGEO": "223", "horodatage": "2022-06-19 20:02:20", "distance (en metres)": 69.46, "station": "PYRENEES-BAGNOLET", "marker-color": "#818181"}}, {"type": "Feature", "geometry": {"type": "Point", "coordinates": [2.406389, 48.848137]}, "properties": {"numparc": 1478, "etat de la localisation": "autre", "ID BDGEO": "141", "horodatage": "2022-06-19 20:02:23", "distance (en metres)": 3010.91, "station": "BIBLIOTHEQUE CHEVALERET", "marker-color": "#818181"}}, {"type": "Feature", "geometry": {"type": "Point", "coordinates": [2.399273, 48.865765]}, "properties": {"numparc": 7394, "etat de la localisation": "autre", "ID BDGEO": "377", "horodatage": "2022-06-19 20:02:49", "distance (en metres)": 5942.09, "station": "DENFERT-ROCHEREAU#", "marker-color": "#818181"}}, {"type": "Feature", "geometry": {"type": "Point", "coordinates": [2.370565, 48.827614]}, "properties": {"numparc": 1466, "etat de la localisation": "autre", "ID BDGEO": "377", "horodatage": "2022-06-19 20:03:23", "distance (en metres)": 2701.03, "station": "DENFERT-ROCHEREAU#", "marker-color": "#818181"}}, {"type": "Feature", "geometry": {"type": "Point", "coordinates": [2.400143, 48.862103]}, "properties": {"numparc": 614, "etat de la localisation": "autre", "ID BDGEO": "222", "horodatage": "2022-06-19 20:03:46", "distance (en metres)": 66.23, "station": "RAMUS", "marker-color": "#818181"}}, {"type": "Feature", "geometry": {"type": "Point", "coordinates": [2.406117, 48.851192]}, "properties": {"numparc": 1478, "etat de la localisation": "autre", "ID BDGEO": "141", "horodatage": "2022-06-19 20:04:02", "distance (en metres)": 3233.79, "station": "BIBLIOTHEQUE CHEVALERET", "marker-color": "#818181"}}, {"type": "Feature", "geometry": {"type": "Point", "coordinates": [2.367599, 48.827236]}, "properties": {"numparc": 1466, "etat de la localisation": "autre", "ID BDGEO": "377", "horodatage": "2022-06-19 20:04:41", "distance (en metres)": 2501.69, "station": "DENFERT-ROCHEREAU#", "marker-color": "#818181"}}, {"type": "Feature", "geometry": {"type": "Point", "coordinates": [2.398905, 48.864483]}, "properties": {"numparc": 7394, "etat de la localisation": "autre", "ID BDGEO": "377", "horodatage": "2022-06-19 20:04:54", "distance (en metres)": 5835.09, "station": "DENFERT-ROCHEREAU#", "marker-color": "#818181"}}, {"type": "Feature", "geometry": {"type": "Point", "coordinates": [2.364478, 48.826778]}, "properties": {"numparc": 1466, "etat de la localisation": "autre", "ID BDGEO": "377", "horodatage": "2022-06-19 20:05:36", "distance (en metres)": 2298.38, "station": "DENFERT-ROCHEREAU#", "marker-color": "#818181"}}, {"type": "Feature", "geometry": {"type": "Point", "coordinates": [2.364478, 48.826778]}, "properties": {"numparc": 1466, "etat de la localisation": "autre", "ID BDGEO": "377", "horodatage": "2022-06-19 20:05:43", "distance (en metres)": 2298.38, "station": "DENFERT-ROCHEREAU#", "marker-color": "#818181"}}, {"type": "Feature", "geometry": {"type": "Point", "coordinates": [2.405841, 48.852959]}, "properties": {"numparc": 1478, "etat de la localisation": "autre", "ID BDGEO": "141", "horodatage": "2022-06-19 20:05:44", "distance (en metres)": 3365.9, "station": "BIBLIOTHEQUE CHEVALERET", "marker-color": "#818181"}}, {"type": "Feature", "geometry": {"type": "Point", "coordinates": [2.405841, 48.852959]}, "properties": {"numparc": 1478, "etat de la localisation": "autre", "ID BDGEO": "141", "horodatage": "2022-06-19 20:05:52", "distance (en metres)": 3365.9, "station": "BIBLIOTHEQUE CHEVALERET", "marker-color": "#818181"}}, {"type": "Feature", "geometry": {"type": "Point", "coordinates": [2.360656, 48.826271]}, "properties": {"numparc": 1466, "etat de la localisation": "autre", "ID BDGEO": "377", "horodatage": "2022-06-19 20:06:58", "distance (en metres)": 2056.02, "station": "DENFERT-ROCHEREAU#", "marker-color": "#818181"}}, {"type": "Feature", "geometry": {"type": "Point", "coordinates": [2.400342, 48.8615]}, "properties": {"numparc": 7394, "etat de la localisation": "autre", "ID BDGEO": "377", "horodatage": "2022-06-19 20:07:10", "distance (en metres)": 5732.54, "station": "DENFERT-ROCHEREAU#", "marker-color": "#818181"}}, {"type": "Feature", "geometry": {"type": "Point", "coordinates": [2.404531, 48.856396]}, "properties": {"numparc": 1478, "etat de la localisation": "autre", "ID BDGEO": "141", "horodatage": "2022-06-19 20:07:20", "distance (en metres)": 3606.64, "station": "BIBLIOTHEQUE CHEVALERET", "marker-color": "#818181"}}, {"type": "Feature", "geometry": {"type": "Point", "coordinates": [2.401015, 48.864777]}, "properties": {"numparc": 614, "etat de la localisation": "Deviation programmee", "ID BDGEO": "220", "horodatage": "2022-06-19 20:07:21", "distance (en metres)": 165.32, "station": "GAMBETTA-PYRENEES", "marker-color": "#56FF93"}}, {"type": "Feature", "geometry": {"type": "Point", "coordinates": [2.40464, 48.872402]}, "properties": {"numparc": 1550, "etat de la localisation": "autre", "ID BDGEO": "357", "horodatage": "2022-06-19 20:07:34", "distance (en metres)": 116.65, "station": "SAINT-FARGEAU", "marker-color": "#818181"}}, {"type": "Feature", "geometry": {"type": "Point", "coordinates": [2.358993, 48.827442]}, "properties": {"numparc": 1466, "etat de la localisation": "autre", "ID BDGEO": "377", "horodatage": "2022-06-19 20:08:07", "distance (en metres)": 1895.12, "station": "DENFERT-ROCHEREAU#", "marker-color": "#818181"}}, {"type": "Feature", "geometry": {"type": "Point", "coordinates": [2.40242, 48.858974]}, "properties": {"numparc": 7394, "etat de la localisation": "autre", "ID BDGEO": "377", "horodatage": "2022-06-19 20:08:15", "distance (en metres)": 5715.59, "station": "DENFERT-ROCHEREAU#", "marker-color": "#818181"}}, {"type": "Feature", "geometry": {"type": "Point", "coordinates": [2.401243, 48.868042]}, "properties": {"numparc": 1550, "etat de la localisation": "autre", "ID BDGEO": "356", "horodatage": "2022-06-19 20:09:04", "distance (en metres)": 96.63, "station": "PELLEPORT-GAMBETTA", "marker-color": "#818181"}}, {"type": "Feature", "geometry": {"type": "Point", "coordinates": [2.401442, 48.859398]}, "properties": {"numparc": 1478, "etat de la localisation": "autre", "ID BDGEO": "141", "horodatage": "2022-06-19 20:09:07", "distance (en metres)": 3764.69, "station": "BIBLIOTHEQUE CHEVALERET", "marker-color": "#818181"}}, {"type": "Feature", "geometry": {"type": "Point", "coordinates": [2.356655, 48.830349]}, "properties": {"numparc": 1466, "etat de la localisation": "autre", "ID BDGEO": "377", "horodatage": "2022-06-19 20:09:53", "distance (en metres)": 1640.69, "station": "DENFERT-ROCHEREAU#", "marker-color": "#818181"}}, {"type": "Feature", "geometry": {"type": "Point", "coordinates": [2.399891, 48.861938]}, "properties": {"numparc": 1478, "etat de la localisation": "autre", "ID BDGEO": "141", "horodatage": "2022-06-19 20:10:21", "distance (en metres)": 3959.99, "station": "BIBLIOTHEQUE CHEVALERET", "marker-color": "#818181"}}, {"type": "Feature", "geometry": {"type": "Point", "coordinates": [2.405013, 48.856022]}, "properties": {"numparc": 7394, "etat de la localisation": "autre", "ID BDGEO": "377", "horodatage": "2022-06-19 20:10:47", "distance (en metres)": 5729.12, "station": "DENFERT-ROCHEREAU#", "marker-color": "#818181"}}, {"type": "Feature", "geometry": {"type": "Point", "coordinates": [2.401892, 48.868881]}, "properties": {"numparc": 614, "etat de la localisation": "autre", "ID BDGEO": "220", "horodatage": "2022-06-19 20:10:56", "distance (en metres)": 534.43, "station": "GAMBETTA-PYRENEES", "marker-color": "#818181"}}, {"type": "Feature", "geometry": {"type": "Point", "coordinates": [2.354111, 48.831131]}, "properties": {"numparc": 1466, "etat de la localisation": "autre", "ID BDGEO": "377", "horodatage": "2022-06-19 20:11:50", "distance (en metres)": 1441.45, "station": "DENFERT-ROCHEREAU#", "marker-color": "#818181"}}, {"type": "Feature", "geometry": {"type": "Point", "coordinates": [2.398721, 48.864105]}, "properties": {"numparc": 1478, "etat de la localisation": "autre", "ID BDGEO": "141", "horodatage": "2022-06-19 20:11:53", "distance (en metres)": 4141.52, "station": "BIBLIOTHEQUE CHEVALERET", "marker-color": "#818181"}}, {"type": "Feature", "geometry": {"type": "Point", "coordinates": [2.404175, 48.871418]}, "properties": {"numparc": 614, "etat de la localisation": "autre", "ID BDGEO": "220", "horodatage": "2022-06-19 20:12:18", "distance (en metres)": 861.3, "station": "GAMBETTA-PYRENEES", "marker-color": "#818181"}}, {"type": "Feature", "geometry": {"type": "Point", "coordinates": [2.406125, 48.852379]}, "properties": {"numparc": 7394, "etat de la localisation": "autre", "ID BDGEO": "377", "horodatage": "2022-06-19 20:12:38", "distance (en metres)": 5638.3, "station": "DENFERT-ROCHEREAU#", "marker-color": "#818181"}}, {"type": "Feature", "geometry": {"type": "Point", "coordinates": [2.402351, 48.858974]}, "properties": {"numparc": 1550, "etat de la localisation": "autre", "ID BDGEO": "232", "horodatage": "2022-06-19 20:12:52", "distance (en metres)": 88.86, "station": "PYRENEES-BAGNOLET", "marker-color": "#818181"}}, {"type": "Feature", "geometry": {"type": "Point", "coordinates": [2.348908, 48.829842]}, "properties": {"numparc": 1466, "etat de la localisation": "autre", "ID BDGEO": "377", "horodatage": "2022-06-19 20:13:24", "distance (en metres)": 1110.18, "station": "DENFERT-ROCHEREAU#", "marker-color": "#818181"}}, {"type": "Feature", "geometry": {"type": "Point", "coordinates": [2.406363, 48.8503]}, "properties": {"numparc": 7394, "etat de la localisation": "autre", "ID BDGEO": "377", "horodatage": "2022-06-19 20:14:19", "distance (en metres)": 5572.17, "station": "DENFERT-ROCHEREAU#", "marker-color": "#818181"}}, {"type": "Feature", "geometry": {"type": "Point", "coordinates": [2.405385, 48.874275]}, "properties": {"numparc": 614, "etat de la localisation": "autre", "ID BDGEO": "220", "horodatage": "2022-06-19 20:14:19", "distance (en metres)": 1186.16, "station": "GAMBETTA-PYRENEES", "marker-color": "#818181"}}, {"type": "Feature", "geometry": {"type": "Point", "coordinates": [2.405046, 48.856007]}, "properties": {"numparc": 1550, "etat de la localisation": "autre", "ID BDGEO": "231", "horodatage": "2022-06-19 20:14:31", "distance (en metres)": 63.23, "station": "ORTEAUX", "marker-color": "#818181"}}, {"type": "Feature", "geometry": {"type": "Point", "coordinates": [2.379293, 48.831982]}, "properties": {"numparc": 7396, "etat de la localisation": "autre", "ID BDGEO": "141", "horodatage": "2022-06-19 20:14:51", "distance (en metres)": 335.56, "station": "BIBLIOTHEQUE CHEVALERET", "marker-color": "#818181"}}, {"type": "Feature", "geometry": {"type": "Point", "coordinates": [2.406457, 48.876755]}, "properties": {"numparc": 614, "etat de la localisation": "autre", "ID BDGEO": "220", "horodatage": "2022-06-19 20:15:24", "distance (en metres)": 1470.47, "station": "GAMBETTA-PYRENEES", "marker-color": "#818181"}}, {"type": "Feature", "geometry": {"type": "Point", "coordinates": [2.34393, 48.831261]}, "properties": {"numparc": 1466, "etat de la localisation": "autre", "ID BDGEO": "377", "horodatage": "2022-06-19 20:15:26", "distance (en metres)": 713.85, "station": "DENFERT-ROCHEREAU#", "marker-color": "#818181"}}, {"type": "Feature", "geometry": {"type": "Point", "coordinates": [2.400065, 48.866665]}, "properties": {"numparc": 1478, "etat de la localisation": "Deviation programmee", "ID BDGEO": "141", "horodatage": "2022-06-19 20:15:30", "distance (en metres)": 4441.62, "station": "BIBLIOTHEQUE CHEVALERET", "marker-color": "#56FF93"}}, {"type": "Feature", "geometry": {"type": "Point", "coordinates": [2.406432, 48.848179]}, "properties": {"numparc": 7394, "etat de la localisation": "autre", "ID BDGEO": "377", "horodatage": "2022-06-19 20:15:53", "distance (en metres)": 5501.8, "station": "DENFERT-ROCHEREAU#", "marker-color": "#818181"}}, {"type": "Feature", "geometry": {"type": "Point", "coordinates": [2.406143, 48.852314]}, "properties": {"numparc": 1550, "etat de la localisation": "autre", "ID BDGEO": "230", "horodatage": "2022-06-19 20:16:18", "distance (en metres)": 80.48, "station": "MARAICHERS", "marker-color": "#818181"}}, {"type": "Feature", "geometry": {"type": "Point", "coordinates": [2.38291, 48.833939]}, "properties": {"numparc": 7396, "etat de la localisation": "autre", "ID BDGEO": "141", "horodatage": "2022-06-19 20:16:40", "distance (en metres)": 678.26, "station": "BIBLIOTHEQUE CHEVALERET", "marker-color": "#818181"}}, {"type": "Feature", "geometry": {"type": "Point", "coordinates": [2.40187, 48.868851]}, "properties": {"numparc": 1478, "etat de la localisation": "autre", "ID BDGEO": "141", "horodatage": "2022-06-19 20:16:46", "distance (en metres)": 4717.27, "station": "BIBLIOTHEQUE CHEVALERET", "marker-color": "#818181"}}, {"type": "Feature", "geometry": {"type": "Point", "coordinates": [2.404126, 48.871395]}, "properties": {"numparc": 1478, "etat de la localisation": "autre", "ID BDGEO": "141", "horodatage": "2022-06-19 20:17:44", "distance (en metres)": 5042.92, "station": "BIBLIOTHEQUE CHEVALERET", "marker-color": "#818181"}}, {"type": "Feature", "geometry": {"type": "Point", "coordinates": [2.405687, 48.844467]}, "properties": {"numparc": 7394, "etat de la localisation": "autre", "ID BDGEO": "377", "horodatage": "2022-06-19 20:18:08", "distance (en metres)": 5339.66, "station": "DENFERT-ROCHEREAU#", "marker-color": "#818181"}}, {"type": "Feature", "geometry": {"type": "Point", "coordinates": [2.385893, 48.835484]}, "properties": {"numparc": 7396, "etat de la localisation": "autre", "ID BDGEO": "141", "horodatage": "2022-06-19 20:18:13", "distance (en metres)": 956.04, "station": "BIBLIOTHEQUE CHEVALERET", "marker-color": "#818181"}}, {"type": "Feature", "geometry": {"type": "Point", "coordinates": [2.333699, 48.834122]}, "properties": {"numparc": 1466, "etat de la localisation": "autre", "ID BDGEO": "377", "horodatage": "2022-06-19 20:18:32", "distance (en metres)": 113.16, "station": "DENFERT-ROCHEREAU#", "marker-color": "#818181"}}, {"type": "Feature", "geometry": {"type": "Point", "coordinates": [2.408386, 48.876709]}, "properties": {"numparc": 614, "etat de la localisation": "autre", "ID BDGEO": "359", "horodatage": "2022-06-19 20:19:29", "distance (en metres)": 50.34, "station": "PORTE DES LILAS-METRO.", "marker-color": "#818181"}}, {"type": "Feature", "geometry": {"type": "Point", "coordinates": [2.405665, 48.844475]}, "properties": {"numparc": 1550, "etat de la localisation": "autre", "ID BDGEO": "55", "horodatage": "2022-06-19 20:19:30", "distance (en metres)": 100.36, "station": "AVENUE DE SAINT-MANDE", "marker-color": "#818181"}}, {"type": "Feature", "geometry": {"type": "Point", "coordinates": [2.405127, 48.842545]}, "properties": {"numparc": 7394, "etat de la localisation": "autre", "ID BDGEO": "377", "horodatage": "2022-06-19 20:19:36", "distance (en metres)": 5254.14, "station": "DENFERT-ROCHEREAU#", "marker-color": "#818181"}}, {"type": "Feature", "geometry": {"type": "Point", "coordinates": [2.405362, 48.874229]}, "properties": {"numparc": 1478, "etat de la localisation": "autre", "ID BDGEO": "141", "horodatage": "2022-06-19 20:19:47", "distance (en metres)": 5367.55, "station": "BIBLIOTHEQUE CHEVALERET", "marker-color": "#818181"}}, {"type": "Feature", "geometry": {"type": "Point", "coordinates": [2.39067, 48.837082]}, "properties": {"numparc": 7396, "etat de la localisation": "autre", "ID BDGEO": "141", "horodatage": "2022-06-19 20:20:20", "distance (en metres)": 1342.03, "station": "BIBLIOTHEQUE CHEVALERET", "marker-color": "#818181"}}, {"type": "Feature", "geometry": {"type": "Point", "coordinates": [2.406409, 48.876785]}, "properties": {"numparc": 1478, "etat de la localisation": "autre", "ID BDGEO": "141", "horodatage": "2022-06-19 20:20:48", "distance (en metres)": 5658.64, "station": "BIBLIOTHEQUE CHEVALERET", "marker-color": "#818181"}}, {"type": "Feature", "geometry": {"type": "Point", "coordinates": [2.404002, 48.839848]}, "properties": {"numparc": 7394, "etat de la localisation": "autre", "ID BDGEO": "377", "horodatage": "2022-06-19 20:21:20", "distance (en metres)": 5122.72, "station": "DENFERT-ROCHEREAU#", "marker-color": "#818181"}}, {"type": "Feature", "geometry": {"type": "Point", "coordinates": [2.404175, 48.839825]}, "properties": {"numparc": 1550, "etat de la localisation": "autre", "ID BDGEO": "31", "horodatage": "2022-06-19 20:21:22", "distance (en metres)": 68.34, "station": "LOUIS BRAILLE", "marker-color": "#818181"}}, {"type": "Feature", "geometry": {"type": "Point", "coordinates": [2.393646, 48.838909]}, "properties": {"numparc": 7396, "etat de la localisation": "autre", "ID BDGEO": "141", "horodatage": "2022-06-19 20:21:58", "distance (en metres)": 1637.82, "station": "BIBLIOTHEQUE CHEVALERET", "marker-color": "#818181"}}, {"type": "Feature", "geometry": {"type": "Point", "coordinates": [2.397014, 48.839531]}, "properties": {"numparc": 7396, "etat de la localisation": "autre", "ID BDGEO": "141", "horodatage": "2022-06-19 20:23:20", "distance (en metres)": 1878.74, "station": "BIBLIOTHEQUE CHEVALERET", "marker-color": "#818181"}}, {"type": "Feature", "geometry": {"type": "Point", "coordinates": [2.399475, 48.839706]}, "properties": {"numparc": 7394, "etat de la localisation": "autre", "ID BDGEO": "377", "horodatage": "2022-06-19 20:23:30", "distance (en metres)": 4792.61, "station": "DENFERT-ROCHEREAU#", "marker-color": "#818181"}}, {"type": "Feature", "geometry": {"type": "Point", "coordinates": [2.407912, 48.876545]}, "properties": {"numparc": 1478, "etat de la localisation": "autre", "ID BDGEO": "377", "horodatage": "2022-06-19 20:24:07", "distance (en metres)": 7193.9, "station": "DENFERT-ROCHEREAU#", "marker-color": "#818181"}}, {"type": "Feature", "geometry": {"type": "Point", "coordinates": [2.396954, 48.839653]}, "properties": {"numparc": 7394, "etat de la localisation": "autre", "ID BDGEO": "377", "horodatage": "2022-06-19 20:24:34", "distance (en metres)": 4609.28, "station": "DENFERT-ROCHEREAU#", "marker-color": "#818181"}}, {"type": "Feature", "geometry": {"type": "Point", "coordinates": [2.399361, 48.839542]}, "properties": {"numparc": 7396, "etat de la localisation": "autre", "ID BDGEO": "141", "horodatage": "2022-06-19 20:24:43", "distance (en metres)": 2023.98, "station": "BIBLIOTHEQUE CHEVALERET", "marker-color": "#818181"}}, {"type": "Feature", "geometry": {"type": "Point", "coordinates": [2.39389, 48.838978]}, "properties": {"numparc": 1550, "etat de la localisation": "autre", "ID BDGEO": "122", "horodatage": "2022-06-19 20:25:20", "distance (en metres)": 226.65, "station": "DOCTEUR GOUJON-REUILLY", "marker-color": "#818181"}}, {"type": "Feature", "geometry": {"type": "Point", "coordinates": [2.393942, 48.839012]}, "properties": {"numparc": 7394, "etat de la localisation": "autre", "ID BDGEO": "377", "horodatage": "2022-06-19 20:26:35", "distance (en metres)": 4380.75, "station": "DENFERT-ROCHEREAU#", "marker-color": "#818181"}}, {"type": "Feature", "geometry": {"type": "Point", "coordinates": [2.403454, 48.839653]}, "properties": {"numparc": 7396, "etat de la localisation": "autre", "ID BDGEO": "141", "horodatage": "2022-06-19 20:26:55", "distance (en metres)": 2290.77, "station": "BIBLIOTHEQUE CHEVALERET", "marker-color": "#818181"}}, {"type": "Feature", "geometry": {"type": "Point", "coordinates": [2.390705, 48.837074]}, "properties": {"numparc": 1550, "etat de la localisation": "autre", "ID BDGEO": "122", "horodatage": "2022-06-19 20:26:56", "distance (en metres)": 527.96, "station": "DOCTEUR GOUJON-REUILLY", "marker-color": "#818181"}}, {"type": "Feature", "geometry": {"type": "Point", "coordinates": [2.39062, 48.837219]}, "properties": {"numparc": 7394, "etat de la localisation": "autre", "ID BDGEO": "377", "horodatage": "2022-06-19 20:28:20", "distance (en metres)": 4114.76, "station": "DENFERT-ROCHEREAU#", "marker-color": "#818181"}}, {"type": "Feature", "geometry": {"type": "Point", "coordinates": [2.386047, 48.835499]}, "properties": {"numparc": 1550, "etat de la localisation": "autre", "ID BDGEO": "122", "horodatage": "2022-06-19 20:28:59", "distance (en metres)": 910.68, "station": "DOCTEUR GOUJON-REUILLY", "marker-color": "#818181"}}, {"type": "Feature", "geometry": {"type": "Point", "coordinates": [2.40504, 48.842216]}, "properties": {"numparc": 7396, "etat de la localisation": "autre", "ID BDGEO": "141", "horodatage": "2022-06-19 20:29:18", "distance (en metres)": 2533.9, "station": "BIBLIOTHEQUE CHEVALERET", "marker-color": "#818181"}}, {"type": "Feature", "geometry": {"type": "Point", "coordinates": [2.383161, 48.833904]}, "properties": {"numparc": 1550, "etat de la localisation": "autre", "ID BDGEO": "122", "horodatage": "2022-06-19 20:30:10", "distance (en metres)": 1182.98, "station": "DOCTEUR GOUJON-REUILLY", "marker-color": "#818181"}}, {"type": "Feature", "geometry": {"type": "Point", "coordinates": [2.385983, 48.835632]}, "properties": {"numparc": 7394, "etat de la localisation": "autre", "ID BDGEO": "377", "horodatage": "2022-06-19 20:30:28", "distance (en metres)": 3761.45, "station": "DENFERT-ROCHEREAU#", "marker-color": "#818181"}}, {"type": "Feature", "geometry": {"type": "Point", "coordinates": [2.379211, 48.831894]}, "properties": {"numparc": 1550, "etat de la localisation": "autre", "ID BDGEO": "122", "horodatage": "2022-06-19 20:31:35", "distance (en metres)": 1547.08, "station": "DOCTEUR GOUJON-REUILLY", "marker-color": "#818181"}}, {"type": "Feature", "geometry": {"type": "Point", "coordinates": [2.405778, 48.845043]}, "properties": {"numparc": 7396, "etat de la localisation": "autre", "ID BDGEO": "141", "horodatage": "2022-06-19 20:31:37", "distance (en metres)": 2757.37, "station": "BIBLIOTHEQUE CHEVALERET", "marker-color": "#818181"}}, {"type": "Feature", "geometry": {"type": "Point", "coordinates": [2.383068, 48.834126]}, "properties": {"numparc": 7394, "etat de la localisation": "autre", "ID BDGEO": "377", "horodatage": "2022-06-19 20:32:15", "distance (en metres)": 3540.64, "station": "DENFERT-ROCHEREAU#", "marker-color": "#818181"}}, {"type": "Feature", "geometry": {"type": "Point", "coordinates": [2.376883, 48.830257]}, "properties": {"numparc": 1550, "etat de la localisation": "autre", "ID BDGEO": "141", "horodatage": "2022-06-19 20:33:08", "distance (en metres)": 85.48, "station": "BIBLIOTHEQUE CHEVALERET", "marker-color": "#818181"}}, {"type": "Feature", "geometry": {"type": "Point", "coordinates": [2.376883, 48.830257]}, "properties": {"numparc": 1550, "etat de la localisation": "autre", "ID BDGEO": "141", "horodatage": "2022-06-19 20:33:14", "distance (en metres)": 85.48, "station": "BIBLIOTHEQUE CHEVALERET", "marker-color": "#818181"}}, {"type": "Feature", "geometry": {"type": "Point", "coordinates": [2.406487, 48.848118]}, "properties": {"numparc": 7396, "etat de la localisation": "autre", "ID BDGEO": "141", "horodatage": "2022-06-19 20:33:32", "distance (en metres)": 3014.84, "station": "BIBLIOTHEQUE CHEVALERET", "marker-color": "#818181"}}, {"type": "Feature", "geometry": {"type": "Point", "coordinates": [2.379166, 48.831928]}, "properties": {"numparc": 7394, "etat de la localisation": "autre", "ID BDGEO": "377", "horodatage": "2022-06-19 20:34:22", "distance (en metres)": 3257.89, "station": "DENFERT-ROCHEREAU#", "marker-color": "#818181"}}, {"type": "Feature", "geometry": {"type": "Point", "coordinates": [2.405906, 48.852909]}, "properties": {"numparc": 7396, "etat de la localisation": "autre", "ID BDGEO": "141", "horodatage": "2022-06-19 20:35:30", "distance (en metres)": 3364.84, "station": "BIBLIOTHEQUE CHEVALERET", "marker-color": "#818181"}}, {"type": "Feature", "geometry": {"type": "Point", "coordinates": [2.375815, 48.830067]}, "properties": {"numparc": 7394, "etat de la localisation": "autre", "ID BDGEO": "377", "horodatage": "2022-06-19 20:35:51", "distance (en metres)": 3030.91, "station": "DENFERT-ROCHEREAU#", "marker-color": "#818181"}}, {"type": "Feature", "geometry": {"type": "Point", "coordinates": [2.404594, 48.856365]}, "properties": {"numparc": 7396, "etat de la localisation": "autre", "ID BDGEO": "141", "horodatage": "2022-06-19 20:36:55", "distance (en metres)": 3606.58, "station": "BIBLIOTHEQUE CHEVALERET", "marker-color": "#818181"}}, {"type": "Feature", "geometry": {"type": "Point", "coordinates": [2.370628, 48.827614]}, "properties": {"numparc": 7394, "etat de la localisation": "autre", "ID BDGEO": "377", "horodatage": "2022-06-19 20:37:51", "distance (en metres)": 2705.53, "station": "DENFERT-ROCHEREAU#", "marker-color": "#818181"}}, {"type": "Feature", "geometry": {"type": "Point", "coordinates": [2.407912, 48.876545]}, "properties": {"numparc": 1478, "etat de la localisation": "autre", "ID BDGEO": "377", "horodatage": "2022-06-19 20:38:24", "distance (en metres)": 7193.9, "station": "DENFERT-ROCHEREAU#", "marker-color": "#818181"}}, {"type": "Feature", "geometry": {"type": "Point", "coordinates": [2.401498, 48.859348]}, "properties": {"numparc": 7396, "etat de la localisation": "autre", "ID BDGEO": "141", "horodatage": "2022-06-19 20:38:30", "distance (en metres)": 3761.96, "station": "BIBLIOTHEQUE CHEVALERET", "marker-color": "#818181"}}, {"type": "Feature", "geometry": {"type": "Point", "coordinates": [2.367735, 48.82724]}, "properties": {"numparc": 7394, "etat de la localisation": "autre", "ID BDGEO": "377", "horodatage": "2022-06-19 20:39:26", "distance (en metres)": 2511.16, "station": "DENFERT-ROCHEREAU#", "marker-color": "#818181"}}, {"type": "Feature", "geometry": {"type": "Point", "coordinates": [2.399984, 48.861935]}, "properties": {"numparc": 7396, "etat de la localisation": "autre", "ID BDGEO": "141", "horodatage": "2022-06-19 20:39:38", "distance (en metres)": 3962.65, "station": "BIBLIOTHEQUE CHEVALERET", "marker-color": "#818181"}}, {"type": "Feature", "geometry": {"type": "Point", "coordinates": [2.407793, 48.876583]}, "properties": {"numparc": 614, "etat de la localisation": "autre", "ID BDGEO": "359", "horodatage": "2022-06-19 20:40:24", "distance (en metres)": 77.89, "station": "PORTE DES LILAS-METRO.", "marker-color": "#818181"}}, {"type": "Feature", "geometry": {"type": "Point", "coordinates": [2.364634, 48.826801]}, "properties": {"numparc": 7394, "etat de la localisation": "autre", "ID BDGEO": "377", "horodatage": "2022-06-19 20:40:25", "distance (en metres)": 2308.4, "station": "DENFERT-ROCHEREAU#", "marker-color": "#818181"}}, {"type": "Feature", "geometry": {"type": "Point", "coordinates": [2.398751, 48.864159]}, "properties": {"numparc": 7396, "etat de la localisation": "autre", "ID BDGEO": "141", "horodatage": "2022-06-19 20:41:16", "distance (en metres)": 4147.84, "station": "BIBLIOTHEQUE CHEVALERET", "marker-color": "#818181"}}, {"type": "Feature", "geometry": {"type": "Point", "coordinates": [2.406374, 48.876678]}, "properties": {"numparc": 1478, "etat de la localisation": "autre", "ID BDGEO": "377", "horodatage": "2022-06-19 20:41:35", "distance (en metres)": 7120.56, "station": "DENFERT-ROCHEREAU#", "marker-color": "#818181"}}, {"type": "Feature", "geometry": {"type": "Point", "coordinates": [2.360968, 48.826309]}, "properties": {"numparc": 7394, "etat de la localisation": "autre", "ID BDGEO": "377", "horodatage": "2022-06-19 20:41:35", "distance (en metres)": 2075.53, "station": "DENFERT-ROCHEREAU#", "marker-color": "#818181"}}, {"type": "Feature", "geometry": {"type": "Point", "coordinates": [2.398649, 48.8643]}, "properties": {"numparc": 7396, "etat de la localisation": "autre", "ID BDGEO": "141", "horodatage": "2022-06-19 20:41:57", "distance (en metres)": 4159.18, "station": "BIBLIOTHEQUE CHEVALERET", "marker-color": "#818181"}}, {"type": "Feature", "geometry": {"type": "Point", "coordinates": [2.359056, 48.827507]}, "properties": {"numparc": 7394, "etat de la localisation": "autre", "ID BDGEO": "377", "horodatage": "2022-06-19 20:42:39", "distance (en metres)": 1896.95, "station": "DENFERT-ROCHEREAU#", "marker-color": "#818181"}}, {"type": "Feature", "geometry": {"type": "Point", "coordinates": [2.405656, 48.87487]}, "properties": {"numparc": 1478, "etat de la localisation": "autre", "ID BDGEO": "377", "horodatage": "2022-06-19 20:42:41", "distance (en metres)": 6946.82, "station": "DENFERT-ROCHEREAU#", "marker-color": "#818181"}}, {"type": "Feature", "geometry": {"type": "Point", "coordinates": [2.404697, 48.872536]}, "properties": {"numparc": 1478, "etat de la localisation": "autre", "ID BDGEO": "377", "horodatage": "2022-06-19 20:43:35", "distance (en metres)": 6723.57, "station": "DENFERT-ROCHEREAU#", "marker-color": "#818181"}}, {"type": "Feature", "geometry": {"type": "Point", "coordinates": [2.356633, 48.830444]}, "properties": {"numparc": 7394, "etat de la localisation": "autre", "ID BDGEO": "377", "horodatage": "2022-06-19 20:44:28", "distance (en metres)": 1636.99, "station": "DENFERT-ROCHEREAU#", "marker-color": "#818181"}}, {"type": "Feature", "geometry": {"type": "Point", "coordinates": [2.401762, 48.868782]}, "properties": {"numparc": 7396, "etat de la localisation": "autre", "ID BDGEO": "141", "horodatage": "2022-06-19 20:45:51", "distance (en metres)": 4707.09, "station": "BIBLIOTHEQUE CHEVALERET", "marker-color": "#818181"}}, {"type": "Feature", "geometry": {"type": "Point", "coordinates": [2.354062, 48.83115]}, "properties": {"numparc": 7394, "etat de la localisation": "autre", "ID BDGEO": "377", "horodatage": "2022-06-19 20:46:33", "distance (en metres)": 1437.56, "station": "DENFERT-ROCHEREAU#", "marker-color": "#818181"}}, {"type": "Feature", "geometry": {"type": "Point", "coordinates": [2.404067, 48.871349]}, "properties": {"numparc": 7396, "etat de la localisation": "autre", "ID BDGEO": "141", "horodatage": "2022-06-19 20:46:54", "distance (en metres)": 5036.5, "station": "BIBLIOTHEQUE CHEVALERET", "marker-color": "#818181"}}, {"type": "Feature", "geometry": {"type": "Point", "coordinates": [2.401439, 48.868206]}, "properties": {"numparc": 1478, "etat de la localisation": "autre", "ID BDGEO": "377", "horodatage": "2022-06-19 20:47:27", "distance (en metres)": 6233.81, "station": "DENFERT-ROCHEREAU#", "marker-color": "#818181"}}, {"type": "Feature", "geometry": {"type": "Point", "coordinates": [2.348886, 48.829819]}, "properties": {"numparc": 7394, "etat de la localisation": "autre", "ID BDGEO": "377", "horodatage": "2022-06-19 20:48:03", "distance (en metres)": 1109.57, "station": "DENFERT-ROCHEREAU#", "marker-color": "#818181"}}, {"type": "Feature", "geometry": {"type": "Point", "coordinates": [2.399508, 48.86594]}, "properties": {"numparc": 1478, "etat de la localisation": "autre", "ID BDGEO": "377", "horodatage": "2022-06-19 20:48:23", "distance (en metres)": 5967.59, "station": "DENFERT-ROCHEREAU#", "marker-color": "#818181"}}, {"type": "Feature", "geometry": {"type": "Point", "coordinates": [2.405337, 48.874207]}, "properties": {"numparc": 7396, "etat de la localisation": "autre", "ID BDGEO": "141", "horodatage": "2022-06-19 20:48:56", "distance (en metres)": 5364.48, "station": "BIBLIOTHEQUE CHEVALERET", "marker-color": "#818181"}}, {"type": "Feature", "geometry": {"type": "Point", "coordinates": [2.379526, 48.83205]}, "properties": {"numparc": 1550, "etat de la localisation": "autre", "ID BDGEO": "141", "horodatage": "2022-06-19 20:49:01", "distance (en metres)": 353.62, "station": "BIBLIOTHEQUE CHEVALERET", "marker-color": "#818181"}}, {"type": "Feature", "geometry": {"type": "Point", "coordinates": [2.406356, 48.876694]}, "properties": {"numparc": 7396, "etat de la localisation": "autre", "ID BDGEO": "141", "horodatage": "2022-06-19 20:50:02", "distance (en metres)": 5647.76, "station": "BIBLIOTHEQUE CHEVALERET", "marker-color": "#818181"}}, {"type": "Feature", "geometry": {"type": "Point", "coordinates": [2.399043, 48.864647]}, "properties": {"numparc": 1478, "etat de la localisation": "autre", "ID BDGEO": "377", "horodatage": "2022-06-19 20:50:17", "distance (en metres)": 5854.04, "station": "DENFERT-ROCHEREAU#", "marker-color": "#818181"}}, {"type": "Feature", "geometry": {"type": "Point", "coordinates": [2.339195, 48.832569]}, "properties": {"numparc": 7394, "etat de la localisation": "autre", "ID BDGEO": "377", "horodatage": "2022-06-19 20:50:46", "distance (en metres)": 339.68, "station": "DENFERT-ROCHEREAU#", "marker-color": "#818181"}}, {"type": "Feature", "geometry": {"type": "Point", "coordinates": [2.382971, 48.833904]}, "properties": {"numparc": 1550, "etat de la localisation": "autre", "ID BDGEO": "141", "horodatage": "2022-06-19 20:51:02", "distance (en metres)": 679.31, "station": "BIBLIOTHEQUE CHEVALERET", "marker-color": "#818181"}}, {"type": "Feature", "geometry": {"type": "Point", "coordinates": [2.408437, 48.877262]}, "properties": {"numparc": 7396, "etat de la localisation": "autre", "ID BDGEO": "377", "horodatage": "2022-06-19 20:51:48", "distance (en metres)": 7275.79, "station": "DENFERT-ROCHEREAU#", "marker-color": "#818181"}}, {"type": "Feature", "geometry": {"type": "Point", "coordinates": [2.386027, 48.835522]}, "properties": {"numparc": 1550, "etat de la localisation": "autre", "ID BDGEO": "141", "horodatage": "2022-06-19 20:51:54", "distance (en metres)": 966.33, "station": "BIBLIOTHEQUE CHEVALERET", "marker-color": "#818181"}}, {"type": "Feature", "geometry": {"type": "Point", "coordinates": [2.400327, 48.86174]}, "properties": {"numparc": 1478, "etat de la localisation": "autre", "ID BDGEO": "377", "horodatage": "2022-06-19 20:51:54", "distance (en metres)": 5746.25, "station": "DENFERT-ROCHEREAU#", "marker-color": "#818181"}}, {"type": "Feature", "geometry": {"type": "Point", "coordinates": [2.333822, 48.834061]}, "properties": {"numparc": 7394, "etat de la localisation": "autre", "ID BDGEO": "377", "horodatage": "2022-06-19 20:52:08", "distance (en metres)": 102.17, "station": "DENFERT-ROCHEREAU#", "marker-color": "#818181"}}, {"type": "Feature", "geometry": {"type": "Point", "coordinates": [2.408098, 48.87672]}, "properties": {"numparc": 7396, "etat de la localisation": "autre", "ID BDGEO": "377", "horodatage": "2022-06-19 20:53:23", "distance (en metres)": 7217.05, "station": "DENFERT-ROCHEREAU#", "marker-color": "#818181"}}, {"type": "Feature", "geometry": {"type": "Point", "coordinates": [2.390848, 48.837105]}, "properties": {"numparc": 1550, "etat de la localisation": "autre", "ID BDGEO": "141", "horodatage": "2022-06-19 20:53:26", "distance (en metres)": 1354.11, "station": "BIBLIOTHEQUE CHEVALERET", "marker-color": "#818181"}}, {"type": "Feature", "geometry": {"type": "Point", "coordinates": [2.402214, 48.859295]}, "properties": {"numparc": 1478, "etat de la localisation": "autre", "ID BDGEO": "377", "horodatage": "2022-06-19 20:53:33", "distance (en metres)": 5720.4, "station": "DENFERT-ROCHEREAU#", "marker-color": "#818181"}}, {"type": "Feature", "geometry": {"type": "Point", "coordinates": [2.391035, 48.837143]}, "properties": {"numparc": 1550, "etat de la localisation": "autre", "ID BDGEO": "141", "horodatage": "2022-06-19 20:53:56", "distance (en metres)": 1367.75, "station": "BIBLIOTHEQUE CHEVALERET", "marker-color": "#818181"}}, {"type": "Feature", "geometry": {"type": "Point", "coordinates": [2.407841, 48.876637]}, "properties": {"numparc": 7396, "etat de la localisation": "autre", "ID BDGEO": "377", "horodatage": "2022-06-19 20:55:09", "distance (en metres)": 7196.83, "station": "DENFERT-ROCHEREAU#", "marker-color": "#818181"}}, {"type": "Feature", "geometry": {"type": "Point", "coordinates": [2.393844, 48.838871]}, "properties": {"numparc": 1550, "etat de la localisation": "autre", "ID BDGEO": "141", "horodatage": "2022-06-19 20:55:11", "distance (en metres)": 1646.9, "station": "BIBLIOTHEQUE CHEVALERET", "marker-color": "#818181"}}, {"type": "Feature", "geometry": {"type": "Point", "coordinates": [2.404878, 48.8564]}, "properties": {"numparc": 1478, "etat de la localisation": "autre", "ID BDGEO": "377", "horodatage": "2022-06-19 20:56:18", "distance (en metres)": 5738.85, "station": "DENFERT-ROCHEREAU#", "marker-color": "#818181"}}, {"type": "Feature", "geometry": {"type": "Point", "coordinates": [2.397089, 48.839493]}, "properties": {"numparc": 1550, "etat de la localisation": "autre", "ID BDGEO": "141", "horodatage": "2022-06-19 20:56:25", "distance (en metres)": 1880.92, "station": "BIBLIOTHEQUE CHEVALERET", "marker-color": "#818181"}}, {"type": "Feature", "geometry": {"type": "Point", "coordinates": [2.399415, 48.839565]}, "properties": {"numparc": 1550, "etat de la localisation": "autre", "ID BDGEO": "141", "horodatage": "2022-06-19 20:57:05", "distance (en metres)": 2028.68, "station": "BIBLIOTHEQUE CHEVALERET", "marker-color": "#818181"}}, {"type": "Feature", "geometry": {"type": "Point", "coordinates": [2.406155, 48.852287]}, "properties": {"numparc": 1478, "etat de la localisation": "autre", "ID BDGEO": "377", "horodatage": "2022-06-19 20:57:59", "distance (en metres)": 5636.53, "station": "DENFERT-ROCHEREAU#", "marker-color": "#818181"}}, {"type": "Feature", "geometry": {"type": "Point", "coordinates": [2.405595, 48.874748]}, "properties": {"numparc": 614, "etat de la localisation": "autre", "ID BDGEO": "358", "horodatage": "2022-06-19 20:58:47", "distance (en metres)": 49.77, "station": "PISCINE DES TOURELLES", "marker-color": "#818181"}}, {"type": "Feature", "geometry": {"type": "Point", "coordinates": [2.404617, 48.872387]}, "properties": {"numparc": 614, "etat de la localisation": "autre", "ID BDGEO": "357", "horodatage": "2022-06-19 20:59:42", "distance (en metres)": 114.45, "station": "SAINT-FARGEAU", "marker-color": "#818181"}}, {"type": "Feature", "geometry": {"type": "Point", "coordinates": [2.405075, 48.842182]}, "properties": {"numparc": 1550, "etat de la localisation": "autre", "ID BDGEO": "141", "horodatage": "2022-06-19 20:59:58", "distance (en metres)": 2534.04, "station": "BIBLIOTHEQUE CHEVALERET", "marker-color": "#818181"}}, {"type": "Feature", "geometry": {"type": "Point", "coordinates": [2.405695, 48.844479]}, "properties": {"numparc": 1478, "etat de la localisation": "autre", "ID BDGEO": "377", "horodatage": "2022-06-19 21:00:45", "distance (en metres)": 5340.51, "station": "DENFERT-ROCHEREAU#", "marker-color": "#818181"}}, {"type": "Feature", "geometry": {"type": "Point", "coordinates": [2.405829, 48.844997]}, "properties": {"numparc": 1550, "etat de la localisation": "autre", "ID BDGEO": "141", "horodatage": "2022-06-19 21:00:58", "distance (en metres)": 2757.28, "station": "BIBLIOTHEQUE CHEVALERET", "marker-color": "#818181"}}, {"type": "Feature", "geometry": {"type": "Point", "coordinates": [2.405133, 48.842522]}, "properties": {"numparc": 1478, "etat de la localisation": "autre", "ID BDGEO": "377", "horodatage": "2022-06-19 21:01:37", "distance (en metres)": 5254.08, "station": "DENFERT-ROCHEREAU#", "marker-color": "#818181"}}, {"type": "Feature", "geometry": {"type": "Point", "coordinates": [2.406621, 48.848743]}, "properties": {"numparc": 1550, "etat de la localisation": "autre", "ID BDGEO": "141", "horodatage": "2022-06-19 21:03:00", "distance (en metres)": 3068.8, "station": "BIBLIOTHEQUE CHEVALERET", "marker-color": "#818181"}}, {"type": "Feature", "geometry": {"type": "Point", "coordinates": [2.401174, 48.868092]}, "properties": {"numparc": 614, "etat de la localisation": "autre", "ID BDGEO": "356", "horodatage": "2022-06-19 21:03:09", "distance (en metres)": 94.11, "station": "PELLEPORT-GAMBETTA", "marker-color": "#818181"}}, {"type": "Feature", "geometry": {"type": "Point", "coordinates": [2.406354, 48.8512]}, "properties": {"numparc": 1550, "etat de la localisation": "autre", "ID BDGEO": "141", "horodatage": "2022-06-19 21:03:56", "distance (en metres)": 3246.34, "station": "BIBLIOTHEQUE CHEVALERET", "marker-color": "#818181"}}, {"type": "Feature", "geometry": {"type": "Point", "coordinates": [2.399544, 48.839687]}, "properties": {"numparc": 1478, "etat de la localisation": "autre", "ID BDGEO": "377", "horodatage": "2022-06-19 21:04:29", "distance (en metres)": 4797.28, "station": "DENFERT-ROCHEREAU#", "marker-color": "#818181"}}, {"type": "Feature", "geometry": {"type": "Point", "coordinates": [2.398828, 48.86536]}, "properties": {"numparc": 614, "etat de la localisation": "autre", "ID BDGEO": "355", "horodatage": "2022-06-19 21:05:08", "distance (en metres)": 43.59, "station": "GAMBETTA-MAIRIE DU XX", "marker-color": "#818181"}}, {"type": "Feature", "geometry": {"type": "Point", "coordinates": [2.406012, 48.852959]}, "properties": {"numparc": 1550, "etat de la localisation": "autre", "ID BDGEO": "141", "horodatage": "2022-06-19 21:05:23", "distance (en metres)": 3374.09, "station": "BIBLIOTHEQUE CHEVALERET", "marker-color": "#818181"}}, {"type": "Feature", "geometry": {"type": "Point", "coordinates": [2.396801, 48.839619]}, "properties": {"numparc": 1478, "etat de la localisation": "autre", "ID BDGEO": "377", "horodatage": "2022-06-19 21:05:36", "distance (en metres)": 4597.63, "station": "DENFERT-ROCHEREAU#", "marker-color": "#818181"}}, {"type": "Feature", "geometry": {"type": "Point", "coordinates": [2.396722, 48.839642]}, "properties": {"numparc": 1478, "etat de la localisation": "autre", "ID BDGEO": "377", "horodatage": "2022-06-19 21:06:01", "distance (en metres)": 4592.31, "station": "DENFERT-ROCHEREAU#", "marker-color": "#818181"}}, {"type": "Feature", "geometry": {"type": "Point", "coordinates": [2.404721, 48.856438]}, "properties": {"numparc": 1550, "etat de la localisation": "autre", "ID BDGEO": "141", "horodatage": "2022-06-19 21:06:51", "distance (en metres)": 3618.55, "station": "BIBLIOTHEQUE CHEVALERET", "marker-color": "#818181"}}, {"type": "Feature", "geometry": {"type": "Point", "coordinates": [2.393903, 48.839005]}, "properties": {"numparc": 1478, "etat de la localisation": "autre", "ID BDGEO": "377", "horodatage": "2022-06-19 21:07:44", "distance (en metres)": 4377.8, "station": "DENFERT-ROCHEREAU#", "marker-color": "#818181"}}, {"type": "Feature", "geometry": {"type": "Point", "coordinates": [2.402394, 48.859032]}, "properties": {"numparc": 614, "etat de la localisation": "autre", "ID BDGEO": "232", "horodatage": "2022-06-19 21:08:32", "distance (en metres)": 86.15, "station": "PYRENEES-BAGNOLET", "marker-color": "#818181"}}, {"type": "Feature", "geometry": {"type": "Point", "coordinates": [2.401571, 48.859482]}, "properties": {"numparc": 1550, "etat de la localisation": "autre", "ID BDGEO": "141", "horodatage": "2022-06-19 21:08:43", "distance (en metres)": 3777.49, "station": "BIBLIOTHEQUE CHEVALERET", "marker-color": "#818181"}}, {"type": "Feature", "geometry": {"type": "Point", "coordinates": [2.390765, 48.837097]}, "properties": {"numparc": 1478, "etat de la localisation": "autre", "ID BDGEO": "377", "horodatage": "2022-06-19 21:09:16", "distance (en metres)": 4123.92, "station": "DENFERT-ROCHEREAU#", "marker-color": "#818181"}}, {"type": "Feature", "geometry": {"type": "Point", "coordinates": [2.400011, 48.861984]}, "properties": {"numparc": 1550, "etat de la localisation": "autre", "ID BDGEO": "141", "horodatage": "2022-06-19 21:09:47", "distance (en metres)": 3968.47, "station": "BIBLIOTHEQUE CHEVALERET", "marker-color": "#818181"}}, {"type": "Feature", "geometry": {"type": "Point", "coordinates": [2.407841, 48.876637]}, "properties": {"numparc": 7396, "etat de la localisation": "autre", "ID BDGEO": "377", "horodatage": "2022-06-19 21:10:24", "distance (en metres)": 7196.83, "station": "DENFERT-ROCHEREAU#", "marker-color": "#818181"}}, {"type": "Feature", "geometry": {"type": "Point", "coordinates": [2.405026, 48.855942]}, "properties": {"numparc": 614, "etat de la localisation": "autre", "ID BDGEO": "231", "horodatage": "2022-06-19 21:10:33", "distance (en metres)": 69.25, "station": "ORTEAUX", "marker-color": "#818181"}}, {"type": "Feature", "geometry": {"type": "Point", "coordinates": [2.398891, 48.864101]}, "properties": {"numparc": 1550, "etat de la localisation": "autre", "ID BDGEO": "141", "horodatage": "2022-06-19 21:10:40", "distance (en metres)": 4146.2, "station": "BIBLIOTHEQUE CHEVALERET", "marker-color": "#818181"}}, {"type": "Feature", "geometry": {"type": "Point", "coordinates": [2.386112, 48.835579]}, "properties": {"numparc": 1478, "etat de la localisation": "autre", "ID BDGEO": "377", "horodatage": "2022-06-19 21:11:28", "distance (en metres)": 3770.48, "station": "DENFERT-ROCHEREAU#", "marker-color": "#818181"}}, {"type": "Feature", "geometry": {"type": "Point", "coordinates": [2.406144, 48.852325]}, "properties": {"numparc": 614, "etat de la localisation": "autre", "ID BDGEO": "230", "horodatage": "2022-06-19 21:12:10", "distance (en metres)": 79.23, "station": "MARAICHERS", "marker-color": "#818181"}}, {"type": "Feature", "geometry": {"type": "Point", "coordinates": [2.40075, 48.864738]}, "properties": {"numparc": 1550, "etat de la localisation": "Delocalise", "ID BDGEO": "141", "horodatage": "2022-06-19 21:12:21", "distance (en metres)": 4267.46, "station": "BIBLIOTHEQUE CHEVALERET", "marker-color": "#FF565E"}}, {"type": "Feature", "geometry": {"type": "Point", "coordinates": [2.383362, 48.834023]}, "properties": {"numparc": 1478, "etat de la localisation": "autre", "ID BDGEO": "377", "horodatage": "2022-06-19 21:12:46", "distance (en metres)": 3561.89, "station": "DENFERT-ROCHEREAU#", "marker-color": "#818181"}}, {"type": "Feature", "geometry": {"type": "Point", "coordinates": [2.406334, 48.87664]}, "properties": {"numparc": 7396, "etat de la localisation": "autre", "ID BDGEO": "377", "horodatage": "2022-06-19 21:14:39", "distance (en metres)": 7115.53, "station": "DENFERT-ROCHEREAU#", "marker-color": "#818181"}}, {"type": "Feature", "geometry": {"type": "Point", "coordinates": [2.401801, 48.868797]}, "properties": {"numparc": 1550, "etat de la localisation": "autre", "ID BDGEO": "141", "horodatage": "2022-06-19 21:14:47", "distance (en metres)": 4709.79, "station": "BIBLIOTHEQUE CHEVALERET", "marker-color": "#818181"}}, {"type": "Feature", "geometry": {"type": "Point", "coordinates": [2.405615, 48.874805]}, "properties": {"numparc": 7396, "etat de la localisation": "autre", "ID BDGEO": "377", "horodatage": "2022-06-19 21:15:46", "distance (en metres)": 6939.79, "station": "DENFERT-ROCHEREAU#", "marker-color": "#818181"}}, {"type": "Feature", "geometry": {"type": "Point", "coordinates": [2.404136, 48.871273]}, "properties": {"numparc": 1550, "etat de la localisation": "autre", "ID BDGEO": "141", "horodatage": "2022-06-19 21:16:07", "distance (en metres)": 5030.85, "station": "BIBLIOTHEQUE CHEVALERET", "marker-color": "#818181"}}, {"type": "Feature", "geometry": {"type": "Point", "coordinates": [2.405647, 48.84441]}, "properties": {"numparc": 614, "etat de la localisation": "autre", "ID BDGEO": "55", "horodatage": "2022-06-19 21:16:27", "distance (en metres)": 107.69, "station": "AVENUE DE SAINT-MANDE", "marker-color": "#818181"}}, {"type": "Feature", "geometry": {"type": "Point", "coordinates": [2.404595, 48.872459]}, "properties": {"numparc": 7396, "etat de la localisation": "autre", "ID BDGEO": "377", "horodatage": "2022-06-19 21:16:52", "distance (en metres)": 6712.39, "station": "DENFERT-ROCHEREAU#", "marker-color": "#818181"}}, {"type": "Feature", "geometry": {"type": "Point", "coordinates": [2.404595, 48.872459]}, "properties": {"numparc": 7396, "etat de la localisation": "autre", "ID BDGEO": "377", "horodatage": "2022-06-19 21:17:01", "distance (en metres)": 6712.39, "station": "DENFERT-ROCHEREAU#", "marker-color": "#818181"}}, {"type": "Feature", "geometry": {"type": "Point", "coordinates": [2.375879, 48.830051]}, "properties": {"numparc": 1478, "etat de la localisation": "autre", "ID BDGEO": "377", "horodatage": "2022-06-19 21:17:34", "distance (en metres)": 3035.78, "station": "DENFERT-ROCHEREAU#", "marker-color": "#818181"}}, {"type": "Feature", "geometry": {"type": "Point", "coordinates": [2.403978, 48.83976]}, "properties": {"numparc": 614, "etat de la localisation": "autre", "ID BDGEO": "31", "horodatage": "2022-06-19 21:18:28", "distance (en metres)": 53.34, "station": "LOUIS BRAILLE", "marker-color": "#818181"}}, {"type": "Feature", "geometry": {"type": "Point", "coordinates": [2.406515, 48.876698]}, "properties": {"numparc": 1550, "etat de la localisation": "autre", "ID BDGEO": "141", "horodatage": "2022-06-19 21:18:43", "distance (en metres)": 5652.77, "station": "BIBLIOTHEQUE CHEVALERET", "marker-color": "#818181"}}, {"type": "Feature", "geometry": {"type": "Point", "coordinates": [2.370782, 48.827515]}, "properties": {"numparc": 1478, "etat de la localisation": "autre", "ID BDGEO": "377", "horodatage": "2022-06-19 21:19:07", "distance (en metres)": 2719.08, "station": "DENFERT-ROCHEREAU#", "marker-color": "#818181"}}, {"type": "Feature", "geometry": {"type": "Point", "coordinates": [2.401245, 48.86805]}, "properties": {"numparc": 7396, "etat de la localisation": "autre", "ID BDGEO": "377", "horodatage": "2022-06-19 21:19:40", "distance (en metres)": 6211.9, "station": "DENFERT-ROCHEREAU#", "marker-color": "#818181"}}, {"type": "Feature", "geometry": {"type": "Point", "coordinates": [2.367816, 48.82711]}, "properties": {"numparc": 1478, "etat de la localisation": "autre", "ID BDGEO": "377", "horodatage": "2022-06-19 21:20:24", "distance (en metres)": 2520.8, "station": "DENFERT-ROCHEREAU#", "marker-color": "#818181"}}, {"type": "Feature", "geometry": {"type": "Point", "coordinates": [2.408499, 48.877209]}, "properties": {"numparc": 1550, "etat de la localisation": "autre", "ID BDGEO": "220", "horodatage": "2022-06-19 21:20:42", "distance (en metres)": 1578.59, "station": "GAMBETTA-PYRENEES", "marker-color": "#818181"}}, {"type": "Feature", "geometry": {"type": "Point", "coordinates": [2.36464, 48.826714]}, "properties": {"numparc": 1478, "etat de la localisation": "autre", "ID BDGEO": "377", "horodatage": "2022-06-19 21:21:19", "distance (en metres)": 2311.91, "station": "DENFERT-ROCHEREAU#", "marker-color": "#818181"}}, {"type": "Feature", "geometry": {"type": "Point", "coordinates": [2.408335, 48.876686]}, "properties": {"numparc": 1550, "etat de la localisation": "autre", "ID BDGEO": "220", "horodatage": "2022-06-19 21:21:55", "distance (en metres)": 1521.38, "station": "GAMBETTA-PYRENEES", "marker-color": "#818181"}}, {"type": "Feature", "geometry": {"type": "Point", "coordinates": [2.398778, 48.86454]}, "properties": {"numparc": 7396, "etat de la localisation": "autre", "ID BDGEO": "377", "horodatage": "2022-06-19 21:22:06", "distance (en metres)": 5831.39, "station": "DENFERT-ROCHEREAU#", "marker-color": "#818181"}}, {"type": "Feature", "geometry": {"type": "Point", "coordinates": [2.398782, 48.864529]}, "properties": {"numparc": 7396, "etat de la localisation": "autre", "ID BDGEO": "377", "horodatage": "2022-06-19 21:22:24", "distance (en metres)": 5830.87, "station": "DENFERT-ROCHEREAU#", "marker-color": "#818181"}}, {"type": "Feature", "geometry": {"type": "Point", "coordinates": [2.360788, 48.826294]}, "properties": {"numparc": 1478, "etat de la localisation": "autre", "ID BDGEO": "377", "horodatage": "2022-06-19 21:22:30", "distance (en metres)": 2063.98, "station": "DENFERT-ROCHEREAU#", "marker-color": "#818181"}}, {"type": "Feature", "geometry": {"type": "Point", "coordinates": [2.398788, 48.864517]}, "properties": {"numparc": 7396, "etat de la localisation": "autre", "ID BDGEO": "377", "horodatage": "2022-06-19 21:22:39", "distance (en metres)": 5830.46, "station": "DENFERT-ROCHEREAU#", "marker-color": "#818181"}}, {"type": "Feature", "geometry": {"type": "Point", "coordinates": [2.393884, 48.838989]}, "properties": {"numparc": 614, "etat de la localisation": "autre", "ID BDGEO": "122", "horodatage": "2022-06-19 21:23:21", "distance (en metres)": 226.72, "station": "DOCTEUR GOUJON-REUILLY", "marker-color": "#818181"}}, {"type": "Feature", "geometry": {"type": "Point", "coordinates": [2.358908, 48.827545]}, "properties": {"numparc": 1478, "etat de la localisation": "autre", "ID BDGEO": "377", "horodatage": "2022-06-19 21:23:42", "distance (en metres)": 1885.32, "station": "DENFERT-ROCHEREAU#", "marker-color": "#818181"}}, {"type": "Feature", "geometry": {"type": "Point", "coordinates": [2.400226, 48.861454]}, "properties": {"numparc": 7396, "etat de la localisation": "autre", "ID BDGEO": "377", "horodatage": "2022-06-19 21:24:15", "distance (en metres)": 5722.66, "station": "DENFERT-ROCHEREAU#", "marker-color": "#818181"}}, {"type": "Feature", "geometry": {"type": "Point", "coordinates": [2.402203, 48.859039]}, "properties": {"numparc": 7396, "etat de la localisation": "autre", "ID BDGEO": "377", "horodatage": "2022-06-19 21:25:11", "distance (en metres)": 5705.43, "station": "DENFERT-ROCHEREAU#", "marker-color": "#818181"}}, {"type": "Feature", "geometry": {"type": "Point", "coordinates": [2.390627, 48.837185]}, "properties": {"numparc": 614, "etat de la localisation": "autre", "ID BDGEO": "122", "horodatage": "2022-06-19 21:25:16", "distance (en metres)": 526.62, "station": "DOCTEUR GOUJON-REUILLY", "marker-color": "#818181"}}, {"type": "Feature", "geometry": {"type": "Point", "coordinates": [2.356563, 48.830387]}, "properties": {"numparc": 1478, "etat de la localisation": "autre", "ID BDGEO": "377", "horodatage": "2022-06-19 21:25:41", "distance (en metres)": 1633.25, "station": "DENFERT-ROCHEREAU#", "marker-color": "#818181"}}, {"type": "Feature", "geometry": {"type": "Point", "coordinates": [2.404868, 48.856049]}, "properties": {"numparc": 7396, "etat de la localisation": "autre", "ID BDGEO": "377", "horodatage": "2022-06-19 21:27:00", "distance (en metres)": 5720.89, "station": "DENFERT-ROCHEREAU#", "marker-color": "#818181"}}, {"type": "Feature", "geometry": {"type": "Point", "coordinates": [2.385907, 48.835552]}, "properties": {"numparc": 614, "etat de la localisation": "autre", "ID BDGEO": "122", "horodatage": "2022-06-19 21:27:27", "distance (en metres)": 916.7, "station": "DOCTEUR GOUJON-REUILLY", "marker-color": "#818181"}}, {"type": "Feature", "geometry": {"type": "Point", "coordinates": [2.354194, 48.83115]}, "properties": {"numparc": 1478, "etat de la localisation": "autre", "ID BDGEO": "377", "horodatage": "2022-06-19 21:27:46", "distance (en metres)": 1447.07, "station": "DENFERT-ROCHEREAU#", "marker-color": "#818181"}}, {"type": "Feature", "geometry": {"type": "Point", "coordinates": [2.406107, 48.852345]}, "properties": {"numparc": 7396, "etat de la localisation": "autre", "ID BDGEO": "377", "horodatage": "2022-06-19 21:28:22", "distance (en metres)": 5635.64, "station": "DENFERT-ROCHEREAU#", "marker-color": "#818181"}}, {"type": "Feature", "geometry": {"type": "Point", "coordinates": [2.383349, 48.834202]}, "properties": {"numparc": 614, "etat de la localisation": "autre", "ID BDGEO": "122", "horodatage": "2022-06-19 21:28:52", "distance (en metres)": 1153.96, "station": "DOCTEUR GOUJON-REUILLY", "marker-color": "#818181"}}, {"type": "Feature", "geometry": {"type": "Point", "coordinates": [2.348925, 48.829861]}, "properties": {"numparc": 1478, "etat de la localisation": "autre", "ID BDGEO": "377", "horodatage": "2022-06-19 21:29:05", "distance (en metres)": 1110.61, "station": "DENFERT-ROCHEREAU#", "marker-color": "#818181"}}, {"type": "Feature", "geometry": {"type": "Point", "coordinates": [2.406513, 48.849377]}, "properties": {"numparc": 7396, "etat de la localisation": "autre", "ID BDGEO": "377", "horodatage": "2022-06-19 21:29:49", "distance (en metres)": 5548.73, "station": "DENFERT-ROCHEREAU#", "marker-color": "#818181"}}, {"type": "Feature", "geometry": {"type": "Point", "coordinates": [2.406363, 48.84795]}, "properties": {"numparc": 7396, "etat de la localisation": "autre", "ID BDGEO": "377", "horodatage": "2022-06-19 21:30:35", "distance (en metres)": 5489.42, "station": "DENFERT-ROCHEREAU#", "marker-color": "#818181"}}, {"type": "Feature", "geometry": {"type": "Point", "coordinates": [2.343933, 48.831242]}, "properties": {"numparc": 1478, "etat de la localisation": "autre", "ID BDGEO": "377", "horodatage": "2022-06-19 21:30:41", "distance (en metres)": 714.76, "station": "DENFERT-ROCHEREAU#", "marker-color": "#818181"}}, {"type": "Feature", "geometry": {"type": "Point", "coordinates": [2.406363, 48.84795]}, "properties": {"numparc": 7396, "etat de la localisation": "autre", "ID BDGEO": "377", "horodatage": "2022-06-19 21:30:57", "distance (en metres)": 5489.42, "station": "DENFERT-ROCHEREAU#", "marker-color": "#818181"}}, {"type": "Feature", "geometry": {"type": "Point", "coordinates": [2.379132, 48.831921]}, "properties": {"numparc": 614, "etat de la localisation": "autre", "ID BDGEO": "122", "horodatage": "2022-06-19 21:30:58", "distance (en metres)": 1550.28, "station": "DOCTEUR GOUJON-REUILLY", "marker-color": "#818181"}}, {"type": "Feature", "geometry": {"type": "Point", "coordinates": [2.405667, 48.844421]}, "properties": {"numparc": 7396, "etat de la localisation": "autre", "ID BDGEO": "377", "horodatage": "2022-06-19 21:32:40", "distance (en metres)": 5337.06, "station": "DENFERT-ROCHEREAU#", "marker-color": "#818181"}}, {"type": "Feature", "geometry": {"type": "Point", "coordinates": [2.376772, 48.830307]}, "properties": {"numparc": 614, "etat de la localisation": "autre", "ID BDGEO": "122", "horodatage": "2022-06-19 21:32:45", "distance (en metres)": 1793.91, "station": "DOCTEUR GOUJON-REUILLY", "marker-color": "#818181"}}, {"type": "Feature", "geometry": {"type": "Point", "coordinates": [2.333638, 48.834164]}, "properties": {"numparc": 1478, "etat de la localisation": "autre", "ID BDGEO": "377", "horodatage": "2022-06-19 21:33:03", "distance (en metres)": 119.61, "station": "DENFERT-ROCHEREAU#", "marker-color": "#818181"}}, {"type": "Feature", "geometry": {"type": "Point", "coordinates": [2.405132, 48.84248]}, "properties": {"numparc": 7396, "etat de la localisation": "autre", "ID BDGEO": "377", "horodatage": "2022-06-19 21:33:56", "distance (en metres)": 5253.11, "station": "DENFERT-ROCHEREAU#", "marker-color": "#818181"}}, {"type": "Feature", "geometry": {"type": "Point", "coordinates": [2.403991, 48.839787]}, "properties": {"numparc": 7396, "etat de la localisation": "autre", "ID BDGEO": "377", "horodatage": "2022-06-19 21:35:33", "distance (en metres)": 5120.97, "station": "DENFERT-ROCHEREAU#", "marker-color": "#818181"}}, {"type": "Feature", "geometry": {"type": "Point", "coordinates": [2.399433, 48.839642]}, "properties": {"numparc": 7396, "etat de la localisation": "autre", "ID BDGEO": "377", "horodatage": "2022-06-19 21:38:03", "distance (en metres)": 4788.49, "station": "DENFERT-ROCHEREAU#", "marker-color": "#818181"}}, {"type": "Feature", "geometry": {"type": "Point", "coordinates": [2.396695, 48.839642]}, "properties": {"numparc": 7396, "etat de la localisation": "autre", "ID BDGEO": "377", "horodatage": "2022-06-19 21:39:06", "distance (en metres)": 4590.34, "station": "DENFERT-ROCHEREAU#", "marker-color": "#818181"}}, {"type": "Feature", "geometry": {"type": "Point", "coordinates": [2.393871, 48.839005]}, "properties": {"numparc": 7396, "etat de la localisation": "autre", "ID BDGEO": "377", "horodatage": "2022-06-19 21:41:22", "distance (en metres)": 4375.48, "station": "DENFERT-ROCHEREAU#", "marker-color": "#818181"}}, {"type": "Feature", "geometry": {"type": "Point", "coordinates": [2.390592, 48.837234]}, "properties": {"numparc": 7396, "etat de la localisation": "autre", "ID BDGEO": "377", "horodatage": "2022-06-19 21:42:49", "distance (en metres)": 4112.91, "station": "DENFERT-ROCHEREAU#", "marker-color": "#818181"}}, {"type": "Feature", "geometry": {"type": "Point", "coordinates": [2.385946, 48.835629]}, "properties": {"numparc": 7396, "etat de la localisation": "autre", "ID BDGEO": "377", "horodatage": "2022-06-19 21:44:56", "distance (en metres)": 3758.72, "station": "DENFERT-ROCHEREAU#", "marker-color": "#818181"}}, {"type": "Feature", "geometry": {"type": "Point", "coordinates": [2.385947, 48.835625]}, "properties": {"numparc": 7396, "etat de la localisation": "autre", "ID BDGEO": "377", "horodatage": "2022-06-19 21:45:15", "distance (en metres)": 3758.77, "station": "DENFERT-ROCHEREAU#", "marker-color": "#818181"}}, {"type": "Feature", "geometry": {"type": "Point", "coordinates": [2.408333, 48.87669]}, "properties": {"numparc": 1550, "etat de la localisation": "autre", "ID BDGEO": "220", "horodatage": "2022-06-19 21:46:26", "distance (en metres)": 1521.69, "station": "GAMBETTA-PYRENEES", "marker-color": "#818181"}}, {"type": "Feature", "geometry": {"type": "Point", "coordinates": [2.382959, 48.834053]}, "properties": {"numparc": 7396, "etat de la localisation": "autre", "ID BDGEO": "377", "horodatage": "2022-06-19 21:46:43", "distance (en metres)": 3532.47, "station": "DENFERT-ROCHEREAU#", "marker-color": "#818181"}}, {"type": "Feature", "geometry": {"type": "Point", "coordinates": [2.375788, 48.830109]}, "properties": {"numparc": 7396, "etat de la localisation": "autre", "ID BDGEO": "377", "horodatage": "2022-06-19 21:50:11", "distance (en metres)": 3028.39, "station": "DENFERT-ROCHEREAU#", "marker-color": "#818181"}}, {"type": "Feature", "geometry": {"type": "Point", "coordinates": [2.405608, 48.874763]}, "properties": {"numparc": 1550, "etat de la localisation": "autre", "ID BDGEO": "377", "horodatage": "2022-06-19 21:50:27", "distance (en metres)": 6936.31, "station": "DENFERT-ROCHEREAU#", "marker-color": "#818181"}}, {"type": "Feature", "geometry": {"type": "Point", "coordinates": [2.4047, 48.87236]}, "properties": {"numparc": 1550, "etat de la localisation": "autre", "ID BDGEO": "377", "horodatage": "2022-06-19 21:51:18", "distance (en metres)": 6711.12, "station": "DENFERT-ROCHEREAU#", "marker-color": "#818181"}}, {"type": "Feature", "geometry": {"type": "Point", "coordinates": [2.401406, 48.867973]}, "properties": {"numparc": 1550, "etat de la localisation": "autre", "ID BDGEO": "377", "horodatage": "2022-06-19 21:52:46", "distance (en metres)": 6215.87, "station": "DENFERT-ROCHEREAU#", "marker-color": "#818181"}}, {"type": "Feature", "geometry": {"type": "Point", "coordinates": [2.370673, 48.827583]}, "properties": {"numparc": 7396, "etat de la localisation": "autre", "ID BDGEO": "377", "horodatage": "2022-06-19 21:52:59", "distance (en metres)": 2709.51, "station": "DENFERT-ROCHEREAU#", "marker-color": "#818181"}}, {"type": "Feature", "geometry": {"type": "Point", "coordinates": [2.399472, 48.865738]}, "properties": {"numparc": 1550, "etat de la localisation": "autre", "ID BDGEO": "377", "horodatage": "2022-06-19 21:53:40", "distance (en metres)": 5951.88, "station": "DENFERT-ROCHEREAU#", "marker-color": "#818181"}}, {"type": "Feature", "geometry": {"type": "Point", "coordinates": [2.367697, 48.827179]}, "properties": {"numparc": 7396, "etat de la localisation": "autre", "ID BDGEO": "377", "horodatage": "2022-06-19 21:54:29", "distance (en metres)": 2510.33, "station": "DENFERT-ROCHEREAU#", "marker-color": "#818181"}}, {"type": "Feature", "geometry": {"type": "Point", "coordinates": [2.398875, 48.864483]}, "properties": {"numparc": 1550, "etat de la localisation": "autre", "ID BDGEO": "377", "horodatage": "2022-06-19 21:55:17", "distance (en metres)": 5833.32, "station": "DENFERT-ROCHEREAU#", "marker-color": "#818181"}}, {"type": "Feature", "geometry": {"type": "Point", "coordinates": [2.406334, 48.851254]}, "properties": {"numparc": 614, "etat de la localisation": "autre", "ID BDGEO": "226", "horodatage": "2022-06-19 21:55:27", "distance (en metres)": 123.29, "station": "LA PLAINE", "marker-color": "#818181"}}, {"type": "Feature", "geometry": {"type": "Point", "coordinates": [2.364511, 48.82674]}, "properties": {"numparc": 7396, "etat de la localisation": "autre", "ID BDGEO": "377", "horodatage": "2022-06-19 21:55:46", "distance (en metres)": 2302.01, "station": "DENFERT-ROCHEREAU#", "marker-color": "#818181"}}, {"type": "Feature", "geometry": {"type": "Point", "coordinates": [2.406056, 48.85305]}, "properties": {"numparc": 614, "etat de la localisation": "autre", "ID BDGEO": "225", "horodatage": "2022-06-19 21:56:48", "distance (en metres)": 77.23, "station": "MARAICHERS", "marker-color": "#818181"}}, {"type": "Feature", "geometry": {"type": "Point", "coordinates": [2.402367, 48.859039]}, "properties": {"numparc": 1550, "etat de la localisation": "autre", "ID BDGEO": "377", "horodatage": "2022-06-19 21:56:54", "distance (en metres)": 5715.83, "station": "DENFERT-ROCHEREAU#", "marker-color": "#818181"}}, {"type": "Feature", "geometry": {"type": "Point", "coordinates": [2.360778, 48.826256]}, "properties": {"numparc": 7396, "etat de la localisation": "autre", "ID BDGEO": "377", "horodatage": "2022-06-19 21:57:34", "distance (en metres)": 2064.92, "station": "DENFERT-ROCHEREAU#", "marker-color": "#818181"}}, {"type": "Feature", "geometry": {"type": "Point", "coordinates": [2.405035, 48.856037]}, "properties": {"numparc": 1550, "etat de la localisation": "autre", "ID BDGEO": "377", "horodatage": "2022-06-19 21:58:12", "distance (en metres)": 5731.31, "station": "DENFERT-ROCHEREAU#", "marker-color": "#818181"}}, {"type": "Feature", "geometry": {"type": "Point", "coordinates": [2.358952, 48.82745]}, "properties": {"numparc": 7396, "etat de la localisation": "autre", "ID BDGEO": "377", "horodatage": "2022-06-19 21:58:38", "distance (en metres)": 1892.01, "station": "DENFERT-ROCHEREAU#", "marker-color": "#818181"}}, {"type": "Feature", "geometry": {"type": "Point", "coordinates": [2.404759, 48.856544]}, "properties": {"numparc": 614, "etat de la localisation": "autre", "ID BDGEO": "224", "horodatage": "2022-06-19 21:59:01", "distance (en metres)": 63.93, "station": "ORTEAUX", "marker-color": "#818181"}}, {"type": "Feature", "geometry": {"type": "Point", "coordinates": [2.406092, 48.852371]}, "properties": {"numparc": 1550, "etat de la localisation": "autre", "ID BDGEO": "377", "horodatage": "2022-06-19 21:59:33", "distance (en metres)": 5635.73, "station": "DENFERT-ROCHEREAU#", "marker-color": "#818181"}}, {"type": "Feature", "geometry": {"type": "Point", "coordinates": [2.356571, 48.830349]}, "properties": {"numparc": 7396, "etat de la localisation": "autre", "ID BDGEO": "377", "horodatage": "2022-06-19 22:00:19", "distance (en metres)": 1634.68, "station": "DENFERT-ROCHEREAU#", "marker-color": "#818181"}}, {"type": "Feature", "geometry": {"type": "Point", "coordinates": [2.401656, 48.85952]}, "properties": {"numparc": 614, "etat de la localisation": "autre", "ID BDGEO": "223", "horodatage": "2022-06-19 22:01:11", "distance (en metres)": 65.58, "station": "PYRENEES-BAGNOLET", "marker-color": "#818181"}}, {"type": "Feature", "geometry": {"type": "Point", "coordinates": [2.406292, 48.847965]}, "properties": {"numparc": 1550, "etat de la localisation": "autre", "ID BDGEO": "377", "horodatage": "2022-06-19 22:01:13", "distance (en metres)": 5484.96, "station": "DENFERT-ROCHEREAU#", "marker-color": "#818181"}}, {"type": "Feature", "geometry": {"type": "Point", "coordinates": [2.35412, 48.831165]}, "properties": {"numparc": 7396, "etat de la localisation": "autre", "ID BDGEO": "377", "horodatage": "2022-06-19 22:02:30", "distance (en metres)": 1441.45, "station": "DENFERT-ROCHEREAU#", "marker-color": "#818181"}}, {"type": "Feature", "geometry": {"type": "Point", "coordinates": [2.400133, 48.862103]}, "properties": {"numparc": 614, "etat de la localisation": "autre", "ID BDGEO": "222", "horodatage": "2022-06-19 22:02:49", "distance (en metres)": 66.31, "station": "RAMUS", "marker-color": "#818181"}}, {"type": "Feature", "geometry": {"type": "Point", "coordinates": [2.405096, 48.842499]}, "properties": {"numparc": 1550, "etat de la localisation": "autre", "ID BDGEO": "377", "horodatage": "2022-06-19 22:02:58", "distance (en metres)": 5250.93, "station": "DENFERT-ROCHEREAU#", "marker-color": "#818181"}}, {"type": "Feature", "geometry": {"type": "Point", "coordinates": [2.404028, 48.839779]}, "properties": {"numparc": 1550, "etat de la localisation": "autre", "ID BDGEO": "377", "horodatage": "2022-06-19 22:03:53", "distance (en metres)": 5123.53, "station": "DENFERT-ROCHEREAU#", "marker-color": "#818181"}}, {"type": "Feature", "geometry": {"type": "Point", "coordinates": [2.348906, 48.829845]}, "properties": {"numparc": 7396, "etat de la localisation": "autre", "ID BDGEO": "377", "horodatage": "2022-06-19 22:03:58", "distance (en metres)": 1109.9, "station": "DENFERT-ROCHEREAU#", "marker-color": "#818181"}}, {"type": "Feature", "geometry": {"type": "Point", "coordinates": [2.343997, 48.83123]}, "properties": {"numparc": 7396, "etat de la localisation": "autre", "ID BDGEO": "377", "horodatage": "2022-06-19 22:05:45", "distance (en metres)": 719.6, "station": "DENFERT-ROCHEREAU#", "marker-color": "#818181"}}, {"type": "Feature", "geometry": {"type": "Point", "coordinates": [2.396675, 48.839661]}, "properties": {"numparc": 1550, "etat de la localisation": "autre", "ID BDGEO": "377", "horodatage": "2022-06-19 22:06:05", "distance (en metres)": 4589.24, "station": "DENFERT-ROCHEREAU#", "marker-color": "#818181"}}, {"type": "Feature", "geometry": {"type": "Point", "coordinates": [2.393882, 48.839031]}, "properties": {"numparc": 1550, "etat de la localisation": "autre", "ID BDGEO": "377", "horodatage": "2022-06-19 22:07:19", "distance (en metres)": 4376.7, "station": "DENFERT-ROCHEREAU#", "marker-color": "#818181"}}, {"type": "Feature", "geometry": {"type": "Point", "coordinates": [2.339149, 48.832569]}, "properties": {"numparc": 7396, "etat de la localisation": "autre", "ID BDGEO": "377", "horodatage": "2022-06-19 22:07:28", "distance (en metres)": 336.43, "station": "DENFERT-ROCHEREAU#", "marker-color": "#818181"}}, {"type": "Feature", "geometry": {"type": "Point", "coordinates": [2.327889, 48.823631]}, "properties": {"numparc": 1466, "etat de la localisation": "Delocalise", "ID BDGEO": "379", "horodatage": "2022-06-19 22:07:40", "distance (en metres)": 1190.05, "station": "DENFERT-ROCHEREAU.", "marker-color": "#FF565E"}}, {"type": "Feature", "geometry": {"type": "Point", "coordinates": [2.401938, 48.868866]}, "properties": {"numparc": 614, "etat de la localisation": "autre", "ID BDGEO": "220", "horodatage": "2022-06-19 22:08:21", "distance (en metres)": 534.34, "station": "GAMBETTA-PYRENEES", "marker-color": "#818181"}}, {"type": "Feature", "geometry": {"type": "Point", "coordinates": [2.333725, 48.834068]}, "properties": {"numparc": 7396, "etat de la localisation": "autre", "ID BDGEO": "377", "horodatage": "2022-06-19 22:09:08", "distance (en metres)": 107.45, "station": "DENFERT-ROCHEREAU#", "marker-color": "#818181"}}, {"type": "Feature", "geometry": {"type": "Point", "coordinates": [2.390702, 48.837227]}, "properties": {"numparc": 1550, "etat de la localisation": "autre", "ID BDGEO": "377", "horodatage": "2022-06-19 22:09:11", "distance (en metres)": 4120.81, "station": "DENFERT-ROCHEREAU#", "marker-color": "#818181"}}, {"type": "Feature", "geometry": {"type": "Point", "coordinates": [2.404198, 48.871403]}, "properties": {"numparc": 614, "etat de la localisation": "autre", "ID BDGEO": "220", "horodatage": "2022-06-19 22:09:56", "distance (en metres)": 860.56, "station": "GAMBETTA-PYRENEES", "marker-color": "#818181"}}, {"type": "Feature", "geometry": {"type": "Point", "coordinates": [2.385958, 48.835648]}, "properties": {"numparc": 1550, "etat de la localisation": "autre", "ID BDGEO": "377", "horodatage": "2022-06-19 22:11:23", "distance (en metres)": 3759.74, "station": "DENFERT-ROCHEREAU#", "marker-color": "#818181"}}, {"type": "Feature", "geometry": {"type": "Point", "coordinates": [2.406476, 48.876808]}, "properties": {"numparc": 614, "etat de la localisation": "autre", "ID BDGEO": "220", "horodatage": "2022-06-19 22:12:07", "distance (en metres)": 1476.5, "station": "GAMBETTA-PYRENEES", "marker-color": "#818181"}}, {"type": "Feature", "geometry": {"type": "Point", "coordinates": [2.328463, 48.823685]}, "properties": {"numparc": 1466, "etat de la localisation": "Delocalise", "ID BDGEO": "379", "horodatage": "2022-06-19 22:12:29", "distance (en metres)": 1170.1, "station": "DENFERT-ROCHEREAU.", "marker-color": "#FF565E"}}, {"type": "Feature", "geometry": {"type": "Point", "coordinates": [2.333931, 48.833649]}, "properties": {"numparc": 7396, "etat de la localisation": "autre", "ID BDGEO": "348", "horodatage": "2022-06-19 22:13:06", "distance (en metres)": 80.94, "station": "DENFERT-ROCHEREAU", "marker-color": "#818181"}}, {"type": "Feature", "geometry": {"type": "Point", "coordinates": [2.408374, 48.876675]}, "properties": {"numparc": 614, "etat de la localisation": "autre", "ID BDGEO": "377", "horodatage": "2022-06-19 22:14:59", "distance (en metres)": 7228.7, "station": "DENFERT-ROCHEREAU#", "marker-color": "#818181"}}, {"type": "Feature", "geometry": {"type": "Point", "coordinates": [2.375837, 48.830078]}, "properties": {"numparc": 1550, "etat de la localisation": "autre", "ID BDGEO": "377", "horodatage": "2022-06-19 22:16:36", "distance (en metres)": 3032.37, "station": "DENFERT-ROCHEREAU#", "marker-color": "#818181"}}, {"type": "Feature", "geometry": {"type": "Point", "coordinates": [2.37064, 48.827595]}, "properties": {"numparc": 1550, "etat de la localisation": "autre", "ID BDGEO": "377", "horodatage": "2022-06-19 22:18:00", "distance (en metres)": 2706.88, "station": "DENFERT-ROCHEREAU#", "marker-color": "#818181"}}, {"type": "Feature", "geometry": {"type": "Point", "coordinates": [2.367651, 48.827232]}, "properties": {"numparc": 1550, "etat de la localisation": "autre", "ID BDGEO": "377", "horodatage": "2022-06-19 22:18:45", "distance (en metres)": 2505.47, "station": "DENFERT-ROCHEREAU#", "marker-color": "#818181"}}, {"type": "Feature", "geometry": {"type": "Point", "coordinates": [2.364486, 48.826805]}, "properties": {"numparc": 1550, "etat de la localisation": "autre", "ID BDGEO": "377", "horodatage": "2022-06-19 22:19:26", "distance (en metres)": 2297.98, "station": "DENFERT-ROCHEREAU#", "marker-color": "#818181"}}, {"type": "Feature", "geometry": {"type": "Point", "coordinates": [2.360771, 48.826321]}, "properties": {"numparc": 1550, "etat de la localisation": "autre", "ID BDGEO": "377", "horodatage": "2022-06-19 22:20:23", "distance (en metres)": 2061.69, "station": "DENFERT-ROCHEREAU#", "marker-color": "#818181"}}, {"type": "Feature", "geometry": {"type": "Point", "coordinates": [2.408374, 48.876675]}, "properties": {"numparc": 614, "etat de la localisation": "autre", "ID BDGEO": "377", "horodatage": "2022-06-19 22:21:45", "distance (en metres)": 7228.7, "station": "DENFERT-ROCHEREAU#", "marker-color": "#818181"}}, {"type": "Feature", "geometry": {"type": "Point", "coordinates": [2.358916, 48.827538]}, "properties": {"numparc": 1550, "etat de la localisation": "autre", "ID BDGEO": "377", "horodatage": "2022-06-19 22:21:57", "distance (en metres)": 1886.17, "station": "DENFERT-ROCHEREAU#", "marker-color": "#818181"}}, {"type": "Feature", "geometry": {"type": "Point", "coordinates": [2.356553, 48.830402]}, "properties": {"numparc": 1550, "etat de la localisation": "autre", "ID BDGEO": "377", "horodatage": "2022-06-19 22:23:21", "distance (en metres)": 1632.19, "station": "DENFERT-ROCHEREAU#", "marker-color": "#818181"}}, {"type": "Feature", "geometry": {"type": "Point", "coordinates": [2.354087, 48.831165]}, "properties": {"numparc": 1550, "etat de la localisation": "autre", "ID BDGEO": "377", "horodatage": "2022-06-19 22:26:09", "distance (en metres)": 1439.08, "station": "DENFERT-ROCHEREAU#", "marker-color": "#818181"}}, {"type": "Feature", "geometry": {"type": "Point", "coordinates": [2.407538, 48.876472]}, "properties": {"numparc": 614, "etat de la localisation": "autre", "ID BDGEO": "377", "horodatage": "2022-06-19 22:29:22", "distance (en metres)": 7168.16, "station": "DENFERT-ROCHEREAU#", "marker-color": "#818181"}}, {"type": "Feature", "geometry": {"type": "Point", "coordinates": [2.33361, 48.834122]}, "properties": {"numparc": 1550, "etat de la localisation": "autre", "ID BDGEO": "377", "horodatage": "2022-06-19 22:30:06", "distance (en metres)": 117.52, "station": "DENFERT-ROCHEREAU#", "marker-color": "#818181"}}, {"type": "Feature", "geometry": {"type": "Point", "coordinates": [2.406307, 48.876644]}, "properties": {"numparc": 614, "etat de la localisation": "autre", "ID BDGEO": "377", "horodatage": "2022-06-19 22:31:02", "distance (en metres)": 7114.36, "station": "DENFERT-ROCHEREAU#", "marker-color": "#818181"}}, {"type": "Feature", "geometry": {"type": "Point", "coordinates": [2.334416, 48.833523]}, "properties": {"numparc": 1550, "etat de la localisation": "autre", "ID BDGEO": "348", "horodatage": "2022-06-19 22:31:06", "distance (en metres)": 43.38, "station": "DENFERT-ROCHEREAU", "marker-color": "#818181"}}, {"type": "Feature", "geometry": {"type": "Point", "coordinates": [2.405656, 48.874882]}, "properties": {"numparc": 614, "etat de la localisation": "autre", "ID BDGEO": "377", "horodatage": "2022-06-19 22:32:26", "distance (en metres)": 6947.67, "station": "DENFERT-ROCHEREAU#", "marker-color": "#818181"}}, {"type": "Feature", "geometry": {"type": "Point", "coordinates": [2.405656, 48.874882]}, "properties": {"numparc": 614, "etat de la localisation": "autre", "ID BDGEO": "377", "horodatage": "2022-06-19 22:32:30", "distance (en metres)": 6947.67, "station": "DENFERT-ROCHEREAU#", "marker-color": "#818181"}}, {"type": "Feature", "geometry": {"type": "Point", "coordinates": [2.401233, 48.868]}, "properties": {"numparc": 614, "etat de la localisation": "autre", "ID BDGEO": "377", "horodatage": "2022-06-19 22:35:48", "distance (en metres)": 6207.78, "station": "DENFERT-ROCHEREAU#", "marker-color": "#818181"}}, {"type": "Feature", "geometry": {"type": "Point", "coordinates": [2.399216, 48.865723]}, "properties": {"numparc": 614, "etat de la localisation": "autre", "ID BDGEO": "377", "horodatage": "2022-06-19 22:37:05", "distance (en metres)": 5935.94, "station": "DENFERT-ROCHEREAU#", "marker-color": "#818181"}}, {"type": "Feature", "geometry": {"type": "Point", "coordinates": [2.398898, 48.864452]}, "properties": {"numparc": 614, "etat de la localisation": "autre", "ID BDGEO": "377", "horodatage": "2022-06-19 22:38:02", "distance (en metres)": 5832.66, "station": "DENFERT-ROCHEREAU#", "marker-color": "#818181"}}, {"type": "Feature", "geometry": {"type": "Point", "coordinates": [2.400321, 48.861397]}, "properties": {"numparc": 614, "etat de la localisation": "autre", "ID BDGEO": "377", "horodatage": "2022-06-19 22:39:32", "distance (en metres)": 5725.01, "station": "DENFERT-ROCHEREAU#", "marker-color": "#818181"}}, {"type": "Feature", "geometry": {"type": "Point", "coordinates": [2.40243, 48.858971]}, "properties": {"numparc": 614, "etat de la localisation": "autre", "ID BDGEO": "377", "horodatage": "2022-06-19 22:41:03", "distance (en metres)": 5716.02, "station": "DENFERT-ROCHEREAU#", "marker-color": "#818181"}}, {"type": "Feature", "geometry": {"type": "Point", "coordinates": [2.405083, 48.855965]}, "properties": {"numparc": 614, "etat de la localisation": "autre", "ID BDGEO": "377", "horodatage": "2022-06-19 22:42:53", "distance (en metres)": 5730.92, "station": "DENFERT-ROCHEREAU#", "marker-color": "#818181"}}, {"type": "Feature", "geometry": {"type": "Point", "coordinates": [2.379323, 48.832005]}, "properties": {"numparc": 7396, "etat de la localisation": "autre", "ID BDGEO": "141", "horodatage": "2022-06-19 22:43:41", "distance (en metres)": 338.88, "station": "BIBLIOTHEQUE CHEVALERET", "marker-color": "#818181"}}, {"type": "Feature", "geometry": {"type": "Point", "coordinates": [2.406186, 48.852257]}, "properties": {"numparc": 614, "etat de la localisation": "autre", "ID BDGEO": "377", "horodatage": "2022-06-19 22:44:36", "distance (en metres)": 5637.37, "station": "DENFERT-ROCHEREAU#", "marker-color": "#818181"}}, {"type": "Feature", "geometry": {"type": "Point", "coordinates": [2.382884, 48.833992]}, "properties": {"numparc": 7396, "etat de la localisation": "autre", "ID BDGEO": "141", "horodatage": "2022-06-19 22:46:02", "distance (en metres)": 680.59, "station": "BIBLIOTHEQUE CHEVALERET", "marker-color": "#818181"}}, {"type": "Feature", "geometry": {"type": "Point", "coordinates": [2.406353, 48.847923]}, "properties": {"numparc": 614, "etat de la localisation": "autre", "ID BDGEO": "377", "horodatage": "2022-06-19 22:46:17", "distance (en metres)": 5487.85, "station": "DENFERT-ROCHEREAU#", "marker-color": "#818181"}}, {"type": "Feature", "geometry": {"type": "Point", "coordinates": [2.38594, 48.835606]}, "properties": {"numparc": 7396, "etat de la localisation": "autre", "ID BDGEO": "141", "horodatage": "2022-06-19 22:47:57", "distance (en metres)": 967.3, "station": "BIBLIOTHEQUE CHEVALERET", "marker-color": "#818181"}}, {"type": "Feature", "geometry": {"type": "Point", "coordinates": [2.405655, 48.844376]}, "properties": {"numparc": 614, "etat de la localisation": "autre", "ID BDGEO": "377", "horodatage": "2022-06-19 22:48:16", "distance (en metres)": 5335.02, "station": "DENFERT-ROCHEREAU#", "marker-color": "#818181"}}, {"type": "Feature", "geometry": {"type": "Point", "coordinates": [2.405095, 48.842426]}, "properties": {"numparc": 614, "etat de la localisation": "autre", "ID BDGEO": "377", "horodatage": "2022-06-19 22:49:00", "distance (en metres)": 5249.31, "station": "DENFERT-ROCHEREAU#", "marker-color": "#818181"}}, {"type": "Feature", "geometry": {"type": "Point", "coordinates": [2.390635, 48.837204]}, "properties": {"numparc": 7396, "etat de la localisation": "autre", "ID BDGEO": "141", "horodatage": "2022-06-19 22:50:10", "distance (en metres)": 1347.89, "station": "BIBLIOTHEQUE CHEVALERET", "marker-color": "#818181"}}, {"type": "Feature", "geometry": {"type": "Point", "coordinates": [2.393593, 48.838943]}, "properties": {"numparc": 7396, "etat de la localisation": "autre", "ID BDGEO": "141", "horodatage": "2022-06-19 22:51:32", "distance (en metres)": 1637.02, "station": "BIBLIOTHEQUE CHEVALERET", "marker-color": "#818181"}}, {"type": "Feature", "geometry": {"type": "Point", "coordinates": [2.393661, 48.838966]}, "properties": {"numparc": 7396, "etat de la localisation": "autre", "ID BDGEO": "141", "horodatage": "2022-06-19 22:51:55", "distance (en metres)": 1642.52, "station": "BIBLIOTHEQUE CHEVALERET", "marker-color": "#818181"}}, {"type": "Feature", "geometry": {"type": "Point", "coordinates": [2.399377, 48.839626]}, "properties": {"numparc": 614, "etat de la localisation": "autre", "ID BDGEO": "377", "horodatage": "2022-06-19 22:52:33", "distance (en metres)": 4784.21, "station": "DENFERT-ROCHEREAU#", "marker-color": "#818181"}}, {"type": "Feature", "geometry": {"type": "Point", "coordinates": [2.396641, 48.839634]}, "properties": {"numparc": 614, "etat de la localisation": "autre", "ID BDGEO": "377", "horodatage": "2022-06-19 22:53:21", "distance (en metres)": 4586.32, "station": "DENFERT-ROCHEREAU#", "marker-color": "#818181"}}, {"type": "Feature", "geometry": {"type": "Point", "coordinates": [2.397112, 48.839577]}, "properties": {"numparc": 7396, "etat de la localisation": "autre", "ID BDGEO": "141", "horodatage": "2022-06-19 22:53:22", "distance (en metres)": 1887.53, "station": "BIBLIOTHEQUE CHEVALERET", "marker-color": "#818181"}}, {"type": "Feature", "geometry": {"type": "Point", "coordinates": [2.39939, 48.83963]}, "properties": {"numparc": 7396, "etat de la localisation": "autre", "ID BDGEO": "141", "horodatage": "2022-06-19 22:54:34", "distance (en metres)": 2030.88, "station": "BIBLIOTHEQUE CHEVALERET", "marker-color": "#818181"}}, {"type": "Feature", "geometry": {"type": "Point", "coordinates": [2.393861, 48.838989]}, "properties": {"numparc": 614, "etat de la localisation": "autre", "ID BDGEO": "377", "horodatage": "2022-06-19 22:54:38", "distance (en metres)": 4374.52, "station": "DENFERT-ROCHEREAU#", "marker-color": "#818181"}}, {"type": "Feature", "geometry": {"type": "Point", "coordinates": [2.379267, 48.831989]}, "properties": {"numparc": 7394, "etat de la localisation": "autre", "ID BDGEO": "141", "horodatage": "2022-06-19 22:54:45", "distance (en metres)": 334.64, "station": "BIBLIOTHEQUE CHEVALERET", "marker-color": "#818181"}}, {"type": "Feature", "geometry": {"type": "Point", "coordinates": [2.403412, 48.839756]}, "properties": {"numparc": 7396, "etat de la localisation": "autre", "ID BDGEO": "141", "horodatage": "2022-06-19 22:56:01", "distance (en metres)": 2293.41, "station": "BIBLIOTHEQUE CHEVALERET", "marker-color": "#818181"}}, {"type": "Feature", "geometry": {"type": "Point", "coordinates": [2.385844, 48.835594]}, "properties": {"numparc": 614, "etat de la localisation": "autre", "ID BDGEO": "377", "horodatage": "2022-06-19 22:57:20", "distance (en metres)": 3751.02, "station": "DENFERT-ROCHEREAU#", "marker-color": "#818181"}}, {"type": "Feature", "geometry": {"type": "Point", "coordinates": [2.385955, 48.83564]}, "properties": {"numparc": 7394, "etat de la localisation": "autre", "ID BDGEO": "141", "horodatage": "2022-06-19 22:57:26", "distance (en metres)": 970.58, "station": "BIBLIOTHEQUE CHEVALERET", "marker-color": "#818181"}}, {"type": "Feature", "geometry": {"type": "Point", "coordinates": [2.385955, 48.83564]}, "properties": {"numparc": 7394, "etat de la localisation": "autre", "ID BDGEO": "141", "horodatage": "2022-06-19 22:57:35", "distance (en metres)": 970.58, "station": "BIBLIOTHEQUE CHEVALERET", "marker-color": "#818181"}}, {"type": "Feature", "geometry": {"type": "Point", "coordinates": [2.405041, 48.842274]}, "properties": {"numparc": 7396, "etat de la localisation": "autre", "ID BDGEO": "141", "horodatage": "2022-06-19 22:57:42", "distance (en metres)": 2537.36, "station": "BIBLIOTHEQUE CHEVALERET", "marker-color": "#818181"}}, {"type": "Feature", "geometry": {"type": "Point", "coordinates": [2.405777, 48.845051]}, "properties": {"numparc": 7396, "etat de la localisation": "autre", "ID BDGEO": "141", "horodatage": "2022-06-19 22:58:44", "distance (en metres)": 2757.82, "station": "BIBLIOTHEQUE CHEVALERET", "marker-color": "#818181"}}, {"type": "Feature", "geometry": {"type": "Point", "coordinates": [2.390721, 48.837208]}, "properties": {"numparc": 7394, "etat de la localisation": "autre", "ID BDGEO": "141", "horodatage": "2022-06-19 22:59:17", "distance (en metres)": 1353.23, "station": "BIBLIOTHEQUE CHEVALERET", "marker-color": "#818181"}}, {"type": "Feature", "geometry": {"type": "Point", "coordinates": [2.383281, 48.834225]}, "properties": {"numparc": 614, "etat de la localisation": "autre", "ID BDGEO": "377", "horodatage": "2022-06-19 22:59:20", "distance (en metres)": 3556.5, "station": "DENFERT-ROCHEREAU#", "marker-color": "#818181"}}, {"type": "Feature", "geometry": {"type": "Point", "coordinates": [2.40646, 48.848103]}, "properties": {"numparc": 7396, "etat de la localisation": "autre", "ID BDGEO": "141", "horodatage": "2022-06-19 23:00:18", "distance (en metres)": 3012.24, "station": "BIBLIOTHEQUE CHEVALERET", "marker-color": "#818181"}}, {"type": "Feature", "geometry": {"type": "Point", "coordinates": [2.393699, 48.838932]}, "properties": {"numparc": 7394, "etat de la localisation": "autre", "ID BDGEO": "141", "horodatage": "2022-06-19 23:00:40", "distance (en metres)": 1642.45, "station": "BIBLIOTHEQUE CHEVALERET", "marker-color": "#818181"}}, {"type": "Feature", "geometry": {"type": "Point", "coordinates": [2.379076, 48.831909]}, "properties": {"numparc": 614, "etat de la localisation": "autre", "ID BDGEO": "377", "horodatage": "2022-06-19 23:00:57", "distance (en metres)": 3251.42, "station": "DENFERT-ROCHEREAU#", "marker-color": "#818181"}}, {"type": "Feature", "geometry": {"type": "Point", "coordinates": [2.375752, 48.830074]}, "properties": {"numparc": 614, "etat de la localisation": "autre", "ID BDGEO": "377", "horodatage": "2022-06-19 23:01:56", "distance (en metres)": 3026.23, "station": "DENFERT-ROCHEREAU#", "marker-color": "#818181"}}, {"type": "Feature", "geometry": {"type": "Point", "coordinates": [2.375665, 48.830009]}, "properties": {"numparc": 614, "etat de la localisation": "autre", "ID BDGEO": "377", "horodatage": "2022-06-19 23:02:26", "distance (en metres)": 3020.79, "station": "DENFERT-ROCHEREAU#", "marker-color": "#818181"}}, {"type": "Feature", "geometry": {"type": "Point", "coordinates": [2.397008, 48.839531]}, "properties": {"numparc": 7394, "etat de la localisation": "autre", "ID BDGEO": "141", "horodatage": "2022-06-19 23:02:29", "distance (en metres)": 1878.37, "station": "BIBLIOTHEQUE CHEVALERET", "marker-color": "#818181"}}, {"type": "Feature", "geometry": {"type": "Point", "coordinates": [2.406246, 48.851166]}, "properties": {"numparc": 7396, "etat de la localisation": "autre", "ID BDGEO": "141", "horodatage": "2022-06-19 23:03:07", "distance (en metres)": 3238.13, "station": "BIBLIOTHEQUE CHEVALERET", "marker-color": "#818181"}}, {"type": "Feature", "geometry": {"type": "Point", "coordinates": [2.399282, 48.839542]}, "properties": {"numparc": 7394, "etat de la localisation": "autre", "ID BDGEO": "141", "horodatage": "2022-06-19 23:03:21", "distance (en metres)": 2019.04, "station": "BIBLIOTHEQUE CHEVALERET", "marker-color": "#818181"}}, {"type": "Feature", "geometry": {"type": "Point", "coordinates": [2.370538, 48.827606]}, "properties": {"numparc": 614, "etat de la localisation": "autre", "ID BDGEO": "377", "horodatage": "2022-06-19 23:04:04", "distance (en metres)": 2699.32, "station": "DENFERT-ROCHEREAU#", "marker-color": "#818181"}}, {"type": "Feature", "geometry": {"type": "Point", "coordinates": [2.405957, 48.852947]}, "properties": {"numparc": 7396, "etat de la localisation": "autre", "ID BDGEO": "141", "horodatage": "2022-06-19 23:04:28", "distance (en metres)": 3370.49, "station": "BIBLIOTHEQUE CHEVALERET", "marker-color": "#818181"}}, {"type": "Feature", "geometry": {"type": "Point", "coordinates": [2.403336, 48.839725]}, "properties": {"numparc": 7394, "etat de la localisation": "autre", "ID BDGEO": "141", "horodatage": "2022-06-19 23:05:06", "distance (en metres)": 2286.91, "station": "BIBLIOTHEQUE CHEVALERET", "marker-color": "#818181"}}, {"type": "Feature", "geometry": {"type": "Point", "coordinates": [2.367589, 48.827198]}, "properties": {"numparc": 614, "etat de la localisation": "autre", "ID BDGEO": "377", "horodatage": "2022-06-19 23:05:17", "distance (en metres)": 2502.15, "station": "DENFERT-ROCHEREAU#", "marker-color": "#818181"}}, {"type": "Feature", "geometry": {"type": "Point", "coordinates": [2.404682, 48.856426]}, "properties": {"numparc": 7396, "etat de la localisation": "autre", "ID BDGEO": "141", "horodatage": "2022-06-19 23:06:01", "distance (en metres)": 3615.85, "station": "BIBLIOTHEQUE CHEVALERET", "marker-color": "#818181"}}, {"type": "Feature", "geometry": {"type": "Point", "coordinates": [2.364439, 48.826756]}, "properties": {"numparc": 614, "etat de la localisation": "autre", "ID BDGEO": "377", "horodatage": "2022-06-19 23:06:22", "distance (en metres)": 2296.48, "station": "DENFERT-ROCHEREAU#", "marker-color": "#818181"}}, {"type": "Feature", "geometry": {"type": "Point", "coordinates": [2.360416, 48.826206]}, "properties": {"numparc": 614, "etat de la localisation": "autre", "ID BDGEO": "377", "horodatage": "2022-06-19 23:07:19", "distance (en metres)": 2042.59, "station": "DENFERT-ROCHEREAU#", "marker-color": "#818181"}}, {"type": "Feature", "geometry": {"type": "Point", "coordinates": [2.405745, 48.845055]}, "properties": {"numparc": 7394, "etat de la localisation": "autre", "ID BDGEO": "141", "horodatage": "2022-06-19 23:07:26", "distance (en metres)": 2756.22, "station": "BIBLIOTHEQUE CHEVALERET", "marker-color": "#818181"}}, {"type": "Feature", "geometry": {"type": "Point", "coordinates": [2.37637, 48.830429]}, "properties": {"numparc": 1550, "etat de la localisation": "autre", "ID BDGEO": "141", "horodatage": "2022-06-19 23:07:56", "distance (en metres)": 60.71, "station": "BIBLIOTHEQUE CHEVALERET", "marker-color": "#818181"}}, {"type": "Feature", "geometry": {"type": "Point", "coordinates": [2.401632, 48.859455]}, "properties": {"numparc": 7396, "etat de la localisation": "autre", "ID BDGEO": "141", "horodatage": "2022-06-19 23:08:05", "distance (en metres)": 3777.15, "station": "BIBLIOTHEQUE CHEVALERET", "marker-color": "#818181"}}, {"type": "Feature", "geometry": {"type": "Point", "coordinates": [2.379276, 48.831982]}, "properties": {"numparc": 1550, "etat de la localisation": "autre", "ID BDGEO": "141", "horodatage": "2022-06-19 23:08:48", "distance (en metres)": 334.61, "station": "BIBLIOTHEQUE CHEVALERET", "marker-color": "#818181"}}, {"type": "Feature", "geometry": {"type": "Point", "coordinates": [2.358932, 48.827515]}, "properties": {"numparc": 614, "etat de la localisation": "autre", "ID BDGEO": "377", "horodatage": "2022-06-19 23:08:54", "distance (en metres)": 1888.14, "station": "DENFERT-ROCHEREAU#", "marker-color": "#818181"}}, {"type": "Feature", "geometry": {"type": "Point", "coordinates": [2.406465, 48.848148]}, "properties": {"numparc": 7394, "etat de la localisation": "autre", "ID BDGEO": "141", "horodatage": "2022-06-19 23:09:10", "distance (en metres)": 3015.91, "station": "BIBLIOTHEQUE CHEVALERET", "marker-color": "#818181"}}, {"type": "Feature", "geometry": {"type": "Point", "coordinates": [2.400072, 48.861973]}, "properties": {"numparc": 7396, "etat de la localisation": "autre", "ID BDGEO": "141", "horodatage": "2022-06-19 23:09:44", "distance (en metres)": 3969.34, "station": "BIBLIOTHEQUE CHEVALERET", "marker-color": "#818181"}}, {"type": "Feature", "geometry": {"type": "Point", "coordinates": [2.356651, 48.830406]}, "properties": {"numparc": 614, "etat de la localisation": "autre", "ID BDGEO": "377", "horodatage": "2022-06-19 23:09:58", "distance (en metres)": 1639.13, "station": "DENFERT-ROCHEREAU#", "marker-color": "#818181"}}, {"type": "Feature", "geometry": {"type": "Point", "coordinates": [2.40629, 48.851181]}, "properties": {"numparc": 7394, "etat de la localisation": "autre", "ID BDGEO": "141", "horodatage": "2022-06-19 23:10:30", "distance (en metres)": 3241.58, "station": "BIBLIOTHEQUE CHEVALERET", "marker-color": "#818181"}}, {"type": "Feature", "geometry": {"type": "Point", "coordinates": [2.398796, 48.864216]}, "properties": {"numparc": 7396, "etat de la localisation": "autre", "ID BDGEO": "141", "horodatage": "2022-06-19 23:10:56", "distance (en metres)": 4154.99, "station": "BIBLIOTHEQUE CHEVALERET", "marker-color": "#818181"}}, {"type": "Feature", "geometry": {"type": "Point", "coordinates": [2.382921, 48.833946]}, "properties": {"numparc": 1550, "etat de la localisation": "autre", "ID BDGEO": "141", "horodatage": "2022-06-19 23:10:59", "distance (en metres)": 679.42, "station": "BIBLIOTHEQUE CHEVALERET", "marker-color": "#818181"}}, {"type": "Feature", "geometry": {"type": "Point", "coordinates": [2.405994, 48.852951]}, "properties": {"numparc": 7394, "etat de la localisation": "autre", "ID BDGEO": "141", "horodatage": "2022-06-19 23:11:43", "distance (en metres)": 3372.58, "station": "BIBLIOTHEQUE CHEVALERET", "marker-color": "#818181"}}, {"type": "Feature", "geometry": {"type": "Point", "coordinates": [2.385893, 48.835625]}, "properties": {"numparc": 1550, "etat de la localisation": "autre", "ID BDGEO": "141", "horodatage": "2022-06-19 23:12:34", "distance (en metres)": 966.0, "station": "BIBLIOTHEQUE CHEVALERET", "marker-color": "#818181"}}, {"type": "Feature", "geometry": {"type": "Point", "coordinates": [2.404737, 48.856457]}, "properties": {"numparc": 7394, "etat de la localisation": "autre", "ID BDGEO": "141", "horodatage": "2022-06-19 23:13:06", "distance (en metres)": 3620.96, "station": "BIBLIOTHEQUE CHEVALERET", "marker-color": "#818181"}}, {"type": "Feature", "geometry": {"type": "Point", "coordinates": [2.354094, 48.831146]}, "properties": {"numparc": 614, "etat de la localisation": "autre", "ID BDGEO": "377", "horodatage": "2022-06-19 23:13:18", "distance (en metres)": 1439.94, "station": "DENFERT-ROCHEREAU#", "marker-color": "#818181"}}, {"type": "Feature", "geometry": {"type": "Point", "coordinates": [2.39074, 48.837193]}, "properties": {"numparc": 1550, "etat de la localisation": "autre", "ID BDGEO": "141", "horodatage": "2022-06-19 23:14:11", "distance (en metres)": 1353.36, "station": "BIBLIOTHEQUE CHEVALERET", "marker-color": "#818181"}}, {"type": "Feature", "geometry": {"type": "Point", "coordinates": [2.40174, 48.859482]}, "properties": {"numparc": 7394, "etat de la localisation": "autre", "ID BDGEO": "141", "horodatage": "2022-06-19 23:14:19", "distance (en metres)": 3783.69, "station": "BIBLIOTHEQUE CHEVALERET", "marker-color": "#818181"}}, {"type": "Feature", "geometry": {"type": "Point", "coordinates": [2.348812, 48.829861]}, "properties": {"numparc": 614, "etat de la localisation": "autre", "ID BDGEO": "377", "horodatage": "2022-06-19 23:14:31", "distance (en metres)": 1102.86, "station": "DENFERT-ROCHEREAU#", "marker-color": "#818181"}}, {"type": "Feature", "geometry": {"type": "Point", "coordinates": [2.401656, 48.86882]}, "properties": {"numparc": 7396, "etat de la localisation": "autre", "ID BDGEO": "141", "horodatage": "2022-06-19 23:15:19", "distance (en metres)": 4707.84, "station": "BIBLIOTHEQUE CHEVALERET", "marker-color": "#818181"}}, {"type": "Feature", "geometry": {"type": "Point", "coordinates": [2.400193, 48.862011]}, "properties": {"numparc": 7394, "etat de la localisation": "autre", "ID BDGEO": "141", "horodatage": "2022-06-19 23:15:39", "distance (en metres)": 3977.09, "station": "BIBLIOTHEQUE CHEVALERET", "marker-color": "#818181"}}, {"type": "Feature", "geometry": {"type": "Point", "coordinates": [2.343933, 48.831223]}, "properties": {"numparc": 614, "etat de la localisation": "autre", "ID BDGEO": "377", "horodatage": "2022-06-19 23:16:11", "distance (en metres)": 715.46, "station": "DENFERT-ROCHEREAU#", "marker-color": "#818181"}}, {"type": "Feature", "geometry": {"type": "Point", "coordinates": [2.397023, 48.839542]}, "properties": {"numparc": 1550, "etat de la localisation": "autre", "ID BDGEO": "141", "horodatage": "2022-06-19 23:16:27", "distance (en metres)": 1880.0, "station": "BIBLIOTHEQUE CHEVALERET", "marker-color": "#818181"}}, {"type": "Feature", "geometry": {"type": "Point", "coordinates": [2.39895, 48.864311]}, "properties": {"numparc": 7394, "etat de la localisation": "autre", "ID BDGEO": "141", "horodatage": "2022-06-19 23:16:38", "distance (en metres)": 4169.26, "station": "BIBLIOTHEQUE CHEVALERET", "marker-color": "#818181"}}, {"type": "Feature", "geometry": {"type": "Point", "coordinates": [2.403944, 48.871319]}, "properties": {"numparc": 7396, "etat de la localisation": "autre", "ID BDGEO": "141", "horodatage": "2022-06-19 23:16:56", "distance (en metres)": 5029.71, "station": "BIBLIOTHEQUE CHEVALERET", "marker-color": "#818181"}}, {"type": "Feature", "geometry": {"type": "Point", "coordinates": [2.339075, 48.832577]}, "properties": {"numparc": 614, "etat de la localisation": "autre", "ID BDGEO": "377", "horodatage": "2022-06-19 23:17:06", "distance (en metres)": 330.98, "station": "DENFERT-ROCHEREAU#", "marker-color": "#818181"}}, {"type": "Feature", "geometry": {"type": "Point", "coordinates": [2.399358, 48.8396]}, "properties": {"numparc": 1550, "etat de la localisation": "autre", "ID BDGEO": "141", "horodatage": "2022-06-19 23:17:21", "distance (en metres)": 2027.12, "station": "BIBLIOTHEQUE CHEVALERET", "marker-color": "#818181"}}, {"type": "Feature", "geometry": {"type": "Point", "coordinates": [2.405127, 48.8741]}, "properties": {"numparc": 7396, "etat de la localisation": "autre", "ID BDGEO": "141", "horodatage": "2022-06-19 23:18:18", "distance (en metres)": 5347.42, "station": "BIBLIOTHEQUE CHEVALERET", "marker-color": "#818181"}}, {"type": "Feature", "geometry": {"type": "Point", "coordinates": [2.40344, 48.839741]}, "properties": {"numparc": 1550, "etat de la localisation": "autre", "ID BDGEO": "141", "horodatage": "2022-06-19 23:18:39", "distance (en metres)": 2294.42, "station": "BIBLIOTHEQUE CHEVALERET", "marker-color": "#818181"}}, {"type": "Feature", "geometry": {"type": "Point", "coordinates": [2.333628, 48.834164]}, "properties": {"numparc": 614, "etat de la localisation": "autre", "ID BDGEO": "377", "horodatage": "2022-06-19 23:18:55", "distance (en metres)": 120.09, "station": "DENFERT-ROCHEREAU#", "marker-color": "#818181"}}, {"type": "Feature", "geometry": {"type": "Point", "coordinates": [2.406166, 48.876537]}, "properties": {"numparc": 7396, "etat de la localisation": "autre", "ID BDGEO": "141", "horodatage": "2022-06-19 23:19:20", "distance (en metres)": 5626.29, "station": "BIBLIOTHEQUE CHEVALERET", "marker-color": "#818181"}}, {"type": "Feature", "geometry": {"type": "Point", "coordinates": [2.405781, 48.84502]}, "properties": {"numparc": 1550, "etat de la localisation": "autre", "ID BDGEO": "141", "horodatage": "2022-06-19 23:20:23", "distance (en metres)": 2756.01, "station": "BIBLIOTHEQUE CHEVALERET", "marker-color": "#818181"}}, {"type": "Feature", "geometry": {"type": "Point", "coordinates": [2.401814, 48.868855]}, "properties": {"numparc": 7394, "etat de la localisation": "autre", "ID BDGEO": "141", "horodatage": "2022-06-19 23:21:15", "distance (en metres)": 4715.99, "station": "BIBLIOTHEQUE CHEVALERET", "marker-color": "#818181"}}, {"type": "Feature", "geometry": {"type": "Point", "coordinates": [2.408647, 48.877197]}, "properties": {"numparc": 7396, "etat de la localisation": "autre", "ID BDGEO": "361", "horodatage": "2022-06-19 23:21:17", "distance (en metres)": 89.07, "station": "PORTE DES LILAS", "marker-color": "#818181"}}, {"type": "Feature", "geometry": {"type": "Point", "coordinates": [2.406485, 48.848118]}, "properties": {"numparc": 1550, "etat de la localisation": "autre", "ID BDGEO": "141", "horodatage": "2022-06-19 23:21:59", "distance (en metres)": 3014.74, "station": "BIBLIOTHEQUE CHEVALERET", "marker-color": "#818181"}}, {"type": "Feature", "geometry": {"type": "Point", "coordinates": [2.404086, 48.871262]}, "properties": {"numparc": 7394, "etat de la localisation": "autre", "ID BDGEO": "141", "horodatage": "2022-06-19 23:22:32", "distance (en metres)": 5028.19, "station": "BIBLIOTHEQUE CHEVALERET", "marker-color": "#818181"}}, {"type": "Feature", "geometry": {"type": "Point", "coordinates": [2.334484, 48.833496]}, "properties": {"numparc": 614, "etat de la localisation": "autre", "ID BDGEO": "346", "horodatage": "2022-06-19 23:22:37", "distance (en metres)": 5592.22, "station": "LAGNY SORTIE#", "marker-color": "#818181"}}, {"type": "Feature", "geometry": {"type": "Point", "coordinates": [2.334484, 48.833496]}, "properties": {"numparc": 614, "etat de la localisation": "autre", "ID BDGEO": "346", "horodatage": "2022-06-19 23:22:51", "distance (en metres)": 5592.22, "station": "LAGNY SORTIE#", "marker-color": "#818181"}}, {"type": "Feature", "geometry": {"type": "Point", "coordinates": [2.40603, 48.85297]}, "properties": {"numparc": 1550, "etat de la localisation": "autre", "ID BDGEO": "141", "horodatage": "2022-06-19 23:24:20", "distance (en metres)": 3375.91, "station": "BIBLIOTHEQUE CHEVALERET", "marker-color": "#818181"}}, {"type": "Feature", "geometry": {"type": "Point", "coordinates": [2.406418, 48.876637]}, "properties": {"numparc": 7394, "etat de la localisation": "autre", "ID BDGEO": "141", "horodatage": "2022-06-19 23:24:54", "distance (en metres)": 5643.72, "station": "BIBLIOTHEQUE CHEVALERET", "marker-color": "#818181"}}, {"type": "Feature", "geometry": {"type": "Point", "coordinates": [2.404783, 48.856544]}, "properties": {"numparc": 1550, "etat de la localisation": "autre", "ID BDGEO": "141", "horodatage": "2022-06-19 23:25:54", "distance (en metres)": 3630.84, "station": "BIBLIOTHEQUE CHEVALERET", "marker-color": "#818181"}}, {"type": "Feature", "geometry": {"type": "Point", "coordinates": [2.401687, 48.85955]}, "properties": {"numparc": 1550, "etat de la localisation": "autre", "ID BDGEO": "141", "horodatage": "2022-06-19 23:26:58", "distance (en metres)": 3788.34, "station": "BIBLIOTHEQUE CHEVALERET", "marker-color": "#818181"}}, {"type": "Feature", "geometry": {"type": "Point", "coordinates": [2.408509, 48.877151]}, "properties": {"numparc": 7394, "etat de la localisation": "autre", "ID BDGEO": "377", "horodatage": "2022-06-19 23:28:19", "distance (en metres)": 7271.45, "station": "DENFERT-ROCHEREAU#", "marker-color": "#818181"}}, {"type": "Feature", "geometry": {"type": "Point", "coordinates": [2.398987, 48.864239]}, "properties": {"numparc": 1550, "etat de la localisation": "autre", "ID BDGEO": "141", "horodatage": "2022-06-19 23:28:38", "distance (en metres)": 4163.0, "station": "BIBLIOTHEQUE CHEVALERET", "marker-color": "#818181"}}, {"type": "Feature", "geometry": {"type": "Point", "coordinates": [2.398987, 48.864239]}, "properties": {"numparc": 1550, "etat de la localisation": "autre", "ID BDGEO": "141", "horodatage": "2022-06-19 23:28:47", "distance (en metres)": 4163.0, "station": "BIBLIOTHEQUE CHEVALERET", "marker-color": "#818181"}}, {"type": "Feature", "geometry": {"type": "Point", "coordinates": [2.408101, 48.876644]}, "properties": {"numparc": 7394, "etat de la localisation": "autre", "ID BDGEO": "377", "horodatage": "2022-06-19 23:29:05", "distance (en metres)": 7211.56, "station": "DENFERT-ROCHEREAU#", "marker-color": "#818181"}}, {"type": "Feature", "geometry": {"type": "Point", "coordinates": [2.407459, 48.849426]}, "properties": {"numparc": 7396, "etat de la localisation": "autre", "ID BDGEO": "346", "horodatage": "2022-06-19 23:30:25", "distance (en metres)": 52.03, "station": "LAGNY SORTIE#", "marker-color": "#818181"}}, {"type": "Feature", "geometry": {"type": "Point", "coordinates": [2.408101, 48.876644]}, "properties": {"numparc": 7394, "etat de la localisation": "autre", "ID BDGEO": "377", "horodatage": "2022-06-19 23:31:19", "distance (en metres)": 7211.56, "station": "DENFERT-ROCHEREAU#", "marker-color": "#818181"}}, {"type": "Feature", "geometry": {"type": "Point", "coordinates": [2.401858, 48.868858]}, "properties": {"numparc": 1550, "etat de la localisation": "autre", "ID BDGEO": "141", "horodatage": "2022-06-19 23:31:27", "distance (en metres)": 4717.69, "station": "BIBLIOTHEQUE CHEVALERET", "marker-color": "#818181"}}, {"type": "Feature", "geometry": {"type": "Point", "coordinates": [2.408101, 48.876644]}, "properties": {"numparc": 7394, "etat de la localisation": "autre", "ID BDGEO": "377", "horodatage": "2022-06-19 23:31:46", "distance (en metres)": 7211.56, "station": "DENFERT-ROCHEREAU#", "marker-color": "#818181"}}, {"type": "Feature", "geometry": {"type": "Point", "coordinates": [2.404104, 48.871304]}, "properties": {"numparc": 1550, "etat de la localisation": "autre", "ID BDGEO": "141", "horodatage": "2022-06-19 23:32:59", "distance (en metres)": 5032.98, "station": "BIBLIOTHEQUE CHEVALERET", "marker-color": "#818181"}}, {"type": "Feature", "geometry": {"type": "Point", "coordinates": [2.404104, 48.871304]}, "properties": {"numparc": 1550, "etat de la localisation": "autre", "ID BDGEO": "141", "horodatage": "2022-06-19 23:33:09", "distance (en metres)": 5032.98, "station": "BIBLIOTHEQUE CHEVALERET", "marker-color": "#818181"}}, {"type": "Feature", "geometry": {"type": "Point", "coordinates": [2.406402, 48.876682]}, "properties": {"numparc": 1550, "etat de la localisation": "autre", "ID BDGEO": "141", "horodatage": "2022-06-19 23:34:43", "distance (en metres)": 5647.93, "station": "BIBLIOTHEQUE CHEVALERET", "marker-color": "#818181"}}, {"type": "Feature", "geometry": {"type": "Point", "coordinates": [2.408453, 48.877163]}, "properties": {"numparc": 1550, "etat de la localisation": "autre", "ID BDGEO": "377", "horodatage": "2022-06-19 23:36:13", "distance (en metres)": 7269.26, "station": "DENFERT-ROCHEREAU#", "marker-color": "#818181"}}, {"type": "Feature", "geometry": {"type": "Point", "coordinates": [2.406327, 48.876686]}, "properties": {"numparc": 7394, "etat de la localisation": "autre", "ID BDGEO": "377", "horodatage": "2022-06-19 23:36:58", "distance (en metres)": 7118.6, "station": "DENFERT-ROCHEREAU#", "marker-color": "#818181"}}, {"type": "Feature", "geometry": {"type": "Point", "coordinates": [2.407856, 48.876587]}, "properties": {"numparc": 1550, "etat de la localisation": "autre", "ID BDGEO": "377", "horodatage": "2022-06-19 23:37:01", "distance (en metres)": 7193.97, "station": "DENFERT-ROCHEREAU#", "marker-color": "#818181"}}, {"type": "Feature", "geometry": {"type": "Point", "coordinates": [2.406328, 48.876682]}, "properties": {"numparc": 7394, "etat de la localisation": "autre", "ID BDGEO": "377", "horodatage": "2022-06-19 23:37:38", "distance (en metres)": 7118.36, "station": "DENFERT-ROCHEREAU#", "marker-color": "#818181"}}, {"type": "Feature", "geometry": {"type": "Point", "coordinates": [2.404666, 48.872459]}, "properties": {"numparc": 7394, "etat de la localisation": "autre", "ID BDGEO": "377", "horodatage": "2022-06-19 23:39:07", "distance (en metres)": 6716.35, "station": "DENFERT-ROCHEREAU#", "marker-color": "#818181"}}, {"type": "Feature", "geometry": {"type": "Point", "coordinates": [2.407856, 48.876587]}, "properties": {"numparc": 1550, "etat de la localisation": "autre", "ID BDGEO": "377", "horodatage": "2022-06-19 23:39:44", "distance (en metres)": 7193.97, "station": "DENFERT-ROCHEREAU#", "marker-color": "#818181"}}, {"type": "Feature", "geometry": {"type": "Point", "coordinates": [2.401263, 48.868134]}, "properties": {"numparc": 7394, "etat de la localisation": "autre", "ID BDGEO": "377", "horodatage": "2022-06-19 23:40:57", "distance (en metres)": 6218.72, "station": "DENFERT-ROCHEREAU#", "marker-color": "#818181"}}, {"type": "Feature", "geometry": {"type": "Point", "coordinates": [2.407856, 48.876587]}, "properties": {"numparc": 1550, "etat de la localisation": "autre", "ID BDGEO": "377", "horodatage": "2022-06-19 23:41:22", "distance (en metres)": 7193.97, "station": "DENFERT-ROCHEREAU#", "marker-color": "#818181"}}, {"type": "Feature", "geometry": {"type": "Point", "coordinates": [2.399225, 48.865829]}, "properties": {"numparc": 7394, "etat de la localisation": "autre", "ID BDGEO": "377", "horodatage": "2022-06-19 23:42:10", "distance (en metres)": 5943.68, "station": "DENFERT-ROCHEREAU#", "marker-color": "#818181"}}, {"type": "Feature", "geometry": {"type": "Point", "coordinates": [2.398839, 48.864517]}, "properties": {"numparc": 7394, "etat de la localisation": "autre", "ID BDGEO": "377", "horodatage": "2022-06-19 23:43:14", "distance (en metres)": 5833.47, "station": "DENFERT-ROCHEREAU#", "marker-color": "#818181"}}, {"type": "Feature", "geometry": {"type": "Point", "coordinates": [2.37719, 48.830872]}, "properties": {"numparc": 1478, "etat de la localisation": "autre", "ID BDGEO": "141", "horodatage": "2022-06-19 23:43:40", "distance (en metres)": 138.3, "station": "BIBLIOTHEQUE CHEVALERET", "marker-color": "#818181"}}, {"type": "Feature", "geometry": {"type": "Point", "coordinates": [2.400294, 48.861542]}, "properties": {"numparc": 7394, "etat de la localisation": "autre", "ID BDGEO": "377", "horodatage": "2022-06-19 23:44:21", "distance (en metres)": 5732.15, "station": "DENFERT-ROCHEREAU#", "marker-color": "#818181"}}, {"type": "Feature", "geometry": {"type": "Point", "coordinates": [2.379113, 48.831936]}, "properties": {"numparc": 1478, "etat de la localisation": "autre", "ID BDGEO": "141", "horodatage": "2022-06-19 23:44:25", "distance (en metres)": 322.18, "station": "BIBLIOTHEQUE CHEVALERET", "marker-color": "#818181"}}, {"type": "Feature", "geometry": {"type": "Point", "coordinates": [2.402341, 48.859062]}, "properties": {"numparc": 7394, "etat de la localisation": "autre", "ID BDGEO": "377", "horodatage": "2022-06-19 23:45:20", "distance (en metres)": 5715.44, "station": "DENFERT-ROCHEREAU#", "marker-color": "#818181"}}, {"type": "Feature", "geometry": {"type": "Point", "coordinates": [2.385705, 48.835518]}, "properties": {"numparc": 1478, "etat de la localisation": "autre", "ID BDGEO": "141", "horodatage": "2022-06-19 23:46:34", "distance (en metres)": 947.82, "station": "BIBLIOTHEQUE CHEVALERET", "marker-color": "#818181"}}, {"type": "Feature", "geometry": {"type": "Point", "coordinates": [2.404984, 48.856094]}, "properties": {"numparc": 7394, "etat de la localisation": "autre", "ID BDGEO": "377", "horodatage": "2022-06-19 23:46:53", "distance (en metres)": 5730.75, "station": "DENFERT-ROCHEREAU#", "marker-color": "#818181"}}, {"type": "Feature", "geometry": {"type": "Point", "coordinates": [2.4061, 48.852444]}, "properties": {"numparc": 7394, "etat de la localisation": "autre", "ID BDGEO": "377", "horodatage": "2022-06-19 23:48:26", "distance (en metres)": 5639.31, "station": "DENFERT-ROCHEREAU#", "marker-color": "#818181"}}, {"type": "Feature", "geometry": {"type": "Point", "coordinates": [2.401314, 48.867981]}, "properties": {"numparc": 1550, "etat de la localisation": "autre", "ID BDGEO": "377", "horodatage": "2022-06-19 23:48:43", "distance (en metres)": 6211.12, "station": "DENFERT-ROCHEREAU#", "marker-color": "#818181"}}, {"type": "Feature", "geometry": {"type": "Point", "coordinates": [2.406324, 48.850368]}, "properties": {"numparc": 7394, "etat de la localisation": "autre", "ID BDGEO": "377", "horodatage": "2022-06-19 23:49:49", "distance (en metres)": 5572.06, "station": "DENFERT-ROCHEREAU#", "marker-color": "#818181"}}, {"type": "Feature", "geometry": {"type": "Point", "coordinates": [2.398825, 48.864437]}, "properties": {"numparc": 1550, "etat de la localisation": "autre", "ID BDGEO": "377", "horodatage": "2022-06-19 23:49:54", "distance (en metres)": 5827.36, "station": "DENFERT-ROCHEREAU#", "marker-color": "#818181"}}, {"type": "Feature", "geometry": {"type": "Point", "coordinates": [2.406315, 48.848053]}, "properties": {"numparc": 7394, "etat de la localisation": "autre", "ID BDGEO": "377", "horodatage": "2022-06-19 23:51:04", "distance (en metres)": 5489.47, "station": "DENFERT-ROCHEREAU#", "marker-color": "#818181"}}, {"type": "Feature", "geometry": {"type": "Point", "coordinates": [2.400277, 48.861454]}, "properties": {"numparc": 1550, "etat de la localisation": "autre", "ID BDGEO": "377", "horodatage": "2022-06-19 23:51:52", "distance (en metres)": 5725.77, "station": "DENFERT-ROCHEREAU#", "marker-color": "#818181"}}, {"type": "Feature", "geometry": {"type": "Point", "coordinates": [2.405622, 48.844498]}, "properties": {"numparc": 7394, "etat de la localisation": "autre", "ID BDGEO": "377", "horodatage": "2022-06-19 23:52:24", "distance (en metres)": 5335.81, "station": "DENFERT-ROCHEREAU#", "marker-color": "#818181"}}, {"type": "Feature", "geometry": {"type": "Point", "coordinates": [2.402358, 48.85894]}, "properties": {"numparc": 1550, "etat de la localisation": "autre", "ID BDGEO": "377", "horodatage": "2022-06-19 23:52:57", "distance (en metres)": 5709.76, "station": "DENFERT-ROCHEREAU#", "marker-color": "#818181"}}, {"type": "Feature", "geometry": {"type": "Point", "coordinates": [2.40507, 48.842518]}, "properties": {"numparc": 7394, "etat de la localisation": "autre", "ID BDGEO": "377", "horodatage": "2022-06-19 23:53:12", "distance (en metres)": 5249.48, "station": "DENFERT-ROCHEREAU#", "marker-color": "#818181"}}, {"type": "Feature", "geometry": {"type": "Point", "coordinates": [2.405018, 48.85603]}, "properties": {"numparc": 1550, "etat de la localisation": "autre", "ID BDGEO": "377", "horodatage": "2022-06-19 23:53:56", "distance (en metres)": 5729.82, "station": "DENFERT-ROCHEREAU#", "marker-color": "#818181"}}, {"type": "Feature", "geometry": {"type": "Point", "coordinates": [2.40393, 48.839828]}, "properties": {"numparc": 7394, "etat de la localisation": "autre", "ID BDGEO": "377", "horodatage": "2022-06-19 23:54:36", "distance (en metres)": 5117.2, "station": "DENFERT-ROCHEREAU#", "marker-color": "#818181"}}, {"type": "Feature", "geometry": {"type": "Point", "coordinates": [2.404976, 48.842243]}, "properties": {"numparc": 1478, "etat de la localisation": "autre", "ID BDGEO": "141", "horodatage": "2022-06-19 23:54:39", "distance (en metres)": 2531.52, "station": "BIBLIOTHEQUE CHEVALERET", "marker-color": "#818181"}}, {"type": "Feature", "geometry": {"type": "Point", "coordinates": [2.406167, 48.852322]}, "properties": {"numparc": 1550, "etat de la localisation": "autre", "ID BDGEO": "377", "horodatage": "2022-06-19 23:55:23", "distance (en metres)": 5638.77, "station": "DENFERT-ROCHEREAU#", "marker-color": "#818181"}}, {"type": "Feature", "geometry": {"type": "Point", "coordinates": [2.40644, 48.850204]}, "properties": {"numparc": 1550, "etat de la localisation": "autre", "ID BDGEO": "377", "horodatage": "2022-06-19 23:56:08", "distance (en metres)": 5573.9, "station": "DENFERT-ROCHEREAU#", "marker-color": "#818181"}}, {"type": "Feature", "geometry": {"type": "Point", "coordinates": [2.406444, 48.848118]}, "properties": {"numparc": 1478, "etat de la localisation": "autre", "ID BDGEO": "141", "horodatage": "2022-06-19 23:56:10", "distance (en metres)": 3012.5, "station": "BIBLIOTHEQUE CHEVALERET", "marker-color": "#818181"}}, {"type": "Feature", "geometry": {"type": "Point", "coordinates": [2.406375, 48.84795]}, "properties": {"numparc": 1550, "etat de la localisation": "autre", "ID BDGEO": "377", "horodatage": "2022-06-19 23:56:58", "distance (en metres)": 5490.26, "station": "DENFERT-ROCHEREAU#", "marker-color": "#818181"}}, {"type": "Feature", "geometry": {"type": "Point", "coordinates": [2.406375, 48.84795]}, "properties": {"numparc": 1550, "etat de la localisation": "autre", "ID BDGEO": "377", "horodatage": "2022-06-19 23:57:06", "distance (en metres)": 5490.26, "station": "DENFERT-ROCHEREAU#", "marker-color": "#818181"}}, {"type": "Feature", "geometry": {"type": "Point", "coordinates": [2.396688, 48.839687]}, "properties": {"numparc": 7394, "etat de la localisation": "autre", "ID BDGEO": "377", "horodatage": "2022-06-19 23:57:15", "distance (en metres)": 4590.62, "station": "DENFERT-ROCHEREAU#", "marker-color": "#818181"}}, {"type": "Feature", "geometry": {"type": "Point", "coordinates": [2.405976, 48.852867]}, "properties": {"numparc": 1478, "etat de la localisation": "autre", "ID BDGEO": "141", "horodatage": "2022-06-19 23:57:43", "distance (en metres)": 3364.69, "station": "BIBLIOTHEQUE CHEVALERET", "marker-color": "#818181"}}, {"type": "Feature", "geometry": {"type": "Point", "coordinates": [2.401638, 48.859463]}, "properties": {"numparc": 1478, "etat de la localisation": "autre", "ID BDGEO": "141", "horodatage": "2022-06-20 00:00:05", "distance (en metres)": 3778.11, "station": "BIBLIOTHEQUE CHEVALERET", "marker-color": "#818181"}}, {"type": "Feature", "geometry": {"type": "Point", "coordinates": [2.385903, 48.835587]}, "properties": {"numparc": 7394, "etat de la localisation": "autre", "ID BDGEO": "377", "horodatage": "2022-06-20 00:00:39", "distance (en metres)": 3755.26, "station": "DENFERT-ROCHEREAU#", "marker-color": "#818181"}}, {"type": "Feature", "geometry": {"type": "Point", "coordinates": [2.393869, 48.839024]}, "properties": {"numparc": 1550, "etat de la localisation": "autre", "ID BDGEO": "377", "horodatage": "2022-06-20 00:01:34", "distance (en metres)": 4375.64, "station": "DENFERT-ROCHEREAU#", "marker-color": "#818181"}}, {"type": "Feature", "geometry": {"type": "Point", "coordinates": [2.398985, 48.86409]}, "properties": {"numparc": 1478, "etat de la localisation": "autre", "ID BDGEO": "141", "horodatage": "2022-06-20 00:01:42", "distance (en metres)": 4147.85, "station": "BIBLIOTHEQUE CHEVALERET", "marker-color": "#818181"}}, {"type": "Feature", "geometry": {"type": "Point", "coordinates": [2.390672, 48.837181]}, "properties": {"numparc": 1550, "etat de la localisation": "autre", "ID BDGEO": "377", "horodatage": "2022-06-20 00:02:46", "distance (en metres)": 4118.1, "station": "DENFERT-ROCHEREAU#", "marker-color": "#818181"}}, {"type": "Feature", "geometry": {"type": "Point", "coordinates": [2.375749, 48.830063]}, "properties": {"numparc": 7394, "etat de la localisation": "autre", "ID BDGEO": "377", "horodatage": "2022-06-20 00:03:38", "distance (en metres)": 3026.18, "station": "DENFERT-ROCHEREAU#", "marker-color": "#818181"}}, {"type": "Feature", "geometry": {"type": "Point", "coordinates": [2.379312, 48.832043]}, "properties": {"numparc": 614, "etat de la localisation": "autre", "ID BDGEO": "141", "horodatage": "2022-06-20 00:04:24", "distance (en metres)": 340.98, "station": "BIBLIOTHEQUE CHEVALERET", "marker-color": "#818181"}}, {"type": "Feature", "geometry": {"type": "Point", "coordinates": [2.370578, 48.827606]}, "properties": {"numparc": 7394, "etat de la localisation": "autre", "ID BDGEO": "377", "horodatage": "2022-06-20 00:05:04", "distance (en metres)": 2702.16, "station": "DENFERT-ROCHEREAU#", "marker-color": "#818181"}}, {"type": "Feature", "geometry": {"type": "Point", "coordinates": [2.401932, 48.868755]}, "properties": {"numparc": 1478, "etat de la localisation": "autre", "ID BDGEO": "141", "horodatage": "2022-06-20 00:05:34", "distance (en metres)": 4709.42, "station": "BIBLIOTHEQUE CHEVALERET", "marker-color": "#818181"}}, {"type": "Feature", "geometry": {"type": "Point", "coordinates": [2.382962, 48.834003]}, "properties": {"numparc": 614, "etat de la localisation": "autre", "ID BDGEO": "141", "horodatage": "2022-06-20 00:05:56", "distance (en metres)": 685.79, "station": "BIBLIOTHEQUE CHEVALERET", "marker-color": "#818181"}}, {"type": "Feature", "geometry": {"type": "Point", "coordinates": [2.367624, 48.827225]}, "properties": {"numparc": 7394, "etat de la localisation": "autre", "ID BDGEO": "377", "horodatage": "2022-06-20 00:06:15", "distance (en metres)": 2503.8, "station": "DENFERT-ROCHEREAU#", "marker-color": "#818181"}}, {"type": "Feature", "geometry": {"type": "Point", "coordinates": [2.375778, 48.830051]}, "properties": {"numparc": 1550, "etat de la localisation": "autre", "ID BDGEO": "377", "horodatage": "2022-06-20 00:06:24", "distance (en metres)": 3028.43, "station": "DENFERT-ROCHEREAU#", "marker-color": "#818181"}}, {"type": "Feature", "geometry": {"type": "Point", "coordinates": [2.375778, 48.830051]}, "properties": {"numparc": 1550, "etat de la localisation": "autre", "ID BDGEO": "377", "horodatage": "2022-06-20 00:06:31", "distance (en metres)": 3028.43, "station": "DENFERT-ROCHEREAU#", "marker-color": "#818181"}}, {"type": "Feature", "geometry": {"type": "Point", "coordinates": [2.404138, 48.871281]}, "properties": {"numparc": 1478, "etat de la localisation": "autre", "ID BDGEO": "141", "horodatage": "2022-06-20 00:06:50", "distance (en metres)": 5031.69, "station": "BIBLIOTHEQUE CHEVALERET", "marker-color": "#818181"}}, {"type": "Feature", "geometry": {"type": "Point", "coordinates": [2.364493, 48.826797]}, "properties": {"numparc": 7394, "etat de la localisation": "autre", "ID BDGEO": "377", "horodatage": "2022-06-20 00:07:25", "distance (en metres)": 2298.73, "station": "DENFERT-ROCHEREAU#", "marker-color": "#818181"}}, {"type": "Feature", "geometry": {"type": "Point", "coordinates": [2.386069, 48.835693]}, "properties": {"numparc": 614, "etat de la localisation": "autre", "ID BDGEO": "141", "horodatage": "2022-06-20 00:07:29", "distance (en metres)": 980.79, "station": "BIBLIOTHEQUE CHEVALERET", "marker-color": "#818181"}}, {"type": "Feature", "geometry": {"type": "Point", "coordinates": [2.386114, 48.835712]}, "properties": {"numparc": 614, "etat de la localisation": "autre", "ID BDGEO": "141", "horodatage": "2022-06-20 00:07:53", "distance (en metres)": 984.67, "station": "BIBLIOTHEQUE CHEVALERET", "marker-color": "#818181"}}, {"type": "Feature", "geometry": {"type": "Point", "coordinates": [2.370633, 48.827576]}, "properties": {"numparc": 1550, "etat de la localisation": "autre", "ID BDGEO": "377", "horodatage": "2022-06-20 00:08:09", "distance (en metres)": 2706.87, "station": "DENFERT-ROCHEREAU#", "marker-color": "#818181"}}, {"type": "Feature", "geometry": {"type": "Point", "coordinates": [2.360666, 48.826294]}, "properties": {"numparc": 7394, "etat de la localisation": "autre", "ID BDGEO": "377", "horodatage": "2022-06-20 00:08:19", "distance (en metres)": 2055.72, "station": "DENFERT-ROCHEREAU#", "marker-color": "#818181"}}, {"type": "Feature", "geometry": {"type": "Point", "coordinates": [2.40626, 48.876411]}, "properties": {"numparc": 1478, "etat de la localisation": "autre", "ID BDGEO": "141", "horodatage": "2022-06-20 00:08:45", "distance (en metres)": 5616.16, "station": "BIBLIOTHEQUE CHEVALERET", "marker-color": "#818181"}}, {"type": "Feature", "geometry": {"type": "Point", "coordinates": [2.390792, 48.837234]}, "properties": {"numparc": 614, "etat de la localisation": "autre", "ID BDGEO": "141", "horodatage": "2022-06-20 00:09:10", "distance (en metres)": 1359.18, "station": "BIBLIOTHEQUE CHEVALERET", "marker-color": "#818181"}}, {"type": "Feature", "geometry": {"type": "Point", "coordinates": [2.367652, 48.827248]}, "properties": {"numparc": 1550, "etat de la localisation": "autre", "ID BDGEO": "377", "horodatage": "2022-06-20 00:09:14", "distance (en metres)": 2505.08, "station": "DENFERT-ROCHEREAU#", "marker-color": "#818181"}}, {"type": "Feature", "geometry": {"type": "Point", "coordinates": [2.39382, 48.839008]}, "properties": {"numparc": 614, "etat de la localisation": "autre", "ID BDGEO": "141", "horodatage": "2022-06-20 00:10:17", "distance (en metres)": 1654.63, "station": "BIBLIOTHEQUE CHEVALERET", "marker-color": "#818181"}}, {"type": "Feature", "geometry": {"type": "Point", "coordinates": [2.406417, 48.876717]}, "properties": {"numparc": 1478, "etat de la localisation": "autre", "ID BDGEO": "141", "horodatage": "2022-06-20 00:10:33", "distance (en metres)": 5651.86, "station": "BIBLIOTHEQUE CHEVALERET", "marker-color": "#818181"}}, {"type": "Feature", "geometry": {"type": "Point", "coordinates": [2.356614, 48.830448]}, "properties": {"numparc": 7394, "etat de la localisation": "autre", "ID BDGEO": "377", "horodatage": "2022-06-20 00:10:49", "distance (en metres)": 1635.55, "station": "DENFERT-ROCHEREAU#", "marker-color": "#818181"}}, {"type": "Feature", "geometry": {"type": "Point", "coordinates": [2.360662, 48.826305]}, "properties": {"numparc": 1550, "etat de la localisation": "autre", "ID BDGEO": "377", "horodatage": "2022-06-20 00:11:05", "distance (en metres)": 2054.96, "station": "DENFERT-ROCHEREAU#", "marker-color": "#818181"}}, {"type": "Feature", "geometry": {"type": "Point", "coordinates": [2.397102, 48.839573]}, "properties": {"numparc": 614, "etat de la localisation": "autre", "ID BDGEO": "141", "horodatage": "2022-06-20 00:11:23", "distance (en metres)": 1886.69, "station": "BIBLIOTHEQUE CHEVALERET", "marker-color": "#818181"}}, {"type": "Feature", "geometry": {"type": "Point", "coordinates": [2.399497, 48.839634]}, "properties": {"numparc": 614, "etat de la localisation": "autre", "ID BDGEO": "141", "horodatage": "2022-06-20 00:12:15", "distance (en metres)": 2037.79, "station": "BIBLIOTHEQUE CHEVALERET", "marker-color": "#818181"}}, {"type": "Feature", "geometry": {"type": "Point", "coordinates": [2.405116, 48.842316]}, "properties": {"numparc": 614, "etat de la localisation": "autre", "ID BDGEO": "141", "horodatage": "2022-06-20 00:14:32", "distance (en metres)": 2544.5, "station": "BIBLIOTHEQUE CHEVALERET", "marker-color": "#818181"}}, {"type": "Feature", "geometry": {"type": "Point", "coordinates": [2.343912, 48.831226]}, "properties": {"numparc": 7394, "etat de la localisation": "autre", "ID BDGEO": "377", "horodatage": "2022-06-20 00:14:58", "distance (en metres)": 713.85, "station": "DENFERT-ROCHEREAU#", "marker-color": "#818181"}}, {"type": "Feature", "geometry": {"type": "Point", "coordinates": [2.405851, 48.845081]}, "properties": {"numparc": 614, "etat de la localisation": "autre", "ID BDGEO": "141", "horodatage": "2022-06-20 00:15:23", "distance (en metres)": 2764.18, "station": "BIBLIOTHEQUE CHEVALERET", "marker-color": "#818181"}}, {"type": "Feature", "geometry": {"type": "Point", "coordinates": [2.406566, 48.848145]}, "properties": {"numparc": 614, "etat de la localisation": "autre", "ID BDGEO": "141", "horodatage": "2022-06-20 00:16:58", "distance (en metres)": 3021.13, "station": "BIBLIOTHEQUE CHEVALERET", "marker-color": "#818181"}}, {"type": "Feature", "geometry": {"type": "Point", "coordinates": [2.406046, 48.853058]}, "properties": {"numparc": 614, "etat de la localisation": "autre", "ID BDGEO": "141", "horodatage": "2022-06-20 00:19:29", "distance (en metres)": 3384.04, "station": "BIBLIOTHEQUE CHEVALERET", "marker-color": "#818181"}}, {"type": "Feature", "geometry": {"type": "Point", "coordinates": [2.404773, 48.856537]}, "properties": {"numparc": 614, "etat de la localisation": "autre", "ID BDGEO": "141", "horodatage": "2022-06-20 00:20:59", "distance (en metres)": 3629.72, "station": "BIBLIOTHEQUE CHEVALERET", "marker-color": "#818181"}}, {"type": "Feature", "geometry": {"type": "Point", "coordinates": [2.401672, 48.85955]}, "properties": {"numparc": 614, "etat de la localisation": "autre", "ID BDGEO": "141", "horodatage": "2022-06-20 00:22:48", "distance (en metres)": 3787.79, "station": "BIBLIOTHEQUE CHEVALERET", "marker-color": "#818181"}}, {"type": "Feature", "geometry": {"type": "Point", "coordinates": [2.327866, 48.823627]}, "properties": {"numparc": 1550, "etat de la localisation": "Delocalise", "ID BDGEO": "379", "horodatage": "2022-06-20 00:23:28", "distance (en metres)": 1191.05, "station": "DENFERT-ROCHEREAU.", "marker-color": "#FF565E"}}, {"type": "Feature", "geometry": {"type": "Point", "coordinates": [2.398888, 48.864403]}, "properties": {"numparc": 614, "etat de la localisation": "autre", "ID BDGEO": "141", "horodatage": "2022-06-20 00:24:49", "distance (en metres)": 4176.72, "station": "BIBLIOTHEQUE CHEVALERET", "marker-color": "#818181"}}, {"type": "Feature", "geometry": {"type": "Point", "coordinates": [2.32857, 48.823616]}, "properties": {"numparc": 1550, "etat de la localisation": "Delocalise", "ID BDGEO": "379", "horodatage": "2022-06-20 00:26:45", "distance (en metres)": 1174.81, "station": "DENFERT-ROCHEREAU.", "marker-color": "#FF565E"}}, {"type": "Feature", "geometry": {"type": "Point", "coordinates": [2.40187, 48.868839]}, "properties": {"numparc": 614, "etat de la localisation": "autre", "ID BDGEO": "141", "horodatage": "2022-06-20 00:28:14", "distance (en metres)": 4716.1, "station": "BIBLIOTHEQUE CHEVALERET", "marker-color": "#818181"}}, {"type": "Feature", "geometry": {"type": "Point", "coordinates": [2.408047, 48.876541]}, "properties": {"numparc": 1478, "etat de la localisation": "autre", "ID BDGEO": "377", "horodatage": "2022-06-20 00:28:53", "distance (en metres)": 7200.97, "station": "DENFERT-ROCHEREAU#", "marker-color": "#818181"}}, {"type": "Feature", "geometry": {"type": "Point", "coordinates": [2.404179, 48.871395]}, "properties": {"numparc": 614, "etat de la localisation": "autre", "ID BDGEO": "141", "horodatage": "2022-06-20 00:29:24", "distance (en metres)": 5044.52, "station": "BIBLIOTHEQUE CHEVALERET", "marker-color": "#818181"}}, {"type": "Feature", "geometry": {"type": "Point", "coordinates": [2.40652, 48.876923]}, "properties": {"numparc": 614, "etat de la localisation": "autre", "ID BDGEO": "141", "horodatage": "2022-06-20 00:31:05", "distance (en metres)": 5675.88, "station": "BIBLIOTHEQUE CHEVALERET", "marker-color": "#818181"}}, {"type": "Feature", "geometry": {"type": "Point", "coordinates": [2.408687, 48.87719]}, "properties": {"numparc": 614, "etat de la localisation": "autre", "ID BDGEO": "361", "horodatage": "2022-06-20 00:32:15", "distance (en metres)": 90.32, "station": "PORTE DES LILAS", "marker-color": "#818181"}}, {"type": "Feature", "geometry": {"type": "Point", "coordinates": [2.398881, 48.864464]}, "properties": {"numparc": 1478, "etat de la localisation": "autre", "ID BDGEO": "377", "horodatage": "2022-06-20 00:35:19", "distance (en metres)": 5832.42, "station": "DENFERT-ROCHEREAU#", "marker-color": "#818181"}}, {"type": "Feature", "geometry": {"type": "Point", "coordinates": [2.400313, 48.861404]}, "properties": {"numparc": 1478, "etat de la localisation": "autre", "ID BDGEO": "377", "horodatage": "2022-06-20 00:36:52", "distance (en metres)": 5724.97, "station": "DENFERT-ROCHEREAU#", "marker-color": "#818181"}}, {"type": "Feature", "geometry": {"type": "Point", "coordinates": [2.402348, 48.858982]}, "properties": {"numparc": 1478, "etat de la localisation": "autre", "ID BDGEO": "377", "horodatage": "2022-06-20 00:37:58", "distance (en metres)": 5711.45, "station": "DENFERT-ROCHEREAU#", "marker-color": "#818181"}}, {"type": "Feature", "geometry": {"type": "Point", "coordinates": [2.40502, 48.856007]}, "properties": {"numparc": 1478, "etat de la localisation": "autre", "ID BDGEO": "377", "horodatage": "2022-06-20 00:38:55", "distance (en metres)": 5728.83, "station": "DENFERT-ROCHEREAU#", "marker-color": "#818181"}}, {"type": "Feature", "geometry": {"type": "Point", "coordinates": [2.406147, 48.852337]}, "properties": {"numparc": 1478, "etat de la localisation": "autre", "ID BDGEO": "377", "horodatage": "2022-06-20 00:40:41", "distance (en metres)": 5638.04, "station": "DENFERT-ROCHEREAU#", "marker-color": "#818181"}}, {"type": "Feature", "geometry": {"type": "Point", "coordinates": [2.407508, 48.849468]}, "properties": {"numparc": 614, "etat de la localisation": "autre", "ID BDGEO": "226", "horodatage": "2022-06-20 00:40:55", "distance (en metres)": 108.82, "station": "LA PLAINE", "marker-color": "#818181"}}, {"type": "Feature", "geometry": {"type": "Point", "coordinates": [2.405647, 48.844433]}, "properties": {"numparc": 1478, "etat de la localisation": "autre", "ID BDGEO": "377", "horodatage": "2022-06-20 00:43:34", "distance (en metres)": 5335.92, "station": "DENFERT-ROCHEREAU#", "marker-color": "#818181"}}, {"type": "Feature", "geometry": {"type": "Point", "coordinates": [2.407596, 48.85001]}, "properties": {"numparc": 614, "etat de la localisation": "autre", "ID BDGEO": "226", "horodatage": "2022-06-20 00:46:42", "distance (en metres)": 86.22, "station": "LA PLAINE", "marker-color": "#818181"}}, {"type": "Feature", "geometry": {"type": "Point", "coordinates": [2.386071, 48.835518]}, "properties": {"numparc": 1478, "etat de la localisation": "autre", "ID BDGEO": "377", "horodatage": "2022-06-20 00:49:30", "distance (en metres)": 3767.05, "station": "DENFERT-ROCHEREAU#", "marker-color": "#818181"}}, {"type": "Feature", "geometry": {"type": "Point", "coordinates": [2.370624, 48.827579]}, "properties": {"numparc": 1478, "etat de la localisation": "autre", "ID BDGEO": "377", "horodatage": "2022-06-20 00:53:59", "distance (en metres)": 2706.14, "station": "DENFERT-ROCHEREAU#", "marker-color": "#818181"}}, {"type": "Feature", "geometry": {"type": "Point", "coordinates": [2.36055, 48.82621]}, "properties": {"numparc": 1478, "etat de la localisation": "autre", "ID BDGEO": "377", "horodatage": "2022-06-20 00:56:18", "distance (en metres)": 2051.46, "station": "DENFERT-ROCHEREAU#", "marker-color": "#818181"}}, {"type": "Feature", "geometry": {"type": "Point", "coordinates": [2.343882, 48.83123]}, "properties": {"numparc": 1478, "etat de la localisation": "autre", "ID BDGEO": "377", "horodatage": "2022-06-20 01:01:30", "distance (en metres)": 711.66, "station": "DENFERT-ROCHEREAU#", "marker-color": "#818181"}}, {"type": "Feature", "geometry": {"type": "Point", "coordinates": [2.333658, 48.834122]}, "properties": {"numparc": 1478, "etat de la localisation": "autre", "ID BDGEO": "377", "horodatage": "2022-06-20 01:03:08", "distance (en metres)": 115.15, "station": "DENFERT-ROCHEREAU#", "marker-color": "#818181"}}, {"type": "Feature", "geometry": {"type": "Point", "coordinates": [2.327871, 48.823681]}, "properties": {"numparc": 1478, "etat de la localisation": "Delocalise", "ID BDGEO": "379", "horodatage": "2022-06-20 01:11:01", "distance (en metres)": 1185.38, "station": "DENFERT-ROCHEREAU.", "marker-color": "#FF565E"}}, {"type": "Feature", "geometry": {"type": "Point", "coordinates": [2.329383, 48.822784]}, "properties": {"numparc": 1478, "etat de la localisation": "Delocalise", "ID BDGEO": "379", "horodatage": "2022-06-20 01:15:38", "distance (en metres)": 1246.44, "station": "DENFERT-ROCHEREAU.", "marker-color": "#FF565E"}}, {"type": "Feature", "geometry": {"type": "Point", "coordinates": [2.334709, 48.833351]}, "properties": {"station": "DENFERT-ROCHEREAU#", "ID BDGEO": "377", "marker-color": "#56B3FF"}}, {"type": "Feature", "geometry": {"type": "Point", "coordinates": [2.333688, 48.83363]}, "properties": {"station": "DENFERT-ROCHEREAU.", "ID BDGEO": "379", "marker-color": "#56B3FF"}}, {"type": "Feature", "geometry": {"type": "Point", "coordinates": [2.334899, 48.833297]}, "properties": {"station": "DENFERT-ROCHEREAU", "ID BDGEO": "348", "marker-color": "#56B3FF"}}, {"type": "Feature", "geometry": {"type": "Point", "coordinates": [2.375753, 48.830064]}, "properties": {"station": "BIBLIOTHEQUE CHEVALERET", "ID BDGEO": "141", "marker-color": "#56B3FF"}}, {"type": "Feature", "geometry": {"type": "Point", "coordinates": [2.406844, 48.849661]}, "properties": {"station": "LAGNY SORTIE#", "ID BDGEO": "346", "marker-color": "#56B3FF"}}, {"type": "Feature", "geometry": {"type": "Point", "coordinates": [2.371858, 48.827927]}, "properties": {"station": "PATAY-TOLBIAC", "ID BDGEO": "241", "marker-color": "#56B3FF"}}, {"type": "Feature", "geometry": {"type": "Point", "coordinates": [2.406474, 48.848196]}, "properties": {"station": "COURS DE VINCENNES#", "ID BDGEO": "335", "marker-color": "#56B3FF"}}, {"type": "Feature", "geometry": {"type": "Point", "coordinates": [2.405885, 48.845366]}, "properties": {"station": "AVENUE DE SAINT-MANDE", "ID BDGEO": "55", "marker-color": "#56B3FF"}}, {"type": "Feature", "geometry": {"type": "Point", "coordinates": [2.396864, 48.839547]}, "properties": {"station": "DOCTEUR GOUJON-REUILLY", "ID BDGEO": "122", "marker-color": "#56B3FF"}}, {"type": "Feature", "geometry": {"type": "Point", "coordinates": [2.408393, 48.877162]}, "properties": {"station": "PORTE DES LILAS-METRO.", "ID BDGEO": "359", "marker-color": "#56B3FF"}}, {"type": "Feature", "geometry": {"type": "Point", "coordinates": [2.333824, 48.833594]}, "properties": {"station": "DENFERT-ROCHEREAU#", "ID BDGEO": "378", "marker-color": "#56B3FF"}}, {"type": "Feature", "geometry": {"type": "Point", "coordinates": [2.405283, 48.87435]}, "properties": {"station": "PISCINE DES TOURELLES", "ID BDGEO": "358", "marker-color": "#56B3FF"}}, {"type": "Feature", "geometry": {"type": "Point", "coordinates": [2.40404, 48.87143]}, "properties": {"station": "SAINT-FARGEAU", "ID BDGEO": "357", "marker-color": "#56B3FF"}}, {"type": "Feature", "geometry": {"type": "Point", "coordinates": [2.401816, 48.868825]}, "properties": {"station": "PELLEPORT-GAMBETTA", "ID BDGEO": "356", "marker-color": "#56B3FF"}}, {"type": "Feature", "geometry": {"type": "Point", "coordinates": [2.400105, 48.862157]}, "properties": {"station": "RAMUS", "ID BDGEO": "233", "marker-color": "#56B3FF"}}, {"type": "Feature", "geometry": {"type": "Point", "coordinates": [2.401586, 48.859595]}, "properties": {"station": "PYRENEES-BAGNOLET", "ID BDGEO": "232", "marker-color": "#56B3FF"}}, {"type": "Feature", "geometry": {"type": "Point", "coordinates": [2.406004, 48.853032]}, "properties": {"station": "MARAICHERS", "ID BDGEO": "230", "marker-color": "#56B3FF"}}, {"type": "Feature", "geometry": {"type": "Point", "coordinates": [2.405639, 48.844359]}, "properties": {"station": "AVENUE DE SAINT-MANDE", "ID BDGEO": "73", "marker-color": "#56B3FF"}}, {"type": "Feature", "geometry": {"type": "Point", "coordinates": [2.40614, 48.852358]}, "properties": {"station": "MARAICHERS", "ID BDGEO": "225", "marker-color": "#56B3FF"}}, {"type": "Feature", "geometry": {"type": "Point", "coordinates": [2.404987, 48.855989]}, "properties": {"station": "ORTEAUX", "ID BDGEO": "224", "marker-color": "#56B3FF"}}, {"type": "Feature", "geometry": {"type": "Point", "coordinates": [2.402226, 48.859065]}, "properties": {"station": "PYRENEES-BAGNOLET", "ID BDGEO": "223", "marker-color": "#56B3FF"}}, {"type": "Feature", "geometry": {"type": "Point", "coordinates": [2.40024, 48.86151]}, "properties": {"station": "RAMUS", "ID BDGEO": "222", "marker-color": "#56B3FF"}}, {"type": "Feature", "geometry": {"type": "Point", "coordinates": [2.398786, 48.864531]}, "properties": {"station": "GAMBETTA-PYRENEES", "ID BDGEO": "220", "marker-color": "#56B3FF"}}, {"type": "Feature", "geometry": {"type": "Point", "coordinates": [2.404674, 48.85652]}, "properties": {"station": "ORTEAUX", "ID BDGEO": "231", "marker-color": "#56B3FF"}}, {"type": "Feature", "geometry": {"type": "Point", "coordinates": [2.406475, 48.848277]}, "properties": {"station": "COURS DE VINCENNES", "ID BDGEO": "68", "marker-color": "#56B3FF"}}, {"type": "Feature", "geometry": {"type": "Point", "coordinates": [2.40325, 48.839741]}, "properties": {"station": "LOUIS BRAILLE", "ID BDGEO": "31", "marker-color": "#56B3FF"}}, {"type": "Feature", "geometry": {"type": "Point", "coordinates": [2.356477, 48.830572]}, "properties": {"station": "PLACE D'ITALIE-CHOISY", "ID BDGEO": "353", "marker-color": "#56B3FF"}}, {"type": "Feature", "geometry": {"type": "Point", "coordinates": [2.370687, 48.827558]}, "properties": {"station": "PATAY-TOLBIAC", "ID BDGEO": "154", "marker-color": "#56B3FF"}}, {"type": "Feature", "geometry": {"type": "Point", "coordinates": [2.408448, 48.877099]}, "properties": {"station": "PORTE DES LILAS#", "ID BDGEO": "375", "marker-color": "#56B3FF"}}, {"type": "Feature", "geometry": {"type": "Point", "coordinates": [2.406436, 48.850147]}, "properties": {"station": "LA PLAINE", "ID BDGEO": "226", "marker-color": "#56B3FF"}}, {"type": "Feature", "geometry": {"type": "Point", "coordinates": [2.399002, 48.839635]}, "properties": {"station": "PICPUS-REUILLY", "ID BDGEO": "143", "marker-color": "#56B3FF"}}, {"type": "Feature", "geometry": {"type": "Point", "coordinates": [2.329292, 48.82342]}, "properties": {"station": "MONTROUGE ENTREE#", "ID BDGEO": "376", "marker-color": "#56B3FF"}}, {"type": "Feature", "geometry": {"type": "Point", "coordinates": [2.406283, 48.847873]}, "properties": {"station": "COURS DE VINCENNES", "ID BDGEO": "63", "marker-color": "#56B3FF"}}, {"type": "Feature", "geometry": {"type": "Point", "coordinates": [2.376434, 48.830433]}, "properties": {"station": "BIBLIOTHEQUE CHEVALERET", "ID BDGEO": "111", "marker-color": "#56B3FF"}}, {"type": "Feature", "geometry": {"type": "Point", "coordinates": [2.399128, 48.865699]}, "properties": {"station": "GAMBETTA-MAIRIE DU XX", "ID BDGEO": "355", "marker-color": "#56B3FF"}}, {"type": "Feature", "geometry": {"type": "Point", "coordinates": [2.407875, 48.876578]}, "properties": {"station": "PORTE DES LILAS", "ID BDGEO": "361", "marker-color": "#56B3FF"}}]}