{"type": "FeatureCollection", "features": [{"type": "Feature", "geometry": {"type": "Point", "coordinates": [2.443425, 48.772053]}, "properties": {"numparc": 2784, "etat de la localisation": "autre", "ID BDGEO": "7", "horodatage": "2022-11-20 02:27:36", "distance (en metres)": 44.94, "station": "CENTRE BUS CRETEIL (S)", "marker-color": "#818181"}}, {"type": "Feature", "geometry": {"type": "Point", "coordinates": [2.442893, 48.773102]}, "properties": {"numparc": 2796, "etat de la localisation": "autre", "ID BDGEO": "7", "horodatage": "2022-11-20 06:00:54", "distance (en metres)": 78.44, "station": "CENTRE BUS CRETEIL (S)", "marker-color": "#818181"}}, {"type": "Feature", "geometry": {"type": "Point", "coordinates": [2.442893, 48.773102]}, "properties": {"numparc": 2796, "etat de la localisation": "autre", "ID BDGEO": "7", "horodatage": "2022-11-20 06:02:00", "distance (en metres)": 78.44, "station": "CENTRE BUS CRETEIL (S)", "marker-color": "#818181"}}, {"type": "Feature", "geometry": {"type": "Point", "coordinates": [2.442989, 48.772797]}, "properties": {"numparc": 2806, "etat de la localisation": "autre", "ID BDGEO": "7", "horodatage": "2022-11-20 06:02:59", "distance (en metres)": 44.75, "station": "CENTRE BUS CRETEIL (S)", "marker-color": "#818181"}}, {"type": "Feature", "geometry": {"type": "Point", "coordinates": [2.442989, 48.772797]}, "properties": {"numparc": 2806, "etat de la localisation": "autre", "ID BDGEO": "7", "horodatage": "2022-11-20 06:02:59", "distance (en metres)": 44.75, "station": "CENTRE BUS CRETEIL (S)", "marker-color": "#818181"}}, {"type": "Feature", "geometry": {"type": "Point", "coordinates": [2.443425, 48.772049]}, "properties": {"numparc": 2784, "etat de la localisation": "autre", "ID BDGEO": "7", "horodatage": "2022-11-20 06:21:06", "distance (en metres)": 45.35, "station": "CENTRE BUS CRETEIL (S)", "marker-color": "#818181"}}, {"type": "Feature", "geometry": {"type": "Point", "coordinates": [2.443425, 48.772049]}, "properties": {"numparc": 2784, "etat de la localisation": "autre", "ID BDGEO": "7", "horodatage": "2022-11-20 06:28:24", "distance (en metres)": 45.35, "station": "CENTRE BUS CRETEIL (S)", "marker-color": "#818181"}}, {"type": "Feature", "geometry": {"type": "Point", "coordinates": [2.443425, 48.772049]}, "properties": {"numparc": 2784, "etat de la localisation": "autre", "ID BDGEO": "7", "horodatage": "2022-11-20 06:28:54", "distance (en metres)": 45.35, "station": "CENTRE BUS CRETEIL (S)", "marker-color": "#818181"}}, {"type": "Feature", "geometry": {"type": "Point", "coordinates": [2.416447, 48.804935]}, "properties": {"numparc": 2796, "etat de la localisation": "autre", "ID BDGEO": "21", "horodatage": "2022-11-20 06:38:32", "distance (en metres)": 102.12, "station": "SALVADOR ALLENDE", "marker-color": "#818181"}}, {"type": "Feature", "geometry": {"type": "Point", "coordinates": [2.425301, 48.802788]}, "properties": {"numparc": 2796, "etat de la localisation": "autre", "ID BDGEO": "53", "horodatage": "2022-11-20 06:41:05", "distance (en metres)": 61.85, "station": "M. ALFORT-ALFORTVILLE RER", "marker-color": "#818181"}}, {"type": "Feature", "geometry": {"type": "Point", "coordinates": [2.442124, 48.772373]}, "properties": {"numparc": 2793, "etat de la localisation": "Delocalise", "ID BDGEO": "7", "horodatage": "2022-11-20 06:41:09", "distance (en metres)": 86.01, "station": "CENTRE BUS CRETEIL (S)", "marker-color": "#FF565E"}}, {"type": "Feature", "geometry": {"type": "Point", "coordinates": [2.428581, 48.782681]}, "properties": {"numparc": 2806, "etat de la localisation": "autre", "ID BDGEO": "38", "horodatage": "2022-11-20 06:43:04", "distance (en metres)": 155.69, "station": "CIMETIERE D'ALFORTVILLE", "marker-color": "#818181"}}, {"type": "Feature", "geometry": {"type": "Point", "coordinates": [2.428581, 48.782681]}, "properties": {"numparc": 2806, "etat de la localisation": "autre", "ID BDGEO": "38", "horodatage": "2022-11-20 06:43:04", "distance (en metres)": 155.69, "station": "CIMETIERE D'ALFORTVILLE", "marker-color": "#818181"}}, {"type": "Feature", "geometry": {"type": "Point", "coordinates": [2.425289, 48.802807]}, "properties": {"numparc": 2808, "etat de la localisation": "autre", "ID BDGEO": "53", "horodatage": "2022-11-20 06:50:20", "distance (en metres)": 64.08, "station": "M. ALFORT-ALFORTVILLE RER", "marker-color": "#818181"}}, {"type": "Feature", "geometry": {"type": "Point", "coordinates": [2.441528, 48.772934]}, "properties": {"numparc": 2800, "etat de la localisation": "autre", "ID BDGEO": "7", "horodatage": "2022-11-20 06:55:15", "distance (en metres)": 140.15, "station": "CENTRE BUS CRETEIL (S)", "marker-color": "#818181"}}, {"type": "Feature", "geometry": {"type": "Point", "coordinates": [2.425294, 48.802826]}, "properties": {"numparc": 2784, "etat de la localisation": "autre", "ID BDGEO": "53", "horodatage": "2022-11-20 06:56:46", "distance (en metres)": 65.57, "station": "M. ALFORT-ALFORTVILLE RER", "marker-color": "#818181"}}, {"type": "Feature", "geometry": {"type": "Point", "coordinates": [2.422207, 48.814754]}, "properties": {"numparc": 2806, "etat de la localisation": "autre", "ID BDGEO": "3", "horodatage": "2022-11-20 06:58:32", "distance (en metres)": 40.85, "station": "ECOLE VETERINAIRE - METRO", "marker-color": "#818181"}}, {"type": "Feature", "geometry": {"type": "Point", "coordinates": [2.422207, 48.814754]}, "properties": {"numparc": 2806, "etat de la localisation": "autre", "ID BDGEO": "3", "horodatage": "2022-11-20 06:58:32", "distance (en metres)": 40.85, "station": "ECOLE VETERINAIRE - METRO", "marker-color": "#818181"}}, {"type": "Feature", "geometry": {"type": "Point", "coordinates": [2.422395, 48.804073]}, "properties": {"numparc": 2793, "etat de la localisation": "autre", "ID BDGEO": "22", "horodatage": "2022-11-20 07:08:41", "distance (en metres)": 123.35, "station": "RAYMOND JACLARD", "marker-color": "#818181"}}, {"type": "Feature", "geometry": {"type": "Point", "coordinates": [2.425313, 48.802818]}, "properties": {"numparc": 2793, "etat de la localisation": "autre", "ID BDGEO": "53", "horodatage": "2022-11-20 07:10:06", "distance (en metres)": 64.07, "station": "M. ALFORT-ALFORTVILLE RER", "marker-color": "#818181"}}, {"type": "Feature", "geometry": {"type": "Point", "coordinates": [2.421299, 48.81501]}, "properties": {"numparc": 2803, "etat de la localisation": "autre", "ID BDGEO": "3", "horodatage": "2022-11-20 07:11:50", "distance (en metres)": 112.87, "station": "ECOLE VETERINAIRE - METRO", "marker-color": "#818181"}}, {"type": "Feature", "geometry": {"type": "Point", "coordinates": [2.425327, 48.802792]}, "properties": {"numparc": 2806, "etat de la localisation": "autre", "ID BDGEO": "53", "horodatage": "2022-11-20 07:18:17", "distance (en metres)": 61.06, "station": "M. ALFORT-ALFORTVILLE RER", "marker-color": "#818181"}}, {"type": "Feature", "geometry": {"type": "Point", "coordinates": [2.425327, 48.802792]}, "properties": {"numparc": 2806, "etat de la localisation": "autre", "ID BDGEO": "53", "horodatage": "2022-11-20 07:18:17", "distance (en metres)": 61.06, "station": "M. ALFORT-ALFORTVILLE RER", "marker-color": "#818181"}}, {"type": "Feature", "geometry": {"type": "Point", "coordinates": [2.425327, 48.802792]}, "properties": {"numparc": 2806, "etat de la localisation": "autre", "ID BDGEO": "53", "horodatage": "2022-11-20 07:18:19", "distance (en metres)": 61.06, "station": "M. ALFORT-ALFORTVILLE RER", "marker-color": "#818181"}}, {"type": "Feature", "geometry": {"type": "Point", "coordinates": [2.425327, 48.802792]}, "properties": {"numparc": 2806, "etat de la localisation": "autre", "ID BDGEO": "53", "horodatage": "2022-11-20 07:18:19", "distance (en metres)": 61.06, "station": "M. ALFORT-ALFORTVILLE RER", "marker-color": "#818181"}}, {"type": "Feature", "geometry": {"type": "Point", "coordinates": [2.441579, 48.772854]}, "properties": {"numparc": 2816, "etat de la localisation": "autre", "ID BDGEO": "7", "horodatage": "2022-11-20 07:27:15", "distance (en metres)": 133.43, "station": "CENTRE BUS CRETEIL (S)", "marker-color": "#818181"}}, {"type": "Feature", "geometry": {"type": "Point", "coordinates": [2.425307, 48.802799]}, "properties": {"numparc": 2803, "etat de la localisation": "autre", "ID BDGEO": "53", "horodatage": "2022-11-20 07:29:42", "distance (en metres)": 62.61, "station": "M. ALFORT-ALFORTVILLE RER", "marker-color": "#818181"}}, {"type": "Feature", "geometry": {"type": "Point", "coordinates": [2.441579, 48.772854]}, "properties": {"numparc": 2816, "etat de la localisation": "Delocalise", "ID BDGEO": "58", "horodatage": "2022-11-20 07:31:45", "distance (en metres)": 1422.83, "station": "VAL DE SEINE", "marker-color": "#FF565E"}}, {"type": "Feature", "geometry": {"type": "Point", "coordinates": [2.419672, 48.804523]}, "properties": {"numparc": 2808, "etat de la localisation": "autre", "ID BDGEO": "789", "horodatage": "2022-11-20 07:33:47", "distance (en metres)": 95.55, "station": "..", "marker-color": "#818181"}}, {"type": "Feature", "geometry": {"type": "Point", "coordinates": [2.42529, 48.802814]}, "properties": {"numparc": 2800, "etat de la localisation": "autre", "ID BDGEO": "53", "horodatage": "2022-11-20 07:40:11", "distance (en metres)": 64.7, "station": "M. ALFORT-ALFORTVILLE RER", "marker-color": "#818181"}}, {"type": "Feature", "geometry": {"type": "Point", "coordinates": [2.402222, 48.763298]}, "properties": {"numparc": 2806, "etat de la localisation": "autre", "ID BDGEO": "623", "horodatage": "2022-11-20 07:41:35", "distance (en metres)": 42.07, "station": "RENE PANHARD", "marker-color": "#818181"}}, {"type": "Feature", "geometry": {"type": "Point", "coordinates": [2.402222, 48.763298]}, "properties": {"numparc": 2806, "etat de la localisation": "autre", "ID BDGEO": "623", "horodatage": "2022-11-20 07:41:35", "distance (en metres)": 42.07, "station": "RENE PANHARD", "marker-color": "#818181"}}, {"type": "Feature", "geometry": {"type": "Point", "coordinates": [2.399402, 48.760693]}, "properties": {"numparc": 2803, "etat de la localisation": "autre", "ID BDGEO": "639", "horodatage": "2022-11-20 07:47:18", "distance (en metres)": 80.3, "station": "GEORGES HALGOULT", "marker-color": "#818181"}}, {"type": "Feature", "geometry": {"type": "Point", "coordinates": [2.4224, 48.8041]}, "properties": {"numparc": 2796, "etat de la localisation": "autre", "ID BDGEO": "22", "horodatage": "2022-11-20 07:48:16", "distance (en metres)": 123.7, "station": "RAYMOND JACLARD", "marker-color": "#818181"}}, {"type": "Feature", "geometry": {"type": "Point", "coordinates": [2.425308, 48.802834]}, "properties": {"numparc": 2796, "etat de la localisation": "autre", "ID BDGEO": "53", "horodatage": "2022-11-20 07:49:12", "distance (en metres)": 65.67, "station": "M. ALFORT-ALFORTVILLE RER", "marker-color": "#818181"}}, {"type": "Feature", "geometry": {"type": "Point", "coordinates": [2.421616, 48.814926]}, "properties": {"numparc": 2784, "etat de la localisation": "autre", "ID BDGEO": "3", "horodatage": "2022-11-20 07:50:15", "distance (en metres)": 87.86, "station": "ECOLE VETERINAIRE - METRO", "marker-color": "#818181"}}, {"type": "Feature", "geometry": {"type": "Point", "coordinates": [2.420637, 48.804295]}, "properties": {"numparc": 2816, "etat de la localisation": "autre", "ID BDGEO": "7", "horodatage": "2022-11-20 08:05:07", "distance (en metres)": 3910.91, "station": "CENTRE BUS CRETEIL (S)", "marker-color": "#818181"}}, {"type": "Feature", "geometry": {"type": "Point", "coordinates": [2.422153, 48.814766]}, "properties": {"numparc": 2793, "etat de la localisation": "autre", "ID BDGEO": "3", "horodatage": "2022-11-20 08:06:49", "distance (en metres)": 45.0, "station": "ECOLE VETERINAIRE - METRO", "marker-color": "#818181"}}, {"type": "Feature", "geometry": {"type": "Point", "coordinates": [2.441524, 48.772964]}, "properties": {"numparc": 2804, "etat de la localisation": "autre", "ID BDGEO": "7", "horodatage": "2022-11-20 08:07:47", "distance (en metres)": 141.77, "station": "CENTRE BUS CRETEIL (S)", "marker-color": "#818181"}}, {"type": "Feature", "geometry": {"type": "Point", "coordinates": [2.42156, 48.81496]}, "properties": {"numparc": 2806, "etat de la localisation": "autre", "ID BDGEO": "3", "horodatage": "2022-11-20 08:08:25", "distance (en metres)": 93.03, "station": "ECOLE VETERINAIRE - METRO", "marker-color": "#818181"}}, {"type": "Feature", "geometry": {"type": "Point", "coordinates": [2.42156, 48.81496]}, "properties": {"numparc": 2806, "etat de la localisation": "autre", "ID BDGEO": "3", "horodatage": "2022-11-20 08:08:25", "distance (en metres)": 93.03, "station": "ECOLE VETERINAIRE - METRO", "marker-color": "#818181"}}, {"type": "Feature", "geometry": {"type": "Point", "coordinates": [2.4224, 48.804073]}, "properties": {"numparc": 2808, "etat de la localisation": "autre", "ID BDGEO": "22", "horodatage": "2022-11-20 08:10:01", "distance (en metres)": 122.99, "station": "RAYMOND JACLARD", "marker-color": "#818181"}}, {"type": "Feature", "geometry": {"type": "Point", "coordinates": [2.4253, 48.802799]}, "properties": {"numparc": 2808, "etat de la localisation": "autre", "ID BDGEO": "53", "horodatage": "2022-11-20 08:11:18", "distance (en metres)": 62.92, "station": "M. ALFORT-ALFORTVILLE RER", "marker-color": "#818181"}}, {"type": "Feature", "geometry": {"type": "Point", "coordinates": [2.423298, 48.814556]}, "properties": {"numparc": 2806, "etat de la localisation": "autre", "ID BDGEO": "3", "horodatage": "2022-11-20 08:11:19", "distance (en metres)": 42.02, "station": "ECOLE VETERINAIRE - METRO", "marker-color": "#818181"}}, {"type": "Feature", "geometry": {"type": "Point", "coordinates": [2.423298, 48.814556]}, "properties": {"numparc": 2806, "etat de la localisation": "autre", "ID BDGEO": "3", "horodatage": "2022-11-20 08:11:19", "distance (en metres)": 42.02, "station": "ECOLE VETERINAIRE - METRO", "marker-color": "#818181"}}, {"type": "Feature", "geometry": {"type": "Point", "coordinates": [2.423298, 48.814556]}, "properties": {"numparc": 2806, "etat de la localisation": "autre", "ID BDGEO": "3", "horodatage": "2022-11-20 08:15:33", "distance (en metres)": 42.02, "station": "ECOLE VETERINAIRE - METRO", "marker-color": "#818181"}}, {"type": "Feature", "geometry": {"type": "Point", "coordinates": [2.423298, 48.814556]}, "properties": {"numparc": 2806, "etat de la localisation": "autre", "ID BDGEO": "3", "horodatage": "2022-11-20 08:15:33", "distance (en metres)": 42.02, "station": "ECOLE VETERINAIRE - METRO", "marker-color": "#818181"}}, {"type": "Feature", "geometry": {"type": "Point", "coordinates": [2.425325, 48.802818]}, "properties": {"numparc": 2784, "etat de la localisation": "autre", "ID BDGEO": "53", "horodatage": "2022-11-20 08:16:06", "distance (en metres)": 63.58, "station": "M. ALFORT-ALFORTVILLE RER", "marker-color": "#818181"}}, {"type": "Feature", "geometry": {"type": "Point", "coordinates": [2.420999, 48.804283]}, "properties": {"numparc": 2804, "etat de la localisation": "autre", "ID BDGEO": "17", "horodatage": "2022-11-20 08:19:02", "distance (en metres)": 67.44, "station": "MAIRIE D'ALFORTVILLE", "marker-color": "#818181"}}, {"type": "Feature", "geometry": {"type": "Point", "coordinates": [2.420637, 48.804295]}, "properties": {"numparc": 2816, "etat de la localisation": "autre", "ID BDGEO": "7", "horodatage": "2022-11-20 08:19:13", "distance (en metres)": 3910.91, "station": "CENTRE BUS CRETEIL (S)", "marker-color": "#818181"}}, {"type": "Feature", "geometry": {"type": "Point", "coordinates": [2.423298, 48.814556]}, "properties": {"numparc": 2806, "etat de la localisation": "autre", "ID BDGEO": "3", "horodatage": "2022-11-20 08:19:22", "distance (en metres)": 42.02, "station": "ECOLE VETERINAIRE - METRO", "marker-color": "#818181"}}, {"type": "Feature", "geometry": {"type": "Point", "coordinates": [2.423298, 48.814556]}, "properties": {"numparc": 2806, "etat de la localisation": "autre", "ID BDGEO": "3", "horodatage": "2022-11-20 08:19:22", "distance (en metres)": 42.02, "station": "ECOLE VETERINAIRE - METRO", "marker-color": "#818181"}}, {"type": "Feature", "geometry": {"type": "Point", "coordinates": [2.443215, 48.77293]}, "properties": {"numparc": 2797, "etat de la localisation": "autre", "ID BDGEO": "7", "horodatage": "2022-11-20 08:23:25", "distance (en metres)": 53.99, "station": "CENTRE BUS CRETEIL (S)", "marker-color": "#818181"}}, {"type": "Feature", "geometry": {"type": "Point", "coordinates": [2.422183, 48.814781]}, "properties": {"numparc": 2803, "etat de la localisation": "autre", "ID BDGEO": "3", "horodatage": "2022-11-20 08:23:27", "distance (en metres)": 43.37, "station": "ECOLE VETERINAIRE - METRO", "marker-color": "#818181"}}, {"type": "Feature", "geometry": {"type": "Point", "coordinates": [2.425304, 48.802803]}, "properties": {"numparc": 2793, "etat de la localisation": "autre", "ID BDGEO": "53", "horodatage": "2022-11-20 08:26:30", "distance (en metres)": 63.08, "station": "M. ALFORT-ALFORTVILLE RER", "marker-color": "#818181"}}, {"type": "Feature", "geometry": {"type": "Point", "coordinates": [2.441791, 48.772915]}, "properties": {"numparc": 2816, "etat de la localisation": "autre", "ID BDGEO": "7", "horodatage": "2022-11-20 08:32:26", "distance (en metres)": 121.68, "station": "CENTRE BUS CRETEIL (S)", "marker-color": "#818181"}}, {"type": "Feature", "geometry": {"type": "Point", "coordinates": [2.441736, 48.7724]}, "properties": {"numparc": 2816, "etat de la localisation": "autre", "ID BDGEO": "7", "horodatage": "2022-11-20 08:34:13", "distance (en metres)": 114.17, "station": "CENTRE BUS CRETEIL (S)", "marker-color": "#818181"}}, {"type": "Feature", "geometry": {"type": "Point", "coordinates": [2.425334, 48.802803]}, "properties": {"numparc": 2806, "etat de la localisation": "autre", "ID BDGEO": "53", "horodatage": "2022-11-20 08:35:03", "distance (en metres)": 61.8, "station": "M. ALFORT-ALFORTVILLE RER", "marker-color": "#818181"}}, {"type": "Feature", "geometry": {"type": "Point", "coordinates": [2.425334, 48.802803]}, "properties": {"numparc": 2806, "etat de la localisation": "autre", "ID BDGEO": "53", "horodatage": "2022-11-20 08:35:03", "distance (en metres)": 61.8, "station": "M. ALFORT-ALFORTVILLE RER", "marker-color": "#818181"}}, {"type": "Feature", "geometry": {"type": "Point", "coordinates": [2.441134, 48.772228]}, "properties": {"numparc": 2816, "etat de la localisation": "autre", "ID BDGEO": "7", "horodatage": "2022-11-20 08:35:21", "distance (en metres)": 160.03, "station": "CENTRE BUS CRETEIL (S)", "marker-color": "#818181"}}, {"type": "Feature", "geometry": {"type": "Point", "coordinates": [2.421228, 48.815037]}, "properties": {"numparc": 2800, "etat de la localisation": "autre", "ID BDGEO": "3", "horodatage": "2022-11-20 08:38:32", "distance (en metres)": 118.78, "station": "ECOLE VETERINAIRE - METRO", "marker-color": "#818181"}}, {"type": "Feature", "geometry": {"type": "Point", "coordinates": [2.421651, 48.814922]}, "properties": {"numparc": 2796, "etat de la localisation": "autre", "ID BDGEO": "3", "horodatage": "2022-11-20 08:45:04", "distance (en metres)": 85.32, "station": "ECOLE VETERINAIRE - METRO", "marker-color": "#818181"}}, {"type": "Feature", "geometry": {"type": "Point", "coordinates": [2.422372, 48.804108]}, "properties": {"numparc": 2803, "etat de la localisation": "autre", "ID BDGEO": "22", "horodatage": "2022-11-20 08:46:43", "distance (en metres)": 125.89, "station": "RAYMOND JACLARD", "marker-color": "#818181"}}, {"type": "Feature", "geometry": {"type": "Point", "coordinates": [2.423316, 48.814487]}, "properties": {"numparc": 2796, "etat de la localisation": "autre", "ID BDGEO": "3", "horodatage": "2022-11-20 08:46:58", "distance (en metres)": 45.96, "station": "ECOLE VETERINAIRE - METRO", "marker-color": "#818181"}}, {"type": "Feature", "geometry": {"type": "Point", "coordinates": [2.404227, 48.763962]}, "properties": {"numparc": 2798, "etat de la localisation": "autre", "ID BDGEO": "624", "horodatage": "2022-11-20 08:50:46", "distance (en metres)": 67.57, "station": "ROUGET DE L ISLE", "marker-color": "#818181"}}, {"type": "Feature", "geometry": {"type": "Point", "coordinates": [2.404227, 48.763962]}, "properties": {"numparc": 2798, "etat de la localisation": "autre", "ID BDGEO": "624", "horodatage": "2022-11-20 08:52:07", "distance (en metres)": 67.57, "station": "ROUGET DE L ISLE", "marker-color": "#818181"}}, {"type": "Feature", "geometry": {"type": "Point", "coordinates": [2.422381, 48.804081]}, "properties": {"numparc": 2800, "etat de la localisation": "autre", "ID BDGEO": "22", "horodatage": "2022-11-20 08:57:56", "distance (en metres)": 124.55, "station": "RAYMOND JACLARD", "marker-color": "#818181"}}, {"type": "Feature", "geometry": {"type": "Point", "coordinates": [2.425312, 48.802795]}, "properties": {"numparc": 2800, "etat de la localisation": "autre", "ID BDGEO": "53", "horodatage": "2022-11-20 08:59:36", "distance (en metres)": 62.04, "station": "M. ALFORT-ALFORTVILLE RER", "marker-color": "#818181"}}, {"type": "Feature", "geometry": {"type": "Point", "coordinates": [2.425352, 48.802807]}, "properties": {"numparc": 2797, "etat de la localisation": "autre", "ID BDGEO": "53", "horodatage": "2022-11-20 09:02:37", "distance (en metres)": 61.4, "station": "M. ALFORT-ALFORTVILLE RER", "marker-color": "#818181"}}, {"type": "Feature", "geometry": {"type": "Point", "coordinates": [2.422418, 48.804115]}, "properties": {"numparc": 2796, "etat de la localisation": "autre", "ID BDGEO": "22", "horodatage": "2022-11-20 09:09:59", "distance (en metres)": 122.86, "station": "RAYMOND JACLARD", "marker-color": "#818181"}}, {"type": "Feature", "geometry": {"type": "Point", "coordinates": [2.425355, 48.80283]}, "properties": {"numparc": 2796, "etat de la localisation": "autre", "ID BDGEO": "53", "horodatage": "2022-11-20 09:10:57", "distance (en metres)": 63.43, "station": "M. ALFORT-ALFORTVILLE RER", "marker-color": "#818181"}}, {"type": "Feature", "geometry": {"type": "Point", "coordinates": [2.422731, 48.814579]}, "properties": {"numparc": 2808, "etat de la localisation": "autre", "ID BDGEO": "673", "horodatage": "2022-11-20 09:16:15", "distance (en metres)": 127.24, "station": "ECOLE VETERINAIRE - METRO.", "marker-color": "#818181"}}, {"type": "Feature", "geometry": {"type": "Point", "coordinates": [2.422168, 48.814758]}, "properties": {"numparc": 2784, "etat de la localisation": "autre", "ID BDGEO": "3", "horodatage": "2022-11-20 09:16:58", "distance (en metres)": 43.73, "station": "ECOLE VETERINAIRE - METRO", "marker-color": "#818181"}}, {"type": "Feature", "geometry": {"type": "Point", "coordinates": [2.425373, 48.802845]}, "properties": {"numparc": 2804, "etat de la localisation": "autre", "ID BDGEO": "53", "horodatage": "2022-11-20 09:21:09", "distance (en metres)": 64.2, "station": "M. ALFORT-ALFORTVILLE RER", "marker-color": "#818181"}}, {"type": "Feature", "geometry": {"type": "Point", "coordinates": [2.422858, 48.814663]}, "properties": {"numparc": 2808, "etat de la localisation": "autre", "ID BDGEO": "673", "horodatage": "2022-11-20 09:23:04", "distance (en metres)": 131.29, "station": "ECOLE VETERINAIRE - METRO.", "marker-color": "#818181"}}, {"type": "Feature", "geometry": {"type": "Point", "coordinates": [2.421721, 48.814907]}, "properties": {"numparc": 2793, "etat de la localisation": "autre", "ID BDGEO": "3", "horodatage": "2022-11-20 09:28:41", "distance (en metres)": 79.92, "station": "ECOLE VETERINAIRE - METRO", "marker-color": "#818181"}}, {"type": "Feature", "geometry": {"type": "Point", "coordinates": [2.421624, 48.814995]}, "properties": {"numparc": 2798, "etat de la localisation": "autre", "ID BDGEO": "3", "horodatage": "2022-11-20 09:32:21", "distance (en metres)": 90.18, "station": "ECOLE VETERINAIRE - METRO", "marker-color": "#818181"}}, {"type": "Feature", "geometry": {"type": "Point", "coordinates": [2.422402, 48.804092]}, "properties": {"numparc": 2808, "etat de la localisation": "autre", "ID BDGEO": "22", "horodatage": "2022-11-20 09:34:58", "distance (en metres)": 123.36, "station": "RAYMOND JACLARD", "marker-color": "#818181"}}, {"type": "Feature", "geometry": {"type": "Point", "coordinates": [2.421461, 48.814968]}, "properties": {"numparc": 2806, "etat de la localisation": "autre", "ID BDGEO": "3", "horodatage": "2022-11-20 09:35:09", "distance (en metres)": 100.12, "station": "ECOLE VETERINAIRE - METRO", "marker-color": "#818181"}}, {"type": "Feature", "geometry": {"type": "Point", "coordinates": [2.421461, 48.814968]}, "properties": {"numparc": 2806, "etat de la localisation": "autre", "ID BDGEO": "3", "horodatage": "2022-11-20 09:35:09", "distance (en metres)": 100.12, "station": "ECOLE VETERINAIRE - METRO", "marker-color": "#818181"}}, {"type": "Feature", "geometry": {"type": "Point", "coordinates": [2.425325, 48.802799]}, "properties": {"numparc": 2808, "etat de la localisation": "autre", "ID BDGEO": "53", "horodatage": "2022-11-20 09:36:00", "distance (en metres)": 61.84, "station": "M. ALFORT-ALFORTVILLE RER", "marker-color": "#818181"}}, {"type": "Feature", "geometry": {"type": "Point", "coordinates": [2.421461, 48.814968]}, "properties": {"numparc": 2806, "etat de la localisation": "autre", "ID BDGEO": "3", "horodatage": "2022-11-20 09:37:18", "distance (en metres)": 100.12, "station": "ECOLE VETERINAIRE - METRO", "marker-color": "#818181"}}, {"type": "Feature", "geometry": {"type": "Point", "coordinates": [2.421461, 48.814968]}, "properties": {"numparc": 2806, "etat de la localisation": "autre", "ID BDGEO": "3", "horodatage": "2022-11-20 09:37:18", "distance (en metres)": 100.12, "station": "ECOLE VETERINAIRE - METRO", "marker-color": "#818181"}}, {"type": "Feature", "geometry": {"type": "Point", "coordinates": [2.425319, 48.802803]}, "properties": {"numparc": 2784, "etat de la localisation": "autre", "ID BDGEO": "53", "horodatage": "2022-11-20 09:39:51", "distance (en metres)": 62.43, "station": "M. ALFORT-ALFORTVILLE RER", "marker-color": "#818181"}}, {"type": "Feature", "geometry": {"type": "Point", "coordinates": [2.421624, 48.814995]}, "properties": {"numparc": 2798, "etat de la localisation": "autre", "ID BDGEO": "3", "horodatage": "2022-11-20 09:40:05", "distance (en metres)": 90.18, "station": "ECOLE VETERINAIRE - METRO", "marker-color": "#818181"}}, {"type": "Feature", "geometry": {"type": "Point", "coordinates": [2.421461, 48.814968]}, "properties": {"numparc": 2806, "etat de la localisation": "autre", "ID BDGEO": "3", "horodatage": "2022-11-20 09:42:08", "distance (en metres)": 100.12, "station": "ECOLE VETERINAIRE - METRO", "marker-color": "#818181"}}, {"type": "Feature", "geometry": {"type": "Point", "coordinates": [2.421461, 48.814968]}, "properties": {"numparc": 2806, "etat de la localisation": "autre", "ID BDGEO": "3", "horodatage": "2022-11-20 09:42:08", "distance (en metres)": 100.12, "station": "ECOLE VETERINAIRE - METRO", "marker-color": "#818181"}}, {"type": "Feature", "geometry": {"type": "Point", "coordinates": [2.421348, 48.815056]}, "properties": {"numparc": 2803, "etat de la localisation": "autre", "ID BDGEO": "3", "horodatage": "2022-11-20 09:45:08", "distance (en metres)": 111.4, "station": "ECOLE VETERINAIRE - METRO", "marker-color": "#818181"}}, {"type": "Feature", "geometry": {"type": "Point", "coordinates": [2.421461, 48.814968]}, "properties": {"numparc": 2806, "etat de la localisation": "autre", "ID BDGEO": "3", "horodatage": "2022-11-20 09:45:26", "distance (en metres)": 100.12, "station": "ECOLE VETERINAIRE - METRO", "marker-color": "#818181"}}, {"type": "Feature", "geometry": {"type": "Point", "coordinates": [2.421461, 48.814968]}, "properties": {"numparc": 2806, "etat de la localisation": "autre", "ID BDGEO": "3", "horodatage": "2022-11-20 09:45:26", "distance (en metres)": 100.12, "station": "ECOLE VETERINAIRE - METRO", "marker-color": "#818181"}}, {"type": "Feature", "geometry": {"type": "Point", "coordinates": [2.421461, 48.814968]}, "properties": {"numparc": 2806, "etat de la localisation": "autre", "ID BDGEO": "3", "horodatage": "2022-11-20 09:45:39", "distance (en metres)": 100.12, "station": "ECOLE VETERINAIRE - METRO", "marker-color": "#818181"}}, {"type": "Feature", "geometry": {"type": "Point", "coordinates": [2.421461, 48.814968]}, "properties": {"numparc": 2806, "etat de la localisation": "autre", "ID BDGEO": "3", "horodatage": "2022-11-20 09:45:39", "distance (en metres)": 100.12, "station": "ECOLE VETERINAIRE - METRO", "marker-color": "#818181"}}, {"type": "Feature", "geometry": {"type": "Point", "coordinates": [2.425313, 48.802807]}, "properties": {"numparc": 2793, "etat de la localisation": "autre", "ID BDGEO": "53", "horodatage": "2022-11-20 09:47:08", "distance (en metres)": 63.03, "station": "M. ALFORT-ALFORTVILLE RER", "marker-color": "#818181"}}, {"type": "Feature", "geometry": {"type": "Point", "coordinates": [2.425278, 48.802822]}, "properties": {"numparc": 2798, "etat de la localisation": "autre", "ID BDGEO": "53", "horodatage": "2022-11-20 09:56:24", "distance (en metres)": 65.92, "station": "M. ALFORT-ALFORTVILLE RER", "marker-color": "#818181"}}, {"type": "Feature", "geometry": {"type": "Point", "coordinates": [2.422428, 48.804081]}, "properties": {"numparc": 2806, "etat de la localisation": "autre", "ID BDGEO": "22", "horodatage": "2022-11-20 09:59:07", "distance (en metres)": 121.2, "station": "RAYMOND JACLARD", "marker-color": "#818181"}}, {"type": "Feature", "geometry": {"type": "Point", "coordinates": [2.422428, 48.804081]}, "properties": {"numparc": 2806, "etat de la localisation": "autre", "ID BDGEO": "22", "horodatage": "2022-11-20 09:59:07", "distance (en metres)": 121.2, "station": "RAYMOND JACLARD", "marker-color": "#818181"}}, {"type": "Feature", "geometry": {"type": "Point", "coordinates": [2.425332, 48.802795]}, "properties": {"numparc": 2806, "etat de la localisation": "autre", "ID BDGEO": "53", "horodatage": "2022-11-20 10:00:28", "distance (en metres)": 61.18, "station": "M. ALFORT-ALFORTVILLE RER", "marker-color": "#818181"}}, {"type": "Feature", "geometry": {"type": "Point", "coordinates": [2.425332, 48.802795]}, "properties": {"numparc": 2806, "etat de la localisation": "autre", "ID BDGEO": "53", "horodatage": "2022-11-20 10:00:28", "distance (en metres)": 61.18, "station": "M. ALFORT-ALFORTVILLE RER", "marker-color": "#818181"}}, {"type": "Feature", "geometry": {"type": "Point", "coordinates": [2.421262, 48.81506]}, "properties": {"numparc": 2800, "etat de la localisation": "autre", "ID BDGEO": "3", "horodatage": "2022-11-20 10:03:28", "distance (en metres)": 117.38, "station": "ECOLE VETERINAIRE - METRO", "marker-color": "#818181"}}, {"type": "Feature", "geometry": {"type": "Point", "coordinates": [2.42417, 48.814114]}, "properties": {"numparc": 2800, "etat de la localisation": "autre", "ID BDGEO": "3", "horodatage": "2022-11-20 10:04:37", "distance (en metres)": 120.72, "station": "ECOLE VETERINAIRE - METRO", "marker-color": "#818181"}}, {"type": "Feature", "geometry": {"type": "Point", "coordinates": [2.400017, 48.7612]}, "properties": {"numparc": 2808, "etat de la localisation": "autre", "ID BDGEO": "8", "horodatage": "2022-11-20 10:04:49", "distance (en metres)": 3320.23, "station": "CENTRE BUS CRETEIL (E)", "marker-color": "#818181"}}, {"type": "Feature", "geometry": {"type": "Point", "coordinates": [2.422358, 48.804085]}, "properties": {"numparc": 2803, "etat de la localisation": "autre", "ID BDGEO": "22", "horodatage": "2022-11-20 10:14:57", "distance (en metres)": 126.28, "station": "RAYMOND JACLARD", "marker-color": "#818181"}}, {"type": "Feature", "geometry": {"type": "Point", "coordinates": [2.421368, 48.815041]}, "properties": {"numparc": 2796, "etat de la localisation": "autre", "ID BDGEO": "3", "horodatage": "2022-11-20 10:15:10", "distance (en metres)": 109.41, "station": "ECOLE VETERINAIRE - METRO", "marker-color": "#818181"}}, {"type": "Feature", "geometry": {"type": "Point", "coordinates": [2.422358, 48.804085]}, "properties": {"numparc": 2803, "etat de la localisation": "autre", "ID BDGEO": "22", "horodatage": "2022-11-20 10:15:15", "distance (en metres)": 126.28, "station": "RAYMOND JACLARD", "marker-color": "#818181"}}, {"type": "Feature", "geometry": {"type": "Point", "coordinates": [2.425283, 48.802818]}, "properties": {"numparc": 2803, "etat de la localisation": "autre", "ID BDGEO": "53", "horodatage": "2022-11-20 10:17:06", "distance (en metres)": 65.36, "station": "M. ALFORT-ALFORTVILLE RER", "marker-color": "#818181"}}, {"type": "Feature", "geometry": {"type": "Point", "coordinates": [2.421507, 48.814976]}, "properties": {"numparc": 2804, "etat de la localisation": "autre", "ID BDGEO": "3", "horodatage": "2022-11-20 10:23:47", "distance (en metres)": 97.28, "station": "ECOLE VETERINAIRE - METRO", "marker-color": "#818181"}}, {"type": "Feature", "geometry": {"type": "Point", "coordinates": [2.422368, 48.804062]}, "properties": {"numparc": 2800, "etat de la localisation": "autre", "ID BDGEO": "22", "horodatage": "2022-11-20 10:25:27", "distance (en metres)": 125.0, "station": "RAYMOND JACLARD", "marker-color": "#818181"}}, {"type": "Feature", "geometry": {"type": "Point", "coordinates": [2.42528, 48.802792]}, "properties": {"numparc": 2800, "etat de la localisation": "autre", "ID BDGEO": "53", "horodatage": "2022-11-20 10:26:33", "distance (en metres)": 63.13, "station": "M. ALFORT-ALFORTVILLE RER", "marker-color": "#818181"}}, {"type": "Feature", "geometry": {"type": "Point", "coordinates": [2.425313, 48.802788]}, "properties": {"numparc": 2797, "etat de la localisation": "autre", "ID BDGEO": "53", "horodatage": "2022-11-20 10:30:26", "distance (en metres)": 61.32, "station": "M. ALFORT-ALFORTVILLE RER", "marker-color": "#818181"}}, {"type": "Feature", "geometry": {"type": "Point", "coordinates": [2.425313, 48.802788]}, "properties": {"numparc": 2797, "etat de la localisation": "autre", "ID BDGEO": "53", "horodatage": "2022-11-20 10:30:29", "distance (en metres)": 61.32, "station": "M. ALFORT-ALFORTVILLE RER", "marker-color": "#818181"}}, {"type": "Feature", "geometry": {"type": "Point", "coordinates": [2.420028, 48.782047]}, "properties": {"numparc": 2797, "etat de la localisation": "autre", "ID BDGEO": "41", "horodatage": "2022-11-20 10:40:59", "distance (en metres)": 74.92, "station": "DIGUE-REVOLUTION", "marker-color": "#818181"}}, {"type": "Feature", "geometry": {"type": "Point", "coordinates": [2.422149, 48.814766]}, "properties": {"numparc": 2784, "etat de la localisation": "autre", "ID BDGEO": "3", "horodatage": "2022-11-20 10:46:47", "distance (en metres)": 45.29, "station": "ECOLE VETERINAIRE - METRO", "marker-color": "#818181"}}, {"type": "Feature", "geometry": {"type": "Point", "coordinates": [2.422423, 48.804073]}, "properties": {"numparc": 2804, "etat de la localisation": "autre", "ID BDGEO": "22", "horodatage": "2022-11-20 10:51:18", "distance (en metres)": 121.36, "station": "RAYMOND JACLARD", "marker-color": "#818181"}}, {"type": "Feature", "geometry": {"type": "Point", "coordinates": [2.42637, 48.795879]}, "properties": {"numparc": 2806, "etat de la localisation": "autre", "ID BDGEO": "30", "horodatage": "2022-11-20 10:51:46", "distance (en metres)": 126.22, "station": "ACHTARAK", "marker-color": "#818181"}}, {"type": "Feature", "geometry": {"type": "Point", "coordinates": [2.42637, 48.795879]}, "properties": {"numparc": 2806, "etat de la localisation": "autre", "ID BDGEO": "30", "horodatage": "2022-11-20 10:51:46", "distance (en metres)": 126.22, "station": "ACHTARAK", "marker-color": "#818181"}}, {"type": "Feature", "geometry": {"type": "Point", "coordinates": [2.422155, 48.814766]}, "properties": {"numparc": 2793, "etat de la localisation": "autre", "ID BDGEO": "3", "horodatage": "2022-11-20 10:52:03", "distance (en metres)": 44.87, "station": "ECOLE VETERINAIRE - METRO", "marker-color": "#818181"}}, {"type": "Feature", "geometry": {"type": "Point", "coordinates": [2.425345, 48.802788]}, "properties": {"numparc": 2804, "etat de la localisation": "autre", "ID BDGEO": "53", "horodatage": "2022-11-20 10:52:14", "distance (en metres)": 59.95, "station": "M. ALFORT-ALFORTVILLE RER", "marker-color": "#818181"}}, {"type": "Feature", "geometry": {"type": "Point", "coordinates": [2.40939, 48.765579]}, "properties": {"numparc": 2800, "etat de la localisation": "autre", "ID BDGEO": "625", "horodatage": "2022-11-20 10:57:34", "distance (en metres)": 62.68, "station": "CHOISY-LE-ROI RER", "marker-color": "#818181"}}, {"type": "Feature", "geometry": {"type": "Point", "coordinates": [2.421825, 48.814827]}, "properties": {"numparc": 2798, "etat de la localisation": "autre", "ID BDGEO": "3", "horodatage": "2022-11-20 11:00:18", "distance (en metres)": 69.96, "station": "ECOLE VETERINAIRE - METRO", "marker-color": "#818181"}}, {"type": "Feature", "geometry": {"type": "Point", "coordinates": [2.425306, 48.802784]}, "properties": {"numparc": 2808, "etat de la localisation": "autre", "ID BDGEO": "53", "horodatage": "2022-11-20 11:01:48", "distance (en metres)": 61.29, "station": "M. ALFORT-ALFORTVILLE RER", "marker-color": "#818181"}}, {"type": "Feature", "geometry": {"type": "Point", "coordinates": [2.4224, 48.804092]}, "properties": {"numparc": 2784, "etat de la localisation": "autre", "ID BDGEO": "22", "horodatage": "2022-11-20 11:03:29", "distance (en metres)": 123.49, "station": "RAYMOND JACLARD", "marker-color": "#818181"}}, {"type": "Feature", "geometry": {"type": "Point", "coordinates": [2.425297, 48.802822]}, "properties": {"numparc": 2784, "etat de la localisation": "autre", "ID BDGEO": "53", "horodatage": "2022-11-20 11:04:31", "distance (en metres)": 65.09, "station": "M. ALFORT-ALFORTVILLE RER", "marker-color": "#818181"}}, {"type": "Feature", "geometry": {"type": "Point", "coordinates": [2.422208, 48.814754]}, "properties": {"numparc": 2806, "etat de la localisation": "autre", "ID BDGEO": "3", "horodatage": "2022-11-20 11:05:20", "distance (en metres)": 40.78, "station": "ECOLE VETERINAIRE - METRO", "marker-color": "#818181"}}, {"type": "Feature", "geometry": {"type": "Point", "coordinates": [2.422208, 48.814754]}, "properties": {"numparc": 2806, "etat de la localisation": "autre", "ID BDGEO": "3", "horodatage": "2022-11-20 11:05:20", "distance (en metres)": 40.78, "station": "ECOLE VETERINAIRE - METRO", "marker-color": "#818181"}}, {"type": "Feature", "geometry": {"type": "Point", "coordinates": [2.422439, 48.80407]}, "properties": {"numparc": 2793, "etat de la localisation": "autre", "ID BDGEO": "22", "horodatage": "2022-11-20 11:15:31", "distance (en metres)": 120.11, "station": "RAYMOND JACLARD", "marker-color": "#818181"}}, {"type": "Feature", "geometry": {"type": "Point", "coordinates": [2.42529, 48.802822]}, "properties": {"numparc": 2793, "etat de la localisation": "autre", "ID BDGEO": "53", "horodatage": "2022-11-20 11:17:07", "distance (en metres)": 65.39, "station": "M. ALFORT-ALFORTVILLE RER", "marker-color": "#818181"}}, {"type": "Feature", "geometry": {"type": "Point", "coordinates": [2.4224, 48.804092]}, "properties": {"numparc": 2798, "etat de la localisation": "autre", "ID BDGEO": "22", "horodatage": "2022-11-20 11:25:11", "distance (en metres)": 123.49, "station": "RAYMOND JACLARD", "marker-color": "#818181"}}, {"type": "Feature", "geometry": {"type": "Point", "coordinates": [2.42116, 48.81509]}, "properties": {"numparc": 2803, "etat de la localisation": "autre", "ID BDGEO": "3", "horodatage": "2022-11-20 11:25:13", "distance (en metres)": 125.58, "station": "ECOLE VETERINAIRE - METRO", "marker-color": "#818181"}}, {"type": "Feature", "geometry": {"type": "Point", "coordinates": [2.425324, 48.802803]}, "properties": {"numparc": 2798, "etat de la localisation": "autre", "ID BDGEO": "53", "horodatage": "2022-11-20 11:26:17", "distance (en metres)": 62.22, "station": "M. ALFORT-ALFORTVILLE RER", "marker-color": "#818181"}}, {"type": "Feature", "geometry": {"type": "Point", "coordinates": [2.425324, 48.802803]}, "properties": {"numparc": 2798, "etat de la localisation": "autre", "ID BDGEO": "53", "horodatage": "2022-11-20 11:27:02", "distance (en metres)": 62.22, "station": "M. ALFORT-ALFORTVILLE RER", "marker-color": "#818181"}}, {"type": "Feature", "geometry": {"type": "Point", "coordinates": [2.442394, 48.77235]}, "properties": {"numparc": 2816, "etat de la localisation": "autre", "ID BDGEO": "7", "horodatage": "2022-11-20 11:27:21", "distance (en metres)": 66.7, "station": "CENTRE BUS CRETEIL (S)", "marker-color": "#818181"}}, {"type": "Feature", "geometry": {"type": "Point", "coordinates": [2.425344, 48.802799]}, "properties": {"numparc": 2806, "etat de la localisation": "autre", "ID BDGEO": "53", "horodatage": "2022-11-20 11:31:31", "distance (en metres)": 61.04, "station": "M. ALFORT-ALFORTVILLE RER", "marker-color": "#818181"}}, {"type": "Feature", "geometry": {"type": "Point", "coordinates": [2.425344, 48.802799]}, "properties": {"numparc": 2806, "etat de la localisation": "autre", "ID BDGEO": "53", "horodatage": "2022-11-20 11:31:31", "distance (en metres)": 61.04, "station": "M. ALFORT-ALFORTVILLE RER", "marker-color": "#818181"}}, {"type": "Feature", "geometry": {"type": "Point", "coordinates": [2.421568, 48.81493]}, "properties": {"numparc": 2797, "etat de la localisation": "autre", "ID BDGEO": "3", "horodatage": "2022-11-20 11:35:28", "distance (en metres)": 91.33, "station": "ECOLE VETERINAIRE - METRO", "marker-color": "#818181"}}, {"type": "Feature", "geometry": {"type": "Point", "coordinates": [2.421602, 48.814926]}, "properties": {"numparc": 2796, "etat de la localisation": "autre", "ID BDGEO": "3", "horodatage": "2022-11-20 11:48:35", "distance (en metres)": 88.84, "station": "ECOLE VETERINAIRE - METRO", "marker-color": "#818181"}}, {"type": "Feature", "geometry": {"type": "Point", "coordinates": [2.421602, 48.814926]}, "properties": {"numparc": 2796, "etat de la localisation": "autre", "ID BDGEO": "3", "horodatage": "2022-11-20 11:49:00", "distance (en metres)": 88.84, "station": "ECOLE VETERINAIRE - METRO", "marker-color": "#818181"}}, {"type": "Feature", "geometry": {"type": "Point", "coordinates": [2.425245, 48.802822]}, "properties": {"numparc": 2803, "etat de la localisation": "autre", "ID BDGEO": "53", "horodatage": "2022-11-20 11:50:09", "distance (en metres)": 67.38, "station": "M. ALFORT-ALFORTVILLE RER", "marker-color": "#818181"}}, {"type": "Feature", "geometry": {"type": "Point", "coordinates": [2.425312, 48.802803]}, "properties": {"numparc": 2800, "etat de la localisation": "autre", "ID BDGEO": "53", "horodatage": "2022-11-20 11:51:29", "distance (en metres)": 62.73, "station": "M. ALFORT-ALFORTVILLE RER", "marker-color": "#818181"}}, {"type": "Feature", "geometry": {"type": "Point", "coordinates": [2.421694, 48.814899]}, "properties": {"numparc": 2804, "etat de la localisation": "autre", "ID BDGEO": "3", "horodatage": "2022-11-20 11:57:00", "distance (en metres)": 81.5, "station": "ECOLE VETERINAIRE - METRO", "marker-color": "#818181"}}, {"type": "Feature", "geometry": {"type": "Point", "coordinates": [2.422396, 48.804058]}, "properties": {"numparc": 2797, "etat de la localisation": "autre", "ID BDGEO": "22", "horodatage": "2022-11-20 12:01:34", "distance (en metres)": 122.91, "station": "RAYMOND JACLARD", "marker-color": "#818181"}}, {"type": "Feature", "geometry": {"type": "Point", "coordinates": [2.425323, 48.802788]}, "properties": {"numparc": 2797, "etat de la localisation": "autre", "ID BDGEO": "53", "horodatage": "2022-11-20 12:02:44", "distance (en metres)": 60.89, "station": "M. ALFORT-ALFORTVILLE RER", "marker-color": "#818181"}}, {"type": "Feature", "geometry": {"type": "Point", "coordinates": [2.422395, 48.804108]}, "properties": {"numparc": 2796, "etat de la localisation": "autre", "ID BDGEO": "22", "horodatage": "2022-11-20 12:08:47", "distance (en metres)": 124.27, "station": "RAYMOND JACLARD", "marker-color": "#818181"}}, {"type": "Feature", "geometry": {"type": "Point", "coordinates": [2.41548, 48.814274]}, "properties": {"numparc": 2808, "etat de la localisation": "autre", "ID BDGEO": "12", "horodatage": "2022-11-20 12:09:01", "distance (en metres)": 121.71, "station": "GENERAL DE GAULLE", "marker-color": "#818181"}}, {"type": "Feature", "geometry": {"type": "Point", "coordinates": [2.425347, 48.80283]}, "properties": {"numparc": 2796, "etat de la localisation": "autre", "ID BDGEO": "53", "horodatage": "2022-11-20 12:09:48", "distance (en metres)": 63.74, "station": "M. ALFORT-ALFORTVILLE RER", "marker-color": "#818181"}}, {"type": "Feature", "geometry": {"type": "Point", "coordinates": [2.425408, 48.795467]}, "properties": {"numparc": 2793, "etat de la localisation": "autre", "ID BDGEO": "30", "horodatage": "2022-11-20 12:11:17", "distance (en metres)": 57.58, "station": "ACHTARAK", "marker-color": "#818181"}}, {"type": "Feature", "geometry": {"type": "Point", "coordinates": [2.421868, 48.814838]}, "properties": {"numparc": 2784, "etat de la localisation": "autre", "ID BDGEO": "3", "horodatage": "2022-11-20 12:12:14", "distance (en metres)": 67.28, "station": "ECOLE VETERINAIRE - METRO", "marker-color": "#818181"}}, {"type": "Feature", "geometry": {"type": "Point", "coordinates": [2.422407, 48.804092]}, "properties": {"numparc": 2804, "etat de la localisation": "autre", "ID BDGEO": "22", "horodatage": "2022-11-20 12:17:58", "distance (en metres)": 123.0, "station": "RAYMOND JACLARD", "marker-color": "#818181"}}, {"type": "Feature", "geometry": {"type": "Point", "coordinates": [2.423337, 48.814526]}, "properties": {"numparc": 2784, "etat de la localisation": "autre", "ID BDGEO": "3", "horodatage": "2022-11-20 12:18:43", "distance (en metres)": 45.78, "station": "ECOLE VETERINAIRE - METRO", "marker-color": "#818181"}}, {"type": "Feature", "geometry": {"type": "Point", "coordinates": [2.425337, 48.802803]}, "properties": {"numparc": 2804, "etat de la localisation": "autre", "ID BDGEO": "53", "horodatage": "2022-11-20 12:19:00", "distance (en metres)": 61.67, "station": "M. ALFORT-ALFORTVILLE RER", "marker-color": "#818181"}}, {"type": "Feature", "geometry": {"type": "Point", "coordinates": [2.422146, 48.814766]}, "properties": {"numparc": 2793, "etat de la localisation": "autre", "ID BDGEO": "3", "horodatage": "2022-11-20 12:28:33", "distance (en metres)": 45.5, "station": "ECOLE VETERINAIRE - METRO", "marker-color": "#818181"}}, {"type": "Feature", "geometry": {"type": "Point", "coordinates": [2.421646, 48.81493]}, "properties": {"numparc": 2788, "etat de la localisation": "autre", "ID BDGEO": "3", "horodatage": "2022-11-20 12:30:13", "distance (en metres)": 85.94, "station": "ECOLE VETERINAIRE - METRO", "marker-color": "#818181"}}, {"type": "Feature", "geometry": {"type": "Point", "coordinates": [2.421431, 48.815018]}, "properties": {"numparc": 2798, "etat de la localisation": "autre", "ID BDGEO": "3", "horodatage": "2022-11-20 12:33:29", "distance (en metres)": 104.16, "station": "ECOLE VETERINAIRE - METRO", "marker-color": "#818181"}}, {"type": "Feature", "geometry": {"type": "Point", "coordinates": [2.425322, 48.802792]}, "properties": {"numparc": 2808, "etat de la localisation": "autre", "ID BDGEO": "53", "horodatage": "2022-11-20 12:34:34", "distance (en metres)": 61.27, "station": "M. ALFORT-ALFORTVILLE RER", "marker-color": "#818181"}}, {"type": "Feature", "geometry": {"type": "Point", "coordinates": [2.425315, 48.802807]}, "properties": {"numparc": 2784, "etat de la localisation": "autre", "ID BDGEO": "53", "horodatage": "2022-11-20 12:35:38", "distance (en metres)": 62.95, "station": "M. ALFORT-ALFORTVILLE RER", "marker-color": "#818181"}}, {"type": "Feature", "geometry": {"type": "Point", "coordinates": [2.421431, 48.815018]}, "properties": {"numparc": 2798, "etat de la localisation": "autre", "ID BDGEO": "3", "horodatage": "2022-11-20 12:40:39", "distance (en metres)": 104.16, "station": "ECOLE VETERINAIRE - METRO", "marker-color": "#818181"}}, {"type": "Feature", "geometry": {"type": "Point", "coordinates": [2.421439, 48.81501]}, "properties": {"numparc": 2806, "etat de la localisation": "autre", "ID BDGEO": "3", "horodatage": "2022-11-20 12:42:01", "distance (en metres)": 103.3, "station": "ECOLE VETERINAIRE - METRO", "marker-color": "#818181"}}, {"type": "Feature", "geometry": {"type": "Point", "coordinates": [2.421439, 48.81501]}, "properties": {"numparc": 2806, "etat de la localisation": "autre", "ID BDGEO": "3", "horodatage": "2022-11-20 12:42:01", "distance (en metres)": 103.3, "station": "ECOLE VETERINAIRE - METRO", "marker-color": "#818181"}}, {"type": "Feature", "geometry": {"type": "Point", "coordinates": [2.422395, 48.804058]}, "properties": {"numparc": 2793, "etat de la localisation": "autre", "ID BDGEO": "22", "horodatage": "2022-11-20 12:43:51", "distance (en metres)": 122.98, "station": "RAYMOND JACLARD", "marker-color": "#818181"}}, {"type": "Feature", "geometry": {"type": "Point", "coordinates": [2.425297, 48.802807]}, "properties": {"numparc": 2793, "etat de la localisation": "autre", "ID BDGEO": "53", "horodatage": "2022-11-20 12:44:57", "distance (en metres)": 63.72, "station": "M. ALFORT-ALFORTVILLE RER", "marker-color": "#818181"}}, {"type": "Feature", "geometry": {"type": "Point", "coordinates": [2.443325, 48.772522]}, "properties": {"numparc": 2796, "etat de la localisation": "autre", "ID BDGEO": "8", "horodatage": "2022-11-20 12:45:52", "distance (en metres)": 105.32, "station": "CENTRE BUS CRETEIL (E)", "marker-color": "#818181"}}, {"type": "Feature", "geometry": {"type": "Point", "coordinates": [2.422403, 48.804081]}, "properties": {"numparc": 2788, "etat de la localisation": "autre", "ID BDGEO": "22", "horodatage": "2022-11-20 12:49:04", "distance (en metres)": 122.97, "station": "RAYMOND JACLARD", "marker-color": "#818181"}}, {"type": "Feature", "geometry": {"type": "Point", "coordinates": [2.425318, 48.80278]}, "properties": {"numparc": 2788, "etat de la localisation": "autre", "ID BDGEO": "53", "horodatage": "2022-11-20 12:50:03", "distance (en metres)": 60.42, "station": "M. ALFORT-ALFORTVILLE RER", "marker-color": "#818181"}}, {"type": "Feature", "geometry": {"type": "Point", "coordinates": [2.409226, 48.765564]}, "properties": {"numparc": 2784, "etat de la localisation": "autre", "ID BDGEO": "55", "horodatage": "2022-11-20 12:53:33", "distance (en metres)": 58.51, "station": "CHOISY-LE-ROI RER", "marker-color": "#818181"}}, {"type": "Feature", "geometry": {"type": "Point", "coordinates": [2.420275, 48.804909]}, "properties": {"numparc": 2800, "etat de la localisation": "autre", "ID BDGEO": "6", "horodatage": "2022-11-20 12:54:34", "distance (en metres)": 74.12, "station": "MAIRIE D'ALFORTVILLE", "marker-color": "#818181"}}, {"type": "Feature", "geometry": {"type": "Point", "coordinates": [2.442078, 48.772301]}, "properties": {"numparc": 2801, "etat de la localisation": "autre", "ID BDGEO": "7", "horodatage": "2022-11-20 12:54:59", "distance (en metres)": 90.46, "station": "CENTRE BUS CRETEIL (S)", "marker-color": "#818181"}}, {"type": "Feature", "geometry": {"type": "Point", "coordinates": [2.420264, 48.805069]}, "properties": {"numparc": 2803, "etat de la localisation": "autre", "ID BDGEO": "6", "horodatage": "2022-11-20 12:55:02", "distance (en metres)": 64.38, "station": "MAIRIE D'ALFORTVILLE", "marker-color": "#818181"}}, {"type": "Feature", "geometry": {"type": "Point", "coordinates": [2.422373, 48.804127]}, "properties": {"numparc": 2798, "etat de la localisation": "autre", "ID BDGEO": "22", "horodatage": "2022-11-20 12:55:49", "distance (en metres)": 126.38, "station": "RAYMOND JACLARD", "marker-color": "#818181"}}, {"type": "Feature", "geometry": {"type": "Point", "coordinates": [2.404882, 48.764141]}, "properties": {"numparc": 2808, "etat de la localisation": "autre", "ID BDGEO": "825", "horodatage": "2022-11-20 12:56:45", "distance (en metres)": 503.22, "station": "GEORGES HALGOULT#", "marker-color": "#818181"}}, {"type": "Feature", "geometry": {"type": "Point", "coordinates": [2.425298, 48.802864]}, "properties": {"numparc": 2798, "etat de la localisation": "autre", "ID BDGEO": "53", "horodatage": "2022-11-20 12:57:12", "distance (en metres)": 68.9, "station": "M. ALFORT-ALFORTVILLE RER", "marker-color": "#818181"}}, {"type": "Feature", "geometry": {"type": "Point", "coordinates": [2.443278, 48.772732]}, "properties": {"numparc": 2799, "etat de la localisation": "autre", "ID BDGEO": "59", "horodatage": "2022-11-20 13:01:10", "distance (en metres)": 1381.33, "station": "VAL DE SEINE", "marker-color": "#818181"}}, {"type": "Feature", "geometry": {"type": "Point", "coordinates": [2.4224, 48.804085]}, "properties": {"numparc": 2806, "etat de la localisation": "autre", "ID BDGEO": "22", "horodatage": "2022-11-20 13:04:22", "distance (en metres)": 123.29, "station": "RAYMOND JACLARD", "marker-color": "#818181"}}, {"type": "Feature", "geometry": {"type": "Point", "coordinates": [2.4224, 48.804085]}, "properties": {"numparc": 2806, "etat de la localisation": "autre", "ID BDGEO": "22", "horodatage": "2022-11-20 13:04:22", "distance (en metres)": 123.29, "station": "RAYMOND JACLARD", "marker-color": "#818181"}}, {"type": "Feature", "geometry": {"type": "Point", "coordinates": [2.4224, 48.804085]}, "properties": {"numparc": 2806, "etat de la localisation": "autre", "ID BDGEO": "22", "horodatage": "2022-11-20 13:04:31", "distance (en metres)": 123.29, "station": "RAYMOND JACLARD", "marker-color": "#818181"}}, {"type": "Feature", "geometry": {"type": "Point", "coordinates": [2.4224, 48.804085]}, "properties": {"numparc": 2806, "etat de la localisation": "autre", "ID BDGEO": "22", "horodatage": "2022-11-20 13:04:31", "distance (en metres)": 123.29, "station": "RAYMOND JACLARD", "marker-color": "#818181"}}, {"type": "Feature", "geometry": {"type": "Point", "coordinates": [2.422133, 48.814781]}, "properties": {"numparc": 2800, "etat de la localisation": "autre", "ID BDGEO": "3", "horodatage": "2022-11-20 13:05:23", "distance (en metres)": 46.88, "station": "ECOLE VETERINAIRE - METRO", "marker-color": "#818181"}}, {"type": "Feature", "geometry": {"type": "Point", "coordinates": [2.425337, 48.802799]}, "properties": {"numparc": 2806, "etat de la localisation": "autre", "ID BDGEO": "53", "horodatage": "2022-11-20 13:05:36", "distance (en metres)": 61.32, "station": "M. ALFORT-ALFORTVILLE RER", "marker-color": "#818181"}}, {"type": "Feature", "geometry": {"type": "Point", "coordinates": [2.425337, 48.802799]}, "properties": {"numparc": 2806, "etat de la localisation": "autre", "ID BDGEO": "53", "horodatage": "2022-11-20 13:05:36", "distance (en metres)": 61.32, "station": "M. ALFORT-ALFORTVILLE RER", "marker-color": "#818181"}}, {"type": "Feature", "geometry": {"type": "Point", "coordinates": [2.421676, 48.815033]}, "properties": {"numparc": 2800, "etat de la localisation": "autre", "ID BDGEO": "3", "horodatage": "2022-11-20 13:19:43", "distance (en metres)": 88.62, "station": "ECOLE VETERINAIRE - METRO", "marker-color": "#818181"}}, {"type": "Feature", "geometry": {"type": "Point", "coordinates": [2.443321, 48.772522]}, "properties": {"numparc": 2796, "etat de la localisation": "autre", "ID BDGEO": "8", "horodatage": "2022-11-20 13:22:17", "distance (en metres)": 105.02, "station": "CENTRE BUS CRETEIL (E)", "marker-color": "#818181"}}, {"type": "Feature", "geometry": {"type": "Point", "coordinates": [2.414559, 48.81459]}, "properties": {"numparc": 2800, "etat de la localisation": "autre", "ID BDGEO": "12", "horodatage": "2022-11-20 13:23:06", "distance (en metres)": 83.19, "station": "GENERAL DE GAULLE", "marker-color": "#818181"}}, {"type": "Feature", "geometry": {"type": "Point", "coordinates": [2.422369, 48.804054]}, "properties": {"numparc": 2801, "etat de la localisation": "autre", "ID BDGEO": "22", "horodatage": "2022-11-20 13:24:32", "distance (en metres)": 124.75, "station": "RAYMOND JACLARD", "marker-color": "#818181"}}, {"type": "Feature", "geometry": {"type": "Point", "coordinates": [2.443337, 48.77243]}, "properties": {"numparc": 2803, "etat de la localisation": "autre", "ID BDGEO": "8", "horodatage": "2022-11-20 13:24:42", "distance (en metres)": 107.42, "station": "CENTRE BUS CRETEIL (E)", "marker-color": "#818181"}}, {"type": "Feature", "geometry": {"type": "Point", "coordinates": [2.409203, 48.765568]}, "properties": {"numparc": 2806, "etat de la localisation": "autre", "ID BDGEO": "55", "horodatage": "2022-11-20 13:25:07", "distance (en metres)": 56.88, "station": "CHOISY-LE-ROI RER", "marker-color": "#818181"}}, {"type": "Feature", "geometry": {"type": "Point", "coordinates": [2.409203, 48.765568]}, "properties": {"numparc": 2806, "etat de la localisation": "autre", "ID BDGEO": "55", "horodatage": "2022-11-20 13:25:07", "distance (en metres)": 56.88, "station": "CHOISY-LE-ROI RER", "marker-color": "#818181"}}, {"type": "Feature", "geometry": {"type": "Point", "coordinates": [2.42531, 48.80278]}, "properties": {"numparc": 2801, "etat de la localisation": "autre", "ID BDGEO": "53", "horodatage": "2022-11-20 13:26:33", "distance (en metres)": 60.79, "station": "M. ALFORT-ALFORTVILLE RER", "marker-color": "#818181"}}, {"type": "Feature", "geometry": {"type": "Point", "coordinates": [2.422465, 48.804062]}, "properties": {"numparc": 2800, "etat de la localisation": "autre", "ID BDGEO": "22", "horodatage": "2022-11-20 13:32:21", "distance (en metres)": 118.06, "station": "RAYMOND JACLARD", "marker-color": "#818181"}}, {"type": "Feature", "geometry": {"type": "Point", "coordinates": [2.425324, 48.802788]}, "properties": {"numparc": 2800, "etat de la localisation": "autre", "ID BDGEO": "53", "horodatage": "2022-11-20 13:33:22", "distance (en metres)": 60.84, "station": "M. ALFORT-ALFORTVILLE RER", "marker-color": "#818181"}}, {"type": "Feature", "geometry": {"type": "Point", "coordinates": [2.422169, 48.814766]}, "properties": {"numparc": 2784, "etat de la localisation": "autre", "ID BDGEO": "206", "horodatage": "2022-11-20 13:35:30", "distance (en metres)": 71.57, "station": "ECOLE VETERINAIRE - METRO#", "marker-color": "#818181"}}, {"type": "Feature", "geometry": {"type": "Point", "coordinates": [2.442573, 48.773266]}, "properties": {"numparc": 2806, "etat de la localisation": "autre", "ID BDGEO": "7", "horodatage": "2022-11-20 13:39:36", "distance (en metres)": 105.17, "station": "CENTRE BUS CRETEIL (S)", "marker-color": "#818181"}}, {"type": "Feature", "geometry": {"type": "Point", "coordinates": [2.442573, 48.773266]}, "properties": {"numparc": 2806, "etat de la localisation": "autre", "ID BDGEO": "7", "horodatage": "2022-11-20 13:39:36", "distance (en metres)": 105.17, "station": "CENTRE BUS CRETEIL (S)", "marker-color": "#818181"}}, {"type": "Feature", "geometry": {"type": "Point", "coordinates": [2.422411, 48.804085]}, "properties": {"numparc": 2797, "etat de la localisation": "autre", "ID BDGEO": "22", "horodatage": "2022-11-20 13:44:08", "distance (en metres)": 122.51, "station": "RAYMOND JACLARD", "marker-color": "#818181"}}, {"type": "Feature", "geometry": {"type": "Point", "coordinates": [2.422411, 48.804085]}, "properties": {"numparc": 2797, "etat de la localisation": "autre", "ID BDGEO": "22", "horodatage": "2022-11-20 13:44:13", "distance (en metres)": 122.51, "station": "RAYMOND JACLARD", "marker-color": "#818181"}}, {"type": "Feature", "geometry": {"type": "Point", "coordinates": [2.425335, 48.802784]}, "properties": {"numparc": 2797, "etat de la localisation": "autre", "ID BDGEO": "53", "horodatage": "2022-11-20 13:45:51", "distance (en metres)": 60.03, "station": "M. ALFORT-ALFORTVILLE RER", "marker-color": "#818181"}}, {"type": "Feature", "geometry": {"type": "Point", "coordinates": [2.419266, 48.80518]}, "properties": {"numparc": 2799, "etat de la localisation": "Delocalise", "ID BDGEO": "6", "horodatage": "2022-11-20 13:49:28", "distance (en metres)": 130.66, "station": "MAIRIE D'ALFORTVILLE", "marker-color": "#FF565E"}}, {"type": "Feature", "geometry": {"type": "Point", "coordinates": [2.399707, 48.760746]}, "properties": {"numparc": 2800, "etat de la localisation": "autre", "ID BDGEO": "824", "horodatage": "2022-11-20 13:53:43", "distance (en metres)": 50.48, "station": "GEORGES HALGOULT#", "marker-color": "#818181"}}, {"type": "Feature", "geometry": {"type": "Point", "coordinates": [2.416857, 48.810593]}, "properties": {"numparc": 2799, "etat de la localisation": "autre", "ID BDGEO": "15", "horodatage": "2022-11-20 13:55:30", "distance (en metres)": 209.63, "station": "RUE DE SEINE", "marker-color": "#818181"}}, {"type": "Feature", "geometry": {"type": "Point", "coordinates": [2.415488, 48.814243]}, "properties": {"numparc": 2799, "etat de la localisation": "autre", "ID BDGEO": "12", "horodatage": "2022-11-20 13:57:12", "distance (en metres)": 121.47, "station": "GENERAL DE GAULLE", "marker-color": "#818181"}}, {"type": "Feature", "geometry": {"type": "Point", "coordinates": [2.415438, 48.814342]}, "properties": {"numparc": 2799, "etat de la localisation": "autre", "ID BDGEO": "12", "horodatage": "2022-11-20 13:57:50", "distance (en metres)": 120.97, "station": "GENERAL DE GAULLE", "marker-color": "#818181"}}, {"type": "Feature", "geometry": {"type": "Point", "coordinates": [2.415438, 48.814342]}, "properties": {"numparc": 2799, "etat de la localisation": "autre", "ID BDGEO": "12", "horodatage": "2022-11-20 13:57:53", "distance (en metres)": 120.97, "station": "GENERAL DE GAULLE", "marker-color": "#818181"}}, {"type": "Feature", "geometry": {"type": "Point", "coordinates": [2.422409, 48.804092]}, "properties": {"numparc": 2796, "etat de la localisation": "autre", "ID BDGEO": "22", "horodatage": "2022-11-20 14:00:33", "distance (en metres)": 122.85, "station": "RAYMOND JACLARD", "marker-color": "#818181"}}, {"type": "Feature", "geometry": {"type": "Point", "coordinates": [2.421623, 48.814892]}, "properties": {"numparc": 2799, "etat de la localisation": "Delocalise", "ID BDGEO": "3", "horodatage": "2022-11-20 14:00:37", "distance (en metres)": 86.18, "station": "ECOLE VETERINAIRE - METRO", "marker-color": "#FF565E"}}, {"type": "Feature", "geometry": {"type": "Point", "coordinates": [2.443337, 48.77243]}, "properties": {"numparc": 2803, "etat de la localisation": "autre", "ID BDGEO": "8", "horodatage": "2022-11-20 14:01:35", "distance (en metres)": 107.42, "station": "CENTRE BUS CRETEIL (E)", "marker-color": "#818181"}}, {"type": "Feature", "geometry": {"type": "Point", "coordinates": [2.425329, 48.802822]}, "properties": {"numparc": 2796, "etat de la localisation": "autre", "ID BDGEO": "53", "horodatage": "2022-11-20 14:02:26", "distance (en metres)": 63.76, "station": "M. ALFORT-ALFORTVILLE RER", "marker-color": "#818181"}}, {"type": "Feature", "geometry": {"type": "Point", "coordinates": [2.443204, 48.771797]}, "properties": {"numparc": 2800, "etat de la localisation": "autre", "ID BDGEO": "7", "horodatage": "2022-11-20 14:02:45", "distance (en metres)": 72.58, "station": "CENTRE BUS CRETEIL (S)", "marker-color": "#818181"}}, {"type": "Feature", "geometry": {"type": "Point", "coordinates": [2.441488, 48.772923]}, "properties": {"numparc": 2800, "etat de la localisation": "autre", "ID BDGEO": "7", "horodatage": "2022-11-20 14:07:37", "distance (en metres)": 142.38, "station": "CENTRE BUS CRETEIL (S)", "marker-color": "#818181"}}, {"type": "Feature", "geometry": {"type": "Point", "coordinates": [2.420946, 48.815132]}, "properties": {"numparc": 2788, "etat de la localisation": "autre", "ID BDGEO": "3", "horodatage": "2022-11-20 14:08:44", "distance (en metres)": 141.86, "station": "ECOLE VETERINAIRE - METRO", "marker-color": "#818181"}}, {"type": "Feature", "geometry": {"type": "Point", "coordinates": [2.40168, 48.763126]}, "properties": {"numparc": 2797, "etat de la localisation": "autre", "ID BDGEO": "824", "horodatage": "2022-11-20 14:12:53", "distance (en metres)": 251.37, "station": "GEORGES HALGOULT#", "marker-color": "#818181"}}, {"type": "Feature", "geometry": {"type": "Point", "coordinates": [2.421756, 48.814915]}, "properties": {"numparc": 2798, "etat de la localisation": "autre", "ID BDGEO": "3", "horodatage": "2022-11-20 14:13:45", "distance (en metres)": 77.82, "station": "ECOLE VETERINAIRE - METRO", "marker-color": "#818181"}}, {"type": "Feature", "geometry": {"type": "Point", "coordinates": [2.424573, 48.814003]}, "properties": {"numparc": 2798, "etat de la localisation": "Delocalise", "ID BDGEO": "3", "horodatage": "2022-11-20 14:15:13", "distance (en metres)": 152.46, "station": "ECOLE VETERINAIRE - METRO", "marker-color": "#FF565E"}}, {"type": "Feature", "geometry": {"type": "Point", "coordinates": [2.4224, 48.804073]}, "properties": {"numparc": 2799, "etat de la localisation": "autre", "ID BDGEO": "22", "horodatage": "2022-11-20 14:16:32", "distance (en metres)": 122.99, "station": "RAYMOND JACLARD", "marker-color": "#818181"}}, {"type": "Feature", "geometry": {"type": "Point", "coordinates": [2.425314, 48.802788]}, "properties": {"numparc": 2799, "etat de la localisation": "autre", "ID BDGEO": "53", "horodatage": "2022-11-20 14:17:50", "distance (en metres)": 61.28, "station": "M. ALFORT-ALFORTVILLE RER", "marker-color": "#818181"}}, {"type": "Feature", "geometry": {"type": "Point", "coordinates": [2.4214, 48.768982]}, "properties": {"numparc": 2797, "etat de la localisation": "autre", "ID BDGEO": "7", "horodatage": "2022-11-20 14:20:26", "distance (en metres)": 1650.01, "station": "CENTRE BUS CRETEIL (S)", "marker-color": "#818181"}}, {"type": "Feature", "geometry": {"type": "Point", "coordinates": [2.443156, 48.77179]}, "properties": {"numparc": 2797, "etat de la localisation": "autre", "ID BDGEO": "7", "horodatage": "2022-11-20 14:26:59", "distance (en metres)": 73.82, "station": "CENTRE BUS CRETEIL (S)", "marker-color": "#818181"}}, {"type": "Feature", "geometry": {"type": "Point", "coordinates": [2.422395, 48.803989]}, "properties": {"numparc": 2788, "etat de la localisation": "autre", "ID BDGEO": "22", "horodatage": "2022-11-20 14:28:21", "distance (en metres)": 121.58, "station": "RAYMOND JACLARD", "marker-color": "#818181"}}, {"type": "Feature", "geometry": {"type": "Point", "coordinates": [2.425311, 48.802788]}, "properties": {"numparc": 2788, "etat de la localisation": "autre", "ID BDGEO": "53", "horodatage": "2022-11-20 14:29:21", "distance (en metres)": 61.41, "station": "M. ALFORT-ALFORTVILLE RER", "marker-color": "#818181"}}, {"type": "Feature", "geometry": {"type": "Point", "coordinates": [2.441501, 48.772923]}, "properties": {"numparc": 2797, "etat de la localisation": "autre", "ID BDGEO": "7", "horodatage": "2022-11-20 14:31:26", "distance (en metres)": 141.51, "station": "CENTRE BUS CRETEIL (S)", "marker-color": "#818181"}}, {"type": "Feature", "geometry": {"type": "Point", "coordinates": [2.422189, 48.807816]}, "properties": {"numparc": 2801, "etat de la localisation": "autre", "ID BDGEO": "20", "horodatage": "2022-11-20 14:35:32", "distance (en metres)": 178.77, "station": "JOSEPH FRANCESCHI", "marker-color": "#818181"}}, {"type": "Feature", "geometry": {"type": "Point", "coordinates": [2.422396, 48.804073]}, "properties": {"numparc": 2798, "etat de la localisation": "autre", "ID BDGEO": "22", "horodatage": "2022-11-20 14:36:14", "distance (en metres)": 123.28, "station": "RAYMOND JACLARD", "marker-color": "#818181"}}, {"type": "Feature", "geometry": {"type": "Point", "coordinates": [2.425323, 48.802834]}, "properties": {"numparc": 2798, "etat de la localisation": "autre", "ID BDGEO": "53", "horodatage": "2022-11-20 14:37:35", "distance (en metres)": 65.06, "station": "M. ALFORT-ALFORTVILLE RER", "marker-color": "#818181"}}, {"type": "Feature", "geometry": {"type": "Point", "coordinates": [2.443364, 48.77232]}, "properties": {"numparc": 2793, "etat de la localisation": "autre", "ID BDGEO": "8", "horodatage": "2022-11-20 14:37:51", "distance (en metres)": 112.05, "station": "CENTRE BUS CRETEIL (E)", "marker-color": "#818181"}}, {"type": "Feature", "geometry": {"type": "Point", "coordinates": [2.426157, 48.801842]}, "properties": {"numparc": 2802, "etat de la localisation": "autre", "ID BDGEO": "52", "horodatage": "2022-11-20 14:45:19", "distance (en metres)": 92.37, "station": "M. ALFORT-ALFORTVILLE RER", "marker-color": "#818181"}}, {"type": "Feature", "geometry": {"type": "Point", "coordinates": [2.422391, 48.804073]}, "properties": {"numparc": 2803, "etat de la localisation": "autre", "ID BDGEO": "22", "horodatage": "2022-11-20 14:57:54", "distance (en metres)": 123.64, "station": "RAYMOND JACLARD", "marker-color": "#818181"}}, {"type": "Feature", "geometry": {"type": "Point", "coordinates": [2.421752, 48.81488]}, "properties": {"numparc": 2802, "etat de la localisation": "autre", "ID BDGEO": "3", "horodatage": "2022-11-20 14:58:49", "distance (en metres)": 76.8, "station": "ECOLE VETERINAIRE - METRO", "marker-color": "#818181"}}, {"type": "Feature", "geometry": {"type": "Point", "coordinates": [2.421752, 48.81488]}, "properties": {"numparc": 2802, "etat de la localisation": "autre", "ID BDGEO": "3", "horodatage": "2022-11-20 14:59:24", "distance (en metres)": 76.8, "station": "ECOLE VETERINAIRE - METRO", "marker-color": "#818181"}}, {"type": "Feature", "geometry": {"type": "Point", "coordinates": [2.399888, 48.761074]}, "properties": {"numparc": 2798, "etat de la localisation": "autre", "ID BDGEO": "7", "horodatage": "2022-11-20 14:59:24", "distance (en metres)": 3423.32, "station": "CENTRE BUS CRETEIL (S)", "marker-color": "#818181"}}, {"type": "Feature", "geometry": {"type": "Point", "coordinates": [2.425292, 48.802795]}, "properties": {"numparc": 2803, "etat de la localisation": "autre", "ID BDGEO": "53", "horodatage": "2022-11-20 14:59:34", "distance (en metres)": 62.93, "station": "M. ALFORT-ALFORTVILLE RER", "marker-color": "#818181"}}, {"type": "Feature", "geometry": {"type": "Point", "coordinates": [2.422368, 48.804073]}, "properties": {"numparc": 2801, "etat de la localisation": "autre", "ID BDGEO": "22", "horodatage": "2022-11-20 15:10:59", "distance (en metres)": 125.27, "station": "RAYMOND JACLARD", "marker-color": "#818181"}}, {"type": "Feature", "geometry": {"type": "Point", "coordinates": [2.409353, 48.76556]}, "properties": {"numparc": 2793, "etat de la localisation": "autre", "ID BDGEO": "625", "horodatage": "2022-11-20 15:12:16", "distance (en metres)": 59.51, "station": "CHOISY-LE-ROI RER", "marker-color": "#818181"}}, {"type": "Feature", "geometry": {"type": "Point", "coordinates": [2.425281, 48.802814]}, "properties": {"numparc": 2801, "etat de la localisation": "autre", "ID BDGEO": "53", "horodatage": "2022-11-20 15:12:44", "distance (en metres)": 65.1, "station": "M. ALFORT-ALFORTVILLE RER", "marker-color": "#818181"}}, {"type": "Feature", "geometry": {"type": "Point", "coordinates": [2.421967, 48.8148]}, "properties": {"numparc": 2796, "etat de la localisation": "autre", "ID BDGEO": "3", "horodatage": "2022-11-20 15:20:35", "distance (en metres)": 59.15, "station": "ECOLE VETERINAIRE - METRO", "marker-color": "#818181"}}, {"type": "Feature", "geometry": {"type": "Point", "coordinates": [2.421263, 48.815044]}, "properties": {"numparc": 2799, "etat de la localisation": "autre", "ID BDGEO": "3", "horodatage": "2022-11-20 15:21:46", "distance (en metres)": 116.69, "station": "ECOLE VETERINAIRE - METRO", "marker-color": "#818181"}}, {"type": "Feature", "geometry": {"type": "Point", "coordinates": [2.422415, 48.804073]}, "properties": {"numparc": 2802, "etat de la localisation": "autre", "ID BDGEO": "22", "horodatage": "2022-11-20 15:28:23", "distance (en metres)": 121.92, "station": "RAYMOND JACLARD", "marker-color": "#818181"}}, {"type": "Feature", "geometry": {"type": "Point", "coordinates": [2.425329, 48.802784]}, "properties": {"numparc": 2802, "etat de la localisation": "autre", "ID BDGEO": "53", "horodatage": "2022-11-20 15:29:26", "distance (en metres)": 60.28, "station": "M. ALFORT-ALFORTVILLE RER", "marker-color": "#818181"}}, {"type": "Feature", "geometry": {"type": "Point", "coordinates": [2.420933, 48.815254]}, "properties": {"numparc": 2788, "etat de la localisation": "autre", "ID BDGEO": "3", "horodatage": "2022-11-20 15:30:25", "distance (en metres)": 148.25, "station": "ECOLE VETERINAIRE - METRO", "marker-color": "#818181"}}, {"type": "Feature", "geometry": {"type": "Point", "coordinates": [2.421512, 48.81496]}, "properties": {"numparc": 2799, "etat de la localisation": "autre", "ID BDGEO": "3", "horodatage": "2022-11-20 15:34:36", "distance (en metres)": 96.34, "station": "ECOLE VETERINAIRE - METRO", "marker-color": "#818181"}}, {"type": "Feature", "geometry": {"type": "Point", "coordinates": [2.419229, 48.805214]}, "properties": {"numparc": 2793, "etat de la localisation": "Delocalise", "ID BDGEO": "6", "horodatage": "2022-11-20 15:37:47", "distance (en metres)": 132.85, "station": "MAIRIE D'ALFORTVILLE", "marker-color": "#FF565E"}}, {"type": "Feature", "geometry": {"type": "Point", "coordinates": [2.422471, 48.804188]}, "properties": {"numparc": 2796, "etat de la localisation": "autre", "ID BDGEO": "22", "horodatage": "2022-11-20 15:42:07", "distance (en metres)": 121.58, "station": "RAYMOND JACLARD", "marker-color": "#818181"}}, {"type": "Feature", "geometry": {"type": "Point", "coordinates": [2.425419, 48.80294]}, "properties": {"numparc": 2796, "etat de la localisation": "autre", "ID BDGEO": "53", "horodatage": "2022-11-20 15:43:52", "distance (en metres)": 72.12, "station": "M. ALFORT-ALFORTVILLE RER", "marker-color": "#818181"}}, {"type": "Feature", "geometry": {"type": "Point", "coordinates": [2.422158, 48.814766]}, "properties": {"numparc": 2793, "etat de la localisation": "autre", "ID BDGEO": "3", "horodatage": "2022-11-20 15:45:29", "distance (en metres)": 44.65, "station": "ECOLE VETERINAIRE - METRO", "marker-color": "#818181"}}, {"type": "Feature", "geometry": {"type": "Point", "coordinates": [2.413837, 48.769962]}, "properties": {"numparc": 2796, "etat de la localisation": "autre", "ID BDGEO": "49", "horodatage": "2022-11-20 16:00:53", "distance (en metres)": 43.6, "station": "JEAN VILAR", "marker-color": "#818181"}}, {"type": "Feature", "geometry": {"type": "Point", "coordinates": [2.422434, 48.8041]}, "properties": {"numparc": 2799, "etat de la localisation": "autre", "ID BDGEO": "22", "horodatage": "2022-11-20 16:03:44", "distance (en metres)": 121.28, "station": "RAYMOND JACLARD", "marker-color": "#818181"}}, {"type": "Feature", "geometry": {"type": "Point", "coordinates": [2.425341, 48.802822]}, "properties": {"numparc": 2799, "etat de la localisation": "autre", "ID BDGEO": "53", "horodatage": "2022-11-20 16:05:20", "distance (en metres)": 63.27, "station": "M. ALFORT-ALFORTVILLE RER", "marker-color": "#818181"}}, {"type": "Feature", "geometry": {"type": "Point", "coordinates": [2.421236, 48.815086]}, "properties": {"numparc": 2803, "etat de la localisation": "autre", "ID BDGEO": "3", "horodatage": "2022-11-20 16:07:05", "distance (en metres)": 120.28, "station": "ECOLE VETERINAIRE - METRO", "marker-color": "#818181"}}, {"type": "Feature", "geometry": {"type": "Point", "coordinates": [2.421534, 48.814991]}, "properties": {"numparc": 2803, "etat de la localisation": "autre", "ID BDGEO": "3", "horodatage": "2022-11-20 16:13:15", "distance (en metres)": 96.06, "station": "ECOLE VETERINAIRE - METRO", "marker-color": "#818181"}}, {"type": "Feature", "geometry": {"type": "Point", "coordinates": [2.421279, 48.81506]}, "properties": {"numparc": 2801, "etat de la localisation": "autre", "ID BDGEO": "3", "horodatage": "2022-11-20 16:18:32", "distance (en metres)": 116.23, "station": "ECOLE VETERINAIRE - METRO", "marker-color": "#818181"}}, {"type": "Feature", "geometry": {"type": "Point", "coordinates": [2.422405, 48.804085]}, "properties": {"numparc": 2788, "etat de la localisation": "autre", "ID BDGEO": "22", "horodatage": "2022-11-20 16:21:24", "distance (en metres)": 122.93, "station": "RAYMOND JACLARD", "marker-color": "#818181"}}, {"type": "Feature", "geometry": {"type": "Point", "coordinates": [2.421534, 48.814991]}, "properties": {"numparc": 2803, "etat de la localisation": "autre", "ID BDGEO": "3", "horodatage": "2022-11-20 16:22:42", "distance (en metres)": 96.06, "station": "ECOLE VETERINAIRE - METRO", "marker-color": "#818181"}}, {"type": "Feature", "geometry": {"type": "Point", "coordinates": [2.42536, 48.802807]}, "properties": {"numparc": 2788, "etat de la localisation": "autre", "ID BDGEO": "53", "horodatage": "2022-11-20 16:23:00", "distance (en metres)": 61.09, "station": "M. ALFORT-ALFORTVILLE RER", "marker-color": "#818181"}}, {"type": "Feature", "geometry": {"type": "Point", "coordinates": [2.421678, 48.814941]}, "properties": {"numparc": 2803, "etat de la localisation": "autre", "ID BDGEO": "3", "horodatage": "2022-11-20 16:29:00", "distance (en metres)": 84.21, "station": "ECOLE VETERINAIRE - METRO", "marker-color": "#818181"}}, {"type": "Feature", "geometry": {"type": "Point", "coordinates": [2.422419, 48.804085]}, "properties": {"numparc": 2793, "etat de la localisation": "autre", "ID BDGEO": "22", "horodatage": "2022-11-20 16:46:29", "distance (en metres)": 121.93, "station": "RAYMOND JACLARD", "marker-color": "#818181"}}, {"type": "Feature", "geometry": {"type": "Point", "coordinates": [2.425345, 48.802784]}, "properties": {"numparc": 2793, "etat de la localisation": "autre", "ID BDGEO": "53", "horodatage": "2022-11-20 16:47:57", "distance (en metres)": 59.6, "station": "M. ALFORT-ALFORTVILLE RER", "marker-color": "#818181"}}, {"type": "Feature", "geometry": {"type": "Point", "coordinates": [2.425345, 48.802784]}, "properties": {"numparc": 2793, "etat de la localisation": "autre", "ID BDGEO": "53", "horodatage": "2022-11-20 16:49:13", "distance (en metres)": 59.6, "station": "M. ALFORT-ALFORTVILLE RER", "marker-color": "#818181"}}, {"type": "Feature", "geometry": {"type": "Point", "coordinates": [2.419242, 48.805195]}, "properties": {"numparc": 2796, "etat de la localisation": "Delocalise", "ID BDGEO": "6", "horodatage": "2022-11-20 16:52:39", "distance (en metres)": 132.17, "station": "MAIRIE D'ALFORTVILLE", "marker-color": "#FF565E"}}, {"type": "Feature", "geometry": {"type": "Point", "coordinates": [2.421551, 48.814938]}, "properties": {"numparc": 2802, "etat de la localisation": "autre", "ID BDGEO": "3", "horodatage": "2022-11-20 16:53:26", "distance (en metres)": 92.78, "station": "ECOLE VETERINAIRE - METRO", "marker-color": "#818181"}}, {"type": "Feature", "geometry": {"type": "Point", "coordinates": [2.418255, 48.807049]}, "properties": {"numparc": 2796, "etat de la localisation": "Delocalise", "ID BDGEO": "6", "horodatage": "2022-11-20 16:53:48", "distance (en metres)": 277.36, "station": "MAIRIE D'ALFORTVILLE", "marker-color": "#FF565E"}}, {"type": "Feature", "geometry": {"type": "Point", "coordinates": [2.421933, 48.814804]}, "properties": {"numparc": 2796, "etat de la localisation": "autre", "ID BDGEO": "3", "horodatage": "2022-11-20 17:00:19", "distance (en metres)": 61.67, "station": "ECOLE VETERINAIRE - METRO", "marker-color": "#818181"}}, {"type": "Feature", "geometry": {"type": "Point", "coordinates": [2.422392, 48.804073]}, "properties": {"numparc": 2801, "etat de la localisation": "autre", "ID BDGEO": "22", "horodatage": "2022-11-20 17:02:26", "distance (en metres)": 123.57, "station": "RAYMOND JACLARD", "marker-color": "#818181"}}, {"type": "Feature", "geometry": {"type": "Point", "coordinates": [2.425305, 48.802799]}, "properties": {"numparc": 2801, "etat de la localisation": "autre", "ID BDGEO": "53", "horodatage": "2022-11-20 17:04:38", "distance (en metres)": 62.7, "station": "M. ALFORT-ALFORTVILLE RER", "marker-color": "#818181"}}, {"type": "Feature", "geometry": {"type": "Point", "coordinates": [2.419233, 48.805195]}, "properties": {"numparc": 2799, "etat de la localisation": "Delocalise", "ID BDGEO": "6", "horodatage": "2022-11-20 17:08:41", "distance (en metres)": 132.81, "station": "MAIRIE D'ALFORTVILLE", "marker-color": "#FF565E"}}, {"type": "Feature", "geometry": {"type": "Point", "coordinates": [2.418233, 48.807087]}, "properties": {"numparc": 2799, "etat de la localisation": "Delocalise", "ID BDGEO": "6", "horodatage": "2022-11-20 17:09:35", "distance (en metres)": 281.43, "station": "MAIRIE D'ALFORTVILLE", "marker-color": "#FF565E"}}, {"type": "Feature", "geometry": {"type": "Point", "coordinates": [2.421659, 48.814892]}, "properties": {"numparc": 2799, "etat de la localisation": "autre", "ID BDGEO": "3", "horodatage": "2022-11-20 17:15:31", "distance (en metres)": 83.66, "station": "ECOLE VETERINAIRE - METRO", "marker-color": "#818181"}}, {"type": "Feature", "geometry": {"type": "Point", "coordinates": [2.399371, 48.760643]}, "properties": {"numparc": 2793, "etat de la localisation": "autre", "ID BDGEO": "639", "horodatage": "2022-11-20 17:21:13", "distance (en metres)": 86.05, "station": "GEORGES HALGOULT", "marker-color": "#818181"}}, {"type": "Feature", "geometry": {"type": "Point", "coordinates": [2.422364, 48.804104]}, "properties": {"numparc": 2803, "etat de la localisation": "autre", "ID BDGEO": "22", "horodatage": "2022-11-20 17:26:52", "distance (en metres)": 126.36, "station": "RAYMOND JACLARD", "marker-color": "#818181"}}, {"type": "Feature", "geometry": {"type": "Point", "coordinates": [2.425282, 48.802811]}, "properties": {"numparc": 2803, "etat de la localisation": "autre", "ID BDGEO": "53", "horodatage": "2022-11-20 17:28:18", "distance (en metres)": 64.72, "station": "M. ALFORT-ALFORTVILLE RER", "marker-color": "#818181"}}, {"type": "Feature", "geometry": {"type": "Point", "coordinates": [2.421659, 48.814892]}, "properties": {"numparc": 2799, "etat de la localisation": "autre", "ID BDGEO": "3", "horodatage": "2022-11-20 17:30:17", "distance (en metres)": 83.66, "station": "ECOLE VETERINAIRE - METRO", "marker-color": "#818181"}}, {"type": "Feature", "geometry": {"type": "Point", "coordinates": [2.420904, 48.815212]}, "properties": {"numparc": 2788, "etat de la localisation": "autre", "ID BDGEO": "822", "horodatage": "2022-11-20 17:36:49", "distance (en metres)": 42.51, "station": "ECOLE VETERINAIRE DE MAISON-ALFORT#", "marker-color": "#818181"}}, {"type": "Feature", "geometry": {"type": "Point", "coordinates": [2.422313, 48.804153]}, "properties": {"numparc": 2796, "etat de la localisation": "autre", "ID BDGEO": "22", "horodatage": "2022-11-20 17:37:16", "distance (en metres)": 131.42, "station": "RAYMOND JACLARD", "marker-color": "#818181"}}, {"type": "Feature", "geometry": {"type": "Point", "coordinates": [2.425219, 48.80291]}, "properties": {"numparc": 2796, "etat de la localisation": "autre", "ID BDGEO": "53", "horodatage": "2022-11-20 17:38:34", "distance (en metres)": 76.35, "station": "M. ALFORT-ALFORTVILLE RER", "marker-color": "#818181"}}, {"type": "Feature", "geometry": {"type": "Point", "coordinates": [2.423785, 48.814293]}, "properties": {"numparc": 2788, "etat de la localisation": "Delocalise", "ID BDGEO": "822", "horodatage": "2022-11-20 17:39:58", "distance (en metres)": 192.01, "station": "ECOLE VETERINAIRE DE MAISON-ALFORT#", "marker-color": "#FF565E"}}, {"type": "Feature", "geometry": {"type": "Point", "coordinates": [2.421659, 48.814892]}, "properties": {"numparc": 2799, "etat de la localisation": "autre", "ID BDGEO": "3", "horodatage": "2022-11-20 17:40:13", "distance (en metres)": 83.66, "station": "ECOLE VETERINAIRE - METRO", "marker-color": "#818181"}}, {"type": "Feature", "geometry": {"type": "Point", "coordinates": [2.421659, 48.814892]}, "properties": {"numparc": 2799, "etat de la localisation": "autre", "ID BDGEO": "3", "horodatage": "2022-11-20 17:42:50", "distance (en metres)": 83.66, "station": "ECOLE VETERINAIRE - METRO", "marker-color": "#818181"}}, {"type": "Feature", "geometry": {"type": "Point", "coordinates": [2.422385, 48.8041]}, "properties": {"numparc": 2802, "etat de la localisation": "autre", "ID BDGEO": "22", "horodatage": "2022-11-20 17:52:09", "distance (en metres)": 124.77, "station": "RAYMOND JACLARD", "marker-color": "#818181"}}, {"type": "Feature", "geometry": {"type": "Point", "coordinates": [2.425317, 48.802788]}, "properties": {"numparc": 2802, "etat de la localisation": "autre", "ID BDGEO": "53", "horodatage": "2022-11-20 17:53:59", "distance (en metres)": 61.15, "station": "M. ALFORT-ALFORTVILLE RER", "marker-color": "#818181"}}, {"type": "Feature", "geometry": {"type": "Point", "coordinates": [2.44311, 48.771782]}, "properties": {"numparc": 2788, "etat de la localisation": "autre", "ID BDGEO": "7", "horodatage": "2022-11-20 17:54:06", "distance (en metres)": 75.18, "station": "CENTRE BUS CRETEIL (S)", "marker-color": "#818181"}}, {"type": "Feature", "geometry": {"type": "Point", "coordinates": [2.442572, 48.773266]}, "properties": {"numparc": 2806, "etat de la localisation": "autre", "ID BDGEO": "7", "horodatage": "2022-11-20 17:56:04", "distance (en metres)": 105.21, "station": "CENTRE BUS CRETEIL (S)", "marker-color": "#818181"}}, {"type": "Feature", "geometry": {"type": "Point", "coordinates": [2.441504, 48.772938]}, "properties": {"numparc": 2788, "etat de la localisation": "autre", "ID BDGEO": "7", "horodatage": "2022-11-20 17:59:34", "distance (en metres)": 141.94, "station": "CENTRE BUS CRETEIL (S)", "marker-color": "#818181"}}, {"type": "Feature", "geometry": {"type": "Point", "coordinates": [2.442572, 48.773266]}, "properties": {"numparc": 2806, "etat de la localisation": "autre", "ID BDGEO": "7", "horodatage": "2022-11-20 17:59:46", "distance (en metres)": 105.21, "station": "CENTRE BUS CRETEIL (S)", "marker-color": "#818181"}}, {"type": "Feature", "geometry": {"type": "Point", "coordinates": [2.441504, 48.772938]}, "properties": {"numparc": 2788, "etat de la localisation": "autre", "ID BDGEO": "7", "horodatage": "2022-11-20 17:59:55", "distance (en metres)": 141.94, "station": "CENTRE BUS CRETEIL (S)", "marker-color": "#818181"}}, {"type": "Feature", "geometry": {"type": "Point", "coordinates": [2.422225, 48.804291]}, "properties": {"numparc": 2799, "etat de la localisation": "autre", "ID BDGEO": "22", "horodatage": "2022-11-20 18:07:13", "distance (en metres)": 142.47, "station": "RAYMOND JACLARD", "marker-color": "#818181"}}, {"type": "Feature", "geometry": {"type": "Point", "coordinates": [2.422148, 48.814766]}, "properties": {"numparc": 2793, "etat de la localisation": "autre", "ID BDGEO": "3", "horodatage": "2022-11-20 18:07:13", "distance (en metres)": 45.36, "station": "ECOLE VETERINAIRE - METRO", "marker-color": "#818181"}}, {"type": "Feature", "geometry": {"type": "Point", "coordinates": [2.425155, 48.803047]}, "properties": {"numparc": 2799, "etat de la localisation": "autre", "ID BDGEO": "53", "horodatage": "2022-11-20 18:08:14", "distance (en metres)": 91.7, "station": "M. ALFORT-ALFORTVILLE RER", "marker-color": "#818181"}}, {"type": "Feature", "geometry": {"type": "Point", "coordinates": [2.441808, 48.772858]}, "properties": {"numparc": 2806, "etat de la localisation": "Delocalise", "ID BDGEO": "7", "horodatage": "2022-11-20 18:08:17", "distance (en metres)": 117.95, "station": "CENTRE BUS CRETEIL (S)", "marker-color": "#FF565E"}}, {"type": "Feature", "geometry": {"type": "Point", "coordinates": [2.422148, 48.814766]}, "properties": {"numparc": 2793, "etat de la localisation": "autre", "ID BDGEO": "3", "horodatage": "2022-11-20 18:11:43", "distance (en metres)": 45.36, "station": "ECOLE VETERINAIRE - METRO", "marker-color": "#818181"}}, {"type": "Feature", "geometry": {"type": "Point", "coordinates": [2.422184, 48.814766]}, "properties": {"numparc": 2801, "etat de la localisation": "autre", "ID BDGEO": "3", "horodatage": "2022-11-20 18:16:59", "distance (en metres)": 42.82, "station": "ECOLE VETERINAIRE - METRO", "marker-color": "#818181"}}, {"type": "Feature", "geometry": {"type": "Point", "coordinates": [2.400494, 48.761902]}, "properties": {"numparc": 2802, "etat de la localisation": "autre", "ID BDGEO": "639", "horodatage": "2022-11-20 18:21:12", "distance (en metres)": 77.53, "station": "GEORGES HALGOULT", "marker-color": "#818181"}}, {"type": "Feature", "geometry": {"type": "Point", "coordinates": [2.427719, 48.784409]}, "properties": {"numparc": 2796, "etat de la localisation": "autre", "ID BDGEO": "38", "horodatage": "2022-11-20 18:32:03", "distance (en metres)": 47.13, "station": "CIMETIERE D'ALFORTVILLE", "marker-color": "#818181"}}, {"type": "Feature", "geometry": {"type": "Point", "coordinates": [2.441488, 48.772923]}, "properties": {"numparc": 2800, "etat de la localisation": "autre", "ID BDGEO": "7", "horodatage": "2022-11-20 18:36:44", "distance (en metres)": 142.38, "station": "CENTRE BUS CRETEIL (S)", "marker-color": "#818181"}}, {"type": "Feature", "geometry": {"type": "Point", "coordinates": [2.421315, 48.81506]}, "properties": {"numparc": 2803, "etat de la localisation": "autre", "ID BDGEO": "3", "horodatage": "2022-11-20 18:38:33", "distance (en metres)": 113.8, "station": "ECOLE VETERINAIRE - METRO", "marker-color": "#818181"}}, {"type": "Feature", "geometry": {"type": "Point", "coordinates": [2.441502, 48.772923]}, "properties": {"numparc": 2797, "etat de la localisation": "autre", "ID BDGEO": "7", "horodatage": "2022-11-20 18:39:25", "distance (en metres)": 141.43, "station": "CENTRE BUS CRETEIL (S)", "marker-color": "#818181"}}, {"type": "Feature", "geometry": {"type": "Point", "coordinates": [2.425303, 48.802784]}, "properties": {"numparc": 2793, "etat de la localisation": "autre", "ID BDGEO": "53", "horodatage": "2022-11-20 18:39:29", "distance (en metres)": 61.43, "station": "M. ALFORT-ALFORTVILLE RER", "marker-color": "#818181"}}, {"type": "Feature", "geometry": {"type": "Point", "coordinates": [2.441505, 48.772938]}, "properties": {"numparc": 2788, "etat de la localisation": "autre", "ID BDGEO": "7", "horodatage": "2022-11-20 18:42:04", "distance (en metres)": 141.88, "station": "CENTRE BUS CRETEIL (S)", "marker-color": "#818181"}}, {"type": "Feature", "geometry": {"type": "Point", "coordinates": [2.425293, 48.802769]}, "properties": {"numparc": 2801, "etat de la localisation": "autre", "ID BDGEO": "53", "horodatage": "2022-11-20 18:46:12", "distance (en metres)": 60.55, "station": "M. ALFORT-ALFORTVILLE RER", "marker-color": "#818181"}}, {"type": "Feature", "geometry": {"type": "Point", "coordinates": [2.441398, 48.772125]}, "properties": {"numparc": 2791, "etat de la localisation": "autre", "ID BDGEO": "7", "horodatage": "2022-11-20 18:50:16", "distance (en metres)": 143.37, "station": "CENTRE BUS CRETEIL (S)", "marker-color": "#818181"}}, {"type": "Feature", "geometry": {"type": "Point", "coordinates": [2.422199, 48.814819]}, "properties": {"numparc": 2796, "etat de la localisation": "autre", "ID BDGEO": "3", "horodatage": "2022-11-20 18:50:39", "distance (en metres)": 43.77, "station": "ECOLE VETERINAIRE - METRO", "marker-color": "#818181"}}, {"type": "Feature", "geometry": {"type": "Point", "coordinates": [2.441407, 48.772125]}, "properties": {"numparc": 2791, "etat de la localisation": "autre", "ID BDGEO": "7", "horodatage": "2022-11-20 18:51:16", "distance (en metres)": 142.72, "station": "CENTRE BUS CRETEIL (S)", "marker-color": "#818181"}}, {"type": "Feature", "geometry": {"type": "Point", "coordinates": [2.441552, 48.772156]}, "properties": {"numparc": 2791, "etat de la localisation": "autre", "ID BDGEO": "7", "horodatage": "2022-11-20 18:52:06", "distance (en metres)": 131.59, "station": "CENTRE BUS CRETEIL (S)", "marker-color": "#818181"}}, {"type": "Feature", "geometry": {"type": "Point", "coordinates": [2.422172, 48.814735]}, "properties": {"numparc": 2806, "etat de la localisation": "autre", "ID BDGEO": "3", "horodatage": "2022-11-20 18:55:23", "distance (en metres)": 42.88, "station": "ECOLE VETERINAIRE - METRO", "marker-color": "#818181"}}, {"type": "Feature", "geometry": {"type": "Point", "coordinates": [2.422418, 48.804081]}, "properties": {"numparc": 2803, "etat de la localisation": "autre", "ID BDGEO": "22", "horodatage": "2022-11-20 19:02:44", "distance (en metres)": 121.9, "station": "RAYMOND JACLARD", "marker-color": "#818181"}}, {"type": "Feature", "geometry": {"type": "Point", "coordinates": [2.425328, 48.802799]}, "properties": {"numparc": 2803, "etat de la localisation": "autre", "ID BDGEO": "53", "horodatage": "2022-11-20 19:04:11", "distance (en metres)": 61.71, "station": "M. ALFORT-ALFORTVILLE RER", "marker-color": "#818181"}}, {"type": "Feature", "geometry": {"type": "Point", "coordinates": [2.425303, 48.802784]}, "properties": {"numparc": 2806, "etat de la localisation": "autre", "ID BDGEO": "53", "horodatage": "2022-11-20 19:26:01", "distance (en metres)": 61.43, "station": "M. ALFORT-ALFORTVILLE RER", "marker-color": "#818181"}}, {"type": "Feature", "geometry": {"type": "Point", "coordinates": [2.421987, 48.814819]}, "properties": {"numparc": 2789, "etat de la localisation": "autre", "ID BDGEO": "3", "horodatage": "2022-11-20 19:27:10", "distance (en metres)": 58.33, "station": "ECOLE VETERINAIRE - METRO", "marker-color": "#818181"}}, {"type": "Feature", "geometry": {"type": "Point", "coordinates": [2.424129, 48.81414]}, "properties": {"numparc": 2789, "etat de la localisation": "autre", "ID BDGEO": "3", "horodatage": "2022-11-20 19:30:44", "distance (en metres)": 116.64, "station": "ECOLE VETERINAIRE - METRO", "marker-color": "#818181"}}, {"type": "Feature", "geometry": {"type": "Point", "coordinates": [2.422415, 48.804089]}, "properties": {"numparc": 2796, "etat de la localisation": "autre", "ID BDGEO": "22", "horodatage": "2022-11-20 19:31:58", "distance (en metres)": 122.32, "station": "RAYMOND JACLARD", "marker-color": "#818181"}}, {"type": "Feature", "geometry": {"type": "Point", "coordinates": [2.425323, 48.802803]}, "properties": {"numparc": 2796, "etat de la localisation": "autre", "ID BDGEO": "53", "horodatage": "2022-11-20 19:33:20", "distance (en metres)": 62.26, "station": "M. ALFORT-ALFORTVILLE RER", "marker-color": "#818181"}}, {"type": "Feature", "geometry": {"type": "Point", "coordinates": [2.421202, 48.815044]}, "properties": {"numparc": 2802, "etat de la localisation": "autre", "ID BDGEO": "3", "horodatage": "2022-11-20 19:40:25", "distance (en metres)": 120.86, "station": "ECOLE VETERINAIRE - METRO", "marker-color": "#818181"}}, {"type": "Feature", "geometry": {"type": "Point", "coordinates": [2.422369, 48.804108]}, "properties": {"numparc": 2789, "etat de la localisation": "autre", "ID BDGEO": "22", "horodatage": "2022-11-20 19:54:55", "distance (en metres)": 126.11, "station": "RAYMOND JACLARD", "marker-color": "#818181"}}, {"type": "Feature", "geometry": {"type": "Point", "coordinates": [2.421443, 48.814987]}, "properties": {"numparc": 2791, "etat de la localisation": "autre", "ID BDGEO": "3", "horodatage": "2022-11-20 19:55:27", "distance (en metres)": 102.1, "station": "ECOLE VETERINAIRE - METRO", "marker-color": "#818181"}}, {"type": "Feature", "geometry": {"type": "Point", "coordinates": [2.425311, 48.802803]}, "properties": {"numparc": 2789, "etat de la localisation": "autre", "ID BDGEO": "53", "horodatage": "2022-11-20 19:55:59", "distance (en metres)": 62.77, "station": "M. ALFORT-ALFORTVILLE RER", "marker-color": "#818181"}}, {"type": "Feature", "geometry": {"type": "Point", "coordinates": [2.425426, 48.802704]}, "properties": {"numparc": 2789, "etat de la localisation": "autre", "ID BDGEO": "53", "horodatage": "2022-11-20 19:56:28", "distance (en metres)": 48.9, "station": "M. ALFORT-ALFORTVILLE RER", "marker-color": "#818181"}}, {"type": "Feature", "geometry": {"type": "Point", "coordinates": [2.422165, 48.814766]}, "properties": {"numparc": 2793, "etat de la localisation": "autre", "ID BDGEO": "3", "horodatage": "2022-11-20 19:58:45", "distance (en metres)": 44.16, "station": "ECOLE VETERINAIRE - METRO", "marker-color": "#818181"}}, {"type": "Feature", "geometry": {"type": "Point", "coordinates": [2.402014, 48.763268]}, "properties": {"numparc": 2796, "etat de la localisation": "autre", "ID BDGEO": "598", "horodatage": "2022-11-20 19:59:28", "distance (en metres)": 215.06, "station": "ROUGET DE L ISLE", "marker-color": "#818181"}}, {"type": "Feature", "geometry": {"type": "Point", "coordinates": [2.40205, 48.763275]}, "properties": {"numparc": 2796, "etat de la localisation": "autre", "ID BDGEO": "598", "horodatage": "2022-11-20 19:59:53", "distance (en metres)": 212.33, "station": "ROUGET DE L ISLE", "marker-color": "#818181"}}, {"type": "Feature", "geometry": {"type": "Point", "coordinates": [2.426821, 48.796104]}, "properties": {"numparc": 2789, "etat de la localisation": "autre", "ID BDGEO": "29", "horodatage": "2022-11-20 20:00:13", "distance (en metres)": 143.02, "station": "ACHTARAK", "marker-color": "#818181"}}, {"type": "Feature", "geometry": {"type": "Point", "coordinates": [2.422415, 48.804073]}, "properties": {"numparc": 2802, "etat de la localisation": "autre", "ID BDGEO": "22", "horodatage": "2022-11-20 20:01:49", "distance (en metres)": 121.92, "station": "RAYMOND JACLARD", "marker-color": "#818181"}}, {"type": "Feature", "geometry": {"type": "Point", "coordinates": [2.425322, 48.802792]}, "properties": {"numparc": 2802, "etat de la localisation": "autre", "ID BDGEO": "53", "horodatage": "2022-11-20 20:03:08", "distance (en metres)": 61.27, "station": "M. ALFORT-ALFORTVILLE RER", "marker-color": "#818181"}}, {"type": "Feature", "geometry": {"type": "Point", "coordinates": [2.421321, 48.815041]}, "properties": {"numparc": 2803, "etat de la localisation": "autre", "ID BDGEO": "3", "horodatage": "2022-11-20 20:03:31", "distance (en metres)": 112.59, "station": "ECOLE VETERINAIRE - METRO", "marker-color": "#818181"}}, {"type": "Feature", "geometry": {"type": "Point", "coordinates": [2.414142, 48.76783]}, "properties": {"numparc": 2796, "etat de la localisation": "Delocalise", "ID BDGEO": "51", "horodatage": "2022-11-20 20:04:58", "distance (en metres)": 46.76, "station": "PONT DE CHOISY", "marker-color": "#FF565E"}}, {"type": "Feature", "geometry": {"type": "Point", "coordinates": [2.414321, 48.77243]}, "properties": {"numparc": 2796, "etat de la localisation": "Delocalise", "ID BDGEO": "47", "horodatage": "2022-11-20 20:06:52", "distance (en metres)": 116.93, "station": "LA FOLIE", "marker-color": "#FF565E"}}, {"type": "Feature", "geometry": {"type": "Point", "coordinates": [2.426504, 48.77903]}, "properties": {"numparc": 2796, "etat de la localisation": "Delocalise", "ID BDGEO": "58", "horodatage": "2022-11-20 20:11:30", "distance (en metres)": 407.76, "station": "VAL DE SEINE", "marker-color": "#FF565E"}}, {"type": "Feature", "geometry": {"type": "Point", "coordinates": [2.4288, 48.780643]}, "properties": {"numparc": 2796, "etat de la localisation": "Delocalise", "ID BDGEO": "58", "horodatage": "2022-11-20 20:12:45", "distance (en metres)": 196.59, "station": "VAL DE SEINE", "marker-color": "#FF565E"}}, {"type": "Feature", "geometry": {"type": "Point", "coordinates": [2.422397, 48.804096]}, "properties": {"numparc": 2793, "etat de la localisation": "autre", "ID BDGEO": "22", "horodatage": "2022-11-20 20:17:56", "distance (en metres)": 123.82, "station": "RAYMOND JACLARD", "marker-color": "#818181"}}, {"type": "Feature", "geometry": {"type": "Point", "coordinates": [2.425328, 48.802776]}, "properties": {"numparc": 2793, "etat de la localisation": "autre", "ID BDGEO": "53", "horodatage": "2022-11-20 20:19:57", "distance (en metres)": 59.64, "station": "M. ALFORT-ALFORTVILLE RER", "marker-color": "#818181"}}, {"type": "Feature", "geometry": {"type": "Point", "coordinates": [2.425323, 48.802784]}, "properties": {"numparc": 2791, "etat de la localisation": "autre", "ID BDGEO": "53", "horodatage": "2022-11-20 20:22:39", "distance (en metres)": 60.54, "station": "M. ALFORT-ALFORTVILLE RER", "marker-color": "#818181"}}, {"type": "Feature", "geometry": {"type": "Point", "coordinates": [2.425315, 48.802811]}, "properties": {"numparc": 2803, "etat de la localisation": "autre", "ID BDGEO": "53", "horodatage": "2022-11-20 20:30:55", "distance (en metres)": 63.3, "station": "M. ALFORT-ALFORTVILLE RER", "marker-color": "#818181"}}, {"type": "Feature", "geometry": {"type": "Point", "coordinates": [2.423129, 48.814579]}, "properties": {"numparc": 2796, "etat de la localisation": "autre", "ID BDGEO": "7", "horodatage": "2022-11-20 20:33:47", "distance (en metres)": 4912.15, "station": "CENTRE BUS CRETEIL (S)", "marker-color": "#818181"}}, {"type": "Feature", "geometry": {"type": "Point", "coordinates": [2.428939, 48.781208]}, "properties": {"numparc": 2802, "etat de la localisation": "autre", "ID BDGEO": "59", "horodatage": "2022-11-20 20:39:23", "distance (en metres)": 53.72, "station": "VAL DE SEINE", "marker-color": "#818181"}}, {"type": "Feature", "geometry": {"type": "Point", "coordinates": [2.425316, 48.802803]}, "properties": {"numparc": 2806, "etat de la localisation": "autre", "ID BDGEO": "53", "horodatage": "2022-11-20 20:41:16", "distance (en metres)": 62.56, "station": "M. ALFORT-ALFORTVILLE RER", "marker-color": "#818181"}}, {"type": "Feature", "geometry": {"type": "Point", "coordinates": [2.423129, 48.814579]}, "properties": {"numparc": 2796, "etat de la localisation": "autre", "ID BDGEO": "7", "horodatage": "2022-11-20 20:45:32", "distance (en metres)": 4912.15, "station": "CENTRE BUS CRETEIL (S)", "marker-color": "#818181"}}, {"type": "Feature", "geometry": {"type": "Point", "coordinates": [2.442959, 48.772861]}, "properties": {"numparc": 2801, "etat de la localisation": "autre", "ID BDGEO": "7", "horodatage": "2022-11-20 20:51:13", "distance (en metres)": 52.12, "station": "CENTRE BUS CRETEIL (S)", "marker-color": "#818181"}}, {"type": "Feature", "geometry": {"type": "Point", "coordinates": [2.441722, 48.772381]}, "properties": {"numparc": 2796, "etat de la localisation": "autre", "ID BDGEO": "7", "horodatage": "2022-11-20 21:00:12", "distance (en metres)": 115.31, "station": "CENTRE BUS CRETEIL (S)", "marker-color": "#818181"}}, {"type": "Feature", "geometry": {"type": "Point", "coordinates": [2.443146, 48.771797]}, "properties": {"numparc": 2802, "etat de la localisation": "autre", "ID BDGEO": "7", "horodatage": "2022-11-20 21:13:29", "distance (en metres)": 73.08, "station": "CENTRE BUS CRETEIL (S)", "marker-color": "#818181"}}, {"type": "Feature", "geometry": {"type": "Point", "coordinates": [2.422415, 48.804108]}, "properties": {"numparc": 2789, "etat de la localisation": "autre", "ID BDGEO": "22", "horodatage": "2022-11-20 21:15:45", "distance (en metres)": 122.85, "station": "RAYMOND JACLARD", "marker-color": "#818181"}}, {"type": "Feature", "geometry": {"type": "Point", "coordinates": [2.425332, 48.802814]}, "properties": {"numparc": 2789, "etat de la localisation": "autre", "ID BDGEO": "53", "horodatage": "2022-11-20 21:17:27", "distance (en metres)": 62.93, "station": "M. ALFORT-ALFORTVILLE RER", "marker-color": "#818181"}}, {"type": "Feature", "geometry": {"type": "Point", "coordinates": [2.442611, 48.773083]}, "properties": {"numparc": 2802, "etat de la localisation": "autre", "ID BDGEO": "7", "horodatage": "2022-11-20 21:22:09", "distance (en metres)": 86.51, "station": "CENTRE BUS CRETEIL (S)", "marker-color": "#818181"}}, {"type": "Feature", "geometry": {"type": "Point", "coordinates": [2.415468, 48.814278]}, "properties": {"numparc": 2793, "etat de la localisation": "autre", "ID BDGEO": "12", "horodatage": "2022-11-20 21:22:27", "distance (en metres)": 120.98, "station": "GENERAL DE GAULLE", "marker-color": "#818181"}}, {"type": "Feature", "geometry": {"type": "Point", "coordinates": [2.422039, 48.814831]}, "properties": {"numparc": 2791, "etat de la localisation": "autre", "ID BDGEO": "3", "horodatage": "2022-11-20 21:25:10", "distance (en metres)": 55.13, "station": "ECOLE VETERINAIRE - METRO", "marker-color": "#818181"}}, {"type": "Feature", "geometry": {"type": "Point", "coordinates": [2.442612, 48.773083]}, "properties": {"numparc": 2802, "etat de la localisation": "autre", "ID BDGEO": "7", "horodatage": "2022-11-20 21:26:09", "distance (en metres)": 86.47, "station": "CENTRE BUS CRETEIL (S)", "marker-color": "#818181"}}, {"type": "Feature", "geometry": {"type": "Point", "coordinates": [2.423453, 48.814487]}, "properties": {"numparc": 2793, "etat de la localisation": "autre", "ID BDGEO": "3", "horodatage": "2022-11-20 21:28:33", "distance (en metres)": 55.22, "station": "ECOLE VETERINAIRE - METRO", "marker-color": "#818181"}}, {"type": "Feature", "geometry": {"type": "Point", "coordinates": [2.443005, 48.772774]}, "properties": {"numparc": 2796, "etat de la localisation": "autre", "ID BDGEO": "7", "horodatage": "2022-11-20 21:29:08", "distance (en metres)": 41.96, "station": "CENTRE BUS CRETEIL (S)", "marker-color": "#818181"}}, {"type": "Feature", "geometry": {"type": "Point", "coordinates": [2.421358, 48.815014]}, "properties": {"numparc": 2806, "etat de la localisation": "autre", "ID BDGEO": "3", "horodatage": "2022-11-20 21:33:38", "distance (en metres)": 108.97, "station": "ECOLE VETERINAIRE - METRO", "marker-color": "#818181"}}, {"type": "Feature", "geometry": {"type": "Point", "coordinates": [2.421358, 48.815014]}, "properties": {"numparc": 2806, "etat de la localisation": "autre", "ID BDGEO": "3", "horodatage": "2022-11-20 21:34:07", "distance (en metres)": 108.97, "station": "ECOLE VETERINAIRE - METRO", "marker-color": "#818181"}}, {"type": "Feature", "geometry": {"type": "Point", "coordinates": [2.443492, 48.771832]}, "properties": {"numparc": 2803, "etat de la localisation": "autre", "ID BDGEO": "7", "horodatage": "2022-11-20 21:39:47", "distance (en metres)": 70.02, "station": "CENTRE BUS CRETEIL (S)", "marker-color": "#818181"}}, {"type": "Feature", "geometry": {"type": "Point", "coordinates": [2.422429, 48.804081]}, "properties": {"numparc": 2791, "etat de la localisation": "autre", "ID BDGEO": "22", "horodatage": "2022-11-20 21:41:35", "distance (en metres)": 121.12, "station": "RAYMOND JACLARD", "marker-color": "#818181"}}, {"type": "Feature", "geometry": {"type": "Point", "coordinates": [2.425309, 48.802803]}, "properties": {"numparc": 2791, "etat de la localisation": "autre", "ID BDGEO": "53", "horodatage": "2022-11-20 21:43:10", "distance (en metres)": 62.86, "station": "M. ALFORT-ALFORTVILLE RER", "marker-color": "#818181"}}, {"type": "Feature", "geometry": {"type": "Point", "coordinates": [2.443492, 48.771832]}, "properties": {"numparc": 2803, "etat de la localisation": "autre", "ID BDGEO": "7", "horodatage": "2022-11-20 21:43:38", "distance (en metres)": 70.02, "station": "CENTRE BUS CRETEIL (S)", "marker-color": "#818181"}}, {"type": "Feature", "geometry": {"type": "Point", "coordinates": [2.422408, 48.804111]}, "properties": {"numparc": 2793, "etat de la localisation": "autre", "ID BDGEO": "22", "horodatage": "2022-11-20 21:53:09", "distance (en metres)": 123.46, "station": "RAYMOND JACLARD", "marker-color": "#818181"}}, {"type": "Feature", "geometry": {"type": "Point", "coordinates": [2.425328, 48.802803]}, "properties": {"numparc": 2793, "etat de la localisation": "autre", "ID BDGEO": "53", "horodatage": "2022-11-20 21:54:39", "distance (en metres)": 62.05, "station": "M. ALFORT-ALFORTVILLE RER", "marker-color": "#818181"}}, {"type": "Feature", "geometry": {"type": "Point", "coordinates": [2.42536, 48.802776]}, "properties": {"numparc": 2793, "etat de la localisation": "autre", "ID BDGEO": "53", "horodatage": "2022-11-20 21:55:32", "distance (en metres)": 58.27, "station": "M. ALFORT-ALFORTVILLE RER", "marker-color": "#818181"}}, {"type": "Feature", "geometry": {"type": "Point", "coordinates": [2.425326, 48.802807]}, "properties": {"numparc": 2806, "etat de la localisation": "autre", "ID BDGEO": "53", "horodatage": "2022-11-20 22:00:43", "distance (en metres)": 62.48, "station": "M. ALFORT-ALFORTVILLE RER", "marker-color": "#818181"}}, {"type": "Feature", "geometry": {"type": "Point", "coordinates": [2.421206, 48.81506]}, "properties": {"numparc": 2789, "etat de la localisation": "autre", "ID BDGEO": "3", "horodatage": "2022-11-20 22:10:03", "distance (en metres)": 121.19, "station": "ECOLE VETERINAIRE - METRO", "marker-color": "#818181"}}, {"type": "Feature", "geometry": {"type": "Point", "coordinates": [2.421971, 48.814823]}, "properties": {"numparc": 2791, "etat de la localisation": "autre", "ID BDGEO": "3", "horodatage": "2022-11-20 22:28:32", "distance (en metres)": 59.57, "station": "ECOLE VETERINAIRE - METRO", "marker-color": "#818181"}}, {"type": "Feature", "geometry": {"type": "Point", "coordinates": [2.421971, 48.814823]}, "properties": {"numparc": 2791, "etat de la localisation": "autre", "ID BDGEO": "3", "horodatage": "2022-11-20 22:28:59", "distance (en metres)": 59.57, "station": "ECOLE VETERINAIRE - METRO", "marker-color": "#818181"}}, {"type": "Feature", "geometry": {"type": "Point", "coordinates": [2.425323, 48.802803]}, "properties": {"numparc": 2789, "etat de la localisation": "autre", "ID BDGEO": "53", "horodatage": "2022-11-20 22:41:17", "distance (en metres)": 62.26, "station": "M. ALFORT-ALFORTVILLE RER", "marker-color": "#818181"}}, {"type": "Feature", "geometry": {"type": "Point", "coordinates": [2.421099, 48.815102]}, "properties": {"numparc": 2806, "etat de la localisation": "autre", "ID BDGEO": "3", "horodatage": "2022-11-20 22:46:39", "distance (en metres)": 130.2, "station": "ECOLE VETERINAIRE - METRO", "marker-color": "#818181"}}, {"type": "Feature", "geometry": {"type": "Point", "coordinates": [2.399397, 48.760654]}, "properties": {"numparc": 2789, "etat de la localisation": "autre", "ID BDGEO": "639", "horodatage": "2022-11-20 23:01:57", "distance (en metres)": 83.89, "station": "GEORGES HALGOULT", "marker-color": "#818181"}}, {"type": "Feature", "geometry": {"type": "Point", "coordinates": [2.425309, 48.802776]}, "properties": {"numparc": 2791, "etat de la localisation": "autre", "ID BDGEO": "53", "horodatage": "2022-11-20 23:03:46", "distance (en metres)": 60.49, "station": "M. ALFORT-ALFORTVILLE RER", "marker-color": "#818181"}}, {"type": "Feature", "geometry": {"type": "Point", "coordinates": [2.414081, 48.812916]}, "properties": {"numparc": 2806, "etat de la localisation": "autre", "ID BDGEO": "12", "horodatage": "2022-11-20 23:14:32", "distance (en metres)": 120.86, "station": "GENERAL DE GAULLE", "marker-color": "#818181"}}, {"type": "Feature", "geometry": {"type": "Point", "coordinates": [2.425304, 48.802803]}, "properties": {"numparc": 2806, "etat de la localisation": "autre", "ID BDGEO": "53", "horodatage": "2022-11-20 23:20:16", "distance (en metres)": 63.08, "station": "M. ALFORT-ALFORTVILLE RER", "marker-color": "#818181"}}, {"type": "Feature", "geometry": {"type": "Point", "coordinates": [2.421396, 48.81498]}, "properties": {"numparc": 2789, "etat de la localisation": "autre", "ID BDGEO": "3", "horodatage": "2022-11-20 23:31:45", "distance (en metres)": 105.04, "station": "ECOLE VETERINAIRE - METRO", "marker-color": "#818181"}}, {"type": "Feature", "geometry": {"type": "Point", "coordinates": [2.442389, 48.772346]}, "properties": {"numparc": 2816, "etat de la localisation": "autre", "ID BDGEO": "7", "horodatage": "2022-11-20 23:31:58", "distance (en metres)": 67.13, "station": "CENTRE BUS CRETEIL (S)", "marker-color": "#818181"}}, {"type": "Feature", "geometry": {"type": "Point", "coordinates": [2.42221, 48.8148]}, "properties": {"numparc": 2789, "etat de la localisation": "autre", "ID BDGEO": "3", "horodatage": "2022-11-20 23:37:37", "distance (en metres)": 42.22, "station": "ECOLE VETERINAIRE - METRO", "marker-color": "#818181"}}, {"type": "Feature", "geometry": {"type": "Point", "coordinates": [2.421954, 48.814816]}, "properties": {"numparc": 2791, "etat de la localisation": "autre", "ID BDGEO": "3", "horodatage": "2022-11-20 23:49:58", "distance (en metres)": 60.53, "station": "ECOLE VETERINAIRE - METRO", "marker-color": "#818181"}}, {"type": "Feature", "geometry": {"type": "Point", "coordinates": [2.422319, 48.804218]}, "properties": {"numparc": 2789, "etat de la localisation": "autre", "ID BDGEO": "22", "horodatage": "2022-11-20 23:59:24", "distance (en metres)": 133.21, "station": "RAYMOND JACLARD", "marker-color": "#818181"}}, {"type": "Feature", "geometry": {"type": "Point", "coordinates": [2.425319, 48.802765]}, "properties": {"numparc": 2789, "etat de la localisation": "autre", "ID BDGEO": "53", "horodatage": "2022-11-21 00:00:38", "distance (en metres)": 59.04, "station": "M. ALFORT-ALFORTVILLE RER", "marker-color": "#818181"}}, {"type": "Feature", "geometry": {"type": "Point", "coordinates": [2.421468, 48.814987]}, "properties": {"numparc": 2806, "etat de la localisation": "autre", "ID BDGEO": "3", "horodatage": "2022-11-21 00:03:35", "distance (en metres)": 100.39, "station": "ECOLE VETERINAIRE - METRO", "marker-color": "#818181"}}, {"type": "Feature", "geometry": {"type": "Point", "coordinates": [2.421468, 48.814987]}, "properties": {"numparc": 2806, "etat de la localisation": "autre", "ID BDGEO": "3", "horodatage": "2022-11-21 00:03:50", "distance (en metres)": 100.39, "station": "ECOLE VETERINAIRE - METRO", "marker-color": "#818181"}}, {"type": "Feature", "geometry": {"type": "Point", "coordinates": [2.421468, 48.814987]}, "properties": {"numparc": 2806, "etat de la localisation": "autre", "ID BDGEO": "3", "horodatage": "2022-11-21 00:08:36", "distance (en metres)": 100.39, "station": "ECOLE VETERINAIRE - METRO", "marker-color": "#818181"}}, {"type": "Feature", "geometry": {"type": "Point", "coordinates": [2.425323, 48.802818]}, "properties": {"numparc": 2791, "etat de la localisation": "autre", "ID BDGEO": "53", "horodatage": "2022-11-21 00:19:17", "distance (en metres)": 63.65, "station": "M. ALFORT-ALFORTVILLE RER", "marker-color": "#818181"}}, {"type": "Feature", "geometry": {"type": "Point", "coordinates": [2.425348, 48.802807]}, "properties": {"numparc": 2806, "etat de la localisation": "autre", "ID BDGEO": "53", "horodatage": "2022-11-21 00:38:49", "distance (en metres)": 61.57, "station": "M. ALFORT-ALFORTVILLE RER", "marker-color": "#818181"}}, {"type": "Feature", "geometry": {"type": "Point", "coordinates": [2.441518, 48.771976]}, "properties": {"numparc": 2816, "etat de la localisation": "autre", "ID BDGEO": "7", "horodatage": "2022-11-21 00:46:53", "distance (en metres)": 140.16, "station": "CENTRE BUS CRETEIL (S)", "marker-color": "#818181"}}, {"type": "Feature", "geometry": {"type": "Point", "coordinates": [2.441518, 48.771976]}, "properties": {"numparc": 2816, "etat de la localisation": "autre", "ID BDGEO": "7", "horodatage": "2022-11-21 00:47:03", "distance (en metres)": 140.16, "station": "CENTRE BUS CRETEIL (S)", "marker-color": "#818181"}}, {"type": "Feature", "geometry": {"type": "Point", "coordinates": [2.422091, 48.814804]}, "properties": {"numparc": 2789, "etat de la localisation": "autre", "ID BDGEO": "3", "horodatage": "2022-11-21 00:48:27", "distance (en metres)": 50.57, "station": "ECOLE VETERINAIRE - METRO", "marker-color": "#818181"}}, {"type": "Feature", "geometry": {"type": "Point", "coordinates": [2.443416, 48.772083]}, "properties": {"numparc": 2806, "etat de la localisation": "autre", "ID BDGEO": "7", "horodatage": "2022-11-21 01:06:37", "distance (en metres)": 41.49, "station": "CENTRE BUS CRETEIL (S)", "marker-color": "#818181"}}, {"type": "Feature", "geometry": {"type": "Point", "coordinates": [2.425358, 48.802822]}, "properties": {"numparc": 2789, "etat de la localisation": "autre", "ID BDGEO": "53", "horodatage": "2022-11-21 01:14:13", "distance (en metres)": 62.59, "station": "M. ALFORT-ALFORTVILLE RER", "marker-color": "#818181"}}, {"type": "Feature", "geometry": {"type": "Point", "coordinates": [2.422431, 48.8041]}, "properties": {"numparc": 2791, "etat de la localisation": "autre", "ID BDGEO": "22", "horodatage": "2022-11-21 01:32:14", "distance (en metres)": 121.5, "station": "RAYMOND JACLARD", "marker-color": "#818181"}}, {"type": "Feature", "geometry": {"type": "Point", "coordinates": [2.443415, 48.772083]}, "properties": {"numparc": 2806, "etat de la localisation": "autre", "ID BDGEO": "7", "horodatage": "2022-11-21 01:36:49", "distance (en metres)": 41.47, "station": "CENTRE BUS CRETEIL (S)", "marker-color": "#818181"}}, {"type": "Feature", "geometry": {"type": "Point", "coordinates": [2.442641, 48.773201]}, "properties": {"numparc": 2791, "etat de la localisation": "Delocalise", "ID BDGEO": "7", "horodatage": "2022-11-21 01:53:15", "distance (en metres)": 96.44, "station": "CENTRE BUS CRETEIL (S)", "marker-color": "#FF565E"}}, {"type": "Feature", "geometry": {"type": "Point", "coordinates": [2.442641, 48.773201]}, "properties": {"numparc": 2791, "etat de la localisation": "autre", "ID BDGEO": "7", "horodatage": "2022-11-21 02:02:53", "distance (en metres)": 96.44, "station": "CENTRE BUS CRETEIL (S)", "marker-color": "#818181"}}, {"type": "Feature", "geometry": {"type": "Point", "coordinates": [2.443292, 48.772447]}, "properties": {"station": "CENTRE BUS CRETEIL (S)", "ID BDGEO": "7", "marker-color": "#56B3FF"}}, {"type": "Feature", "geometry": {"type": "Point", "coordinates": [2.415194, 48.805338]}, "properties": {"station": "SALVADOR ALLENDE", "ID BDGEO": "21", "marker-color": "#56B3FF"}}, {"type": "Feature", "geometry": {"type": "Point", "coordinates": [2.425815, 48.802347]}, "properties": {"station": "M. ALFORT-ALFORTVILLE RER", "ID BDGEO": "53", "marker-color": "#56B3FF"}}, {"type": "Feature", "geometry": {"type": "Point", "coordinates": [2.428001, 48.784028]}, "properties": {"station": "CIMETIERE D'ALFORTVILLE", "ID BDGEO": "38", "marker-color": "#56B3FF"}}, {"type": "Feature", "geometry": {"type": "Point", "coordinates": [2.422747, 48.814662]}, "properties": {"station": "ECOLE VETERINAIRE - METRO", "ID BDGEO": "3", "marker-color": "#56B3FF"}}, {"type": "Feature", "geometry": {"type": "Point", "coordinates": [2.424035, 48.803822]}, "properties": {"station": "RAYMOND JACLARD", "ID BDGEO": "22", "marker-color": "#56B3FF"}}, {"type": "Feature", "geometry": {"type": "Point", "coordinates": [2.428665, 48.782409]}, "properties": {"station": "VAL DE SEINE", "ID BDGEO": "58", "marker-color": "#56B3FF"}}, {"type": "Feature", "geometry": {"type": "Point", "coordinates": [2.42092, 48.804273]}, "properties": {"station": "..", "ID BDGEO": "789", "marker-color": "#56B3FF"}}, {"type": "Feature", "geometry": {"type": "Point", "coordinates": [2.401684, 48.763166]}, "properties": {"station": "RENE PANHARD", "ID BDGEO": "623", "marker-color": "#56B3FF"}}, {"type": "Feature", "geometry": {"type": "Point", "coordinates": [2.400078, 48.761261]}, "properties": {"station": "GEORGES HALGOULT", "ID BDGEO": "639", "marker-color": "#56B3FF"}}, {"type": "Feature", "geometry": {"type": "Point", "coordinates": [2.42009, 48.804382]}, "properties": {"station": "MAIRIE D'ALFORTVILLE", "ID BDGEO": "17", "marker-color": "#56B3FF"}}, {"type": "Feature", "geometry": {"type": "Point", "coordinates": [2.405071, 48.764206]}, "properties": {"station": "ROUGET DE L ISLE", "ID BDGEO": "624", "marker-color": "#56B3FF"}}, {"type": "Feature", "geometry": {"type": "Point", "coordinates": [2.421224, 48.815148]}, "properties": {"station": "ECOLE VETERINAIRE - METRO.", "ID BDGEO": "673", "marker-color": "#56B3FF"}}, {"type": "Feature", "geometry": {"type": "Point", "coordinates": [2.441892, 48.772592]}, "properties": {"station": "CENTRE BUS CRETEIL (E)", "ID BDGEO": "8", "marker-color": "#56B3FF"}}, {"type": "Feature", "geometry": {"type": "Point", "coordinates": [2.42102, 48.781885]}, "properties": {"station": "DIGUE-REVOLUTION", "ID BDGEO": "41", "marker-color": "#56B3FF"}}, {"type": "Feature", "geometry": {"type": "Point", "coordinates": [2.425381, 48.79495]}, "properties": {"station": "ACHTARAK", "ID BDGEO": "30", "marker-color": "#56B3FF"}}, {"type": "Feature", "geometry": {"type": "Point", "coordinates": [2.408567, 48.765427]}, "properties": {"station": "CHOISY-LE-ROI RER", "ID BDGEO": "625", "marker-color": "#56B3FF"}}, {"type": "Feature", "geometry": {"type": "Point", "coordinates": [2.413873, 48.813994]}, "properties": {"station": "GENERAL DE GAULLE", "ID BDGEO": "12", "marker-color": "#56B3FF"}}, {"type": "Feature", "geometry": {"type": "Point", "coordinates": [2.408431, 48.765517]}, "properties": {"station": "CHOISY-LE-ROI RER", "ID BDGEO": "55", "marker-color": "#56B3FF"}}, {"type": "Feature", "geometry": {"type": "Point", "coordinates": [2.421031, 48.805352]}, "properties": {"station": "MAIRIE D'ALFORTVILLE", "ID BDGEO": "6", "marker-color": "#56B3FF"}}, {"type": "Feature", "geometry": {"type": "Point", "coordinates": [2.399887, 48.761036]}, "properties": {"station": "GEORGES HALGOULT#", "ID BDGEO": "825", "marker-color": "#56B3FF"}}, {"type": "Feature", "geometry": {"type": "Point", "coordinates": [2.428852, 48.780728]}, "properties": {"station": "VAL DE SEINE", "ID BDGEO": "59", "marker-color": "#56B3FF"}}, {"type": "Feature", "geometry": {"type": "Point", "coordinates": [2.423087, 48.814545]}, "properties": {"station": "ECOLE VETERINAIRE - METRO#", "ID BDGEO": "206", "marker-color": "#56B3FF"}}, {"type": "Feature", "geometry": {"type": "Point", "coordinates": [2.399982, 48.761162]}, "properties": {"station": "GEORGES HALGOULT#", "ID BDGEO": "824", "marker-color": "#56B3FF"}}, {"type": "Feature", "geometry": {"type": "Point", "coordinates": [2.414275, 48.809778]}, "properties": {"station": "RUE DE SEINE", "ID BDGEO": "15", "marker-color": "#56B3FF"}}, {"type": "Feature", "geometry": {"type": "Point", "coordinates": [2.423155, 48.806339]}, "properties": {"station": "JOSEPH FRANCESCHI", "ID BDGEO": "20", "marker-color": "#56B3FF"}}, {"type": "Feature", "geometry": {"type": "Point", "coordinates": [2.42553, 48.802562]}, "properties": {"station": "M. ALFORT-ALFORTVILLE RER", "ID BDGEO": "52", "marker-color": "#56B3FF"}}, {"type": "Feature", "geometry": {"type": "Point", "coordinates": [2.413481, 48.769648]}, "properties": {"station": "JEAN VILAR", "ID BDGEO": "49", "marker-color": "#56B3FF"}}, {"type": "Feature", "geometry": {"type": "Point", "coordinates": [2.421441, 48.815067]}, "properties": {"station": "ECOLE VETERINAIRE DE MAISON-ALFORT#", "ID BDGEO": "822", "marker-color": "#56B3FF"}}, {"type": "Feature", "geometry": {"type": "Point", "coordinates": [2.404609, 48.764171]}, "properties": {"station": "ROUGET DE L ISLE", "ID BDGEO": "598", "marker-color": "#56B3FF"}}, {"type": "Feature", "geometry": {"type": "Point", "coordinates": [2.425354, 48.795255]}, "properties": {"station": "ACHTARAK", "ID BDGEO": "29", "marker-color": "#56B3FF"}}, {"type": "Feature", "geometry": {"type": "Point", "coordinates": [2.414158, 48.767409]}, "properties": {"station": "PONT DE CHOISY", "ID BDGEO": "51", "marker-color": "#56B3FF"}}, {"type": "Feature", "geometry": {"type": "Point", "coordinates": [2.413633, 48.771481]}, "properties": {"station": "LA FOLIE", "ID BDGEO": "47", "marker-color": "#56B3FF"}}]}