{"type": "FeatureCollection", "features": [{"type": "Feature", "geometry": {"type": "Point", "coordinates": [2.387567, 48.754707]}, "properties": {"numparc": 6917, "etat de la localisation": "autre", "ID BDGEO": "734", "horodatage": "2022-11-03 04:49:18", "distance (en metres)": 4336.55, "station": "CHARCOT ZOLA", "marker-color": "#818181"}}, {"type": "Feature", "geometry": {"type": "Point", "coordinates": [2.326692, 48.761623]}, "properties": {"numparc": 6917, "etat de la localisation": "autre", "ID BDGEO": "734", "horodatage": "2022-11-03 05:21:59", "distance (en metres)": 194.64, "station": "CHARCOT ZOLA", "marker-color": "#818181"}}, {"type": "Feature", "geometry": {"type": "Point", "coordinates": [2.324594, 48.821602]}, "properties": {"numparc": 6926, "etat de la localisation": "autre", "ID BDGEO": "580", "horodatage": "2022-11-03 05:25:24", "distance (en metres)": 65.19, "station": "PORTE D'ORLEANS#", "marker-color": "#818181"}}, {"type": "Feature", "geometry": {"type": "Point", "coordinates": [2.387429, 48.75462]}, "properties": {"numparc": 6911, "etat de la localisation": "autre", "ID BDGEO": "614", "horodatage": "2022-11-03 05:28:24", "distance (en metres)": 4355.69, "station": "CHARCOT ZOLA#", "marker-color": "#818181"}}, {"type": "Feature", "geometry": {"type": "Point", "coordinates": [2.387609, 48.754761]}, "properties": {"numparc": 6927, "etat de la localisation": "autre", "ID BDGEO": "614", "horodatage": "2022-11-03 05:28:34", "distance (en metres)": 4366.14, "station": "CHARCOT ZOLA#", "marker-color": "#818181"}}, {"type": "Feature", "geometry": {"type": "Point", "coordinates": [2.319382, 48.75967]}, "properties": {"numparc": 6917, "etat de la localisation": "autre", "ID BDGEO": "599", "horodatage": "2022-11-03 05:28:54", "distance (en metres)": 53.99, "station": "TUILERIE", "marker-color": "#818181"}}, {"type": "Feature", "geometry": {"type": "Point", "coordinates": [2.324594, 48.821602]}, "properties": {"numparc": 6926, "etat de la localisation": "autre", "ID BDGEO": "580", "horodatage": "2022-11-03 05:29:38", "distance (en metres)": 65.19, "station": "PORTE D'ORLEANS#", "marker-color": "#818181"}}, {"type": "Feature", "geometry": {"type": "Point", "coordinates": [2.387429, 48.75462]}, "properties": {"numparc": 6911, "etat de la localisation": "autre", "ID BDGEO": "614", "horodatage": "2022-11-03 05:29:50", "distance (en metres)": 4355.69, "station": "CHARCOT ZOLA#", "marker-color": "#818181"}}, {"type": "Feature", "geometry": {"type": "Point", "coordinates": [2.325697, 48.813454]}, "properties": {"numparc": 6926, "etat de la localisation": "autre", "ID BDGEO": "580", "horodatage": "2022-11-03 05:33:02", "distance (en metres)": 974.37, "station": "PORTE D'ORLEANS#", "marker-color": "#818181"}}, {"type": "Feature", "geometry": {"type": "Point", "coordinates": [2.387609, 48.754761]}, "properties": {"numparc": 6927, "etat de la localisation": "Delocalise", "ID BDGEO": "734", "horodatage": "2022-11-03 05:34:08", "distance (en metres)": 4338.62, "station": "CHARCOT ZOLA", "marker-color": "#FF565E"}}, {"type": "Feature", "geometry": {"type": "Point", "coordinates": [2.325004, 48.804668]}, "properties": {"numparc": 6926, "etat de la localisation": "autre", "ID BDGEO": "580", "horodatage": "2022-11-03 05:34:38", "distance (en metres)": 1948.28, "station": "PORTE D'ORLEANS#", "marker-color": "#818181"}}, {"type": "Feature", "geometry": {"type": "Point", "coordinates": [2.323675, 48.801464]}, "properties": {"numparc": 6926, "etat de la localisation": "autre", "ID BDGEO": "580", "horodatage": "2022-11-03 05:36:09", "distance (en metres)": 2305.43, "station": "PORTE D'ORLEANS#", "marker-color": "#818181"}}, {"type": "Feature", "geometry": {"type": "Point", "coordinates": [2.324163, 48.799538]}, "properties": {"numparc": 6926, "etat de la localisation": "autre", "ID BDGEO": "580", "horodatage": "2022-11-03 05:36:54", "distance (en metres)": 2518.81, "station": "PORTE D'ORLEANS#", "marker-color": "#818181"}}, {"type": "Feature", "geometry": {"type": "Point", "coordinates": [2.327657, 48.798187]}, "properties": {"numparc": 6926, "etat de la localisation": "autre", "ID BDGEO": "580", "horodatage": "2022-11-03 05:37:52", "distance (en metres)": 2677.97, "station": "PORTE D'ORLEANS#", "marker-color": "#818181"}}, {"type": "Feature", "geometry": {"type": "Point", "coordinates": [2.334796, 48.794582]}, "properties": {"numparc": 6926, "etat de la localisation": "autre", "ID BDGEO": "580", "horodatage": "2022-11-03 05:40:14", "distance (en metres)": 3158.69, "station": "PORTE D'ORLEANS#", "marker-color": "#818181"}}, {"type": "Feature", "geometry": {"type": "Point", "coordinates": [2.330463, 48.763245]}, "properties": {"numparc": 6911, "etat de la localisation": "autre", "ID BDGEO": "734", "horodatage": "2022-11-03 05:41:15", "distance (en metres)": 262.79, "station": "CHARCOT ZOLA", "marker-color": "#818181"}}, {"type": "Feature", "geometry": {"type": "Point", "coordinates": [2.326641, 48.761574]}, "properties": {"numparc": 6911, "etat de la localisation": "autre", "ID BDGEO": "734", "horodatage": "2022-11-03 05:42:55", "distance (en metres)": 196.42, "station": "CHARCOT ZOLA", "marker-color": "#818181"}}, {"type": "Feature", "geometry": {"type": "Point", "coordinates": [2.324715, 48.759232]}, "properties": {"numparc": 6911, "etat de la localisation": "autre", "ID BDGEO": "620", "horodatage": "2022-11-03 05:43:51", "distance (en metres)": 154.82, "station": "EMILE ZOLA", "marker-color": "#818181"}}, {"type": "Feature", "geometry": {"type": "Point", "coordinates": [2.32893, 48.785686]}, "properties": {"numparc": 6926, "etat de la localisation": "autre", "ID BDGEO": "580", "horodatage": "2022-11-03 05:44:04", "distance (en metres)": 4071.01, "station": "PORTE D'ORLEANS#", "marker-color": "#818181"}}, {"type": "Feature", "geometry": {"type": "Point", "coordinates": [2.327958, 48.778732]}, "properties": {"numparc": 6926, "etat de la localisation": "autre", "ID BDGEO": "580", "horodatage": "2022-11-03 05:47:25", "distance (en metres)": 4838.21, "station": "PORTE D'ORLEANS#", "marker-color": "#818181"}}, {"type": "Feature", "geometry": {"type": "Point", "coordinates": [2.326045, 48.775036]}, "properties": {"numparc": 6926, "etat de la localisation": "autre", "ID BDGEO": "602", "horodatage": "2022-11-03 05:48:41", "distance (en metres)": 4984.78, "station": "DEPOT THIAIS ( S )", "marker-color": "#818181"}}, {"type": "Feature", "geometry": {"type": "Point", "coordinates": [2.32656, 48.761585]}, "properties": {"numparc": 6927, "etat de la localisation": "autre", "ID BDGEO": "734", "horodatage": "2022-11-03 05:50:04", "distance (en metres)": 202.46, "station": "CHARCOT ZOLA", "marker-color": "#818181"}}, {"type": "Feature", "geometry": {"type": "Point", "coordinates": [2.322119, 48.770004]}, "properties": {"numparc": 6926, "etat de la localisation": "autre", "ID BDGEO": "602", "horodatage": "2022-11-03 05:50:26", "distance (en metres)": 5037.18, "station": "DEPOT THIAIS ( S )", "marker-color": "#818181"}}, {"type": "Feature", "geometry": {"type": "Point", "coordinates": [2.319216, 48.767437]}, "properties": {"numparc": 6926, "etat de la localisation": "autre", "ID BDGEO": "602", "horodatage": "2022-11-03 05:51:20", "distance (en metres)": 5157.4, "station": "DEPOT THIAIS ( S )", "marker-color": "#818181"}}, {"type": "Feature", "geometry": {"type": "Point", "coordinates": [2.320008, 48.758888]}, "properties": {"numparc": 6927, "etat de la localisation": "autre", "ID BDGEO": "599", "horodatage": "2022-11-03 05:53:50", "distance (en metres)": 45.1, "station": "TUILERIE", "marker-color": "#818181"}}, {"type": "Feature", "geometry": {"type": "Point", "coordinates": [2.319213, 48.759941]}, "properties": {"numparc": 6926, "etat de la localisation": "autre", "ID BDGEO": "602", "horodatage": "2022-11-03 05:54:20", "distance (en metres)": 5005.78, "station": "DEPOT THIAIS ( S )", "marker-color": "#818181"}}, {"type": "Feature", "geometry": {"type": "Point", "coordinates": [2.325578, 48.82135]}, "properties": {"numparc": 6917, "etat de la localisation": "autre", "ID BDGEO": "580", "horodatage": "2022-11-03 05:55:05", "distance (en metres)": 116.45, "station": "PORTE D'ORLEANS#", "marker-color": "#818181"}}, {"type": "Feature", "geometry": {"type": "Point", "coordinates": [2.321891, 48.755688]}, "properties": {"numparc": 6926, "etat de la localisation": "autre", "ID BDGEO": "602", "horodatage": "2022-11-03 05:56:08", "distance (en metres)": 4783.64, "station": "DEPOT THIAIS ( S )", "marker-color": "#818181"}}, {"type": "Feature", "geometry": {"type": "Point", "coordinates": [2.324746, 48.82164]}, "properties": {"numparc": 6917, "etat de la localisation": "autre", "ID BDGEO": "580", "horodatage": "2022-11-03 05:56:58", "distance (en metres)": 61.57, "station": "PORTE D'ORLEANS#", "marker-color": "#818181"}}, {"type": "Feature", "geometry": {"type": "Point", "coordinates": [2.331061, 48.762989]}, "properties": {"numparc": 6926, "etat de la localisation": "autre", "ID BDGEO": "734", "horodatage": "2022-11-03 06:00:02", "distance (en metres)": 256.87, "station": "CHARCOT ZOLA", "marker-color": "#818181"}}, {"type": "Feature", "geometry": {"type": "Point", "coordinates": [2.325354, 48.818378]}, "properties": {"numparc": 6917, "etat de la localisation": "autre", "ID BDGEO": "580", "horodatage": "2022-11-03 06:01:35", "distance (en metres)": 426.95, "station": "PORTE D'ORLEANS#", "marker-color": "#818181"}}, {"type": "Feature", "geometry": {"type": "Point", "coordinates": [2.325608, 48.813457]}, "properties": {"numparc": 6917, "etat de la localisation": "autre", "ID BDGEO": "580", "horodatage": "2022-11-03 06:03:32", "distance (en metres)": 973.45, "station": "PORTE D'ORLEANS#", "marker-color": "#818181"}}, {"type": "Feature", "geometry": {"type": "Point", "coordinates": [2.326261, 48.808773]}, "properties": {"numparc": 6917, "etat de la localisation": "autre", "ID BDGEO": "580", "horodatage": "2022-11-03 06:04:48", "distance (en metres)": 1496.47, "station": "PORTE D'ORLEANS#", "marker-color": "#818181"}}, {"type": "Feature", "geometry": {"type": "Point", "coordinates": [2.324828, 48.804676]}, "properties": {"numparc": 6917, "etat de la localisation": "autre", "ID BDGEO": "580", "horodatage": "2022-11-03 06:05:54", "distance (en metres)": 1947.28, "station": "PORTE D'ORLEANS#", "marker-color": "#818181"}}, {"type": "Feature", "geometry": {"type": "Point", "coordinates": [2.324082, 48.799553]}, "properties": {"numparc": 6917, "etat de la localisation": "autre", "ID BDGEO": "580", "horodatage": "2022-11-03 06:07:17", "distance (en metres)": 2517.2, "station": "PORTE D'ORLEANS#", "marker-color": "#818181"}}, {"type": "Feature", "geometry": {"type": "Point", "coordinates": [2.327658, 48.798172]}, "properties": {"numparc": 6917, "etat de la localisation": "autre", "ID BDGEO": "580", "horodatage": "2022-11-03 06:08:17", "distance (en metres)": 2679.68, "station": "PORTE D'ORLEANS#", "marker-color": "#818181"}}, {"type": "Feature", "geometry": {"type": "Point", "coordinates": [2.387278, 48.754185]}, "properties": {"numparc": 6922, "etat de la localisation": "autre", "ID BDGEO": "602", "horodatage": "2022-11-03 06:08:36", "distance (en metres)": 129.26, "station": "DEPOT THIAIS ( S )", "marker-color": "#818181"}}, {"type": "Feature", "geometry": {"type": "Point", "coordinates": [2.331061, 48.762989]}, "properties": {"numparc": 6926, "etat de la localisation": "autre", "ID BDGEO": "734", "horodatage": "2022-11-03 06:10:38", "distance (en metres)": 256.87, "station": "CHARCOT ZOLA", "marker-color": "#818181"}}, {"type": "Feature", "geometry": {"type": "Point", "coordinates": [2.334712, 48.794548]}, "properties": {"numparc": 6917, "etat de la localisation": "autre", "ID BDGEO": "580", "horodatage": "2022-11-03 06:11:05", "distance (en metres)": 3160.96, "station": "PORTE D'ORLEANS#", "marker-color": "#818181"}}, {"type": "Feature", "geometry": {"type": "Point", "coordinates": [2.387402, 48.754681]}, "properties": {"numparc": 6918, "etat de la localisation": "autre", "ID BDGEO": "614", "horodatage": "2022-11-03 06:11:40", "distance (en metres)": 4352.62, "station": "CHARCOT ZOLA#", "marker-color": "#818181"}}, {"type": "Feature", "geometry": {"type": "Point", "coordinates": [2.330509, 48.763237]}, "properties": {"numparc": 6926, "etat de la localisation": "autre", "ID BDGEO": "734", "horodatage": "2022-11-03 06:12:18", "distance (en metres)": 263.22, "station": "CHARCOT ZOLA", "marker-color": "#818181"}}, {"type": "Feature", "geometry": {"type": "Point", "coordinates": [2.33146, 48.790211]}, "properties": {"numparc": 6917, "etat de la localisation": "autre", "ID BDGEO": "580", "horodatage": "2022-11-03 06:12:43", "distance (en metres)": 3590.77, "station": "PORTE D'ORLEANS#", "marker-color": "#818181"}}, {"type": "Feature", "geometry": {"type": "Point", "coordinates": [2.325582, 48.82132]}, "properties": {"numparc": 6911, "etat de la localisation": "autre", "ID BDGEO": "580", "horodatage": "2022-11-03 06:13:27", "distance (en metres)": 119.35, "station": "PORTE D'ORLEANS#", "marker-color": "#818181"}}, {"type": "Feature", "geometry": {"type": "Point", "coordinates": [2.328942, 48.785698]}, "properties": {"numparc": 6917, "etat de la localisation": "autre", "ID BDGEO": "580", "horodatage": "2022-11-03 06:13:56", "distance (en metres)": 4069.81, "station": "PORTE D'ORLEANS#", "marker-color": "#818181"}}, {"type": "Feature", "geometry": {"type": "Point", "coordinates": [2.326569, 48.761585]}, "properties": {"numparc": 6926, "etat de la localisation": "autre", "ID BDGEO": "734", "horodatage": "2022-11-03 06:14:17", "distance (en metres)": 201.83, "station": "CHARCOT ZOLA", "marker-color": "#818181"}}, {"type": "Feature", "geometry": {"type": "Point", "coordinates": [2.324631, 48.821648]}, "properties": {"numparc": 6911, "etat de la localisation": "autre", "ID BDGEO": "580", "horodatage": "2022-11-03 06:15:27", "distance (en metres)": 60.07, "station": "PORTE D'ORLEANS#", "marker-color": "#818181"}}, {"type": "Feature", "geometry": {"type": "Point", "coordinates": [2.328008, 48.778725]}, "properties": {"numparc": 6917, "etat de la localisation": "autre", "ID BDGEO": "580", "horodatage": "2022-11-03 06:15:33", "distance (en metres)": 4839.25, "station": "PORTE D'ORLEANS#", "marker-color": "#818181"}}, {"type": "Feature", "geometry": {"type": "Point", "coordinates": [2.326029, 48.775009]}, "properties": {"numparc": 6917, "etat de la localisation": "autre", "ID BDGEO": "602", "horodatage": "2022-11-03 06:16:41", "distance (en metres)": 4984.53, "station": "DEPOT THIAIS ( S )", "marker-color": "#818181"}}, {"type": "Feature", "geometry": {"type": "Point", "coordinates": [2.322173, 48.770039]}, "properties": {"numparc": 6917, "etat de la localisation": "autre", "ID BDGEO": "602", "horodatage": "2022-11-03 06:18:07", "distance (en metres)": 5034.66, "station": "DEPOT THIAIS ( S )", "marker-color": "#818181"}}, {"type": "Feature", "geometry": {"type": "Point", "coordinates": [2.319404, 48.759766]}, "properties": {"numparc": 6926, "etat de la localisation": "autre", "ID BDGEO": "599", "horodatage": "2022-11-03 06:18:54", "distance (en metres)": 63.52, "station": "TUILERIE", "marker-color": "#818181"}}, {"type": "Feature", "geometry": {"type": "Point", "coordinates": [2.325369, 48.818478]}, "properties": {"numparc": 6911, "etat de la localisation": "autre", "ID BDGEO": "580", "horodatage": "2022-11-03 06:18:58", "distance (en metres)": 416.15, "station": "PORTE D'ORLEANS#", "marker-color": "#818181"}}, {"type": "Feature", "geometry": {"type": "Point", "coordinates": [2.319194, 48.767429]}, "properties": {"numparc": 6917, "etat de la localisation": "autre", "ID BDGEO": "602", "horodatage": "2022-11-03 06:19:06", "distance (en metres)": 5158.73, "station": "DEPOT THIAIS ( S )", "marker-color": "#818181"}}, {"type": "Feature", "geometry": {"type": "Point", "coordinates": [2.319181, 48.767414]}, "properties": {"numparc": 6917, "etat de la localisation": "autre", "ID BDGEO": "602", "horodatage": "2022-11-03 06:19:20", "distance (en metres)": 5159.22, "station": "DEPOT THIAIS ( S )", "marker-color": "#818181"}}, {"type": "Feature", "geometry": {"type": "Point", "coordinates": [2.318135, 48.76403]}, "properties": {"numparc": 6917, "etat de la localisation": "autre", "ID BDGEO": "602", "horodatage": "2022-11-03 06:20:52", "distance (en metres)": 5149.81, "station": "DEPOT THIAIS ( S )", "marker-color": "#818181"}}, {"type": "Feature", "geometry": {"type": "Point", "coordinates": [2.32567, 48.813751]}, "properties": {"numparc": 6911, "etat de la localisation": "autre", "ID BDGEO": "580", "horodatage": "2022-11-03 06:20:53", "distance (en metres)": 941.24, "station": "PORTE D'ORLEANS#", "marker-color": "#818181"}}, {"type": "Feature", "geometry": {"type": "Point", "coordinates": [2.325567, 48.821766]}, "properties": {"numparc": 6927, "etat de la localisation": "autre", "ID BDGEO": "580", "horodatage": "2022-11-03 06:21:32", "distance (en metres)": 83.49, "station": "PORTE D'ORLEANS#", "marker-color": "#818181"}}, {"type": "Feature", "geometry": {"type": "Point", "coordinates": [2.319235, 48.759884]}, "properties": {"numparc": 6917, "etat de la localisation": "autre", "ID BDGEO": "602", "horodatage": "2022-11-03 06:22:09", "distance (en metres)": 5003.52, "station": "DEPOT THIAIS ( S )", "marker-color": "#818181"}}, {"type": "Feature", "geometry": {"type": "Point", "coordinates": [2.325054, 48.804707]}, "properties": {"numparc": 6911, "etat de la localisation": "autre", "ID BDGEO": "580", "horodatage": "2022-11-03 06:22:51", "distance (en metres)": 1944.09, "station": "PORTE D'ORLEANS#", "marker-color": "#818181"}}, {"type": "Feature", "geometry": {"type": "Point", "coordinates": [2.324698, 48.821651]}, "properties": {"numparc": 6927, "etat de la localisation": "autre", "ID BDGEO": "580", "horodatage": "2022-11-03 06:23:26", "distance (en metres)": 59.89, "station": "PORTE D'ORLEANS#", "marker-color": "#818181"}}, {"type": "Feature", "geometry": {"type": "Point", "coordinates": [2.326621, 48.76162]}, "properties": {"numparc": 6922, "etat de la localisation": "autre", "ID BDGEO": "734", "horodatage": "2022-11-03 06:23:56", "distance (en metres)": 199.41, "station": "CHARCOT ZOLA", "marker-color": "#818181"}}, {"type": "Feature", "geometry": {"type": "Point", "coordinates": [2.323695, 48.801411]}, "properties": {"numparc": 6911, "etat de la localisation": "autre", "ID BDGEO": "580", "horodatage": "2022-11-03 06:23:59", "distance (en metres)": 2311.32, "station": "PORTE D'ORLEANS#", "marker-color": "#818181"}}, {"type": "Feature", "geometry": {"type": "Point", "coordinates": [2.323969, 48.758389]}, "properties": {"numparc": 6917, "etat de la localisation": "autre", "ID BDGEO": "602", "horodatage": "2022-11-03 06:24:50", "distance (en metres)": 4643.4, "station": "DEPOT THIAIS ( S )", "marker-color": "#818181"}}, {"type": "Feature", "geometry": {"type": "Point", "coordinates": [2.323969, 48.758389]}, "properties": {"numparc": 6917, "etat de la localisation": "autre", "ID BDGEO": "602", "horodatage": "2022-11-03 06:24:57", "distance (en metres)": 4643.4, "station": "DEPOT THIAIS ( S )", "marker-color": "#818181"}}, {"type": "Feature", "geometry": {"type": "Point", "coordinates": [2.324155, 48.799541]}, "properties": {"numparc": 6911, "etat de la localisation": "autre", "ID BDGEO": "580", "horodatage": "2022-11-03 06:25:07", "distance (en metres)": 2518.4, "station": "PORTE D'ORLEANS#", "marker-color": "#818181"}}, {"type": "Feature", "geometry": {"type": "Point", "coordinates": [2.326439, 48.7612]}, "properties": {"numparc": 6917, "etat de la localisation": "autre", "ID BDGEO": "602", "horodatage": "2022-11-03 06:26:06", "distance (en metres)": 4497.24, "station": "DEPOT THIAIS ( S )", "marker-color": "#818181"}}, {"type": "Feature", "geometry": {"type": "Point", "coordinates": [2.327545, 48.798134]}, "properties": {"numparc": 6911, "etat de la localisation": "autre", "ID BDGEO": "580", "horodatage": "2022-11-03 06:26:50", "distance (en metres)": 2683.22, "station": "PORTE D'ORLEANS#", "marker-color": "#818181"}}, {"type": "Feature", "geometry": {"type": "Point", "coordinates": [2.331667, 48.796379]}, "properties": {"numparc": 6911, "etat de la localisation": "autre", "ID BDGEO": "580", "horodatage": "2022-11-03 06:28:26", "distance (en metres)": 2915.79, "station": "PORTE D'ORLEANS#", "marker-color": "#818181"}}, {"type": "Feature", "geometry": {"type": "Point", "coordinates": [2.331087, 48.762997]}, "properties": {"numparc": 6917, "etat de la localisation": "autre", "ID BDGEO": "734", "horodatage": "2022-11-03 06:28:41", "distance (en metres)": 258.61, "station": "CHARCOT ZOLA", "marker-color": "#818181"}}, {"type": "Feature", "geometry": {"type": "Point", "coordinates": [2.334601, 48.794491]}, "properties": {"numparc": 6911, "etat de la localisation": "autre", "ID BDGEO": "580", "horodatage": "2022-11-03 06:29:51", "distance (en metres)": 3165.25, "station": "PORTE D'ORLEANS#", "marker-color": "#818181"}}, {"type": "Feature", "geometry": {"type": "Point", "coordinates": [2.324695, 48.821651]}, "properties": {"numparc": 6927, "etat de la localisation": "autre", "ID BDGEO": "580", "horodatage": "2022-11-03 06:30:17", "distance (en metres)": 59.88, "station": "PORTE D'ORLEANS#", "marker-color": "#818181"}}, {"type": "Feature", "geometry": {"type": "Point", "coordinates": [2.331496, 48.790264]}, "properties": {"numparc": 6911, "etat de la localisation": "autre", "ID BDGEO": "580", "horodatage": "2022-11-03 06:32:06", "distance (en metres)": 3585.26, "station": "PORTE D'ORLEANS#", "marker-color": "#818181"}}, {"type": "Feature", "geometry": {"type": "Point", "coordinates": [2.32658, 48.761562]}, "properties": {"numparc": 6918, "etat de la localisation": "autre", "ID BDGEO": "734", "horodatage": "2022-11-03 06:32:18", "distance (en metres)": 200.3, "station": "CHARCOT ZOLA", "marker-color": "#818181"}}, {"type": "Feature", "geometry": {"type": "Point", "coordinates": [2.387682, 48.754787]}, "properties": {"numparc": 6928, "etat de la localisation": "autre", "ID BDGEO": "614", "horodatage": "2022-11-03 06:33:01", "distance (en metres)": 4370.94, "station": "CHARCOT ZOLA#", "marker-color": "#818181"}}, {"type": "Feature", "geometry": {"type": "Point", "coordinates": [2.328944, 48.785679]}, "properties": {"numparc": 6911, "etat de la localisation": "autre", "ID BDGEO": "580", "horodatage": "2022-11-03 06:34:02", "distance (en metres)": 4071.93, "station": "PORTE D'ORLEANS#", "marker-color": "#818181"}}, {"type": "Feature", "geometry": {"type": "Point", "coordinates": [2.32801, 48.78334]}, "properties": {"numparc": 6911, "etat de la localisation": "autre", "ID BDGEO": "580", "horodatage": "2022-11-03 06:34:55", "distance (en metres)": 4326.75, "station": "PORTE D'ORLEANS#", "marker-color": "#818181"}}, {"type": "Feature", "geometry": {"type": "Point", "coordinates": [2.32634, 48.808762]}, "properties": {"numparc": 6927, "etat de la localisation": "autre", "ID BDGEO": "580", "horodatage": "2022-11-03 06:35:28", "distance (en metres)": 1498.21, "station": "PORTE D'ORLEANS#", "marker-color": "#818181"}}, {"type": "Feature", "geometry": {"type": "Point", "coordinates": [2.319434, 48.759754]}, "properties": {"numparc": 6918, "etat de la localisation": "autre", "ID BDGEO": "599", "horodatage": "2022-11-03 06:36:18", "distance (en metres)": 61.7, "station": "TUILERIE", "marker-color": "#818181"}}, {"type": "Feature", "geometry": {"type": "Point", "coordinates": [2.325014, 48.804699]}, "properties": {"numparc": 6927, "etat de la localisation": "autre", "ID BDGEO": "580", "horodatage": "2022-11-03 06:36:29", "distance (en metres)": 1944.89, "station": "PORTE D'ORLEANS#", "marker-color": "#818181"}}, {"type": "Feature", "geometry": {"type": "Point", "coordinates": [2.326036, 48.775047]}, "properties": {"numparc": 6911, "etat de la localisation": "autre", "ID BDGEO": "602", "horodatage": "2022-11-03 06:37:43", "distance (en metres)": 4985.94, "station": "DEPOT THIAIS ( S )", "marker-color": "#818181"}}, {"type": "Feature", "geometry": {"type": "Point", "coordinates": [2.324181, 48.799557]}, "properties": {"numparc": 6927, "etat de la localisation": "autre", "ID BDGEO": "580", "horodatage": "2022-11-03 06:38:40", "distance (en metres)": 2516.68, "station": "PORTE D'ORLEANS#", "marker-color": "#818181"}}, {"type": "Feature", "geometry": {"type": "Point", "coordinates": [2.3876, 48.754749]}, "properties": {"numparc": 6928, "etat de la localisation": "autre", "ID BDGEO": "734", "horodatage": "2022-11-03 06:38:51", "distance (en metres)": 4338.17, "station": "CHARCOT ZOLA", "marker-color": "#818181"}}, {"type": "Feature", "geometry": {"type": "Point", "coordinates": [2.38785, 48.754673]}, "properties": {"numparc": 6919, "etat de la localisation": "autre", "ID BDGEO": "602", "horodatage": "2022-11-03 06:39:12", "distance (en metres)": 90.83, "station": "DEPOT THIAIS ( S )", "marker-color": "#818181"}}, {"type": "Feature", "geometry": {"type": "Point", "coordinates": [2.319177, 48.767426]}, "properties": {"numparc": 6911, "etat de la localisation": "autre", "ID BDGEO": "602", "horodatage": "2022-11-03 06:39:37", "distance (en metres)": 5159.83, "station": "DEPOT THIAIS ( S )", "marker-color": "#818181"}}, {"type": "Feature", "geometry": {"type": "Point", "coordinates": [2.327666, 48.798172]}, "properties": {"numparc": 6927, "etat de la localisation": "autre", "ID BDGEO": "580", "horodatage": "2022-11-03 06:39:39", "distance (en metres)": 2679.72, "station": "PORTE D'ORLEANS#", "marker-color": "#818181"}}, {"type": "Feature", "geometry": {"type": "Point", "coordinates": [2.31813, 48.764057]}, "properties": {"numparc": 6911, "etat de la localisation": "autre", "ID BDGEO": "602", "horodatage": "2022-11-03 06:41:28", "distance (en metres)": 5150.73, "station": "DEPOT THIAIS ( S )", "marker-color": "#818181"}}, {"type": "Feature", "geometry": {"type": "Point", "coordinates": [2.318263, 48.762104]}, "properties": {"numparc": 6911, "etat de la localisation": "autre", "ID BDGEO": "602", "horodatage": "2022-11-03 06:42:19", "distance (en metres)": 5104.78, "station": "DEPOT THIAIS ( S )", "marker-color": "#818181"}}, {"type": "Feature", "geometry": {"type": "Point", "coordinates": [2.334616, 48.794498]}, "properties": {"numparc": 6927, "etat de la localisation": "autre", "ID BDGEO": "580", "horodatage": "2022-11-03 06:42:21", "distance (en metres)": 3164.68, "station": "PORTE D'ORLEANS#", "marker-color": "#818181"}}, {"type": "Feature", "geometry": {"type": "Point", "coordinates": [2.319207, 48.75993]}, "properties": {"numparc": 6911, "etat de la localisation": "autre", "ID BDGEO": "602", "horodatage": "2022-11-03 06:43:28", "distance (en metres)": 5006.09, "station": "DEPOT THIAIS ( S )", "marker-color": "#818181"}}, {"type": "Feature", "geometry": {"type": "Point", "coordinates": [2.33142, 48.790245]}, "properties": {"numparc": 6927, "etat de la localisation": "autre", "ID BDGEO": "580", "horodatage": "2022-11-03 06:43:40", "distance (en metres)": 3586.58, "station": "PORTE D'ORLEANS#", "marker-color": "#818181"}}, {"type": "Feature", "geometry": {"type": "Point", "coordinates": [2.330522, 48.763233]}, "properties": {"numparc": 6917, "etat de la localisation": "autre", "ID BDGEO": "734", "horodatage": "2022-11-03 06:43:56", "distance (en metres)": 263.18, "station": "CHARCOT ZOLA", "marker-color": "#818181"}}, {"type": "Feature", "geometry": {"type": "Point", "coordinates": [2.321976, 48.75568]}, "properties": {"numparc": 6911, "etat de la localisation": "autre", "ID BDGEO": "602", "horodatage": "2022-11-03 06:45:05", "distance (en metres)": 4777.42, "station": "DEPOT THIAIS ( S )", "marker-color": "#818181"}}, {"type": "Feature", "geometry": {"type": "Point", "coordinates": [2.328892, 48.785675]}, "properties": {"numparc": 6927, "etat de la localisation": "autre", "ID BDGEO": "580", "horodatage": "2022-11-03 06:45:57", "distance (en metres)": 4072.06, "station": "PORTE D'ORLEANS#", "marker-color": "#818181"}}, {"type": "Feature", "geometry": {"type": "Point", "coordinates": [2.32656, 48.761593]}, "properties": {"numparc": 6917, "etat de la localisation": "autre", "ID BDGEO": "734", "horodatage": "2022-11-03 06:46:13", "distance (en metres)": 202.72, "station": "CHARCOT ZOLA", "marker-color": "#818181"}}, {"type": "Feature", "geometry": {"type": "Point", "coordinates": [2.327974, 48.783352]}, "properties": {"numparc": 6927, "etat de la localisation": "autre", "ID BDGEO": "580", "horodatage": "2022-11-03 06:46:47", "distance (en metres)": 4325.33, "station": "PORTE D'ORLEANS#", "marker-color": "#818181"}}, {"type": "Feature", "geometry": {"type": "Point", "coordinates": [2.324663, 48.759205]}, "properties": {"numparc": 6917, "etat de la localisation": "autre", "ID BDGEO": "620", "horodatage": "2022-11-03 06:47:08", "distance (en metres)": 150.07, "station": "EMILE ZOLA", "marker-color": "#818181"}}, {"type": "Feature", "geometry": {"type": "Point", "coordinates": [2.38752, 48.754589]}, "properties": {"numparc": 6919, "etat de la localisation": "Delocalise", "ID BDGEO": "602", "horodatage": "2022-11-03 06:47:30", "distance (en metres)": 88.36, "station": "DEPOT THIAIS ( S )", "marker-color": "#FF565E"}}, {"type": "Feature", "geometry": {"type": "Point", "coordinates": [2.325588, 48.821239]}, "properties": {"numparc": 6926, "etat de la localisation": "autre", "ID BDGEO": "580", "horodatage": "2022-11-03 06:47:53", "distance (en metres)": 126.9, "station": "PORTE D'ORLEANS#", "marker-color": "#818181"}}, {"type": "Feature", "geometry": {"type": "Point", "coordinates": [2.387643, 48.754585]}, "properties": {"numparc": 6909, "etat de la localisation": "autre", "ID BDGEO": "614", "horodatage": "2022-11-03 06:48:35", "distance (en metres)": 4371.8, "station": "CHARCOT ZOLA#", "marker-color": "#818181"}}, {"type": "Feature", "geometry": {"type": "Point", "coordinates": [2.326026, 48.775021]}, "properties": {"numparc": 6927, "etat de la localisation": "autre", "ID BDGEO": "602", "horodatage": "2022-11-03 06:49:15", "distance (en metres)": 4985.29, "station": "DEPOT THIAIS ( S )", "marker-color": "#818181"}}, {"type": "Feature", "geometry": {"type": "Point", "coordinates": [2.331046, 48.762962]}, "properties": {"numparc": 6911, "etat de la localisation": "autre", "ID BDGEO": "734", "horodatage": "2022-11-03 06:49:24", "distance (en metres)": 253.78, "station": "CHARCOT ZOLA", "marker-color": "#818181"}}, {"type": "Feature", "geometry": {"type": "Point", "coordinates": [2.32469, 48.821632]}, "properties": {"numparc": 6926, "etat de la localisation": "autre", "ID BDGEO": "580", "horodatage": "2022-11-03 06:50:36", "distance (en metres)": 61.96, "station": "PORTE D'ORLEANS#", "marker-color": "#818181"}}, {"type": "Feature", "geometry": {"type": "Point", "coordinates": [2.322095, 48.769974]}, "properties": {"numparc": 6927, "etat de la localisation": "autre", "ID BDGEO": "602", "horodatage": "2022-11-03 06:50:44", "distance (en metres)": 5037.75, "station": "DEPOT THIAIS ( S )", "marker-color": "#818181"}}, {"type": "Feature", "geometry": {"type": "Point", "coordinates": [2.319443, 48.759769]}, "properties": {"numparc": 6917, "etat de la localisation": "autre", "ID BDGEO": "599", "horodatage": "2022-11-03 06:50:51", "distance (en metres)": 63.17, "station": "TUILERIE", "marker-color": "#818181"}}, {"type": "Feature", "geometry": {"type": "Point", "coordinates": [2.319184, 48.767414]}, "properties": {"numparc": 6927, "etat de la localisation": "autre", "ID BDGEO": "602", "horodatage": "2022-11-03 06:51:37", "distance (en metres)": 5159.0, "station": "DEPOT THIAIS ( S )", "marker-color": "#818181"}}, {"type": "Feature", "geometry": {"type": "Point", "coordinates": [2.318127, 48.764034]}, "properties": {"numparc": 6927, "etat de la localisation": "autre", "ID BDGEO": "602", "horodatage": "2022-11-03 06:53:19", "distance (en metres)": 5150.48, "station": "DEPOT THIAIS ( S )", "marker-color": "#818181"}}, {"type": "Feature", "geometry": {"type": "Point", "coordinates": [2.324695, 48.821617]}, "properties": {"numparc": 6926, "etat de la localisation": "autre", "ID BDGEO": "580", "horodatage": "2022-11-03 06:54:08", "distance (en metres)": 63.68, "station": "PORTE D'ORLEANS#", "marker-color": "#818181"}}, {"type": "Feature", "geometry": {"type": "Point", "coordinates": [2.319222, 48.759903]}, "properties": {"numparc": 6927, "etat de la localisation": "autre", "ID BDGEO": "602", "horodatage": "2022-11-03 06:54:37", "distance (en metres)": 5004.69, "station": "DEPOT THIAIS ( S )", "marker-color": "#818181"}}, {"type": "Feature", "geometry": {"type": "Point", "coordinates": [2.324696, 48.821617]}, "properties": {"numparc": 6926, "etat de la localisation": "autre", "ID BDGEO": "580", "horodatage": "2022-11-03 06:55:12", "distance (en metres)": 63.68, "station": "PORTE D'ORLEANS#", "marker-color": "#818181"}}, {"type": "Feature", "geometry": {"type": "Point", "coordinates": [2.38753, 48.754318]}, "properties": {"numparc": 6909, "etat de la localisation": "Delocalise", "ID BDGEO": "734", "horodatage": "2022-11-03 06:55:56", "distance (en metres)": 4341.13, "station": "CHARCOT ZOLA", "marker-color": "#FF565E"}}, {"type": "Feature", "geometry": {"type": "Point", "coordinates": [2.321943, 48.755688]}, "properties": {"numparc": 6927, "etat de la localisation": "autre", "ID BDGEO": "602", "horodatage": "2022-11-03 06:56:00", "distance (en metres)": 4779.83, "station": "DEPOT THIAIS ( S )", "marker-color": "#818181"}}, {"type": "Feature", "geometry": {"type": "Point", "coordinates": [2.325536, 48.821712]}, "properties": {"numparc": 6922, "etat de la localisation": "autre", "ID BDGEO": "580", "horodatage": "2022-11-03 06:56:54", "distance (en metres)": 85.18, "station": "PORTE D'ORLEANS#", "marker-color": "#818181"}}, {"type": "Feature", "geometry": {"type": "Point", "coordinates": [2.32574, 48.813641]}, "properties": {"numparc": 6926, "etat de la localisation": "autre", "ID BDGEO": "580", "horodatage": "2022-11-03 06:57:47", "distance (en metres)": 953.92, "station": "PORTE D'ORLEANS#", "marker-color": "#818181"}}, {"type": "Feature", "geometry": {"type": "Point", "coordinates": [2.32461, 48.821659]}, "properties": {"numparc": 6922, "etat de la localisation": "autre", "ID BDGEO": "580", "horodatage": "2022-11-03 06:59:26", "distance (en metres)": 58.81, "station": "PORTE D'ORLEANS#", "marker-color": "#818181"}}, {"type": "Feature", "geometry": {"type": "Point", "coordinates": [2.325047, 48.804699]}, "properties": {"numparc": 6926, "etat de la localisation": "autre", "ID BDGEO": "580", "horodatage": "2022-11-03 07:00:12", "distance (en metres)": 1944.93, "station": "PORTE D'ORLEANS#", "marker-color": "#818181"}}, {"type": "Feature", "geometry": {"type": "Point", "coordinates": [2.323697, 48.801441]}, "properties": {"numparc": 6926, "etat de la localisation": "autre", "ID BDGEO": "580", "horodatage": "2022-11-03 07:01:18", "distance (en metres)": 2307.92, "station": "PORTE D'ORLEANS#", "marker-color": "#818181"}}, {"type": "Feature", "geometry": {"type": "Point", "coordinates": [2.324175, 48.799568]}, "properties": {"numparc": 6926, "etat de la localisation": "autre", "ID BDGEO": "580", "horodatage": "2022-11-03 07:02:42", "distance (en metres)": 2515.41, "station": "PORTE D'ORLEANS#", "marker-color": "#818181"}}, {"type": "Feature", "geometry": {"type": "Point", "coordinates": [2.324175, 48.799568]}, "properties": {"numparc": 6926, "etat de la localisation": "autre", "ID BDGEO": "580", "horodatage": "2022-11-03 07:02:49", "distance (en metres)": 2515.41, "station": "PORTE D'ORLEANS#", "marker-color": "#818181"}}, {"type": "Feature", "geometry": {"type": "Point", "coordinates": [2.330479, 48.763218]}, "properties": {"numparc": 6911, "etat de la localisation": "autre", "ID BDGEO": "734", "horodatage": "2022-11-03 07:03:29", "distance (en metres)": 260.44, "station": "CHARCOT ZOLA", "marker-color": "#818181"}}, {"type": "Feature", "geometry": {"type": "Point", "coordinates": [2.327639, 48.798206]}, "properties": {"numparc": 6926, "etat de la localisation": "autre", "ID BDGEO": "580", "horodatage": "2022-11-03 07:04:01", "distance (en metres)": 2675.75, "station": "PORTE D'ORLEANS#", "marker-color": "#818181"}}, {"type": "Feature", "geometry": {"type": "Point", "coordinates": [2.325596, 48.821362]}, "properties": {"numparc": 6918, "etat de la localisation": "autre", "ID BDGEO": "580", "horodatage": "2022-11-03 07:04:17", "distance (en metres)": 116.24, "station": "PORTE D'ORLEANS#", "marker-color": "#818181"}}, {"type": "Feature", "geometry": {"type": "Point", "coordinates": [2.32655, 48.7616]}, "properties": {"numparc": 6911, "etat de la localisation": "autre", "ID BDGEO": "734", "horodatage": "2022-11-03 07:05:18", "distance (en metres)": 203.68, "station": "CHARCOT ZOLA", "marker-color": "#818181"}}, {"type": "Feature", "geometry": {"type": "Point", "coordinates": [2.324632, 48.821678]}, "properties": {"numparc": 6918, "etat de la localisation": "autre", "ID BDGEO": "580", "horodatage": "2022-11-03 07:06:50", "distance (en metres)": 56.68, "station": "PORTE D'ORLEANS#", "marker-color": "#818181"}}, {"type": "Feature", "geometry": {"type": "Point", "coordinates": [2.334659, 48.794586]}, "properties": {"numparc": 6926, "etat de la localisation": "autre", "ID BDGEO": "580", "horodatage": "2022-11-03 07:07:17", "distance (en metres)": 3155.93, "station": "PORTE D'ORLEANS#", "marker-color": "#818181"}}, {"type": "Feature", "geometry": {"type": "Point", "coordinates": [2.325365, 48.818512]}, "properties": {"numparc": 6922, "etat de la localisation": "autre", "ID BDGEO": "580", "horodatage": "2022-11-03 07:07:37", "distance (en metres)": 412.33, "station": "PORTE D'ORLEANS#", "marker-color": "#818181"}}, {"type": "Feature", "geometry": {"type": "Point", "coordinates": [2.331493, 48.790344]}, "properties": {"numparc": 6926, "etat de la localisation": "autre", "ID BDGEO": "580", "horodatage": "2022-11-03 07:08:51", "distance (en metres)": 3576.41, "station": "PORTE D'ORLEANS#", "marker-color": "#818181"}}, {"type": "Feature", "geometry": {"type": "Point", "coordinates": [2.32569, 48.813789]}, "properties": {"numparc": 6922, "etat de la localisation": "autre", "ID BDGEO": "580", "horodatage": "2022-11-03 07:09:33", "distance (en metres)": 937.13, "station": "PORTE D'ORLEANS#", "marker-color": "#818181"}}, {"type": "Feature", "geometry": {"type": "Point", "coordinates": [2.330507, 48.763222]}, "properties": {"numparc": 6928, "etat de la localisation": "autre", "ID BDGEO": "734", "horodatage": "2022-11-03 07:09:49", "distance (en metres)": 261.58, "station": "CHARCOT ZOLA", "marker-color": "#818181"}}, {"type": "Feature", "geometry": {"type": "Point", "coordinates": [2.32894, 48.785774]}, "properties": {"numparc": 6926, "etat de la localisation": "autre", "ID BDGEO": "580", "horodatage": "2022-11-03 07:10:04", "distance (en metres)": 4061.34, "station": "PORTE D'ORLEANS#", "marker-color": "#818181"}}, {"type": "Feature", "geometry": {"type": "Point", "coordinates": [2.331076, 48.762997]}, "properties": {"numparc": 6927, "etat de la localisation": "autre", "ID BDGEO": "734", "horodatage": "2022-11-03 07:10:16", "distance (en metres)": 258.17, "station": "CHARCOT ZOLA", "marker-color": "#818181"}}, {"type": "Feature", "geometry": {"type": "Point", "coordinates": [2.319391, 48.759769]}, "properties": {"numparc": 6911, "etat de la localisation": "autre", "ID BDGEO": "599", "horodatage": "2022-11-03 07:11:20", "distance (en metres)": 64.19, "station": "TUILERIE", "marker-color": "#818181"}}, {"type": "Feature", "geometry": {"type": "Point", "coordinates": [2.327971, 48.778759]}, "properties": {"numparc": 6926, "etat de la localisation": "autre", "ID BDGEO": "580", "horodatage": "2022-11-03 07:11:37", "distance (en metres)": 4835.29, "station": "PORTE D'ORLEANS#", "marker-color": "#818181"}}, {"type": "Feature", "geometry": {"type": "Point", "coordinates": [2.326364, 48.808922]}, "properties": {"numparc": 6922, "etat de la localisation": "autre", "ID BDGEO": "580", "horodatage": "2022-11-03 07:11:45", "distance (en metres)": 1480.61, "station": "PORTE D'ORLEANS#", "marker-color": "#818181"}}, {"type": "Feature", "geometry": {"type": "Point", "coordinates": [2.326035, 48.775063]}, "properties": {"numparc": 6926, "etat de la localisation": "autre", "ID BDGEO": "602", "horodatage": "2022-11-03 07:12:47", "distance (en metres)": 4986.74, "station": "DEPOT THIAIS ( S )", "marker-color": "#818181"}}, {"type": "Feature", "geometry": {"type": "Point", "coordinates": [2.32465, 48.821644]}, "properties": {"numparc": 6908, "etat de la localisation": "autre", "ID BDGEO": "580", "horodatage": "2022-11-03 07:13:22", "distance (en metres)": 60.52, "station": "PORTE D'ORLEANS#", "marker-color": "#818181"}}, {"type": "Feature", "geometry": {"type": "Point", "coordinates": [2.325103, 48.80489]}, "properties": {"numparc": 6922, "etat de la localisation": "autre", "ID BDGEO": "580", "horodatage": "2022-11-03 07:13:31", "distance (en metres)": 1923.79, "station": "PORTE D'ORLEANS#", "marker-color": "#818181"}}, {"type": "Feature", "geometry": {"type": "Point", "coordinates": [2.323766, 48.773083]}, "properties": {"numparc": 6926, "etat de la localisation": "autre", "ID BDGEO": "602", "horodatage": "2022-11-03 07:13:38", "distance (en metres)": 5046.67, "station": "DEPOT THIAIS ( S )", "marker-color": "#818181"}}, {"type": "Feature", "geometry": {"type": "Point", "coordinates": [2.322105, 48.770012]}, "properties": {"numparc": 6926, "etat de la localisation": "autre", "ID BDGEO": "602", "horodatage": "2022-11-03 07:14:27", "distance (en metres)": 5038.43, "station": "DEPOT THIAIS ( S )", "marker-color": "#818181"}}, {"type": "Feature", "geometry": {"type": "Point", "coordinates": [2.323722, 48.801598]}, "properties": {"numparc": 6922, "etat de la localisation": "autre", "ID BDGEO": "580", "horodatage": "2022-11-03 07:14:30", "distance (en metres)": 2290.49, "station": "PORTE D'ORLEANS#", "marker-color": "#818181"}}, {"type": "Feature", "geometry": {"type": "Point", "coordinates": [2.330895, 48.762802]}, "properties": {"numparc": 6909, "etat de la localisation": "autre", "ID BDGEO": "734", "horodatage": "2022-11-03 07:14:39", "distance (en metres)": 232.8, "station": "CHARCOT ZOLA", "marker-color": "#818181"}}, {"type": "Feature", "geometry": {"type": "Point", "coordinates": [2.319225, 48.767494]}, "properties": {"numparc": 6926, "etat de la localisation": "autre", "ID BDGEO": "602", "horodatage": "2022-11-03 07:15:16", "distance (en metres)": 5158.42, "station": "DEPOT THIAIS ( S )", "marker-color": "#818181"}}, {"type": "Feature", "geometry": {"type": "Point", "coordinates": [2.325736, 48.813683]}, "properties": {"numparc": 6918, "etat de la localisation": "autre", "ID BDGEO": "580", "horodatage": "2022-11-03 07:15:35", "distance (en metres)": 949.24, "station": "PORTE D'ORLEANS#", "marker-color": "#818181"}}, {"type": "Feature", "geometry": {"type": "Point", "coordinates": [2.327399, 48.798302]}, "properties": {"numparc": 6922, "etat de la localisation": "autre", "ID BDGEO": "580", "horodatage": "2022-11-03 07:16:59", "distance (en metres)": 2663.79, "station": "PORTE D'ORLEANS#", "marker-color": "#818181"}}, {"type": "Feature", "geometry": {"type": "Point", "coordinates": [2.326338, 48.808842]}, "properties": {"numparc": 6918, "etat de la localisation": "autre", "ID BDGEO": "580", "horodatage": "2022-11-03 07:18:03", "distance (en metres)": 1489.32, "station": "PORTE D'ORLEANS#", "marker-color": "#818181"}}, {"type": "Feature", "geometry": {"type": "Point", "coordinates": [2.32741, 48.798294]}, "properties": {"numparc": 6922, "etat de la localisation": "autre", "ID BDGEO": "580", "horodatage": "2022-11-03 07:18:24", "distance (en metres)": 2664.69, "station": "PORTE D'ORLEANS#", "marker-color": "#818181"}}, {"type": "Feature", "geometry": {"type": "Point", "coordinates": [2.319222, 48.759945]}, "properties": {"numparc": 6926, "etat de la localisation": "autre", "ID BDGEO": "602", "horodatage": "2022-11-03 07:18:44", "distance (en metres)": 5005.16, "station": "DEPOT THIAIS ( S )", "marker-color": "#818181"}}, {"type": "Feature", "geometry": {"type": "Point", "coordinates": [2.33169, 48.796459]}, "properties": {"numparc": 6922, "etat de la localisation": "autre", "ID BDGEO": "580", "horodatage": "2022-11-03 07:20:38", "distance (en metres)": 2907.32, "station": "PORTE D'ORLEANS#", "marker-color": "#818181"}}, {"type": "Feature", "geometry": {"type": "Point", "coordinates": [2.323695, 48.801407]}, "properties": {"numparc": 6918, "etat de la localisation": "autre", "ID BDGEO": "580", "horodatage": "2022-11-03 07:20:39", "distance (en metres)": 2311.75, "station": "PORTE D'ORLEANS#", "marker-color": "#818181"}}, {"type": "Feature", "geometry": {"type": "Point", "coordinates": [2.325425, 48.818485]}, "properties": {"numparc": 6908, "etat de la localisation": "autre", "ID BDGEO": "580", "horodatage": "2022-11-03 07:21:49", "distance (en metres)": 415.87, "station": "PORTE D'ORLEANS#", "marker-color": "#818181"}}, {"type": "Feature", "geometry": {"type": "Point", "coordinates": [2.334593, 48.794537]}, "properties": {"numparc": 6922, "etat de la localisation": "autre", "ID BDGEO": "580", "horodatage": "2022-11-03 07:22:26", "distance (en metres)": 3160.18, "station": "PORTE D'ORLEANS#", "marker-color": "#818181"}}, {"type": "Feature", "geometry": {"type": "Point", "coordinates": [2.325583, 48.821037]}, "properties": {"numparc": 6917, "etat de la localisation": "autre", "ID BDGEO": "580", "horodatage": "2022-11-03 07:22:34", "distance (en metres)": 145.95, "station": "PORTE D'ORLEANS#", "marker-color": "#818181"}}, {"type": "Feature", "geometry": {"type": "Point", "coordinates": [2.325713, 48.81366]}, "properties": {"numparc": 6908, "etat de la localisation": "autre", "ID BDGEO": "580", "horodatage": "2022-11-03 07:23:10", "distance (en metres)": 951.64, "station": "PORTE D'ORLEANS#", "marker-color": "#818181"}}, {"type": "Feature", "geometry": {"type": "Point", "coordinates": [2.326482, 48.761269]}, "properties": {"numparc": 6926, "etat de la localisation": "autre", "ID BDGEO": "602", "horodatage": "2022-11-03 07:23:17", "distance (en metres)": 4495.23, "station": "DEPOT THIAIS ( S )", "marker-color": "#818181"}}, {"type": "Feature", "geometry": {"type": "Point", "coordinates": [2.327568, 48.798195]}, "properties": {"numparc": 6918, "etat de la localisation": "autre", "ID BDGEO": "580", "horodatage": "2022-11-03 07:23:42", "distance (en metres)": 2676.6, "station": "PORTE D'ORLEANS#", "marker-color": "#818181"}}, {"type": "Feature", "geometry": {"type": "Point", "coordinates": [2.331493, 48.790337]}, "properties": {"numparc": 6922, "etat de la localisation": "autre", "ID BDGEO": "580", "horodatage": "2022-11-03 07:24:18", "distance (en metres)": 3577.25, "station": "PORTE D'ORLEANS#", "marker-color": "#818181"}}, {"type": "Feature", "geometry": {"type": "Point", "coordinates": [2.319378, 48.759785]}, "properties": {"numparc": 6927, "etat de la localisation": "autre", "ID BDGEO": "599", "horodatage": "2022-11-03 07:24:31", "distance (en metres)": 66.1, "station": "TUILERIE", "marker-color": "#818181"}}, {"type": "Feature", "geometry": {"type": "Point", "coordinates": [2.330501, 48.763214]}, "properties": {"numparc": 6909, "etat de la localisation": "autre", "ID BDGEO": "734", "horodatage": "2022-11-03 07:24:40", "distance (en metres)": 260.64, "station": "CHARCOT ZOLA", "marker-color": "#818181"}}, {"type": "Feature", "geometry": {"type": "Point", "coordinates": [2.326331, 48.808834]}, "properties": {"numparc": 6908, "etat de la localisation": "autre", "ID BDGEO": "580", "horodatage": "2022-11-03 07:24:58", "distance (en metres)": 1490.12, "station": "PORTE D'ORLEANS#", "marker-color": "#818181"}}, {"type": "Feature", "geometry": {"type": "Point", "coordinates": [2.331061, 48.763]}, "properties": {"numparc": 6926, "etat de la localisation": "autre", "ID BDGEO": "734", "horodatage": "2022-11-03 07:25:37", "distance (en metres)": 257.95, "station": "CHARCOT ZOLA", "marker-color": "#818181"}}, {"type": "Feature", "geometry": {"type": "Point", "coordinates": [2.331746, 48.796379]}, "properties": {"numparc": 6918, "etat de la localisation": "autre", "ID BDGEO": "580", "horodatage": "2022-11-03 07:25:57", "distance (en metres)": 2916.82, "station": "PORTE D'ORLEANS#", "marker-color": "#818181"}}, {"type": "Feature", "geometry": {"type": "Point", "coordinates": [2.328925, 48.785728]}, "properties": {"numparc": 6922, "etat de la localisation": "autre", "ID BDGEO": "580", "horodatage": "2022-11-03 07:25:58", "distance (en metres)": 4066.32, "station": "PORTE D'ORLEANS#", "marker-color": "#818181"}}, {"type": "Feature", "geometry": {"type": "Point", "coordinates": [2.324599, 48.82164]}, "properties": {"numparc": 6919, "etat de la localisation": "autre", "ID BDGEO": "580", "horodatage": "2022-11-03 07:26:19", "distance (en metres)": 60.95, "station": "PORTE D'ORLEANS#", "marker-color": "#818181"}}, {"type": "Feature", "geometry": {"type": "Point", "coordinates": [2.326538, 48.761639]}, "properties": {"numparc": 6909, "etat de la localisation": "autre", "ID BDGEO": "734", "horodatage": "2022-11-03 07:26:40", "distance (en metres)": 205.85, "station": "CHARCOT ZOLA", "marker-color": "#818181"}}, {"type": "Feature", "geometry": {"type": "Point", "coordinates": [2.334665, 48.794521]}, "properties": {"numparc": 6918, "etat de la localisation": "autre", "ID BDGEO": "580", "horodatage": "2022-11-03 07:27:28", "distance (en metres)": 3163.04, "station": "PORTE D'ORLEANS#", "marker-color": "#818181"}}, {"type": "Feature", "geometry": {"type": "Point", "coordinates": [2.323688, 48.801399]}, "properties": {"numparc": 6908, "etat de la localisation": "autre", "ID BDGEO": "580", "horodatage": "2022-11-03 07:27:41", "distance (en metres)": 2312.61, "station": "PORTE D'ORLEANS#", "marker-color": "#818181"}}, {"type": "Feature", "geometry": {"type": "Point", "coordinates": [2.328019, 48.77882]}, "properties": {"numparc": 6922, "etat de la localisation": "autre", "ID BDGEO": "580", "horodatage": "2022-11-03 07:28:40", "distance (en metres)": 4828.69, "station": "PORTE D'ORLEANS#", "marker-color": "#818181"}}, {"type": "Feature", "geometry": {"type": "Point", "coordinates": [2.328019, 48.77882]}, "properties": {"numparc": 6922, "etat de la localisation": "autre", "ID BDGEO": "580", "horodatage": "2022-11-03 07:28:46", "distance (en metres)": 4828.69, "station": "PORTE D'ORLEANS#", "marker-color": "#818181"}}, {"type": "Feature", "geometry": {"type": "Point", "coordinates": [2.331437, 48.790253]}, "properties": {"numparc": 6918, "etat de la localisation": "autre", "ID BDGEO": "580", "horodatage": "2022-11-03 07:29:20", "distance (en metres)": 3585.92, "station": "PORTE D'ORLEANS#", "marker-color": "#818181"}}, {"type": "Feature", "geometry": {"type": "Point", "coordinates": [2.324173, 48.799576]}, "properties": {"numparc": 6908, "etat de la localisation": "autre", "ID BDGEO": "580", "horodatage": "2022-11-03 07:29:38", "distance (en metres)": 2514.57, "station": "PORTE D'ORLEANS#", "marker-color": "#818181"}}, {"type": "Feature", "geometry": {"type": "Point", "coordinates": [2.326048, 48.775074]}, "properties": {"numparc": 6922, "etat de la localisation": "autre", "ID BDGEO": "602", "horodatage": "2022-11-03 07:30:19", "distance (en metres)": 4986.46, "station": "DEPOT THIAIS ( S )", "marker-color": "#818181"}}, {"type": "Feature", "geometry": {"type": "Point", "coordinates": [2.325751, 48.813503]}, "properties": {"numparc": 6919, "etat de la localisation": "autre", "ID BDGEO": "580", "horodatage": "2022-11-03 07:30:29", "distance (en metres)": 969.21, "station": "PORTE D'ORLEANS#", "marker-color": "#818181"}}, {"type": "Feature", "geometry": {"type": "Point", "coordinates": [2.319406, 48.759735]}, "properties": {"numparc": 6909, "etat de la localisation": "autre", "ID BDGEO": "599", "horodatage": "2022-11-03 07:30:43", "distance (en metres)": 60.22, "station": "TUILERIE", "marker-color": "#818181"}}, {"type": "Feature", "geometry": {"type": "Point", "coordinates": [2.327646, 48.798187]}, "properties": {"numparc": 6908, "etat de la localisation": "autre", "ID BDGEO": "580", "horodatage": "2022-11-03 07:30:52", "distance (en metres)": 2677.91, "station": "PORTE D'ORLEANS#", "marker-color": "#818181"}}, {"type": "Feature", "geometry": {"type": "Point", "coordinates": [2.324754, 48.821712]}, "properties": {"numparc": 6917, "etat de la localisation": "autre", "ID BDGEO": "580", "horodatage": "2022-11-03 07:31:08", "distance (en metres)": 53.72, "station": "PORTE D'ORLEANS#", "marker-color": "#818181"}}, {"type": "Feature", "geometry": {"type": "Point", "coordinates": [2.328916, 48.785686]}, "properties": {"numparc": 6918, "etat de la localisation": "autre", "ID BDGEO": "580", "horodatage": "2022-11-03 07:31:17", "distance (en metres)": 4070.93, "station": "PORTE D'ORLEANS#", "marker-color": "#818181"}}, {"type": "Feature", "geometry": {"type": "Point", "coordinates": [2.322129, 48.770031]}, "properties": {"numparc": 6922, "etat de la localisation": "autre", "ID BDGEO": "602", "horodatage": "2022-11-03 07:32:07", "distance (en metres)": 5037.44, "station": "DEPOT THIAIS ( S )", "marker-color": "#818181"}}, {"type": "Feature", "geometry": {"type": "Point", "coordinates": [2.327982, 48.78336]}, "properties": {"numparc": 6918, "etat de la localisation": "autre", "ID BDGEO": "580", "horodatage": "2022-11-03 07:32:09", "distance (en metres)": 4324.52, "station": "PORTE D'ORLEANS#", "marker-color": "#818181"}}, {"type": "Feature", "geometry": {"type": "Point", "coordinates": [2.326317, 48.808819]}, "properties": {"numparc": 6919, "etat de la localisation": "autre", "ID BDGEO": "580", "horodatage": "2022-11-03 07:32:42", "distance (en metres)": 1491.74, "station": "PORTE D'ORLEANS#", "marker-color": "#818181"}}, {"type": "Feature", "geometry": {"type": "Point", "coordinates": [2.319217, 48.767464]}, "properties": {"numparc": 6922, "etat de la localisation": "autre", "ID BDGEO": "602", "horodatage": "2022-11-03 07:33:07", "distance (en metres)": 5158.1, "station": "DEPOT THIAIS ( S )", "marker-color": "#818181"}}, {"type": "Feature", "geometry": {"type": "Point", "coordinates": [2.334665, 48.794521]}, "properties": {"numparc": 6908, "etat de la localisation": "autre", "ID BDGEO": "580", "horodatage": "2022-11-03 07:33:35", "distance (en metres)": 3163.04, "station": "PORTE D'ORLEANS#", "marker-color": "#818181"}}, {"type": "Feature", "geometry": {"type": "Point", "coordinates": [2.327979, 48.778755]}, "properties": {"numparc": 6918, "etat de la localisation": "autre", "ID BDGEO": "580", "horodatage": "2022-11-03 07:33:57", "distance (en metres)": 4835.75, "station": "PORTE D'ORLEANS#", "marker-color": "#818181"}}, {"type": "Feature", "geometry": {"type": "Point", "coordinates": [2.325013, 48.804756]}, "properties": {"numparc": 6919, "etat de la localisation": "autre", "ID BDGEO": "580", "horodatage": "2022-11-03 07:34:26", "distance (en metres)": 1938.52, "station": "PORTE D'ORLEANS#", "marker-color": "#818181"}}, {"type": "Feature", "geometry": {"type": "Point", "coordinates": [2.324754, 48.821712]}, "properties": {"numparc": 6917, "etat de la localisation": "autre", "ID BDGEO": "580", "horodatage": "2022-11-03 07:34:35", "distance (en metres)": 53.72, "station": "PORTE D'ORLEANS#", "marker-color": "#818181"}}, {"type": "Feature", "geometry": {"type": "Point", "coordinates": [2.331061, 48.763]}, "properties": {"numparc": 6926, "etat de la localisation": "autre", "ID BDGEO": "734", "horodatage": "2022-11-03 07:35:39", "distance (en metres)": 257.95, "station": "CHARCOT ZOLA", "marker-color": "#818181"}}, {"type": "Feature", "geometry": {"type": "Point", "coordinates": [2.318135, 48.764069]}, "properties": {"numparc": 6922, "etat de la localisation": "autre", "ID BDGEO": "602", "horodatage": "2022-11-03 07:35:39", "distance (en metres)": 5150.61, "station": "DEPOT THIAIS ( S )", "marker-color": "#818181"}}, {"type": "Feature", "geometry": {"type": "Point", "coordinates": [2.331438, 48.790234]}, "properties": {"numparc": 6908, "etat de la localisation": "autre", "ID BDGEO": "580", "horodatage": "2022-11-03 07:35:56", "distance (en metres)": 3588.03, "station": "PORTE D'ORLEANS#", "marker-color": "#818181"}}, {"type": "Feature", "geometry": {"type": "Point", "coordinates": [2.318298, 48.762062]}, "properties": {"numparc": 6922, "etat de la localisation": "autre", "ID BDGEO": "602", "horodatage": "2022-11-03 07:36:26", "distance (en metres)": 5101.55, "station": "DEPOT THIAIS ( S )", "marker-color": "#818181"}}, {"type": "Feature", "geometry": {"type": "Point", "coordinates": [2.322122, 48.770004]}, "properties": {"numparc": 6918, "etat de la localisation": "autre", "ID BDGEO": "602", "horodatage": "2022-11-03 07:36:27", "distance (en metres)": 5036.96, "station": "DEPOT THIAIS ( S )", "marker-color": "#818181"}}, {"type": "Feature", "geometry": {"type": "Point", "coordinates": [2.325533, 48.818516]}, "properties": {"numparc": 6917, "etat de la localisation": "autre", "ID BDGEO": "580", "horodatage": "2022-11-03 07:36:38", "distance (en metres)": 413.71, "station": "PORTE D'ORLEANS#", "marker-color": "#818181"}}, {"type": "Feature", "geometry": {"type": "Point", "coordinates": [2.33051, 48.763256]}, "properties": {"numparc": 6926, "etat de la localisation": "autre", "ID BDGEO": "734", "horodatage": "2022-11-03 07:36:39", "distance (en metres)": 265.21, "station": "CHARCOT ZOLA", "marker-color": "#818181"}}, {"type": "Feature", "geometry": {"type": "Point", "coordinates": [2.325508, 48.818516]}, "properties": {"numparc": 6917, "etat de la localisation": "autre", "ID BDGEO": "580", "horodatage": "2022-11-03 07:37:02", "distance (en metres)": 413.42, "station": "PORTE D'ORLEANS#", "marker-color": "#818181"}}, {"type": "Feature", "geometry": {"type": "Point", "coordinates": [2.324176, 48.799568]}, "properties": {"numparc": 6919, "etat de la localisation": "autre", "ID BDGEO": "580", "horodatage": "2022-11-03 07:37:04", "distance (en metres)": 2515.41, "station": "PORTE D'ORLEANS#", "marker-color": "#818181"}}, {"type": "Feature", "geometry": {"type": "Point", "coordinates": [2.325508, 48.818516]}, "properties": {"numparc": 6917, "etat de la localisation": "autre", "ID BDGEO": "580", "horodatage": "2022-11-03 07:37:05", "distance (en metres)": 413.42, "station": "PORTE D'ORLEANS#", "marker-color": "#818181"}}, {"type": "Feature", "geometry": {"type": "Point", "coordinates": [2.319206, 48.767441]}, "properties": {"numparc": 6918, "etat de la localisation": "autre", "ID BDGEO": "602", "horodatage": "2022-11-03 07:37:24", "distance (en metres)": 5158.22, "station": "DEPOT THIAIS ( S )", "marker-color": "#818181"}}, {"type": "Feature", "geometry": {"type": "Point", "coordinates": [2.319233, 48.759964]}, "properties": {"numparc": 6922, "etat de la localisation": "autre", "ID BDGEO": "602", "horodatage": "2022-11-03 07:37:34", "distance (en metres)": 5004.58, "station": "DEPOT THIAIS ( S )", "marker-color": "#818181"}}, {"type": "Feature", "geometry": {"type": "Point", "coordinates": [2.328917, 48.785694]}, "properties": {"numparc": 6908, "etat de la localisation": "autre", "ID BDGEO": "580", "horodatage": "2022-11-03 07:37:57", "distance (en metres)": 4070.09, "station": "PORTE D'ORLEANS#", "marker-color": "#818181"}}, {"type": "Feature", "geometry": {"type": "Point", "coordinates": [2.327667, 48.798187]}, "properties": {"numparc": 6919, "etat de la localisation": "autre", "ID BDGEO": "580", "horodatage": "2022-11-03 07:38:08", "distance (en metres)": 2678.04, "station": "PORTE D'ORLEANS#", "marker-color": "#818181"}}, {"type": "Feature", "geometry": {"type": "Point", "coordinates": [2.326563, 48.761627]}, "properties": {"numparc": 6926, "etat de la localisation": "autre", "ID BDGEO": "734", "horodatage": "2022-11-03 07:38:28", "distance (en metres)": 203.72, "station": "CHARCOT ZOLA", "marker-color": "#818181"}}, {"type": "Feature", "geometry": {"type": "Point", "coordinates": [2.318258, 48.762077]}, "properties": {"numparc": 6918, "etat de la localisation": "autre", "ID BDGEO": "602", "horodatage": "2022-11-03 07:39:26", "distance (en metres)": 5104.71, "station": "DEPOT THIAIS ( S )", "marker-color": "#818181"}}, {"type": "Feature", "geometry": {"type": "Point", "coordinates": [2.328004, 48.778736]}, "properties": {"numparc": 6908, "etat de la localisation": "autre", "ID BDGEO": "580", "horodatage": "2022-11-03 07:39:33", "distance (en metres)": 4837.96, "station": "PORTE D'ORLEANS#", "marker-color": "#818181"}}, {"type": "Feature", "geometry": {"type": "Point", "coordinates": [2.32576, 48.813549]}, "properties": {"numparc": 6917, "etat de la localisation": "autre", "ID BDGEO": "580", "horodatage": "2022-11-03 07:39:37", "distance (en metres)": 964.19, "station": "PORTE D'ORLEANS#", "marker-color": "#818181"}}, {"type": "Feature", "geometry": {"type": "Point", "coordinates": [2.322343, 48.755638]}, "properties": {"numparc": 6922, "etat de la localisation": "autre", "ID BDGEO": "602", "horodatage": "2022-11-03 07:39:59", "distance (en metres)": 4750.46, "station": "DEPOT THIAIS ( S )", "marker-color": "#818181"}}, {"type": "Feature", "geometry": {"type": "Point", "coordinates": [2.326149, 48.775124]}, "properties": {"numparc": 6908, "etat de la localisation": "autre", "ID BDGEO": "602", "horodatage": "2022-11-03 07:40:46", "distance (en metres)": 4982.23, "station": "DEPOT THIAIS ( S )", "marker-color": "#818181"}}, {"type": "Feature", "geometry": {"type": "Point", "coordinates": [2.319222, 48.75993]}, "properties": {"numparc": 6918, "etat de la localisation": "autre", "ID BDGEO": "602", "horodatage": "2022-11-03 07:41:17", "distance (en metres)": 5004.99, "station": "DEPOT THIAIS ( S )", "marker-color": "#818181"}}, {"type": "Feature", "geometry": {"type": "Point", "coordinates": [2.326346, 48.808811]}, "properties": {"numparc": 6917, "etat de la localisation": "autre", "ID BDGEO": "580", "horodatage": "2022-11-03 07:42:17", "distance (en metres)": 1492.76, "station": "PORTE D'ORLEANS#", "marker-color": "#818181"}}, {"type": "Feature", "geometry": {"type": "Point", "coordinates": [2.331418, 48.790245]}, "properties": {"numparc": 6919, "etat de la localisation": "autre", "ID BDGEO": "580", "horodatage": "2022-11-03 07:42:18", "distance (en metres)": 3586.57, "station": "PORTE D'ORLEANS#", "marker-color": "#818181"}}, {"type": "Feature", "geometry": {"type": "Point", "coordinates": [2.322106, 48.76997]}, "properties": {"numparc": 6908, "etat de la localisation": "autre", "ID BDGEO": "602", "horodatage": "2022-11-03 07:42:38", "distance (en metres)": 5036.86, "station": "DEPOT THIAIS ( S )", "marker-color": "#818181"}}, {"type": "Feature", "geometry": {"type": "Point", "coordinates": [2.321794, 48.755749]}, "properties": {"numparc": 6918, "etat de la localisation": "autre", "ID BDGEO": "602", "horodatage": "2022-11-03 07:43:24", "distance (en metres)": 4790.81, "station": "DEPOT THIAIS ( S )", "marker-color": "#818181"}}, {"type": "Feature", "geometry": {"type": "Point", "coordinates": [2.319184, 48.76741]}, "properties": {"numparc": 6908, "etat de la localisation": "autre", "ID BDGEO": "602", "horodatage": "2022-11-03 07:43:28", "distance (en metres)": 5158.89, "station": "DEPOT THIAIS ( S )", "marker-color": "#818181"}}, {"type": "Feature", "geometry": {"type": "Point", "coordinates": [2.328901, 48.785664]}, "properties": {"numparc": 6919, "etat de la localisation": "autre", "ID BDGEO": "580", "horodatage": "2022-11-03 07:43:33", "distance (en metres)": 4073.38, "station": "PORTE D'ORLEANS#", "marker-color": "#818181"}}, {"type": "Feature", "geometry": {"type": "Point", "coordinates": [2.325017, 48.804722]}, "properties": {"numparc": 6917, "etat de la localisation": "autre", "ID BDGEO": "580", "horodatage": "2022-11-03 07:43:47", "distance (en metres)": 1942.35, "station": "PORTE D'ORLEANS#", "marker-color": "#818181"}}, {"type": "Feature", "geometry": {"type": "Point", "coordinates": [2.319374, 48.759762]}, "properties": {"numparc": 6926, "etat de la localisation": "autre", "ID BDGEO": "599", "horodatage": "2022-11-03 07:44:16", "distance (en metres)": 63.77, "station": "TUILERIE", "marker-color": "#818181"}}, {"type": "Feature", "geometry": {"type": "Point", "coordinates": [2.319124, 48.76012]}, "properties": {"numparc": 6926, "etat de la localisation": "autre", "ID BDGEO": "599", "horodatage": "2022-11-03 07:44:43", "distance (en metres)": 107.5, "station": "TUILERIE", "marker-color": "#818181"}}, {"type": "Feature", "geometry": {"type": "Point", "coordinates": [2.318125, 48.764072]}, "properties": {"numparc": 6908, "etat de la localisation": "autre", "ID BDGEO": "602", "horodatage": "2022-11-03 07:45:18", "distance (en metres)": 5151.41, "station": "DEPOT THIAIS ( S )", "marker-color": "#818181"}}, {"type": "Feature", "geometry": {"type": "Point", "coordinates": [2.325568, 48.821106]}, "properties": {"numparc": 6911, "etat de la localisation": "autre", "ID BDGEO": "580", "horodatage": "2022-11-03 07:45:19", "distance (en metres)": 138.76, "station": "PORTE D'ORLEANS#", "marker-color": "#818181"}}, {"type": "Feature", "geometry": {"type": "Point", "coordinates": [2.32217, 48.755634]}, "properties": {"numparc": 6922, "etat de la localisation": "autre", "ID BDGEO": "602", "horodatage": "2022-11-03 07:45:23", "distance (en metres)": 4763.15, "station": "DEPOT THIAIS ( S )", "marker-color": "#818181"}}, {"type": "Feature", "geometry": {"type": "Point", "coordinates": [2.323714, 48.801464]}, "properties": {"numparc": 6917, "etat de la localisation": "autre", "ID BDGEO": "580", "horodatage": "2022-11-03 07:45:33", "distance (en metres)": 2305.34, "station": "PORTE D'ORLEANS#", "marker-color": "#818181"}}, {"type": "Feature", "geometry": {"type": "Point", "coordinates": [2.327984, 48.77874]}, "properties": {"numparc": 6919, "etat de la localisation": "autre", "ID BDGEO": "580", "horodatage": "2022-11-03 07:45:53", "distance (en metres)": 4837.46, "station": "PORTE D'ORLEANS#", "marker-color": "#818181"}}, {"type": "Feature", "geometry": {"type": "Point", "coordinates": [2.325567, 48.82172]}, "properties": {"numparc": 6911, "etat de la localisation": "autre", "ID BDGEO": "580", "horodatage": "2022-11-03 07:47:03", "distance (en metres)": 86.46, "station": "PORTE D'ORLEANS#", "marker-color": "#818181"}}, {"type": "Feature", "geometry": {"type": "Point", "coordinates": [2.319273, 48.759949]}, "properties": {"numparc": 6908, "etat de la localisation": "autre", "ID BDGEO": "602", "horodatage": "2022-11-03 07:47:17", "distance (en metres)": 5001.48, "station": "DEPOT THIAIS ( S )", "marker-color": "#818181"}}, {"type": "Feature", "geometry": {"type": "Point", "coordinates": [2.32413, 48.799576]}, "properties": {"numparc": 6917, "etat de la localisation": "autre", "ID BDGEO": "580", "horodatage": "2022-11-03 07:47:38", "distance (en metres)": 2514.61, "station": "PORTE D'ORLEANS#", "marker-color": "#818181"}}, {"type": "Feature", "geometry": {"type": "Point", "coordinates": [2.331049, 48.763]}, "properties": {"numparc": 6918, "etat de la localisation": "autre", "ID BDGEO": "734", "horodatage": "2022-11-03 07:48:39", "distance (en metres)": 257.48, "station": "CHARCOT ZOLA", "marker-color": "#818181"}}, {"type": "Feature", "geometry": {"type": "Point", "coordinates": [2.321778, 48.755737]}, "properties": {"numparc": 6908, "etat de la localisation": "autre", "ID BDGEO": "602", "horodatage": "2022-11-03 07:49:00", "distance (en metres)": 4791.97, "station": "DEPOT THIAIS ( S )", "marker-color": "#818181"}}, {"type": "Feature", "geometry": {"type": "Point", "coordinates": [2.327642, 48.79818]}, "properties": {"numparc": 6917, "etat de la localisation": "autre", "ID BDGEO": "580", "horodatage": "2022-11-03 07:49:10", "distance (en metres)": 2678.73, "station": "PORTE D'ORLEANS#", "marker-color": "#818181"}}, {"type": "Feature", "geometry": {"type": "Point", "coordinates": [2.319166, 48.767406]}, "properties": {"numparc": 6919, "etat de la localisation": "autre", "ID BDGEO": "602", "horodatage": "2022-11-03 07:49:32", "distance (en metres)": 5160.06, "station": "DEPOT THIAIS ( S )", "marker-color": "#818181"}}, {"type": "Feature", "geometry": {"type": "Point", "coordinates": [2.325585, 48.821045]}, "properties": {"numparc": 6928, "etat de la localisation": "autre", "ID BDGEO": "580", "horodatage": "2022-11-03 07:49:34", "distance (en metres)": 145.27, "station": "PORTE D'ORLEANS#", "marker-color": "#818181"}}, {"type": "Feature", "geometry": {"type": "Point", "coordinates": [2.324039, 48.758499]}, "properties": {"numparc": 6908, "etat de la localisation": "autre", "ID BDGEO": "602", "horodatage": "2022-11-03 07:50:46", "distance (en metres)": 4639.19, "station": "DEPOT THIAIS ( S )", "marker-color": "#818181"}}, {"type": "Feature", "geometry": {"type": "Point", "coordinates": [2.324039, 48.758499]}, "properties": {"numparc": 6908, "etat de la localisation": "autre", "ID BDGEO": "602", "horodatage": "2022-11-03 07:50:52", "distance (en metres)": 4639.19, "station": "DEPOT THIAIS ( S )", "marker-color": "#818181"}}, {"type": "Feature", "geometry": {"type": "Point", "coordinates": [2.325567, 48.82172]}, "properties": {"numparc": 6911, "etat de la localisation": "autre", "ID BDGEO": "580", "horodatage": "2022-11-03 07:51:06", "distance (en metres)": 86.46, "station": "PORTE D'ORLEANS#", "marker-color": "#818181"}}, {"type": "Feature", "geometry": {"type": "Point", "coordinates": [2.33178, 48.796417]}, "properties": {"numparc": 6917, "etat de la localisation": "autre", "ID BDGEO": "580", "horodatage": "2022-11-03 07:51:18", "distance (en metres)": 2913.09, "station": "PORTE D'ORLEANS#", "marker-color": "#818181"}}, {"type": "Feature", "geometry": {"type": "Point", "coordinates": [2.318277, 48.762074]}, "properties": {"numparc": 6919, "etat de la localisation": "autre", "ID BDGEO": "602", "horodatage": "2022-11-03 07:51:19", "distance (en metres)": 5103.28, "station": "DEPOT THIAIS ( S )", "marker-color": "#818181"}}, {"type": "Feature", "geometry": {"type": "Point", "coordinates": [2.334585, 48.794559]}, "properties": {"numparc": 6917, "etat de la localisation": "autre", "ID BDGEO": "580", "horodatage": "2022-11-03 07:52:27", "distance (en metres)": 3157.56, "station": "PORTE D'ORLEANS#", "marker-color": "#818181"}}, {"type": "Feature", "geometry": {"type": "Point", "coordinates": [2.319204, 48.75993]}, "properties": {"numparc": 6919, "etat de la localisation": "autre", "ID BDGEO": "599", "horodatage": "2022-11-03 07:52:51", "distance (en metres)": 85.62, "station": "TUILERIE", "marker-color": "#818181"}}, {"type": "Feature", "geometry": {"type": "Point", "coordinates": [2.326437, 48.761219]}, "properties": {"numparc": 6908, "etat de la localisation": "autre", "ID BDGEO": "602", "horodatage": "2022-11-03 07:53:02", "distance (en metres)": 4497.69, "station": "DEPOT THIAIS ( S )", "marker-color": "#818181"}}, {"type": "Feature", "geometry": {"type": "Point", "coordinates": [2.324671, 48.821697]}, "properties": {"numparc": 6911, "etat de la localisation": "autre", "ID BDGEO": "580", "horodatage": "2022-11-03 07:53:16", "distance (en metres)": 54.66, "station": "PORTE D'ORLEANS#", "marker-color": "#818181"}}, {"type": "Feature", "geometry": {"type": "Point", "coordinates": [2.331429, 48.790211]}, "properties": {"numparc": 6917, "etat de la localisation": "autre", "ID BDGEO": "580", "horodatage": "2022-11-03 07:54:07", "distance (en metres)": 3590.46, "station": "PORTE D'ORLEANS#", "marker-color": "#818181"}}, {"type": "Feature", "geometry": {"type": "Point", "coordinates": [2.325579, 48.821743]}, "properties": {"numparc": 6927, "etat de la localisation": "autre", "ID BDGEO": "580", "horodatage": "2022-11-03 07:54:30", "distance (en metres)": 85.66, "station": "PORTE D'ORLEANS#", "marker-color": "#818181"}}, {"type": "Feature", "geometry": {"type": "Point", "coordinates": [2.330879, 48.762794]}, "properties": {"numparc": 6908, "etat de la localisation": "autre", "ID BDGEO": "734", "horodatage": "2022-11-03 07:55:21", "distance (en metres)": 231.46, "station": "CHARCOT ZOLA", "marker-color": "#818181"}}, {"type": "Feature", "geometry": {"type": "Point", "coordinates": [2.328926, 48.785683]}, "properties": {"numparc": 6917, "etat de la localisation": "autre", "ID BDGEO": "580", "horodatage": "2022-11-03 07:55:30", "distance (en metres)": 4071.4, "station": "PORTE D'ORLEANS#", "marker-color": "#818181"}}, {"type": "Feature", "geometry": {"type": "Point", "coordinates": [2.327965, 48.783302]}, "properties": {"numparc": 6917, "etat de la localisation": "autre", "ID BDGEO": "580", "horodatage": "2022-11-03 07:56:22", "distance (en metres)": 4330.8, "station": "PORTE D'ORLEANS#", "marker-color": "#818181"}}, {"type": "Feature", "geometry": {"type": "Point", "coordinates": [2.325783, 48.813366]}, "properties": {"numparc": 6911, "etat de la localisation": "autre", "ID BDGEO": "580", "horodatage": "2022-11-03 07:57:51", "distance (en metres)": 984.62, "station": "PORTE D'ORLEANS#", "marker-color": "#818181"}}, {"type": "Feature", "geometry": {"type": "Point", "coordinates": [2.328001, 48.778702]}, "properties": {"numparc": 6917, "etat de la localisation": "autre", "ID BDGEO": "580", "horodatage": "2022-11-03 07:57:54", "distance (en metres)": 4841.76, "station": "PORTE D'ORLEANS#", "marker-color": "#818181"}}, {"type": "Feature", "geometry": {"type": "Point", "coordinates": [2.324688, 48.821663]}, "properties": {"numparc": 6928, "etat de la localisation": "autre", "ID BDGEO": "580", "horodatage": "2022-11-03 07:58:05", "distance (en metres)": 58.56, "station": "PORTE D'ORLEANS#", "marker-color": "#818181"}}, {"type": "Feature", "geometry": {"type": "Point", "coordinates": [2.330522, 48.763256]}, "properties": {"numparc": 6918, "etat de la localisation": "autre", "ID BDGEO": "734", "horodatage": "2022-11-03 07:58:42", "distance (en metres)": 265.54, "station": "CHARCOT ZOLA", "marker-color": "#818181"}}, {"type": "Feature", "geometry": {"type": "Point", "coordinates": [2.331056, 48.763008]}, "properties": {"numparc": 6908, "etat de la localisation": "autre", "ID BDGEO": "734", "horodatage": "2022-11-03 07:58:53", "distance (en metres)": 258.48, "station": "CHARCOT ZOLA", "marker-color": "#818181"}}, {"type": "Feature", "geometry": {"type": "Point", "coordinates": [2.324727, 48.821686]}, "properties": {"numparc": 6927, "etat de la localisation": "autre", "ID BDGEO": "580", "horodatage": "2022-11-03 07:58:53", "distance (en metres)": 56.34, "station": "PORTE D'ORLEANS#", "marker-color": "#818181"}}, {"type": "Feature", "geometry": {"type": "Point", "coordinates": [2.326055, 48.775024]}, "properties": {"numparc": 6917, "etat de la localisation": "autre", "ID BDGEO": "602", "horodatage": "2022-11-03 07:59:22", "distance (en metres)": 4983.56, "station": "DEPOT THIAIS ( S )", "marker-color": "#818181"}}, {"type": "Feature", "geometry": {"type": "Point", "coordinates": [2.326352, 48.808838]}, "properties": {"numparc": 6911, "etat de la localisation": "autre", "ID BDGEO": "580", "horodatage": "2022-11-03 07:59:32", "distance (en metres)": 1489.84, "station": "PORTE D'ORLEANS#", "marker-color": "#818181"}}, {"type": "Feature", "geometry": {"type": "Point", "coordinates": [2.330948, 48.762863]}, "properties": {"numparc": 6919, "etat de la localisation": "autre", "ID BDGEO": "734", "horodatage": "2022-11-03 07:59:43", "distance (en metres)": 240.62, "station": "CHARCOT ZOLA", "marker-color": "#818181"}}, {"type": "Feature", "geometry": {"type": "Point", "coordinates": [2.326581, 48.761662]}, "properties": {"numparc": 6918, "etat de la localisation": "autre", "ID BDGEO": "734", "horodatage": "2022-11-03 08:00:42", "distance (en metres)": 203.74, "station": "CHARCOT ZOLA", "marker-color": "#818181"}}, {"type": "Feature", "geometry": {"type": "Point", "coordinates": [2.325452, 48.818478]}, "properties": {"numparc": 6928, "etat de la localisation": "autre", "ID BDGEO": "580", "horodatage": "2022-11-03 08:00:58", "distance (en metres)": 417.0, "station": "PORTE D'ORLEANS#", "marker-color": "#818181"}}, {"type": "Feature", "geometry": {"type": "Point", "coordinates": [2.322174, 48.770061]}, "properties": {"numparc": 6917, "etat de la localisation": "autre", "ID BDGEO": "602", "horodatage": "2022-11-03 08:01:14", "distance (en metres)": 5035.42, "station": "DEPOT THIAIS ( S )", "marker-color": "#818181"}}, {"type": "Feature", "geometry": {"type": "Point", "coordinates": [2.325067, 48.804741]}, "properties": {"numparc": 6911, "etat de la localisation": "autre", "ID BDGEO": "580", "horodatage": "2022-11-03 08:01:30", "distance (en metres)": 1940.29, "station": "PORTE D'ORLEANS#", "marker-color": "#818181"}}, {"type": "Feature", "geometry": {"type": "Point", "coordinates": [2.319212, 48.76746]}, "properties": {"numparc": 6917, "etat de la localisation": "autre", "ID BDGEO": "602", "horodatage": "2022-11-03 08:02:06", "distance (en metres)": 5158.35, "station": "DEPOT THIAIS ( S )", "marker-color": "#818181"}}, {"type": "Feature", "geometry": {"type": "Point", "coordinates": [2.323709, 48.801441]}, "properties": {"numparc": 6911, "etat de la localisation": "autre", "ID BDGEO": "580", "horodatage": "2022-11-03 08:02:28", "distance (en metres)": 2307.9, "station": "PORTE D'ORLEANS#", "marker-color": "#818181"}}, {"type": "Feature", "geometry": {"type": "Point", "coordinates": [2.32558, 48.821163]}, "properties": {"numparc": 6909, "etat de la localisation": "autre", "ID BDGEO": "580", "horodatage": "2022-11-03 08:03:03", "distance (en metres)": 133.73, "station": "PORTE D'ORLEANS#", "marker-color": "#818181"}}, {"type": "Feature", "geometry": {"type": "Point", "coordinates": [2.387216, 48.754974]}, "properties": {"numparc": 6923, "etat de la localisation": "autre", "ID BDGEO": "602", "horodatage": "2022-11-03 08:03:14", "distance (en metres)": 41.43, "station": "DEPOT THIAIS ( S )", "marker-color": "#818181"}}, {"type": "Feature", "geometry": {"type": "Point", "coordinates": [2.32413, 48.79958]}, "properties": {"numparc": 6911, "etat de la localisation": "autre", "ID BDGEO": "580", "horodatage": "2022-11-03 08:04:16", "distance (en metres)": 2514.18, "station": "PORTE D'ORLEANS#", "marker-color": "#818181"}}, {"type": "Feature", "geometry": {"type": "Point", "coordinates": [2.387269, 48.754963]}, "properties": {"numparc": 6923, "etat de la localisation": "autre", "ID BDGEO": "602", "horodatage": "2022-11-03 08:04:48", "distance (en metres)": 43.35, "station": "DEPOT THIAIS ( S )", "marker-color": "#818181"}}, {"type": "Feature", "geometry": {"type": "Point", "coordinates": [2.3193, 48.759964]}, "properties": {"numparc": 6917, "etat de la localisation": "autre", "ID BDGEO": "602", "horodatage": "2022-11-03 08:05:09", "distance (en metres)": 4999.69, "station": "DEPOT THIAIS ( S )", "marker-color": "#818181"}}, {"type": "Feature", "geometry": {"type": "Point", "coordinates": [2.31942, 48.759762]}, "properties": {"numparc": 6918, "etat de la localisation": "autre", "ID BDGEO": "599", "horodatage": "2022-11-03 08:05:14", "distance (en metres)": 62.78, "station": "TUILERIE", "marker-color": "#818181"}}, {"type": "Feature", "geometry": {"type": "Point", "coordinates": [2.387331, 48.754944]}, "properties": {"numparc": 6923, "etat de la localisation": "autre", "ID BDGEO": "602", "horodatage": "2022-11-03 08:05:42", "distance (en metres)": 46.56, "station": "DEPOT THIAIS ( S )", "marker-color": "#818181"}}, {"type": "Feature", "geometry": {"type": "Point", "coordinates": [2.331062, 48.763012]}, "properties": {"numparc": 6908, "etat de la localisation": "autre", "ID BDGEO": "734", "horodatage": "2022-11-03 08:06:13", "distance (en metres)": 259.07, "station": "CHARCOT ZOLA", "marker-color": "#818181"}}, {"type": "Feature", "geometry": {"type": "Point", "coordinates": [2.327578, 48.798161]}, "properties": {"numparc": 6911, "etat de la localisation": "autre", "ID BDGEO": "580", "horodatage": "2022-11-03 08:06:13", "distance (en metres)": 2680.46, "station": "PORTE D'ORLEANS#", "marker-color": "#818181"}}, {"type": "Feature", "geometry": {"type": "Point", "coordinates": [2.327623, 48.798149]}, "properties": {"numparc": 6911, "etat de la localisation": "autre", "ID BDGEO": "580", "horodatage": "2022-11-03 08:06:38", "distance (en metres)": 2682.0, "station": "PORTE D'ORLEANS#", "marker-color": "#818181"}}, {"type": "Feature", "geometry": {"type": "Point", "coordinates": [2.321853, 48.755733]}, "properties": {"numparc": 6917, "etat de la localisation": "autre", "ID BDGEO": "602", "horodatage": "2022-11-03 08:06:45", "distance (en metres)": 4786.48, "station": "DEPOT THIAIS ( S )", "marker-color": "#818181"}}, {"type": "Feature", "geometry": {"type": "Point", "coordinates": [2.330552, 48.763218]}, "properties": {"numparc": 6908, "etat de la localisation": "autre", "ID BDGEO": "734", "horodatage": "2022-11-03 08:06:51", "distance (en metres)": 262.43, "station": "CHARCOT ZOLA", "marker-color": "#818181"}}, {"type": "Feature", "geometry": {"type": "Point", "coordinates": [2.323762, 48.801411]}, "properties": {"numparc": 6928, "etat de la localisation": "autre", "ID BDGEO": "580", "horodatage": "2022-11-03 08:08:07", "distance (en metres)": 2311.18, "station": "PORTE D'ORLEANS#", "marker-color": "#818181"}}, {"type": "Feature", "geometry": {"type": "Point", "coordinates": [2.331722, 48.79636]}, "properties": {"numparc": 6911, "etat de la localisation": "autre", "ID BDGEO": "580", "horodatage": "2022-11-03 08:08:45", "distance (en metres)": 2918.59, "station": "PORTE D'ORLEANS#", "marker-color": "#818181"}}, {"type": "Feature", "geometry": {"type": "Point", "coordinates": [2.325409, 48.818466]}, "properties": {"numparc": 6927, "etat de la localisation": "autre", "ID BDGEO": "580", "horodatage": "2022-11-03 08:08:53", "distance (en metres)": 417.8, "station": "PORTE D'ORLEANS#", "marker-color": "#818181"}}, {"type": "Feature", "geometry": {"type": "Point", "coordinates": [2.326544, 48.761627]}, "properties": {"numparc": 6908, "etat de la localisation": "autre", "ID BDGEO": "734", "horodatage": "2022-11-03 08:08:54", "distance (en metres)": 205.03, "station": "CHARCOT ZOLA", "marker-color": "#818181"}}, {"type": "Feature", "geometry": {"type": "Point", "coordinates": [2.334669, 48.794502]}, "properties": {"numparc": 6911, "etat de la localisation": "autre", "ID BDGEO": "580", "horodatage": "2022-11-03 08:10:04", "distance (en metres)": 3165.18, "station": "PORTE D'ORLEANS#", "marker-color": "#818181"}}, {"type": "Feature", "geometry": {"type": "Point", "coordinates": [2.324202, 48.799549]}, "properties": {"numparc": 6928, "etat de la localisation": "autre", "ID BDGEO": "580", "horodatage": "2022-11-03 08:10:15", "distance (en metres)": 2517.51, "station": "PORTE D'ORLEANS#", "marker-color": "#818181"}}, {"type": "Feature", "geometry": {"type": "Point", "coordinates": [2.325745, 48.813492]}, "properties": {"numparc": 6927, "etat de la localisation": "autre", "ID BDGEO": "580", "horodatage": "2022-11-03 08:11:01", "distance (en metres)": 970.43, "station": "PORTE D'ORLEANS#", "marker-color": "#818181"}}, {"type": "Feature", "geometry": {"type": "Point", "coordinates": [2.326452, 48.761208]}, "properties": {"numparc": 6917, "etat de la localisation": "autre", "ID BDGEO": "602", "horodatage": "2022-11-03 08:11:23", "distance (en metres)": 4496.42, "station": "DEPOT THIAIS ( S )", "marker-color": "#818181"}}, {"type": "Feature", "geometry": {"type": "Point", "coordinates": [2.331466, 48.790257]}, "properties": {"numparc": 6911, "etat de la localisation": "autre", "ID BDGEO": "580", "horodatage": "2022-11-03 08:12:05", "distance (en metres)": 3585.79, "station": "PORTE D'ORLEANS#", "marker-color": "#818181"}}, {"type": "Feature", "geometry": {"type": "Point", "coordinates": [2.32464, 48.821671]}, "properties": {"numparc": 6909, "etat de la localisation": "autre", "ID BDGEO": "580", "horodatage": "2022-11-03 08:12:06", "distance (en metres)": 57.54, "station": "PORTE D'ORLEANS#", "marker-color": "#818181"}}, {"type": "Feature", "geometry": {"type": "Point", "coordinates": [2.32764, 48.798172]}, "properties": {"numparc": 6928, "etat de la localisation": "autre", "ID BDGEO": "580", "horodatage": "2022-11-03 08:12:08", "distance (en metres)": 2679.57, "station": "PORTE D'ORLEANS#", "marker-color": "#818181"}}, {"type": "Feature", "geometry": {"type": "Point", "coordinates": [2.330535, 48.763237]}, "properties": {"numparc": 6919, "etat de la localisation": "autre", "ID BDGEO": "734", "horodatage": "2022-11-03 08:12:19", "distance (en metres)": 263.92, "station": "CHARCOT ZOLA", "marker-color": "#818181"}}, {"type": "Feature", "geometry": {"type": "Point", "coordinates": [2.331033, 48.762997]}, "properties": {"numparc": 6917, "etat de la localisation": "autre", "ID BDGEO": "734", "horodatage": "2022-11-03 08:12:50", "distance (en metres)": 256.5, "station": "CHARCOT ZOLA", "marker-color": "#818181"}}, {"type": "Feature", "geometry": {"type": "Point", "coordinates": [2.326364, 48.808807]}, "properties": {"numparc": 6927, "etat de la localisation": "autre", "ID BDGEO": "580", "horodatage": "2022-11-03 08:12:57", "distance (en metres)": 1493.29, "station": "PORTE D'ORLEANS#", "marker-color": "#818181"}}, {"type": "Feature", "geometry": {"type": "Point", "coordinates": [2.326556, 48.761593]}, "properties": {"numparc": 6919, "etat de la localisation": "autre", "ID BDGEO": "734", "horodatage": "2022-11-03 08:14:02", "distance (en metres)": 203.0, "station": "CHARCOT ZOLA", "marker-color": "#818181"}}, {"type": "Feature", "geometry": {"type": "Point", "coordinates": [2.319349, 48.759644]}, "properties": {"numparc": 6908, "etat de la localisation": "autre", "ID BDGEO": "599", "horodatage": "2022-11-03 08:14:25", "distance (en metres)": 52.21, "station": "TUILERIE", "marker-color": "#818181"}}, {"type": "Feature", "geometry": {"type": "Point", "coordinates": [2.325049, 48.804688]}, "properties": {"numparc": 6927, "etat de la localisation": "autre", "ID BDGEO": "580", "horodatage": "2022-11-03 08:14:57", "distance (en metres)": 1946.2, "station": "PORTE D'ORLEANS#", "marker-color": "#818181"}}, {"type": "Feature", "geometry": {"type": "Point", "coordinates": [2.328935, 48.785683]}, "properties": {"numparc": 6911, "etat de la localisation": "autre", "ID BDGEO": "580", "horodatage": "2022-11-03 08:15:12", "distance (en metres)": 4071.45, "station": "PORTE D'ORLEANS#", "marker-color": "#818181"}}, {"type": "Feature", "geometry": {"type": "Point", "coordinates": [2.334592, 48.794476]}, "properties": {"numparc": 6928, "etat de la localisation": "autre", "ID BDGEO": "580", "horodatage": "2022-11-03 08:15:13", "distance (en metres)": 3166.76, "station": "PORTE D'ORLEANS#", "marker-color": "#818181"}}, {"type": "Feature", "geometry": {"type": "Point", "coordinates": [2.328005, 48.783356]}, "properties": {"numparc": 6911, "etat de la localisation": "autre", "ID BDGEO": "580", "horodatage": "2022-11-03 08:16:04", "distance (en metres)": 4325.04, "station": "PORTE D'ORLEANS#", "marker-color": "#818181"}}, {"type": "Feature", "geometry": {"type": "Point", "coordinates": [2.325579, 48.820889]}, "properties": {"numparc": 6926, "etat de la localisation": "autre", "ID BDGEO": "580", "horodatage": "2022-11-03 08:17:21", "distance (en metres)": 160.52, "station": "PORTE D'ORLEANS#", "marker-color": "#818181"}}, {"type": "Feature", "geometry": {"type": "Point", "coordinates": [2.324208, 48.799557]}, "properties": {"numparc": 6927, "etat de la localisation": "autre", "ID BDGEO": "580", "horodatage": "2022-11-03 08:17:43", "distance (en metres)": 2516.66, "station": "PORTE D'ORLEANS#", "marker-color": "#818181"}}, {"type": "Feature", "geometry": {"type": "Point", "coordinates": [2.331474, 48.790302]}, "properties": {"numparc": 6928, "etat de la localisation": "autre", "ID BDGEO": "580", "horodatage": "2022-11-03 08:17:49", "distance (en metres)": 3580.84, "station": "PORTE D'ORLEANS#", "marker-color": "#818181"}}, {"type": "Feature", "geometry": {"type": "Point", "coordinates": [2.327998, 48.778763]}, "properties": {"numparc": 6911, "etat de la localisation": "autre", "ID BDGEO": "580", "horodatage": "2022-11-03 08:18:05", "distance (en metres)": 4834.97, "station": "PORTE D'ORLEANS#", "marker-color": "#818181"}}, {"type": "Feature", "geometry": {"type": "Point", "coordinates": [2.325728, 48.81353]}, "properties": {"numparc": 6909, "etat de la localisation": "autre", "ID BDGEO": "580", "horodatage": "2022-11-03 08:18:45", "distance (en metres)": 966.11, "station": "PORTE D'ORLEANS#", "marker-color": "#818181"}}, {"type": "Feature", "geometry": {"type": "Point", "coordinates": [2.327709, 48.798187]}, "properties": {"numparc": 6927, "etat de la localisation": "autre", "ID BDGEO": "580", "horodatage": "2022-11-03 08:18:57", "distance (en metres)": 2678.29, "station": "PORTE D'ORLEANS#", "marker-color": "#818181"}}, {"type": "Feature", "geometry": {"type": "Point", "coordinates": [2.326061, 48.775059]}, "properties": {"numparc": 6911, "etat de la localisation": "autre", "ID BDGEO": "602", "horodatage": "2022-11-03 08:19:16", "distance (en metres)": 4984.85, "station": "DEPOT THIAIS ( S )", "marker-color": "#818181"}}, {"type": "Feature", "geometry": {"type": "Point", "coordinates": [2.328957, 48.785694]}, "properties": {"numparc": 6928, "etat de la localisation": "autre", "ID BDGEO": "580", "horodatage": "2022-11-03 08:19:45", "distance (en metres)": 4070.32, "station": "PORTE D'ORLEANS#", "marker-color": "#818181"}}, {"type": "Feature", "geometry": {"type": "Point", "coordinates": [2.323782, 48.773067]}, "properties": {"numparc": 6911, "etat de la localisation": "autre", "ID BDGEO": "602", "horodatage": "2022-11-03 08:20:13", "distance (en metres)": 5044.94, "station": "DEPOT THIAIS ( S )", "marker-color": "#818181"}}, {"type": "Feature", "geometry": {"type": "Point", "coordinates": [2.326511, 48.761692]}, "properties": {"numparc": 6917, "etat de la localisation": "autre", "ID BDGEO": "734", "horodatage": "2022-11-03 08:20:36", "distance (en metres)": 209.74, "station": "CHARCOT ZOLA", "marker-color": "#818181"}}, {"type": "Feature", "geometry": {"type": "Point", "coordinates": [2.326343, 48.80883]}, "properties": {"numparc": 6909, "etat de la localisation": "autre", "ID BDGEO": "580", "horodatage": "2022-11-03 08:20:59", "distance (en metres)": 1490.62, "station": "PORTE D'ORLEANS#", "marker-color": "#818181"}}, {"type": "Feature", "geometry": {"type": "Point", "coordinates": [2.32446, 48.821781]}, "properties": {"numparc": 6926, "etat de la localisation": "autre", "ID BDGEO": "580", "horodatage": "2022-11-03 08:21:15", "distance (en metres)": 46.78, "station": "PORTE D'ORLEANS#", "marker-color": "#818181"}}, {"type": "Feature", "geometry": {"type": "Point", "coordinates": [2.322188, 48.770069]}, "properties": {"numparc": 6911, "etat de la localisation": "autre", "ID BDGEO": "602", "horodatage": "2022-11-03 08:21:37", "distance (en metres)": 5034.74, "station": "DEPOT THIAIS ( S )", "marker-color": "#818181"}}, {"type": "Feature", "geometry": {"type": "Point", "coordinates": [2.327992, 48.778744]}, "properties": {"numparc": 6928, "etat de la localisation": "autre", "ID BDGEO": "580", "horodatage": "2022-11-03 08:22:02", "distance (en metres)": 4837.07, "station": "PORTE D'ORLEANS#", "marker-color": "#818181"}}, {"type": "Feature", "geometry": {"type": "Point", "coordinates": [2.32446, 48.821781]}, "properties": {"numparc": 6926, "etat de la localisation": "autre", "ID BDGEO": "580", "horodatage": "2022-11-03 08:22:23", "distance (en metres)": 46.78, "station": "PORTE D'ORLEANS#", "marker-color": "#818181"}}, {"type": "Feature", "geometry": {"type": "Point", "coordinates": [2.334656, 48.794506]}, "properties": {"numparc": 6927, "etat de la localisation": "autre", "ID BDGEO": "580", "horodatage": "2022-11-03 08:22:28", "distance (en metres)": 3164.54, "station": "PORTE D'ORLEANS#", "marker-color": "#818181"}}, {"type": "Feature", "geometry": {"type": "Point", "coordinates": [2.319229, 48.767464]}, "properties": {"numparc": 6911, "etat de la localisation": "autre", "ID BDGEO": "602", "horodatage": "2022-11-03 08:22:41", "distance (en metres)": 5157.26, "station": "DEPOT THIAIS ( S )", "marker-color": "#818181"}}, {"type": "Feature", "geometry": {"type": "Point", "coordinates": [2.325008, 48.80471]}, "properties": {"numparc": 6909, "etat de la localisation": "autre", "ID BDGEO": "580", "horodatage": "2022-11-03 08:22:43", "distance (en metres)": 1943.61, "station": "PORTE D'ORLEANS#", "marker-color": "#818181"}}, {"type": "Feature", "geometry": {"type": "Point", "coordinates": [2.32465, 48.821629]}, "properties": {"numparc": 6926, "etat de la localisation": "autre", "ID BDGEO": "580", "horodatage": "2022-11-03 08:23:04", "distance (en metres)": 62.22, "station": "PORTE D'ORLEANS#", "marker-color": "#818181"}}, {"type": "Feature", "geometry": {"type": "Point", "coordinates": [2.326053, 48.775043]}, "properties": {"numparc": 6928, "etat de la localisation": "autre", "ID BDGEO": "602", "horodatage": "2022-11-03 08:23:50", "distance (en metres)": 4984.64, "station": "DEPOT THIAIS ( S )", "marker-color": "#818181"}}, {"type": "Feature", "geometry": {"type": "Point", "coordinates": [2.318138, 48.764053]}, "properties": {"numparc": 6911, "etat de la localisation": "autre", "ID BDGEO": "602", "horodatage": "2022-11-03 08:24:23", "distance (en metres)": 5150.08, "station": "DEPOT THIAIS ( S )", "marker-color": "#818181"}}, {"type": "Feature", "geometry": {"type": "Point", "coordinates": [2.331423, 48.790234]}, "properties": {"numparc": 6927, "etat de la localisation": "autre", "ID BDGEO": "580", "horodatage": "2022-11-03 08:24:35", "distance (en metres)": 3587.88, "station": "PORTE D'ORLEANS#", "marker-color": "#818181"}}, {"type": "Feature", "geometry": {"type": "Point", "coordinates": [2.32367, 48.801399]}, "properties": {"numparc": 6909, "etat de la localisation": "autre", "ID BDGEO": "580", "horodatage": "2022-11-03 08:24:42", "distance (en metres)": 2312.65, "station": "PORTE D'ORLEANS#", "marker-color": "#818181"}}, {"type": "Feature", "geometry": {"type": "Point", "coordinates": [2.318275, 48.762089]}, "properties": {"numparc": 6911, "etat de la localisation": "autre", "ID BDGEO": "602", "horodatage": "2022-11-03 08:25:12", "distance (en metres)": 5103.67, "station": "DEPOT THIAIS ( S )", "marker-color": "#818181"}}, {"type": "Feature", "geometry": {"type": "Point", "coordinates": [2.319183, 48.767365]}, "properties": {"numparc": 6928, "etat de la localisation": "autre", "ID BDGEO": "602", "horodatage": "2022-11-03 08:25:49", "distance (en metres)": 5157.64, "station": "DEPOT THIAIS ( S )", "marker-color": "#818181"}}, {"type": "Feature", "geometry": {"type": "Point", "coordinates": [2.328909, 48.785675]}, "properties": {"numparc": 6927, "etat de la localisation": "autre", "ID BDGEO": "580", "horodatage": "2022-11-03 08:26:19", "distance (en metres)": 4072.16, "station": "PORTE D'ORLEANS#", "marker-color": "#818181"}}, {"type": "Feature", "geometry": {"type": "Point", "coordinates": [2.319232, 48.75993]}, "properties": {"numparc": 6911, "etat de la localisation": "autre", "ID BDGEO": "602", "horodatage": "2022-11-03 08:26:32", "distance (en metres)": 5004.26, "station": "DEPOT THIAIS ( S )", "marker-color": "#818181"}}, {"type": "Feature", "geometry": {"type": "Point", "coordinates": [2.318156, 48.764038]}, "properties": {"numparc": 6928, "etat de la localisation": "autre", "ID BDGEO": "602", "horodatage": "2022-11-03 08:27:35", "distance (en metres)": 5148.46, "station": "DEPOT THIAIS ( S )", "marker-color": "#818181"}}, {"type": "Feature", "geometry": {"type": "Point", "coordinates": [2.324161, 48.799587]}, "properties": {"numparc": 6909, "etat de la localisation": "autre", "ID BDGEO": "580", "horodatage": "2022-11-03 08:28:15", "distance (en metres)": 2513.3, "station": "PORTE D'ORLEANS#", "marker-color": "#818181"}}, {"type": "Feature", "geometry": {"type": "Point", "coordinates": [2.321794, 48.75576]}, "properties": {"numparc": 6911, "etat de la localisation": "autre", "ID BDGEO": "602", "horodatage": "2022-11-03 08:28:16", "distance (en metres)": 4790.82, "station": "DEPOT THIAIS ( S )", "marker-color": "#818181"}}, {"type": "Feature", "geometry": {"type": "Point", "coordinates": [2.327975, 48.778706]}, "properties": {"numparc": 6927, "etat de la localisation": "autre", "ID BDGEO": "580", "horodatage": "2022-11-03 08:28:33", "distance (en metres)": 4841.24, "station": "PORTE D'ORLEANS#", "marker-color": "#818181"}}, {"type": "Feature", "geometry": {"type": "Point", "coordinates": [2.32758, 48.79818]}, "properties": {"numparc": 6909, "etat de la localisation": "autre", "ID BDGEO": "580", "horodatage": "2022-11-03 08:29:23", "distance (en metres)": 2678.36, "station": "PORTE D'ORLEANS#", "marker-color": "#818181"}}, {"type": "Feature", "geometry": {"type": "Point", "coordinates": [2.326046, 48.775032]}, "properties": {"numparc": 6927, "etat de la localisation": "autre", "ID BDGEO": "602", "horodatage": "2022-11-03 08:29:40", "distance (en metres)": 4984.53, "station": "DEPOT THIAIS ( S )", "marker-color": "#818181"}}, {"type": "Feature", "geometry": {"type": "Point", "coordinates": [2.31926, 48.759899]}, "properties": {"numparc": 6928, "etat de la localisation": "autre", "ID BDGEO": "602", "horodatage": "2022-11-03 08:29:57", "distance (en metres)": 5001.88, "station": "DEPOT THIAIS ( S )", "marker-color": "#818181"}}, {"type": "Feature", "geometry": {"type": "Point", "coordinates": [2.324656, 48.821625]}, "properties": {"numparc": 6926, "etat de la localisation": "autre", "ID BDGEO": "580", "horodatage": "2022-11-03 08:30:30", "distance (en metres)": 62.66, "station": "PORTE D'ORLEANS#", "marker-color": "#818181"}}, {"type": "Feature", "geometry": {"type": "Point", "coordinates": [2.323922, 48.758526]}, "properties": {"numparc": 6911, "etat de la localisation": "autre", "ID BDGEO": "602", "horodatage": "2022-11-03 08:30:31", "distance (en metres)": 4647.97, "station": "DEPOT THIAIS ( S )", "marker-color": "#818181"}}, {"type": "Feature", "geometry": {"type": "Point", "coordinates": [2.324659, 48.821625]}, "properties": {"numparc": 6926, "etat de la localisation": "autre", "ID BDGEO": "580", "horodatage": "2022-11-03 08:30:52", "distance (en metres)": 62.67, "station": "PORTE D'ORLEANS#", "marker-color": "#818181"}}, {"type": "Feature", "geometry": {"type": "Point", "coordinates": [2.331737, 48.796379]}, "properties": {"numparc": 6909, "etat de la localisation": "autre", "ID BDGEO": "580", "horodatage": "2022-11-03 08:31:17", "distance (en metres)": 2916.7, "station": "PORTE D'ORLEANS#", "marker-color": "#818181"}}, {"type": "Feature", "geometry": {"type": "Point", "coordinates": [2.321778, 48.755802]}, "properties": {"numparc": 6928, "etat de la localisation": "autre", "ID BDGEO": "602", "horodatage": "2022-11-03 08:31:27", "distance (en metres)": 4792.04, "station": "DEPOT THIAIS ( S )", "marker-color": "#818181"}}, {"type": "Feature", "geometry": {"type": "Point", "coordinates": [2.319207, 48.767441]}, "properties": {"numparc": 6927, "etat de la localisation": "autre", "ID BDGEO": "602", "horodatage": "2022-11-03 08:31:51", "distance (en metres)": 5158.15, "station": "DEPOT THIAIS ( S )", "marker-color": "#818181"}}, {"type": "Feature", "geometry": {"type": "Point", "coordinates": [2.334617, 48.79446]}, "properties": {"numparc": 6909, "etat de la localisation": "autre", "ID BDGEO": "580", "horodatage": "2022-11-03 08:32:30", "distance (en metres)": 3168.83, "station": "PORTE D'ORLEANS#", "marker-color": "#818181"}}, {"type": "Feature", "geometry": {"type": "Point", "coordinates": [2.326445, 48.761234]}, "properties": {"numparc": 6911, "etat de la localisation": "autre", "ID BDGEO": "602", "horodatage": "2022-11-03 08:32:33", "distance (en metres)": 4497.35, "station": "DEPOT THIAIS ( S )", "marker-color": "#818181"}}, {"type": "Feature", "geometry": {"type": "Point", "coordinates": [2.325306, 48.818352]}, "properties": {"numparc": 6926, "etat de la localisation": "autre", "ID BDGEO": "580", "horodatage": "2022-11-03 08:33:00", "distance (en metres)": 429.47, "station": "PORTE D'ORLEANS#", "marker-color": "#818181"}}, {"type": "Feature", "geometry": {"type": "Point", "coordinates": [2.31813, 48.764019]}, "properties": {"numparc": 6927, "etat de la localisation": "autre", "ID BDGEO": "602", "horodatage": "2022-11-03 08:34:02", "distance (en metres)": 5149.94, "station": "DEPOT THIAIS ( S )", "marker-color": "#818181"}}, {"type": "Feature", "geometry": {"type": "Point", "coordinates": [2.331429, 48.790241]}, "properties": {"numparc": 6909, "etat de la localisation": "autre", "ID BDGEO": "580", "horodatage": "2022-11-03 08:34:29", "distance (en metres)": 3587.09, "station": "PORTE D'ORLEANS#", "marker-color": "#818181"}}, {"type": "Feature", "geometry": {"type": "Point", "coordinates": [2.330992, 48.76297]}, "properties": {"numparc": 6911, "etat de la localisation": "autre", "ID BDGEO": "734", "horodatage": "2022-11-03 08:34:56", "distance (en metres)": 252.4, "station": "CHARCOT ZOLA", "marker-color": "#818181"}}, {"type": "Feature", "geometry": {"type": "Point", "coordinates": [2.325717, 48.813496]}, "properties": {"numparc": 6926, "etat de la localisation": "autre", "ID BDGEO": "580", "horodatage": "2022-11-03 08:34:57", "distance (en metres)": 969.84, "station": "PORTE D'ORLEANS#", "marker-color": "#818181"}}, {"type": "Feature", "geometry": {"type": "Point", "coordinates": [2.319239, 48.759918]}, "properties": {"numparc": 6927, "etat de la localisation": "autre", "ID BDGEO": "602", "horodatage": "2022-11-03 08:35:25", "distance (en metres)": 5003.63, "station": "DEPOT THIAIS ( S )", "marker-color": "#818181"}}, {"type": "Feature", "geometry": {"type": "Point", "coordinates": [2.330856, 48.762814]}, "properties": {"numparc": 6928, "etat de la localisation": "autre", "ID BDGEO": "734", "horodatage": "2022-11-03 08:36:32", "distance (en metres)": 232.37, "station": "CHARCOT ZOLA", "marker-color": "#818181"}}, {"type": "Feature", "geometry": {"type": "Point", "coordinates": [2.328913, 48.785706]}, "properties": {"numparc": 6909, "etat de la localisation": "autre", "ID BDGEO": "580", "horodatage": "2022-11-03 08:36:41", "distance (en metres)": 4068.8, "station": "PORTE D'ORLEANS#", "marker-color": "#818181"}}, {"type": "Feature", "geometry": {"type": "Point", "coordinates": [2.32194, 48.755703]}, "properties": {"numparc": 6927, "etat de la localisation": "autre", "ID BDGEO": "602", "horodatage": "2022-11-03 08:37:01", "distance (en metres)": 4780.07, "station": "DEPOT THIAIS ( S )", "marker-color": "#818181"}}, {"type": "Feature", "geometry": {"type": "Point", "coordinates": [2.326356, 48.808846]}, "properties": {"numparc": 6926, "etat de la localisation": "autre", "ID BDGEO": "580", "horodatage": "2022-11-03 08:37:04", "distance (en metres)": 1489.02, "station": "PORTE D'ORLEANS#", "marker-color": "#818181"}}, {"type": "Feature", "geometry": {"type": "Point", "coordinates": [2.32797, 48.78334]}, "properties": {"numparc": 6909, "etat de la localisation": "autre", "ID BDGEO": "580", "horodatage": "2022-11-03 08:37:35", "distance (en metres)": 4326.59, "station": "PORTE D'ORLEANS#", "marker-color": "#818181"}}, {"type": "Feature", "geometry": {"type": "Point", "coordinates": [2.32488, 48.804756]}, "properties": {"numparc": 6926, "etat de la localisation": "autre", "ID BDGEO": "580", "horodatage": "2022-11-03 08:39:11", "distance (en metres)": 1938.41, "station": "PORTE D'ORLEANS#", "marker-color": "#818181"}}, {"type": "Feature", "geometry": {"type": "Point", "coordinates": [2.327961, 48.778744]}, "properties": {"numparc": 6909, "etat de la localisation": "autre", "ID BDGEO": "580", "horodatage": "2022-11-03 08:39:25", "distance (en metres)": 4836.95, "station": "PORTE D'ORLEANS#", "marker-color": "#818181"}}, {"type": "Feature", "geometry": {"type": "Point", "coordinates": [2.323689, 48.801491]}, "properties": {"numparc": 6926, "etat de la localisation": "autre", "ID BDGEO": "580", "horodatage": "2022-11-03 08:41:10", "distance (en metres)": 2302.43, "station": "PORTE D'ORLEANS#", "marker-color": "#818181"}}, {"type": "Feature", "geometry": {"type": "Point", "coordinates": [2.330444, 48.763214]}, "properties": {"numparc": 6911, "etat de la localisation": "autre", "ID BDGEO": "734", "horodatage": "2022-11-03 08:41:17", "distance (en metres)": 259.13, "station": "CHARCOT ZOLA", "marker-color": "#818181"}}, {"type": "Feature", "geometry": {"type": "Point", "coordinates": [2.330934, 48.762848]}, "properties": {"numparc": 6927, "etat de la localisation": "autre", "ID BDGEO": "734", "horodatage": "2022-11-03 08:42:37", "distance (en metres)": 238.64, "station": "CHARCOT ZOLA", "marker-color": "#818181"}}, {"type": "Feature", "geometry": {"type": "Point", "coordinates": [2.32213, 48.770004]}, "properties": {"numparc": 6909, "etat de la localisation": "autre", "ID BDGEO": "602", "horodatage": "2022-11-03 08:42:44", "distance (en metres)": 5036.42, "station": "DEPOT THIAIS ( S )", "marker-color": "#818181"}}, {"type": "Feature", "geometry": {"type": "Point", "coordinates": [2.324188, 48.799553]}, "properties": {"numparc": 6926, "etat de la localisation": "autre", "ID BDGEO": "580", "horodatage": "2022-11-03 08:43:18", "distance (en metres)": 2517.09, "station": "PORTE D'ORLEANS#", "marker-color": "#818181"}}, {"type": "Feature", "geometry": {"type": "Point", "coordinates": [2.319286, 48.767517]}, "properties": {"numparc": 6909, "etat de la localisation": "autre", "ID BDGEO": "602", "horodatage": "2022-11-03 08:43:40", "distance (en metres)": 5154.77, "station": "DEPOT THIAIS ( S )", "marker-color": "#818181"}}, {"type": "Feature", "geometry": {"type": "Point", "coordinates": [2.326646, 48.761715]}, "properties": {"numparc": 6911, "etat de la localisation": "autre", "ID BDGEO": "734", "horodatage": "2022-11-03 08:43:41", "distance (en metres)": 201.42, "station": "CHARCOT ZOLA", "marker-color": "#818181"}}, {"type": "Feature", "geometry": {"type": "Point", "coordinates": [2.327625, 48.798161]}, "properties": {"numparc": 6926, "etat de la localisation": "autre", "ID BDGEO": "580", "horodatage": "2022-11-03 08:44:37", "distance (en metres)": 2680.74, "station": "PORTE D'ORLEANS#", "marker-color": "#818181"}}, {"type": "Feature", "geometry": {"type": "Point", "coordinates": [2.327673, 48.798141]}, "properties": {"numparc": 6926, "etat de la localisation": "autre", "ID BDGEO": "580", "horodatage": "2022-11-03 08:45:04", "distance (en metres)": 2683.14, "station": "PORTE D'ORLEANS#", "marker-color": "#818181"}}, {"type": "Feature", "geometry": {"type": "Point", "coordinates": [2.318279, 48.762077]}, "properties": {"numparc": 6909, "etat de la localisation": "autre", "ID BDGEO": "602", "horodatage": "2022-11-03 08:45:27", "distance (en metres)": 5103.19, "station": "DEPOT THIAIS ( S )", "marker-color": "#818181"}}, {"type": "Feature", "geometry": {"type": "Point", "coordinates": [2.331073, 48.76302]}, "properties": {"numparc": 6927, "etat de la localisation": "autre", "ID BDGEO": "734", "horodatage": "2022-11-03 08:45:48", "distance (en metres)": 260.22, "station": "CHARCOT ZOLA", "marker-color": "#818181"}}, {"type": "Feature", "geometry": {"type": "Point", "coordinates": [2.326593, 48.761658]}, "properties": {"numparc": 6928, "etat de la localisation": "autre", "ID BDGEO": "734", "horodatage": "2022-11-03 08:46:16", "distance (en metres)": 202.77, "station": "CHARCOT ZOLA", "marker-color": "#818181"}}, {"type": "Feature", "geometry": {"type": "Point", "coordinates": [2.319231, 48.75996]}, "properties": {"numparc": 6909, "etat de la localisation": "autre", "ID BDGEO": "602", "horodatage": "2022-11-03 08:46:43", "distance (en metres)": 5004.67, "station": "DEPOT THIAIS ( S )", "marker-color": "#818181"}}, {"type": "Feature", "geometry": {"type": "Point", "coordinates": [2.331737, 48.796371]}, "properties": {"numparc": 6926, "etat de la localisation": "autre", "ID BDGEO": "580", "horodatage": "2022-11-03 08:47:12", "distance (en metres)": 2917.54, "station": "PORTE D'ORLEANS#", "marker-color": "#818181"}}, {"type": "Feature", "geometry": {"type": "Point", "coordinates": [2.325546, 48.821156]}, "properties": {"numparc": 6918, "etat de la localisation": "autre", "ID BDGEO": "580", "horodatage": "2022-11-03 08:47:44", "distance (en metres)": 133.18, "station": "PORTE D'ORLEANS#", "marker-color": "#818181"}}, {"type": "Feature", "geometry": {"type": "Point", "coordinates": [2.319373, 48.759769]}, "properties": {"numparc": 6911, "etat de la localisation": "autre", "ID BDGEO": "599", "horodatage": "2022-11-03 08:48:07", "distance (en metres)": 64.6, "station": "TUILERIE", "marker-color": "#818181"}}, {"type": "Feature", "geometry": {"type": "Point", "coordinates": [2.321827, 48.755764]}, "properties": {"numparc": 6909, "etat de la localisation": "autre", "ID BDGEO": "602", "horodatage": "2022-11-03 08:48:29", "distance (en metres)": 4788.41, "station": "DEPOT THIAIS ( S )", "marker-color": "#818181"}}, {"type": "Feature", "geometry": {"type": "Point", "coordinates": [2.334628, 48.794479]}, "properties": {"numparc": 6926, "etat de la localisation": "autre", "ID BDGEO": "580", "horodatage": "2022-11-03 08:48:40", "distance (en metres)": 3166.95, "station": "PORTE D'ORLEANS#", "marker-color": "#818181"}}, {"type": "Feature", "geometry": {"type": "Point", "coordinates": [2.324584, 48.821674]}, "properties": {"numparc": 6918, "etat de la localisation": "autre", "ID BDGEO": "580", "horodatage": "2022-11-03 08:49:07", "distance (en metres)": 57.17, "station": "PORTE D'ORLEANS#", "marker-color": "#818181"}}, {"type": "Feature", "geometry": {"type": "Point", "coordinates": [2.331455, 48.790268]}, "properties": {"numparc": 6926, "etat de la localisation": "autre", "ID BDGEO": "580", "horodatage": "2022-11-03 08:51:42", "distance (en metres)": 3584.42, "station": "PORTE D'ORLEANS#", "marker-color": "#818181"}}, {"type": "Feature", "geometry": {"type": "Point", "coordinates": [2.330498, 48.763245]}, "properties": {"numparc": 6927, "etat de la localisation": "autre", "ID BDGEO": "734", "horodatage": "2022-11-03 08:52:34", "distance (en metres)": 263.71, "station": "CHARCOT ZOLA", "marker-color": "#818181"}}, {"type": "Feature", "geometry": {"type": "Point", "coordinates": [2.328936, 48.785709]}, "properties": {"numparc": 6926, "etat de la localisation": "autre", "ID BDGEO": "580", "horodatage": "2022-11-03 08:53:02", "distance (en metres)": 4068.5, "station": "PORTE D'ORLEANS#", "marker-color": "#818181"}}, {"type": "Feature", "geometry": {"type": "Point", "coordinates": [2.325573, 48.821392]}, "properties": {"numparc": 6908, "etat de la localisation": "autre", "ID BDGEO": "580", "horodatage": "2022-11-03 08:53:20", "distance (en metres)": 112.52, "station": "PORTE D'ORLEANS#", "marker-color": "#818181"}}, {"type": "Feature", "geometry": {"type": "Point", "coordinates": [2.331026, 48.762989]}, "properties": {"numparc": 6909, "etat de la localisation": "autre", "ID BDGEO": "734", "horodatage": "2022-11-03 08:53:46", "distance (en metres)": 255.52, "station": "CHARCOT ZOLA", "marker-color": "#818181"}}, {"type": "Feature", "geometry": {"type": "Point", "coordinates": [2.325389, 48.818485]}, "properties": {"numparc": 6918, "etat de la localisation": "autre", "ID BDGEO": "580", "horodatage": "2022-11-03 08:53:53", "distance (en metres)": 415.5, "station": "PORTE D'ORLEANS#", "marker-color": "#818181"}}, {"type": "Feature", "geometry": {"type": "Point", "coordinates": [2.327989, 48.783363]}, "properties": {"numparc": 6926, "etat de la localisation": "autre", "ID BDGEO": "580", "horodatage": "2022-11-03 08:53:53", "distance (en metres)": 4324.12, "station": "PORTE D'ORLEANS#", "marker-color": "#818181"}}, {"type": "Feature", "geometry": {"type": "Point", "coordinates": [2.326557, 48.761612]}, "properties": {"numparc": 6927, "etat de la localisation": "autre", "ID BDGEO": "734", "horodatage": "2022-11-03 08:54:42", "distance (en metres)": 203.59, "station": "CHARCOT ZOLA", "marker-color": "#818181"}}, {"type": "Feature", "geometry": {"type": "Point", "coordinates": [2.32559, 48.821365]}, "properties": {"numparc": 6919, "etat de la localisation": "autre", "ID BDGEO": "580", "horodatage": "2022-11-03 08:54:50", "distance (en metres)": 115.62, "station": "PORTE D'ORLEANS#", "marker-color": "#818181"}}, {"type": "Feature", "geometry": {"type": "Point", "coordinates": [2.327975, 48.778751]}, "properties": {"numparc": 6926, "etat de la localisation": "autre", "ID BDGEO": "580", "horodatage": "2022-11-03 08:55:24", "distance (en metres)": 4836.16, "station": "PORTE D'ORLEANS#", "marker-color": "#818181"}}, {"type": "Feature", "geometry": {"type": "Point", "coordinates": [2.325704, 48.813515]}, "properties": {"numparc": 6918, "etat de la localisation": "autre", "ID BDGEO": "580", "horodatage": "2022-11-03 08:56:01", "distance (en metres)": 967.65, "station": "PORTE D'ORLEANS#", "marker-color": "#818181"}}, {"type": "Feature", "geometry": {"type": "Point", "coordinates": [2.326042, 48.775047]}, "properties": {"numparc": 6926, "etat de la localisation": "autre", "ID BDGEO": "602", "horodatage": "2022-11-03 08:56:45", "distance (en metres)": 4985.54, "station": "DEPOT THIAIS ( S )", "marker-color": "#818181"}}, {"type": "Feature", "geometry": {"type": "Point", "coordinates": [2.324725, 48.821693]}, "properties": {"numparc": 6908, "etat de la localisation": "autre", "ID BDGEO": "580", "horodatage": "2022-11-03 08:56:49", "distance (en metres)": 55.47, "station": "PORTE D'ORLEANS#", "marker-color": "#818181"}}, {"type": "Feature", "geometry": {"type": "Point", "coordinates": [2.323771, 48.773052]}, "properties": {"numparc": 6926, "etat de la localisation": "autre", "ID BDGEO": "602", "horodatage": "2022-11-03 08:57:41", "distance (en metres)": 5045.01, "station": "DEPOT THIAIS ( S )", "marker-color": "#818181"}}, {"type": "Feature", "geometry": {"type": "Point", "coordinates": [2.326312, 48.80888]}, "properties": {"numparc": 6918, "etat de la localisation": "autre", "ID BDGEO": "580", "horodatage": "2022-11-03 08:58:15", "distance (en metres)": 1484.94, "station": "PORTE D'ORLEANS#", "marker-color": "#818181"}}, {"type": "Feature", "geometry": {"type": "Point", "coordinates": [2.32213, 48.770004]}, "properties": {"numparc": 6926, "etat de la localisation": "autre", "ID BDGEO": "602", "horodatage": "2022-11-03 08:58:37", "distance (en metres)": 5036.42, "station": "DEPOT THIAIS ( S )", "marker-color": "#818181"}}, {"type": "Feature", "geometry": {"type": "Point", "coordinates": [2.319368, 48.759781]}, "properties": {"numparc": 6927, "etat de la localisation": "autre", "ID BDGEO": "599", "horodatage": "2022-11-03 08:59:09", "distance (en metres)": 65.92, "station": "TUILERIE", "marker-color": "#818181"}}, {"type": "Feature", "geometry": {"type": "Point", "coordinates": [2.319216, 48.767445]}, "properties": {"numparc": 6926, "etat de la localisation": "autre", "ID BDGEO": "602", "horodatage": "2022-11-03 08:59:36", "distance (en metres)": 5157.62, "station": "DEPOT THIAIS ( S )", "marker-color": "#818181"}}, {"type": "Feature", "geometry": {"type": "Point", "coordinates": [2.324967, 48.804749]}, "properties": {"numparc": 6918, "etat de la localisation": "autre", "ID BDGEO": "580", "horodatage": "2022-11-03 09:00:04", "distance (en metres)": 1939.33, "station": "PORTE D'ORLEANS#", "marker-color": "#818181"}}, {"type": "Feature", "geometry": {"type": "Point", "coordinates": [2.324635, 48.821671]}, "properties": {"numparc": 6919, "etat de la localisation": "autre", "ID BDGEO": "580", "horodatage": "2022-11-03 09:00:32", "distance (en metres)": 57.53, "station": "PORTE D'ORLEANS#", "marker-color": "#818181"}}, {"type": "Feature", "geometry": {"type": "Point", "coordinates": [2.325589, 48.821289]}, "properties": {"numparc": 6917, "etat de la localisation": "autre", "ID BDGEO": "580", "horodatage": "2022-11-03 09:01:24", "distance (en metres)": 122.4, "station": "PORTE D'ORLEANS#", "marker-color": "#818181"}}, {"type": "Feature", "geometry": {"type": "Point", "coordinates": [2.318121, 48.76405]}, "properties": {"numparc": 6926, "etat de la localisation": "autre", "ID BDGEO": "602", "horodatage": "2022-11-03 09:01:35", "distance (en metres)": 5151.22, "station": "DEPOT THIAIS ( S )", "marker-color": "#818181"}}, {"type": "Feature", "geometry": {"type": "Point", "coordinates": [2.325383, 48.818462]}, "properties": {"numparc": 6908, "etat de la localisation": "autre", "ID BDGEO": "580", "horodatage": "2022-11-03 09:01:53", "distance (en metres)": 417.97, "station": "PORTE D'ORLEANS#", "marker-color": "#818181"}}, {"type": "Feature", "geometry": {"type": "Point", "coordinates": [2.323715, 48.801544]}, "properties": {"numparc": 6918, "etat de la localisation": "autre", "ID BDGEO": "580", "horodatage": "2022-11-03 09:02:13", "distance (en metres)": 2296.44, "station": "PORTE D'ORLEANS#", "marker-color": "#818181"}}, {"type": "Feature", "geometry": {"type": "Point", "coordinates": [2.318268, 48.762074]}, "properties": {"numparc": 6926, "etat de la localisation": "autre", "ID BDGEO": "602", "horodatage": "2022-11-03 09:02:16", "distance (en metres)": 5103.92, "station": "DEPOT THIAIS ( S )", "marker-color": "#818181"}}, {"type": "Feature", "geometry": {"type": "Point", "coordinates": [2.326562, 48.761627]}, "properties": {"numparc": 6909, "etat de la localisation": "autre", "ID BDGEO": "734", "horodatage": "2022-11-03 09:03:13", "distance (en metres)": 203.79, "station": "CHARCOT ZOLA", "marker-color": "#818181"}}, {"type": "Feature", "geometry": {"type": "Point", "coordinates": [2.319211, 48.75993]}, "properties": {"numparc": 6926, "etat de la localisation": "autre", "ID BDGEO": "602", "horodatage": "2022-11-03 09:03:26", "distance (en metres)": 5005.79, "station": "DEPOT THIAIS ( S )", "marker-color": "#818181"}}, {"type": "Feature", "geometry": {"type": "Point", "coordinates": [2.32575, 48.813553]}, "properties": {"numparc": 6908, "etat de la localisation": "autre", "ID BDGEO": "580", "horodatage": "2022-11-03 09:03:35", "distance (en metres)": 963.7, "station": "PORTE D'ORLEANS#", "marker-color": "#818181"}}, {"type": "Feature", "geometry": {"type": "Point", "coordinates": [2.324736, 48.82169]}, "properties": {"numparc": 6917, "etat de la localisation": "autre", "ID BDGEO": "580", "horodatage": "2022-11-03 09:03:53", "distance (en metres)": 56.01, "station": "PORTE D'ORLEANS#", "marker-color": "#818181"}}, {"type": "Feature", "geometry": {"type": "Point", "coordinates": [2.321945, 48.755672]}, "properties": {"numparc": 6926, "etat de la localisation": "autre", "ID BDGEO": "602", "horodatage": "2022-11-03 09:04:55", "distance (en metres)": 4779.68, "station": "DEPOT THIAIS ( S )", "marker-color": "#818181"}}, {"type": "Feature", "geometry": {"type": "Point", "coordinates": [2.327607, 48.798157]}, "properties": {"numparc": 6918, "etat de la localisation": "autre", "ID BDGEO": "580", "horodatage": "2022-11-03 09:05:44", "distance (en metres)": 2681.06, "station": "PORTE D'ORLEANS#", "marker-color": "#818181"}}, {"type": "Feature", "geometry": {"type": "Point", "coordinates": [2.326264, 48.808811]}, "properties": {"numparc": 6908, "etat de la localisation": "autre", "ID BDGEO": "580", "horodatage": "2022-11-03 09:06:13", "distance (en metres)": 1492.26, "station": "PORTE D'ORLEANS#", "marker-color": "#818181"}}, {"type": "Feature", "geometry": {"type": "Point", "coordinates": [2.323892, 48.758465]}, "properties": {"numparc": 6926, "etat de la localisation": "autre", "ID BDGEO": "602", "horodatage": "2022-11-03 09:06:49", "distance (en metres)": 4649.64, "station": "DEPOT THIAIS ( S )", "marker-color": "#818181"}}, {"type": "Feature", "geometry": {"type": "Point", "coordinates": [2.325044, 48.804699]}, "properties": {"numparc": 6908, "etat de la localisation": "autre", "ID BDGEO": "580", "horodatage": "2022-11-03 09:07:41", "distance (en metres)": 1944.92, "station": "PORTE D'ORLEANS#", "marker-color": "#818181"}}, {"type": "Feature", "geometry": {"type": "Point", "coordinates": [2.325396, 48.818413]}, "properties": {"numparc": 6919, "etat de la localisation": "autre", "ID BDGEO": "580", "horodatage": "2022-11-03 09:08:30", "distance (en metres)": 423.56, "station": "PORTE D'ORLEANS#", "marker-color": "#818181"}}, {"type": "Feature", "geometry": {"type": "Point", "coordinates": [2.331735, 48.796368]}, "properties": {"numparc": 6918, "etat de la localisation": "autre", "ID BDGEO": "580", "horodatage": "2022-11-03 09:08:35", "distance (en metres)": 2917.93, "station": "PORTE D'ORLEANS#", "marker-color": "#818181"}}, {"type": "Feature", "geometry": {"type": "Point", "coordinates": [2.319432, 48.759727]}, "properties": {"numparc": 6909, "etat de la localisation": "autre", "ID BDGEO": "599", "horodatage": "2022-11-03 09:09:13", "distance (en metres)": 58.87, "station": "TUILERIE", "marker-color": "#818181"}}, {"type": "Feature", "geometry": {"type": "Point", "coordinates": [2.323685, 48.80143]}, "properties": {"numparc": 6908, "etat de la localisation": "autre", "ID BDGEO": "580", "horodatage": "2022-11-03 09:09:37", "distance (en metres)": 2309.22, "station": "PORTE D'ORLEANS#", "marker-color": "#818181"}}, {"type": "Feature", "geometry": {"type": "Point", "coordinates": [2.325637, 48.813683]}, "properties": {"numparc": 6919, "etat de la localisation": "autre", "ID BDGEO": "580", "horodatage": "2022-11-03 09:09:39", "distance (en metres)": 948.65, "station": "PORTE D'ORLEANS#", "marker-color": "#818181"}}, {"type": "Feature", "geometry": {"type": "Point", "coordinates": [2.334627, 48.794479]}, "properties": {"numparc": 6918, "etat de la localisation": "autre", "ID BDGEO": "580", "horodatage": "2022-11-03 09:09:57", "distance (en metres)": 3166.93, "station": "PORTE D'ORLEANS#", "marker-color": "#818181"}}, {"type": "Feature", "geometry": {"type": "Point", "coordinates": [2.331067, 48.762993]}, "properties": {"numparc": 6926, "etat de la localisation": "autre", "ID BDGEO": "734", "horodatage": "2022-11-03 09:10:05", "distance (en metres)": 257.47, "station": "CHARCOT ZOLA", "marker-color": "#818181"}}, {"type": "Feature", "geometry": {"type": "Point", "coordinates": [2.326378, 48.808926]}, "properties": {"numparc": 6919, "etat de la localisation": "autre", "ID BDGEO": "580", "horodatage": "2022-11-03 09:11:31", "distance (en metres)": 1480.28, "station": "PORTE D'ORLEANS#", "marker-color": "#818181"}}, {"type": "Feature", "geometry": {"type": "Point", "coordinates": [2.324138, 48.799572]}, "properties": {"numparc": 6908, "etat de la localisation": "autre", "ID BDGEO": "580", "horodatage": "2022-11-03 09:11:37", "distance (en metres)": 2515.02, "station": "PORTE D'ORLEANS#", "marker-color": "#818181"}}, {"type": "Feature", "geometry": {"type": "Point", "coordinates": [2.331382, 48.790272]}, "properties": {"numparc": 6918, "etat de la localisation": "autre", "ID BDGEO": "580", "horodatage": "2022-11-03 09:12:08", "distance (en metres)": 3583.26, "station": "PORTE D'ORLEANS#", "marker-color": "#818181"}}, {"type": "Feature", "geometry": {"type": "Point", "coordinates": [2.32767, 48.798187]}, "properties": {"numparc": 6908, "etat de la localisation": "autre", "ID BDGEO": "580", "horodatage": "2022-11-03 09:12:55", "distance (en metres)": 2678.05, "station": "PORTE D'ORLEANS#", "marker-color": "#818181"}}, {"type": "Feature", "geometry": {"type": "Point", "coordinates": [2.324998, 48.804741]}, "properties": {"numparc": 6919, "etat de la localisation": "autre", "ID BDGEO": "580", "horodatage": "2022-11-03 09:13:33", "distance (en metres)": 1940.21, "station": "PORTE D'ORLEANS#", "marker-color": "#818181"}}, {"type": "Feature", "geometry": {"type": "Point", "coordinates": [2.328908, 48.785686]}, "properties": {"numparc": 6918, "etat de la localisation": "autre", "ID BDGEO": "580", "horodatage": "2022-11-03 09:13:58", "distance (en metres)": 4070.88, "station": "PORTE D'ORLEANS#", "marker-color": "#818181"}}, {"type": "Feature", "geometry": {"type": "Point", "coordinates": [2.331067, 48.762993]}, "properties": {"numparc": 6926, "etat de la localisation": "autre", "ID BDGEO": "734", "horodatage": "2022-11-03 09:14:28", "distance (en metres)": 257.47, "station": "CHARCOT ZOLA", "marker-color": "#818181"}}, {"type": "Feature", "geometry": {"type": "Point", "coordinates": [2.327971, 48.783367]}, "properties": {"numparc": 6918, "etat de la localisation": "autre", "ID BDGEO": "580", "horodatage": "2022-11-03 09:15:03", "distance (en metres)": 4323.63, "station": "PORTE D'ORLEANS#", "marker-color": "#818181"}}, {"type": "Feature", "geometry": {"type": "Point", "coordinates": [2.331754, 48.796394]}, "properties": {"numparc": 6908, "etat de la localisation": "autre", "ID BDGEO": "580", "horodatage": "2022-11-03 09:15:21", "distance (en metres)": 2915.26, "station": "PORTE D'ORLEANS#", "marker-color": "#818181"}}, {"type": "Feature", "geometry": {"type": "Point", "coordinates": [2.324192, 48.799541]}, "properties": {"numparc": 6919, "etat de la localisation": "autre", "ID BDGEO": "580", "horodatage": "2022-11-03 09:16:16", "distance (en metres)": 2518.36, "station": "PORTE D'ORLEANS#", "marker-color": "#818181"}}, {"type": "Feature", "geometry": {"type": "Point", "coordinates": [2.327965, 48.778751]}, "properties": {"numparc": 6918, "etat de la localisation": "autre", "ID BDGEO": "580", "horodatage": "2022-11-03 09:16:22", "distance (en metres)": 4836.12, "station": "PORTE D'ORLEANS#", "marker-color": "#818181"}}, {"type": "Feature", "geometry": {"type": "Point", "coordinates": [2.33464, 48.794559]}, "properties": {"numparc": 6908, "etat de la localisation": "autre", "ID BDGEO": "580", "horodatage": "2022-11-03 09:16:29", "distance (en metres)": 3158.49, "station": "PORTE D'ORLEANS#", "marker-color": "#818181"}}, {"type": "Feature", "geometry": {"type": "Point", "coordinates": [2.334593, 48.79454]}, "properties": {"numparc": 6908, "etat de la localisation": "autre", "ID BDGEO": "580", "horodatage": "2022-11-03 09:16:45", "distance (en metres)": 3159.76, "station": "PORTE D'ORLEANS#", "marker-color": "#818181"}}, {"type": "Feature", "geometry": {"type": "Point", "coordinates": [2.386782, 48.755306]}, "properties": {"numparc": 6914, "etat de la localisation": "autre", "ID BDGEO": "614", "horodatage": "2022-11-03 09:17:22", "distance (en metres)": 4296.8, "station": "CHARCOT ZOLA#", "marker-color": "#818181"}}, {"type": "Feature", "geometry": {"type": "Point", "coordinates": [2.331067, 48.762993]}, "properties": {"numparc": 6926, "etat de la localisation": "autre", "ID BDGEO": "734", "horodatage": "2022-11-03 09:17:48", "distance (en metres)": 257.47, "station": "CHARCOT ZOLA", "marker-color": "#818181"}}, {"type": "Feature", "geometry": {"type": "Point", "coordinates": [2.325471, 48.818539]}, "properties": {"numparc": 6917, "etat de la localisation": "autre", "ID BDGEO": "580", "horodatage": "2022-11-03 09:17:54", "distance (en metres)": 410.48, "station": "PORTE D'ORLEANS#", "marker-color": "#818181"}}, {"type": "Feature", "geometry": {"type": "Point", "coordinates": [2.327673, 48.798153]}, "properties": {"numparc": 6919, "etat de la localisation": "autre", "ID BDGEO": "580", "horodatage": "2022-11-03 09:18:25", "distance (en metres)": 2681.88, "station": "PORTE D'ORLEANS#", "marker-color": "#818181"}}, {"type": "Feature", "geometry": {"type": "Point", "coordinates": [2.331447, 48.790222]}, "properties": {"numparc": 6908, "etat de la localisation": "autre", "ID BDGEO": "580", "horodatage": "2022-11-03 09:18:53", "distance (en metres)": 3589.38, "station": "PORTE D'ORLEANS#", "marker-color": "#818181"}}, {"type": "Feature", "geometry": {"type": "Point", "coordinates": [2.330516, 48.763233]}, "properties": {"numparc": 6926, "etat de la localisation": "autre", "ID BDGEO": "734", "horodatage": "2022-11-03 09:18:56", "distance (en metres)": 263.01, "station": "CHARCOT ZOLA", "marker-color": "#818181"}}, {"type": "Feature", "geometry": {"type": "Point", "coordinates": [2.319207, 48.767452]}, "properties": {"numparc": 6918, "etat de la localisation": "autre", "ID BDGEO": "602", "horodatage": "2022-11-03 09:19:25", "distance (en metres)": 5158.48, "station": "DEPOT THIAIS ( S )", "marker-color": "#818181"}}, {"type": "Feature", "geometry": {"type": "Point", "coordinates": [2.325773, 48.813519]}, "properties": {"numparc": 6917, "etat de la localisation": "autre", "ID BDGEO": "580", "horodatage": "2022-11-03 09:20:12", "distance (en metres)": 967.65, "station": "PORTE D'ORLEANS#", "marker-color": "#818181"}}, {"type": "Feature", "geometry": {"type": "Point", "coordinates": [2.326541, 48.761604]}, "properties": {"numparc": 6926, "etat de la localisation": "autre", "ID BDGEO": "734", "horodatage": "2022-11-03 09:20:35", "distance (en metres)": 204.44, "station": "CHARCOT ZOLA", "marker-color": "#818181"}}, {"type": "Feature", "geometry": {"type": "Point", "coordinates": [2.331765, 48.796387]}, "properties": {"numparc": 6919, "etat de la localisation": "autre", "ID BDGEO": "580", "horodatage": "2022-11-03 09:20:37", "distance (en metres)": 2916.23, "station": "PORTE D'ORLEANS#", "marker-color": "#818181"}}, {"type": "Feature", "geometry": {"type": "Point", "coordinates": [2.32892, 48.785675]}, "properties": {"numparc": 6908, "etat de la localisation": "autre", "ID BDGEO": "580", "horodatage": "2022-11-03 09:20:43", "distance (en metres)": 4072.22, "station": "PORTE D'ORLEANS#", "marker-color": "#818181"}}, {"type": "Feature", "geometry": {"type": "Point", "coordinates": [2.318104, 48.764084]}, "properties": {"numparc": 6918, "etat de la localisation": "autre", "ID BDGEO": "602", "horodatage": "2022-11-03 09:20:45", "distance (en metres)": 5153.16, "station": "DEPOT THIAIS ( S )", "marker-color": "#818181"}}, {"type": "Feature", "geometry": {"type": "Point", "coordinates": [2.326541, 48.761604]}, "properties": {"numparc": 6926, "etat de la localisation": "autre", "ID BDGEO": "734", "horodatage": "2022-11-03 09:20:45", "distance (en metres)": 204.44, "station": "CHARCOT ZOLA", "marker-color": "#818181"}}, {"type": "Feature", "geometry": {"type": "Point", "coordinates": [2.318257, 48.762081]}, "properties": {"numparc": 6918, "etat de la localisation": "autre", "ID BDGEO": "602", "horodatage": "2022-11-03 09:21:27", "distance (en metres)": 5104.84, "station": "DEPOT THIAIS ( S )", "marker-color": "#818181"}}, {"type": "Feature", "geometry": {"type": "Point", "coordinates": [2.325523, 48.821377]}, "properties": {"numparc": 6911, "etat de la localisation": "autre", "ID BDGEO": "580", "horodatage": "2022-11-03 09:21:34", "distance (en metres)": 111.66, "station": "PORTE D'ORLEANS#", "marker-color": "#818181"}}, {"type": "Feature", "geometry": {"type": "Point", "coordinates": [2.326523, 48.808865]}, "properties": {"numparc": 6917, "etat de la localisation": "autre", "ID BDGEO": "580", "horodatage": "2022-11-03 09:22:14", "distance (en metres)": 1488.0, "station": "PORTE D'ORLEANS#", "marker-color": "#818181"}}, {"type": "Feature", "geometry": {"type": "Point", "coordinates": [2.33474, 48.794563]}, "properties": {"numparc": 6919, "etat de la localisation": "autre", "ID BDGEO": "580", "horodatage": "2022-11-03 09:22:30", "distance (en metres)": 3159.78, "station": "PORTE D'ORLEANS#", "marker-color": "#818181"}}, {"type": "Feature", "geometry": {"type": "Point", "coordinates": [2.327995, 48.778744]}, "properties": {"numparc": 6908, "etat de la localisation": "autre", "ID BDGEO": "580", "horodatage": "2022-11-03 09:23:14", "distance (en metres)": 4837.08, "station": "PORTE D'ORLEANS#", "marker-color": "#818181"}}, {"type": "Feature", "geometry": {"type": "Point", "coordinates": [2.319222, 48.759911]}, "properties": {"numparc": 6918, "etat de la localisation": "autre", "ID BDGEO": "602", "horodatage": "2022-11-03 09:23:15", "distance (en metres)": 5004.77, "station": "DEPOT THIAIS ( S )", "marker-color": "#818181"}}, {"type": "Feature", "geometry": {"type": "Point", "coordinates": [2.324417, 48.821854]}, "properties": {"numparc": 6911, "etat de la localisation": "autre", "ID BDGEO": "580", "horodatage": "2022-11-03 09:23:50", "distance (en metres)": 40.12, "station": "PORTE D'ORLEANS#", "marker-color": "#818181"}}, {"type": "Feature", "geometry": {"type": "Point", "coordinates": [2.32529, 48.804726]}, "properties": {"numparc": 6917, "etat de la localisation": "autre", "ID BDGEO": "580", "horodatage": "2022-11-03 09:24:05", "distance (en metres)": 1942.32, "station": "PORTE D'ORLEANS#", "marker-color": "#818181"}}, {"type": "Feature", "geometry": {"type": "Point", "coordinates": [2.331425, 48.790237]}, "properties": {"numparc": 6919, "etat de la localisation": "autre", "ID BDGEO": "580", "horodatage": "2022-11-03 09:24:19", "distance (en metres)": 3587.48, "station": "PORTE D'ORLEANS#", "marker-color": "#818181"}}, {"type": "Feature", "geometry": {"type": "Point", "coordinates": [2.326021, 48.775009]}, "properties": {"numparc": 6908, "etat de la localisation": "autre", "ID BDGEO": "602", "horodatage": "2022-11-03 09:24:34", "distance (en metres)": 4985.06, "station": "DEPOT THIAIS ( S )", "marker-color": "#818181"}}, {"type": "Feature", "geometry": {"type": "Point", "coordinates": [2.321855, 48.755722]}, "properties": {"numparc": 6918, "etat de la localisation": "autre", "ID BDGEO": "602", "horodatage": "2022-11-03 09:24:44", "distance (en metres)": 4786.31, "station": "DEPOT THIAIS ( S )", "marker-color": "#818181"}}, {"type": "Feature", "geometry": {"type": "Point", "coordinates": [2.323795, 48.773045]}, "properties": {"numparc": 6908, "etat de la localisation": "autre", "ID BDGEO": "602", "horodatage": "2022-11-03 09:25:45", "distance (en metres)": 5043.06, "station": "DEPOT THIAIS ( S )", "marker-color": "#818181"}}, {"type": "Feature", "geometry": {"type": "Point", "coordinates": [2.328901, 48.785675]}, "properties": {"numparc": 6919, "etat de la localisation": "autre", "ID BDGEO": "580", "horodatage": "2022-11-03 09:26:00", "distance (en metres)": 4072.11, "station": "PORTE D'ORLEANS#", "marker-color": "#818181"}}, {"type": "Feature", "geometry": {"type": "Point", "coordinates": [2.323689, 48.801476]}, "properties": {"numparc": 6917, "etat de la localisation": "autre", "ID BDGEO": "580", "horodatage": "2022-11-03 09:26:05", "distance (en metres)": 2304.12, "station": "PORTE D'ORLEANS#", "marker-color": "#818181"}}, {"type": "Feature", "geometry": {"type": "Point", "coordinates": [2.319385, 48.759777]}, "properties": {"numparc": 6926, "etat de la localisation": "autre", "ID BDGEO": "599", "horodatage": "2022-11-03 09:26:20", "distance (en metres)": 65.13, "station": "TUILERIE", "marker-color": "#818181"}}, {"type": "Feature", "geometry": {"type": "Point", "coordinates": [2.3236, 48.758224]}, "properties": {"numparc": 6918, "etat de la localisation": "autre", "ID BDGEO": "602", "horodatage": "2022-11-03 09:26:41", "distance (en metres)": 4669.09, "station": "DEPOT THIAIS ( S )", "marker-color": "#818181"}}, {"type": "Feature", "geometry": {"type": "Point", "coordinates": [2.327981, 48.783348]}, "properties": {"numparc": 6919, "etat de la localisation": "autre", "ID BDGEO": "580", "horodatage": "2022-11-03 09:26:43", "distance (en metres)": 4325.79, "station": "PORTE D'ORLEANS#", "marker-color": "#818181"}}, {"type": "Feature", "geometry": {"type": "Point", "coordinates": [2.322153, 48.770031]}, "properties": {"numparc": 6908, "etat de la localisation": "autre", "ID BDGEO": "602", "horodatage": "2022-11-03 09:26:58", "distance (en metres)": 5035.78, "station": "DEPOT THIAIS ( S )", "marker-color": "#818181"}}, {"type": "Feature", "geometry": {"type": "Point", "coordinates": [2.321916, 48.76976]}, "properties": {"numparc": 6908, "etat de la localisation": "autre", "ID BDGEO": "602", "horodatage": "2022-11-03 09:27:36", "distance (en metres)": 5042.57, "station": "DEPOT THIAIS ( S )", "marker-color": "#818181"}}, {"type": "Feature", "geometry": {"type": "Point", "coordinates": [2.324179, 48.799591]}, "properties": {"numparc": 6917, "etat de la localisation": "autre", "ID BDGEO": "580", "horodatage": "2022-11-03 09:27:48", "distance (en metres)": 2512.86, "station": "PORTE D'ORLEANS#", "marker-color": "#818181"}}, {"type": "Feature", "geometry": {"type": "Point", "coordinates": [2.327995, 48.778744]}, "properties": {"numparc": 6919, "etat de la localisation": "autre", "ID BDGEO": "580", "horodatage": "2022-11-03 09:28:04", "distance (en metres)": 4837.08, "station": "PORTE D'ORLEANS#", "marker-color": "#818181"}}, {"type": "Feature", "geometry": {"type": "Point", "coordinates": [2.319195, 48.767426]}, "properties": {"numparc": 6908, "etat de la localisation": "autre", "ID BDGEO": "602", "horodatage": "2022-11-03 09:28:27", "distance (en metres)": 5158.55, "station": "DEPOT THIAIS ( S )", "marker-color": "#818181"}}, {"type": "Feature", "geometry": {"type": "Point", "coordinates": [2.325482, 48.821209]}, "properties": {"numparc": 6928, "etat de la localisation": "autre", "ID BDGEO": "580", "horodatage": "2022-11-03 09:28:37", "distance (en metres)": 125.68, "station": "PORTE D'ORLEANS#", "marker-color": "#818181"}}, {"type": "Feature", "geometry": {"type": "Point", "coordinates": [2.327648, 48.798199]}, "properties": {"numparc": 6917, "etat de la localisation": "autre", "ID BDGEO": "580", "horodatage": "2022-11-03 09:28:49", "distance (en metres)": 2676.66, "station": "PORTE D'ORLEANS#", "marker-color": "#818181"}}, {"type": "Feature", "geometry": {"type": "Point", "coordinates": [2.324636, 48.821655]}, "properties": {"numparc": 6911, "etat de la localisation": "autre", "ID BDGEO": "580", "horodatage": "2022-11-03 09:28:58", "distance (en metres)": 59.22, "station": "PORTE D'ORLEANS#", "marker-color": "#818181"}}, {"type": "Feature", "geometry": {"type": "Point", "coordinates": [2.32606, 48.775059]}, "properties": {"numparc": 6919, "etat de la localisation": "autre", "ID BDGEO": "602", "horodatage": "2022-11-03 09:29:15", "distance (en metres)": 4984.91, "station": "DEPOT THIAIS ( S )", "marker-color": "#818181"}}, {"type": "Feature", "geometry": {"type": "Point", "coordinates": [2.318275, 48.7621]}, "properties": {"numparc": 6908, "etat de la localisation": "autre", "ID BDGEO": "602", "horodatage": "2022-11-03 09:29:50", "distance (en metres)": 5103.85, "station": "DEPOT THIAIS ( S )", "marker-color": "#818181"}}, {"type": "Feature", "geometry": {"type": "Point", "coordinates": [2.33176, 48.796425]}, "properties": {"numparc": 6917, "etat de la localisation": "autre", "ID BDGEO": "580", "horodatage": "2022-11-03 09:30:17", "distance (en metres)": 2911.99, "station": "PORTE D'ORLEANS#", "marker-color": "#818181"}}, {"type": "Feature", "geometry": {"type": "Point", "coordinates": [2.326469, 48.761269]}, "properties": {"numparc": 6918, "etat de la localisation": "autre", "ID BDGEO": "602", "horodatage": "2022-11-03 09:31:03", "distance (en metres)": 4496.18, "station": "DEPOT THIAIS ( S )", "marker-color": "#818181"}}, {"type": "Feature", "geometry": {"type": "Point", "coordinates": [2.319266, 48.759937]}, "properties": {"numparc": 6908, "etat de la localisation": "autre", "ID BDGEO": "602", "horodatage": "2022-11-03 09:31:04", "distance (en metres)": 5001.86, "station": "DEPOT THIAIS ( S )", "marker-color": "#818181"}}, {"type": "Feature", "geometry": {"type": "Point", "coordinates": [2.322147, 48.770039]}, "properties": {"numparc": 6919, "etat de la localisation": "autre", "ID BDGEO": "602", "horodatage": "2022-11-03 09:31:18", "distance (en metres)": 5036.48, "station": "DEPOT THIAIS ( S )", "marker-color": "#818181"}}, {"type": "Feature", "geometry": {"type": "Point", "coordinates": [2.334692, 48.794518]}, "properties": {"numparc": 6917, "etat de la localisation": "autre", "ID BDGEO": "580", "horodatage": "2022-11-03 09:31:31", "distance (en metres)": 3163.91, "station": "PORTE D'ORLEANS#", "marker-color": "#818181"}}, {"type": "Feature", "geometry": {"type": "Point", "coordinates": [2.319268, 48.767509]}, "properties": {"numparc": 6919, "etat de la localisation": "autre", "ID BDGEO": "602", "horodatage": "2022-11-03 09:32:18", "distance (en metres)": 5155.82, "station": "DEPOT THIAIS ( S )", "marker-color": "#818181"}}, {"type": "Feature", "geometry": {"type": "Point", "coordinates": [2.321665, 48.755783]}, "properties": {"numparc": 6908, "etat de la localisation": "autre", "ID BDGEO": "602", "horodatage": "2022-11-03 09:32:31", "distance (en metres)": 4800.3, "station": "DEPOT THIAIS ( S )", "marker-color": "#818181"}}, {"type": "Feature", "geometry": {"type": "Point", "coordinates": [2.325565, 48.821404]}, "properties": {"numparc": 6927, "etat de la localisation": "autre", "ID BDGEO": "580", "horodatage": "2022-11-03 09:32:53", "distance (en metres)": 111.16, "station": "PORTE D'ORLEANS#", "marker-color": "#818181"}}, {"type": "Feature", "geometry": {"type": "Point", "coordinates": [2.331041, 48.762997]}, "properties": {"numparc": 6918, "etat de la localisation": "autre", "ID BDGEO": "585", "horodatage": "2022-11-03 09:33:03", "distance (en metres)": 400.85, "station": "FRESNES CHARCOT ZOLA.", "marker-color": "#818181"}}, {"type": "Feature", "geometry": {"type": "Point", "coordinates": [2.331454, 48.790253]}, "properties": {"numparc": 6917, "etat de la localisation": "autre", "ID BDGEO": "580", "horodatage": "2022-11-03 09:33:26", "distance (en metres)": 3586.09, "station": "PORTE D'ORLEANS#", "marker-color": "#818181"}}, {"type": "Feature", "geometry": {"type": "Point", "coordinates": [2.318127, 48.764034]}, "properties": {"numparc": 6919, "etat de la localisation": "autre", "ID BDGEO": "602", "horodatage": "2022-11-03 09:33:59", "distance (en metres)": 5150.48, "station": "DEPOT THIAIS ( S )", "marker-color": "#818181"}}, {"type": "Feature", "geometry": {"type": "Point", "coordinates": [2.325369, 48.818516]}, "properties": {"numparc": 6911, "etat de la localisation": "autre", "ID BDGEO": "580", "horodatage": "2022-11-03 09:34:01", "distance (en metres)": 411.95, "station": "PORTE D'ORLEANS#", "marker-color": "#818181"}}, {"type": "Feature", "geometry": {"type": "Point", "coordinates": [2.324589, 48.821686]}, "properties": {"numparc": 6928, "etat de la localisation": "autre", "ID BDGEO": "580", "horodatage": "2022-11-03 09:34:37", "distance (en metres)": 55.89, "station": "PORTE D'ORLEANS#", "marker-color": "#818181"}}, {"type": "Feature", "geometry": {"type": "Point", "coordinates": [2.325702, 48.813538]}, "properties": {"numparc": 6911, "etat de la localisation": "autre", "ID BDGEO": "580", "horodatage": "2022-11-03 09:35:13", "distance (en metres)": 965.1, "station": "PORTE D'ORLEANS#", "marker-color": "#818181"}}, {"type": "Feature", "geometry": {"type": "Point", "coordinates": [2.319226, 48.759926]}, "properties": {"numparc": 6919, "etat de la localisation": "autre", "ID BDGEO": "602", "horodatage": "2022-11-03 09:35:19", "distance (en metres)": 5004.65, "station": "DEPOT THIAIS ( S )", "marker-color": "#818181"}}, {"type": "Feature", "geometry": {"type": "Point", "coordinates": [2.328926, 48.785721]}, "properties": {"numparc": 6917, "etat de la localisation": "autre", "ID BDGEO": "580", "horodatage": "2022-11-03 09:35:30", "distance (en metres)": 4067.18, "station": "PORTE D'ORLEANS#", "marker-color": "#818181"}}, {"type": "Feature", "geometry": {"type": "Point", "coordinates": [2.327983, 48.783356]}, "properties": {"numparc": 6917, "etat de la localisation": "autre", "ID BDGEO": "580", "horodatage": "2022-11-03 09:36:37", "distance (en metres)": 4324.95, "station": "PORTE D'ORLEANS#", "marker-color": "#818181"}}, {"type": "Feature", "geometry": {"type": "Point", "coordinates": [2.321881, 48.755707]}, "properties": {"numparc": 6919, "etat de la localisation": "autre", "ID BDGEO": "602", "horodatage": "2022-11-03 09:36:46", "distance (en metres)": 4784.39, "station": "DEPOT THIAIS ( S )", "marker-color": "#818181"}}, {"type": "Feature", "geometry": {"type": "Point", "coordinates": [2.326321, 48.808865]}, "properties": {"numparc": 6911, "etat de la localisation": "autre", "ID BDGEO": "580", "horodatage": "2022-11-03 09:36:57", "distance (en metres)": 1486.69, "station": "PORTE D'ORLEANS#", "marker-color": "#818181"}}, {"type": "Feature", "geometry": {"type": "Point", "coordinates": [2.323972, 48.758537]}, "properties": {"numparc": 6919, "etat de la localisation": "autre", "ID BDGEO": "602", "horodatage": "2022-11-03 09:38:15", "distance (en metres)": 4644.4, "station": "DEPOT THIAIS ( S )", "marker-color": "#818181"}}, {"type": "Feature", "geometry": {"type": "Point", "coordinates": [2.328016, 48.778774]}, "properties": {"numparc": 6917, "etat de la localisation": "autre", "ID BDGEO": "580", "horodatage": "2022-11-03 09:38:24", "distance (en metres)": 4833.77, "station": "PORTE D'ORLEANS#", "marker-color": "#818181"}}, {"type": "Feature", "geometry": {"type": "Point", "coordinates": [2.325041, 48.804741]}, "properties": {"numparc": 6911, "etat de la localisation": "autre", "ID BDGEO": "580", "horodatage": "2022-11-03 09:38:58", "distance (en metres)": 1940.26, "station": "PORTE D'ORLEANS#", "marker-color": "#818181"}}, {"type": "Feature", "geometry": {"type": "Point", "coordinates": [2.331073, 48.762962]}, "properties": {"numparc": 6908, "etat de la localisation": "autre", "ID BDGEO": "734", "horodatage": "2022-11-03 09:39:02", "distance (en metres)": 254.84, "station": "CHARCOT ZOLA", "marker-color": "#818181"}}, {"type": "Feature", "geometry": {"type": "Point", "coordinates": [2.3246, 48.821693]}, "properties": {"numparc": 6928, "etat de la localisation": "autre", "ID BDGEO": "580", "horodatage": "2022-11-03 09:39:21", "distance (en metres)": 55.0, "station": "PORTE D'ORLEANS#", "marker-color": "#818181"}}, {"type": "Feature", "geometry": {"type": "Point", "coordinates": [2.326048, 48.775055]}, "properties": {"numparc": 6917, "etat de la localisation": "autre", "ID BDGEO": "602", "horodatage": "2022-11-03 09:39:43", "distance (en metres)": 4985.52, "station": "DEPOT THIAIS ( S )", "marker-color": "#818181"}}, {"type": "Feature", "geometry": {"type": "Point", "coordinates": [2.325548, 48.821369]}, "properties": {"numparc": 6909, "etat de la localisation": "autre", "ID BDGEO": "580", "horodatage": "2022-11-03 09:39:57", "distance (en metres)": 113.43, "station": "PORTE D'ORLEANS#", "marker-color": "#818181"}}, {"type": "Feature", "geometry": {"type": "Point", "coordinates": [2.323672, 48.801464]}, "properties": {"numparc": 6911, "etat de la localisation": "autre", "ID BDGEO": "580", "horodatage": "2022-11-03 09:40:02", "distance (en metres)": 2305.43, "station": "PORTE D'ORLEANS#", "marker-color": "#818181"}}, {"type": "Feature", "geometry": {"type": "Point", "coordinates": [2.326498, 48.761292]}, "properties": {"numparc": 6919, "etat de la localisation": "autre", "ID BDGEO": "602", "horodatage": "2022-11-03 09:40:59", "distance (en metres)": 4494.44, "station": "DEPOT THIAIS ( S )", "marker-color": "#818181"}}, {"type": "Feature", "geometry": {"type": "Point", "coordinates": [2.331073, 48.762962]}, "properties": {"numparc": 6908, "etat de la localisation": "autre", "ID BDGEO": "734", "horodatage": "2022-11-03 09:41:14", "distance (en metres)": 254.84, "station": "CHARCOT ZOLA", "marker-color": "#818181"}}, {"type": "Feature", "geometry": {"type": "Point", "coordinates": [2.324163, 48.799568]}, "properties": {"numparc": 6911, "etat de la localisation": "autre", "ID BDGEO": "580", "horodatage": "2022-11-03 09:41:55", "distance (en metres)": 2515.42, "station": "PORTE D'ORLEANS#", "marker-color": "#818181"}}, {"type": "Feature", "geometry": {"type": "Point", "coordinates": [2.325379, 48.818516]}, "properties": {"numparc": 6928, "etat de la localisation": "autre", "ID BDGEO": "580", "horodatage": "2022-11-03 09:41:58", "distance (en metres)": 412.04, "station": "PORTE D'ORLEANS#", "marker-color": "#818181"}}, {"type": "Feature", "geometry": {"type": "Point", "coordinates": [2.319194, 48.767437]}, "properties": {"numparc": 6917, "etat de la localisation": "autre", "ID BDGEO": "602", "horodatage": "2022-11-03 09:42:45", "distance (en metres)": 5158.95, "station": "DEPOT THIAIS ( S )", "marker-color": "#818181"}}, {"type": "Feature", "geometry": {"type": "Point", "coordinates": [2.330937, 48.762848]}, "properties": {"numparc": 6919, "etat de la localisation": "autre", "ID BDGEO": "734", "horodatage": "2022-11-03 09:43:02", "distance (en metres)": 238.75, "station": "CHARCOT ZOLA", "marker-color": "#818181"}}, {"type": "Feature", "geometry": {"type": "Point", "coordinates": [2.323251, 48.758072]}, "properties": {"numparc": 6914, "etat de la localisation": "autre", "ID BDGEO": "575", "horodatage": "2022-11-03 09:43:57", "distance (en metres)": 424.55, "station": "CHARCOT-ZOLA#", "marker-color": "#818181"}}, {"type": "Feature", "geometry": {"type": "Point", "coordinates": [2.327602, 48.798172]}, "properties": {"numparc": 6911, "etat de la localisation": "autre", "ID BDGEO": "580", "horodatage": "2022-11-03 09:44:00", "distance (en metres)": 2679.34, "station": "PORTE D'ORLEANS#", "marker-color": "#818181"}}, {"type": "Feature", "geometry": {"type": "Point", "coordinates": [2.325651, 48.813698]}, "properties": {"numparc": 6928, "etat de la localisation": "autre", "ID BDGEO": "580", "horodatage": "2022-11-03 09:44:01", "distance (en metres)": 947.04, "station": "PORTE D'ORLEANS#", "marker-color": "#818181"}}, {"type": "Feature", "geometry": {"type": "Point", "coordinates": [2.318114, 48.76405]}, "properties": {"numparc": 6917, "etat de la localisation": "autre", "ID BDGEO": "602", "horodatage": "2022-11-03 09:44:37", "distance (en metres)": 5151.72, "station": "DEPOT THIAIS ( S )", "marker-color": "#818181"}}, {"type": "Feature", "geometry": {"type": "Point", "coordinates": [2.387462, 48.753944]}, "properties": {"numparc": 6918, "etat de la localisation": "autre", "ID BDGEO": "602", "horodatage": "2022-11-03 09:45:08", "distance (en metres)": 157.36, "station": "DEPOT THIAIS ( S )", "marker-color": "#818181"}}, {"type": "Feature", "geometry": {"type": "Point", "coordinates": [2.318268, 48.762074]}, "properties": {"numparc": 6917, "etat de la localisation": "autre", "ID BDGEO": "602", "horodatage": "2022-11-03 09:45:25", "distance (en metres)": 5103.92, "station": "DEPOT THIAIS ( S )", "marker-color": "#818181"}}, {"type": "Feature", "geometry": {"type": "Point", "coordinates": [2.322086, 48.755913]}, "properties": {"numparc": 6914, "etat de la localisation": "autre", "ID BDGEO": "575", "horodatage": "2022-11-03 09:45:36", "distance (en metres)": 674.9, "station": "CHARCOT-ZOLA#", "marker-color": "#818181"}}, {"type": "Feature", "geometry": {"type": "Point", "coordinates": [2.331725, 48.796402]}, "properties": {"numparc": 6911, "etat de la localisation": "autre", "ID BDGEO": "580", "horodatage": "2022-11-03 09:45:44", "distance (en metres)": 2914.04, "station": "PORTE D'ORLEANS#", "marker-color": "#818181"}}, {"type": "Feature", "geometry": {"type": "Point", "coordinates": [2.326357, 48.808865]}, "properties": {"numparc": 6928, "etat de la localisation": "autre", "ID BDGEO": "580", "horodatage": "2022-11-03 09:46:17", "distance (en metres)": 1486.91, "station": "PORTE D'ORLEANS#", "marker-color": "#818181"}}, {"type": "Feature", "geometry": {"type": "Point", "coordinates": [2.319211, 48.759933]}, "properties": {"numparc": 6917, "etat de la localisation": "autre", "ID BDGEO": "602", "horodatage": "2022-11-03 09:46:23", "distance (en metres)": 5005.83, "station": "DEPOT THIAIS ( S )", "marker-color": "#818181"}}, {"type": "Feature", "geometry": {"type": "Point", "coordinates": [2.324725, 48.82169]}, "properties": {"numparc": 6927, "etat de la localisation": "autre", "ID BDGEO": "580", "horodatage": "2022-11-03 09:46:55", "distance (en metres)": 55.9, "station": "PORTE D'ORLEANS#", "marker-color": "#818181"}}, {"type": "Feature", "geometry": {"type": "Point", "coordinates": [2.334642, 48.794537]}, "properties": {"numparc": 6911, "etat de la localisation": "autre", "ID BDGEO": "580", "horodatage": "2022-11-03 09:47:26", "distance (en metres)": 3161.0, "station": "PORTE D'ORLEANS#", "marker-color": "#818181"}}, {"type": "Feature", "geometry": {"type": "Point", "coordinates": [2.318438, 48.761719]}, "properties": {"numparc": 6914, "etat de la localisation": "autre", "ID BDGEO": "575", "horodatage": "2022-11-03 09:47:40", "distance (en metres)": 587.17, "station": "CHARCOT-ZOLA#", "marker-color": "#818181"}}, {"type": "Feature", "geometry": {"type": "Point", "coordinates": [2.321676, 48.755787]}, "properties": {"numparc": 6917, "etat de la localisation": "autre", "ID BDGEO": "602", "horodatage": "2022-11-03 09:48:03", "distance (en metres)": 4799.5, "station": "DEPOT THIAIS ( S )", "marker-color": "#818181"}}, {"type": "Feature", "geometry": {"type": "Point", "coordinates": [2.331073, 48.762962]}, "properties": {"numparc": 6908, "etat de la localisation": "autre", "ID BDGEO": "734", "horodatage": "2022-11-03 09:48:09", "distance (en metres)": 254.84, "station": "CHARCOT ZOLA", "marker-color": "#818181"}}, {"type": "Feature", "geometry": {"type": "Point", "coordinates": [2.325075, 48.80476]}, "properties": {"numparc": 6928, "etat de la localisation": "autre", "ID BDGEO": "580", "horodatage": "2022-11-03 09:48:14", "distance (en metres)": 1938.18, "station": "PORTE D'ORLEANS#", "marker-color": "#818181"}}, {"type": "Feature", "geometry": {"type": "Point", "coordinates": [2.331423, 48.79034]}, "properties": {"numparc": 6911, "etat de la localisation": "autre", "ID BDGEO": "580", "horodatage": "2022-11-03 09:49:27", "distance (en metres)": 3576.11, "station": "PORTE D'ORLEANS#", "marker-color": "#818181"}}, {"type": "Feature", "geometry": {"type": "Point", "coordinates": [2.325711, 48.81356]}, "properties": {"numparc": 6927, "etat de la localisation": "autre", "ID BDGEO": "580", "horodatage": "2022-11-03 09:50:09", "distance (en metres)": 962.62, "station": "PORTE D'ORLEANS#", "marker-color": "#818181"}}, {"type": "Feature", "geometry": {"type": "Point", "coordinates": [2.319469, 48.767517]}, "properties": {"numparc": 6914, "etat de la localisation": "autre", "ID BDGEO": "575", "horodatage": "2022-11-03 09:50:12", "distance (en metres)": 861.6, "station": "CHARCOT-ZOLA#", "marker-color": "#818181"}}, {"type": "Feature", "geometry": {"type": "Point", "coordinates": [2.323734, 48.801563]}, "properties": {"numparc": 6928, "etat de la localisation": "autre", "ID BDGEO": "580", "horodatage": "2022-11-03 09:50:26", "distance (en metres)": 2294.28, "station": "PORTE D'ORLEANS#", "marker-color": "#818181"}}, {"type": "Feature", "geometry": {"type": "Point", "coordinates": [2.324627, 48.821686]}, "properties": {"numparc": 6909, "etat de la localisation": "autre", "ID BDGEO": "580", "horodatage": "2022-11-03 09:50:47", "distance (en metres)": 55.83, "station": "PORTE D'ORLEANS#", "marker-color": "#818181"}}, {"type": "Feature", "geometry": {"type": "Point", "coordinates": [2.322113, 48.769871]}, "properties": {"numparc": 6914, "etat de la localisation": "autre", "ID BDGEO": "609", "horodatage": "2022-11-03 09:51:04", "distance (en metres)": 687.59, "station": "BARBUSSE-LARROUMES#", "marker-color": "#818181"}}, {"type": "Feature", "geometry": {"type": "Point", "coordinates": [2.3289, 48.785782]}, "properties": {"numparc": 6911, "etat de la localisation": "autre", "ID BDGEO": "580", "horodatage": "2022-11-03 09:51:15", "distance (en metres)": 4060.26, "station": "PORTE D'ORLEANS#", "marker-color": "#818181"}}, {"type": "Feature", "geometry": {"type": "Point", "coordinates": [2.330528, 48.763191]}, "properties": {"numparc": 6908, "etat de la localisation": "autre", "ID BDGEO": "734", "horodatage": "2022-11-03 09:51:21", "distance (en metres)": 259.01, "station": "CHARCOT ZOLA", "marker-color": "#818181"}}, {"type": "Feature", "geometry": {"type": "Point", "coordinates": [2.326352, 48.808811]}, "properties": {"numparc": 6927, "etat de la localisation": "autre", "ID BDGEO": "580", "horodatage": "2022-11-03 09:52:09", "distance (en metres)": 1492.79, "station": "PORTE D'ORLEANS#", "marker-color": "#818181"}}, {"type": "Feature", "geometry": {"type": "Point", "coordinates": [2.32646, 48.761234]}, "properties": {"numparc": 6917, "etat de la localisation": "autre", "ID BDGEO": "602", "horodatage": "2022-11-03 09:52:23", "distance (en metres)": 4496.28, "station": "DEPOT THIAIS ( S )", "marker-color": "#818181"}}, {"type": "Feature", "geometry": {"type": "Point", "coordinates": [2.324872, 48.774006]}, "properties": {"numparc": 6914, "etat de la localisation": "autre", "ID BDGEO": "609", "horodatage": "2022-11-03 09:52:57", "distance (en metres)": 188.69, "station": "BARBUSSE-LARROUMES#", "marker-color": "#818181"}}, {"type": "Feature", "geometry": {"type": "Point", "coordinates": [2.326518, 48.761639]}, "properties": {"numparc": 6908, "etat de la localisation": "autre", "ID BDGEO": "734", "horodatage": "2022-11-03 09:53:04", "distance (en metres)": 207.24, "station": "CHARCOT ZOLA", "marker-color": "#818181"}}, {"type": "Feature", "geometry": {"type": "Point", "coordinates": [2.327519, 48.798286]}, "properties": {"numparc": 6928, "etat de la localisation": "autre", "ID BDGEO": "580", "horodatage": "2022-11-03 09:53:21", "distance (en metres)": 2666.16, "station": "PORTE D'ORLEANS#", "marker-color": "#818181"}}, {"type": "Feature", "geometry": {"type": "Point", "coordinates": [2.32636, 48.775848]}, "properties": {"numparc": 6914, "etat de la localisation": "autre", "ID BDGEO": "609", "horodatage": "2022-11-03 09:53:52", "distance (en metres)": 53.25, "station": "BARBUSSE-LARROUMES#", "marker-color": "#818181"}}, {"type": "Feature", "geometry": {"type": "Point", "coordinates": [2.325025, 48.804722]}, "properties": {"numparc": 6927, "etat de la localisation": "autre", "ID BDGEO": "580", "horodatage": "2022-11-03 09:54:01", "distance (en metres)": 1942.36, "station": "PORTE D'ORLEANS#", "marker-color": "#818181"}}, {"type": "Feature", "geometry": {"type": "Point", "coordinates": [2.330819, 48.762684]}, "properties": {"numparc": 6917, "etat de la localisation": "autre", "ID BDGEO": "585", "horodatage": "2022-11-03 09:54:04", "distance (en metres)": 369.62, "station": "FRESNES CHARCOT ZOLA.", "marker-color": "#818181"}}, {"type": "Feature", "geometry": {"type": "Point", "coordinates": [2.330889, 48.762787]}, "properties": {"numparc": 6917, "etat de la localisation": "autre", "ID BDGEO": "585", "horodatage": "2022-11-03 09:54:29", "distance (en metres)": 379.56, "station": "FRESNES CHARCOT ZOLA.", "marker-color": "#818181"}}, {"type": "Feature", "geometry": {"type": "Point", "coordinates": [2.326041, 48.775085]}, "properties": {"numparc": 6911, "etat de la localisation": "autre", "ID BDGEO": "602", "horodatage": "2022-11-03 09:54:50", "distance (en metres)": 4987.47, "station": "DEPOT THIAIS ( S )", "marker-color": "#818181"}}, {"type": "Feature", "geometry": {"type": "Point", "coordinates": [2.328024, 48.779888]}, "properties": {"numparc": 6914, "etat de la localisation": "autre", "ID BDGEO": "609", "horodatage": "2022-11-03 09:55:51", "distance (en metres)": 516.21, "station": "BARBUSSE-LARROUMES#", "marker-color": "#818181"}}, {"type": "Feature", "geometry": {"type": "Point", "coordinates": [2.323673, 48.801434]}, "properties": {"numparc": 6927, "etat de la localisation": "autre", "ID BDGEO": "580", "horodatage": "2022-11-03 09:56:09", "distance (en metres)": 2308.83, "station": "PORTE D'ORLEANS#", "marker-color": "#818181"}}, {"type": "Feature", "geometry": {"type": "Point", "coordinates": [2.334622, 48.794582]}, "properties": {"numparc": 6928, "etat de la localisation": "autre", "ID BDGEO": "580", "horodatage": "2022-11-03 09:56:18", "distance (en metres)": 3155.71, "station": "PORTE D'ORLEANS#", "marker-color": "#818181"}}, {"type": "Feature", "geometry": {"type": "Point", "coordinates": [2.319176, 48.767464]}, "properties": {"numparc": 6911, "etat de la localisation": "autre", "ID BDGEO": "602", "horodatage": "2022-11-03 09:56:49", "distance (en metres)": 5161.01, "station": "DEPOT THIAIS ( S )", "marker-color": "#818181"}}, {"type": "Feature", "geometry": {"type": "Point", "coordinates": [2.325597, 48.821053]}, "properties": {"numparc": 6926, "etat de la localisation": "autre", "ID BDGEO": "692", "horodatage": "2022-11-03 09:57:21", "distance (en metres)": 91.27, "station": "PORTE D'ORLEANS#", "marker-color": "#818181"}}, {"type": "Feature", "geometry": {"type": "Point", "coordinates": [2.32418, 48.799549]}, "properties": {"numparc": 6927, "etat de la localisation": "autre", "ID BDGEO": "580", "horodatage": "2022-11-03 09:57:50", "distance (en metres)": 2517.53, "station": "PORTE D'ORLEANS#", "marker-color": "#818181"}}, {"type": "Feature", "geometry": {"type": "Point", "coordinates": [2.3195, 48.759689]}, "properties": {"numparc": 6908, "etat de la localisation": "autre", "ID BDGEO": "599", "horodatage": "2022-11-03 09:57:55", "distance (en metres)": 53.56, "station": "TUILERIE", "marker-color": "#818181"}}, {"type": "Feature", "geometry": {"type": "Point", "coordinates": [2.325381, 48.818504]}, "properties": {"numparc": 6909, "etat de la localisation": "autre", "ID BDGEO": "580", "horodatage": "2022-11-03 09:57:57", "distance (en metres)": 413.32, "station": "PORTE D'ORLEANS#", "marker-color": "#818181"}}, {"type": "Feature", "geometry": {"type": "Point", "coordinates": [2.329367, 48.78627]}, "properties": {"numparc": 6914, "etat de la localisation": "autre", "ID BDGEO": "609", "horodatage": "2022-11-03 09:58:01", "distance (en metres)": 1231.31, "station": "BARBUSSE-LARROUMES#", "marker-color": "#818181"}}, {"type": "Feature", "geometry": {"type": "Point", "coordinates": [2.33145, 48.790329]}, "properties": {"numparc": 6928, "etat de la localisation": "autre", "ID BDGEO": "580", "horodatage": "2022-11-03 09:58:26", "distance (en metres)": 3577.65, "station": "PORTE D'ORLEANS#", "marker-color": "#818181"}}, {"type": "Feature", "geometry": {"type": "Point", "coordinates": [2.318267, 48.762108]}, "properties": {"numparc": 6911, "etat de la localisation": "autre", "ID BDGEO": "602", "horodatage": "2022-11-03 09:59:06", "distance (en metres)": 5104.55, "station": "DEPOT THIAIS ( S )", "marker-color": "#818181"}}, {"type": "Feature", "geometry": {"type": "Point", "coordinates": [2.325721, 48.81356]}, "properties": {"numparc": 6909, "etat de la localisation": "autre", "ID BDGEO": "580", "horodatage": "2022-11-03 09:59:06", "distance (en metres)": 962.68, "station": "PORTE D'ORLEANS#", "marker-color": "#818181"}}, {"type": "Feature", "geometry": {"type": "Point", "coordinates": [2.327666, 48.798195]}, "properties": {"numparc": 6927, "etat de la localisation": "autre", "ID BDGEO": "580", "horodatage": "2022-11-03 09:59:08", "distance (en metres)": 2677.18, "station": "PORTE D'ORLEANS#", "marker-color": "#818181"}}, {"type": "Feature", "geometry": {"type": "Point", "coordinates": [2.330531, 48.763226]}, "properties": {"numparc": 6919, "etat de la localisation": "autre", "ID BDGEO": "734", "horodatage": "2022-11-03 10:00:19", "distance (en metres)": 262.63, "station": "CHARCOT ZOLA", "marker-color": "#818181"}}, {"type": "Feature", "geometry": {"type": "Point", "coordinates": [2.328919, 48.785782]}, "properties": {"numparc": 6928, "etat de la localisation": "autre", "ID BDGEO": "580", "horodatage": "2022-11-03 10:00:43", "distance (en metres)": 4060.37, "station": "PORTE D'ORLEANS#", "marker-color": "#818181"}}, {"type": "Feature", "geometry": {"type": "Point", "coordinates": [2.331466, 48.790169]}, "properties": {"numparc": 6914, "etat de la localisation": "autre", "ID BDGEO": "609", "horodatage": "2022-11-03 10:00:53", "distance (en metres)": 1686.81, "station": "BARBUSSE-LARROUMES#", "marker-color": "#818181"}}, {"type": "Feature", "geometry": {"type": "Point", "coordinates": [2.331466, 48.790169]}, "properties": {"numparc": 6914, "etat de la localisation": "autre", "ID BDGEO": "609", "horodatage": "2022-11-03 10:00:57", "distance (en metres)": 1686.81, "station": "BARBUSSE-LARROUMES#", "marker-color": "#818181"}}, {"type": "Feature", "geometry": {"type": "Point", "coordinates": [2.326382, 48.80888]}, "properties": {"numparc": 6909, "etat de la localisation": "autre", "ID BDGEO": "580", "horodatage": "2022-11-03 10:01:05", "distance (en metres)": 1485.37, "station": "PORTE D'ORLEANS#", "marker-color": "#818181"}}, {"type": "Feature", "geometry": {"type": "Point", "coordinates": [2.334637, 48.79454]}, "properties": {"numparc": 6927, "etat de la localisation": "autre", "ID BDGEO": "580", "horodatage": "2022-11-03 10:01:26", "distance (en metres)": 3160.5, "station": "PORTE D'ORLEANS#", "marker-color": "#818181"}}, {"type": "Feature", "geometry": {"type": "Point", "coordinates": [2.326584, 48.761589]}, "properties": {"numparc": 6919, "etat de la localisation": "autre", "ID BDGEO": "734", "horodatage": "2022-11-03 10:02:02", "distance (en metres)": 200.91, "station": "CHARCOT ZOLA", "marker-color": "#818181"}}, {"type": "Feature", "geometry": {"type": "Point", "coordinates": [2.331421, 48.790226]}, "properties": {"numparc": 6927, "etat de la localisation": "autre", "ID BDGEO": "580", "horodatage": "2022-11-03 10:02:51", "distance (en metres)": 3588.7, "station": "PORTE D'ORLEANS#", "marker-color": "#818181"}}, {"type": "Feature", "geometry": {"type": "Point", "coordinates": [2.325061, 48.804718]}, "properties": {"numparc": 6909, "etat de la localisation": "autre", "ID BDGEO": "580", "horodatage": "2022-11-03 10:03:00", "distance (en metres)": 1942.82, "station": "PORTE D'ORLEANS#", "marker-color": "#818181"}}, {"type": "Feature", "geometry": {"type": "Point", "coordinates": [2.33415, 48.794014]}, "properties": {"numparc": 6914, "etat de la localisation": "autre", "ID BDGEO": "609", "horodatage": "2022-11-03 10:03:03", "distance (en metres)": 2149.38, "station": "BARBUSSE-LARROUMES#", "marker-color": "#818181"}}, {"type": "Feature", "geometry": {"type": "Point", "coordinates": [2.327968, 48.778702]}, "properties": {"numparc": 6928, "etat de la localisation": "autre", "ID BDGEO": "580", "horodatage": "2022-11-03 10:03:06", "distance (en metres)": 4841.64, "station": "PORTE D'ORLEANS#", "marker-color": "#818181"}}, {"type": "Feature", "geometry": {"type": "Point", "coordinates": [2.32506, 48.804703]}, "properties": {"numparc": 6909, "etat de la localisation": "autre", "ID BDGEO": "580", "horodatage": "2022-11-03 10:03:18", "distance (en metres)": 1944.52, "station": "PORTE D'ORLEANS#", "marker-color": "#818181"}}, {"type": "Feature", "geometry": {"type": "Point", "coordinates": [2.328894, 48.785664]}, "properties": {"numparc": 6927, "etat de la localisation": "autre", "ID BDGEO": "580", "horodatage": "2022-11-03 10:04:40", "distance (en metres)": 4073.34, "station": "PORTE D'ORLEANS#", "marker-color": "#818181"}}, {"type": "Feature", "geometry": {"type": "Point", "coordinates": [2.323704, 48.801464]}, "properties": {"numparc": 6909, "etat de la localisation": "autre", "ID BDGEO": "580", "horodatage": "2022-11-03 10:04:50", "distance (en metres)": 2305.36, "station": "PORTE D'ORLEANS#", "marker-color": "#818181"}}, {"type": "Feature", "geometry": {"type": "Point", "coordinates": [2.326035, 48.775024]}, "properties": {"numparc": 6928, "etat de la localisation": "autre", "ID BDGEO": "602", "horodatage": "2022-11-03 10:05:18", "distance (en metres)": 4984.88, "station": "DEPOT THIAIS ( S )", "marker-color": "#818181"}}, {"type": "Feature", "geometry": {"type": "Point", "coordinates": [2.330683, 48.797054]}, "properties": {"numparc": 6914, "etat de la localisation": "autre", "ID BDGEO": "609", "horodatage": "2022-11-03 10:05:19", "distance (en metres)": 2431.46, "station": "BARBUSSE-LARROUMES#", "marker-color": "#818181"}}, {"type": "Feature", "geometry": {"type": "Point", "coordinates": [2.324136, 48.799641]}, "properties": {"numparc": 6909, "etat de la localisation": "autre", "ID BDGEO": "580", "horodatage": "2022-11-03 10:05:46", "distance (en metres)": 2507.39, "station": "PORTE D'ORLEANS#", "marker-color": "#818181"}}, {"type": "Feature", "geometry": {"type": "Point", "coordinates": [2.319384, 48.759766]}, "properties": {"numparc": 6919, "etat de la localisation": "autre", "ID BDGEO": "599", "horodatage": "2022-11-03 10:06:06", "distance (en metres)": 63.94, "station": "TUILERIE", "marker-color": "#818181"}}, {"type": "Feature", "geometry": {"type": "Point", "coordinates": [2.32879, 48.797813]}, "properties": {"numparc": 6914, "etat de la localisation": "autre", "ID BDGEO": "609", "horodatage": "2022-11-03 10:06:07", "distance (en metres)": 2501.68, "station": "BARBUSSE-LARROUMES#", "marker-color": "#818181"}}, {"type": "Feature", "geometry": {"type": "Point", "coordinates": [2.327971, 48.778709]}, "properties": {"numparc": 6927, "etat de la localisation": "autre", "ID BDGEO": "580", "horodatage": "2022-11-03 10:06:36", "distance (en metres)": 4840.8, "station": "PORTE D'ORLEANS#", "marker-color": "#818181"}}, {"type": "Feature", "geometry": {"type": "Point", "coordinates": [2.327587, 48.798233]}, "properties": {"numparc": 6909, "etat de la localisation": "autre", "ID BDGEO": "580", "horodatage": "2022-11-03 10:07:15", "distance (en metres)": 2672.48, "station": "PORTE D'ORLEANS#", "marker-color": "#818181"}}, {"type": "Feature", "geometry": {"type": "Point", "coordinates": [2.319192, 48.767429]}, "properties": {"numparc": 6928, "etat de la localisation": "autre", "ID BDGEO": "602", "horodatage": "2022-11-03 10:07:41", "distance (en metres)": 5158.88, "station": "DEPOT THIAIS ( S )", "marker-color": "#818181"}}, {"type": "Feature", "geometry": {"type": "Point", "coordinates": [2.326025, 48.775024]}, "properties": {"numparc": 6927, "etat de la localisation": "autre", "ID BDGEO": "602", "horodatage": "2022-11-03 10:07:50", "distance (en metres)": 4985.54, "station": "DEPOT THIAIS ( S )", "marker-color": "#818181"}}, {"type": "Feature", "geometry": {"type": "Point", "coordinates": [2.323836, 48.79977]}, "properties": {"numparc": 6914, "etat de la localisation": "autre", "ID BDGEO": "609", "horodatage": "2022-11-03 10:08:12", "distance (en metres)": 2719.67, "station": "BARBUSSE-LARROUMES#", "marker-color": "#818181"}}, {"type": "Feature", "geometry": {"type": "Point", "coordinates": [2.323477, 48.772369]}, "properties": {"numparc": 6927, "etat de la localisation": "autre", "ID BDGEO": "602", "horodatage": "2022-11-03 10:08:59", "distance (en metres)": 5035.85, "station": "DEPOT THIAIS ( S )", "marker-color": "#818181"}}, {"type": "Feature", "geometry": {"type": "Point", "coordinates": [2.324193, 48.801716]}, "properties": {"numparc": 6914, "etat de la localisation": "autre", "ID BDGEO": "609", "horodatage": "2022-11-03 10:09:22", "distance (en metres)": 2933.96, "station": "BARBUSSE-LARROUMES#", "marker-color": "#818181"}}, {"type": "Feature", "geometry": {"type": "Point", "coordinates": [2.318132, 48.764023]}, "properties": {"numparc": 6928, "etat de la localisation": "autre", "ID BDGEO": "602", "horodatage": "2022-11-03 10:09:24", "distance (en metres)": 5149.88, "station": "DEPOT THIAIS ( S )", "marker-color": "#818181"}}, {"type": "Feature", "geometry": {"type": "Point", "coordinates": [2.387457, 48.753948]}, "properties": {"numparc": 6911, "etat de la localisation": "Deviation programmee", "ID BDGEO": "614", "horodatage": "2022-11-03 10:09:26", "distance (en metres)": 4370.68, "station": "CHARCOT ZOLA#", "marker-color": "#56FF93"}}, {"type": "Feature", "geometry": {"type": "Point", "coordinates": [2.334646, 48.794537]}, "properties": {"numparc": 6909, "etat de la localisation": "autre", "ID BDGEO": "580", "horodatage": "2022-11-03 10:09:54", "distance (en metres)": 3161.07, "station": "PORTE D'ORLEANS#", "marker-color": "#818181"}}, {"type": "Feature", "geometry": {"type": "Point", "coordinates": [2.322195, 48.770103]}, "properties": {"numparc": 6927, "etat de la localisation": "autre", "ID BDGEO": "602", "horodatage": "2022-11-03 10:10:15", "distance (en metres)": 5035.48, "station": "DEPOT THIAIS ( S )", "marker-color": "#818181"}}, {"type": "Feature", "geometry": {"type": "Point", "coordinates": [2.325457, 48.805099]}, "properties": {"numparc": 6914, "etat de la localisation": "autre", "ID BDGEO": "609", "horodatage": "2022-11-03 10:10:37", "distance (en metres)": 3306.46, "station": "BARBUSSE-LARROUMES#", "marker-color": "#818181"}}, {"type": "Feature", "geometry": {"type": "Point", "coordinates": [2.319201, 48.767429]}, "properties": {"numparc": 6927, "etat de la localisation": "autre", "ID BDGEO": "602", "horodatage": "2022-11-03 10:11:06", "distance (en metres)": 5158.24, "station": "DEPOT THIAIS ( S )", "marker-color": "#818181"}}, {"type": "Feature", "geometry": {"type": "Point", "coordinates": [2.318284, 48.762051]}, "properties": {"numparc": 6928, "etat de la localisation": "autre", "ID BDGEO": "602", "horodatage": "2022-11-03 10:11:26", "distance (en metres)": 5102.39, "station": "DEPOT THIAIS ( S )", "marker-color": "#818181"}}, {"type": "Feature", "geometry": {"type": "Point", "coordinates": [2.331434, 48.790298]}, "properties": {"numparc": 6909, "etat de la localisation": "autre", "ID BDGEO": "580", "horodatage": "2022-11-03 10:11:59", "distance (en metres)": 3580.85, "station": "PORTE D'ORLEANS#", "marker-color": "#818181"}}, {"type": "Feature", "geometry": {"type": "Point", "coordinates": [2.31816, 48.763988]}, "properties": {"numparc": 6927, "etat de la localisation": "autre", "ID BDGEO": "602", "horodatage": "2022-11-03 10:12:46", "distance (en metres)": 5147.14, "station": "DEPOT THIAIS ( S )", "marker-color": "#818181"}}, {"type": "Feature", "geometry": {"type": "Point", "coordinates": [2.326735, 48.810951]}, "properties": {"numparc": 6914, "etat de la localisation": "autre", "ID BDGEO": "609", "horodatage": "2022-11-03 10:13:18", "distance (en metres)": 3956.5, "station": "BARBUSSE-LARROUMES#", "marker-color": "#818181"}}, {"type": "Feature", "geometry": {"type": "Point", "coordinates": [2.318329, 48.76207]}, "properties": {"numparc": 6927, "etat de la localisation": "autre", "ID BDGEO": "602", "horodatage": "2022-11-03 10:13:32", "distance (en metres)": 5099.43, "station": "DEPOT THIAIS ( S )", "marker-color": "#818181"}}, {"type": "Feature", "geometry": {"type": "Point", "coordinates": [2.334896, 48.794617]}, "properties": {"numparc": 6908, "etat de la localisation": "autre", "ID BDGEO": "595", "horodatage": "2022-11-03 10:13:35", "distance (en metres)": 90.3, "station": "MAIRIE DE CACHAN", "marker-color": "#818181"}}, {"type": "Feature", "geometry": {"type": "Point", "coordinates": [2.328931, 48.785748]}, "properties": {"numparc": 6909, "etat de la localisation": "autre", "ID BDGEO": "580", "horodatage": "2022-11-03 10:14:00", "distance (en metres)": 4064.25, "station": "PORTE D'ORLEANS#", "marker-color": "#818181"}}, {"type": "Feature", "geometry": {"type": "Point", "coordinates": [2.326062, 48.813606]}, "properties": {"numparc": 6914, "etat de la localisation": "autre", "ID BDGEO": "609", "horodatage": "2022-11-03 10:14:09", "distance (en metres)": 4251.72, "station": "BARBUSSE-LARROUMES#", "marker-color": "#818181"}}, {"type": "Feature", "geometry": {"type": "Point", "coordinates": [2.326481, 48.761269]}, "properties": {"numparc": 6928, "etat de la localisation": "autre", "ID BDGEO": "602", "horodatage": "2022-11-03 10:14:48", "distance (en metres)": 4495.3, "station": "DEPOT THIAIS ( S )", "marker-color": "#818181"}}, {"type": "Feature", "geometry": {"type": "Point", "coordinates": [2.325753, 48.818119]}, "properties": {"numparc": 6914, "etat de la localisation": "autre", "ID BDGEO": "609", "horodatage": "2022-11-03 10:16:22", "distance (en metres)": 4753.69, "station": "BARBUSSE-LARROUMES#", "marker-color": "#818181"}}, {"type": "Feature", "geometry": {"type": "Point", "coordinates": [2.326081, 48.775055]}, "properties": {"numparc": 6909, "etat de la localisation": "autre", "ID BDGEO": "602", "horodatage": "2022-11-03 10:17:01", "distance (en metres)": 4983.34, "station": "DEPOT THIAIS ( S )", "marker-color": "#818181"}}, {"type": "Feature", "geometry": {"type": "Point", "coordinates": [2.331058, 48.762997]}, "properties": {"numparc": 6928, "etat de la localisation": "autre", "ID BDGEO": "734", "horodatage": "2022-11-03 10:17:15", "distance (en metres)": 257.47, "station": "CHARCOT ZOLA", "marker-color": "#818181"}}, {"type": "Feature", "geometry": {"type": "Point", "coordinates": [2.325577, 48.821167]}, "properties": {"numparc": 6914, "etat de la localisation": "autre", "ID BDGEO": "580", "horodatage": "2022-11-03 10:17:48", "distance (en metres)": 133.26, "station": "PORTE D'ORLEANS#", "marker-color": "#818181"}}, {"type": "Feature", "geometry": {"type": "Point", "coordinates": [2.319208, 48.767452]}, "properties": {"numparc": 6909, "etat de la localisation": "autre", "ID BDGEO": "602", "horodatage": "2022-11-03 10:19:40", "distance (en metres)": 5158.41, "station": "DEPOT THIAIS ( S )", "marker-color": "#818181"}}, {"type": "Feature", "geometry": {"type": "Point", "coordinates": [2.324626, 48.821659]}, "properties": {"numparc": 6914, "etat de la localisation": "autre", "ID BDGEO": "580", "horodatage": "2022-11-03 10:20:47", "distance (en metres)": 58.8, "station": "PORTE D'ORLEANS#", "marker-color": "#818181"}}, {"type": "Feature", "geometry": {"type": "Point", "coordinates": [2.387529, 48.754063]}, "properties": {"numparc": 6917, "etat de la localisation": "autre", "ID BDGEO": "585", "horodatage": "2022-11-03 10:21:10", "distance (en metres)": 4553.18, "station": "FRESNES CHARCOT ZOLA.", "marker-color": "#818181"}}, {"type": "Feature", "geometry": {"type": "Point", "coordinates": [2.386745, 48.755302]}, "properties": {"numparc": 6911, "etat de la localisation": "autre", "ID BDGEO": "614", "horodatage": "2022-11-03 10:21:37", "distance (en metres)": 4294.18, "station": "CHARCOT ZOLA#", "marker-color": "#818181"}}, {"type": "Feature", "geometry": {"type": "Point", "coordinates": [2.387591, 48.754082]}, "properties": {"numparc": 6917, "etat de la localisation": "autre", "ID BDGEO": "585", "horodatage": "2022-11-03 10:22:28", "distance (en metres)": 4557.28, "station": "FRESNES CHARCOT ZOLA.", "marker-color": "#818181"}}, {"type": "Feature", "geometry": {"type": "Point", "coordinates": [2.319471, 48.760323]}, "properties": {"numparc": 6909, "etat de la localisation": "Deviation programmee", "ID BDGEO": "602", "horodatage": "2022-11-03 10:23:15", "distance (en metres)": 4991.48, "station": "DEPOT THIAIS ( S )", "marker-color": "#56FF93"}}, {"type": "Feature", "geometry": {"type": "Point", "coordinates": [2.330502, 48.763237]}, "properties": {"numparc": 6928, "etat de la localisation": "autre", "ID BDGEO": "734", "horodatage": "2022-11-03 10:23:50", "distance (en metres)": 263.03, "station": "CHARCOT ZOLA", "marker-color": "#818181"}}, {"type": "Feature", "geometry": {"type": "Point", "coordinates": [2.324399, 48.758881]}, "properties": {"numparc": 6909, "etat de la localisation": "Deviation programmee", "ID BDGEO": "602", "horodatage": "2022-11-03 10:24:55", "distance (en metres)": 4616.27, "station": "DEPOT THIAIS ( S )", "marker-color": "#56FF93"}}, {"type": "Feature", "geometry": {"type": "Point", "coordinates": [2.387408, 48.753967]}, "properties": {"numparc": 6926, "etat de la localisation": "autre", "ID BDGEO": "614", "horodatage": "2022-11-03 10:25:05", "distance (en metres)": 4366.77, "station": "CHARCOT ZOLA#", "marker-color": "#818181"}}, {"type": "Feature", "geometry": {"type": "Point", "coordinates": [2.331078, 48.763004]}, "properties": {"numparc": 6927, "etat de la localisation": "autre", "ID BDGEO": "734", "horodatage": "2022-11-03 10:26:17", "distance (en metres)": 258.97, "station": "CHARCOT ZOLA", "marker-color": "#818181"}}, {"type": "Feature", "geometry": {"type": "Point", "coordinates": [2.326566, 48.761608]}, "properties": {"numparc": 6928, "etat de la localisation": "autre", "ID BDGEO": "734", "horodatage": "2022-11-03 10:26:29", "distance (en metres)": 202.83, "station": "CHARCOT ZOLA", "marker-color": "#818181"}}, {"type": "Feature", "geometry": {"type": "Point", "coordinates": [2.33086, 48.762756]}, "properties": {"numparc": 6909, "etat de la localisation": "autre", "ID BDGEO": "585", "horodatage": "2022-11-03 10:28:10", "distance (en metres)": 376.06, "station": "FRESNES CHARCOT ZOLA.", "marker-color": "#818181"}}, {"type": "Feature", "geometry": {"type": "Point", "coordinates": [2.325387, 48.818516]}, "properties": {"numparc": 6914, "etat de la localisation": "autre", "ID BDGEO": "580", "horodatage": "2022-11-03 10:28:36", "distance (en metres)": 412.13, "station": "PORTE D'ORLEANS#", "marker-color": "#818181"}}, {"type": "Feature", "geometry": {"type": "Point", "coordinates": [2.331003, 48.763016]}, "properties": {"numparc": 6909, "etat de la localisation": "autre", "ID BDGEO": "585", "horodatage": "2022-11-03 10:28:39", "distance (en metres)": 399.56, "station": "FRESNES CHARCOT ZOLA.", "marker-color": "#818181"}}, {"type": "Feature", "geometry": {"type": "Point", "coordinates": [2.387744, 48.754078]}, "properties": {"numparc": 6926, "etat de la localisation": "autre", "ID BDGEO": "614", "horodatage": "2022-11-03 10:28:46", "distance (en metres)": 4388.78, "station": "CHARCOT ZOLA#", "marker-color": "#818181"}}, {"type": "Feature", "geometry": {"type": "Point", "coordinates": [2.325696, 48.813568]}, "properties": {"numparc": 6914, "etat de la localisation": "autre", "ID BDGEO": "580", "horodatage": "2022-11-03 10:30:32", "distance (en metres)": 961.68, "station": "PORTE D'ORLEANS#", "marker-color": "#818181"}}, {"type": "Feature", "geometry": {"type": "Point", "coordinates": [2.31936, 48.759796]}, "properties": {"numparc": 6928, "etat de la localisation": "autre", "ID BDGEO": "599", "horodatage": "2022-11-03 10:31:03", "distance (en metres)": 67.71, "station": "TUILERIE", "marker-color": "#818181"}}, {"type": "Feature", "geometry": {"type": "Point", "coordinates": [2.32558, 48.821384]}, "properties": {"numparc": 6908, "etat de la localisation": "autre", "ID BDGEO": "580", "horodatage": "2022-11-03 10:31:56", "distance (en metres)": 113.5, "station": "PORTE D'ORLEANS#", "marker-color": "#818181"}}, {"type": "Feature", "geometry": {"type": "Point", "coordinates": [2.326329, 48.808884]}, "properties": {"numparc": 6914, "etat de la localisation": "autre", "ID BDGEO": "580", "horodatage": "2022-11-03 10:32:54", "distance (en metres)": 1484.62, "station": "PORTE D'ORLEANS#", "marker-color": "#818181"}}, {"type": "Feature", "geometry": {"type": "Point", "coordinates": [2.387762, 48.754658]}, "properties": {"numparc": 6926, "etat de la localisation": "autre", "ID BDGEO": "614", "horodatage": "2022-11-03 10:33:37", "distance (en metres)": 4379.08, "station": "CHARCOT ZOLA#", "marker-color": "#818181"}}, {"type": "Feature", "geometry": {"type": "Point", "coordinates": [2.324796, 48.804928]}, "properties": {"numparc": 6914, "etat de la localisation": "autre", "ID BDGEO": "580", "horodatage": "2022-11-03 10:34:37", "distance (en metres)": 1919.27, "station": "PORTE D'ORLEANS#", "marker-color": "#818181"}}, {"type": "Feature", "geometry": {"type": "Point", "coordinates": [2.32558, 48.821384]}, "properties": {"numparc": 6908, "etat de la localisation": "autre", "ID BDGEO": "580", "horodatage": "2022-11-03 10:36:02", "distance (en metres)": 113.5, "station": "PORTE D'ORLEANS#", "marker-color": "#818181"}}, {"type": "Feature", "geometry": {"type": "Point", "coordinates": [2.325597, 48.821705]}, "properties": {"numparc": 6919, "etat de la localisation": "autre", "ID BDGEO": "580", "horodatage": "2022-11-03 10:36:18", "distance (en metres)": 89.24, "station": "PORTE D'ORLEANS#", "marker-color": "#818181"}}, {"type": "Feature", "geometry": {"type": "Point", "coordinates": [2.325597, 48.821705]}, "properties": {"numparc": 6919, "etat de la localisation": "autre", "ID BDGEO": "580", "horodatage": "2022-11-03 10:36:24", "distance (en metres)": 89.24, "station": "PORTE D'ORLEANS#", "marker-color": "#818181"}}, {"type": "Feature", "geometry": {"type": "Point", "coordinates": [2.330496, 48.763229]}, "properties": {"numparc": 6927, "etat de la localisation": "autre", "ID BDGEO": "734", "horodatage": "2022-11-03 10:36:45", "distance (en metres)": 262.08, "station": "CHARCOT ZOLA", "marker-color": "#818181"}}, {"type": "Feature", "geometry": {"type": "Point", "coordinates": [2.324106, 48.799671]}, "properties": {"numparc": 6914, "etat de la localisation": "autre", "ID BDGEO": "580", "horodatage": "2022-11-03 10:38:22", "distance (en metres)": 2504.03, "station": "PORTE D'ORLEANS#", "marker-color": "#818181"}}, {"type": "Feature", "geometry": {"type": "Point", "coordinates": [2.326562, 48.761612]}, "properties": {"numparc": 6927, "etat de la localisation": "autre", "ID BDGEO": "734", "horodatage": "2022-11-03 10:38:32", "distance (en metres)": 203.25, "station": "CHARCOT ZOLA", "marker-color": "#818181"}}, {"type": "Feature", "geometry": {"type": "Point", "coordinates": [2.324713, 48.821625]}, "properties": {"numparc": 6908, "etat de la localisation": "autre", "ID BDGEO": "580", "horodatage": "2022-11-03 10:38:42", "distance (en metres)": 62.96, "station": "PORTE D'ORLEANS#", "marker-color": "#818181"}}, {"type": "Feature", "geometry": {"type": "Point", "coordinates": [2.324711, 48.821606]}, "properties": {"numparc": 6908, "etat de la localisation": "autre", "ID BDGEO": "580", "horodatage": "2022-11-03 10:39:30", "distance (en metres)": 65.05, "station": "PORTE D'ORLEANS#", "marker-color": "#818181"}}, {"type": "Feature", "geometry": {"type": "Point", "coordinates": [2.387762, 48.754658]}, "properties": {"numparc": 6926, "etat de la localisation": "autre", "ID BDGEO": "614", "horodatage": "2022-11-03 10:39:49", "distance (en metres)": 4379.08, "station": "CHARCOT ZOLA#", "marker-color": "#818181"}}, {"type": "Feature", "geometry": {"type": "Point", "coordinates": [2.327595, 48.798264]}, "properties": {"numparc": 6914, "etat de la localisation": "autre", "ID BDGEO": "580", "horodatage": "2022-11-03 10:39:56", "distance (en metres)": 2669.15, "station": "PORTE D'ORLEANS#", "marker-color": "#818181"}}, {"type": "Feature", "geometry": {"type": "Point", "coordinates": [2.387443, 48.75396]}, "properties": {"numparc": 6909, "etat de la localisation": "autre", "ID BDGEO": "614", "horodatage": "2022-11-03 10:41:24", "distance (en metres)": 4369.45, "station": "CHARCOT ZOLA#", "marker-color": "#818181"}}, {"type": "Feature", "geometry": {"type": "Point", "coordinates": [2.334668, 48.794559]}, "properties": {"numparc": 6914, "etat de la localisation": "autre", "ID BDGEO": "580", "horodatage": "2022-11-03 10:43:36", "distance (en metres)": 3158.97, "station": "PORTE D'ORLEANS#", "marker-color": "#818181"}}, {"type": "Feature", "geometry": {"type": "Point", "coordinates": [2.325762, 48.813442]}, "properties": {"numparc": 6908, "etat de la localisation": "autre", "ID BDGEO": "580", "horodatage": "2022-11-03 10:44:14", "distance (en metres)": 976.04, "station": "PORTE D'ORLEANS#", "marker-color": "#818181"}}, {"type": "Feature", "geometry": {"type": "Point", "coordinates": [2.38779, 48.754078]}, "properties": {"numparc": 6909, "etat de la localisation": "autre", "ID BDGEO": "614", "horodatage": "2022-11-03 10:45:04", "distance (en metres)": 4392.1, "station": "CHARCOT ZOLA#", "marker-color": "#818181"}}, {"type": "Feature", "geometry": {"type": "Point", "coordinates": [2.331445, 48.790264]}, "properties": {"numparc": 6914, "etat de la localisation": "autre", "ID BDGEO": "580", "horodatage": "2022-11-03 10:46:08", "distance (en metres)": 3584.74, "station": "PORTE D'ORLEANS#", "marker-color": "#818181"}}, {"type": "Feature", "geometry": {"type": "Point", "coordinates": [2.326308, 48.8088]}, "properties": {"numparc": 6908, "etat de la localisation": "autre", "ID BDGEO": "580", "horodatage": "2022-11-03 10:46:23", "distance (en metres)": 1493.79, "station": "PORTE D'ORLEANS#", "marker-color": "#818181"}}, {"type": "Feature", "geometry": {"type": "Point", "coordinates": [2.322532, 48.756744]}, "properties": {"numparc": 6927, "etat de la localisation": "autre", "ID BDGEO": "602", "horodatage": "2022-11-03 10:46:45", "distance (en metres)": 4739.02, "station": "DEPOT THIAIS ( S )", "marker-color": "#818181"}}, {"type": "Feature", "geometry": {"type": "Point", "coordinates": [2.324618, 48.821651]}, "properties": {"numparc": 6919, "etat de la localisation": "autre", "ID BDGEO": "580", "horodatage": "2022-11-03 10:47:21", "distance (en metres)": 59.65, "station": "PORTE D'ORLEANS#", "marker-color": "#818181"}}, {"type": "Feature", "geometry": {"type": "Point", "coordinates": [2.32501, 48.804684]}, "properties": {"numparc": 6908, "etat de la localisation": "autre", "ID BDGEO": "580", "horodatage": "2022-11-03 10:47:56", "distance (en metres)": 1946.58, "station": "PORTE D'ORLEANS#", "marker-color": "#818181"}}, {"type": "Feature", "geometry": {"type": "Point", "coordinates": [2.322532, 48.756744]}, "properties": {"numparc": 6927, "etat de la localisation": "autre", "ID BDGEO": "602", "horodatage": "2022-11-03 10:48:26", "distance (en metres)": 4739.02, "station": "DEPOT THIAIS ( S )", "marker-color": "#818181"}}, {"type": "Feature", "geometry": {"type": "Point", "coordinates": [2.328907, 48.785675]}, "properties": {"numparc": 6914, "etat de la localisation": "autre", "ID BDGEO": "580", "horodatage": "2022-11-03 10:48:42", "distance (en metres)": 4072.15, "station": "PORTE D'ORLEANS#", "marker-color": "#818181"}}, {"type": "Feature", "geometry": {"type": "Point", "coordinates": [2.323698, 48.80143]}, "properties": {"numparc": 6908, "etat de la localisation": "autre", "ID BDGEO": "580", "horodatage": "2022-11-03 10:49:45", "distance (en metres)": 2309.19, "station": "PORTE D'ORLEANS#", "marker-color": "#818181"}}, {"type": "Feature", "geometry": {"type": "Point", "coordinates": [2.325395, 48.818459]}, "properties": {"numparc": 6919, "etat de la localisation": "autre", "ID BDGEO": "580", "horodatage": "2022-11-03 10:50:02", "distance (en metres)": 418.5, "station": "PORTE D'ORLEANS#", "marker-color": "#818181"}}, {"type": "Feature", "geometry": {"type": "Point", "coordinates": [2.324169, 48.799587]}, "properties": {"numparc": 6908, "etat de la localisation": "autre", "ID BDGEO": "580", "horodatage": "2022-11-03 10:50:38", "distance (en metres)": 2513.3, "station": "PORTE D'ORLEANS#", "marker-color": "#818181"}}, {"type": "Feature", "geometry": {"type": "Point", "coordinates": [2.327979, 48.778732]}, "properties": {"numparc": 6914, "etat de la localisation": "autre", "ID BDGEO": "580", "horodatage": "2022-11-03 10:50:50", "distance (en metres)": 4838.29, "station": "PORTE D'ORLEANS#", "marker-color": "#818181"}}, {"type": "Feature", "geometry": {"type": "Point", "coordinates": [2.327706, 48.798214]}, "properties": {"numparc": 6908, "etat de la localisation": "autre", "ID BDGEO": "580", "horodatage": "2022-11-03 10:51:42", "distance (en metres)": 2675.32, "station": "PORTE D'ORLEANS#", "marker-color": "#818181"}}, {"type": "Feature", "geometry": {"type": "Point", "coordinates": [2.326051, 48.775043]}, "properties": {"numparc": 6914, "etat de la localisation": "autre", "ID BDGEO": "602", "horodatage": "2022-11-03 10:52:12", "distance (en metres)": 4984.76, "station": "DEPOT THIAIS ( S )", "marker-color": "#818181"}}, {"type": "Feature", "geometry": {"type": "Point", "coordinates": [2.331784, 48.796421]}, "properties": {"numparc": 6908, "etat de la localisation": "autre", "ID BDGEO": "580", "horodatage": "2022-11-03 10:53:14", "distance (en metres)": 2912.72, "station": "PORTE D'ORLEANS#", "marker-color": "#818181"}}, {"type": "Feature", "geometry": {"type": "Point", "coordinates": [2.326312, 48.808865]}, "properties": {"numparc": 6919, "etat de la localisation": "autre", "ID BDGEO": "580", "horodatage": "2022-11-03 10:53:33", "distance (en metres)": 1486.63, "station": "PORTE D'ORLEANS#", "marker-color": "#818181"}}, {"type": "Feature", "geometry": {"type": "Point", "coordinates": [2.326311, 48.808857]}, "properties": {"numparc": 6919, "etat de la localisation": "autre", "ID BDGEO": "580", "horodatage": "2022-11-03 10:53:44", "distance (en metres)": 1487.47, "station": "PORTE D'ORLEANS#", "marker-color": "#818181"}}, {"type": "Feature", "geometry": {"type": "Point", "coordinates": [2.322148, 48.770035]}, "properties": {"numparc": 6914, "etat de la localisation": "autre", "ID BDGEO": "602", "horodatage": "2022-11-03 10:54:27", "distance (en metres)": 5036.26, "station": "DEPOT THIAIS ( S )", "marker-color": "#818181"}}, {"type": "Feature", "geometry": {"type": "Point", "coordinates": [2.334616, 48.794567]}, "properties": {"numparc": 6908, "etat de la localisation": "autre", "ID BDGEO": "580", "horodatage": "2022-11-03 10:54:46", "distance (en metres)": 3157.26, "station": "PORTE D'ORLEANS#", "marker-color": "#818181"}}, {"type": "Feature", "geometry": {"type": "Point", "coordinates": [2.319259, 48.76749]}, "properties": {"numparc": 6914, "etat de la localisation": "autre", "ID BDGEO": "602", "horodatage": "2022-11-03 10:55:30", "distance (en metres)": 5155.91, "station": "DEPOT THIAIS ( S )", "marker-color": "#818181"}}, {"type": "Feature", "geometry": {"type": "Point", "coordinates": [2.324962, 48.804848]}, "properties": {"numparc": 6919, "etat de la localisation": "autre", "ID BDGEO": "580", "horodatage": "2022-11-03 10:55:31", "distance (en metres)": 1928.29, "station": "PORTE D'ORLEANS#", "marker-color": "#818181"}}, {"type": "Feature", "geometry": {"type": "Point", "coordinates": [2.331391, 48.790253]}, "properties": {"numparc": 6908, "etat de la localisation": "autre", "ID BDGEO": "580", "horodatage": "2022-11-03 10:56:39", "distance (en metres)": 3585.45, "station": "PORTE D'ORLEANS#", "marker-color": "#818181"}}, {"type": "Feature", "geometry": {"type": "Point", "coordinates": [2.323695, 48.801601]}, "properties": {"numparc": 6919, "etat de la localisation": "autre", "ID BDGEO": "580", "horodatage": "2022-11-03 10:57:20", "distance (en metres)": 2290.12, "station": "PORTE D'ORLEANS#", "marker-color": "#818181"}}, {"type": "Feature", "geometry": {"type": "Point", "coordinates": [2.318253, 48.762047]}, "properties": {"numparc": 6914, "etat de la localisation": "autre", "ID BDGEO": "602", "horodatage": "2022-11-03 10:57:55", "distance (en metres)": 5104.58, "station": "DEPOT THIAIS ( S )", "marker-color": "#818181"}}, {"type": "Feature", "geometry": {"type": "Point", "coordinates": [2.32892, 48.785706]}, "properties": {"numparc": 6908, "etat de la localisation": "autre", "ID BDGEO": "580", "horodatage": "2022-11-03 10:58:00", "distance (en metres)": 4068.84, "station": "PORTE D'ORLEANS#", "marker-color": "#818181"}}, {"type": "Feature", "geometry": {"type": "Point", "coordinates": [2.318253, 48.762047]}, "properties": {"numparc": 6914, "etat de la localisation": "autre", "ID BDGEO": "602", "horodatage": "2022-11-03 10:58:17", "distance (en metres)": 5104.58, "station": "DEPOT THIAIS ( S )", "marker-color": "#818181"}}, {"type": "Feature", "geometry": {"type": "Point", "coordinates": [2.32415, 48.799591]}, "properties": {"numparc": 6919, "etat de la localisation": "autre", "ID BDGEO": "580", "horodatage": "2022-11-03 10:58:18", "distance (en metres)": 2512.89, "station": "PORTE D'ORLEANS#", "marker-color": "#818181"}}, {"type": "Feature", "geometry": {"type": "Point", "coordinates": [2.327981, 48.783363]}, "properties": {"numparc": 6908, "etat de la localisation": "autre", "ID BDGEO": "580", "horodatage": "2022-11-03 10:58:51", "distance (en metres)": 4324.09, "station": "PORTE D'ORLEANS#", "marker-color": "#818181"}}, {"type": "Feature", "geometry": {"type": "Point", "coordinates": [2.327642, 48.798153]}, "properties": {"numparc": 6919, "etat de la localisation": "autre", "ID BDGEO": "580", "horodatage": "2022-11-03 10:59:46", "distance (en metres)": 2681.69, "station": "PORTE D'ORLEANS#", "marker-color": "#818181"}}, {"type": "Feature", "geometry": {"type": "Point", "coordinates": [2.328032, 48.778736]}, "properties": {"numparc": 6908, "etat de la localisation": "autre", "ID BDGEO": "580", "horodatage": "2022-11-03 11:00:06", "distance (en metres)": 4838.06, "station": "PORTE D'ORLEANS#", "marker-color": "#818181"}}, {"type": "Feature", "geometry": {"type": "Point", "coordinates": [2.331746, 48.796368]}, "properties": {"numparc": 6919, "etat de la localisation": "autre", "ID BDGEO": "580", "horodatage": "2022-11-03 11:01:23", "distance (en metres)": 2918.07, "station": "PORTE D'ORLEANS#", "marker-color": "#818181"}}, {"type": "Feature", "geometry": {"type": "Point", "coordinates": [2.326038, 48.775005]}, "properties": {"numparc": 6908, "etat de la localisation": "autre", "ID BDGEO": "602", "horodatage": "2022-11-03 11:01:24", "distance (en metres)": 4983.76, "station": "DEPOT THIAIS ( S )", "marker-color": "#818181"}}, {"type": "Feature", "geometry": {"type": "Point", "coordinates": [2.323774, 48.773056]}, "properties": {"numparc": 6908, "etat de la localisation": "autre", "ID BDGEO": "602", "horodatage": "2022-11-03 11:02:17", "distance (en metres)": 5044.97, "station": "DEPOT THIAIS ( S )", "marker-color": "#818181"}}, {"type": "Feature", "geometry": {"type": "Point", "coordinates": [2.326474, 48.761253]}, "properties": {"numparc": 6914, "etat de la localisation": "autre", "ID BDGEO": "602", "horodatage": "2022-11-03 11:02:43", "distance (en metres)": 4495.57, "station": "DEPOT THIAIS ( S )", "marker-color": "#818181"}}, {"type": "Feature", "geometry": {"type": "Point", "coordinates": [2.334531, 48.794434]}, "properties": {"numparc": 6919, "etat de la localisation": "autre", "ID BDGEO": "580", "horodatage": "2022-11-03 11:02:48", "distance (en metres)": 3170.27, "station": "PORTE D'ORLEANS#", "marker-color": "#818181"}}, {"type": "Feature", "geometry": {"type": "Point", "coordinates": [2.322153, 48.770046]}, "properties": {"numparc": 6908, "etat de la localisation": "autre", "ID BDGEO": "602", "horodatage": "2022-11-03 11:03:20", "distance (en metres)": 5036.33, "station": "DEPOT THIAIS ( S )", "marker-color": "#818181"}}, {"type": "Feature", "geometry": {"type": "Point", "coordinates": [2.319199, 48.767406]}, "properties": {"numparc": 6908, "etat de la localisation": "autre", "ID BDGEO": "602", "horodatage": "2022-11-03 11:04:10", "distance (en metres)": 5157.71, "station": "DEPOT THIAIS ( S )", "marker-color": "#818181"}}, {"type": "Feature", "geometry": {"type": "Point", "coordinates": [2.325549, 48.821419]}, "properties": {"numparc": 6928, "etat de la localisation": "autre", "ID BDGEO": "580", "horodatage": "2022-11-03 11:04:12", "distance (en metres)": 109.1, "station": "PORTE D'ORLEANS#", "marker-color": "#818181"}}, {"type": "Feature", "geometry": {"type": "Point", "coordinates": [2.331059, 48.763008]}, "properties": {"numparc": 6914, "etat de la localisation": "autre", "ID BDGEO": "734", "horodatage": "2022-11-03 11:04:30", "distance (en metres)": 258.59, "station": "CHARCOT ZOLA", "marker-color": "#818181"}}, {"type": "Feature", "geometry": {"type": "Point", "coordinates": [2.331402, 48.790253]}, "properties": {"numparc": 6919, "etat de la localisation": "autre", "ID BDGEO": "580", "horodatage": "2022-11-03 11:05:11", "distance (en metres)": 3585.56, "station": "PORTE D'ORLEANS#", "marker-color": "#818181"}}, {"type": "Feature", "geometry": {"type": "Point", "coordinates": [2.318113, 48.764057]}, "properties": {"numparc": 6908, "etat de la localisation": "autre", "ID BDGEO": "602", "horodatage": "2022-11-03 11:05:57", "distance (en metres)": 5151.95, "station": "DEPOT THIAIS ( S )", "marker-color": "#818181"}}, {"type": "Feature", "geometry": {"type": "Point", "coordinates": [2.318263, 48.762051]}, "properties": {"numparc": 6908, "etat de la localisation": "autre", "ID BDGEO": "602", "horodatage": "2022-11-03 11:06:44", "distance (en metres)": 5103.91, "station": "DEPOT THIAIS ( S )", "marker-color": "#818181"}}, {"type": "Feature", "geometry": {"type": "Point", "coordinates": [2.328904, 48.785671]}, "properties": {"numparc": 6919, "etat de la localisation": "autre", "ID BDGEO": "580", "horodatage": "2022-11-03 11:07:19", "distance (en metres)": 4072.55, "station": "PORTE D'ORLEANS#", "marker-color": "#818181"}}, {"type": "Feature", "geometry": {"type": "Point", "coordinates": [2.325046, 48.759323]}, "properties": {"numparc": 6908, "etat de la localisation": "Deviation programmee", "ID BDGEO": "602", "horodatage": "2022-11-03 11:09:46", "distance (en metres)": 4573.49, "station": "DEPOT THIAIS ( S )", "marker-color": "#56FF93"}}, {"type": "Feature", "geometry": {"type": "Point", "coordinates": [2.326049, 48.775047]}, "properties": {"numparc": 6919, "etat de la localisation": "autre", "ID BDGEO": "602", "horodatage": "2022-11-03 11:10:39", "distance (en metres)": 4985.07, "station": "DEPOT THIAIS ( S )", "marker-color": "#818181"}}, {"type": "Feature", "geometry": {"type": "Point", "coordinates": [2.331059, 48.763008]}, "properties": {"numparc": 6914, "etat de la localisation": "autre", "ID BDGEO": "734", "horodatage": "2022-11-03 11:11:21", "distance (en metres)": 258.59, "station": "CHARCOT ZOLA", "marker-color": "#818181"}}, {"type": "Feature", "geometry": {"type": "Point", "coordinates": [2.322154, 48.770054]}, "properties": {"numparc": 6919, "etat de la localisation": "autre", "ID BDGEO": "602", "horodatage": "2022-11-03 11:12:03", "distance (en metres)": 5036.53, "station": "DEPOT THIAIS ( S )", "marker-color": "#818181"}}, {"type": "Feature", "geometry": {"type": "Point", "coordinates": [2.330916, 48.762894]}, "properties": {"numparc": 6908, "etat de la localisation": "autre", "ID BDGEO": "734", "horodatage": "2022-11-03 11:12:13", "distance (en metres)": 242.25, "station": "CHARCOT ZOLA", "marker-color": "#818181"}}, {"type": "Feature", "geometry": {"type": "Point", "coordinates": [2.319182, 48.767422]}, "properties": {"numparc": 6919, "etat de la localisation": "autre", "ID BDGEO": "602", "horodatage": "2022-11-03 11:13:04", "distance (en metres)": 5159.37, "station": "DEPOT THIAIS ( S )", "marker-color": "#818181"}}, {"type": "Feature", "geometry": {"type": "Point", "coordinates": [2.326564, 48.76162]}, "properties": {"numparc": 6914, "etat de la localisation": "autre", "ID BDGEO": "734", "horodatage": "2022-11-03 11:14:28", "distance (en metres)": 203.37, "station": "CHARCOT ZOLA", "marker-color": "#818181"}}, {"type": "Feature", "geometry": {"type": "Point", "coordinates": [2.318278, 48.761993]}, "properties": {"numparc": 6919, "etat de la localisation": "autre", "ID BDGEO": "602", "horodatage": "2022-11-03 11:15:03", "distance (en metres)": 5101.9, "station": "DEPOT THIAIS ( S )", "marker-color": "#818181"}}, {"type": "Feature", "geometry": {"type": "Point", "coordinates": [2.324666, 48.821678]}, "properties": {"numparc": 6928, "etat de la localisation": "autre", "ID BDGEO": "580", "horodatage": "2022-11-03 11:15:43", "distance (en metres)": 56.76, "station": "PORTE D'ORLEANS#", "marker-color": "#818181"}}, {"type": "Feature", "geometry": {"type": "Point", "coordinates": [2.324677, 48.821667]}, "properties": {"numparc": 6928, "etat de la localisation": "autre", "ID BDGEO": "580", "horodatage": "2022-11-03 11:16:21", "distance (en metres)": 58.08, "station": "PORTE D'ORLEANS#", "marker-color": "#818181"}}, {"type": "Feature", "geometry": {"type": "Point", "coordinates": [2.324682, 48.821655]}, "properties": {"numparc": 6928, "etat de la localisation": "autre", "ID BDGEO": "580", "horodatage": "2022-11-03 11:16:39", "distance (en metres)": 59.37, "station": "PORTE D'ORLEANS#", "marker-color": "#818181"}}, {"type": "Feature", "geometry": {"type": "Point", "coordinates": [2.324109, 48.759186]}, "properties": {"numparc": 6919, "etat de la localisation": "Deviation programmee", "ID BDGEO": "602", "horodatage": "2022-11-03 11:18:27", "distance (en metres)": 4640.44, "station": "DEPOT THIAIS ( S )", "marker-color": "#56FF93"}}, {"type": "Feature", "geometry": {"type": "Point", "coordinates": [2.325368, 48.818531]}, "properties": {"numparc": 6928, "etat de la localisation": "autre", "ID BDGEO": "580", "horodatage": "2022-11-03 11:18:29", "distance (en metres)": 410.25, "station": "PORTE D'ORLEANS#", "marker-color": "#818181"}}, {"type": "Feature", "geometry": {"type": "Point", "coordinates": [2.32647, 48.761292]}, "properties": {"numparc": 6919, "etat de la localisation": "autre", "ID BDGEO": "602", "horodatage": "2022-11-03 11:19:30", "distance (en metres)": 4496.48, "station": "DEPOT THIAIS ( S )", "marker-color": "#818181"}}, {"type": "Feature", "geometry": {"type": "Point", "coordinates": [2.32572, 48.813599]}, "properties": {"numparc": 6928, "etat de la localisation": "autre", "ID BDGEO": "580", "horodatage": "2022-11-03 11:20:15", "distance (en metres)": 958.45, "station": "PORTE D'ORLEANS#", "marker-color": "#818181"}}, {"type": "Feature", "geometry": {"type": "Point", "coordinates": [2.319407, 48.759766]}, "properties": {"numparc": 6914, "etat de la localisation": "autre", "ID BDGEO": "599", "horodatage": "2022-11-03 11:20:20", "distance (en metres)": 63.45, "station": "TUILERIE", "marker-color": "#818181"}}, {"type": "Feature", "geometry": {"type": "Point", "coordinates": [2.330912, 48.76284]}, "properties": {"numparc": 6919, "etat de la localisation": "autre", "ID BDGEO": "734", "horodatage": "2022-11-03 11:21:00", "distance (en metres)": 237.06, "station": "CHARCOT ZOLA", "marker-color": "#818181"}}, {"type": "Feature", "geometry": {"type": "Point", "coordinates": [2.331022, 48.762997]}, "properties": {"numparc": 6908, "etat de la localisation": "autre", "ID BDGEO": "734", "horodatage": "2022-11-03 11:21:00", "distance (en metres)": 256.08, "station": "CHARCOT ZOLA", "marker-color": "#818181"}}, {"type": "Feature", "geometry": {"type": "Point", "coordinates": [2.326346, 48.808777]}, "properties": {"numparc": 6928, "etat de la localisation": "autre", "ID BDGEO": "580", "horodatage": "2022-11-03 11:22:08", "distance (en metres)": 1496.56, "station": "PORTE D'ORLEANS#", "marker-color": "#818181"}}, {"type": "Feature", "geometry": {"type": "Point", "coordinates": [2.325056, 48.804699]}, "properties": {"numparc": 6928, "etat de la localisation": "autre", "ID BDGEO": "580", "horodatage": "2022-11-03 11:24:00", "distance (en metres)": 1944.94, "station": "PORTE D'ORLEANS#", "marker-color": "#818181"}}, {"type": "Feature", "geometry": {"type": "Point", "coordinates": [2.331022, 48.762997]}, "properties": {"numparc": 6908, "etat de la localisation": "autre", "ID BDGEO": "734", "horodatage": "2022-11-03 11:25:36", "distance (en metres)": 256.08, "station": "CHARCOT ZOLA", "marker-color": "#818181"}}, {"type": "Feature", "geometry": {"type": "Point", "coordinates": [2.323733, 48.801548]}, "properties": {"numparc": 6928, "etat de la localisation": "autre", "ID BDGEO": "580", "horodatage": "2022-11-03 11:25:51", "distance (en metres)": 2295.97, "station": "PORTE D'ORLEANS#", "marker-color": "#818181"}}, {"type": "Feature", "geometry": {"type": "Point", "coordinates": [2.330573, 48.763237]}, "properties": {"numparc": 6908, "etat de la localisation": "autre", "ID BDGEO": "734", "horodatage": "2022-11-03 11:27:18", "distance (en metres)": 264.98, "station": "CHARCOT ZOLA", "marker-color": "#818181"}}, {"type": "Feature", "geometry": {"type": "Point", "coordinates": [2.324042, 48.799629]}, "properties": {"numparc": 6928, "etat de la localisation": "autre", "ID BDGEO": "580", "horodatage": "2022-11-03 11:28:27", "distance (en metres)": 2508.77, "station": "PORTE D'ORLEANS#", "marker-color": "#818181"}}, {"type": "Feature", "geometry": {"type": "Point", "coordinates": [2.326541, 48.761662]}, "properties": {"numparc": 6908, "etat de la localisation": "autre", "ID BDGEO": "734", "horodatage": "2022-11-03 11:29:03", "distance (en metres)": 206.5, "station": "CHARCOT ZOLA", "marker-color": "#818181"}}, {"type": "Feature", "geometry": {"type": "Point", "coordinates": [2.327545, 48.798222]}, "properties": {"numparc": 6928, "etat de la localisation": "autre", "ID BDGEO": "580", "horodatage": "2022-11-03 11:30:12", "distance (en metres)": 2673.5, "station": "PORTE D'ORLEANS#", "marker-color": "#818181"}}, {"type": "Feature", "geometry": {"type": "Point", "coordinates": [2.331609, 48.796467]}, "properties": {"numparc": 6928, "etat de la localisation": "autre", "ID BDGEO": "580", "horodatage": "2022-11-03 11:31:51", "distance (en metres)": 2905.44, "station": "PORTE D'ORLEANS#", "marker-color": "#818181"}}, {"type": "Feature", "geometry": {"type": "Point", "coordinates": [2.33461, 48.794556]}, "properties": {"numparc": 6928, "etat de la localisation": "autre", "ID BDGEO": "580", "horodatage": "2022-11-03 11:33:46", "distance (en metres)": 3158.4, "station": "PORTE D'ORLEANS#", "marker-color": "#818181"}}, {"type": "Feature", "geometry": {"type": "Point", "coordinates": [2.319426, 48.759747]}, "properties": {"numparc": 6908, "etat de la localisation": "autre", "ID BDGEO": "599", "horodatage": "2022-11-03 11:34:11", "distance (en metres)": 61.03, "station": "TUILERIE", "marker-color": "#818181"}}, {"type": "Feature", "geometry": {"type": "Point", "coordinates": [2.331415, 48.790241]}, "properties": {"numparc": 6928, "etat de la localisation": "autre", "ID BDGEO": "580", "horodatage": "2022-11-03 11:36:06", "distance (en metres)": 3586.95, "station": "PORTE D'ORLEANS#", "marker-color": "#818181"}}, {"type": "Feature", "geometry": {"type": "Point", "coordinates": [2.328887, 48.785686]}, "properties": {"numparc": 6928, "etat de la localisation": "autre", "ID BDGEO": "580", "horodatage": "2022-11-03 11:38:07", "distance (en metres)": 4070.76, "station": "PORTE D'ORLEANS#", "marker-color": "#818181"}}, {"type": "Feature", "geometry": {"type": "Point", "coordinates": [2.327967, 48.783321]}, "properties": {"numparc": 6928, "etat de la localisation": "autre", "ID BDGEO": "580", "horodatage": "2022-11-03 11:39:00", "distance (en metres)": 4328.69, "station": "PORTE D'ORLEANS#", "marker-color": "#818181"}}, {"type": "Feature", "geometry": {"type": "Point", "coordinates": [2.32797, 48.778755]}, "properties": {"numparc": 6928, "etat de la localisation": "autre", "ID BDGEO": "580", "horodatage": "2022-11-03 11:41:01", "distance (en metres)": 4835.71, "station": "PORTE D'ORLEANS#", "marker-color": "#818181"}}, {"type": "Feature", "geometry": {"type": "Point", "coordinates": [2.326009, 48.775036]}, "properties": {"numparc": 6928, "etat de la localisation": "autre", "ID BDGEO": "602", "horodatage": "2022-11-03 11:42:13", "distance (en metres)": 4987.15, "station": "DEPOT THIAIS ( S )", "marker-color": "#818181"}}, {"type": "Feature", "geometry": {"type": "Point", "coordinates": [2.319387, 48.759769]}, "properties": {"numparc": 6919, "etat de la localisation": "autre", "ID BDGEO": "599", "horodatage": "2022-11-03 11:42:52", "distance (en metres)": 64.28, "station": "TUILERIE", "marker-color": "#818181"}}, {"type": "Feature", "geometry": {"type": "Point", "coordinates": [2.323769, 48.773048]}, "properties": {"numparc": 6928, "etat de la localisation": "autre", "ID BDGEO": "602", "horodatage": "2022-11-03 11:43:08", "distance (en metres)": 5044.97, "station": "DEPOT THIAIS ( S )", "marker-color": "#818181"}}, {"type": "Feature", "geometry": {"type": "Point", "coordinates": [2.322143, 48.770039]}, "properties": {"numparc": 6928, "etat de la localisation": "autre", "ID BDGEO": "602", "horodatage": "2022-11-03 11:44:00", "distance (en metres)": 5036.75, "station": "DEPOT THIAIS ( S )", "marker-color": "#818181"}}, {"type": "Feature", "geometry": {"type": "Point", "coordinates": [2.31922, 48.767467]}, "properties": {"numparc": 6928, "etat de la localisation": "autre", "ID BDGEO": "602", "horodatage": "2022-11-03 11:44:55", "distance (en metres)": 5158.0, "station": "DEPOT THIAIS ( S )", "marker-color": "#818181"}}, {"type": "Feature", "geometry": {"type": "Point", "coordinates": [2.318121, 48.764099]}, "properties": {"numparc": 6928, "etat de la localisation": "autre", "ID BDGEO": "602", "horodatage": "2022-11-03 11:47:00", "distance (en metres)": 5152.26, "station": "DEPOT THIAIS ( S )", "marker-color": "#818181"}}, {"type": "Feature", "geometry": {"type": "Point", "coordinates": [2.318262, 48.762085]}, "properties": {"numparc": 6928, "etat de la localisation": "autre", "ID BDGEO": "602", "horodatage": "2022-11-03 11:47:57", "distance (en metres)": 5104.54, "station": "DEPOT THIAIS ( S )", "marker-color": "#818181"}}, {"type": "Feature", "geometry": {"type": "Point", "coordinates": [2.38693, 48.755325]}, "properties": {"numparc": 6931, "etat de la localisation": "autre", "ID BDGEO": "614", "horodatage": "2022-11-03 11:51:29", "distance (en metres)": 4307.21, "station": "CHARCOT ZOLA#", "marker-color": "#818181"}}, {"type": "Feature", "geometry": {"type": "Point", "coordinates": [2.326422, 48.761261]}, "properties": {"numparc": 6928, "etat de la localisation": "autre", "ID BDGEO": "602", "horodatage": "2022-11-03 11:52:08", "distance (en metres)": 4499.46, "station": "DEPOT THIAIS ( S )", "marker-color": "#818181"}}, {"type": "Feature", "geometry": {"type": "Point", "coordinates": [2.325566, 48.821365]}, "properties": {"numparc": 6914, "etat de la localisation": "autre", "ID BDGEO": "580", "horodatage": "2022-11-03 11:53:39", "distance (en metres)": 114.56, "station": "PORTE D'ORLEANS#", "marker-color": "#818181"}}, {"type": "Feature", "geometry": {"type": "Point", "coordinates": [2.331008, 48.763027]}, "properties": {"numparc": 6928, "etat de la localisation": "autre", "ID BDGEO": "734", "horodatage": "2022-11-03 11:54:04", "distance (en metres)": 258.45, "station": "CHARCOT ZOLA", "marker-color": "#818181"}}, {"type": "Feature", "geometry": {"type": "Point", "coordinates": [2.324637, 48.821655]}, "properties": {"numparc": 6914, "etat de la localisation": "autre", "ID BDGEO": "580", "horodatage": "2022-11-03 11:57:10", "distance (en metres)": 59.23, "station": "PORTE D'ORLEANS#", "marker-color": "#818181"}}, {"type": "Feature", "geometry": {"type": "Point", "coordinates": [2.323619, 48.800388]}, "properties": {"numparc": 6919, "etat de la localisation": "autre", "ID BDGEO": "583", "horodatage": "2022-11-03 12:01:39", "distance (en metres)": 70.7, "station": "CARNOT-ARISTIDE BRIAND", "marker-color": "#818181"}}, {"type": "Feature", "geometry": {"type": "Point", "coordinates": [2.325309, 48.818516]}, "properties": {"numparc": 6914, "etat de la localisation": "autre", "ID BDGEO": "580", "horodatage": "2022-11-03 12:02:05", "distance (en metres)": 411.39, "station": "PORTE D'ORLEANS#", "marker-color": "#818181"}}, {"type": "Feature", "geometry": {"type": "Point", "coordinates": [2.323811, 48.758587]}, "properties": {"numparc": 6928, "etat de la localisation": "autre", "ID BDGEO": "620", "horodatage": "2022-11-03 12:02:58", "distance (en metres)": 57.24, "station": "EMILE ZOLA", "marker-color": "#818181"}}, {"type": "Feature", "geometry": {"type": "Point", "coordinates": [2.325615, 48.821381]}, "properties": {"numparc": 6908, "etat de la localisation": "autre", "ID BDGEO": "580", "horodatage": "2022-11-03 12:03:03", "distance (en metres)": 115.43, "station": "PORTE D'ORLEANS#", "marker-color": "#818181"}}, {"type": "Feature", "geometry": {"type": "Point", "coordinates": [2.325661, 48.813572]}, "properties": {"numparc": 6914, "etat de la localisation": "autre", "ID BDGEO": "580", "horodatage": "2022-11-03 12:03:46", "distance (en metres)": 961.05, "station": "PORTE D'ORLEANS#", "marker-color": "#818181"}}, {"type": "Feature", "geometry": {"type": "Point", "coordinates": [2.326339, 48.808872]}, "properties": {"numparc": 6914, "etat de la localisation": "autre", "ID BDGEO": "580", "horodatage": "2022-11-03 12:05:52", "distance (en metres)": 1485.95, "station": "PORTE D'ORLEANS#", "marker-color": "#818181"}}, {"type": "Feature", "geometry": {"type": "Point", "coordinates": [2.326339, 48.808872]}, "properties": {"numparc": 6914, "etat de la localisation": "autre", "ID BDGEO": "580", "horodatage": "2022-11-03 12:05:56", "distance (en metres)": 1485.95, "station": "PORTE D'ORLEANS#", "marker-color": "#818181"}}, {"type": "Feature", "geometry": {"type": "Point", "coordinates": [2.319387, 48.75975]}, "properties": {"numparc": 6928, "etat de la localisation": "autre", "ID BDGEO": "599", "horodatage": "2022-11-03 12:06:42", "distance (en metres)": 62.26, "station": "TUILERIE", "marker-color": "#818181"}}, {"type": "Feature", "geometry": {"type": "Point", "coordinates": [2.325049, 48.804779]}, "properties": {"numparc": 6914, "etat de la localisation": "autre", "ID BDGEO": "580", "horodatage": "2022-11-03 12:07:38", "distance (en metres)": 1936.02, "station": "PORTE D'ORLEANS#", "marker-color": "#818181"}}, {"type": "Feature", "geometry": {"type": "Point", "coordinates": [2.387172, 48.755466]}, "properties": {"numparc": 6910, "etat de la localisation": "autre", "ID BDGEO": "614", "horodatage": "2022-11-03 12:08:17", "distance (en metres)": 4322.45, "station": "CHARCOT ZOLA#", "marker-color": "#818181"}}, {"type": "Feature", "geometry": {"type": "Point", "coordinates": [2.323682, 48.801445]}, "properties": {"numparc": 6914, "etat de la localisation": "autre", "ID BDGEO": "580", "horodatage": "2022-11-03 12:09:23", "distance (en metres)": 2307.53, "station": "PORTE D'ORLEANS#", "marker-color": "#818181"}}, {"type": "Feature", "geometry": {"type": "Point", "coordinates": [2.325589, 48.821724]}, "properties": {"numparc": 6919, "etat de la localisation": "autre", "ID BDGEO": "580", "horodatage": "2022-11-03 12:09:32", "distance (en metres)": 87.5, "station": "PORTE D'ORLEANS#", "marker-color": "#818181"}}, {"type": "Feature", "geometry": {"type": "Point", "coordinates": [2.325589, 48.821724]}, "properties": {"numparc": 6919, "etat de la localisation": "autre", "ID BDGEO": "580", "horodatage": "2022-11-03 12:09:49", "distance (en metres)": 87.5, "station": "PORTE D'ORLEANS#", "marker-color": "#818181"}}, {"type": "Feature", "geometry": {"type": "Point", "coordinates": [2.324121, 48.79958]}, "properties": {"numparc": 6914, "etat de la localisation": "autre", "ID BDGEO": "580", "horodatage": "2022-11-03 12:11:44", "distance (en metres)": 2514.19, "station": "PORTE D'ORLEANS#", "marker-color": "#818181"}}, {"type": "Feature", "geometry": {"type": "Point", "coordinates": [2.339341, 48.753834]}, "properties": {"numparc": 6931, "etat de la localisation": "autre", "ID BDGEO": "575", "horodatage": "2022-11-03 12:12:04", "distance (en metres)": 1257.21, "station": "CHARCOT-ZOLA#", "marker-color": "#818181"}}, {"type": "Feature", "geometry": {"type": "Point", "coordinates": [2.324721, 48.821632]}, "properties": {"numparc": 6908, "etat de la localisation": "autre", "ID BDGEO": "580", "horodatage": "2022-11-03 12:12:08", "distance (en metres)": 62.18, "station": "PORTE D'ORLEANS#", "marker-color": "#818181"}}, {"type": "Feature", "geometry": {"type": "Point", "coordinates": [2.324638, 48.821659]}, "properties": {"numparc": 6919, "etat de la localisation": "autre", "ID BDGEO": "580", "horodatage": "2022-11-03 12:13:08", "distance (en metres)": 58.81, "station": "PORTE D'ORLEANS#", "marker-color": "#818181"}}, {"type": "Feature", "geometry": {"type": "Point", "coordinates": [2.327579, 48.79821]}, "properties": {"numparc": 6914, "etat de la localisation": "autre", "ID BDGEO": "580", "horodatage": "2022-11-03 12:13:23", "distance (en metres)": 2674.97, "station": "PORTE D'ORLEANS#", "marker-color": "#818181"}}, {"type": "Feature", "geometry": {"type": "Point", "coordinates": [2.325346, 48.818474]}, "properties": {"numparc": 6908, "etat de la localisation": "autre", "ID BDGEO": "580", "horodatage": "2022-11-03 12:14:20", "distance (en metres)": 416.35, "station": "PORTE D'ORLEANS#", "marker-color": "#818181"}}, {"type": "Feature", "geometry": {"type": "Point", "coordinates": [2.325347, 48.818474]}, "properties": {"numparc": 6908, "etat de la localisation": "autre", "ID BDGEO": "580", "horodatage": "2022-11-03 12:14:28", "distance (en metres)": 416.36, "station": "PORTE D'ORLEANS#", "marker-color": "#818181"}}, {"type": "Feature", "geometry": {"type": "Point", "coordinates": [2.331718, 48.796436]}, "properties": {"numparc": 6914, "etat de la localisation": "autre", "ID BDGEO": "580", "horodatage": "2022-11-03 12:14:59", "distance (en metres)": 2910.19, "station": "PORTE D'ORLEANS#", "marker-color": "#818181"}}, {"type": "Feature", "geometry": {"type": "Point", "coordinates": [2.325735, 48.813545]}, "properties": {"numparc": 6908, "etat de la localisation": "autre", "ID BDGEO": "580", "horodatage": "2022-11-03 12:15:33", "distance (en metres)": 964.46, "station": "PORTE D'ORLEANS#", "marker-color": "#818181"}}, {"type": "Feature", "geometry": {"type": "Point", "coordinates": [2.334607, 48.794521]}, "properties": {"numparc": 6914, "etat de la localisation": "autre", "ID BDGEO": "580", "horodatage": "2022-11-03 12:16:31", "distance (en metres)": 3162.06, "station": "PORTE D'ORLEANS#", "marker-color": "#818181"}}, {"type": "Feature", "geometry": {"type": "Point", "coordinates": [2.334607, 48.794521]}, "properties": {"numparc": 6914, "etat de la localisation": "autre", "ID BDGEO": "580", "horodatage": "2022-11-03 12:16:46", "distance (en metres)": 3162.06, "station": "PORTE D'ORLEANS#", "marker-color": "#818181"}}, {"type": "Feature", "geometry": {"type": "Point", "coordinates": [2.326337, 48.8088]}, "properties": {"numparc": 6908, "etat de la localisation": "autre", "ID BDGEO": "580", "horodatage": "2022-11-03 12:17:32", "distance (en metres)": 1493.97, "station": "PORTE D'ORLEANS#", "marker-color": "#818181"}}, {"type": "Feature", "geometry": {"type": "Point", "coordinates": [2.331439, 48.790257]}, "properties": {"numparc": 6914, "etat de la localisation": "autre", "ID BDGEO": "580", "horodatage": "2022-11-03 12:19:11", "distance (en metres)": 3585.52, "station": "PORTE D'ORLEANS#", "marker-color": "#818181"}}, {"type": "Feature", "geometry": {"type": "Point", "coordinates": [2.325033, 48.80471]}, "properties": {"numparc": 6908, "etat de la localisation": "autre", "ID BDGEO": "580", "horodatage": "2022-11-03 12:19:29", "distance (en metres)": 1943.64, "station": "PORTE D'ORLEANS#", "marker-color": "#818181"}}, {"type": "Feature", "geometry": {"type": "Point", "coordinates": [2.31844, 48.761757]}, "properties": {"numparc": 6931, "etat de la localisation": "autre", "ID BDGEO": "575", "horodatage": "2022-11-03 12:20:15", "distance (en metres)": 587.4, "station": "CHARCOT-ZOLA#", "marker-color": "#818181"}}, {"type": "Feature", "geometry": {"type": "Point", "coordinates": [2.328932, 48.785686]}, "properties": {"numparc": 6914, "etat de la localisation": "autre", "ID BDGEO": "580", "horodatage": "2022-11-03 12:20:43", "distance (en metres)": 4071.02, "station": "PORTE D'ORLEANS#", "marker-color": "#818181"}}, {"type": "Feature", "geometry": {"type": "Point", "coordinates": [2.323699, 48.801437]}, "properties": {"numparc": 6908, "etat de la localisation": "autre", "ID BDGEO": "580", "horodatage": "2022-11-03 12:21:16", "distance (en metres)": 2308.34, "station": "PORTE D'ORLEANS#", "marker-color": "#818181"}}, {"type": "Feature", "geometry": {"type": "Point", "coordinates": [2.328004, 48.78336]}, "properties": {"numparc": 6914, "etat de la localisation": "autre", "ID BDGEO": "580", "horodatage": "2022-11-03 12:21:41", "distance (en metres)": 4324.61, "station": "PORTE D'ORLEANS#", "marker-color": "#818181"}}, {"type": "Feature", "geometry": {"type": "Point", "coordinates": [2.318268, 48.76516]}, "properties": {"numparc": 6931, "etat de la localisation": "autre", "ID BDGEO": "575", "horodatage": "2022-11-03 12:22:25", "distance (en metres)": 737.7, "station": "CHARCOT-ZOLA#", "marker-color": "#818181"}}, {"type": "Feature", "geometry": {"type": "Point", "coordinates": [2.327975, 48.778744]}, "properties": {"numparc": 6914, "etat de la localisation": "autre", "ID BDGEO": "580", "horodatage": "2022-11-03 12:23:06", "distance (en metres)": 4837.0, "station": "PORTE D'ORLEANS#", "marker-color": "#818181"}}, {"type": "Feature", "geometry": {"type": "Point", "coordinates": [2.324163, 48.799541]}, "properties": {"numparc": 6908, "etat de la localisation": "autre", "ID BDGEO": "580", "horodatage": "2022-11-03 12:23:38", "distance (en metres)": 2518.39, "station": "PORTE D'ORLEANS#", "marker-color": "#818181"}}, {"type": "Feature", "geometry": {"type": "Point", "coordinates": [2.3194, 48.767471]}, "properties": {"numparc": 6931, "etat de la localisation": "autre", "ID BDGEO": "575", "horodatage": "2022-11-03 12:24:35", "distance (en metres)": 860.51, "station": "CHARCOT-ZOLA#", "marker-color": "#818181"}}, {"type": "Feature", "geometry": {"type": "Point", "coordinates": [2.32767, 48.798161]}, "properties": {"numparc": 6908, "etat de la localisation": "autre", "ID BDGEO": "580", "horodatage": "2022-11-03 12:24:56", "distance (en metres)": 2681.01, "station": "PORTE D'ORLEANS#", "marker-color": "#818181"}}, {"type": "Feature", "geometry": {"type": "Point", "coordinates": [2.326063, 48.775059]}, "properties": {"numparc": 6914, "etat de la localisation": "autre", "ID BDGEO": "602", "horodatage": "2022-11-03 12:25:20", "distance (en metres)": 4984.72, "station": "DEPOT THIAIS ( S )", "marker-color": "#818181"}}, {"type": "Feature", "geometry": {"type": "Point", "coordinates": [2.325388, 48.818485]}, "properties": {"numparc": 6919, "etat de la localisation": "autre", "ID BDGEO": "580", "horodatage": "2022-11-03 12:26:05", "distance (en metres)": 415.49, "station": "PORTE D'ORLEANS#", "marker-color": "#818181"}}, {"type": "Feature", "geometry": {"type": "Point", "coordinates": [2.331765, 48.796364]}, "properties": {"numparc": 6908, "etat de la localisation": "autre", "ID BDGEO": "580", "horodatage": "2022-11-03 12:26:34", "distance (en metres)": 2918.74, "station": "PORTE D'ORLEANS#", "marker-color": "#818181"}}, {"type": "Feature", "geometry": {"type": "Point", "coordinates": [2.322153, 48.770035]}, "properties": {"numparc": 6914, "etat de la localisation": "autre", "ID BDGEO": "602", "horodatage": "2022-11-03 12:27:15", "distance (en metres)": 5035.91, "station": "DEPOT THIAIS ( S )", "marker-color": "#818181"}}, {"type": "Feature", "geometry": {"type": "Point", "coordinates": [2.32572, 48.813507]}, "properties": {"numparc": 6919, "etat de la localisation": "autre", "ID BDGEO": "580", "horodatage": "2022-11-03 12:27:42", "distance (en metres)": 968.59, "station": "PORTE D'ORLEANS#", "marker-color": "#818181"}}, {"type": "Feature", "geometry": {"type": "Point", "coordinates": [2.334635, 48.794483]}, "properties": {"numparc": 6908, "etat de la localisation": "autre", "ID BDGEO": "580", "horodatage": "2022-11-03 12:27:43", "distance (en metres)": 3166.66, "station": "PORTE D'ORLEANS#", "marker-color": "#818181"}}, {"type": "Feature", "geometry": {"type": "Point", "coordinates": [2.326333, 48.775856]}, "properties": {"numparc": 6931, "etat de la localisation": "autre", "ID BDGEO": "609", "horodatage": "2022-11-03 12:27:45", "distance (en metres)": 54.25, "station": "BARBUSSE-LARROUMES#", "marker-color": "#818181"}}, {"type": "Feature", "geometry": {"type": "Point", "coordinates": [2.319231, 48.767464]}, "properties": {"numparc": 6914, "etat de la localisation": "autre", "ID BDGEO": "602", "horodatage": "2022-11-03 12:28:10", "distance (en metres)": 5157.11, "station": "DEPOT THIAIS ( S )", "marker-color": "#818181"}}, {"type": "Feature", "geometry": {"type": "Point", "coordinates": [2.326352, 48.808815]}, "properties": {"numparc": 6919, "etat de la localisation": "autre", "ID BDGEO": "580", "horodatage": "2022-11-03 12:29:47", "distance (en metres)": 1492.37, "station": "PORTE D'ORLEANS#", "marker-color": "#818181"}}, {"type": "Feature", "geometry": {"type": "Point", "coordinates": [2.327998, 48.779911]}, "properties": {"numparc": 6931, "etat de la localisation": "autre", "ID BDGEO": "609", "horodatage": "2022-11-03 12:29:50", "distance (en metres)": 518.26, "station": "BARBUSSE-LARROUMES#", "marker-color": "#818181"}}, {"type": "Feature", "geometry": {"type": "Point", "coordinates": [2.331415, 48.790218]}, "properties": {"numparc": 6908, "etat de la localisation": "autre", "ID BDGEO": "580", "horodatage": "2022-11-03 12:30:25", "distance (en metres)": 3589.48, "station": "PORTE D'ORLEANS#", "marker-color": "#818181"}}, {"type": "Feature", "geometry": {"type": "Point", "coordinates": [2.319209, 48.759937]}, "properties": {"numparc": 6914, "etat de la localisation": "autre", "ID BDGEO": "602", "horodatage": "2022-11-03 12:30:58", "distance (en metres)": 5006.01, "station": "DEPOT THIAIS ( S )", "marker-color": "#818181"}}, {"type": "Feature", "geometry": {"type": "Point", "coordinates": [2.325002, 48.804726]}, "properties": {"numparc": 6919, "etat de la localisation": "autre", "ID BDGEO": "580", "horodatage": "2022-11-03 12:31:30", "distance (en metres)": 1941.91, "station": "PORTE D'ORLEANS#", "marker-color": "#818181"}}, {"type": "Feature", "geometry": {"type": "Point", "coordinates": [2.329332, 48.786274]}, "properties": {"numparc": 6931, "etat de la localisation": "autre", "ID BDGEO": "609", "horodatage": "2022-11-03 12:32:32", "distance (en metres)": 1231.28, "station": "BARBUSSE-LARROUMES#", "marker-color": "#818181"}}, {"type": "Feature", "geometry": {"type": "Point", "coordinates": [2.32892, 48.785675]}, "properties": {"numparc": 6908, "etat de la localisation": "autre", "ID BDGEO": "580", "horodatage": "2022-11-03 12:32:39", "distance (en metres)": 4072.22, "station": "PORTE D'ORLEANS#", "marker-color": "#818181"}}, {"type": "Feature", "geometry": {"type": "Point", "coordinates": [2.321955, 48.755695]}, "properties": {"numparc": 6914, "etat de la localisation": "autre", "ID BDGEO": "602", "horodatage": "2022-11-03 12:33:00", "distance (en metres)": 4778.97, "station": "DEPOT THIAIS ( S )", "marker-color": "#818181"}}, {"type": "Feature", "geometry": {"type": "Point", "coordinates": [2.323678, 48.801445]}, "properties": {"numparc": 6919, "etat de la localisation": "autre", "ID BDGEO": "580", "horodatage": "2022-11-03 12:33:20", "distance (en metres)": 2307.54, "station": "PORTE D'ORLEANS#", "marker-color": "#818181"}}, {"type": "Feature", "geometry": {"type": "Point", "coordinates": [2.330503, 48.763252]}, "properties": {"numparc": 6910, "etat de la localisation": "autre", "ID BDGEO": "734", "horodatage": "2022-11-03 12:33:31", "distance (en metres)": 264.64, "station": "CHARCOT ZOLA", "marker-color": "#818181"}}, {"type": "Feature", "geometry": {"type": "Point", "coordinates": [2.327971, 48.783337]}, "properties": {"numparc": 6908, "etat de la localisation": "autre", "ID BDGEO": "580", "horodatage": "2022-11-03 12:33:36", "distance (en metres)": 4327.02, "station": "PORTE D'ORLEANS#", "marker-color": "#818181"}}, {"type": "Feature", "geometry": {"type": "Point", "coordinates": [2.324139, 48.799587]}, "properties": {"numparc": 6919, "etat de la localisation": "autre", "ID BDGEO": "580", "horodatage": "2022-11-03 12:34:20", "distance (en metres)": 2513.33, "station": "PORTE D'ORLEANS#", "marker-color": "#818181"}}, {"type": "Feature", "geometry": {"type": "Point", "coordinates": [2.331477, 48.790192]}, "properties": {"numparc": 6931, "etat de la localisation": "autre", "ID BDGEO": "609", "horodatage": "2022-11-03 12:34:25", "distance (en metres)": 1689.47, "station": "BARBUSSE-LARROUMES#", "marker-color": "#818181"}}, {"type": "Feature", "geometry": {"type": "Point", "coordinates": [2.323961, 48.75853]}, "properties": {"numparc": 6914, "etat de la localisation": "autre", "ID BDGEO": "602", "horodatage": "2022-11-03 12:34:56", "distance (en metres)": 4645.14, "station": "DEPOT THIAIS ( S )", "marker-color": "#818181"}}, {"type": "Feature", "geometry": {"type": "Point", "coordinates": [2.327641, 48.79818]}, "properties": {"numparc": 6919, "etat de la localisation": "autre", "ID BDGEO": "580", "horodatage": "2022-11-03 12:35:28", "distance (en metres)": 2678.73, "station": "PORTE D'ORLEANS#", "marker-color": "#818181"}}, {"type": "Feature", "geometry": {"type": "Point", "coordinates": [2.326618, 48.76157]}, "properties": {"numparc": 6910, "etat de la localisation": "autre", "ID BDGEO": "734", "horodatage": "2022-11-03 12:35:37", "distance (en metres)": 197.9, "station": "CHARCOT ZOLA", "marker-color": "#818181"}}, {"type": "Feature", "geometry": {"type": "Point", "coordinates": [2.328, 48.778709]}, "properties": {"numparc": 6908, "etat de la localisation": "autre", "ID BDGEO": "580", "horodatage": "2022-11-03 12:35:44", "distance (en metres)": 4840.91, "station": "PORTE D'ORLEANS#", "marker-color": "#818181"}}, {"type": "Feature", "geometry": {"type": "Point", "coordinates": [2.334175, 48.794022]}, "properties": {"numparc": 6931, "etat de la localisation": "autre", "ID BDGEO": "609", "horodatage": "2022-11-03 12:36:03", "distance (en metres)": 2150.68, "station": "BARBUSSE-LARROUMES#", "marker-color": "#818181"}}, {"type": "Feature", "geometry": {"type": "Point", "coordinates": [2.334176, 48.794022]}, "properties": {"numparc": 6931, "etat de la localisation": "autre", "ID BDGEO": "609", "horodatage": "2022-11-03 12:36:25", "distance (en metres)": 2150.7, "station": "BARBUSSE-LARROUMES#", "marker-color": "#818181"}}, {"type": "Feature", "geometry": {"type": "Point", "coordinates": [2.325544, 48.821205]}, "properties": {"numparc": 6928, "etat de la localisation": "autre", "ID BDGEO": "580", "horodatage": "2022-11-03 12:36:35", "distance (en metres)": 128.38, "station": "PORTE D'ORLEANS#", "marker-color": "#818181"}}, {"type": "Feature", "geometry": {"type": "Point", "coordinates": [2.326054, 48.775009]}, "properties": {"numparc": 6908, "etat de la localisation": "autre", "ID BDGEO": "602", "horodatage": "2022-11-03 12:37:01", "distance (en metres)": 4982.88, "station": "DEPOT THIAIS ( S )", "marker-color": "#818181"}}, {"type": "Feature", "geometry": {"type": "Point", "coordinates": [2.331779, 48.796387]}, "properties": {"numparc": 6919, "etat de la localisation": "autre", "ID BDGEO": "580", "horodatage": "2022-11-03 12:37:06", "distance (en metres)": 2916.42, "station": "PORTE D'ORLEANS#", "marker-color": "#818181"}}, {"type": "Feature", "geometry": {"type": "Point", "coordinates": [2.326488, 48.76128]}, "properties": {"numparc": 6914, "etat de la localisation": "autre", "ID BDGEO": "602", "horodatage": "2022-11-03 12:37:37", "distance (en metres)": 4494.98, "station": "DEPOT THIAIS ( S )", "marker-color": "#818181"}}, {"type": "Feature", "geometry": {"type": "Point", "coordinates": [2.323765, 48.773056]}, "properties": {"numparc": 6908, "etat de la localisation": "autre", "ID BDGEO": "602", "horodatage": "2022-11-03 12:37:52", "distance (en metres)": 5045.58, "station": "DEPOT THIAIS ( S )", "marker-color": "#818181"}}, {"type": "Feature", "geometry": {"type": "Point", "coordinates": [2.330742, 48.797024]}, "properties": {"numparc": 6931, "etat de la localisation": "autre", "ID BDGEO": "609", "horodatage": "2022-11-03 12:38:15", "distance (en metres)": 2428.65, "station": "BARBUSSE-LARROUMES#", "marker-color": "#818181"}}, {"type": "Feature", "geometry": {"type": "Point", "coordinates": [2.322171, 48.770042]}, "properties": {"numparc": 6908, "etat de la localisation": "autre", "ID BDGEO": "602", "horodatage": "2022-11-03 12:38:45", "distance (en metres)": 5034.95, "station": "DEPOT THIAIS ( S )", "marker-color": "#818181"}}, {"type": "Feature", "geometry": {"type": "Point", "coordinates": [2.334666, 48.794521]}, "properties": {"numparc": 6919, "etat de la localisation": "autre", "ID BDGEO": "580", "horodatage": "2022-11-03 12:38:48", "distance (en metres)": 3163.06, "station": "PORTE D'ORLEANS#", "marker-color": "#818181"}}, {"type": "Feature", "geometry": {"type": "Point", "coordinates": [2.324644, 48.821629]}, "properties": {"numparc": 6928, "etat de la localisation": "autre", "ID BDGEO": "580", "horodatage": "2022-11-03 12:38:52", "distance (en metres)": 62.2, "station": "PORTE D'ORLEANS#", "marker-color": "#818181"}}, {"type": "Feature", "geometry": {"type": "Point", "coordinates": [2.328778, 48.797825]}, "properties": {"numparc": 6931, "etat de la localisation": "autre", "ID BDGEO": "609", "horodatage": "2022-11-03 12:39:09", "distance (en metres)": 2502.89, "station": "BARBUSSE-LARROUMES#", "marker-color": "#818181"}}, {"type": "Feature", "geometry": {"type": "Point", "coordinates": [2.319195, 48.767403]}, "properties": {"numparc": 6908, "etat de la localisation": "autre", "ID BDGEO": "602", "horodatage": "2022-11-03 12:39:38", "distance (en metres)": 5157.89, "station": "DEPOT THIAIS ( S )", "marker-color": "#818181"}}, {"type": "Feature", "geometry": {"type": "Point", "coordinates": [2.3194, 48.759762]}, "properties": {"numparc": 6910, "etat de la localisation": "autre", "ID BDGEO": "599", "horodatage": "2022-11-03 12:39:48", "distance (en metres)": 63.19, "station": "TUILERIE", "marker-color": "#818181"}}, {"type": "Feature", "geometry": {"type": "Point", "coordinates": [2.331054, 48.762997]}, "properties": {"numparc": 6914, "etat de la localisation": "autre", "ID BDGEO": "734", "horodatage": "2022-11-03 12:40:15", "distance (en metres)": 257.32, "station": "CHARCOT ZOLA", "marker-color": "#818181"}}, {"type": "Feature", "geometry": {"type": "Point", "coordinates": [2.331416, 48.790257]}, "properties": {"numparc": 6919, "etat de la localisation": "autre", "ID BDGEO": "580", "horodatage": "2022-11-03 12:40:39", "distance (en metres)": 3585.28, "station": "PORTE D'ORLEANS#", "marker-color": "#818181"}}, {"type": "Feature", "geometry": {"type": "Point", "coordinates": [2.331054, 48.762997]}, "properties": {"numparc": 6914, "etat de la localisation": "autre", "ID BDGEO": "734", "horodatage": "2022-11-03 12:41:16", "distance (en metres)": 257.32, "station": "CHARCOT ZOLA", "marker-color": "#818181"}}, {"type": "Feature", "geometry": {"type": "Point", "coordinates": [2.318121, 48.764057]}, "properties": {"numparc": 6908, "etat de la localisation": "autre", "ID BDGEO": "602", "horodatage": "2022-11-03 12:41:20", "distance (en metres)": 5151.38, "station": "DEPOT THIAIS ( S )", "marker-color": "#818181"}}, {"type": "Feature", "geometry": {"type": "Point", "coordinates": [2.323925, 48.799732]}, "properties": {"numparc": 6931, "etat de la localisation": "autre", "ID BDGEO": "609", "horodatage": "2022-11-03 12:41:54", "distance (en metres)": 2715.0, "station": "BARBUSSE-LARROUMES#", "marker-color": "#818181"}}, {"type": "Feature", "geometry": {"type": "Point", "coordinates": [2.328895, 48.785671]}, "properties": {"numparc": 6919, "etat de la localisation": "autre", "ID BDGEO": "580", "horodatage": "2022-11-03 12:42:07", "distance (en metres)": 4072.5, "station": "PORTE D'ORLEANS#", "marker-color": "#818181"}}, {"type": "Feature", "geometry": {"type": "Point", "coordinates": [2.318269, 48.76207]}, "properties": {"numparc": 6908, "etat de la localisation": "autre", "ID BDGEO": "602", "horodatage": "2022-11-03 12:42:09", "distance (en metres)": 5103.79, "station": "DEPOT THIAIS ( S )", "marker-color": "#818181"}}, {"type": "Feature", "geometry": {"type": "Point", "coordinates": [2.327982, 48.78334]}, "properties": {"numparc": 6919, "etat de la localisation": "autre", "ID BDGEO": "580", "horodatage": "2022-11-03 12:42:56", "distance (en metres)": 4326.64, "station": "PORTE D'ORLEANS#", "marker-color": "#818181"}}, {"type": "Feature", "geometry": {"type": "Point", "coordinates": [2.324261, 48.801655]}, "properties": {"numparc": 6931, "etat de la localisation": "autre", "ID BDGEO": "609", "horodatage": "2022-11-03 12:43:51", "distance (en metres)": 2926.92, "station": "BARBUSSE-LARROUMES#", "marker-color": "#818181"}}, {"type": "Feature", "geometry": {"type": "Point", "coordinates": [2.327972, 48.778732]}, "properties": {"numparc": 6919, "etat de la localisation": "autre", "ID BDGEO": "580", "horodatage": "2022-11-03 12:44:14", "distance (en metres)": 4838.26, "station": "PORTE D'ORLEANS#", "marker-color": "#818181"}}, {"type": "Feature", "geometry": {"type": "Point", "coordinates": [2.326051, 48.775066]}, "properties": {"numparc": 6919, "etat de la localisation": "autre", "ID BDGEO": "602", "horodatage": "2022-11-03 12:45:17", "distance (en metres)": 4985.88, "station": "DEPOT THIAIS ( S )", "marker-color": "#818181"}}, {"type": "Feature", "geometry": {"type": "Point", "coordinates": [2.325037, 48.759319]}, "properties": {"numparc": 6908, "etat de la localisation": "Deviation programmee", "ID BDGEO": "602", "horodatage": "2022-11-03 12:45:33", "distance (en metres)": 4574.11, "station": "DEPOT THIAIS ( S )", "marker-color": "#56FF93"}}, {"type": "Feature", "geometry": {"type": "Point", "coordinates": [2.325538, 48.805138]}, "properties": {"numparc": 6931, "etat de la localisation": "autre", "ID BDGEO": "609", "horodatage": "2022-11-03 12:45:52", "distance (en metres)": 3310.59, "station": "BARBUSSE-LARROUMES#", "marker-color": "#818181"}}, {"type": "Feature", "geometry": {"type": "Point", "coordinates": [2.326457, 48.76123]}, "properties": {"numparc": 6908, "etat de la localisation": "autre", "ID BDGEO": "602", "horodatage": "2022-11-03 12:46:24", "distance (en metres)": 4496.42, "station": "DEPOT THIAIS ( S )", "marker-color": "#818181"}}, {"type": "Feature", "geometry": {"type": "Point", "coordinates": [2.322148, 48.77005]}, "properties": {"numparc": 6919, "etat de la localisation": "autre", "ID BDGEO": "602", "horodatage": "2022-11-03 12:46:45", "distance (en metres)": 5036.81, "station": "DEPOT THIAIS ( S )", "marker-color": "#818181"}}, {"type": "Feature", "geometry": {"type": "Point", "coordinates": [2.319178, 48.767426]}, "properties": {"numparc": 6919, "etat de la localisation": "autre", "ID BDGEO": "602", "horodatage": "2022-11-03 12:47:37", "distance (en metres)": 5159.75, "station": "DEPOT THIAIS ( S )", "marker-color": "#818181"}}, {"type": "Feature", "geometry": {"type": "Point", "coordinates": [2.326751, 48.810944]}, "properties": {"numparc": 6931, "etat de la localisation": "autre", "ID BDGEO": "609", "horodatage": "2022-11-03 12:47:44", "distance (en metres)": 3955.66, "station": "BARBUSSE-LARROUMES#", "marker-color": "#818181"}}, {"type": "Feature", "geometry": {"type": "Point", "coordinates": [2.331054, 48.762997]}, "properties": {"numparc": 6914, "etat de la localisation": "autre", "ID BDGEO": "734", "horodatage": "2022-11-03 12:48:01", "distance (en metres)": 257.32, "station": "CHARCOT ZOLA", "marker-color": "#818181"}}, {"type": "Feature", "geometry": {"type": "Point", "coordinates": [2.326028, 48.81361]}, "properties": {"numparc": 6931, "etat de la localisation": "autre", "ID BDGEO": "609", "horodatage": "2022-11-03 12:48:35", "distance (en metres)": 4252.16, "station": "BARBUSSE-LARROUMES#", "marker-color": "#818181"}}, {"type": "Feature", "geometry": {"type": "Point", "coordinates": [2.330502, 48.763226]}, "properties": {"numparc": 6914, "etat de la localisation": "autre", "ID BDGEO": "734", "horodatage": "2022-11-03 12:48:55", "distance (en metres)": 261.85, "station": "CHARCOT ZOLA", "marker-color": "#818181"}}, {"type": "Feature", "geometry": {"type": "Point", "coordinates": [2.325379, 48.818481]}, "properties": {"numparc": 6928, "etat de la localisation": "autre", "ID BDGEO": "580", "horodatage": "2022-11-03 12:49:18", "distance (en metres)": 415.83, "station": "PORTE D'ORLEANS#", "marker-color": "#818181"}}, {"type": "Feature", "geometry": {"type": "Point", "coordinates": [2.318124, 48.764034]}, "properties": {"numparc": 6919, "etat de la localisation": "autre", "ID BDGEO": "602", "horodatage": "2022-11-03 12:49:41", "distance (en metres)": 5150.68, "station": "DEPOT THIAIS ( S )", "marker-color": "#818181"}}, {"type": "Feature", "geometry": {"type": "Point", "coordinates": [2.325722, 48.818142]}, "properties": {"numparc": 6931, "etat de la localisation": "autre", "ID BDGEO": "609", "horodatage": "2022-11-03 12:49:42", "distance (en metres)": 4756.26, "station": "BARBUSSE-LARROUMES#", "marker-color": "#818181"}}, {"type": "Feature", "geometry": {"type": "Point", "coordinates": [2.325409, 48.817844]}, "properties": {"numparc": 6928, "etat de la localisation": "autre", "ID BDGEO": "580", "horodatage": "2022-11-03 12:50:03", "distance (en metres)": 486.38, "station": "PORTE D'ORLEANS#", "marker-color": "#818181"}}, {"type": "Feature", "geometry": {"type": "Point", "coordinates": [2.318265, 48.762074]}, "properties": {"numparc": 6919, "etat de la localisation": "autre", "ID BDGEO": "602", "horodatage": "2022-11-03 12:50:28", "distance (en metres)": 5104.14, "station": "DEPOT THIAIS ( S )", "marker-color": "#818181"}}, {"type": "Feature", "geometry": {"type": "Point", "coordinates": [2.32555, 48.821354]}, "properties": {"numparc": 6931, "etat de la localisation": "autre", "ID BDGEO": "580", "horodatage": "2022-11-03 12:51:16", "distance (en metres)": 114.89, "station": "PORTE D'ORLEANS#", "marker-color": "#818181"}}, {"type": "Feature", "geometry": {"type": "Point", "coordinates": [2.325744, 48.813408]}, "properties": {"numparc": 6928, "etat de la localisation": "autre", "ID BDGEO": "580", "horodatage": "2022-11-03 12:51:32", "distance (en metres)": 979.73, "station": "PORTE D'ORLEANS#", "marker-color": "#818181"}}, {"type": "Feature", "geometry": {"type": "Point", "coordinates": [2.326577, 48.761616]}, "properties": {"numparc": 6914, "etat de la localisation": "autre", "ID BDGEO": "734", "horodatage": "2022-11-03 12:51:52", "distance (en metres)": 202.34, "station": "CHARCOT ZOLA", "marker-color": "#818181"}}, {"type": "Feature", "geometry": {"type": "Point", "coordinates": [2.326371, 48.808781]}, "properties": {"numparc": 6928, "etat de la localisation": "autre", "ID BDGEO": "580", "horodatage": "2022-11-03 12:54:15", "distance (en metres)": 1496.29, "station": "PORTE D'ORLEANS#", "marker-color": "#818181"}}, {"type": "Feature", "geometry": {"type": "Point", "coordinates": [2.326492, 48.761269]}, "properties": {"numparc": 6919, "etat de la localisation": "autre", "ID BDGEO": "602", "horodatage": "2022-11-03 12:54:26", "distance (en metres)": 4494.5, "station": "DEPOT THIAIS ( S )", "marker-color": "#818181"}}, {"type": "Feature", "geometry": {"type": "Point", "coordinates": [2.325094, 48.804695]}, "properties": {"numparc": 6928, "etat de la localisation": "autre", "ID BDGEO": "580", "horodatage": "2022-11-03 12:55:43", "distance (en metres)": 1945.41, "station": "PORTE D'ORLEANS#", "marker-color": "#818181"}}, {"type": "Feature", "geometry": {"type": "Point", "coordinates": [2.334959, 48.794624]}, "properties": {"numparc": 6910, "etat de la localisation": "autre", "ID BDGEO": "595", "horodatage": "2022-11-03 12:56:01", "distance (en metres)": 94.26, "station": "MAIRIE DE CACHAN", "marker-color": "#818181"}}, {"type": "Feature", "geometry": {"type": "Point", "coordinates": [2.331074, 48.763008]}, "properties": {"numparc": 6919, "etat de la localisation": "autre", "ID BDGEO": "734", "horodatage": "2022-11-03 12:56:45", "distance (en metres)": 259.17, "station": "CHARCOT ZOLA", "marker-color": "#818181"}}, {"type": "Feature", "geometry": {"type": "Point", "coordinates": [2.319404, 48.759754]}, "properties": {"numparc": 6914, "etat de la localisation": "autre", "ID BDGEO": "599", "horodatage": "2022-11-03 12:57:15", "distance (en metres)": 62.3, "station": "TUILERIE", "marker-color": "#818181"}}, {"type": "Feature", "geometry": {"type": "Point", "coordinates": [2.323714, 48.801464]}, "properties": {"numparc": 6928, "etat de la localisation": "autre", "ID BDGEO": "580", "horodatage": "2022-11-03 12:57:32", "distance (en metres)": 2305.34, "station": "PORTE D'ORLEANS#", "marker-color": "#818181"}}, {"type": "Feature", "geometry": {"type": "Point", "coordinates": [2.319304, 48.759899]}, "properties": {"numparc": 6914, "etat de la localisation": "autre", "ID BDGEO": "599", "horodatage": "2022-11-03 12:57:37", "distance (en metres)": 79.88, "station": "TUILERIE", "marker-color": "#818181"}}, {"type": "Feature", "geometry": {"type": "Point", "coordinates": [2.324674, 48.821651]}, "properties": {"numparc": 6931, "etat de la localisation": "autre", "ID BDGEO": "580", "horodatage": "2022-11-03 12:58:15", "distance (en metres)": 59.76, "station": "PORTE D'ORLEANS#", "marker-color": "#818181"}}, {"type": "Feature", "geometry": {"type": "Point", "coordinates": [2.324047, 48.799606]}, "properties": {"numparc": 6928, "etat de la localisation": "autre", "ID BDGEO": "580", "horodatage": "2022-11-03 12:59:45", "distance (en metres)": 2511.31, "station": "PORTE D'ORLEANS#", "marker-color": "#818181"}}, {"type": "Feature", "geometry": {"type": "Point", "coordinates": [2.327459, 48.798206]}, "properties": {"numparc": 6928, "etat de la localisation": "autre", "ID BDGEO": "580", "horodatage": "2022-11-03 13:01:16", "distance (en metres)": 2674.7, "station": "PORTE D'ORLEANS#", "marker-color": "#818181"}}, {"type": "Feature", "geometry": {"type": "Point", "coordinates": [2.325375, 48.818432]}, "properties": {"numparc": 6931, "etat de la localisation": "autre", "ID BDGEO": "580", "horodatage": "2022-11-03 13:02:30", "distance (en metres)": 421.25, "station": "PORTE D'ORLEANS#", "marker-color": "#818181"}}, {"type": "Feature", "geometry": {"type": "Point", "coordinates": [2.32578, 48.813442]}, "properties": {"numparc": 6931, "etat de la localisation": "autre", "ID BDGEO": "580", "horodatage": "2022-11-03 13:04:46", "distance (en metres)": 976.15, "station": "PORTE D'ORLEANS#", "marker-color": "#818181"}}, {"type": "Feature", "geometry": {"type": "Point", "coordinates": [2.334598, 48.794594]}, "properties": {"numparc": 6928, "etat de la localisation": "autre", "ID BDGEO": "580", "horodatage": "2022-11-03 13:04:59", "distance (en metres)": 3154.07, "station": "PORTE D'ORLEANS#", "marker-color": "#818181"}}, {"type": "Feature", "geometry": {"type": "Point", "coordinates": [2.387458, 48.753952]}, "properties": {"numparc": 6908, "etat de la localisation": "autre", "ID BDGEO": "602", "horodatage": "2022-11-03 13:05:09", "distance (en metres)": 156.48, "station": "DEPOT THIAIS ( S )", "marker-color": "#818181"}}, {"type": "Feature", "geometry": {"type": "Point", "coordinates": [2.331395, 48.790298]}, "properties": {"numparc": 6928, "etat de la localisation": "autre", "ID BDGEO": "580", "horodatage": "2022-11-03 13:06:44", "distance (en metres)": 3580.45, "station": "PORTE D'ORLEANS#", "marker-color": "#818181"}}, {"type": "Feature", "geometry": {"type": "Point", "coordinates": [2.326348, 48.808849]}, "properties": {"numparc": 6931, "etat de la localisation": "autre", "ID BDGEO": "580", "horodatage": "2022-11-03 13:07:23", "distance (en metres)": 1488.54, "station": "PORTE D'ORLEANS#", "marker-color": "#818181"}}, {"type": "Feature", "geometry": {"type": "Point", "coordinates": [2.32891, 48.785721]}, "properties": {"numparc": 6928, "etat de la localisation": "autre", "ID BDGEO": "580", "horodatage": "2022-11-03 13:08:42", "distance (en metres)": 4067.09, "station": "PORTE D'ORLEANS#", "marker-color": "#818181"}}, {"type": "Feature", "geometry": {"type": "Point", "coordinates": [2.387458, 48.753952]}, "properties": {"numparc": 6908, "etat de la localisation": "autre", "ID BDGEO": "602", "horodatage": "2022-11-03 13:09:04", "distance (en metres)": 156.48, "station": "DEPOT THIAIS ( S )", "marker-color": "#818181"}}, {"type": "Feature", "geometry": {"type": "Point", "coordinates": [2.325034, 48.804752]}, "properties": {"numparc": 6931, "etat de la localisation": "autre", "ID BDGEO": "580", "horodatage": "2022-11-03 13:09:06", "distance (en metres)": 1938.98, "station": "PORTE D'ORLEANS#", "marker-color": "#818181"}}, {"type": "Feature", "geometry": {"type": "Point", "coordinates": [2.327983, 48.783379]}, "properties": {"numparc": 6928, "etat de la localisation": "autre", "ID BDGEO": "580", "horodatage": "2022-11-03 13:09:34", "distance (en metres)": 4322.4, "station": "PORTE D'ORLEANS#", "marker-color": "#818181"}}, {"type": "Feature", "geometry": {"type": "Point", "coordinates": [2.325539, 48.821346]}, "properties": {"numparc": 6910, "etat de la localisation": "autre", "ID BDGEO": "580", "horodatage": "2022-11-03 13:10:44", "distance (en metres)": 115.1, "station": "PORTE D'ORLEANS#", "marker-color": "#818181"}}, {"type": "Feature", "geometry": {"type": "Point", "coordinates": [2.323703, 48.801456]}, "properties": {"numparc": 6931, "etat de la localisation": "autre", "ID BDGEO": "580", "horodatage": "2022-11-03 13:10:50", "distance (en metres)": 2306.21, "station": "PORTE D'ORLEANS#", "marker-color": "#818181"}}, {"type": "Feature", "geometry": {"type": "Point", "coordinates": [2.327964, 48.77874]}, "properties": {"numparc": 6928, "etat de la localisation": "autre", "ID BDGEO": "580", "horodatage": "2022-11-03 13:10:56", "distance (en metres)": 4837.38, "station": "PORTE D'ORLEANS#", "marker-color": "#818181"}}, {"type": "Feature", "geometry": {"type": "Point", "coordinates": [2.330519, 48.763226]}, "properties": {"numparc": 6919, "etat de la localisation": "autre", "ID BDGEO": "734", "horodatage": "2022-11-03 13:11:39", "distance (en metres)": 262.3, "station": "CHARCOT ZOLA", "marker-color": "#818181"}}, {"type": "Feature", "geometry": {"type": "Point", "coordinates": [2.32414, 48.799625]}, "properties": {"numparc": 6931, "etat de la localisation": "autre", "ID BDGEO": "580", "horodatage": "2022-11-03 13:11:47", "distance (en metres)": 2509.08, "station": "PORTE D'ORLEANS#", "marker-color": "#818181"}}, {"type": "Feature", "geometry": {"type": "Point", "coordinates": [2.327548, 48.798275]}, "properties": {"numparc": 6931, "etat de la localisation": "autre", "ID BDGEO": "580", "horodatage": "2022-11-03 13:12:54", "distance (en metres)": 2667.6, "station": "PORTE D'ORLEANS#", "marker-color": "#818181"}}, {"type": "Feature", "geometry": {"type": "Point", "coordinates": [2.327548, 48.798275]}, "properties": {"numparc": 6931, "etat de la localisation": "autre", "ID BDGEO": "580", "horodatage": "2022-11-03 13:13:12", "distance (en metres)": 2667.6, "station": "PORTE D'ORLEANS#", "marker-color": "#818181"}}, {"type": "Feature", "geometry": {"type": "Point", "coordinates": [2.32214, 48.770065]}, "properties": {"numparc": 6928, "etat de la localisation": "autre", "ID BDGEO": "602", "horodatage": "2022-11-03 13:13:14", "distance (en metres)": 5037.92, "station": "DEPOT THIAIS ( S )", "marker-color": "#818181"}}, {"type": "Feature", "geometry": {"type": "Point", "coordinates": [2.326568, 48.761593]}, "properties": {"numparc": 6919, "etat de la localisation": "autre", "ID BDGEO": "734", "horodatage": "2022-11-03 13:13:14", "distance (en metres)": 202.17, "station": "CHARCOT ZOLA", "marker-color": "#818181"}}, {"type": "Feature", "geometry": {"type": "Point", "coordinates": [2.324649, 48.821686]}, "properties": {"numparc": 6910, "etat de la localisation": "autre", "ID BDGEO": "580", "horodatage": "2022-11-03 13:13:15", "distance (en metres)": 55.86, "station": "PORTE D'ORLEANS#", "marker-color": "#818181"}}, {"type": "Feature", "geometry": {"type": "Point", "coordinates": [2.319193, 48.767426]}, "properties": {"numparc": 6928, "etat de la localisation": "autre", "ID BDGEO": "602", "horodatage": "2022-11-03 13:14:12", "distance (en metres)": 5158.7, "station": "DEPOT THIAIS ( S )", "marker-color": "#818181"}}, {"type": "Feature", "geometry": {"type": "Point", "coordinates": [2.327921, 48.798157]}, "properties": {"numparc": 6931, "etat de la localisation": "autre", "ID BDGEO": "580", "horodatage": "2022-11-03 13:14:48", "distance (en metres)": 2683.03, "station": "PORTE D'ORLEANS#", "marker-color": "#818181"}}, {"type": "Feature", "geometry": {"type": "Point", "coordinates": [2.318172, 48.763905]}, "properties": {"numparc": 6928, "etat de la localisation": "autre", "ID BDGEO": "602", "horodatage": "2022-11-03 13:15:49", "distance (en metres)": 5144.55, "station": "DEPOT THIAIS ( S )", "marker-color": "#818181"}}, {"type": "Feature", "geometry": {"type": "Point", "coordinates": [2.325355, 48.81847]}, "properties": {"numparc": 6910, "etat de la localisation": "autre", "ID BDGEO": "580", "horodatage": "2022-11-03 13:15:51", "distance (en metres)": 416.86, "station": "PORTE D'ORLEANS#", "marker-color": "#818181"}}, {"type": "Feature", "geometry": {"type": "Point", "coordinates": [2.325572, 48.821327]}, "properties": {"numparc": 6907, "etat de la localisation": "autre", "ID BDGEO": "580", "horodatage": "2022-11-03 13:16:26", "distance (en metres)": 118.24, "station": "PORTE D'ORLEANS#", "marker-color": "#818181"}}, {"type": "Feature", "geometry": {"type": "Point", "coordinates": [2.331697, 48.796478]}, "properties": {"numparc": 6931, "etat de la localisation": "autre", "ID BDGEO": "580", "horodatage": "2022-11-03 13:16:31", "distance (en metres)": 2905.33, "station": "PORTE D'ORLEANS#", "marker-color": "#818181"}}, {"type": "Feature", "geometry": {"type": "Point", "coordinates": [2.318298, 48.762112]}, "properties": {"numparc": 6928, "etat de la localisation": "autre", "ID BDGEO": "602", "horodatage": "2022-11-03 13:16:39", "distance (en metres)": 5102.36, "station": "DEPOT THIAIS ( S )", "marker-color": "#818181"}}, {"type": "Feature", "geometry": {"type": "Point", "coordinates": [2.325692, 48.813526]}, "properties": {"numparc": 6910, "etat de la localisation": "autre", "ID BDGEO": "580", "horodatage": "2022-11-03 13:17:08", "distance (en metres)": 966.31, "station": "PORTE D'ORLEANS#", "marker-color": "#818181"}}, {"type": "Feature", "geometry": {"type": "Point", "coordinates": [2.334631, 48.794556]}, "properties": {"numparc": 6931, "etat de la localisation": "autre", "ID BDGEO": "580", "horodatage": "2022-11-03 13:17:39", "distance (en metres)": 3158.75, "station": "PORTE D'ORLEANS#", "marker-color": "#818181"}}, {"type": "Feature", "geometry": {"type": "Point", "coordinates": [2.319396, 48.759769]}, "properties": {"numparc": 6919, "etat de la localisation": "autre", "ID BDGEO": "599", "horodatage": "2022-11-03 13:18:35", "distance (en metres)": 64.08, "station": "TUILERIE", "marker-color": "#818181"}}, {"type": "Feature", "geometry": {"type": "Point", "coordinates": [2.324632, 48.821671]}, "properties": {"numparc": 6907, "etat de la localisation": "autre", "ID BDGEO": "580", "horodatage": "2022-11-03 13:18:37", "distance (en metres)": 57.53, "station": "PORTE D'ORLEANS#", "marker-color": "#818181"}}, {"type": "Feature", "geometry": {"type": "Point", "coordinates": [2.319396, 48.759769]}, "properties": {"numparc": 6919, "etat de la localisation": "autre", "ID BDGEO": "599", "horodatage": "2022-11-03 13:18:41", "distance (en metres)": 64.08, "station": "TUILERIE", "marker-color": "#818181"}}, {"type": "Feature", "geometry": {"type": "Point", "coordinates": [2.326278, 48.808838]}, "properties": {"numparc": 6910, "etat de la localisation": "autre", "ID BDGEO": "580", "horodatage": "2022-11-03 13:19:36", "distance (en metres)": 1489.38, "station": "PORTE D'ORLEANS#", "marker-color": "#818181"}}, {"type": "Feature", "geometry": {"type": "Point", "coordinates": [2.331427, 48.790295]}, "properties": {"numparc": 6931, "etat de la localisation": "autre", "ID BDGEO": "580", "horodatage": "2022-11-03 13:20:15", "distance (en metres)": 3581.19, "station": "PORTE D'ORLEANS#", "marker-color": "#818181"}}, {"type": "Feature", "geometry": {"type": "Point", "coordinates": [2.325025, 48.804707]}, "properties": {"numparc": 6910, "etat de la localisation": "autre", "ID BDGEO": "580", "horodatage": "2022-11-03 13:21:10", "distance (en metres)": 1944.06, "station": "PORTE D'ORLEANS#", "marker-color": "#818181"}}, {"type": "Feature", "geometry": {"type": "Point", "coordinates": [2.328901, 48.785713]}, "properties": {"numparc": 6931, "etat de la localisation": "autre", "ID BDGEO": "580", "horodatage": "2022-11-03 13:22:00", "distance (en metres)": 4067.88, "station": "PORTE D'ORLEANS#", "marker-color": "#818181"}}, {"type": "Feature", "geometry": {"type": "Point", "coordinates": [2.326452, 48.76125]}, "properties": {"numparc": 6928, "etat de la localisation": "autre", "ID BDGEO": "602", "horodatage": "2022-11-03 13:22:23", "distance (en metres)": 4497.09, "station": "DEPOT THIAIS ( S )", "marker-color": "#818181"}}, {"type": "Feature", "geometry": {"type": "Point", "coordinates": [2.323678, 48.801411]}, "properties": {"numparc": 6910, "etat de la localisation": "autre", "ID BDGEO": "580", "horodatage": "2022-11-03 13:22:47", "distance (en metres)": 2311.36, "station": "PORTE D'ORLEANS#", "marker-color": "#818181"}}, {"type": "Feature", "geometry": {"type": "Point", "coordinates": [2.327993, 48.783371]}, "properties": {"numparc": 6931, "etat de la localisation": "autre", "ID BDGEO": "580", "horodatage": "2022-11-03 13:22:55", "distance (en metres)": 4323.29, "station": "PORTE D'ORLEANS#", "marker-color": "#818181"}}, {"type": "Feature", "geometry": {"type": "Point", "coordinates": [2.324155, 48.799606]}, "properties": {"numparc": 6910, "etat de la localisation": "autre", "ID BDGEO": "580", "horodatage": "2022-11-03 13:23:51", "distance (en metres)": 2511.19, "station": "PORTE D'ORLEANS#", "marker-color": "#818181"}}, {"type": "Feature", "geometry": {"type": "Point", "coordinates": [2.330722, 48.762627]}, "properties": {"numparc": 6928, "etat de la localisation": "autre", "ID BDGEO": "585", "horodatage": "2022-11-03 13:24:13", "distance (en metres)": 360.39, "station": "FRESNES CHARCOT ZOLA.", "marker-color": "#818181"}}, {"type": "Feature", "geometry": {"type": "Point", "coordinates": [2.3876, 48.754585]}, "properties": {"numparc": 6918, "etat de la localisation": "autre", "ID BDGEO": "602", "horodatage": "2022-11-03 13:24:17", "distance (en metres)": 90.76, "station": "DEPOT THIAIS ( S )", "marker-color": "#818181"}}, {"type": "Feature", "geometry": {"type": "Point", "coordinates": [2.330487, 48.763241]}, "properties": {"numparc": 6925, "etat de la localisation": "autre", "ID BDGEO": "734", "horodatage": "2022-11-03 13:24:30", "distance (en metres)": 263.03, "station": "CHARCOT ZOLA", "marker-color": "#818181"}}, {"type": "Feature", "geometry": {"type": "Point", "coordinates": [2.327972, 48.778732]}, "properties": {"numparc": 6931, "etat de la localisation": "autre", "ID BDGEO": "580", "horodatage": "2022-11-03 13:24:47", "distance (en metres)": 4838.26, "station": "PORTE D'ORLEANS#", "marker-color": "#818181"}}, {"type": "Feature", "geometry": {"type": "Point", "coordinates": [2.3276, 48.79826]}, "properties": {"numparc": 6910, "etat de la localisation": "autre", "ID BDGEO": "580", "horodatage": "2022-11-03 13:25:37", "distance (en metres)": 2669.6, "station": "PORTE D'ORLEANS#", "marker-color": "#818181"}}, {"type": "Feature", "geometry": {"type": "Point", "coordinates": [2.326027, 48.775051]}, "properties": {"numparc": 6931, "etat de la localisation": "autre", "ID BDGEO": "602", "horodatage": "2022-11-03 13:26:00", "distance (en metres)": 4986.72, "station": "DEPOT THIAIS ( S )", "marker-color": "#818181"}}, {"type": "Feature", "geometry": {"type": "Point", "coordinates": [2.326576, 48.761551]}, "properties": {"numparc": 6925, "etat de la localisation": "autre", "ID BDGEO": "734", "horodatage": "2022-11-03 13:26:17", "distance (en metres)": 200.22, "station": "CHARCOT ZOLA", "marker-color": "#818181"}}, {"type": "Feature", "geometry": {"type": "Point", "coordinates": [2.322129, 48.770023]}, "properties": {"numparc": 6931, "etat de la localisation": "autre", "ID BDGEO": "602", "horodatage": "2022-11-03 13:27:21", "distance (en metres)": 5037.17, "station": "DEPOT THIAIS ( S )", "marker-color": "#818181"}}, {"type": "Feature", "geometry": {"type": "Point", "coordinates": [2.325582, 48.821396]}, "properties": {"numparc": 6914, "etat de la localisation": "autre", "ID BDGEO": "580", "horodatage": "2022-11-03 13:27:24", "distance (en metres)": 112.6, "station": "PORTE D'ORLEANS#", "marker-color": "#818181"}}, {"type": "Feature", "geometry": {"type": "Point", "coordinates": [2.31921, 48.767456]}, "properties": {"numparc": 6931, "etat de la localisation": "autre", "ID BDGEO": "602", "horodatage": "2022-11-03 13:28:13", "distance (en metres)": 5158.37, "station": "DEPOT THIAIS ( S )", "marker-color": "#818181"}}, {"type": "Feature", "geometry": {"type": "Point", "coordinates": [2.331707, 48.796471]}, "properties": {"numparc": 6910, "etat de la localisation": "autre", "ID BDGEO": "580", "horodatage": "2022-11-03 13:28:15", "distance (en metres)": 2906.29, "station": "PORTE D'ORLEANS#", "marker-color": "#818181"}}, {"type": "Feature", "geometry": {"type": "Point", "coordinates": [2.3876, 48.754585]}, "properties": {"numparc": 6918, "etat de la localisation": "Delocalise", "ID BDGEO": "602", "horodatage": "2022-11-03 13:28:44", "distance (en metres)": 90.76, "station": "DEPOT THIAIS ( S )", "marker-color": "#FF565E"}}, {"type": "Feature", "geometry": {"type": "Point", "coordinates": [2.325753, 48.813526]}, "properties": {"numparc": 6907, "etat de la localisation": "autre", "ID BDGEO": "580", "horodatage": "2022-11-03 13:28:51", "distance (en metres)": 966.68, "station": "PORTE D'ORLEANS#", "marker-color": "#818181"}}, {"type": "Feature", "geometry": {"type": "Point", "coordinates": [2.334605, 48.794544]}, "properties": {"numparc": 6910, "etat de la localisation": "autre", "ID BDGEO": "580", "horodatage": "2022-11-03 13:29:54", "distance (en metres)": 3159.55, "station": "PORTE D'ORLEANS#", "marker-color": "#818181"}}, {"type": "Feature", "geometry": {"type": "Point", "coordinates": [2.318127, 48.763958]}, "properties": {"numparc": 6931, "etat de la localisation": "autre", "ID BDGEO": "602", "horodatage": "2022-11-03 13:29:55", "distance (en metres)": 5148.9, "station": "DEPOT THIAIS ( S )", "marker-color": "#818181"}}, {"type": "Feature", "geometry": {"type": "Point", "coordinates": [2.324605, 48.821678]}, "properties": {"numparc": 6914, "etat de la localisation": "autre", "ID BDGEO": "580", "horodatage": "2022-11-03 13:30:38", "distance (en metres)": 56.69, "station": "PORTE D'ORLEANS#", "marker-color": "#818181"}}, {"type": "Feature", "geometry": {"type": "Point", "coordinates": [2.31826, 48.762085]}, "properties": {"numparc": 6931, "etat de la localisation": "autre", "ID BDGEO": "602", "horodatage": "2022-11-03 13:30:43", "distance (en metres)": 5104.69, "station": "DEPOT THIAIS ( S )", "marker-color": "#818181"}}, {"type": "Feature", "geometry": {"type": "Point", "coordinates": [2.326352, 48.808834]}, "properties": {"numparc": 6907, "etat de la localisation": "autre", "ID BDGEO": "580", "horodatage": "2022-11-03 13:31:32", "distance (en metres)": 1490.25, "station": "PORTE D'ORLEANS#", "marker-color": "#818181"}}, {"type": "Feature", "geometry": {"type": "Point", "coordinates": [2.319407, 48.759747]}, "properties": {"numparc": 6925, "etat de la localisation": "autre", "ID BDGEO": "599", "horodatage": "2022-11-03 13:31:33", "distance (en metres)": 61.42, "station": "TUILERIE", "marker-color": "#818181"}}, {"type": "Feature", "geometry": {"type": "Point", "coordinates": [2.331468, 48.79026]}, "properties": {"numparc": 6910, "etat de la localisation": "autre", "ID BDGEO": "580", "horodatage": "2022-11-03 13:31:49", "distance (en metres)": 3585.4, "station": "PORTE D'ORLEANS#", "marker-color": "#818181"}}, {"type": "Feature", "geometry": {"type": "Point", "coordinates": [2.319233, 48.759933]}, "properties": {"numparc": 6931, "etat de la localisation": "Deviation programmee", "ID BDGEO": "602", "horodatage": "2022-11-03 13:32:10", "distance (en metres)": 5004.23, "station": "DEPOT THIAIS ( S )", "marker-color": "#56FF93"}}, {"type": "Feature", "geometry": {"type": "Point", "coordinates": [2.325034, 48.804699]}, "properties": {"numparc": 6907, "etat de la localisation": "autre", "ID BDGEO": "580", "horodatage": "2022-11-03 13:33:13", "distance (en metres)": 1944.91, "station": "PORTE D'ORLEANS#", "marker-color": "#818181"}}, {"type": "Feature", "geometry": {"type": "Point", "coordinates": [2.328961, 48.785671]}, "properties": {"numparc": 6910, "etat de la localisation": "autre", "ID BDGEO": "580", "horodatage": "2022-11-03 13:34:10", "distance (en metres)": 4072.87, "station": "PORTE D'ORLEANS#", "marker-color": "#818181"}}, {"type": "Feature", "geometry": {"type": "Point", "coordinates": [2.321984, 48.755711]}, "properties": {"numparc": 6931, "etat de la localisation": "Deviation programmee", "ID BDGEO": "602", "horodatage": "2022-11-03 13:34:14", "distance (en metres)": 4776.85, "station": "DEPOT THIAIS ( S )", "marker-color": "#56FF93"}}, {"type": "Feature", "geometry": {"type": "Point", "coordinates": [2.323705, 48.801434]}, "properties": {"numparc": 6907, "etat de la localisation": "autre", "ID BDGEO": "580", "horodatage": "2022-11-03 13:34:48", "distance (en metres)": 2308.76, "station": "PORTE D'ORLEANS#", "marker-color": "#818181"}}, {"type": "Feature", "geometry": {"type": "Point", "coordinates": [2.328032, 48.783337]}, "properties": {"numparc": 6910, "etat de la localisation": "autre", "ID BDGEO": "580", "horodatage": "2022-11-03 13:35:20", "distance (en metres)": 4327.27, "station": "PORTE D'ORLEANS#", "marker-color": "#818181"}}, {"type": "Feature", "geometry": {"type": "Point", "coordinates": [2.324183, 48.799576]}, "properties": {"numparc": 6907, "etat de la localisation": "autre", "ID BDGEO": "580", "horodatage": "2022-11-03 13:35:50", "distance (en metres)": 2514.56, "station": "PORTE D'ORLEANS#", "marker-color": "#818181"}}, {"type": "Feature", "geometry": {"type": "Point", "coordinates": [2.323451, 48.758118]}, "properties": {"numparc": 6931, "etat de la localisation": "Deviation programmee", "ID BDGEO": "602", "horodatage": "2022-11-03 13:36:10", "distance (en metres)": 4679.19, "station": "DEPOT THIAIS ( S )", "marker-color": "#56FF93"}}, {"type": "Feature", "geometry": {"type": "Point", "coordinates": [2.327993, 48.778755]}, "properties": {"numparc": 6910, "etat de la localisation": "autre", "ID BDGEO": "580", "horodatage": "2022-11-03 13:36:41", "distance (en metres)": 4835.8, "station": "PORTE D'ORLEANS#", "marker-color": "#818181"}}, {"type": "Feature", "geometry": {"type": "Point", "coordinates": [2.327676, 48.798191]}, "properties": {"numparc": 6907, "etat de la localisation": "autre", "ID BDGEO": "580", "horodatage": "2022-11-03 13:37:21", "distance (en metres)": 2677.67, "station": "PORTE D'ORLEANS#", "marker-color": "#818181"}}, {"type": "Feature", "geometry": {"type": "Point", "coordinates": [2.325354, 48.818516]}, "properties": {"numparc": 6914, "etat de la localisation": "autre", "ID BDGEO": "580", "horodatage": "2022-11-03 13:38:25", "distance (en metres)": 411.8, "station": "PORTE D'ORLEANS#", "marker-color": "#818181"}}, {"type": "Feature", "geometry": {"type": "Point", "coordinates": [2.326059, 48.775051]}, "properties": {"numparc": 6910, "etat de la localisation": "autre", "ID BDGEO": "602", "horodatage": "2022-11-03 13:38:50", "distance (en metres)": 4984.6, "station": "DEPOT THIAIS ( S )", "marker-color": "#818181"}}, {"type": "Feature", "geometry": {"type": "Point", "coordinates": [2.38742, 48.753933]}, "properties": {"numparc": 6928, "etat de la localisation": "autre", "ID BDGEO": "614", "horodatage": "2022-11-03 13:39:17", "distance (en metres)": 4368.32, "station": "CHARCOT ZOLA#", "marker-color": "#818181"}}, {"type": "Feature", "geometry": {"type": "Point", "coordinates": [2.324988, 48.759342]}, "properties": {"numparc": 6931, "etat de la localisation": "Deviation programmee", "ID BDGEO": "602", "horodatage": "2022-11-03 13:39:20", "distance (en metres)": 4577.94, "station": "DEPOT THIAIS ( S )", "marker-color": "#56FF93"}}, {"type": "Feature", "geometry": {"type": "Point", "coordinates": [2.387444, 48.753933]}, "properties": {"numparc": 6928, "etat de la localisation": "autre", "ID BDGEO": "614", "horodatage": "2022-11-03 13:39:56", "distance (en metres)": 4370.06, "station": "CHARCOT ZOLA#", "marker-color": "#818181"}}, {"type": "Feature", "geometry": {"type": "Point", "coordinates": [2.331738, 48.796413]}, "properties": {"numparc": 6907, "etat de la localisation": "autre", "ID BDGEO": "580", "horodatage": "2022-11-03 13:40:04", "distance (en metres)": 2912.96, "station": "PORTE D'ORLEANS#", "marker-color": "#818181"}}, {"type": "Feature", "geometry": {"type": "Point", "coordinates": [2.322137, 48.770004]}, "properties": {"numparc": 6910, "etat de la localisation": "autre", "ID BDGEO": "602", "horodatage": "2022-11-03 13:40:32", "distance (en metres)": 5035.92, "station": "DEPOT THIAIS ( S )", "marker-color": "#818181"}}, {"type": "Feature", "geometry": {"type": "Point", "coordinates": [2.319209, 48.767414]}, "properties": {"numparc": 6910, "etat de la localisation": "autre", "ID BDGEO": "602", "horodatage": "2022-11-03 13:41:27", "distance (en metres)": 5157.23, "station": "DEPOT THIAIS ( S )", "marker-color": "#818181"}}, {"type": "Feature", "geometry": {"type": "Point", "coordinates": [2.334658, 48.794552]}, "properties": {"numparc": 6907, "etat de la localisation": "autre", "ID BDGEO": "580", "horodatage": "2022-11-03 13:41:31", "distance (en metres)": 3159.62, "station": "PORTE D'ORLEANS#", "marker-color": "#818181"}}, {"type": "Feature", "geometry": {"type": "Point", "coordinates": [2.326441, 48.761253]}, "properties": {"numparc": 6931, "etat de la localisation": "autre", "ID BDGEO": "602", "horodatage": "2022-11-03 13:41:55", "distance (en metres)": 4497.95, "station": "DEPOT THIAIS ( S )", "marker-color": "#818181"}}, {"type": "Feature", "geometry": {"type": "Point", "coordinates": [2.326344, 48.808998]}, "properties": {"numparc": 6914, "etat de la localisation": "autre", "ID BDGEO": "580", "horodatage": "2022-11-03 13:42:17", "distance (en metres)": 1472.03, "station": "PORTE D'ORLEANS#", "marker-color": "#818181"}}, {"type": "Feature", "geometry": {"type": "Point", "coordinates": [2.325021, 48.804783]}, "properties": {"numparc": 6914, "etat de la localisation": "autre", "ID BDGEO": "580", "horodatage": "2022-11-03 13:43:52", "distance (en metres)": 1935.57, "station": "PORTE D'ORLEANS#", "marker-color": "#818181"}}, {"type": "Feature", "geometry": {"type": "Point", "coordinates": [2.318277, 48.762047]}, "properties": {"numparc": 6910, "etat de la localisation": "autre", "ID BDGEO": "602", "horodatage": "2022-11-03 13:44:04", "distance (en metres)": 5102.84, "station": "DEPOT THIAIS ( S )", "marker-color": "#818181"}}, {"type": "Feature", "geometry": {"type": "Point", "coordinates": [2.331027, 48.763]}, "properties": {"numparc": 6931, "etat de la localisation": "autre", "ID BDGEO": "734", "horodatage": "2022-11-03 13:44:05", "distance (en metres)": 256.64, "station": "CHARCOT ZOLA", "marker-color": "#818181"}}, {"type": "Feature", "geometry": {"type": "Point", "coordinates": [2.331444, 48.790283]}, "properties": {"numparc": 6907, "etat de la localisation": "autre", "ID BDGEO": "580", "horodatage": "2022-11-03 13:44:14", "distance (en metres)": 3582.63, "station": "PORTE D'ORLEANS#", "marker-color": "#818181"}}, {"type": "Feature", "geometry": {"type": "Point", "coordinates": [2.323685, 48.80146]}, "properties": {"numparc": 6914, "etat de la localisation": "autre", "ID BDGEO": "580", "horodatage": "2022-11-03 13:45:16", "distance (en metres)": 2305.83, "station": "PORTE D'ORLEANS#", "marker-color": "#818181"}}, {"type": "Feature", "geometry": {"type": "Point", "coordinates": [2.387711, 48.754028]}, "properties": {"numparc": 6928, "etat de la localisation": "autre", "ID BDGEO": "614", "horodatage": "2022-11-03 13:45:23", "distance (en metres)": 4387.39, "station": "CHARCOT ZOLA#", "marker-color": "#818181"}}, {"type": "Feature", "geometry": {"type": "Point", "coordinates": [2.325613, 48.821346]}, "properties": {"numparc": 6919, "etat de la localisation": "autre", "ID BDGEO": "692", "horodatage": "2022-11-03 13:45:25", "distance (en metres)": 59.44, "station": "PORTE D'ORLEANS#", "marker-color": "#818181"}}, {"type": "Feature", "geometry": {"type": "Point", "coordinates": [2.328943, 48.785721]}, "properties": {"numparc": 6907, "etat de la localisation": "autre", "ID BDGEO": "580", "horodatage": "2022-11-03 13:46:13", "distance (en metres)": 4067.28, "station": "PORTE D'ORLEANS#", "marker-color": "#818181"}}, {"type": "Feature", "geometry": {"type": "Point", "coordinates": [2.331027, 48.763]}, "properties": {"numparc": 6931, "etat de la localisation": "autre", "ID BDGEO": "734", "horodatage": "2022-11-03 13:46:41", "distance (en metres)": 256.64, "station": "CHARCOT ZOLA", "marker-color": "#818181"}}, {"type": "Feature", "geometry": {"type": "Point", "coordinates": [2.327993, 48.783363]}, "properties": {"numparc": 6907, "etat de la localisation": "autre", "ID BDGEO": "580", "horodatage": "2022-11-03 13:47:20", "distance (en metres)": 4324.14, "station": "PORTE D'ORLEANS#", "marker-color": "#818181"}}, {"type": "Feature", "geometry": {"type": "Point", "coordinates": [2.324182, 48.799576]}, "properties": {"numparc": 6914, "etat de la localisation": "autre", "ID BDGEO": "580", "horodatage": "2022-11-03 13:47:45", "distance (en metres)": 2514.56, "station": "PORTE D'ORLEANS#", "marker-color": "#818181"}}, {"type": "Feature", "geometry": {"type": "Point", "coordinates": [2.330486, 48.763233]}, "properties": {"numparc": 6931, "etat de la localisation": "autre", "ID BDGEO": "734", "horodatage": "2022-11-03 13:48:37", "distance (en metres)": 262.21, "station": "CHARCOT ZOLA", "marker-color": "#818181"}}, {"type": "Feature", "geometry": {"type": "Point", "coordinates": [2.327598, 48.798206]}, "properties": {"numparc": 6914, "etat de la localisation": "autre", "ID BDGEO": "580", "horodatage": "2022-11-03 13:49:01", "distance (en metres)": 2675.5, "station": "PORTE D'ORLEANS#", "marker-color": "#818181"}}, {"type": "Feature", "geometry": {"type": "Point", "coordinates": [2.327976, 48.77874]}, "properties": {"numparc": 6907, "etat de la localisation": "autre", "ID BDGEO": "580", "horodatage": "2022-11-03 13:49:21", "distance (en metres)": 4837.43, "station": "PORTE D'ORLEANS#", "marker-color": "#818181"}}, {"type": "Feature", "geometry": {"type": "Point", "coordinates": [2.326052, 48.775055]}, "properties": {"numparc": 6907, "etat de la localisation": "autre", "ID BDGEO": "602", "horodatage": "2022-11-03 13:50:34", "distance (en metres)": 4985.26, "station": "DEPOT THIAIS ( S )", "marker-color": "#818181"}}, {"type": "Feature", "geometry": {"type": "Point", "coordinates": [2.331745, 48.796421]}, "properties": {"numparc": 6914, "etat de la localisation": "autre", "ID BDGEO": "580", "horodatage": "2022-11-03 13:50:42", "distance (en metres)": 2912.21, "station": "PORTE D'ORLEANS#", "marker-color": "#818181"}}, {"type": "Feature", "geometry": {"type": "Point", "coordinates": [2.323786, 48.77306]}, "properties": {"numparc": 6907, "etat de la localisation": "autre", "ID BDGEO": "602", "horodatage": "2022-11-03 13:51:30", "distance (en metres)": 5044.33, "station": "DEPOT THIAIS ( S )", "marker-color": "#818181"}}, {"type": "Feature", "geometry": {"type": "Point", "coordinates": [2.331028, 48.762974]}, "properties": {"numparc": 6910, "etat de la localisation": "autre", "ID BDGEO": "734", "horodatage": "2022-11-03 13:51:47", "distance (en metres)": 254.15, "station": "CHARCOT ZOLA", "marker-color": "#818181"}}, {"type": "Feature", "geometry": {"type": "Point", "coordinates": [2.334625, 48.794518]}, "properties": {"numparc": 6914, "etat de la localisation": "autre", "ID BDGEO": "580", "horodatage": "2022-11-03 13:52:24", "distance (en metres)": 3162.77, "station": "PORTE D'ORLEANS#", "marker-color": "#818181"}}, {"type": "Feature", "geometry": {"type": "Point", "coordinates": [2.322113, 48.769989]}, "properties": {"numparc": 6907, "etat de la localisation": "autre", "ID BDGEO": "602", "horodatage": "2022-11-03 13:52:49", "distance (en metres)": 5037.04, "station": "DEPOT THIAIS ( S )", "marker-color": "#818181"}}, {"type": "Feature", "geometry": {"type": "Point", "coordinates": [2.319226, 48.767456]}, "properties": {"numparc": 6907, "etat de la localisation": "autre", "ID BDGEO": "602", "horodatage": "2022-11-03 13:53:44", "distance (en metres)": 5157.24, "station": "DEPOT THIAIS ( S )", "marker-color": "#818181"}}, {"type": "Feature", "geometry": {"type": "Point", "coordinates": [2.33145, 48.790276]}, "properties": {"numparc": 6914, "etat de la localisation": "autre", "ID BDGEO": "580", "horodatage": "2022-11-03 13:54:30", "distance (en metres)": 3583.53, "station": "PORTE D'ORLEANS#", "marker-color": "#818181"}}, {"type": "Feature", "geometry": {"type": "Point", "coordinates": [2.318125, 48.764038]}, "properties": {"numparc": 6907, "etat de la localisation": "autre", "ID BDGEO": "602", "horodatage": "2022-11-03 13:55:55", "distance (en metres)": 5150.69, "station": "DEPOT THIAIS ( S )", "marker-color": "#818181"}}, {"type": "Feature", "geometry": {"type": "Point", "coordinates": [2.319418, 48.759735]}, "properties": {"numparc": 6931, "etat de la localisation": "autre", "ID BDGEO": "599", "horodatage": "2022-11-03 13:55:59", "distance (en metres)": 59.97, "station": "TUILERIE", "marker-color": "#818181"}}, {"type": "Feature", "geometry": {"type": "Point", "coordinates": [2.328913, 48.785706]}, "properties": {"numparc": 6914, "etat de la localisation": "autre", "ID BDGEO": "580", "horodatage": "2022-11-03 13:56:42", "distance (en metres)": 4068.8, "station": "PORTE D'ORLEANS#", "marker-color": "#818181"}}, {"type": "Feature", "geometry": {"type": "Point", "coordinates": [2.318274, 48.76207]}, "properties": {"numparc": 6907, "etat de la localisation": "autre", "ID BDGEO": "602", "horodatage": "2022-11-03 13:56:45", "distance (en metres)": 5103.42, "station": "DEPOT THIAIS ( S )", "marker-color": "#818181"}}, {"type": "Feature", "geometry": {"type": "Point", "coordinates": [2.331028, 48.762974]}, "properties": {"numparc": 6910, "etat de la localisation": "autre", "ID BDGEO": "734", "horodatage": "2022-11-03 13:57:32", "distance (en metres)": 254.15, "station": "CHARCOT ZOLA", "marker-color": "#818181"}}, {"type": "Feature", "geometry": {"type": "Point", "coordinates": [2.327983, 48.783371]}, "properties": {"numparc": 6914, "etat de la localisation": "autre", "ID BDGEO": "580", "horodatage": "2022-11-03 13:57:41", "distance (en metres)": 4323.25, "station": "PORTE D'ORLEANS#", "marker-color": "#818181"}}, {"type": "Feature", "geometry": {"type": "Point", "coordinates": [2.330496, 48.763241]}, "properties": {"numparc": 6910, "etat de la localisation": "autre", "ID BDGEO": "734", "horodatage": "2022-11-03 13:58:37", "distance (en metres)": 263.27, "station": "CHARCOT ZOLA", "marker-color": "#818181"}}, {"type": "Feature", "geometry": {"type": "Point", "coordinates": [2.327971, 48.778732]}, "properties": {"numparc": 6914, "etat de la localisation": "autre", "ID BDGEO": "580", "horodatage": "2022-11-03 13:59:56", "distance (en metres)": 4838.26, "station": "PORTE D'ORLEANS#", "marker-color": "#818181"}}, {"type": "Feature", "geometry": {"type": "Point", "coordinates": [2.326605, 48.761581]}, "properties": {"numparc": 6910, "etat de la localisation": "autre", "ID BDGEO": "734", "horodatage": "2022-11-03 14:00:50", "distance (en metres)": 199.18, "station": "CHARCOT ZOLA", "marker-color": "#818181"}}, {"type": "Feature", "geometry": {"type": "Point", "coordinates": [2.32605, 48.775051]}, "properties": {"numparc": 6914, "etat de la localisation": "autre", "ID BDGEO": "602", "horodatage": "2022-11-03 14:01:10", "distance (en metres)": 4985.2, "station": "DEPOT THIAIS ( S )", "marker-color": "#818181"}}, {"type": "Feature", "geometry": {"type": "Point", "coordinates": [2.323783, 48.773045]}, "properties": {"numparc": 6914, "etat de la localisation": "autre", "ID BDGEO": "602", "horodatage": "2022-11-03 14:02:13", "distance (en metres)": 5043.88, "station": "DEPOT THIAIS ( S )", "marker-color": "#818181"}}, {"type": "Feature", "geometry": {"type": "Point", "coordinates": [2.326469, 48.761269]}, "properties": {"numparc": 6907, "etat de la localisation": "autre", "ID BDGEO": "602", "horodatage": "2022-11-03 14:03:07", "distance (en metres)": 4496.18, "station": "DEPOT THIAIS ( S )", "marker-color": "#818181"}}, {"type": "Feature", "geometry": {"type": "Point", "coordinates": [2.322084, 48.769966]}, "properties": {"numparc": 6914, "etat de la localisation": "autre", "ID BDGEO": "602", "horodatage": "2022-11-03 14:03:31", "distance (en metres)": 5038.24, "station": "DEPOT THIAIS ( S )", "marker-color": "#818181"}}, {"type": "Feature", "geometry": {"type": "Point", "coordinates": [2.319207, 48.767441]}, "properties": {"numparc": 6914, "etat de la localisation": "autre", "ID BDGEO": "602", "horodatage": "2022-11-03 14:04:35", "distance (en metres)": 5158.15, "station": "DEPOT THIAIS ( S )", "marker-color": "#818181"}}, {"type": "Feature", "geometry": {"type": "Point", "coordinates": [2.331051, 48.763004]}, "properties": {"numparc": 6907, "etat de la localisation": "autre", "ID BDGEO": "734", "horodatage": "2022-11-03 14:05:09", "distance (en metres)": 257.92, "station": "CHARCOT ZOLA", "marker-color": "#818181"}}, {"type": "Feature", "geometry": {"type": "Point", "coordinates": [2.387071, 48.755344]}, "properties": {"numparc": 6919, "etat de la localisation": "autre", "ID BDGEO": "614", "horodatage": "2022-11-03 14:05:12", "distance (en metres)": 4317.11, "station": "CHARCOT ZOLA#", "marker-color": "#818181"}}, {"type": "Feature", "geometry": {"type": "Point", "coordinates": [2.318123, 48.76405]}, "properties": {"numparc": 6914, "etat de la localisation": "autre", "ID BDGEO": "602", "horodatage": "2022-11-03 14:05:49", "distance (en metres)": 5151.07, "station": "DEPOT THIAIS ( S )", "marker-color": "#818181"}}, {"type": "Feature", "geometry": {"type": "Point", "coordinates": [2.325597, 48.821743]}, "properties": {"numparc": 6925, "etat de la localisation": "autre", "ID BDGEO": "580", "horodatage": "2022-11-03 14:05:53", "distance (en metres)": 86.75, "station": "PORTE D'ORLEANS#", "marker-color": "#818181"}}, {"type": "Feature", "geometry": {"type": "Point", "coordinates": [2.319387, 48.759769]}, "properties": {"numparc": 6910, "etat de la localisation": "autre", "ID BDGEO": "599", "horodatage": "2022-11-03 14:06:01", "distance (en metres)": 64.28, "station": "TUILERIE", "marker-color": "#818181"}}, {"type": "Feature", "geometry": {"type": "Point", "coordinates": [2.319149, 48.760109]}, "properties": {"numparc": 6910, "etat de la localisation": "autre", "ID BDGEO": "599", "horodatage": "2022-11-03 14:06:31", "distance (en metres)": 105.66, "station": "TUILERIE", "marker-color": "#818181"}}, {"type": "Feature", "geometry": {"type": "Point", "coordinates": [2.318263, 48.762035]}, "properties": {"numparc": 6914, "etat de la localisation": "autre", "ID BDGEO": "602", "horodatage": "2022-11-03 14:06:48", "distance (en metres)": 5103.66, "station": "DEPOT THIAIS ( S )", "marker-color": "#818181"}}, {"type": "Feature", "geometry": {"type": "Point", "coordinates": [2.387071, 48.755344]}, "properties": {"numparc": 6919, "etat de la localisation": "autre", "ID BDGEO": "614", "horodatage": "2022-11-03 14:07:01", "distance (en metres)": 4317.11, "station": "CHARCOT ZOLA#", "marker-color": "#818181"}}, {"type": "Feature", "geometry": {"type": "Point", "coordinates": [2.387125, 48.755367]}, "properties": {"numparc": 6919, "etat de la localisation": "autre", "ID BDGEO": "614", "horodatage": "2022-11-03 14:07:54", "distance (en metres)": 4320.66, "station": "CHARCOT ZOLA#", "marker-color": "#818181"}}, {"type": "Feature", "geometry": {"type": "Point", "coordinates": [2.324653, 48.821655]}, "properties": {"numparc": 6925, "etat de la localisation": "autre", "ID BDGEO": "580", "horodatage": "2022-11-03 14:08:00", "distance (en metres)": 59.26, "station": "PORTE D'ORLEANS#", "marker-color": "#818181"}}, {"type": "Feature", "geometry": {"type": "Point", "coordinates": [2.331051, 48.763004]}, "properties": {"numparc": 6907, "etat de la localisation": "autre", "ID BDGEO": "734", "horodatage": "2022-11-03 14:08:51", "distance (en metres)": 257.92, "station": "CHARCOT ZOLA", "marker-color": "#818181"}}, {"type": "Feature", "geometry": {"type": "Point", "coordinates": [2.330509, 48.763248]}, "properties": {"numparc": 6907, "etat de la localisation": "autre", "ID BDGEO": "734", "horodatage": "2022-11-03 14:10:53", "distance (en metres)": 264.4, "station": "CHARCOT ZOLA", "marker-color": "#818181"}}, {"type": "Feature", "geometry": {"type": "Point", "coordinates": [2.324963, 48.7593]}, "properties": {"numparc": 6914, "etat de la localisation": "Deviation programmee", "ID BDGEO": "602", "horodatage": "2022-11-03 14:11:26", "distance (en metres)": 4579.3, "station": "DEPOT THIAIS ( S )", "marker-color": "#56FF93"}}, {"type": "Feature", "geometry": {"type": "Point", "coordinates": [2.326488, 48.761292]}, "properties": {"numparc": 6914, "etat de la localisation": "autre", "ID BDGEO": "602", "horodatage": "2022-11-03 14:12:23", "distance (en metres)": 4495.16, "station": "DEPOT THIAIS ( S )", "marker-color": "#818181"}}, {"type": "Feature", "geometry": {"type": "Point", "coordinates": [2.326515, 48.761589]}, "properties": {"numparc": 6907, "etat de la localisation": "autre", "ID BDGEO": "734", "horodatage": "2022-11-03 14:13:14", "distance (en metres)": 205.74, "station": "CHARCOT ZOLA", "marker-color": "#818181"}}, {"type": "Feature", "geometry": {"type": "Point", "coordinates": [2.331046, 48.762997]}, "properties": {"numparc": 6914, "etat de la localisation": "autre", "ID BDGEO": "734", "horodatage": "2022-11-03 14:14:50", "distance (en metres)": 257.01, "station": "CHARCOT ZOLA", "marker-color": "#818181"}}, {"type": "Feature", "geometry": {"type": "Point", "coordinates": [2.324143, 48.799583]}, "properties": {"numparc": 6918, "etat de la localisation": "autre", "ID BDGEO": "580", "horodatage": "2022-11-03 14:14:55", "distance (en metres)": 2513.74, "station": "PORTE D'ORLEANS#", "marker-color": "#818181"}}, {"type": "Feature", "geometry": {"type": "Point", "coordinates": [2.327639, 48.79818]}, "properties": {"numparc": 6918, "etat de la localisation": "autre", "ID BDGEO": "580", "horodatage": "2022-11-03 14:15:58", "distance (en metres)": 2678.72, "station": "PORTE D'ORLEANS#", "marker-color": "#818181"}}, {"type": "Feature", "geometry": {"type": "Point", "coordinates": [2.324653, 48.821655]}, "properties": {"numparc": 6925, "etat de la localisation": "autre", "ID BDGEO": "580", "horodatage": "2022-11-03 14:16:36", "distance (en metres)": 59.26, "station": "PORTE D'ORLEANS#", "marker-color": "#818181"}}, {"type": "Feature", "geometry": {"type": "Point", "coordinates": [2.32538, 48.818489]}, "properties": {"numparc": 6925, "etat de la localisation": "autre", "ID BDGEO": "580", "horodatage": "2022-11-03 14:18:30", "distance (en metres)": 415.0, "station": "PORTE D'ORLEANS#", "marker-color": "#818181"}}, {"type": "Feature", "geometry": {"type": "Point", "coordinates": [2.3194, 48.759769]}, "properties": {"numparc": 6907, "etat de la localisation": "autre", "ID BDGEO": "599", "horodatage": "2022-11-03 14:18:36", "distance (en metres)": 64.0, "station": "TUILERIE", "marker-color": "#818181"}}, {"type": "Feature", "geometry": {"type": "Point", "coordinates": [2.334703, 48.794556]}, "properties": {"numparc": 6918, "etat de la localisation": "autre", "ID BDGEO": "580", "horodatage": "2022-11-03 14:19:04", "distance (en metres)": 3159.98, "station": "PORTE D'ORLEANS#", "marker-color": "#818181"}}, {"type": "Feature", "geometry": {"type": "Point", "coordinates": [2.325722, 48.813541]}, "properties": {"numparc": 6925, "etat de la localisation": "autre", "ID BDGEO": "580", "horodatage": "2022-11-03 14:20:08", "distance (en metres)": 964.8, "station": "PORTE D'ORLEANS#", "marker-color": "#818181"}}, {"type": "Feature", "geometry": {"type": "Point", "coordinates": [2.331434, 48.790241]}, "properties": {"numparc": 6918, "etat de la localisation": "autre", "ID BDGEO": "580", "horodatage": "2022-11-03 14:21:00", "distance (en metres)": 3587.14, "station": "PORTE D'ORLEANS#", "marker-color": "#818181"}}, {"type": "Feature", "geometry": {"type": "Point", "coordinates": [2.331046, 48.762997]}, "properties": {"numparc": 6914, "etat de la localisation": "autre", "ID BDGEO": "734", "horodatage": "2022-11-03 14:21:24", "distance (en metres)": 257.01, "station": "CHARCOT ZOLA", "marker-color": "#818181"}}, {"type": "Feature", "geometry": {"type": "Point", "coordinates": [2.326382, 48.808846]}, "properties": {"numparc": 6925, "etat de la localisation": "autre", "ID BDGEO": "580", "horodatage": "2022-11-03 14:22:24", "distance (en metres)": 1489.18, "station": "PORTE D'ORLEANS#", "marker-color": "#818181"}}, {"type": "Feature", "geometry": {"type": "Point", "coordinates": [2.330499, 48.763233]}, "properties": {"numparc": 6914, "etat de la localisation": "autre", "ID BDGEO": "734", "horodatage": "2022-11-03 14:22:48", "distance (en metres)": 262.55, "station": "CHARCOT ZOLA", "marker-color": "#818181"}}, {"type": "Feature", "geometry": {"type": "Point", "coordinates": [2.328929, 48.785667]}, "properties": {"numparc": 6918, "etat de la localisation": "autre", "ID BDGEO": "580", "horodatage": "2022-11-03 14:23:18", "distance (en metres)": 4073.12, "station": "PORTE D'ORLEANS#", "marker-color": "#818181"}}, {"type": "Feature", "geometry": {"type": "Point", "coordinates": [2.325077, 48.804661]}, "properties": {"numparc": 6925, "etat de la localisation": "autre", "ID BDGEO": "580", "horodatage": "2022-11-03 14:24:07", "distance (en metres)": 1949.21, "station": "PORTE D'ORLEANS#", "marker-color": "#818181"}}, {"type": "Feature", "geometry": {"type": "Point", "coordinates": [2.327992, 48.78334]}, "properties": {"numparc": 6918, "etat de la localisation": "autre", "ID BDGEO": "580", "horodatage": "2022-11-03 14:24:10", "distance (en metres)": 4326.68, "station": "PORTE D'ORLEANS#", "marker-color": "#818181"}}, {"type": "Feature", "geometry": {"type": "Point", "coordinates": [2.326545, 48.761616]}, "properties": {"numparc": 6914, "etat de la localisation": "autre", "ID BDGEO": "734", "horodatage": "2022-11-03 14:25:01", "distance (en metres)": 204.56, "station": "CHARCOT ZOLA", "marker-color": "#818181"}}, {"type": "Feature", "geometry": {"type": "Point", "coordinates": [2.327979, 48.778728]}, "properties": {"numparc": 6918, "etat de la localisation": "autre", "ID BDGEO": "580", "horodatage": "2022-11-03 14:25:29", "distance (en metres)": 4838.71, "station": "PORTE D'ORLEANS#", "marker-color": "#818181"}}, {"type": "Feature", "geometry": {"type": "Point", "coordinates": [2.323709, 48.801407]}, "properties": {"numparc": 6925, "etat de la localisation": "autre", "ID BDGEO": "580", "horodatage": "2022-11-03 14:25:51", "distance (en metres)": 2311.72, "station": "PORTE D'ORLEANS#", "marker-color": "#818181"}}, {"type": "Feature", "geometry": {"type": "Point", "coordinates": [2.326019, 48.775021]}, "properties": {"numparc": 6918, "etat de la localisation": "autre", "ID BDGEO": "602", "horodatage": "2022-11-03 14:26:34", "distance (en metres)": 4985.75, "station": "DEPOT THIAIS ( S )", "marker-color": "#818181"}}, {"type": "Feature", "geometry": {"type": "Point", "coordinates": [2.324205, 48.799576]}, "properties": {"numparc": 6925, "etat de la localisation": "autre", "ID BDGEO": "580", "horodatage": "2022-11-03 14:26:57", "distance (en metres)": 2514.54, "station": "PORTE D'ORLEANS#", "marker-color": "#818181"}}, {"type": "Feature", "geometry": {"type": "Point", "coordinates": [2.322084, 48.769955]}, "properties": {"numparc": 6918, "etat de la localisation": "autre", "ID BDGEO": "602", "horodatage": "2022-11-03 14:28:18", "distance (en metres)": 5037.83, "station": "DEPOT THIAIS ( S )", "marker-color": "#818181"}}, {"type": "Feature", "geometry": {"type": "Point", "coordinates": [2.32766, 48.798187]}, "properties": {"numparc": 6925, "etat de la localisation": "autre", "ID BDGEO": "580", "horodatage": "2022-11-03 14:28:39", "distance (en metres)": 2677.99, "station": "PORTE D'ORLEANS#", "marker-color": "#818181"}}, {"type": "Feature", "geometry": {"type": "Point", "coordinates": [2.319261, 48.767483]}, "properties": {"numparc": 6918, "etat de la localisation": "autre", "ID BDGEO": "602", "horodatage": "2022-11-03 14:29:13", "distance (en metres)": 5155.54, "station": "DEPOT THIAIS ( S )", "marker-color": "#818181"}}, {"type": "Feature", "geometry": {"type": "Point", "coordinates": [2.32767, 48.798191]}, "properties": {"numparc": 6925, "etat de la localisation": "autre", "ID BDGEO": "580", "horodatage": "2022-11-03 14:29:18", "distance (en metres)": 2677.63, "station": "PORTE D'ORLEANS#", "marker-color": "#818181"}}, {"type": "Feature", "geometry": {"type": "Point", "coordinates": [2.328291, 48.798004]}, "properties": {"numparc": 6910, "etat de la localisation": "autre", "ID BDGEO": "632", "horodatage": "2022-11-03 14:29:52", "distance (en metres)": 43.99, "station": "ARCUEIL-CACHAN RER", "marker-color": "#818181"}}, {"type": "Feature", "geometry": {"type": "Point", "coordinates": [2.325537, 48.821293]}, "properties": {"numparc": 6931, "etat de la localisation": "autre", "ID BDGEO": "580", "horodatage": "2022-11-03 14:29:56", "distance (en metres)": 119.89, "station": "PORTE D'ORLEANS#", "marker-color": "#818181"}}, {"type": "Feature", "geometry": {"type": "Point", "coordinates": [2.319412, 48.759754]}, "properties": {"numparc": 6914, "etat de la localisation": "autre", "ID BDGEO": "599", "horodatage": "2022-11-03 14:30:30", "distance (en metres)": 62.13, "station": "TUILERIE", "marker-color": "#818181"}}, {"type": "Feature", "geometry": {"type": "Point", "coordinates": [2.331792, 48.796429]}, "properties": {"numparc": 6925, "etat de la localisation": "autre", "ID BDGEO": "580", "horodatage": "2022-11-03 14:31:24", "distance (en metres)": 2912.0, "station": "PORTE D'ORLEANS#", "marker-color": "#818181"}}, {"type": "Feature", "geometry": {"type": "Point", "coordinates": [2.324635, 48.821663]}, "properties": {"numparc": 6931, "etat de la localisation": "autre", "ID BDGEO": "597", "horodatage": "2022-11-03 14:31:58", "distance (en metres)": 60.22, "station": "PORTE D'ORLEANS.", "marker-color": "#818181"}}, {"type": "Feature", "geometry": {"type": "Point", "coordinates": [2.334623, 48.794537]}, "properties": {"numparc": 6925, "etat de la localisation": "autre", "ID BDGEO": "580", "horodatage": "2022-11-03 14:32:40", "distance (en metres)": 3160.68, "station": "PORTE D'ORLEANS#", "marker-color": "#818181"}}, {"type": "Feature", "geometry": {"type": "Point", "coordinates": [2.319197, 48.759914]}, "properties": {"numparc": 6918, "etat de la localisation": "autre", "ID BDGEO": "602", "horodatage": "2022-11-03 14:32:47", "distance (en metres)": 5006.64, "station": "DEPOT THIAIS ( S )", "marker-color": "#818181"}}, {"type": "Feature", "geometry": {"type": "Point", "coordinates": [2.321953, 48.755695]}, "properties": {"numparc": 6918, "etat de la localisation": "autre", "ID BDGEO": "602", "horodatage": "2022-11-03 14:34:14", "distance (en metres)": 4779.1, "station": "DEPOT THIAIS ( S )", "marker-color": "#818181"}}, {"type": "Feature", "geometry": {"type": "Point", "coordinates": [2.331426, 48.79023]}, "properties": {"numparc": 6925, "etat de la localisation": "autre", "ID BDGEO": "580", "horodatage": "2022-11-03 14:35:20", "distance (en metres)": 3588.32, "station": "PORTE D'ORLEANS#", "marker-color": "#818181"}}, {"type": "Feature", "geometry": {"type": "Point", "coordinates": [2.324085, 48.758514]}, "properties": {"numparc": 6918, "etat de la localisation": "autre", "ID BDGEO": "602", "horodatage": "2022-11-03 14:35:45", "distance (en metres)": 4635.95, "station": "DEPOT THIAIS ( S )", "marker-color": "#818181"}}, {"type": "Feature", "geometry": {"type": "Point", "coordinates": [2.328932, 48.785679]}, "properties": {"numparc": 6925, "etat de la localisation": "autre", "ID BDGEO": "580", "horodatage": "2022-11-03 14:36:55", "distance (en metres)": 4071.86, "station": "PORTE D'ORLEANS#", "marker-color": "#818181"}}, {"type": "Feature", "geometry": {"type": "Point", "coordinates": [2.326495, 48.761276]}, "properties": {"numparc": 6918, "etat de la localisation": "autre", "ID BDGEO": "602", "horodatage": "2022-11-03 14:37:56", "distance (en metres)": 4494.41, "station": "DEPOT THIAIS ( S )", "marker-color": "#818181"}}, {"type": "Feature", "geometry": {"type": "Point", "coordinates": [2.328006, 48.783306]}, "properties": {"numparc": 6925, "etat de la localisation": "autre", "ID BDGEO": "580", "horodatage": "2022-11-03 14:38:05", "distance (en metres)": 4330.55, "station": "PORTE D'ORLEANS#", "marker-color": "#818181"}}, {"type": "Feature", "geometry": {"type": "Point", "coordinates": [2.325385, 48.818539]}, "properties": {"numparc": 6931, "etat de la localisation": "autre", "ID BDGEO": "580", "horodatage": "2022-11-03 14:38:14", "distance (en metres)": 409.58, "station": "PORTE D'ORLEANS#", "marker-color": "#818181"}}, {"type": "Feature", "geometry": {"type": "Point", "coordinates": [2.32798, 48.778698]}, "properties": {"numparc": 6925, "etat de la localisation": "autre", "ID BDGEO": "580", "horodatage": "2022-11-03 14:39:29", "distance (en metres)": 4842.11, "station": "PORTE D'ORLEANS#", "marker-color": "#818181"}}, {"type": "Feature", "geometry": {"type": "Point", "coordinates": [2.325722, 48.813583]}, "properties": {"numparc": 6931, "etat de la localisation": "autre", "ID BDGEO": "580", "horodatage": "2022-11-03 14:39:37", "distance (en metres)": 960.15, "station": "PORTE D'ORLEANS#", "marker-color": "#818181"}}, {"type": "Feature", "geometry": {"type": "Point", "coordinates": [2.331052, 48.762985]}, "properties": {"numparc": 6918, "etat de la localisation": "autre", "ID BDGEO": "734", "horodatage": "2022-11-03 14:39:58", "distance (en metres)": 256.16, "station": "CHARCOT ZOLA", "marker-color": "#818181"}}, {"type": "Feature", "geometry": {"type": "Point", "coordinates": [2.326026, 48.775024]}, "properties": {"numparc": 6925, "etat de la localisation": "autre", "ID BDGEO": "602", "horodatage": "2022-11-03 14:40:49", "distance (en metres)": 4985.48, "station": "DEPOT THIAIS ( S )", "marker-color": "#818181"}}, {"type": "Feature", "geometry": {"type": "Point", "coordinates": [2.32375, 48.773022]}, "properties": {"numparc": 6925, "etat de la localisation": "autre", "ID BDGEO": "602", "horodatage": "2022-11-03 14:41:43", "distance (en metres)": 5045.1, "station": "DEPOT THIAIS ( S )", "marker-color": "#818181"}}, {"type": "Feature", "geometry": {"type": "Point", "coordinates": [2.326384, 48.808853]}, "properties": {"numparc": 6931, "etat de la localisation": "autre", "ID BDGEO": "580", "horodatage": "2022-11-03 14:42:25", "distance (en metres)": 1488.34, "station": "PORTE D'ORLEANS#", "marker-color": "#818181"}}, {"type": "Feature", "geometry": {"type": "Point", "coordinates": [2.325588, 48.82135]}, "properties": {"numparc": 6910, "etat de la localisation": "autre", "ID BDGEO": "580", "horodatage": "2022-11-03 14:42:41", "distance (en metres)": 116.89, "station": "PORTE D'ORLEANS#", "marker-color": "#818181"}}, {"type": "Feature", "geometry": {"type": "Point", "coordinates": [2.322075, 48.769939]}, "properties": {"numparc": 6925, "etat de la localisation": "autre", "ID BDGEO": "602", "horodatage": "2022-11-03 14:43:20", "distance (en metres)": 5037.92, "station": "DEPOT THIAIS ( S )", "marker-color": "#818181"}}, {"type": "Feature", "geometry": {"type": "Point", "coordinates": [2.325056, 48.804714]}, "properties": {"numparc": 6931, "etat de la localisation": "autre", "ID BDGEO": "580", "horodatage": "2022-11-03 14:43:47", "distance (en metres)": 1943.24, "station": "PORTE D'ORLEANS#", "marker-color": "#818181"}}, {"type": "Feature", "geometry": {"type": "Point", "coordinates": [2.319191, 48.767399]}, "properties": {"numparc": 6925, "etat de la localisation": "autre", "ID BDGEO": "602", "horodatage": "2022-11-03 14:44:14", "distance (en metres)": 5158.06, "station": "DEPOT THIAIS ( S )", "marker-color": "#818181"}}, {"type": "Feature", "geometry": {"type": "Point", "coordinates": [2.323708, 48.801456]}, "properties": {"numparc": 6931, "etat de la localisation": "autre", "ID BDGEO": "580", "horodatage": "2022-11-03 14:45:16", "distance (en metres)": 2306.2, "station": "PORTE D'ORLEANS#", "marker-color": "#818181"}}, {"type": "Feature", "geometry": {"type": "Point", "coordinates": [2.318146, 48.764038]}, "properties": {"numparc": 6925, "etat de la localisation": "autre", "ID BDGEO": "602", "horodatage": "2022-11-03 14:46:05", "distance (en metres)": 5149.18, "station": "DEPOT THIAIS ( S )", "marker-color": "#818181"}}, {"type": "Feature", "geometry": {"type": "Point", "coordinates": [2.324186, 48.799614]}, "properties": {"numparc": 6931, "etat de la localisation": "autre", "ID BDGEO": "580", "horodatage": "2022-11-03 14:46:26", "distance (en metres)": 2510.31, "station": "PORTE D'ORLEANS#", "marker-color": "#818181"}}, {"type": "Feature", "geometry": {"type": "Point", "coordinates": [2.327549, 48.798252]}, "properties": {"numparc": 6931, "etat de la localisation": "autre", "ID BDGEO": "580", "horodatage": "2022-11-03 14:47:38", "distance (en metres)": 2670.15, "station": "PORTE D'ORLEANS#", "marker-color": "#818181"}}, {"type": "Feature", "geometry": {"type": "Point", "coordinates": [2.324642, 48.821651]}, "properties": {"numparc": 6910, "etat de la localisation": "autre", "ID BDGEO": "580", "horodatage": "2022-11-03 14:47:55", "distance (en metres)": 59.66, "station": "PORTE D'ORLEANS#", "marker-color": "#818181"}}, {"type": "Feature", "geometry": {"type": "Point", "coordinates": [2.330517, 48.763233]}, "properties": {"numparc": 6918, "etat de la localisation": "autre", "ID BDGEO": "734", "horodatage": "2022-11-03 14:48:06", "distance (en metres)": 263.04, "station": "CHARCOT ZOLA", "marker-color": "#818181"}}, {"type": "Feature", "geometry": {"type": "Point", "coordinates": [2.319236, 48.759865]}, "properties": {"numparc": 6925, "etat de la localisation": "autre", "ID BDGEO": "602", "horodatage": "2022-11-03 14:48:45", "distance (en metres)": 5003.24, "station": "DEPOT THIAIS ( S )", "marker-color": "#818181"}}, {"type": "Feature", "geometry": {"type": "Point", "coordinates": [2.326604, 48.761547]}, "properties": {"numparc": 6918, "etat de la localisation": "autre", "ID BDGEO": "734", "horodatage": "2022-11-03 14:49:48", "distance (en metres)": 198.14, "station": "CHARCOT ZOLA", "marker-color": "#818181"}}, {"type": "Feature", "geometry": {"type": "Point", "coordinates": [2.334622, 48.794529]}, "properties": {"numparc": 6931, "etat de la localisation": "autre", "ID BDGEO": "580", "horodatage": "2022-11-03 14:49:57", "distance (en metres)": 3161.49, "station": "PORTE D'ORLEANS#", "marker-color": "#818181"}}, {"type": "Feature", "geometry": {"type": "Point", "coordinates": [2.325406, 48.818459]}, "properties": {"numparc": 6910, "etat de la localisation": "autre", "ID BDGEO": "580", "horodatage": "2022-11-03 14:50:09", "distance (en metres)": 418.61, "station": "PORTE D'ORLEANS#", "marker-color": "#818181"}}, {"type": "Feature", "geometry": {"type": "Point", "coordinates": [2.321964, 48.755688]}, "properties": {"numparc": 6925, "etat de la localisation": "autre", "ID BDGEO": "602", "horodatage": "2022-11-03 14:50:10", "distance (en metres)": 4778.3, "station": "DEPOT THIAIS ( S )", "marker-color": "#818181"}}, {"type": "Feature", "geometry": {"type": "Point", "coordinates": [2.325746, 48.81353]}, "properties": {"numparc": 6910, "etat de la localisation": "autre", "ID BDGEO": "580", "horodatage": "2022-11-03 14:51:38", "distance (en metres)": 966.22, "station": "PORTE D'ORLEANS#", "marker-color": "#818181"}}, {"type": "Feature", "geometry": {"type": "Point", "coordinates": [2.324034, 48.75853]}, "properties": {"numparc": 6925, "etat de la localisation": "autre", "ID BDGEO": "602", "horodatage": "2022-11-03 14:51:49", "distance (en metres)": 4639.81, "station": "DEPOT THIAIS ( S )", "marker-color": "#818181"}}, {"type": "Feature", "geometry": {"type": "Point", "coordinates": [2.324034, 48.75853]}, "properties": {"numparc": 6925, "etat de la localisation": "autre", "ID BDGEO": "602", "horodatage": "2022-11-03 14:51:57", "distance (en metres)": 4639.81, "station": "DEPOT THIAIS ( S )", "marker-color": "#818181"}}, {"type": "Feature", "geometry": {"type": "Point", "coordinates": [2.331448, 48.790279]}, "properties": {"numparc": 6931, "etat de la localisation": "autre", "ID BDGEO": "580", "horodatage": "2022-11-03 14:52:14", "distance (en metres)": 3583.09, "station": "PORTE D'ORLEANS#", "marker-color": "#818181"}}, {"type": "Feature", "geometry": {"type": "Point", "coordinates": [2.326435, 48.761234]}, "properties": {"numparc": 6925, "etat de la localisation": "autre", "ID BDGEO": "602", "horodatage": "2022-11-03 14:53:48", "distance (en metres)": 4498.08, "station": "DEPOT THIAIS ( S )", "marker-color": "#818181"}}, {"type": "Feature", "geometry": {"type": "Point", "coordinates": [2.326358, 48.808834]}, "properties": {"numparc": 6910, "etat de la localisation": "autre", "ID BDGEO": "580", "horodatage": "2022-11-03 14:54:16", "distance (en metres)": 1490.29, "station": "PORTE D'ORLEANS#", "marker-color": "#818181"}}, {"type": "Feature", "geometry": {"type": "Point", "coordinates": [2.328931, 48.785709]}, "properties": {"numparc": 6931, "etat de la localisation": "autre", "ID BDGEO": "580", "horodatage": "2022-11-03 14:54:33", "distance (en metres)": 4068.47, "station": "PORTE D'ORLEANS#", "marker-color": "#818181"}}, {"type": "Feature", "geometry": {"type": "Point", "coordinates": [2.319406, 48.759762]}, "properties": {"numparc": 6918, "etat de la localisation": "autre", "ID BDGEO": "599", "horodatage": "2022-11-03 14:54:53", "distance (en metres)": 63.06, "station": "TUILERIE", "marker-color": "#818181"}}, {"type": "Feature", "geometry": {"type": "Point", "coordinates": [2.331048, 48.763023]}, "properties": {"numparc": 6925, "etat de la localisation": "autre", "ID BDGEO": "734", "horodatage": "2022-11-03 14:55:19", "distance (en metres)": 259.61, "station": "CHARCOT ZOLA", "marker-color": "#818181"}}, {"type": "Feature", "geometry": {"type": "Point", "coordinates": [2.325563, 48.821365]}, "properties": {"numparc": 6907, "etat de la localisation": "autre", "ID BDGEO": "580", "horodatage": "2022-11-03 14:55:23", "distance (en metres)": 114.43, "station": "PORTE D'ORLEANS#", "marker-color": "#818181"}}, {"type": "Feature", "geometry": {"type": "Point", "coordinates": [2.327999, 48.783371]}, "properties": {"numparc": 6931, "etat de la localisation": "autre", "ID BDGEO": "580", "horodatage": "2022-11-03 14:55:30", "distance (en metres)": 4323.32, "station": "PORTE D'ORLEANS#", "marker-color": "#818181"}}, {"type": "Feature", "geometry": {"type": "Point", "coordinates": [2.325044, 48.804703]}, "properties": {"numparc": 6910, "etat de la localisation": "autre", "ID BDGEO": "580", "horodatage": "2022-11-03 14:55:43", "distance (en metres)": 1944.5, "station": "PORTE D'ORLEANS#", "marker-color": "#818181"}}, {"type": "Feature", "geometry": {"type": "Point", "coordinates": [2.327991, 48.778774]}, "properties": {"numparc": 6931, "etat de la localisation": "autre", "ID BDGEO": "580", "horodatage": "2022-11-03 14:56:56", "distance (en metres)": 4833.67, "station": "PORTE D'ORLEANS#", "marker-color": "#818181"}}, {"type": "Feature", "geometry": {"type": "Point", "coordinates": [2.324611, 48.821663]}, "properties": {"numparc": 6907, "etat de la localisation": "autre", "ID BDGEO": "580", "horodatage": "2022-11-03 14:57:28", "distance (en metres)": 58.38, "station": "PORTE D'ORLEANS#", "marker-color": "#818181"}}, {"type": "Feature", "geometry": {"type": "Point", "coordinates": [2.326053, 48.775063]}, "properties": {"numparc": 6931, "etat de la localisation": "autre", "ID BDGEO": "602", "horodatage": "2022-11-03 14:58:19", "distance (en metres)": 4985.57, "station": "DEPOT THIAIS ( S )", "marker-color": "#818181"}}, {"type": "Feature", "geometry": {"type": "Point", "coordinates": [2.324171, 48.799568]}, "properties": {"numparc": 6910, "etat de la localisation": "autre", "ID BDGEO": "580", "horodatage": "2022-11-03 14:58:20", "distance (en metres)": 2515.42, "station": "PORTE D'ORLEANS#", "marker-color": "#818181"}}, {"type": "Feature", "geometry": {"type": "Point", "coordinates": [2.32378, 48.773067]}, "properties": {"numparc": 6931, "etat de la localisation": "autre", "ID BDGEO": "602", "horodatage": "2022-11-03 14:59:13", "distance (en metres)": 5045.06, "station": "DEPOT THIAIS ( S )", "marker-color": "#818181"}}, {"type": "Feature", "geometry": {"type": "Point", "coordinates": [2.322138, 48.770031]}, "properties": {"numparc": 6931, "etat de la localisation": "autre", "ID BDGEO": "602", "horodatage": "2022-11-03 15:00:07", "distance (en metres)": 5036.82, "station": "DEPOT THIAIS ( S )", "marker-color": "#818181"}}, {"type": "Feature", "geometry": {"type": "Point", "coordinates": [2.327621, 48.798206]}, "properties": {"numparc": 6910, "etat de la localisation": "autre", "ID BDGEO": "580", "horodatage": "2022-11-03 15:00:08", "distance (en metres)": 2675.64, "station": "PORTE D'ORLEANS#", "marker-color": "#818181"}}, {"type": "Feature", "geometry": {"type": "Point", "coordinates": [2.324667, 48.821636]}, "properties": {"numparc": 6907, "etat de la localisation": "autre", "ID BDGEO": "580", "horodatage": "2022-11-03 15:00:36", "distance (en metres)": 61.42, "station": "PORTE D'ORLEANS#", "marker-color": "#818181"}}, {"type": "Feature", "geometry": {"type": "Point", "coordinates": [2.319215, 48.767448]}, "properties": {"numparc": 6931, "etat de la localisation": "autre", "ID BDGEO": "602", "horodatage": "2022-11-03 15:01:03", "distance (en metres)": 5157.8, "station": "DEPOT THIAIS ( S )", "marker-color": "#818181"}}, {"type": "Feature", "geometry": {"type": "Point", "coordinates": [2.32105, 48.768814]}, "properties": {"numparc": 6918, "etat de la localisation": "autre", "ID BDGEO": "616", "horodatage": "2022-11-03 15:01:14", "distance (en metres)": 120.13, "station": "LES JARDINS DE LA BIEVRE", "marker-color": "#818181"}}, {"type": "Feature", "geometry": {"type": "Point", "coordinates": [2.322373, 48.770164]}, "properties": {"numparc": 6918, "etat de la localisation": "autre", "ID BDGEO": "616", "horodatage": "2022-11-03 15:02:16", "distance (en metres)": 58.62, "station": "LES JARDINS DE LA BIEVRE", "marker-color": "#818181"}}, {"type": "Feature", "geometry": {"type": "Point", "coordinates": [2.334624, 48.794514]}, "properties": {"numparc": 6910, "etat de la localisation": "autre", "ID BDGEO": "580", "horodatage": "2022-11-03 15:02:49", "distance (en metres)": 3163.17, "station": "PORTE D'ORLEANS#", "marker-color": "#818181"}}, {"type": "Feature", "geometry": {"type": "Point", "coordinates": [2.318129, 48.764069]}, "properties": {"numparc": 6931, "etat de la localisation": "autre", "ID BDGEO": "602", "horodatage": "2022-11-03 15:03:06", "distance (en metres)": 5151.04, "station": "DEPOT THIAIS ( S )", "marker-color": "#818181"}}, {"type": "Feature", "geometry": {"type": "Point", "coordinates": [2.325728, 48.813557]}, "properties": {"numparc": 6907, "etat de la localisation": "autre", "ID BDGEO": "580", "horodatage": "2022-11-03 15:03:39", "distance (en metres)": 963.14, "station": "PORTE D'ORLEANS#", "marker-color": "#818181"}}, {"type": "Feature", "geometry": {"type": "Point", "coordinates": [2.318277, 48.762081]}, "properties": {"numparc": 6931, "etat de la localisation": "autre", "ID BDGEO": "602", "horodatage": "2022-11-03 15:03:50", "distance (en metres)": 5103.4, "station": "DEPOT THIAIS ( S )", "marker-color": "#818181"}}, {"type": "Feature", "geometry": {"type": "Point", "coordinates": [2.330479, 48.763233]}, "properties": {"numparc": 6925, "etat de la localisation": "autre", "ID BDGEO": "734", "horodatage": "2022-11-03 15:04:01", "distance (en metres)": 262.02, "station": "CHARCOT ZOLA", "marker-color": "#818181"}}, {"type": "Feature", "geometry": {"type": "Point", "coordinates": [2.331438, 48.790268]}, "properties": {"numparc": 6910, "etat de la localisation": "autre", "ID BDGEO": "580", "horodatage": "2022-11-03 15:04:57", "distance (en metres)": 3584.25, "station": "PORTE D'ORLEANS#", "marker-color": "#818181"}}, {"type": "Feature", "geometry": {"type": "Point", "coordinates": [2.319203, 48.759953]}, "properties": {"numparc": 6931, "etat de la localisation": "autre", "ID BDGEO": "602", "horodatage": "2022-11-03 15:05:05", "distance (en metres)": 5006.64, "station": "DEPOT THIAIS ( S )", "marker-color": "#818181"}}, {"type": "Feature", "geometry": {"type": "Point", "coordinates": [2.326549, 48.761585]}, "properties": {"numparc": 6925, "etat de la localisation": "autre", "ID BDGEO": "734", "horodatage": "2022-11-03 15:05:58", "distance (en metres)": 203.23, "station": "CHARCOT ZOLA", "marker-color": "#818181"}}, {"type": "Feature", "geometry": {"type": "Point", "coordinates": [2.326359, 48.808846]}, "properties": {"numparc": 6907, "etat de la localisation": "autre", "ID BDGEO": "580", "horodatage": "2022-11-03 15:06:22", "distance (en metres)": 1489.04, "station": "PORTE D'ORLEANS#", "marker-color": "#818181"}}, {"type": "Feature", "geometry": {"type": "Point", "coordinates": [2.322019, 48.755695]}, "properties": {"numparc": 6931, "etat de la localisation": "autre", "ID BDGEO": "602", "horodatage": "2022-11-03 15:06:38", "distance (en metres)": 4774.26, "station": "DEPOT THIAIS ( S )", "marker-color": "#818181"}}, {"type": "Feature", "geometry": {"type": "Point", "coordinates": [2.32891, 48.785686]}, "properties": {"numparc": 6910, "etat de la localisation": "autre", "ID BDGEO": "580", "horodatage": "2022-11-03 15:07:23", "distance (en metres)": 4070.9, "station": "PORTE D'ORLEANS#", "marker-color": "#818181"}}, {"type": "Feature", "geometry": {"type": "Point", "coordinates": [2.325019, 48.804726]}, "properties": {"numparc": 6907, "etat de la localisation": "autre", "ID BDGEO": "580", "horodatage": "2022-11-03 15:07:43", "distance (en metres)": 1941.93, "station": "PORTE D'ORLEANS#", "marker-color": "#818181"}}, {"type": "Feature", "geometry": {"type": "Point", "coordinates": [2.324061, 48.75853]}, "properties": {"numparc": 6931, "etat de la localisation": "autre", "ID BDGEO": "602", "horodatage": "2022-11-03 15:08:04", "distance (en metres)": 4637.84, "station": "DEPOT THIAIS ( S )", "marker-color": "#818181"}}, {"type": "Feature", "geometry": {"type": "Point", "coordinates": [2.325594, 48.821251]}, "properties": {"numparc": 6914, "etat de la localisation": "autre", "ID BDGEO": "580", "horodatage": "2022-11-03 15:08:21", "distance (en metres)": 126.1, "station": "PORTE D'ORLEANS#", "marker-color": "#818181"}}, {"type": "Feature", "geometry": {"type": "Point", "coordinates": [2.32798, 48.783352]}, "properties": {"numparc": 6910, "etat de la localisation": "autre", "ID BDGEO": "580", "horodatage": "2022-11-03 15:08:23", "distance (en metres)": 4325.36, "station": "PORTE D'ORLEANS#", "marker-color": "#818181"}}, {"type": "Feature", "geometry": {"type": "Point", "coordinates": [2.32367, 48.801437]}, "properties": {"numparc": 6907, "etat de la localisation": "autre", "ID BDGEO": "580", "horodatage": "2022-11-03 15:09:12", "distance (en metres)": 2308.41, "station": "PORTE D'ORLEANS#", "marker-color": "#818181"}}, {"type": "Feature", "geometry": {"type": "Point", "coordinates": [2.327974, 48.778759]}, "properties": {"numparc": 6910, "etat de la localisation": "autre", "ID BDGEO": "580", "horodatage": "2022-11-03 15:09:47", "distance (en metres)": 4835.3, "station": "PORTE D'ORLEANS#", "marker-color": "#818181"}}, {"type": "Feature", "geometry": {"type": "Point", "coordinates": [2.326466, 48.761276]}, "properties": {"numparc": 6931, "etat de la localisation": "autre", "ID BDGEO": "602", "horodatage": "2022-11-03 15:10:25", "distance (en metres)": 4496.51, "station": "DEPOT THIAIS ( S )", "marker-color": "#818181"}}, {"type": "Feature", "geometry": {"type": "Point", "coordinates": [2.32416, 48.799595]}, "properties": {"numparc": 6907, "etat de la localisation": "autre", "ID BDGEO": "580", "horodatage": "2022-11-03 15:10:30", "distance (en metres)": 2512.46, "station": "PORTE D'ORLEANS#", "marker-color": "#818181"}}, {"type": "Feature", "geometry": {"type": "Point", "coordinates": [2.326038, 48.775047]}, "properties": {"numparc": 6910, "etat de la localisation": "autre", "ID BDGEO": "602", "horodatage": "2022-11-03 15:11:01", "distance (en metres)": 4985.81, "station": "DEPOT THIAIS ( S )", "marker-color": "#818181"}}, {"type": "Feature", "geometry": {"type": "Point", "coordinates": [2.324679, 48.821648]}, "properties": {"numparc": 6914, "etat de la localisation": "autre", "ID BDGEO": "580", "horodatage": "2022-11-03 15:11:03", "distance (en metres)": 60.2, "station": "PORTE D'ORLEANS#", "marker-color": "#818181"}}, {"type": "Feature", "geometry": {"type": "Point", "coordinates": [2.31941, 48.759758]}, "properties": {"numparc": 6925, "etat de la localisation": "autre", "ID BDGEO": "599", "horodatage": "2022-11-03 15:11:34", "distance (en metres)": 62.57, "station": "TUILERIE", "marker-color": "#818181"}}, {"type": "Feature", "geometry": {"type": "Point", "coordinates": [2.323773, 48.77306]}, "properties": {"numparc": 6910, "etat de la localisation": "autre", "ID BDGEO": "602", "horodatage": "2022-11-03 15:11:59", "distance (en metres)": 5045.22, "station": "DEPOT THIAIS ( S )", "marker-color": "#818181"}}, {"type": "Feature", "geometry": {"type": "Point", "coordinates": [2.32765, 48.798187]}, "properties": {"numparc": 6907, "etat de la localisation": "autre", "ID BDGEO": "580", "horodatage": "2022-11-03 15:12:01", "distance (en metres)": 2677.93, "station": "PORTE D'ORLEANS#", "marker-color": "#818181"}}, {"type": "Feature", "geometry": {"type": "Point", "coordinates": [2.32765, 48.798187]}, "properties": {"numparc": 6907, "etat de la localisation": "autre", "ID BDGEO": "580", "horodatage": "2022-11-03 15:12:09", "distance (en metres)": 2677.93, "station": "PORTE D'ORLEANS#", "marker-color": "#818181"}}, {"type": "Feature", "geometry": {"type": "Point", "coordinates": [2.331048, 48.763008]}, "properties": {"numparc": 6931, "etat de la localisation": "autre", "ID BDGEO": "734", "horodatage": "2022-11-03 15:12:11", "distance (en metres)": 258.17, "station": "CHARCOT ZOLA", "marker-color": "#818181"}}, {"type": "Feature", "geometry": {"type": "Point", "coordinates": [2.32212, 48.77]}, "properties": {"numparc": 6910, "etat de la localisation": "autre", "ID BDGEO": "602", "horodatage": "2022-11-03 15:13:19", "distance (en metres)": 5036.97, "station": "DEPOT THIAIS ( S )", "marker-color": "#818181"}}, {"type": "Feature", "geometry": {"type": "Point", "coordinates": [2.331758, 48.796379]}, "properties": {"numparc": 6907, "etat de la localisation": "autre", "ID BDGEO": "580", "horodatage": "2022-11-03 15:13:37", "distance (en metres)": 2916.98, "station": "PORTE D'ORLEANS#", "marker-color": "#818181"}}, {"type": "Feature", "geometry": {"type": "Point", "coordinates": [2.325369, 48.818447]}, "properties": {"numparc": 6914, "etat de la localisation": "autre", "ID BDGEO": "580", "horodatage": "2022-11-03 15:14:16", "distance (en metres)": 419.51, "station": "PORTE D'ORLEANS#", "marker-color": "#818181"}}, {"type": "Feature", "geometry": {"type": "Point", "coordinates": [2.319199, 48.767429]}, "properties": {"numparc": 6910, "etat de la localisation": "autre", "ID BDGEO": "602", "horodatage": "2022-11-03 15:14:20", "distance (en metres)": 5158.38, "station": "DEPOT THIAIS ( S )", "marker-color": "#818181"}}, {"type": "Feature", "geometry": {"type": "Point", "coordinates": [2.319199, 48.767429]}, "properties": {"numparc": 6910, "etat de la localisation": "autre", "ID BDGEO": "602", "horodatage": "2022-11-03 15:14:28", "distance (en metres)": 5158.38, "station": "DEPOT THIAIS ( S )", "marker-color": "#818181"}}, {"type": "Feature", "geometry": {"type": "Point", "coordinates": [2.334671, 48.794506]}, "properties": {"numparc": 6907, "etat de la localisation": "autre", "ID BDGEO": "580", "horodatage": "2022-11-03 15:15:11", "distance (en metres)": 3164.8, "station": "PORTE D'ORLEANS#", "marker-color": "#818181"}}, {"type": "Feature", "geometry": {"type": "Point", "coordinates": [2.325783, 48.813602]}, "properties": {"numparc": 6914, "etat de la localisation": "autre", "ID BDGEO": "580", "horodatage": "2022-11-03 15:15:46", "distance (en metres)": 958.42, "station": "PORTE D'ORLEANS#", "marker-color": "#818181"}}, {"type": "Feature", "geometry": {"type": "Point", "coordinates": [2.331425, 48.790257]}, "properties": {"numparc": 6907, "etat de la localisation": "autre", "ID BDGEO": "580", "horodatage": "2022-11-03 15:17:11", "distance (en metres)": 3585.37, "station": "PORTE D'ORLEANS#", "marker-color": "#818181"}}, {"type": "Feature", "geometry": {"type": "Point", "coordinates": [2.319199, 48.759903]}, "properties": {"numparc": 6910, "etat de la localisation": "autre", "ID BDGEO": "602", "horodatage": "2022-11-03 15:18:25", "distance (en metres)": 5006.36, "station": "DEPOT THIAIS ( S )", "marker-color": "#818181"}}, {"type": "Feature", "geometry": {"type": "Point", "coordinates": [2.326369, 48.80883]}, "properties": {"numparc": 6914, "etat de la localisation": "autre", "ID BDGEO": "580", "horodatage": "2022-11-03 15:18:25", "distance (en metres)": 1490.79, "station": "PORTE D'ORLEANS#", "marker-color": "#818181"}}, {"type": "Feature", "geometry": {"type": "Point", "coordinates": [2.328907, 48.785709]}, "properties": {"numparc": 6907, "etat de la localisation": "autre", "ID BDGEO": "580", "horodatage": "2022-11-03 15:19:21", "distance (en metres)": 4068.34, "station": "PORTE D'ORLEANS#", "marker-color": "#818181"}}, {"type": "Feature", "geometry": {"type": "Point", "coordinates": [2.325121, 48.804813]}, "properties": {"numparc": 6914, "etat de la localisation": "autre", "ID BDGEO": "580", "horodatage": "2022-11-03 15:19:50", "distance (en metres)": 1932.3, "station": "PORTE D'ORLEANS#", "marker-color": "#818181"}}, {"type": "Feature", "geometry": {"type": "Point", "coordinates": [2.321983, 48.755665]}, "properties": {"numparc": 6910, "etat de la localisation": "autre", "ID BDGEO": "602", "horodatage": "2022-11-03 15:20:17", "distance (en metres)": 4776.88, "station": "DEPOT THIAIS ( S )", "marker-color": "#818181"}}, {"type": "Feature", "geometry": {"type": "Point", "coordinates": [2.327976, 48.783371]}, "properties": {"numparc": 6907, "etat de la localisation": "autre", "ID BDGEO": "580", "horodatage": "2022-11-03 15:20:18", "distance (en metres)": 4323.22, "station": "PORTE D'ORLEANS#", "marker-color": "#818181"}}, {"type": "Feature", "geometry": {"type": "Point", "coordinates": [2.323756, 48.801537]}, "properties": {"numparc": 6914, "etat de la localisation": "autre", "ID BDGEO": "580", "horodatage": "2022-11-03 15:21:22", "distance (en metres)": 2297.2, "station": "PORTE D'ORLEANS#", "marker-color": "#818181"}}, {"type": "Feature", "geometry": {"type": "Point", "coordinates": [2.327987, 48.778755]}, "properties": {"numparc": 6907, "etat de la localisation": "autre", "ID BDGEO": "580", "horodatage": "2022-11-03 15:21:41", "distance (en metres)": 4835.78, "station": "PORTE D'ORLEANS#", "marker-color": "#818181"}}, {"type": "Feature", "geometry": {"type": "Point", "coordinates": [2.32406, 48.758476]}, "properties": {"numparc": 6910, "etat de la localisation": "autre", "ID BDGEO": "602", "horodatage": "2022-11-03 15:21:50", "distance (en metres)": 4637.46, "station": "DEPOT THIAIS ( S )", "marker-color": "#818181"}}, {"type": "Feature", "geometry": {"type": "Point", "coordinates": [2.32406, 48.758476]}, "properties": {"numparc": 6910, "etat de la localisation": "autre", "ID BDGEO": "602", "horodatage": "2022-11-03 15:22:09", "distance (en metres)": 4637.46, "station": "DEPOT THIAIS ( S )", "marker-color": "#818181"}}, {"type": "Feature", "geometry": {"type": "Point", "coordinates": [2.324196, 48.799664]}, "properties": {"numparc": 6914, "etat de la localisation": "autre", "ID BDGEO": "580", "horodatage": "2022-11-03 15:22:29", "distance (en metres)": 2504.79, "station": "PORTE D'ORLEANS#", "marker-color": "#818181"}}, {"type": "Feature", "geometry": {"type": "Point", "coordinates": [2.32603, 48.775055]}, "properties": {"numparc": 6907, "etat de la localisation": "autre", "ID BDGEO": "602", "horodatage": "2022-11-03 15:22:52", "distance (en metres)": 4986.7, "station": "DEPOT THIAIS ( S )", "marker-color": "#818181"}}, {"type": "Feature", "geometry": {"type": "Point", "coordinates": [2.330521, 48.763229]}, "properties": {"numparc": 6931, "etat de la localisation": "autre", "ID BDGEO": "734", "horodatage": "2022-11-03 15:23:51", "distance (en metres)": 262.75, "station": "CHARCOT ZOLA", "marker-color": "#818181"}}, {"type": "Feature", "geometry": {"type": "Point", "coordinates": [2.323761, 48.773045]}, "properties": {"numparc": 6907, "etat de la localisation": "autre", "ID BDGEO": "602", "horodatage": "2022-11-03 15:23:54", "distance (en metres)": 5045.36, "station": "DEPOT THIAIS ( S )", "marker-color": "#818181"}}, {"type": "Feature", "geometry": {"type": "Point", "coordinates": [2.32649, 48.761269]}, "properties": {"numparc": 6910, "etat de la localisation": "autre", "ID BDGEO": "602", "horodatage": "2022-11-03 15:23:59", "distance (en metres)": 4494.66, "station": "DEPOT THIAIS ( S )", "marker-color": "#818181"}}, {"type": "Feature", "geometry": {"type": "Point", "coordinates": [2.327637, 48.798237]}, "properties": {"numparc": 6914, "etat de la localisation": "autre", "ID BDGEO": "580", "horodatage": "2022-11-03 15:24:35", "distance (en metres)": 2672.36, "station": "PORTE D'ORLEANS#", "marker-color": "#818181"}}, {"type": "Feature", "geometry": {"type": "Point", "coordinates": [2.322096, 48.769974]}, "properties": {"numparc": 6907, "etat de la localisation": "autre", "ID BDGEO": "602", "horodatage": "2022-11-03 15:24:48", "distance (en metres)": 5037.67, "station": "DEPOT THIAIS ( S )", "marker-color": "#818181"}}, {"type": "Feature", "geometry": {"type": "Point", "coordinates": [2.319202, 48.767445]}, "properties": {"numparc": 6907, "etat de la localisation": "autre", "ID BDGEO": "602", "horodatage": "2022-11-03 15:25:43", "distance (en metres)": 5158.61, "station": "DEPOT THIAIS ( S )", "marker-color": "#818181"}}, {"type": "Feature", "geometry": {"type": "Point", "coordinates": [2.331769, 48.796413]}, "properties": {"numparc": 6914, "etat de la localisation": "autre", "ID BDGEO": "580", "horodatage": "2022-11-03 15:26:25", "distance (en metres)": 2913.37, "station": "PORTE D'ORLEANS#", "marker-color": "#818181"}}, {"type": "Feature", "geometry": {"type": "Point", "coordinates": [2.331038, 48.76297]}, "properties": {"numparc": 6910, "etat de la localisation": "autre", "ID BDGEO": "734", "horodatage": "2022-11-03 15:26:27", "distance (en metres)": 254.18, "station": "CHARCOT ZOLA", "marker-color": "#818181"}}, {"type": "Feature", "geometry": {"type": "Point", "coordinates": [2.318258, 48.762066]}, "properties": {"numparc": 6907, "etat de la localisation": "autre", "ID BDGEO": "602", "horodatage": "2022-11-03 15:27:29", "distance (en metres)": 5104.52, "station": "DEPOT THIAIS ( S )", "marker-color": "#818181"}}, {"type": "Feature", "geometry": {"type": "Point", "coordinates": [2.334657, 48.794533]}, "properties": {"numparc": 6914, "etat de la localisation": "autre", "ID BDGEO": "580", "horodatage": "2022-11-03 15:27:47", "distance (en metres)": 3161.67, "station": "PORTE D'ORLEANS#", "marker-color": "#818181"}}, {"type": "Feature", "geometry": {"type": "Point", "coordinates": [2.319203, 48.75993]}, "properties": {"numparc": 6907, "etat de la localisation": "autre", "ID BDGEO": "602", "horodatage": "2022-11-03 15:29:07", "distance (en metres)": 5006.38, "station": "DEPOT THIAIS ( S )", "marker-color": "#818181"}}, {"type": "Feature", "geometry": {"type": "Point", "coordinates": [2.325581, 48.821377]}, "properties": {"numparc": 6918, "etat de la localisation": "autre", "ID BDGEO": "580", "horodatage": "2022-11-03 15:29:56", "distance (en metres)": 114.22, "station": "PORTE D'ORLEANS#", "marker-color": "#818181"}}, {"type": "Feature", "geometry": {"type": "Point", "coordinates": [2.331502, 48.790337]}, "properties": {"numparc": 6914, "etat de la localisation": "autre", "ID BDGEO": "580", "horodatage": "2022-11-03 15:30:12", "distance (en metres)": 3577.34, "station": "PORTE D'ORLEANS#", "marker-color": "#818181"}}, {"type": "Feature", "geometry": {"type": "Point", "coordinates": [2.321911, 48.755714]}, "properties": {"numparc": 6907, "etat de la localisation": "autre", "ID BDGEO": "602", "horodatage": "2022-11-03 15:30:53", "distance (en metres)": 4782.2, "station": "DEPOT THIAIS ( S )", "marker-color": "#818181"}}, {"type": "Feature", "geometry": {"type": "Point", "coordinates": [2.319416, 48.759754]}, "properties": {"numparc": 6931, "etat de la localisation": "autre", "ID BDGEO": "599", "horodatage": "2022-11-03 15:31:43", "distance (en metres)": 62.04, "station": "TUILERIE", "marker-color": "#818181"}}, {"type": "Feature", "geometry": {"type": "Point", "coordinates": [2.324064, 48.75853]}, "properties": {"numparc": 6907, "etat de la localisation": "autre", "ID BDGEO": "602", "horodatage": "2022-11-03 15:32:25", "distance (en metres)": 4637.62, "station": "DEPOT THIAIS ( S )", "marker-color": "#818181"}}, {"type": "Feature", "geometry": {"type": "Point", "coordinates": [2.328958, 48.785751]}, "properties": {"numparc": 6914, "etat de la localisation": "autre", "ID BDGEO": "580", "horodatage": "2022-11-03 15:32:41", "distance (en metres)": 4063.98, "station": "PORTE D'ORLEANS#", "marker-color": "#818181"}}, {"type": "Feature", "geometry": {"type": "Point", "coordinates": [2.324064, 48.75853]}, "properties": {"numparc": 6907, "etat de la localisation": "autre", "ID BDGEO": "602", "horodatage": "2022-11-03 15:33:11", "distance (en metres)": 4637.62, "station": "DEPOT THIAIS ( S )", "marker-color": "#818181"}}, {"type": "Feature", "geometry": {"type": "Point", "coordinates": [2.324656, 48.82164]}, "properties": {"numparc": 6918, "etat de la localisation": "autre", "ID BDGEO": "580", "horodatage": "2022-11-03 15:33:34", "distance (en metres)": 60.97, "station": "PORTE D'ORLEANS#", "marker-color": "#818181"}}, {"type": "Feature", "geometry": {"type": "Point", "coordinates": [2.324092, 48.758549]}, "properties": {"numparc": 6907, "etat de la localisation": "autre", "ID BDGEO": "602", "horodatage": "2022-11-03 15:34:37", "distance (en metres)": 4635.74, "station": "DEPOT THIAIS ( S )", "marker-color": "#818181"}}, {"type": "Feature", "geometry": {"type": "Point", "coordinates": [2.331038, 48.76297]}, "properties": {"numparc": 6910, "etat de la localisation": "autre", "ID BDGEO": "734", "horodatage": "2022-11-03 15:35:16", "distance (en metres)": 254.18, "station": "CHARCOT ZOLA", "marker-color": "#818181"}}, {"type": "Feature", "geometry": {"type": "Point", "coordinates": [2.324656, 48.82164]}, "properties": {"numparc": 6918, "etat de la localisation": "autre", "ID BDGEO": "580", "horodatage": "2022-11-03 15:35:30", "distance (en metres)": 60.97, "station": "PORTE D'ORLEANS#", "marker-color": "#818181"}}, {"type": "Feature", "geometry": {"type": "Point", "coordinates": [2.327963, 48.778728]}, "properties": {"numparc": 6914, "etat de la localisation": "autre", "ID BDGEO": "580", "horodatage": "2022-11-03 15:35:32", "distance (en metres)": 4838.65, "station": "PORTE D'ORLEANS#", "marker-color": "#818181"}}, {"type": "Feature", "geometry": {"type": "Point", "coordinates": [2.324658, 48.821636]}, "properties": {"numparc": 6918, "etat de la localisation": "autre", "ID BDGEO": "580", "horodatage": "2022-11-03 15:35:43", "distance (en metres)": 61.39, "station": "PORTE D'ORLEANS#", "marker-color": "#818181"}}, {"type": "Feature", "geometry": {"type": "Point", "coordinates": [2.324668, 48.821625]}, "properties": {"numparc": 6918, "etat de la localisation": "autre", "ID BDGEO": "580", "horodatage": "2022-11-03 15:35:56", "distance (en metres)": 62.7, "station": "PORTE D'ORLEANS#", "marker-color": "#818181"}}, {"type": "Feature", "geometry": {"type": "Point", "coordinates": [2.326486, 48.761272]}, "properties": {"numparc": 6907, "etat de la localisation": "autre", "ID BDGEO": "602", "horodatage": "2022-11-03 15:36:16", "distance (en metres)": 4494.99, "station": "DEPOT THIAIS ( S )", "marker-color": "#818181"}}, {"type": "Feature", "geometry": {"type": "Point", "coordinates": [2.326066, 48.775066]}, "properties": {"numparc": 6914, "etat de la localisation": "autre", "ID BDGEO": "602", "horodatage": "2022-11-03 15:36:56", "distance (en metres)": 4984.89, "station": "DEPOT THIAIS ( S )", "marker-color": "#818181"}}, {"type": "Feature", "geometry": {"type": "Point", "coordinates": [2.325396, 48.818466]}, "properties": {"numparc": 6918, "etat de la localisation": "autre", "ID BDGEO": "580", "horodatage": "2022-11-03 15:38:13", "distance (en metres)": 417.68, "station": "PORTE D'ORLEANS#", "marker-color": "#818181"}}, {"type": "Feature", "geometry": {"type": "Point", "coordinates": [2.326537, 48.761589]}, "properties": {"numparc": 6910, "etat de la localisation": "autre", "ID BDGEO": "734", "horodatage": "2022-11-03 15:38:14", "distance (en metres)": 204.2, "station": "CHARCOT ZOLA", "marker-color": "#818181"}}, {"type": "Feature", "geometry": {"type": "Point", "coordinates": [2.330676, 48.762501]}, "properties": {"numparc": 6907, "etat de la localisation": "autre", "ID BDGEO": "734", "horodatage": "2022-11-03 15:38:14", "distance (en metres)": 195.96, "station": "CHARCOT ZOLA", "marker-color": "#818181"}}, {"type": "Feature", "geometry": {"type": "Point", "coordinates": [2.330676, 48.762501]}, "properties": {"numparc": 6907, "etat de la localisation": "autre", "ID BDGEO": "734", "horodatage": "2022-11-03 15:38:50", "distance (en metres)": 195.96, "station": "CHARCOT ZOLA", "marker-color": "#818181"}}, {"type": "Feature", "geometry": {"type": "Point", "coordinates": [2.322132, 48.770012]}, "properties": {"numparc": 6914, "etat de la localisation": "autre", "ID BDGEO": "602", "horodatage": "2022-11-03 15:39:00", "distance (en metres)": 5036.54, "station": "DEPOT THIAIS ( S )", "marker-color": "#818181"}}, {"type": "Feature", "geometry": {"type": "Point", "coordinates": [2.325758, 48.813511]}, "properties": {"numparc": 6918, "etat de la localisation": "autre", "ID BDGEO": "580", "horodatage": "2022-11-03 15:39:32", "distance (en metres)": 968.4, "station": "PORTE D'ORLEANS#", "marker-color": "#818181"}}, {"type": "Feature", "geometry": {"type": "Point", "coordinates": [2.387458, 48.75465]}, "properties": {"numparc": 6930, "etat de la localisation": "autre", "ID BDGEO": "602", "horodatage": "2022-11-03 15:39:41", "distance (en metres)": 80.52, "station": "DEPOT THIAIS ( S )", "marker-color": "#818181"}}, {"type": "Feature", "geometry": {"type": "Point", "coordinates": [2.326684, 48.809216]}, "properties": {"numparc": 6925, "etat de la localisation": "autre", "ID BDGEO": "584", "horodatage": "2022-11-03 15:39:58", "distance (en metres)": 184.26, "station": "VACHE NOIRE", "marker-color": "#818181"}}, {"type": "Feature", "geometry": {"type": "Point", "coordinates": [2.319212, 48.767452]}, "properties": {"numparc": 6914, "etat de la localisation": "autre", "ID BDGEO": "602", "horodatage": "2022-11-03 15:40:03", "distance (en metres)": 5158.12, "station": "DEPOT THIAIS ( S )", "marker-color": "#818181"}}, {"type": "Feature", "geometry": {"type": "Point", "coordinates": [2.318114, 48.764061]}, "properties": {"numparc": 6914, "etat de la localisation": "autre", "ID BDGEO": "602", "horodatage": "2022-11-03 15:41:17", "distance (en metres)": 5151.96, "station": "DEPOT THIAIS ( S )", "marker-color": "#818181"}}, {"type": "Feature", "geometry": {"type": "Point", "coordinates": [2.318261, 48.762051]}, "properties": {"numparc": 6914, "etat de la localisation": "autre", "ID BDGEO": "602", "horodatage": "2022-11-03 15:42:13", "distance (en metres)": 5104.06, "station": "DEPOT THIAIS ( S )", "marker-color": "#818181"}}, {"type": "Feature", "geometry": {"type": "Point", "coordinates": [2.326315, 48.8088]}, "properties": {"numparc": 6918, "etat de la localisation": "autre", "ID BDGEO": "580", "horodatage": "2022-11-03 15:42:17", "distance (en metres)": 1493.84, "station": "PORTE D'ORLEANS#", "marker-color": "#818181"}}, {"type": "Feature", "geometry": {"type": "Point", "coordinates": [2.326321, 48.808796]}, "properties": {"numparc": 6918, "etat de la localisation": "autre", "ID BDGEO": "580", "horodatage": "2022-11-03 15:42:37", "distance (en metres)": 1494.29, "station": "PORTE D'ORLEANS#", "marker-color": "#818181"}}, {"type": "Feature", "geometry": {"type": "Point", "coordinates": [2.319422, 48.759766]}, "properties": {"numparc": 6910, "etat de la localisation": "autre", "ID BDGEO": "599", "horodatage": "2022-11-03 15:43:28", "distance (en metres)": 63.15, "station": "TUILERIE", "marker-color": "#818181"}}, {"type": "Feature", "geometry": {"type": "Point", "coordinates": [2.31921, 48.759926]}, "properties": {"numparc": 6914, "etat de la localisation": "autre", "ID BDGEO": "602", "horodatage": "2022-11-03 15:43:39", "distance (en metres)": 5005.82, "station": "DEPOT THIAIS ( S )", "marker-color": "#818181"}}, {"type": "Feature", "geometry": {"type": "Point", "coordinates": [2.325046, 48.804699]}, "properties": {"numparc": 6918, "etat de la localisation": "autre", "ID BDGEO": "580", "horodatage": "2022-11-03 15:43:46", "distance (en metres)": 1944.93, "station": "PORTE D'ORLEANS#", "marker-color": "#818181"}}, {"type": "Feature", "geometry": {"type": "Point", "coordinates": [2.325594, 48.821732]}, "properties": {"numparc": 6925, "etat de la localisation": "autre", "ID BDGEO": "580", "horodatage": "2022-11-03 15:44:45", "distance (en metres)": 87.3, "station": "PORTE D'ORLEANS#", "marker-color": "#818181"}}, {"type": "Feature", "geometry": {"type": "Point", "coordinates": [2.323712, 48.801411]}, "properties": {"numparc": 6918, "etat de la localisation": "autre", "ID BDGEO": "580", "horodatage": "2022-11-03 15:45:23", "distance (en metres)": 2311.28, "station": "PORTE D'ORLEANS#", "marker-color": "#818181"}}, {"type": "Feature", "geometry": {"type": "Point", "coordinates": [2.321944, 48.755703]}, "properties": {"numparc": 6914, "etat de la localisation": "autre", "ID BDGEO": "602", "horodatage": "2022-11-03 15:45:25", "distance (en metres)": 4779.77, "station": "DEPOT THIAIS ( S )", "marker-color": "#818181"}}, {"type": "Feature", "geometry": {"type": "Point", "coordinates": [2.324186, 48.799553]}, "properties": {"numparc": 6918, "etat de la localisation": "autre", "ID BDGEO": "580", "horodatage": "2022-11-03 15:46:19", "distance (en metres)": 2517.1, "station": "PORTE D'ORLEANS#", "marker-color": "#818181"}}, {"type": "Feature", "geometry": {"type": "Point", "coordinates": [2.324018, 48.758514]}, "properties": {"numparc": 6914, "etat de la localisation": "autre", "ID BDGEO": "602", "horodatage": "2022-11-03 15:47:10", "distance (en metres)": 4640.85, "station": "DEPOT THIAIS ( S )", "marker-color": "#818181"}}, {"type": "Feature", "geometry": {"type": "Point", "coordinates": [2.330499, 48.763256]}, "properties": {"numparc": 6907, "etat de la localisation": "autre", "ID BDGEO": "734", "horodatage": "2022-11-03 15:47:46", "distance (en metres)": 264.92, "station": "CHARCOT ZOLA", "marker-color": "#818181"}}, {"type": "Feature", "geometry": {"type": "Point", "coordinates": [2.32765, 48.798168]}, "properties": {"numparc": 6918, "etat de la localisation": "autre", "ID BDGEO": "580", "horodatage": "2022-11-03 15:47:55", "distance (en metres)": 2680.05, "station": "PORTE D'ORLEANS#", "marker-color": "#818181"}}, {"type": "Feature", "geometry": {"type": "Point", "coordinates": [2.326482, 48.761276]}, "properties": {"numparc": 6914, "etat de la localisation": "autre", "ID BDGEO": "602", "horodatage": "2022-11-03 15:48:38", "distance (en metres)": 4495.35, "station": "DEPOT THIAIS ( S )", "marker-color": "#818181"}}, {"type": "Feature", "geometry": {"type": "Point", "coordinates": [2.331779, 48.796379]}, "properties": {"numparc": 6918, "etat de la localisation": "autre", "ID BDGEO": "580", "horodatage": "2022-11-03 15:49:40", "distance (en metres)": 2917.25, "station": "PORTE D'ORLEANS#", "marker-color": "#818181"}}, {"type": "Feature", "geometry": {"type": "Point", "coordinates": [2.32653, 48.7616]}, "properties": {"numparc": 6907, "etat de la localisation": "autre", "ID BDGEO": "734", "horodatage": "2022-11-03 15:49:54", "distance (en metres)": 205.08, "station": "CHARCOT ZOLA", "marker-color": "#818181"}}, {"type": "Feature", "geometry": {"type": "Point", "coordinates": [2.324631, 48.821663]}, "properties": {"numparc": 6925, "etat de la localisation": "autre", "ID BDGEO": "580", "horodatage": "2022-11-03 15:49:54", "distance (en metres)": 58.37, "station": "PORTE D'ORLEANS#", "marker-color": "#818181"}}, {"type": "Feature", "geometry": {"type": "Point", "coordinates": [2.33105, 48.763004]}, "properties": {"numparc": 6914, "etat de la localisation": "autre", "ID BDGEO": "734", "horodatage": "2022-11-03 15:50:39", "distance (en metres)": 257.88, "station": "CHARCOT ZOLA", "marker-color": "#818181"}}, {"type": "Feature", "geometry": {"type": "Point", "coordinates": [2.334602, 48.794483]}, "properties": {"numparc": 6918, "etat de la localisation": "autre", "ID BDGEO": "580", "horodatage": "2022-11-03 15:51:13", "distance (en metres)": 3166.1, "station": "PORTE D'ORLEANS#", "marker-color": "#818181"}}, {"type": "Feature", "geometry": {"type": "Point", "coordinates": [2.325382, 48.818478]}, "properties": {"numparc": 6925, "etat de la localisation": "autre", "ID BDGEO": "580", "horodatage": "2022-11-03 15:52:02", "distance (en metres)": 416.28, "station": "PORTE D'ORLEANS#", "marker-color": "#818181"}}, {"type": "Feature", "geometry": {"type": "Point", "coordinates": [2.33142, 48.790211]}, "properties": {"numparc": 6918, "etat de la localisation": "autre", "ID BDGEO": "580", "horodatage": "2022-11-03 15:53:34", "distance (en metres)": 3590.36, "station": "PORTE D'ORLEANS#", "marker-color": "#818181"}}, {"type": "Feature", "geometry": {"type": "Point", "coordinates": [2.319385, 48.7598]}, "properties": {"numparc": 6907, "etat de la localisation": "autre", "ID BDGEO": "599", "horodatage": "2022-11-03 15:54:08", "distance (en metres)": 67.57, "station": "TUILERIE", "marker-color": "#818181"}}, {"type": "Feature", "geometry": {"type": "Point", "coordinates": [2.325763, 48.813492]}, "properties": {"numparc": 6925, "etat de la localisation": "autre", "ID BDGEO": "580", "horodatage": "2022-11-03 15:54:28", "distance (en metres)": 970.54, "station": "PORTE D'ORLEANS#", "marker-color": "#818181"}}, {"type": "Feature", "geometry": {"type": "Point", "coordinates": [2.328915, 48.785675]}, "properties": {"numparc": 6918, "etat de la localisation": "autre", "ID BDGEO": "580", "horodatage": "2022-11-03 15:55:37", "distance (en metres)": 4072.19, "station": "PORTE D'ORLEANS#", "marker-color": "#818181"}}, {"type": "Feature", "geometry": {"type": "Point", "coordinates": [2.32799, 48.78334]}, "properties": {"numparc": 6918, "etat de la localisation": "autre", "ID BDGEO": "580", "horodatage": "2022-11-03 15:56:27", "distance (en metres)": 4326.67, "station": "PORTE D'ORLEANS#", "marker-color": "#818181"}}, {"type": "Feature", "geometry": {"type": "Point", "coordinates": [2.326332, 48.8088]}, "properties": {"numparc": 6925, "etat de la localisation": "autre", "ID BDGEO": "580", "horodatage": "2022-11-03 15:56:59", "distance (en metres)": 1493.94, "station": "PORTE D'ORLEANS#", "marker-color": "#818181"}}, {"type": "Feature", "geometry": {"type": "Point", "coordinates": [2.33105, 48.763004]}, "properties": {"numparc": 6914, "etat de la localisation": "autre", "ID BDGEO": "734", "horodatage": "2022-11-03 15:57:37", "distance (en metres)": 257.88, "station": "CHARCOT ZOLA", "marker-color": "#818181"}}, {"type": "Feature", "geometry": {"type": "Point", "coordinates": [2.327972, 48.778728]}, "properties": {"numparc": 6918, "etat de la localisation": "autre", "ID BDGEO": "580", "horodatage": "2022-11-03 15:57:54", "distance (en metres)": 4838.69, "station": "PORTE D'ORLEANS#", "marker-color": "#818181"}}, {"type": "Feature", "geometry": {"type": "Point", "coordinates": [2.325037, 48.804688]}, "properties": {"numparc": 6925, "etat de la localisation": "autre", "ID BDGEO": "580", "horodatage": "2022-11-03 15:58:36", "distance (en metres)": 1946.19, "station": "PORTE D'ORLEANS#", "marker-color": "#818181"}}, {"type": "Feature", "geometry": {"type": "Point", "coordinates": [2.326014, 48.775024]}, "properties": {"numparc": 6918, "etat de la localisation": "autre", "ID BDGEO": "602", "horodatage": "2022-11-03 15:59:08", "distance (en metres)": 4986.27, "station": "DEPOT THIAIS ( S )", "marker-color": "#818181"}}, {"type": "Feature", "geometry": {"type": "Point", "coordinates": [2.33105, 48.763004]}, "properties": {"numparc": 6914, "etat de la localisation": "autre", "ID BDGEO": "734", "horodatage": "2022-11-03 15:59:11", "distance (en metres)": 257.88, "station": "CHARCOT ZOLA", "marker-color": "#818181"}}, {"type": "Feature", "geometry": {"type": "Point", "coordinates": [2.323764, 48.773052]}, "properties": {"numparc": 6918, "etat de la localisation": "autre", "ID BDGEO": "602", "horodatage": "2022-11-03 16:00:06", "distance (en metres)": 5045.48, "station": "DEPOT THIAIS ( S )", "marker-color": "#818181"}}, {"type": "Feature", "geometry": {"type": "Point", "coordinates": [2.330558, 48.763214]}, "properties": {"numparc": 6914, "etat de la localisation": "autre", "ID BDGEO": "734", "horodatage": "2022-11-03 16:00:10", "distance (en metres)": 262.2, "station": "CHARCOT ZOLA", "marker-color": "#818181"}}, {"type": "Feature", "geometry": {"type": "Point", "coordinates": [2.323678, 48.801407]}, "properties": {"numparc": 6925, "etat de la localisation": "autre", "ID BDGEO": "580", "horodatage": "2022-11-03 16:00:18", "distance (en metres)": 2311.78, "station": "PORTE D'ORLEANS#", "marker-color": "#818181"}}, {"type": "Feature", "geometry": {"type": "Point", "coordinates": [2.387866, 48.755085]}, "properties": {"numparc": 6913, "etat de la localisation": "autre", "ID BDGEO": "602", "horodatage": "2022-11-03 16:00:56", "distance (en metres)": 60.31, "station": "DEPOT THIAIS ( S )", "marker-color": "#818181"}}, {"type": "Feature", "geometry": {"type": "Point", "coordinates": [2.322125, 48.77002]}, "properties": {"numparc": 6918, "etat de la localisation": "autre", "ID BDGEO": "602", "horodatage": "2022-11-03 16:01:00", "distance (en metres)": 5037.31, "station": "DEPOT THIAIS ( S )", "marker-color": "#818181"}}, {"type": "Feature", "geometry": {"type": "Point", "coordinates": [2.324167, 48.799583]}, "properties": {"numparc": 6925, "etat de la localisation": "autre", "ID BDGEO": "580", "horodatage": "2022-11-03 16:01:23", "distance (en metres)": 2513.72, "station": "PORTE D'ORLEANS#", "marker-color": "#818181"}}, {"type": "Feature", "geometry": {"type": "Point", "coordinates": [2.329319, 48.763432]}, "properties": {"numparc": 6914, "etat de la localisation": "autre", "ID BDGEO": "734", "horodatage": "2022-11-03 16:01:25", "distance (en metres)": 266.69, "station": "CHARCOT ZOLA", "marker-color": "#818181"}}, {"type": "Feature", "geometry": {"type": "Point", "coordinates": [2.319215, 48.767452]}, "properties": {"numparc": 6918, "etat de la localisation": "autre", "ID BDGEO": "602", "horodatage": "2022-11-03 16:01:55", "distance (en metres)": 5157.91, "station": "DEPOT THIAIS ( S )", "marker-color": "#818181"}}, {"type": "Feature", "geometry": {"type": "Point", "coordinates": [2.32769, 48.798157]}, "properties": {"numparc": 6925, "etat de la localisation": "autre", "ID BDGEO": "580", "horodatage": "2022-11-03 16:02:52", "distance (en metres)": 2681.56, "station": "PORTE D'ORLEANS#", "marker-color": "#818181"}}, {"type": "Feature", "geometry": {"type": "Point", "coordinates": [2.326488, 48.76149]}, "properties": {"numparc": 6914, "etat de la localisation": "autre", "ID BDGEO": "734", "horodatage": "2022-11-03 16:03:29", "distance (en metres)": 204.62, "station": "CHARCOT ZOLA", "marker-color": "#818181"}}, {"type": "Feature", "geometry": {"type": "Point", "coordinates": [2.318106, 48.764057]}, "properties": {"numparc": 6918, "etat de la localisation": "autre", "ID BDGEO": "602", "horodatage": "2022-11-03 16:03:45", "distance (en metres)": 5152.46, "station": "DEPOT THIAIS ( S )", "marker-color": "#818181"}}, {"type": "Feature", "geometry": {"type": "Point", "coordinates": [2.387203, 48.755432]}, "properties": {"numparc": 6912, "etat de la localisation": "autre", "ID BDGEO": "614", "horodatage": "2022-11-03 16:04:01", "distance (en metres)": 4325.26, "station": "CHARCOT ZOLA#", "marker-color": "#818181"}}, {"type": "Feature", "geometry": {"type": "Point", "coordinates": [2.325584, 48.821289]}, "properties": {"numparc": 6931, "etat de la localisation": "autre", "ID BDGEO": "580", "horodatage": "2022-11-03 16:04:29", "distance (en metres)": 122.2, "station": "PORTE D'ORLEANS#", "marker-color": "#818181"}}, {"type": "Feature", "geometry": {"type": "Point", "coordinates": [2.387763, 48.754658]}, "properties": {"numparc": 6926, "etat de la localisation": "autre", "ID BDGEO": "614", "horodatage": "2022-11-03 16:04:40", "distance (en metres)": 4379.15, "station": "CHARCOT ZOLA#", "marker-color": "#818181"}}, {"type": "Feature", "geometry": {"type": "Point", "coordinates": [2.319214, 48.759933]}, "properties": {"numparc": 6918, "etat de la localisation": "autre", "ID BDGEO": "602", "horodatage": "2022-11-03 16:05:49", "distance (en metres)": 5005.61, "station": "DEPOT THIAIS ( S )", "marker-color": "#818181"}}, {"type": "Feature", "geometry": {"type": "Point", "coordinates": [2.334638, 48.794479]}, "properties": {"numparc": 6925, "etat de la localisation": "autre", "ID BDGEO": "580", "horodatage": "2022-11-03 16:06:34", "distance (en metres)": 3167.12, "station": "PORTE D'ORLEANS#", "marker-color": "#818181"}}, {"type": "Feature", "geometry": {"type": "Point", "coordinates": [2.324681, 48.821693]}, "properties": {"numparc": 6930, "etat de la localisation": "autre", "ID BDGEO": "580", "horodatage": "2022-11-03 16:06:44", "distance (en metres)": 55.14, "station": "PORTE D'ORLEANS#", "marker-color": "#818181"}}, {"type": "Feature", "geometry": {"type": "Point", "coordinates": [2.32465, 48.821678]}, "properties": {"numparc": 6931, "etat de la localisation": "autre", "ID BDGEO": "580", "horodatage": "2022-11-03 16:07:22", "distance (en metres)": 56.71, "station": "PORTE D'ORLEANS#", "marker-color": "#818181"}}, {"type": "Feature", "geometry": {"type": "Point", "coordinates": [2.321932, 48.755707]}, "properties": {"numparc": 6918, "etat de la localisation": "autre", "ID BDGEO": "602", "horodatage": "2022-11-03 16:07:44", "distance (en metres)": 4780.65, "station": "DEPOT THIAIS ( S )", "marker-color": "#818181"}}, {"type": "Feature", "geometry": {"type": "Point", "coordinates": [2.319385, 48.759769]}, "properties": {"numparc": 6914, "etat de la localisation": "autre", "ID BDGEO": "599", "horodatage": "2022-11-03 16:08:17", "distance (en metres)": 64.32, "station": "TUILERIE", "marker-color": "#818181"}}, {"type": "Feature", "geometry": {"type": "Point", "coordinates": [2.33144, 48.790245]}, "properties": {"numparc": 6925, "etat de la localisation": "autre", "ID BDGEO": "580", "horodatage": "2022-11-03 16:08:40", "distance (en metres)": 3586.79, "station": "PORTE D'ORLEANS#", "marker-color": "#818181"}}, {"type": "Feature", "geometry": {"type": "Point", "coordinates": [2.32465, 48.821678]}, "properties": {"numparc": 6931, "etat de la localisation": "autre", "ID BDGEO": "580", "horodatage": "2022-11-03 16:09:39", "distance (en metres)": 56.71, "station": "PORTE D'ORLEANS#", "marker-color": "#818181"}}, {"type": "Feature", "geometry": {"type": "Point", "coordinates": [2.328909, 48.785686]}, "properties": {"numparc": 6925, "etat de la localisation": "autre", "ID BDGEO": "580", "horodatage": "2022-11-03 16:10:22", "distance (en metres)": 4070.89, "station": "PORTE D'ORLEANS#", "marker-color": "#818181"}}, {"type": "Feature", "geometry": {"type": "Point", "coordinates": [2.324092, 48.75853]}, "properties": {"numparc": 6918, "etat de la localisation": "autre", "ID BDGEO": "602", "horodatage": "2022-11-03 16:10:44", "distance (en metres)": 4635.58, "station": "DEPOT THIAIS ( S )", "marker-color": "#818181"}}, {"type": "Feature", "geometry": {"type": "Point", "coordinates": [2.327989, 48.783348]}, "properties": {"numparc": 6925, "etat de la localisation": "autre", "ID BDGEO": "580", "horodatage": "2022-11-03 16:11:13", "distance (en metres)": 4325.82, "station": "PORTE D'ORLEANS#", "marker-color": "#818181"}}, {"type": "Feature", "geometry": {"type": "Point", "coordinates": [2.32533, 48.818516]}, "properties": {"numparc": 6930, "etat de la localisation": "autre", "ID BDGEO": "580", "horodatage": "2022-11-03 16:11:36", "distance (en metres)": 411.58, "station": "PORTE D'ORLEANS#", "marker-color": "#818181"}}, {"type": "Feature", "geometry": {"type": "Point", "coordinates": [2.326476, 48.761253]}, "properties": {"numparc": 6918, "etat de la localisation": "autre", "ID BDGEO": "602", "horodatage": "2022-11-03 16:11:50", "distance (en metres)": 4495.41, "station": "DEPOT THIAIS ( S )", "marker-color": "#818181"}}, {"type": "Feature", "geometry": {"type": "Point", "coordinates": [2.327987, 48.778702]}, "properties": {"numparc": 6925, "etat de la localisation": "autre", "ID BDGEO": "580", "horodatage": "2022-11-03 16:12:49", "distance (en metres)": 4841.71, "station": "PORTE D'ORLEANS#", "marker-color": "#818181"}}, {"type": "Feature", "geometry": {"type": "Point", "coordinates": [2.331071, 48.763004]}, "properties": {"numparc": 6918, "etat de la localisation": "autre", "ID BDGEO": "575", "horodatage": "2022-11-03 16:13:35", "distance (en metres)": 391.81, "station": "CHARCOT-ZOLA#", "marker-color": "#818181"}}, {"type": "Feature", "geometry": {"type": "Point", "coordinates": [2.326001, 48.775002]}, "properties": {"numparc": 6925, "etat de la localisation": "autre", "ID BDGEO": "602", "horodatage": "2022-11-03 16:14:03", "distance (en metres)": 4986.01, "station": "DEPOT THIAIS ( S )", "marker-color": "#818181"}}, {"type": "Feature", "geometry": {"type": "Point", "coordinates": [2.325725, 48.813549]}, "properties": {"numparc": 6930, "etat de la localisation": "autre", "ID BDGEO": "580", "horodatage": "2022-11-03 16:14:03", "distance (en metres)": 963.97, "station": "PORTE D'ORLEANS#", "marker-color": "#818181"}}, {"type": "Feature", "geometry": {"type": "Point", "coordinates": [2.323769, 48.773045]}, "properties": {"numparc": 6925, "etat de la localisation": "autre", "ID BDGEO": "602", "horodatage": "2022-11-03 16:15:12", "distance (en metres)": 5044.81, "station": "DEPOT THIAIS ( S )", "marker-color": "#818181"}}, {"type": "Feature", "geometry": {"type": "Point", "coordinates": [2.325544, 48.821331]}, "properties": {"numparc": 6910, "etat de la localisation": "autre", "ID BDGEO": "580", "horodatage": "2022-11-03 16:15:13", "distance (en metres)": 116.7, "station": "PORTE D'ORLEANS#", "marker-color": "#818181"}}, {"type": "Feature", "geometry": {"type": "Point", "coordinates": [2.326325, 48.808865]}, "properties": {"numparc": 6930, "etat de la localisation": "autre", "ID BDGEO": "580", "horodatage": "2022-11-03 16:15:54", "distance (en metres)": 1486.71, "station": "PORTE D'ORLEANS#", "marker-color": "#818181"}}, {"type": "Feature", "geometry": {"type": "Point", "coordinates": [2.325012, 48.804787]}, "properties": {"numparc": 6930, "etat de la localisation": "autre", "ID BDGEO": "580", "horodatage": "2022-11-03 16:16:57", "distance (en metres)": 1935.14, "station": "PORTE D'ORLEANS#", "marker-color": "#818181"}}, {"type": "Feature", "geometry": {"type": "Point", "coordinates": [2.322112, 48.769974]}, "properties": {"numparc": 6925, "etat de la localisation": "autre", "ID BDGEO": "602", "horodatage": "2022-11-03 16:17:00", "distance (en metres)": 5036.56, "station": "DEPOT THIAIS ( S )", "marker-color": "#818181"}}, {"type": "Feature", "geometry": {"type": "Point", "coordinates": [2.319192, 48.767414]}, "properties": {"numparc": 6925, "etat de la localisation": "autre", "ID BDGEO": "602", "horodatage": "2022-11-03 16:18:10", "distance (en metres)": 5158.44, "station": "DEPOT THIAIS ( S )", "marker-color": "#818181"}}, {"type": "Feature", "geometry": {"type": "Point", "coordinates": [2.323668, 48.801449]}, "properties": {"numparc": 6930, "etat de la localisation": "autre", "ID BDGEO": "580", "horodatage": "2022-11-03 16:18:37", "distance (en metres)": 2307.14, "station": "PORTE D'ORLEANS#", "marker-color": "#818181"}}, {"type": "Feature", "geometry": {"type": "Point", "coordinates": [2.331072, 48.763008]}, "properties": {"numparc": 6918, "etat de la localisation": "autre", "ID BDGEO": "575", "horodatage": "2022-11-03 16:18:40", "distance (en metres)": 392.1, "station": "CHARCOT-ZOLA#", "marker-color": "#818181"}}, {"type": "Feature", "geometry": {"type": "Point", "coordinates": [2.324624, 48.821693]}, "properties": {"numparc": 6910, "etat de la localisation": "autre", "ID BDGEO": "580", "horodatage": "2022-11-03 16:20:00", "distance (en metres)": 54.98, "station": "PORTE D'ORLEANS#", "marker-color": "#818181"}}, {"type": "Feature", "geometry": {"type": "Point", "coordinates": [2.324106, 48.799606]}, "properties": {"numparc": 6930, "etat de la localisation": "autre", "ID BDGEO": "580", "horodatage": "2022-11-03 16:20:24", "distance (en metres)": 2511.24, "station": "PORTE D'ORLEANS#", "marker-color": "#818181"}}, {"type": "Feature", "geometry": {"type": "Point", "coordinates": [2.325371, 48.818535]}, "properties": {"numparc": 6931, "etat de la localisation": "autre", "ID BDGEO": "580", "horodatage": "2022-11-03 16:20:52", "distance (en metres)": 409.87, "station": "PORTE D'ORLEANS#", "marker-color": "#818181"}}, {"type": "Feature", "geometry": {"type": "Point", "coordinates": [2.318127, 48.764027]}, "properties": {"numparc": 6925, "etat de la localisation": "autre", "ID BDGEO": "602", "horodatage": "2022-11-03 16:21:09", "distance (en metres)": 5150.32, "station": "DEPOT THIAIS ( S )", "marker-color": "#818181"}}, {"type": "Feature", "geometry": {"type": "Point", "coordinates": [2.327536, 48.798203]}, "properties": {"numparc": 6930, "etat de la localisation": "autre", "ID BDGEO": "580", "horodatage": "2022-11-03 16:22:02", "distance (en metres)": 2675.56, "station": "PORTE D'ORLEANS#", "marker-color": "#818181"}}, {"type": "Feature", "geometry": {"type": "Point", "coordinates": [2.387952, 48.754642]}, "properties": {"numparc": 6909, "etat de la localisation": "autre", "ID BDGEO": "614", "horodatage": "2022-11-03 16:22:03", "distance (en metres)": 4393.09, "station": "CHARCOT ZOLA#", "marker-color": "#818181"}}, {"type": "Feature", "geometry": {"type": "Point", "coordinates": [2.31922, 48.759918]}, "properties": {"numparc": 6925, "etat de la localisation": "autre", "ID BDGEO": "602", "horodatage": "2022-11-03 16:22:46", "distance (en metres)": 5005.0, "station": "DEPOT THIAIS ( S )", "marker-color": "#818181"}}, {"type": "Feature", "geometry": {"type": "Point", "coordinates": [2.325732, 48.813553]}, "properties": {"numparc": 6931, "etat de la localisation": "autre", "ID BDGEO": "580", "horodatage": "2022-11-03 16:23:07", "distance (en metres)": 963.59, "station": "PORTE D'ORLEANS#", "marker-color": "#818181"}}, {"type": "Feature", "geometry": {"type": "Point", "coordinates": [2.324624, 48.821693]}, "properties": {"numparc": 6910, "etat de la localisation": "autre", "ID BDGEO": "580", "horodatage": "2022-11-03 16:23:31", "distance (en metres)": 54.98, "station": "PORTE D'ORLEANS#", "marker-color": "#818181"}}, {"type": "Feature", "geometry": {"type": "Point", "coordinates": [2.331676, 48.796429]}, "properties": {"numparc": 6930, "etat de la localisation": "autre", "ID BDGEO": "580", "horodatage": "2022-11-03 16:23:36", "distance (en metres)": 2910.48, "station": "PORTE D'ORLEANS#", "marker-color": "#818181"}}, {"type": "Feature", "geometry": {"type": "Point", "coordinates": [2.324624, 48.821693]}, "properties": {"numparc": 6910, "etat de la localisation": "autre", "ID BDGEO": "580", "horodatage": "2022-11-03 16:23:46", "distance (en metres)": 54.98, "station": "PORTE D'ORLEANS#", "marker-color": "#818181"}}, {"type": "Feature", "geometry": {"type": "Point", "coordinates": [2.325522, 48.821358]}, "properties": {"numparc": 6907, "etat de la localisation": "autre", "ID BDGEO": "580", "horodatage": "2022-11-03 16:24:20", "distance (en metres)": 113.34, "station": "PORTE D'ORLEANS#", "marker-color": "#818181"}}, {"type": "Feature", "geometry": {"type": "Point", "coordinates": [2.330566, 48.763222]}, "properties": {"numparc": 6912, "etat de la localisation": "autre", "ID BDGEO": "734", "horodatage": "2022-11-03 16:24:35", "distance (en metres)": 263.2, "station": "CHARCOT ZOLA", "marker-color": "#818181"}}, {"type": "Feature", "geometry": {"type": "Point", "coordinates": [2.32196, 48.755695]}, "properties": {"numparc": 6925, "etat de la localisation": "autre", "ID BDGEO": "602", "horodatage": "2022-11-03 16:24:43", "distance (en metres)": 4778.6, "station": "DEPOT THIAIS ( S )", "marker-color": "#818181"}}, {"type": "Feature", "geometry": {"type": "Point", "coordinates": [2.334644, 48.794567]}, "properties": {"numparc": 6930, "etat de la localisation": "autre", "ID BDGEO": "580", "horodatage": "2022-11-03 16:25:01", "distance (en metres)": 3157.74, "station": "PORTE D'ORLEANS#", "marker-color": "#818181"}}, {"type": "Feature", "geometry": {"type": "Point", "coordinates": [2.326315, 48.808861]}, "properties": {"numparc": 6931, "etat de la localisation": "autre", "ID BDGEO": "580", "horodatage": "2022-11-03 16:25:18", "distance (en metres)": 1487.07, "station": "PORTE D'ORLEANS#", "marker-color": "#818181"}}, {"type": "Feature", "geometry": {"type": "Point", "coordinates": [2.32408, 48.75853]}, "properties": {"numparc": 6925, "etat de la localisation": "autre", "ID BDGEO": "602", "horodatage": "2022-11-03 16:26:05", "distance (en metres)": 4636.45, "station": "DEPOT THIAIS ( S )", "marker-color": "#818181"}}, {"type": "Feature", "geometry": {"type": "Point", "coordinates": [2.325378, 48.818363]}, "properties": {"numparc": 6910, "etat de la localisation": "autre", "ID BDGEO": "580", "horodatage": "2022-11-03 16:26:14", "distance (en metres)": 428.86, "station": "PORTE D'ORLEANS#", "marker-color": "#818181"}}, {"type": "Feature", "geometry": {"type": "Point", "coordinates": [2.331431, 48.790321]}, "properties": {"numparc": 6930, "etat de la localisation": "autre", "ID BDGEO": "580", "horodatage": "2022-11-03 16:26:53", "distance (en metres)": 3578.29, "station": "PORTE D'ORLEANS#", "marker-color": "#818181"}}, {"type": "Feature", "geometry": {"type": "Point", "coordinates": [2.325064, 48.80476]}, "properties": {"numparc": 6931, "etat de la localisation": "autre", "ID BDGEO": "580", "horodatage": "2022-11-03 16:27:03", "distance (en metres)": 1938.16, "station": "PORTE D'ORLEANS#", "marker-color": "#818181"}}, {"type": "Feature", "geometry": {"type": "Point", "coordinates": [2.326465, 48.761253]}, "properties": {"numparc": 6925, "etat de la localisation": "autre", "ID BDGEO": "602", "horodatage": "2022-11-03 16:27:11", "distance (en metres)": 4496.22, "station": "DEPOT THIAIS ( S )", "marker-color": "#818181"}}, {"type": "Feature", "geometry": {"type": "Point", "coordinates": [2.32467, 48.821667]}, "properties": {"numparc": 6913, "etat de la localisation": "autre", "ID BDGEO": "580", "horodatage": "2022-11-03 16:27:15", "distance (en metres)": 58.04, "station": "PORTE D'ORLEANS#", "marker-color": "#818181"}}, {"type": "Feature", "geometry": {"type": "Point", "coordinates": [2.32573, 48.813549]}, "properties": {"numparc": 6910, "etat de la localisation": "autre", "ID BDGEO": "580", "horodatage": "2022-11-03 16:27:27", "distance (en metres)": 964.0, "station": "PORTE D'ORLEANS#", "marker-color": "#818181"}}, {"type": "Feature", "geometry": {"type": "Point", "coordinates": [2.326515, 48.761623]}, "properties": {"numparc": 6912, "etat de la localisation": "autre", "ID BDGEO": "734", "horodatage": "2022-11-03 16:28:00", "distance (en metres)": 206.92, "station": "CHARCOT ZOLA", "marker-color": "#818181"}}, {"type": "Feature", "geometry": {"type": "Point", "coordinates": [2.32374, 48.801537]}, "properties": {"numparc": 6931, "etat de la localisation": "autre", "ID BDGEO": "580", "horodatage": "2022-11-03 16:28:07", "distance (en metres)": 2297.23, "station": "PORTE D'ORLEANS#", "marker-color": "#818181"}}, {"type": "Feature", "geometry": {"type": "Point", "coordinates": [2.328918, 48.785721]}, "properties": {"numparc": 6930, "etat de la localisation": "autre", "ID BDGEO": "580", "horodatage": "2022-11-03 16:28:48", "distance (en metres)": 4067.14, "station": "PORTE D'ORLEANS#", "marker-color": "#818181"}}, {"type": "Feature", "geometry": {"type": "Point", "coordinates": [2.331045, 48.763008]}, "properties": {"numparc": 6925, "etat de la localisation": "autre", "ID BDGEO": "575", "horodatage": "2022-11-03 16:28:52", "distance (en metres)": 390.37, "station": "CHARCOT-ZOLA#", "marker-color": "#818181"}}, {"type": "Feature", "geometry": {"type": "Point", "coordinates": [2.327994, 48.783382]}, "properties": {"numparc": 6930, "etat de la localisation": "autre", "ID BDGEO": "580", "horodatage": "2022-11-03 16:29:38", "distance (en metres)": 4322.03, "station": "PORTE D'ORLEANS#", "marker-color": "#818181"}}, {"type": "Feature", "geometry": {"type": "Point", "coordinates": [2.32414, 48.799614]}, "properties": {"numparc": 6931, "etat de la localisation": "autre", "ID BDGEO": "580", "horodatage": "2022-11-03 16:29:45", "distance (en metres)": 2510.36, "station": "PORTE D'ORLEANS#", "marker-color": "#818181"}}, {"type": "Feature", "geometry": {"type": "Point", "coordinates": [2.326289, 48.808815]}, "properties": {"numparc": 6910, "etat de la localisation": "autre", "ID BDGEO": "580", "horodatage": "2022-11-03 16:30:18", "distance (en metres)": 1491.98, "station": "PORTE D'ORLEANS#", "marker-color": "#818181"}}, {"type": "Feature", "geometry": {"type": "Point", "coordinates": [2.327541, 48.798256]}, "properties": {"numparc": 6931, "etat de la localisation": "autre", "ID BDGEO": "580", "horodatage": "2022-11-03 16:31:13", "distance (en metres)": 2669.68, "station": "PORTE D'ORLEANS#", "marker-color": "#818181"}}, {"type": "Feature", "geometry": {"type": "Point", "coordinates": [2.327962, 48.778763]}, "properties": {"numparc": 6930, "etat de la localisation": "autre", "ID BDGEO": "580", "horodatage": "2022-11-03 16:31:29", "distance (en metres)": 4834.84, "station": "PORTE D'ORLEANS#", "marker-color": "#818181"}}, {"type": "Feature", "geometry": {"type": "Point", "coordinates": [2.325026, 48.804726]}, "properties": {"numparc": 6910, "etat de la localisation": "autre", "ID BDGEO": "580", "horodatage": "2022-11-03 16:31:48", "distance (en metres)": 1941.94, "station": "PORTE D'ORLEANS#", "marker-color": "#818181"}}, {"type": "Feature", "geometry": {"type": "Point", "coordinates": [2.326034, 48.775089]}, "properties": {"numparc": 6930, "etat de la localisation": "autre", "ID BDGEO": "602", "horodatage": "2022-11-03 16:32:42", "distance (en metres)": 4988.11, "station": "DEPOT THIAIS ( S )", "marker-color": "#818181"}}, {"type": "Feature", "geometry": {"type": "Point", "coordinates": [2.325373, 48.818485]}, "properties": {"numparc": 6913, "etat de la localisation": "autre", "ID BDGEO": "580", "horodatage": "2022-11-03 16:32:49", "distance (en metres)": 415.35, "station": "PORTE D'ORLEANS#", "marker-color": "#818181"}}, {"type": "Feature", "geometry": {"type": "Point", "coordinates": [2.323746, 48.773102]}, "properties": {"numparc": 6930, "etat de la localisation": "autre", "ID BDGEO": "602", "horodatage": "2022-11-03 16:33:35", "distance (en metres)": 5048.85, "station": "DEPOT THIAIS ( S )", "marker-color": "#818181"}}, {"type": "Feature", "geometry": {"type": "Point", "coordinates": [2.32372, 48.801441]}, "properties": {"numparc": 6910, "etat de la localisation": "autre", "ID BDGEO": "580", "horodatage": "2022-11-03 16:33:42", "distance (en metres)": 2307.87, "station": "PORTE D'ORLEANS#", "marker-color": "#818181"}}, {"type": "Feature", "geometry": {"type": "Point", "coordinates": [2.331712, 48.796482]}, "properties": {"numparc": 6931, "etat de la localisation": "autre", "ID BDGEO": "580", "horodatage": "2022-11-03 16:33:51", "distance (en metres)": 2905.1, "station": "PORTE D'ORLEANS#", "marker-color": "#818181"}}, {"type": "Feature", "geometry": {"type": "Point", "coordinates": [2.319399, 48.759758]}, "properties": {"numparc": 6912, "etat de la localisation": "autre", "ID BDGEO": "599", "horodatage": "2022-11-03 16:33:52", "distance (en metres)": 62.8, "station": "TUILERIE", "marker-color": "#818181"}}, {"type": "Feature", "geometry": {"type": "Point", "coordinates": [2.32212, 48.770061]}, "properties": {"numparc": 6930, "etat de la localisation": "autre", "ID BDGEO": "602", "horodatage": "2022-11-03 16:34:32", "distance (en metres)": 5039.17, "station": "DEPOT THIAIS ( S )", "marker-color": "#818181"}}, {"type": "Feature", "geometry": {"type": "Point", "coordinates": [2.32212, 48.770061]}, "properties": {"numparc": 6930, "etat de la localisation": "autre", "ID BDGEO": "602", "horodatage": "2022-11-03 16:34:37", "distance (en metres)": 5039.17, "station": "DEPOT THIAIS ( S )", "marker-color": "#818181"}}, {"type": "Feature", "geometry": {"type": "Point", "coordinates": [2.32573, 48.813515]}, "properties": {"numparc": 6913, "etat de la localisation": "autre", "ID BDGEO": "580", "horodatage": "2022-11-03 16:34:57", "distance (en metres)": 967.81, "station": "PORTE D'ORLEANS#", "marker-color": "#818181"}}, {"type": "Feature", "geometry": {"type": "Point", "coordinates": [2.334634, 48.794598]}, "properties": {"numparc": 6931, "etat de la localisation": "autre", "ID BDGEO": "580", "horodatage": "2022-11-03 16:35:09", "distance (en metres)": 3154.26, "station": "PORTE D'ORLEANS#", "marker-color": "#818181"}}, {"type": "Feature", "geometry": {"type": "Point", "coordinates": [2.319146, 48.767429]}, "properties": {"numparc": 6930, "etat de la localisation": "autre", "ID BDGEO": "602", "horodatage": "2022-11-03 16:35:45", "distance (en metres)": 5162.14, "station": "DEPOT THIAIS ( S )", "marker-color": "#818181"}}, {"type": "Feature", "geometry": {"type": "Point", "coordinates": [2.324687, 48.821636]}, "properties": {"numparc": 6907, "etat de la localisation": "autre", "ID BDGEO": "580", "horodatage": "2022-11-03 16:35:55", "distance (en metres)": 61.52, "station": "PORTE D'ORLEANS#", "marker-color": "#818181"}}, {"type": "Feature", "geometry": {"type": "Point", "coordinates": [2.330492, 48.763256]}, "properties": {"numparc": 6926, "etat de la localisation": "autre", "ID BDGEO": "734", "horodatage": "2022-11-03 16:36:14", "distance (en metres)": 264.74, "station": "CHARCOT ZOLA", "marker-color": "#818181"}}, {"type": "Feature", "geometry": {"type": "Point", "coordinates": [2.327586, 48.798237]}, "properties": {"numparc": 6910, "etat de la localisation": "autre", "ID BDGEO": "580", "horodatage": "2022-11-03 16:36:22", "distance (en metres)": 2672.05, "station": "PORTE D'ORLEANS#", "marker-color": "#818181"}}, {"type": "Feature", "geometry": {"type": "Point", "coordinates": [2.326315, 48.808796]}, "properties": {"numparc": 6913, "etat de la localisation": "autre", "ID BDGEO": "580", "horodatage": "2022-11-03 16:37:04", "distance (en metres)": 1494.26, "station": "PORTE D'ORLEANS#", "marker-color": "#818181"}}, {"type": "Feature", "geometry": {"type": "Point", "coordinates": [2.318117, 48.764053]}, "properties": {"numparc": 6930, "etat de la localisation": "autre", "ID BDGEO": "602", "horodatage": "2022-11-03 16:37:29", "distance (en metres)": 5151.6, "station": "DEPOT THIAIS ( S )", "marker-color": "#818181"}}, {"type": "Feature", "geometry": {"type": "Point", "coordinates": [2.331467, 48.790348]}, "properties": {"numparc": 6931, "etat de la localisation": "autre", "ID BDGEO": "580", "horodatage": "2022-11-03 16:37:41", "distance (en metres)": 3575.72, "station": "PORTE D'ORLEANS#", "marker-color": "#818181"}}, {"type": "Feature", "geometry": {"type": "Point", "coordinates": [2.331728, 48.796467]}, "properties": {"numparc": 6910, "etat de la localisation": "autre", "ID BDGEO": "580", "horodatage": "2022-11-03 16:38:11", "distance (en metres)": 2906.99, "station": "PORTE D'ORLEANS#", "marker-color": "#818181"}}, {"type": "Feature", "geometry": {"type": "Point", "coordinates": [2.32536, 48.818451]}, "properties": {"numparc": 6907, "etat de la localisation": "autre", "ID BDGEO": "580", "horodatage": "2022-11-03 16:38:14", "distance (en metres)": 419.01, "station": "PORTE D'ORLEANS#", "marker-color": "#818181"}}, {"type": "Feature", "geometry": {"type": "Point", "coordinates": [2.319196, 48.759987]}, "properties": {"numparc": 6930, "etat de la localisation": "autre", "ID BDGEO": "602", "horodatage": "2022-11-03 16:38:55", "distance (en metres)": 5007.53, "station": "DEPOT THIAIS ( S )", "marker-color": "#818181"}}, {"type": "Feature", "geometry": {"type": "Point", "coordinates": [2.32503, 48.804722]}, "properties": {"numparc": 6913, "etat de la localisation": "autre", "ID BDGEO": "580", "horodatage": "2022-11-03 16:39:01", "distance (en metres)": 1942.37, "station": "PORTE D'ORLEANS#", "marker-color": "#818181"}}, {"type": "Feature", "geometry": {"type": "Point", "coordinates": [2.328927, 48.785748]}, "properties": {"numparc": 6931, "etat de la localisation": "autre", "ID BDGEO": "580", "horodatage": "2022-11-03 16:39:21", "distance (en metres)": 4064.23, "station": "PORTE D'ORLEANS#", "marker-color": "#818181"}}, {"type": "Feature", "geometry": {"type": "Point", "coordinates": [2.325711, 48.81369]}, "properties": {"numparc": 6907, "etat de la localisation": "autre", "ID BDGEO": "580", "horodatage": "2022-11-03 16:39:39", "distance (en metres)": 948.24, "station": "PORTE D'ORLEANS#", "marker-color": "#818181"}}, {"type": "Feature", "geometry": {"type": "Point", "coordinates": [2.334661, 48.794586]}, "properties": {"numparc": 6910, "etat de la localisation": "autre", "ID BDGEO": "580", "horodatage": "2022-11-03 16:40:02", "distance (en metres)": 3155.96, "station": "PORTE D'ORLEANS#", "marker-color": "#818181"}}, {"type": "Feature", "geometry": {"type": "Point", "coordinates": [2.323659, 48.801434]}, "properties": {"numparc": 6913, "etat de la localisation": "autre", "ID BDGEO": "580", "horodatage": "2022-11-03 16:40:05", "distance (en metres)": 2308.86, "station": "PORTE D'ORLEANS#", "marker-color": "#818181"}}, {"type": "Feature", "geometry": {"type": "Point", "coordinates": [2.321989, 48.755726]}, "properties": {"numparc": 6930, "etat de la localisation": "autre", "ID BDGEO": "602", "horodatage": "2022-11-03 16:40:19", "distance (en metres)": 4776.5, "station": "DEPOT THIAIS ( S )", "marker-color": "#818181"}}, {"type": "Feature", "geometry": {"type": "Point", "coordinates": [2.32551, 48.821251]}, "properties": {"numparc": 6914, "etat de la localisation": "autre", "ID BDGEO": "580", "horodatage": "2022-11-03 16:41:41", "distance (en metres)": 122.74, "station": "PORTE D'ORLEANS#", "marker-color": "#818181"}}, {"type": "Feature", "geometry": {"type": "Point", "coordinates": [2.324193, 48.799553]}, "properties": {"numparc": 6913, "etat de la localisation": "autre", "ID BDGEO": "580", "horodatage": "2022-11-03 16:41:53", "distance (en metres)": 2517.09, "station": "PORTE D'ORLEANS#", "marker-color": "#818181"}}, {"type": "Feature", "geometry": {"type": "Point", "coordinates": [2.328018, 48.778782]}, "properties": {"numparc": 6931, "etat de la localisation": "autre", "ID BDGEO": "580", "horodatage": "2022-11-03 16:41:56", "distance (en metres)": 4832.93, "station": "PORTE D'ORLEANS#", "marker-color": "#818181"}}, {"type": "Feature", "geometry": {"type": "Point", "coordinates": [2.324071, 48.758511]}, "properties": {"numparc": 6930, "etat de la localisation": "autre", "ID BDGEO": "602", "horodatage": "2022-11-03 16:42:01", "distance (en metres)": 4636.95, "station": "DEPOT THIAIS ( S )", "marker-color": "#818181"}}, {"type": "Feature", "geometry": {"type": "Point", "coordinates": [2.324071, 48.758511]}, "properties": {"numparc": 6930, "etat de la localisation": "autre", "ID BDGEO": "602", "horodatage": "2022-11-03 16:42:06", "distance (en metres)": 4636.95, "station": "DEPOT THIAIS ( S )", "marker-color": "#818181"}}, {"type": "Feature", "geometry": {"type": "Point", "coordinates": [2.331486, 48.790344]}, "properties": {"numparc": 6910, "etat de la localisation": "autre", "ID BDGEO": "580", "horodatage": "2022-11-03 16:42:10", "distance (en metres)": 3576.34, "station": "PORTE D'ORLEANS#", "marker-color": "#818181"}}, {"type": "Feature", "geometry": {"type": "Point", "coordinates": [2.325549, 48.821735]}, "properties": {"numparc": 6914, "etat de la localisation": "autre", "ID BDGEO": "580", "horodatage": "2022-11-03 16:42:23", "distance (en metres)": 84.38, "station": "PORTE D'ORLEANS#", "marker-color": "#818181"}}, {"type": "Feature", "geometry": {"type": "Point", "coordinates": [2.32635, 48.808945]}, "properties": {"numparc": 6907, "etat de la localisation": "autre", "ID BDGEO": "580", "horodatage": "2022-11-03 16:42:36", "distance (en metres)": 1477.99, "station": "PORTE D'ORLEANS#", "marker-color": "#818181"}}, {"type": "Feature", "geometry": {"type": "Point", "coordinates": [2.327645, 48.798172]}, "properties": {"numparc": 6913, "etat de la localisation": "autre", "ID BDGEO": "580", "horodatage": "2022-11-03 16:43:02", "distance (en metres)": 2679.6, "station": "PORTE D'ORLEANS#", "marker-color": "#818181"}}, {"type": "Feature", "geometry": {"type": "Point", "coordinates": [2.327645, 48.798172]}, "properties": {"numparc": 6913, "etat de la localisation": "autre", "ID BDGEO": "580", "horodatage": "2022-11-03 16:43:13", "distance (en metres)": 2679.6, "station": "PORTE D'ORLEANS#", "marker-color": "#818181"}}, {"type": "Feature", "geometry": {"type": "Point", "coordinates": [2.326066, 48.775093]}, "properties": {"numparc": 6931, "etat de la localisation": "autre", "ID BDGEO": "602", "horodatage": "2022-11-03 16:43:17", "distance (en metres)": 4986.2, "station": "DEPOT THIAIS ( S )", "marker-color": "#818181"}}, {"type": "Feature", "geometry": {"type": "Point", "coordinates": [2.319384, 48.759754]}, "properties": {"numparc": 6926, "etat de la localisation": "autre", "ID BDGEO": "599", "horodatage": "2022-11-03 16:43:24", "distance (en metres)": 62.73, "station": "TUILERIE", "marker-color": "#818181"}}, {"type": "Feature", "geometry": {"type": "Point", "coordinates": [2.32896, 48.785774]}, "properties": {"numparc": 6910, "etat de la localisation": "autre", "ID BDGEO": "580", "horodatage": "2022-11-03 16:43:30", "distance (en metres)": 4061.45, "station": "PORTE D'ORLEANS#", "marker-color": "#818181"}}, {"type": "Feature", "geometry": {"type": "Point", "coordinates": [2.325022, 48.804726]}, "properties": {"numparc": 6907, "etat de la localisation": "autre", "ID BDGEO": "580", "horodatage": "2022-11-03 16:44:03", "distance (en metres)": 1941.93, "station": "PORTE D'ORLEANS#", "marker-color": "#818181"}}, {"type": "Feature", "geometry": {"type": "Point", "coordinates": [2.324682, 48.821678]}, "properties": {"numparc": 6914, "etat de la localisation": "autre", "ID BDGEO": "580", "horodatage": "2022-11-03 16:44:13", "distance (en metres)": 56.84, "station": "PORTE D'ORLEANS#", "marker-color": "#818181"}}, {"type": "Feature", "geometry": {"type": "Point", "coordinates": [2.326473, 48.761253]}, "properties": {"numparc": 6930, "etat de la localisation": "autre", "ID BDGEO": "602", "horodatage": "2022-11-03 16:44:23", "distance (en metres)": 4495.63, "station": "DEPOT THIAIS ( S )", "marker-color": "#818181"}}, {"type": "Feature", "geometry": {"type": "Point", "coordinates": [2.328025, 48.783428]}, "properties": {"numparc": 6910, "etat de la localisation": "autre", "ID BDGEO": "580", "horodatage": "2022-11-03 16:44:33", "distance (en metres)": 4317.08, "station": "PORTE D'ORLEANS#", "marker-color": "#818181"}}, {"type": "Feature", "geometry": {"type": "Point", "coordinates": [2.32216, 48.770039]}, "properties": {"numparc": 6931, "etat de la localisation": "autre", "ID BDGEO": "602", "horodatage": "2022-11-03 16:45:07", "distance (en metres)": 5035.57, "station": "DEPOT THIAIS ( S )", "marker-color": "#818181"}}, {"type": "Feature", "geometry": {"type": "Point", "coordinates": [2.323673, 48.801399]}, "properties": {"numparc": 6907, "etat de la localisation": "autre", "ID BDGEO": "580", "horodatage": "2022-11-03 16:45:36", "distance (en metres)": 2312.64, "station": "PORTE D'ORLEANS#", "marker-color": "#818181"}}, {"type": "Feature", "geometry": {"type": "Point", "coordinates": [2.319251, 48.767483]}, "properties": {"numparc": 6931, "etat de la localisation": "autre", "ID BDGEO": "602", "horodatage": "2022-11-03 16:45:58", "distance (en metres)": 5156.25, "station": "DEPOT THIAIS ( S )", "marker-color": "#818181"}}, {"type": "Feature", "geometry": {"type": "Point", "coordinates": [2.327995, 48.778774]}, "properties": {"numparc": 6910, "etat de la localisation": "autre", "ID BDGEO": "580", "horodatage": "2022-11-03 16:46:07", "distance (en metres)": 4833.69, "station": "PORTE D'ORLEANS#", "marker-color": "#818181"}}, {"type": "Feature", "geometry": {"type": "Point", "coordinates": [2.334651, 48.79451]}, "properties": {"numparc": 6913, "etat de la localisation": "autre", "ID BDGEO": "580", "horodatage": "2022-11-03 16:46:10", "distance (en metres)": 3164.04, "station": "PORTE D'ORLEANS#", "marker-color": "#818181"}}, {"type": "Feature", "geometry": {"type": "Point", "coordinates": [2.330926, 48.762825]}, "properties": {"numparc": 6930, "etat de la localisation": "autre", "ID BDGEO": "734", "horodatage": "2022-11-03 16:46:54", "distance (en metres)": 236.17, "station": "CHARCOT ZOLA", "marker-color": "#818181"}}, {"type": "Feature", "geometry": {"type": "Point", "coordinates": [2.318135, 48.764076]}, "properties": {"numparc": 6931, "etat de la localisation": "autre", "ID BDGEO": "602", "horodatage": "2022-11-03 16:47:07", "distance (en metres)": 5150.77, "station": "DEPOT THIAIS ( S )", "marker-color": "#818181"}}, {"type": "Feature", "geometry": {"type": "Point", "coordinates": [2.331011, 48.762997]}, "properties": {"numparc": 6909, "etat de la localisation": "autre", "ID BDGEO": "734", "horodatage": "2022-11-03 16:47:19", "distance (en metres)": 255.66, "station": "CHARCOT ZOLA", "marker-color": "#818181"}}, {"type": "Feature", "geometry": {"type": "Point", "coordinates": [2.324192, 48.799541]}, "properties": {"numparc": 6907, "etat de la localisation": "autre", "ID BDGEO": "580", "horodatage": "2022-11-03 16:47:46", "distance (en metres)": 2518.36, "station": "PORTE D'ORLEANS#", "marker-color": "#818181"}}, {"type": "Feature", "geometry": {"type": "Point", "coordinates": [2.331441, 48.790279]}, "properties": {"numparc": 6913, "etat de la localisation": "autre", "ID BDGEO": "580", "horodatage": "2022-11-03 16:47:53", "distance (en metres)": 3583.02, "station": "PORTE D'ORLEANS#", "marker-color": "#818181"}}, {"type": "Feature", "geometry": {"type": "Point", "coordinates": [2.324672, 48.821678]}, "properties": {"numparc": 6918, "etat de la localisation": "autre", "ID BDGEO": "580", "horodatage": "2022-11-03 16:48:00", "distance (en metres)": 56.79, "station": "PORTE D'ORLEANS#", "marker-color": "#818181"}}, {"type": "Feature", "geometry": {"type": "Point", "coordinates": [2.318285, 48.762024]}, "properties": {"numparc": 6931, "etat de la localisation": "autre", "ID BDGEO": "602", "horodatage": "2022-11-03 16:48:01", "distance (en metres)": 5101.89, "station": "DEPOT THIAIS ( S )", "marker-color": "#818181"}}, {"type": "Feature", "geometry": {"type": "Point", "coordinates": [2.323788, 48.773075]}, "properties": {"numparc": 6910, "etat de la localisation": "autre", "ID BDGEO": "602", "horodatage": "2022-11-03 16:48:22", "distance (en metres)": 5044.86, "station": "DEPOT THIAIS ( S )", "marker-color": "#818181"}}, {"type": "Feature", "geometry": {"type": "Point", "coordinates": [2.330483, 48.763237]}, "properties": {"numparc": 6909, "etat de la localisation": "autre", "ID BDGEO": "734", "horodatage": "2022-11-03 16:48:43", "distance (en metres)": 262.53, "station": "CHARCOT ZOLA", "marker-color": "#818181"}}, {"type": "Feature", "geometry": {"type": "Point", "coordinates": [2.31922, 48.759937]}, "properties": {"numparc": 6931, "etat de la localisation": "autre", "ID BDGEO": "602", "horodatage": "2022-11-03 16:49:02", "distance (en metres)": 5005.22, "station": "DEPOT THIAIS ( S )", "marker-color": "#818181"}}, {"type": "Feature", "geometry": {"type": "Point", "coordinates": [2.322132, 48.77002]}, "properties": {"numparc": 6910, "etat de la localisation": "autre", "ID BDGEO": "602", "horodatage": "2022-11-03 16:49:36", "distance (en metres)": 5036.82, "station": "DEPOT THIAIS ( S )", "marker-color": "#818181"}}, {"type": "Feature", "geometry": {"type": "Point", "coordinates": [2.328912, 48.785736]}, "properties": {"numparc": 6913, "etat de la localisation": "autre", "ID BDGEO": "580", "horodatage": "2022-11-03 16:50:00", "distance (en metres)": 4065.4, "station": "PORTE D'ORLEANS#", "marker-color": "#818181"}}, {"type": "Feature", "geometry": {"type": "Point", "coordinates": [2.330926, 48.762825]}, "properties": {"numparc": 6930, "etat de la localisation": "autre", "ID BDGEO": "734", "horodatage": "2022-11-03 16:50:04", "distance (en metres)": 236.17, "station": "CHARCOT ZOLA", "marker-color": "#818181"}}, {"type": "Feature", "geometry": {"type": "Point", "coordinates": [2.325376, 48.818569]}, "properties": {"numparc": 6914, "etat de la localisation": "autre", "ID BDGEO": "580", "horodatage": "2022-11-03 16:50:15", "distance (en metres)": 406.13, "station": "PORTE D'ORLEANS#", "marker-color": "#818181"}}, {"type": "Feature", "geometry": {"type": "Point", "coordinates": [2.321938, 48.755726]}, "properties": {"numparc": 6931, "etat de la localisation": "autre", "ID BDGEO": "602", "horodatage": "2022-11-03 16:50:32", "distance (en metres)": 4780.23, "station": "DEPOT THIAIS ( S )", "marker-color": "#818181"}}, {"type": "Feature", "geometry": {"type": "Point", "coordinates": [2.327975, 48.783386]}, "properties": {"numparc": 6913, "etat de la localisation": "autre", "ID BDGEO": "580", "horodatage": "2022-11-03 16:50:42", "distance (en metres)": 4321.52, "station": "PORTE D'ORLEANS#", "marker-color": "#818181"}}, {"type": "Feature", "geometry": {"type": "Point", "coordinates": [2.319211, 48.767448]}, "properties": {"numparc": 6910, "etat de la localisation": "autre", "ID BDGEO": "602", "horodatage": "2022-11-03 16:51:01", "distance (en metres)": 5158.08, "station": "DEPOT THIAIS ( S )", "marker-color": "#818181"}}, {"type": "Feature", "geometry": {"type": "Point", "coordinates": [2.325703, 48.81356]}, "properties": {"numparc": 6914, "etat de la localisation": "autre", "ID BDGEO": "580", "horodatage": "2022-11-03 16:51:56", "distance (en metres)": 962.57, "station": "PORTE D'ORLEANS#", "marker-color": "#818181"}}, {"type": "Feature", "geometry": {"type": "Point", "coordinates": [2.32404, 48.758522]}, "properties": {"numparc": 6931, "etat de la localisation": "autre", "ID BDGEO": "602", "horodatage": "2022-11-03 16:52:08", "distance (en metres)": 4639.31, "station": "DEPOT THIAIS ( S )", "marker-color": "#818181"}}, {"type": "Feature", "geometry": {"type": "Point", "coordinates": [2.325703, 48.81356]}, "properties": {"numparc": 6914, "etat de la localisation": "autre", "ID BDGEO": "580", "horodatage": "2022-11-03 16:52:13", "distance (en metres)": 962.57, "station": "PORTE D'ORLEANS#", "marker-color": "#818181"}}, {"type": "Feature", "geometry": {"type": "Point", "coordinates": [2.327977, 48.778732]}, "properties": {"numparc": 6913, "etat de la localisation": "autre", "ID BDGEO": "580", "horodatage": "2022-11-03 16:52:35", "distance (en metres)": 4838.28, "station": "PORTE D'ORLEANS#", "marker-color": "#818181"}}, {"type": "Feature", "geometry": {"type": "Point", "coordinates": [2.334621, 48.79451]}, "properties": {"numparc": 6907, "etat de la localisation": "autre", "ID BDGEO": "580", "horodatage": "2022-11-03 16:52:46", "distance (en metres)": 3163.54, "station": "PORTE D'ORLEANS#", "marker-color": "#818181"}}, {"type": "Feature", "geometry": {"type": "Point", "coordinates": [2.323765, 48.773048]}, "properties": {"numparc": 6913, "etat de la localisation": "autre", "ID BDGEO": "602", "horodatage": "2022-11-03 16:54:12", "distance (en metres)": 5045.25, "station": "DEPOT THIAIS ( S )", "marker-color": "#818181"}}, {"type": "Feature", "geometry": {"type": "Point", "coordinates": [2.326281, 48.808914]}, "properties": {"numparc": 6914, "etat de la localisation": "autre", "ID BDGEO": "580", "horodatage": "2022-11-03 16:54:22", "distance (en metres)": 1480.95, "station": "PORTE D'ORLEANS#", "marker-color": "#818181"}}, {"type": "Feature", "geometry": {"type": "Point", "coordinates": [2.319258, 48.759888]}, "properties": {"numparc": 6910, "etat de la localisation": "autre", "ID BDGEO": "602", "horodatage": "2022-11-03 16:54:36", "distance (en metres)": 5001.89, "station": "DEPOT THIAIS ( S )", "marker-color": "#818181"}}, {"type": "Feature", "geometry": {"type": "Point", "coordinates": [2.3194, 48.759762]}, "properties": {"numparc": 6909, "etat de la localisation": "autre", "ID BDGEO": "599", "horodatage": "2022-11-03 16:54:40", "distance (en metres)": 63.19, "station": "TUILERIE", "marker-color": "#818181"}}, {"type": "Feature", "geometry": {"type": "Point", "coordinates": [2.326451, 48.761265]}, "properties": {"numparc": 6931, "etat de la localisation": "autre", "ID BDGEO": "602", "horodatage": "2022-11-03 16:54:43", "distance (en metres)": 4497.41, "station": "DEPOT THIAIS ( S )", "marker-color": "#818181"}}, {"type": "Feature", "geometry": {"type": "Point", "coordinates": [2.331423, 48.790237]}, "properties": {"numparc": 6907, "etat de la localisation": "autre", "ID BDGEO": "580", "horodatage": "2022-11-03 16:54:55", "distance (en metres)": 3587.46, "station": "PORTE D'ORLEANS#", "marker-color": "#818181"}}, {"type": "Feature", "geometry": {"type": "Point", "coordinates": [2.324681, 48.821724]}, "properties": {"numparc": 6925, "etat de la localisation": "autre", "ID BDGEO": "580", "horodatage": "2022-11-03 16:55:02", "distance (en metres)": 51.76, "station": "PORTE D'ORLEANS#", "marker-color": "#818181"}}, {"type": "Feature", "geometry": {"type": "Point", "coordinates": [2.322126, 48.770004]}, "properties": {"numparc": 6913, "etat de la localisation": "autre", "ID BDGEO": "602", "horodatage": "2022-11-03 16:55:05", "distance (en metres)": 5036.7, "station": "DEPOT THIAIS ( S )", "marker-color": "#818181"}}, {"type": "Feature", "geometry": {"type": "Point", "coordinates": [2.325359, 48.818485]}, "properties": {"numparc": 6918, "etat de la localisation": "autre", "ID BDGEO": "580", "horodatage": "2022-11-03 16:55:35", "distance (en metres)": 415.21, "station": "PORTE D'ORLEANS#", "marker-color": "#818181"}}, {"type": "Feature", "geometry": {"type": "Point", "coordinates": [2.325001, 48.80479]}, "properties": {"numparc": 6914, "etat de la localisation": "autre", "ID BDGEO": "580", "horodatage": "2022-11-03 16:55:50", "distance (en metres)": 1934.7, "station": "PORTE D'ORLEANS#", "marker-color": "#818181"}}, {"type": "Feature", "geometry": {"type": "Point", "coordinates": [2.319219, 48.767464]}, "properties": {"numparc": 6913, "etat de la localisation": "autre", "ID BDGEO": "602", "horodatage": "2022-11-03 16:56:00", "distance (en metres)": 5157.95, "station": "DEPOT THIAIS ( S )", "marker-color": "#818181"}}, {"type": "Feature", "geometry": {"type": "Point", "coordinates": [2.321988, 48.755699]}, "properties": {"numparc": 6910, "etat de la localisation": "autre", "ID BDGEO": "602", "horodatage": "2022-11-03 16:56:14", "distance (en metres)": 4776.54, "station": "DEPOT THIAIS ( S )", "marker-color": "#818181"}}, {"type": "Feature", "geometry": {"type": "Point", "coordinates": [2.330881, 48.76284]}, "properties": {"numparc": 6931, "etat de la localisation": "autre", "ID BDGEO": "575", "horodatage": "2022-11-03 16:56:26", "distance (en metres)": 370.83, "station": "CHARCOT-ZOLA#", "marker-color": "#818181"}}, {"type": "Feature", "geometry": {"type": "Point", "coordinates": [2.328891, 48.785652]}, "properties": {"numparc": 6907, "etat de la localisation": "autre", "ID BDGEO": "580", "horodatage": "2022-11-03 16:56:45", "distance (en metres)": 4074.59, "station": "PORTE D'ORLEANS#", "marker-color": "#818181"}}, {"type": "Feature", "geometry": {"type": "Point", "coordinates": [2.327974, 48.783329]}, "properties": {"numparc": 6907, "etat de la localisation": "autre", "ID BDGEO": "580", "horodatage": "2022-11-03 16:57:35", "distance (en metres)": 4327.88, "station": "PORTE D'ORLEANS#", "marker-color": "#818181"}}, {"type": "Feature", "geometry": {"type": "Point", "coordinates": [2.323704, 48.801506]}, "properties": {"numparc": 6914, "etat de la localisation": "autre", "ID BDGEO": "580", "horodatage": "2022-11-03 16:57:36", "distance (en metres)": 2300.7, "station": "PORTE D'ORLEANS#", "marker-color": "#818181"}}, {"type": "Feature", "geometry": {"type": "Point", "coordinates": [2.325707, 48.813511]}, "properties": {"numparc": 6918, "etat de la localisation": "autre", "ID BDGEO": "580", "horodatage": "2022-11-03 16:57:39", "distance (en metres)": 968.09, "station": "PORTE D'ORLEANS#", "marker-color": "#818181"}}, {"type": "Feature", "geometry": {"type": "Point", "coordinates": [2.324014, 48.758488]}, "properties": {"numparc": 6910, "etat de la localisation": "autre", "ID BDGEO": "602", "horodatage": "2022-11-03 16:57:44", "distance (en metres)": 4640.92, "station": "DEPOT THIAIS ( S )", "marker-color": "#818181"}}, {"type": "Feature", "geometry": {"type": "Point", "coordinates": [2.318125, 48.764027]}, "properties": {"numparc": 6913, "etat de la localisation": "autre", "ID BDGEO": "602", "horodatage": "2022-11-03 16:57:52", "distance (en metres)": 5150.45, "station": "DEPOT THIAIS ( S )", "marker-color": "#818181"}}, {"type": "Feature", "geometry": {"type": "Point", "coordinates": [2.318272, 48.76207]}, "properties": {"numparc": 6913, "etat de la localisation": "autre", "ID BDGEO": "602", "horodatage": "2022-11-03 16:58:31", "distance (en metres)": 5103.56, "station": "DEPOT THIAIS ( S )", "marker-color": "#818181"}}, {"type": "Feature", "geometry": {"type": "Point", "coordinates": [2.330531, 48.763218]}, "properties": {"numparc": 6930, "etat de la localisation": "autre", "ID BDGEO": "734", "horodatage": "2022-11-03 16:59:13", "distance (en metres)": 261.84, "station": "CHARCOT ZOLA", "marker-color": "#818181"}}, {"type": "Feature", "geometry": {"type": "Point", "coordinates": [2.327966, 48.778717]}, "properties": {"numparc": 6907, "etat de la localisation": "autre", "ID BDGEO": "580", "horodatage": "2022-11-03 16:59:16", "distance (en metres)": 4839.94, "station": "PORTE D'ORLEANS#", "marker-color": "#818181"}}, {"type": "Feature", "geometry": {"type": "Point", "coordinates": [2.326471, 48.761269]}, "properties": {"numparc": 6910, "etat de la localisation": "autre", "ID BDGEO": "602", "horodatage": "2022-11-03 16:59:43", "distance (en metres)": 4496.02, "station": "DEPOT THIAIS ( S )", "marker-color": "#818181"}}, {"type": "Feature", "geometry": {"type": "Point", "coordinates": [2.326324, 48.808834]}, "properties": {"numparc": 6918, "etat de la localisation": "autre", "ID BDGEO": "580", "horodatage": "2022-11-03 16:59:49", "distance (en metres)": 1490.08, "station": "PORTE D'ORLEANS#", "marker-color": "#818181"}}, {"type": "Feature", "geometry": {"type": "Point", "coordinates": [2.319237, 48.759892]}, "properties": {"numparc": 6913, "etat de la localisation": "autre", "ID BDGEO": "602", "horodatage": "2022-11-03 16:59:54", "distance (en metres)": 5003.46, "station": "DEPOT THIAIS ( S )", "marker-color": "#818181"}}, {"type": "Feature", "geometry": {"type": "Point", "coordinates": [2.327598, 48.798244]}, "properties": {"numparc": 6914, "etat de la localisation": "autre", "ID BDGEO": "580", "horodatage": "2022-11-03 17:00:35", "distance (en metres)": 2671.28, "station": "PORTE D'ORLEANS#", "marker-color": "#818181"}}, {"type": "Feature", "geometry": {"type": "Point", "coordinates": [2.326013, 48.775017]}, "properties": {"numparc": 6907, "etat de la localisation": "autre", "ID BDGEO": "602", "horodatage": "2022-11-03 17:00:42", "distance (en metres)": 4985.96, "station": "DEPOT THIAIS ( S )", "marker-color": "#818181"}}, {"type": "Feature", "geometry": {"type": "Point", "coordinates": [2.32202, 48.755661]}, "properties": {"numparc": 6913, "etat de la localisation": "autre", "ID BDGEO": "602", "horodatage": "2022-11-03 17:01:21", "distance (en metres)": 4774.17, "station": "DEPOT THIAIS ( S )", "marker-color": "#818181"}}, {"type": "Feature", "geometry": {"type": "Point", "coordinates": [2.325051, 48.804745]}, "properties": {"numparc": 6918, "etat de la localisation": "autre", "ID BDGEO": "580", "horodatage": "2022-11-03 17:01:34", "distance (en metres)": 1939.84, "station": "PORTE D'ORLEANS#", "marker-color": "#818181"}}, {"type": "Feature", "geometry": {"type": "Point", "coordinates": [2.330881, 48.76284]}, "properties": {"numparc": 6931, "etat de la localisation": "autre", "ID BDGEO": "575", "horodatage": "2022-11-03 17:01:44", "distance (en metres)": 370.83, "station": "CHARCOT-ZOLA#", "marker-color": "#818181"}}, {"type": "Feature", "geometry": {"type": "Point", "coordinates": [2.327935, 48.798141]}, "properties": {"numparc": 6926, "etat de la localisation": "autre", "ID BDGEO": "632", "horodatage": "2022-11-03 17:02:04", "distance (en metres)": 73.96, "station": "ARCUEIL-CACHAN RER", "marker-color": "#818181"}}, {"type": "Feature", "geometry": {"type": "Point", "coordinates": [2.326573, 48.761623]}, "properties": {"numparc": 6930, "etat de la localisation": "autre", "ID BDGEO": "734", "horodatage": "2022-11-03 17:02:05", "distance (en metres)": 202.89, "station": "CHARCOT ZOLA", "marker-color": "#818181"}}, {"type": "Feature", "geometry": {"type": "Point", "coordinates": [2.330758, 48.762669]}, "properties": {"numparc": 6910, "etat de la localisation": "autre", "ID BDGEO": "734", "horodatage": "2022-11-03 17:02:07", "distance (en metres)": 214.89, "station": "CHARCOT ZOLA", "marker-color": "#818181"}}, {"type": "Feature", "geometry": {"type": "Point", "coordinates": [2.322131, 48.770027]}, "properties": {"numparc": 6907, "etat de la localisation": "autre", "ID BDGEO": "602", "horodatage": "2022-11-03 17:02:12", "distance (en metres)": 5037.18, "station": "DEPOT THIAIS ( S )", "marker-color": "#818181"}}, {"type": "Feature", "geometry": {"type": "Point", "coordinates": [2.324077, 48.758537]}, "properties": {"numparc": 6913, "etat de la localisation": "autre", "ID BDGEO": "602", "horodatage": "2022-11-03 17:02:40", "distance (en metres)": 4636.74, "station": "DEPOT THIAIS ( S )", "marker-color": "#818181"}}, {"type": "Feature", "geometry": {"type": "Point", "coordinates": [2.33101, 48.762974]}, "properties": {"numparc": 6910, "etat de la localisation": "autre", "ID BDGEO": "734", "horodatage": "2022-11-03 17:02:53", "distance (en metres)": 253.46, "station": "CHARCOT ZOLA", "marker-color": "#818181"}}, {"type": "Feature", "geometry": {"type": "Point", "coordinates": [2.319159, 48.767395]}, "properties": {"numparc": 6907, "etat de la localisation": "autre", "ID BDGEO": "602", "horodatage": "2022-11-03 17:03:11", "distance (en metres)": 5160.22, "station": "DEPOT THIAIS ( S )", "marker-color": "#818181"}}, {"type": "Feature", "geometry": {"type": "Point", "coordinates": [2.331737, 48.796432]}, "properties": {"numparc": 6914, "etat de la localisation": "autre", "ID BDGEO": "580", "horodatage": "2022-11-03 17:03:15", "distance (en metres)": 2910.86, "station": "PORTE D'ORLEANS#", "marker-color": "#818181"}}, {"type": "Feature", "geometry": {"type": "Point", "coordinates": [2.323696, 48.801437]}, "properties": {"numparc": 6918, "etat de la localisation": "autre", "ID BDGEO": "580", "horodatage": "2022-11-03 17:03:37", "distance (en metres)": 2308.35, "station": "PORTE D'ORLEANS#", "marker-color": "#818181"}}, {"type": "Feature", "geometry": {"type": "Point", "coordinates": [2.318127, 48.764023]}, "properties": {"numparc": 6907, "etat de la localisation": "autre", "ID BDGEO": "602", "horodatage": "2022-11-03 17:04:45", "distance (en metres)": 5150.24, "station": "DEPOT THIAIS ( S )", "marker-color": "#818181"}}, {"type": "Feature", "geometry": {"type": "Point", "coordinates": [2.334645, 48.794529]}, "properties": {"numparc": 6914, "etat de la localisation": "autre", "ID BDGEO": "580", "horodatage": "2022-11-03 17:05:06", "distance (en metres)": 3161.88, "station": "PORTE D'ORLEANS#", "marker-color": "#818181"}}, {"type": "Feature", "geometry": {"type": "Point", "coordinates": [2.32648, 48.761276]}, "properties": {"numparc": 6913, "etat de la localisation": "autre", "ID BDGEO": "602", "horodatage": "2022-11-03 17:05:27", "distance (en metres)": 4495.51, "station": "DEPOT THIAIS ( S )", "marker-color": "#818181"}}, {"type": "Feature", "geometry": {"type": "Point", "coordinates": [2.324149, 48.799561]}, "properties": {"numparc": 6918, "etat de la localisation": "autre", "ID BDGEO": "580", "horodatage": "2022-11-03 17:05:43", "distance (en metres)": 2516.28, "station": "PORTE D'ORLEANS#", "marker-color": "#818181"}}, {"type": "Feature", "geometry": {"type": "Point", "coordinates": [2.327584, 48.798168]}, "properties": {"numparc": 6918, "etat de la localisation": "autre", "ID BDGEO": "580", "horodatage": "2022-11-03 17:07:03", "distance (en metres)": 2679.65, "station": "PORTE D'ORLEANS#", "marker-color": "#818181"}}, {"type": "Feature", "geometry": {"type": "Point", "coordinates": [2.319217, 48.759884]}, "properties": {"numparc": 6907, "etat de la localisation": "autre", "ID BDGEO": "602", "horodatage": "2022-11-03 17:07:06", "distance (en metres)": 5004.84, "station": "DEPOT THIAIS ( S )", "marker-color": "#818181"}}, {"type": "Feature", "geometry": {"type": "Point", "coordinates": [2.331481, 48.790291]}, "properties": {"numparc": 6914, "etat de la localisation": "autre", "ID BDGEO": "580", "horodatage": "2022-11-03 17:07:14", "distance (en metres)": 3582.17, "station": "PORTE D'ORLEANS#", "marker-color": "#818181"}}, {"type": "Feature", "geometry": {"type": "Point", "coordinates": [2.330863, 48.762768]}, "properties": {"numparc": 6913, "etat de la localisation": "autre", "ID BDGEO": "575", "horodatage": "2022-11-03 17:07:16", "distance (en metres)": 365.92, "station": "CHARCOT-ZOLA#", "marker-color": "#818181"}}, {"type": "Feature", "geometry": {"type": "Point", "coordinates": [2.319411, 48.759735]}, "properties": {"numparc": 6930, "etat de la localisation": "autre", "ID BDGEO": "599", "horodatage": "2022-11-03 17:07:54", "distance (en metres)": 60.11, "station": "TUILERIE", "marker-color": "#818181"}}, {"type": "Feature", "geometry": {"type": "Point", "coordinates": [2.328948, 48.785744]}, "properties": {"numparc": 6914, "etat de la localisation": "autre", "ID BDGEO": "580", "horodatage": "2022-11-03 17:08:38", "distance (en metres)": 4064.76, "station": "PORTE D'ORLEANS#", "marker-color": "#818181"}}, {"type": "Feature", "geometry": {"type": "Point", "coordinates": [2.321946, 48.755695]}, "properties": {"numparc": 6907, "etat de la localisation": "autre", "ID BDGEO": "602", "horodatage": "2022-11-03 17:08:47", "distance (en metres)": 4779.63, "station": "DEPOT THIAIS ( S )", "marker-color": "#818181"}}, {"type": "Feature", "geometry": {"type": "Point", "coordinates": [2.331741, 48.796375]}, "properties": {"numparc": 6918, "etat de la localisation": "autre", "ID BDGEO": "580", "horodatage": "2022-11-03 17:08:49", "distance (en metres)": 2917.17, "station": "PORTE D'ORLEANS#", "marker-color": "#818181"}}, {"type": "Feature", "geometry": {"type": "Point", "coordinates": [2.334623, 48.794502]}, "properties": {"numparc": 6918, "etat de la localisation": "autre", "ID BDGEO": "580", "horodatage": "2022-11-03 17:10:09", "distance (en metres)": 3164.4, "station": "PORTE D'ORLEANS#", "marker-color": "#818181"}}, {"type": "Feature", "geometry": {"type": "Point", "coordinates": [2.325374, 48.818451]}, "properties": {"numparc": 6925, "etat de la localisation": "autre", "ID BDGEO": "580", "horodatage": "2022-11-03 17:10:11", "distance (en metres)": 419.14, "station": "PORTE D'ORLEANS#", "marker-color": "#818181"}}, {"type": "Feature", "geometry": {"type": "Point", "coordinates": [2.33101, 48.762974]}, "properties": {"numparc": 6910, "etat de la localisation": "autre", "ID BDGEO": "734", "horodatage": "2022-11-03 17:10:14", "distance (en metres)": 253.46, "station": "CHARCOT ZOLA", "marker-color": "#818181"}}, {"type": "Feature", "geometry": {"type": "Point", "coordinates": [2.324009, 48.75853]}, "properties": {"numparc": 6907, "etat de la localisation": "autre", "ID BDGEO": "602", "horodatage": "2022-11-03 17:10:21", "distance (en metres)": 4641.64, "station": "DEPOT THIAIS ( S )", "marker-color": "#818181"}}, {"type": "Feature", "geometry": {"type": "Point", "coordinates": [2.324009, 48.75853]}, "properties": {"numparc": 6907, "etat de la localisation": "autre", "ID BDGEO": "602", "horodatage": "2022-11-03 17:10:57", "distance (en metres)": 4641.64, "station": "DEPOT THIAIS ( S )", "marker-color": "#818181"}}, {"type": "Feature", "geometry": {"type": "Point", "coordinates": [2.324009, 48.75853]}, "properties": {"numparc": 6907, "etat de la localisation": "autre", "ID BDGEO": "602", "horodatage": "2022-11-03 17:11:06", "distance (en metres)": 4641.64, "station": "DEPOT THIAIS ( S )", "marker-color": "#818181"}}, {"type": "Feature", "geometry": {"type": "Point", "coordinates": [2.327996, 48.778774]}, "properties": {"numparc": 6914, "etat de la localisation": "autre", "ID BDGEO": "580", "horodatage": "2022-11-03 17:11:20", "distance (en metres)": 4833.69, "station": "PORTE D'ORLEANS#", "marker-color": "#818181"}}, {"type": "Feature", "geometry": {"type": "Point", "coordinates": [2.331466, 48.790257]}, "properties": {"numparc": 6918, "etat de la localisation": "autre", "ID BDGEO": "580", "horodatage": "2022-11-03 17:11:49", "distance (en metres)": 3585.79, "station": "PORTE D'ORLEANS#", "marker-color": "#818181"}}, {"type": "Feature", "geometry": {"type": "Point", "coordinates": [2.330496, 48.763229]}, "properties": {"numparc": 6910, "etat de la localisation": "autre", "ID BDGEO": "734", "horodatage": "2022-11-03 17:11:52", "distance (en metres)": 262.08, "station": "CHARCOT ZOLA", "marker-color": "#818181"}}, {"type": "Feature", "geometry": {"type": "Point", "coordinates": [2.325758, 48.81353]}, "properties": {"numparc": 6925, "etat de la localisation": "autre", "ID BDGEO": "580", "horodatage": "2022-11-03 17:12:15", "distance (en metres)": 966.29, "station": "PORTE D'ORLEANS#", "marker-color": "#818181"}}, {"type": "Feature", "geometry": {"type": "Point", "coordinates": [2.326467, 48.761276]}, "properties": {"numparc": 6907, "etat de la localisation": "autre", "ID BDGEO": "602", "horodatage": "2022-11-03 17:12:38", "distance (en metres)": 4496.44, "station": "DEPOT THIAIS ( S )", "marker-color": "#818181"}}, {"type": "Feature", "geometry": {"type": "Point", "coordinates": [2.325601, 48.821335]}, "properties": {"numparc": 6912, "etat de la localisation": "autre", "ID BDGEO": "580", "horodatage": "2022-11-03 17:12:41", "distance (en metres)": 118.82, "station": "PORTE D'ORLEANS#", "marker-color": "#818181"}}, {"type": "Feature", "geometry": {"type": "Point", "coordinates": [2.326589, 48.761593]}, "properties": {"numparc": 6910, "etat de la localisation": "autre", "ID BDGEO": "734", "horodatage": "2022-11-03 17:13:58", "distance (en metres)": 200.69, "station": "CHARCOT ZOLA", "marker-color": "#818181"}}, {"type": "Feature", "geometry": {"type": "Point", "coordinates": [2.326351, 48.80883]}, "properties": {"numparc": 6925, "etat de la localisation": "autre", "ID BDGEO": "580", "horodatage": "2022-11-03 17:14:09", "distance (en metres)": 1490.67, "station": "PORTE D'ORLEANS#", "marker-color": "#818181"}}, {"type": "Feature", "geometry": {"type": "Point", "coordinates": [2.328937, 48.785706]}, "properties": {"numparc": 6918, "etat de la localisation": "autre", "ID BDGEO": "580", "horodatage": "2022-11-03 17:15:08", "distance (en metres)": 4068.93, "station": "PORTE D'ORLEANS#", "marker-color": "#818181"}}, {"type": "Feature", "geometry": {"type": "Point", "coordinates": [2.331028, 48.763016]}, "properties": {"numparc": 6907, "etat de la localisation": "autre", "ID BDGEO": "734", "horodatage": "2022-11-03 17:15:10", "distance (en metres)": 258.12, "station": "CHARCOT ZOLA", "marker-color": "#818181"}}, {"type": "Feature", "geometry": {"type": "Point", "coordinates": [2.331028, 48.763016]}, "properties": {"numparc": 6907, "etat de la localisation": "autre", "ID BDGEO": "734", "horodatage": "2022-11-03 17:15:13", "distance (en metres)": 258.12, "station": "CHARCOT ZOLA", "marker-color": "#818181"}}, {"type": "Feature", "geometry": {"type": "Point", "coordinates": [2.325093, 48.804718]}, "properties": {"numparc": 6925, "etat de la localisation": "autre", "ID BDGEO": "580", "horodatage": "2022-11-03 17:15:22", "distance (en metres)": 1942.86, "station": "PORTE D'ORLEANS#", "marker-color": "#818181"}}, {"type": "Feature", "geometry": {"type": "Point", "coordinates": [2.328012, 48.783371]}, "properties": {"numparc": 6918, "etat de la localisation": "autre", "ID BDGEO": "580", "horodatage": "2022-11-03 17:16:01", "distance (en metres)": 4323.37, "station": "PORTE D'ORLEANS#", "marker-color": "#818181"}}, {"type": "Feature", "geometry": {"type": "Point", "coordinates": [2.318159, 48.764072]}, "properties": {"numparc": 6914, "etat de la localisation": "autre", "ID BDGEO": "602", "horodatage": "2022-11-03 17:16:39", "distance (en metres)": 5148.95, "station": "DEPOT THIAIS ( S )", "marker-color": "#818181"}}, {"type": "Feature", "geometry": {"type": "Point", "coordinates": [2.325585, 48.821373]}, "properties": {"numparc": 6926, "etat de la localisation": "autre", "ID BDGEO": "580", "horodatage": "2022-11-03 17:16:42", "distance (en metres)": 114.73, "station": "PORTE D'ORLEANS#", "marker-color": "#818181"}}, {"type": "Feature", "geometry": {"type": "Point", "coordinates": [2.323774, 48.801441]}, "properties": {"numparc": 6925, "etat de la localisation": "autre", "ID BDGEO": "580", "horodatage": "2022-11-03 17:17:08", "distance (en metres)": 2307.76, "station": "PORTE D'ORLEANS#", "marker-color": "#818181"}}, {"type": "Feature", "geometry": {"type": "Point", "coordinates": [2.32465, 48.821655]}, "properties": {"numparc": 6912, "etat de la localisation": "autre", "ID BDGEO": "580", "horodatage": "2022-11-03 17:17:30", "distance (en metres)": 59.25, "station": "PORTE D'ORLEANS#", "marker-color": "#818181"}}, {"type": "Feature", "geometry": {"type": "Point", "coordinates": [2.327979, 48.778763]}, "properties": {"numparc": 6918, "etat de la localisation": "autre", "ID BDGEO": "580", "horodatage": "2022-11-03 17:18:07", "distance (en metres)": 4834.9, "station": "PORTE D'ORLEANS#", "marker-color": "#818181"}}, {"type": "Feature", "geometry": {"type": "Point", "coordinates": [2.319, 48.760242]}, "properties": {"numparc": 6914, "etat de la localisation": "autre", "ID BDGEO": "602", "horodatage": "2022-11-03 17:18:19", "distance (en metres)": 5024.81, "station": "DEPOT THIAIS ( S )", "marker-color": "#818181"}}, {"type": "Feature", "geometry": {"type": "Point", "coordinates": [2.319401, 48.759769]}, "properties": {"numparc": 6910, "etat de la localisation": "autre", "ID BDGEO": "599", "horodatage": "2022-11-03 17:18:47", "distance (en metres)": 63.98, "station": "TUILERIE", "marker-color": "#818181"}}, {"type": "Feature", "geometry": {"type": "Point", "coordinates": [2.319233, 48.759941]}, "properties": {"numparc": 6914, "etat de la localisation": "autre", "ID BDGEO": "602", "horodatage": "2022-11-03 17:18:54", "distance (en metres)": 5004.32, "station": "DEPOT THIAIS ( S )", "marker-color": "#818181"}}, {"type": "Feature", "geometry": {"type": "Point", "coordinates": [2.3242, 48.799603]}, "properties": {"numparc": 6925, "etat de la localisation": "autre", "ID BDGEO": "580", "horodatage": "2022-11-03 17:19:21", "distance (en metres)": 2511.57, "station": "PORTE D'ORLEANS#", "marker-color": "#818181"}}, {"type": "Feature", "geometry": {"type": "Point", "coordinates": [2.324445, 48.821831]}, "properties": {"numparc": 6926, "etat de la localisation": "autre", "ID BDGEO": "580", "horodatage": "2022-11-03 17:20:08", "distance (en metres)": 41.81, "station": "PORTE D'ORLEANS#", "marker-color": "#818181"}}, {"type": "Feature", "geometry": {"type": "Point", "coordinates": [2.327567, 48.798183]}, "properties": {"numparc": 6925, "etat de la localisation": "autre", "ID BDGEO": "580", "horodatage": "2022-11-03 17:20:31", "distance (en metres)": 2677.86, "station": "PORTE D'ORLEANS#", "marker-color": "#818181"}}, {"type": "Feature", "geometry": {"type": "Point", "coordinates": [2.322024, 48.755695]}, "properties": {"numparc": 6914, "etat de la localisation": "autre", "ID BDGEO": "602", "horodatage": "2022-11-03 17:20:31", "distance (en metres)": 4773.9, "station": "DEPOT THIAIS ( S )", "marker-color": "#818181"}}, {"type": "Feature", "geometry": {"type": "Point", "coordinates": [2.322127, 48.770023]}, "properties": {"numparc": 6918, "etat de la localisation": "autre", "ID BDGEO": "602", "horodatage": "2022-11-03 17:21:23", "distance (en metres)": 5037.3, "station": "DEPOT THIAIS ( S )", "marker-color": "#818181"}}, {"type": "Feature", "geometry": {"type": "Point", "coordinates": [2.319232, 48.767471]}, "properties": {"numparc": 6918, "etat de la localisation": "autre", "ID BDGEO": "602", "horodatage": "2022-11-03 17:22:23", "distance (en metres)": 5157.26, "station": "DEPOT THIAIS ( S )", "marker-color": "#818181"}}, {"type": "Feature", "geometry": {"type": "Point", "coordinates": [2.324715, 48.821678]}, "properties": {"numparc": 6931, "etat de la localisation": "autre", "ID BDGEO": "580", "horodatage": "2022-11-03 17:22:56", "distance (en metres)": 57.07, "station": "PORTE D'ORLEANS#", "marker-color": "#818181"}}, {"type": "Feature", "geometry": {"type": "Point", "coordinates": [2.331722, 48.796387]}, "properties": {"numparc": 6925, "etat de la localisation": "autre", "ID BDGEO": "580", "horodatage": "2022-11-03 17:23:14", "distance (en metres)": 2915.67, "station": "PORTE D'ORLEANS#", "marker-color": "#818181"}}, {"type": "Feature", "geometry": {"type": "Point", "coordinates": [2.324628, 48.821667]}, "properties": {"numparc": 6926, "etat de la localisation": "autre", "ID BDGEO": "580", "horodatage": "2022-11-03 17:23:17", "distance (en metres)": 57.94, "station": "PORTE D'ORLEANS#", "marker-color": "#818181"}}, {"type": "Feature", "geometry": {"type": "Point", "coordinates": [2.326476, 48.761265]}, "properties": {"numparc": 6914, "etat de la localisation": "autre", "ID BDGEO": "602", "horodatage": "2022-11-03 17:23:48", "distance (en metres)": 4495.6, "station": "DEPOT THIAIS ( S )", "marker-color": "#818181"}}, {"type": "Feature", "geometry": {"type": "Point", "coordinates": [2.324628, 48.821667]}, "properties": {"numparc": 6926, "etat de la localisation": "autre", "ID BDGEO": "580", "horodatage": "2022-11-03 17:24:38", "distance (en metres)": 57.94, "station": "PORTE D'ORLEANS#", "marker-color": "#818181"}}, {"type": "Feature", "geometry": {"type": "Point", "coordinates": [2.33048, 48.763248]}, "properties": {"numparc": 6907, "etat de la localisation": "autre", "ID BDGEO": "734", "horodatage": "2022-11-03 17:24:45", "distance (en metres)": 263.63, "station": "CHARCOT ZOLA", "marker-color": "#818181"}}, {"type": "Feature", "geometry": {"type": "Point", "coordinates": [2.334635, 48.794521]}, "properties": {"numparc": 6925, "etat de la localisation": "autre", "ID BDGEO": "580", "horodatage": "2022-11-03 17:24:55", "distance (en metres)": 3162.53, "station": "PORTE D'ORLEANS#", "marker-color": "#818181"}}, {"type": "Feature", "geometry": {"type": "Point", "coordinates": [2.325424, 48.818462]}, "properties": {"numparc": 6912, "etat de la localisation": "autre", "ID BDGEO": "580", "horodatage": "2022-11-03 17:25:00", "distance (en metres)": 418.38, "station": "PORTE D'ORLEANS#", "marker-color": "#818181"}}, {"type": "Feature", "geometry": {"type": "Point", "coordinates": [2.318124, 48.76405]}, "properties": {"numparc": 6918, "etat de la localisation": "autre", "ID BDGEO": "602", "horodatage": "2022-11-03 17:25:03", "distance (en metres)": 5151.0, "station": "DEPOT THIAIS ( S )", "marker-color": "#818181"}}, {"type": "Feature", "geometry": {"type": "Point", "coordinates": [2.318264, 48.762085]}, "properties": {"numparc": 6918, "etat de la localisation": "autre", "ID BDGEO": "602", "horodatage": "2022-11-03 17:25:54", "distance (en metres)": 5104.4, "station": "DEPOT THIAIS ( S )", "marker-color": "#818181"}}, {"type": "Feature", "geometry": {"type": "Point", "coordinates": [2.331044, 48.762989]}, "properties": {"numparc": 6914, "etat de la localisation": "autre", "ID BDGEO": "734", "horodatage": "2022-11-03 17:26:20", "distance (en metres)": 256.21, "station": "CHARCOT ZOLA", "marker-color": "#818181"}}, {"type": "Feature", "geometry": {"type": "Point", "coordinates": [2.325691, 48.813477]}, "properties": {"numparc": 6912, "etat de la localisation": "autre", "ID BDGEO": "580", "horodatage": "2022-11-03 17:26:21", "distance (en metres)": 971.8, "station": "PORTE D'ORLEANS#", "marker-color": "#818181"}}, {"type": "Feature", "geometry": {"type": "Point", "coordinates": [2.326542, 48.761562]}, "properties": {"numparc": 6907, "etat de la localisation": "autre", "ID BDGEO": "734", "horodatage": "2022-11-03 17:26:38", "distance (en metres)": 202.98, "station": "CHARCOT ZOLA", "marker-color": "#818181"}}, {"type": "Feature", "geometry": {"type": "Point", "coordinates": [2.319209, 48.759922]}, "properties": {"numparc": 6918, "etat de la localisation": "autre", "ID BDGEO": "602", "horodatage": "2022-11-03 17:27:15", "distance (en metres)": 5005.84, "station": "DEPOT THIAIS ( S )", "marker-color": "#818181"}}, {"type": "Feature", "geometry": {"type": "Point", "coordinates": [2.331534, 48.790241]}, "properties": {"numparc": 6925, "etat de la localisation": "autre", "ID BDGEO": "580", "horodatage": "2022-11-03 17:27:23", "distance (en metres)": 3588.17, "station": "PORTE D'ORLEANS#", "marker-color": "#818181"}}, {"type": "Feature", "geometry": {"type": "Point", "coordinates": [2.325367, 48.818478]}, "properties": {"numparc": 6926, "etat de la localisation": "autre", "ID BDGEO": "580", "horodatage": "2022-11-03 17:27:42", "distance (en metres)": 416.14, "station": "PORTE D'ORLEANS#", "marker-color": "#818181"}}, {"type": "Feature", "geometry": {"type": "Point", "coordinates": [2.321928, 48.755699]}, "properties": {"numparc": 6918, "etat de la localisation": "autre", "ID BDGEO": "602", "horodatage": "2022-11-03 17:28:38", "distance (en metres)": 4780.94, "station": "DEPOT THIAIS ( S )", "marker-color": "#818181"}}, {"type": "Feature", "geometry": {"type": "Point", "coordinates": [2.325614, 48.821354]}, "properties": {"numparc": 6909, "etat de la localisation": "autre", "ID BDGEO": "580", "horodatage": "2022-11-03 17:28:53", "distance (en metres)": 117.71, "station": "PORTE D'ORLEANS#", "marker-color": "#818181"}}, {"type": "Feature", "geometry": {"type": "Point", "coordinates": [2.328992, 48.785717]}, "properties": {"numparc": 6925, "etat de la localisation": "autre", "ID BDGEO": "580", "horodatage": "2022-11-03 17:28:57", "distance (en metres)": 4067.98, "station": "PORTE D'ORLEANS#", "marker-color": "#818181"}}, {"type": "Feature", "geometry": {"type": "Point", "coordinates": [2.325738, 48.813492]}, "properties": {"numparc": 6926, "etat de la localisation": "autre", "ID BDGEO": "580", "horodatage": "2022-11-03 17:29:06", "distance (en metres)": 970.39, "station": "PORTE D'ORLEANS#", "marker-color": "#818181"}}, {"type": "Feature", "geometry": {"type": "Point", "coordinates": [2.326268, 48.8088]}, "properties": {"numparc": 6912, "etat de la localisation": "autre", "ID BDGEO": "580", "horodatage": "2022-11-03 17:29:13", "distance (en metres)": 1493.56, "station": "PORTE D'ORLEANS#", "marker-color": "#818181"}}, {"type": "Feature", "geometry": {"type": "Point", "coordinates": [2.328075, 48.783363]}, "properties": {"numparc": 6925, "etat de la localisation": "autre", "ID BDGEO": "580", "horodatage": "2022-11-03 17:29:59", "distance (en metres)": 4324.48, "station": "PORTE D'ORLEANS#", "marker-color": "#818181"}}, {"type": "Feature", "geometry": {"type": "Point", "coordinates": [2.324084, 48.75853]}, "properties": {"numparc": 6918, "etat de la localisation": "autre", "ID BDGEO": "602", "horodatage": "2022-11-03 17:30:23", "distance (en metres)": 4636.15, "station": "DEPOT THIAIS ( S )", "marker-color": "#818181"}}, {"type": "Feature", "geometry": {"type": "Point", "coordinates": [2.319357, 48.759789]}, "properties": {"numparc": 6907, "etat de la localisation": "autre", "ID BDGEO": "599", "horodatage": "2022-11-03 17:31:08", "distance (en metres)": 66.98, "station": "TUILERIE", "marker-color": "#818181"}}, {"type": "Feature", "geometry": {"type": "Point", "coordinates": [2.324974, 48.804714]}, "properties": {"numparc": 6912, "etat de la localisation": "autre", "ID BDGEO": "580", "horodatage": "2022-11-03 17:31:41", "distance (en metres)": 1943.16, "station": "PORTE D'ORLEANS#", "marker-color": "#818181"}}, {"type": "Feature", "geometry": {"type": "Point", "coordinates": [2.327964, 48.778728]}, "properties": {"numparc": 6925, "etat de la localisation": "autre", "ID BDGEO": "580", "horodatage": "2022-11-03 17:31:42", "distance (en metres)": 4838.66, "station": "PORTE D'ORLEANS#", "marker-color": "#818181"}}, {"type": "Feature", "geometry": {"type": "Point", "coordinates": [2.326378, 48.808796]}, "properties": {"numparc": 6926, "etat de la localisation": "autre", "ID BDGEO": "580", "horodatage": "2022-11-03 17:31:43", "distance (en metres)": 1494.65, "station": "PORTE D'ORLEANS#", "marker-color": "#818181"}}, {"type": "Feature", "geometry": {"type": "Point", "coordinates": [2.326378, 48.808796]}, "properties": {"numparc": 6926, "etat de la localisation": "autre", "ID BDGEO": "580", "horodatage": "2022-11-03 17:31:46", "distance (en metres)": 1494.65, "station": "PORTE D'ORLEANS#", "marker-color": "#818181"}}, {"type": "Feature", "geometry": {"type": "Point", "coordinates": [2.325344, 48.818474]}, "properties": {"numparc": 6931, "etat de la localisation": "autre", "ID BDGEO": "580", "horodatage": "2022-11-03 17:31:56", "distance (en metres)": 416.34, "station": "PORTE D'ORLEANS#", "marker-color": "#818181"}}, {"type": "Feature", "geometry": {"type": "Point", "coordinates": [2.326481, 48.761269]}, "properties": {"numparc": 6918, "etat de la localisation": "autre", "ID BDGEO": "602", "horodatage": "2022-11-03 17:32:01", "distance (en metres)": 4495.3, "station": "DEPOT THIAIS ( S )", "marker-color": "#818181"}}, {"type": "Feature", "geometry": {"type": "Point", "coordinates": [2.326046, 48.774998]}, "properties": {"numparc": 6925, "etat de la localisation": "autre", "ID BDGEO": "602", "horodatage": "2022-11-03 17:33:27", "distance (en metres)": 4982.86, "station": "DEPOT THIAIS ( S )", "marker-color": "#818181"}}, {"type": "Feature", "geometry": {"type": "Point", "coordinates": [2.324954, 48.804676]}, "properties": {"numparc": 6926, "etat de la localisation": "autre", "ID BDGEO": "580", "horodatage": "2022-11-03 17:33:29", "distance (en metres)": 1947.37, "station": "PORTE D'ORLEANS#", "marker-color": "#818181"}}, {"type": "Feature", "geometry": {"type": "Point", "coordinates": [2.325712, 48.813503]}, "properties": {"numparc": 6931, "etat de la localisation": "autre", "ID BDGEO": "580", "horodatage": "2022-11-03 17:33:29", "distance (en metres)": 968.97, "station": "PORTE D'ORLEANS#", "marker-color": "#818181"}}, {"type": "Feature", "geometry": {"type": "Point", "coordinates": [2.323698, 48.801407]}, "properties": {"numparc": 6912, "etat de la localisation": "autre", "ID BDGEO": "580", "horodatage": "2022-11-03 17:33:43", "distance (en metres)": 2311.74, "station": "PORTE D'ORLEANS#", "marker-color": "#818181"}}, {"type": "Feature", "geometry": {"type": "Point", "coordinates": [2.330846, 48.762768]}, "properties": {"numparc": 6918, "etat de la localisation": "autre", "ID BDGEO": "575", "horodatage": "2022-11-03 17:33:50", "distance (en metres)": 364.81, "station": "CHARCOT-ZOLA#", "marker-color": "#818181"}}, {"type": "Feature", "geometry": {"type": "Point", "coordinates": [2.331044, 48.762989]}, "properties": {"numparc": 6914, "etat de la localisation": "autre", "ID BDGEO": "734", "horodatage": "2022-11-03 17:34:19", "distance (en metres)": 256.21, "station": "CHARCOT ZOLA", "marker-color": "#818181"}}, {"type": "Feature", "geometry": {"type": "Point", "coordinates": [2.330846, 48.762768]}, "properties": {"numparc": 6918, "etat de la localisation": "autre", "ID BDGEO": "575", "horodatage": "2022-11-03 17:34:22", "distance (en metres)": 364.81, "station": "CHARCOT-ZOLA#", "marker-color": "#818181"}}, {"type": "Feature", "geometry": {"type": "Point", "coordinates": [2.324677, 48.821678]}, "properties": {"numparc": 6913, "etat de la localisation": "autre", "ID BDGEO": "580", "horodatage": "2022-11-03 17:34:48", "distance (en metres)": 56.81, "station": "PORTE D'ORLEANS#", "marker-color": "#818181"}}, {"type": "Feature", "geometry": {"type": "Point", "coordinates": [2.324677, 48.821678]}, "properties": {"numparc": 6909, "etat de la localisation": "autre", "ID BDGEO": "580", "horodatage": "2022-11-03 17:35:06", "distance (en metres)": 56.81, "station": "PORTE D'ORLEANS#", "marker-color": "#818181"}}, {"type": "Feature", "geometry": {"type": "Point", "coordinates": [2.323679, 48.801414]}, "properties": {"numparc": 6926, "etat de la localisation": "autre", "ID BDGEO": "580", "horodatage": "2022-11-03 17:35:09", "distance (en metres)": 2310.93, "station": "PORTE D'ORLEANS#", "marker-color": "#818181"}}, {"type": "Feature", "geometry": {"type": "Point", "coordinates": [2.32638, 48.8088]}, "properties": {"numparc": 6931, "etat de la localisation": "autre", "ID BDGEO": "580", "horodatage": "2022-11-03 17:35:35", "distance (en metres)": 1494.24, "station": "PORTE D'ORLEANS#", "marker-color": "#818181"}}, {"type": "Feature", "geometry": {"type": "Point", "coordinates": [2.322128, 48.769978]}, "properties": {"numparc": 6925, "etat de la localisation": "autre", "ID BDGEO": "602", "horodatage": "2022-11-03 17:35:37", "distance (en metres)": 5035.59, "station": "DEPOT THIAIS ( S )", "marker-color": "#818181"}}, {"type": "Feature", "geometry": {"type": "Point", "coordinates": [2.330494, 48.763229]}, "properties": {"numparc": 6914, "etat de la localisation": "autre", "ID BDGEO": "734", "horodatage": "2022-11-03 17:36:40", "distance (en metres)": 262.02, "station": "CHARCOT ZOLA", "marker-color": "#818181"}}, {"type": "Feature", "geometry": {"type": "Point", "coordinates": [2.319234, 48.767426]}, "properties": {"numparc": 6925, "etat de la localisation": "autre", "ID BDGEO": "602", "horodatage": "2022-11-03 17:36:43", "distance (en metres)": 5155.8, "station": "DEPOT THIAIS ( S )", "marker-color": "#818181"}}, {"type": "Feature", "geometry": {"type": "Point", "coordinates": [2.331057, 48.763004]}, "properties": {"numparc": 6918, "etat de la localisation": "autre", "ID BDGEO": "575", "horodatage": "2022-11-03 17:36:44", "distance (en metres)": 390.93, "station": "CHARCOT-ZOLA#", "marker-color": "#818181"}}, {"type": "Feature", "geometry": {"type": "Point", "coordinates": [2.325028, 48.804718]}, "properties": {"numparc": 6931, "etat de la localisation": "autre", "ID BDGEO": "580", "horodatage": "2022-11-03 17:37:39", "distance (en metres)": 1942.78, "station": "PORTE D'ORLEANS#", "marker-color": "#818181"}}, {"type": "Feature", "geometry": {"type": "Point", "coordinates": [2.327651, 48.798172]}, "properties": {"numparc": 6912, "etat de la localisation": "autre", "ID BDGEO": "580", "horodatage": "2022-11-03 17:37:42", "distance (en metres)": 2679.63, "station": "PORTE D'ORLEANS#", "marker-color": "#818181"}}, {"type": "Feature", "geometry": {"type": "Point", "coordinates": [2.318138, 48.764046]}, "properties": {"numparc": 6925, "etat de la localisation": "autre", "ID BDGEO": "602", "horodatage": "2022-11-03 17:38:14", "distance (en metres)": 5149.92, "station": "DEPOT THIAIS ( S )", "marker-color": "#818181"}}, {"type": "Feature", "geometry": {"type": "Point", "coordinates": [2.325367, 48.818462]}, "properties": {"numparc": 6909, "etat de la localisation": "autre", "ID BDGEO": "580", "horodatage": "2022-11-03 17:38:19", "distance (en metres)": 417.82, "station": "PORTE D'ORLEANS#", "marker-color": "#818181"}}, {"type": "Feature", "geometry": {"type": "Point", "coordinates": [2.326525, 48.761559]}, "properties": {"numparc": 6914, "etat de la localisation": "autre", "ID BDGEO": "734", "horodatage": "2022-11-03 17:38:45", "distance (en metres)": 204.04, "station": "CHARCOT ZOLA", "marker-color": "#818181"}}, {"type": "Feature", "geometry": {"type": "Point", "coordinates": [2.325739, 48.813499]}, "properties": {"numparc": 6909, "etat de la localisation": "autre", "ID BDGEO": "580", "horodatage": "2022-11-03 17:39:34", "distance (en metres)": 969.55, "station": "PORTE D'ORLEANS#", "marker-color": "#818181"}}, {"type": "Feature", "geometry": {"type": "Point", "coordinates": [2.323702, 48.801426]}, "properties": {"numparc": 6931, "etat de la localisation": "autre", "ID BDGEO": "580", "horodatage": "2022-11-03 17:39:36", "distance (en metres)": 2309.61, "station": "PORTE D'ORLEANS#", "marker-color": "#818181"}}, {"type": "Feature", "geometry": {"type": "Point", "coordinates": [2.319246, 48.759884]}, "properties": {"numparc": 6925, "etat de la localisation": "autre", "ID BDGEO": "602", "horodatage": "2022-11-03 17:40:01", "distance (en metres)": 5002.72, "station": "DEPOT THIAIS ( S )", "marker-color": "#818181"}}, {"type": "Feature", "geometry": {"type": "Point", "coordinates": [2.327725, 48.798157]}, "properties": {"numparc": 6926, "etat de la localisation": "autre", "ID BDGEO": "580", "horodatage": "2022-11-03 17:40:26", "distance (en metres)": 2681.78, "station": "PORTE D'ORLEANS#", "marker-color": "#818181"}}, {"type": "Feature", "geometry": {"type": "Point", "coordinates": [2.331778, 48.796391]}, "properties": {"numparc": 6912, "etat de la localisation": "autre", "ID BDGEO": "580", "horodatage": "2022-11-03 17:40:41", "distance (en metres)": 2915.99, "station": "PORTE D'ORLEANS#", "marker-color": "#818181"}}, {"type": "Feature", "geometry": {"type": "Point", "coordinates": [2.327792, 48.798141]}, "properties": {"numparc": 6926, "etat de la localisation": "autre", "ID BDGEO": "580", "horodatage": "2022-11-03 17:40:55", "distance (en metres)": 2683.88, "station": "PORTE D'ORLEANS#", "marker-color": "#818181"}}, {"type": "Feature", "geometry": {"type": "Point", "coordinates": [2.324169, 48.799591]}, "properties": {"numparc": 6931, "etat de la localisation": "autre", "ID BDGEO": "580", "horodatage": "2022-11-03 17:41:58", "distance (en metres)": 2512.87, "station": "PORTE D'ORLEANS#", "marker-color": "#818181"}}, {"type": "Feature", "geometry": {"type": "Point", "coordinates": [2.32181, 48.755775]}, "properties": {"numparc": 6925, "etat de la localisation": "autre", "ID BDGEO": "602", "horodatage": "2022-11-03 17:42:04", "distance (en metres)": 4789.67, "station": "DEPOT THIAIS ( S )", "marker-color": "#818181"}}, {"type": "Feature", "geometry": {"type": "Point", "coordinates": [2.326401, 48.808796]}, "properties": {"numparc": 6909, "etat de la localisation": "autre", "ID BDGEO": "580", "horodatage": "2022-11-03 17:42:19", "distance (en metres)": 1494.79, "station": "PORTE D'ORLEANS#", "marker-color": "#818181"}}, {"type": "Feature", "geometry": {"type": "Point", "coordinates": [2.334723, 48.794514]}, "properties": {"numparc": 6912, "etat de la localisation": "autre", "ID BDGEO": "580", "horodatage": "2022-11-03 17:42:38", "distance (en metres)": 3164.86, "station": "PORTE D'ORLEANS#", "marker-color": "#818181"}}, {"type": "Feature", "geometry": {"type": "Point", "coordinates": [2.32764, 48.798191]}, "properties": {"numparc": 6931, "etat de la localisation": "autre", "ID BDGEO": "580", "horodatage": "2022-11-03 17:43:12", "distance (en metres)": 2677.45, "station": "PORTE D'ORLEANS#", "marker-color": "#818181"}}, {"type": "Feature", "geometry": {"type": "Point", "coordinates": [2.323958, 48.758411]}, "properties": {"numparc": 6925, "etat de la localisation": "autre", "ID BDGEO": "602", "horodatage": "2022-11-03 17:43:36", "distance (en metres)": 4644.39, "station": "DEPOT THIAIS ( S )", "marker-color": "#818181"}}, {"type": "Feature", "geometry": {"type": "Point", "coordinates": [2.319369, 48.759781]}, "properties": {"numparc": 6914, "etat de la localisation": "autre", "ID BDGEO": "599", "horodatage": "2022-11-03 17:43:43", "distance (en metres)": 65.9, "station": "TUILERIE", "marker-color": "#818181"}}, {"type": "Feature", "geometry": {"type": "Point", "coordinates": [2.325069, 48.804722]}, "properties": {"numparc": 6909, "etat de la localisation": "autre", "ID BDGEO": "580", "horodatage": "2022-11-03 17:43:49", "distance (en metres)": 1942.41, "station": "PORTE D'ORLEANS#", "marker-color": "#818181"}}, {"type": "Feature", "geometry": {"type": "Point", "coordinates": [2.334571, 48.794464]}, "properties": {"numparc": 6926, "etat de la localisation": "autre", "ID BDGEO": "580", "horodatage": "2022-11-03 17:43:51", "distance (en metres)": 3167.64, "station": "PORTE D'ORLEANS#", "marker-color": "#818181"}}, {"type": "Feature", "geometry": {"type": "Point", "coordinates": [2.325069, 48.804722]}, "properties": {"numparc": 6909, "etat de la localisation": "autre", "ID BDGEO": "580", "horodatage": "2022-11-03 17:43:52", "distance (en metres)": 1942.41, "station": "PORTE D'ORLEANS#", "marker-color": "#818181"}}, {"type": "Feature", "geometry": {"type": "Point", "coordinates": [2.331743, 48.796398]}, "properties": {"numparc": 6931, "etat de la localisation": "autre", "ID BDGEO": "580", "horodatage": "2022-11-03 17:44:45", "distance (en metres)": 2914.69, "station": "PORTE D'ORLEANS#", "marker-color": "#818181"}}, {"type": "Feature", "geometry": {"type": "Point", "coordinates": [2.331416, 48.790245]}, "properties": {"numparc": 6912, "etat de la localisation": "autre", "ID BDGEO": "580", "horodatage": "2022-11-03 17:45:26", "distance (en metres)": 3586.54, "station": "PORTE D'ORLEANS#", "marker-color": "#818181"}}, {"type": "Feature", "geometry": {"type": "Point", "coordinates": [2.323702, 48.801434]}, "properties": {"numparc": 6909, "etat de la localisation": "autre", "ID BDGEO": "580", "horodatage": "2022-11-03 17:45:36", "distance (en metres)": 2308.76, "station": "PORTE D'ORLEANS#", "marker-color": "#818181"}}, {"type": "Feature", "geometry": {"type": "Point", "coordinates": [2.334675, 48.794518]}, "properties": {"numparc": 6931, "etat de la localisation": "autre", "ID BDGEO": "580", "horodatage": "2022-11-03 17:46:14", "distance (en metres)": 3163.62, "station": "PORTE D'ORLEANS#", "marker-color": "#818181"}}, {"type": "Feature", "geometry": {"type": "Point", "coordinates": [2.32535, 48.818436]}, "properties": {"numparc": 6913, "etat de la localisation": "autre", "ID BDGEO": "580", "horodatage": "2022-11-03 17:46:15", "distance (en metres)": 420.6, "station": "PORTE D'ORLEANS#", "marker-color": "#818181"}}, {"type": "Feature", "geometry": {"type": "Point", "coordinates": [2.331444, 48.790199]}, "properties": {"numparc": 6926, "etat de la localisation": "autre", "ID BDGEO": "580", "horodatage": "2022-11-03 17:46:15", "distance (en metres)": 3591.87, "station": "PORTE D'ORLEANS#", "marker-color": "#818181"}}, {"type": "Feature", "geometry": {"type": "Point", "coordinates": [2.326462, 48.761242]}, "properties": {"numparc": 6925, "etat de la localisation": "autre", "ID BDGEO": "602", "horodatage": "2022-11-03 17:46:24", "distance (en metres)": 4496.25, "station": "DEPOT THIAIS ( S )", "marker-color": "#818181"}}, {"type": "Feature", "geometry": {"type": "Point", "coordinates": [2.325615, 48.821346]}, "properties": {"numparc": 6930, "etat de la localisation": "autre", "ID BDGEO": "580", "horodatage": "2022-11-03 17:47:28", "distance (en metres)": 118.42, "station": "PORTE D'ORLEANS#", "marker-color": "#818181"}}, {"type": "Feature", "geometry": {"type": "Point", "coordinates": [2.328914, 48.785679]}, "properties": {"numparc": 6912, "etat de la localisation": "autre", "ID BDGEO": "580", "horodatage": "2022-11-03 17:47:30", "distance (en metres)": 4071.76, "station": "PORTE D'ORLEANS#", "marker-color": "#818181"}}, {"type": "Feature", "geometry": {"type": "Point", "coordinates": [2.328914, 48.785679]}, "properties": {"numparc": 6912, "etat de la localisation": "autre", "ID BDGEO": "580", "horodatage": "2022-11-03 17:47:48", "distance (en metres)": 4071.76, "station": "PORTE D'ORLEANS#", "marker-color": "#818181"}}, {"type": "Feature", "geometry": {"type": "Point", "coordinates": [2.324158, 48.799599]}, "properties": {"numparc": 6909, "etat de la localisation": "autre", "ID BDGEO": "580", "horodatage": "2022-11-03 17:47:48", "distance (en metres)": 2512.03, "station": "PORTE D'ORLEANS#", "marker-color": "#818181"}}, {"type": "Feature", "geometry": {"type": "Point", "coordinates": [2.331467, 48.790253]}, "properties": {"numparc": 6931, "etat de la localisation": "autre", "ID BDGEO": "580", "horodatage": "2022-11-03 17:48:07", "distance (en metres)": 3586.22, "station": "PORTE D'ORLEANS#", "marker-color": "#818181"}}, {"type": "Feature", "geometry": {"type": "Point", "coordinates": [2.328907, 48.785652]}, "properties": {"numparc": 6926, "etat de la localisation": "autre", "ID BDGEO": "580", "horodatage": "2022-11-03 17:48:31", "distance (en metres)": 4074.68, "station": "PORTE D'ORLEANS#", "marker-color": "#818181"}}, {"type": "Feature", "geometry": {"type": "Point", "coordinates": [2.325698, 48.813625]}, "properties": {"numparc": 6913, "etat de la localisation": "autre", "ID BDGEO": "580", "horodatage": "2022-11-03 17:48:37", "distance (en metres)": 955.35, "station": "PORTE D'ORLEANS#", "marker-color": "#818181"}}, {"type": "Feature", "geometry": {"type": "Point", "coordinates": [2.327987, 48.783314]}, "properties": {"numparc": 6926, "etat de la localisation": "autre", "ID BDGEO": "580", "horodatage": "2022-11-03 17:49:36", "distance (en metres)": 4329.62, "station": "PORTE D'ORLEANS#", "marker-color": "#818181"}}, {"type": "Feature", "geometry": {"type": "Point", "coordinates": [2.32468, 48.821648]}, "properties": {"numparc": 6930, "etat de la localisation": "autre", "ID BDGEO": "580", "horodatage": "2022-11-03 17:49:36", "distance (en metres)": 60.21, "station": "PORTE D'ORLEANS#", "marker-color": "#818181"}}, {"type": "Feature", "geometry": {"type": "Point", "coordinates": [2.327607, 48.798199]}, "properties": {"numparc": 6909, "etat de la localisation": "autre", "ID BDGEO": "580", "horodatage": "2022-11-03 17:49:44", "distance (en metres)": 2676.41, "station": "PORTE D'ORLEANS#", "marker-color": "#818181"}}, {"type": "Feature", "geometry": {"type": "Point", "coordinates": [2.328944, 48.785679]}, "properties": {"numparc": 6931, "etat de la localisation": "autre", "ID BDGEO": "580", "horodatage": "2022-11-03 17:50:11", "distance (en metres)": 4071.93, "station": "PORTE D'ORLEANS#", "marker-color": "#818181"}}, {"type": "Feature", "geometry": {"type": "Point", "coordinates": [2.328004, 48.778728]}, "properties": {"numparc": 6912, "etat de la localisation": "autre", "ID BDGEO": "580", "horodatage": "2022-11-03 17:50:11", "distance (en metres)": 4838.8, "station": "PORTE D'ORLEANS#", "marker-color": "#818181"}}, {"type": "Feature", "geometry": {"type": "Point", "coordinates": [2.32636, 48.808807]}, "properties": {"numparc": 6913, "etat de la localisation": "autre", "ID BDGEO": "580", "horodatage": "2022-11-03 17:50:28", "distance (en metres)": 1493.26, "station": "PORTE D'ORLEANS#", "marker-color": "#818181"}}, {"type": "Feature", "geometry": {"type": "Point", "coordinates": [2.328032, 48.783356]}, "properties": {"numparc": 6931, "etat de la localisation": "autre", "ID BDGEO": "580", "horodatage": "2022-11-03 17:51:01", "distance (en metres)": 4325.16, "station": "PORTE D'ORLEANS#", "marker-color": "#818181"}}, {"type": "Feature", "geometry": {"type": "Point", "coordinates": [2.331057, 48.763012]}, "properties": {"numparc": 6925, "etat de la localisation": "autre", "ID BDGEO": "575", "horodatage": "2022-11-03 17:51:11", "distance (en metres)": 391.35, "station": "CHARCOT-ZOLA#", "marker-color": "#818181"}}, {"type": "Feature", "geometry": {"type": "Point", "coordinates": [2.331721, 48.796406]}, "properties": {"numparc": 6909, "etat de la localisation": "autre", "ID BDGEO": "580", "horodatage": "2022-11-03 17:51:33", "distance (en metres)": 2913.57, "station": "PORTE D'ORLEANS#", "marker-color": "#818181"}}, {"type": "Feature", "geometry": {"type": "Point", "coordinates": [2.326011, 48.775021]}, "properties": {"numparc": 6912, "etat de la localisation": "autre", "ID BDGEO": "602", "horodatage": "2022-11-03 17:52:01", "distance (en metres)": 4986.28, "station": "DEPOT THIAIS ( S )", "marker-color": "#818181"}}, {"type": "Feature", "geometry": {"type": "Point", "coordinates": [2.326042, 48.775013]}, "properties": {"numparc": 6926, "etat de la localisation": "autre", "ID BDGEO": "602", "horodatage": "2022-11-03 17:52:29", "distance (en metres)": 4983.87, "station": "DEPOT THIAIS ( S )", "marker-color": "#818181"}}, {"type": "Feature", "geometry": {"type": "Point", "coordinates": [2.325028, 48.804756]}, "properties": {"numparc": 6913, "etat de la localisation": "autre", "ID BDGEO": "580", "horodatage": "2022-11-03 17:52:34", "distance (en metres)": 1938.54, "station": "PORTE D'ORLEANS#", "marker-color": "#818181"}}, {"type": "Feature", "geometry": {"type": "Point", "coordinates": [2.328003, 48.778744]}, "properties": {"numparc": 6931, "etat de la localisation": "autre", "ID BDGEO": "580", "horodatage": "2022-11-03 17:52:42", "distance (en metres)": 4837.11, "station": "PORTE D'ORLEANS#", "marker-color": "#818181"}}, {"type": "Feature", "geometry": {"type": "Point", "coordinates": [2.334619, 48.794483]}, "properties": {"numparc": 6909, "etat de la localisation": "autre", "ID BDGEO": "580", "horodatage": "2022-11-03 17:52:46", "distance (en metres)": 3166.39, "station": "PORTE D'ORLEANS#", "marker-color": "#818181"}}, {"type": "Feature", "geometry": {"type": "Point", "coordinates": [2.323782, 48.773026]}, "properties": {"numparc": 6926, "etat de la localisation": "autre", "ID BDGEO": "602", "horodatage": "2022-11-03 17:53:29", "distance (en metres)": 5043.12, "station": "DEPOT THIAIS ( S )", "marker-color": "#818181"}}, {"type": "Feature", "geometry": {"type": "Point", "coordinates": [2.325542, 48.821316]}, "properties": {"numparc": 6910, "etat de la localisation": "autre", "ID BDGEO": "580", "horodatage": "2022-11-03 17:53:47", "distance (en metres)": 118.0, "station": "PORTE D'ORLEANS#", "marker-color": "#818181"}}, {"type": "Feature", "geometry": {"type": "Point", "coordinates": [2.322133, 48.769993]}, "properties": {"numparc": 6912, "etat de la localisation": "autre", "ID BDGEO": "602", "horodatage": "2022-11-03 17:54:08", "distance (en metres)": 5035.79, "station": "DEPOT THIAIS ( S )", "marker-color": "#818181"}}, {"type": "Feature", "geometry": {"type": "Point", "coordinates": [2.326061, 48.775032]}, "properties": {"numparc": 6931, "etat de la localisation": "autre", "ID BDGEO": "602", "horodatage": "2022-11-03 17:54:18", "distance (en metres)": 4983.54, "station": "DEPOT THIAIS ( S )", "marker-color": "#818181"}}, {"type": "Feature", "geometry": {"type": "Point", "coordinates": [2.323683, 48.801441]}, "properties": {"numparc": 6913, "etat de la localisation": "autre", "ID BDGEO": "580", "horodatage": "2022-11-03 17:54:45", "distance (en metres)": 2307.95, "station": "PORTE D'ORLEANS#", "marker-color": "#818181"}}, {"type": "Feature", "geometry": {"type": "Point", "coordinates": [2.322104, 48.769962]}, "properties": {"numparc": 6926, "etat de la localisation": "autre", "ID BDGEO": "602", "horodatage": "2022-11-03 17:55:02", "distance (en metres)": 5036.71, "station": "DEPOT THIAIS ( S )", "marker-color": "#818181"}}, {"type": "Feature", "geometry": {"type": "Point", "coordinates": [2.331445, 48.790268]}, "properties": {"numparc": 6909, "etat de la localisation": "autre", "ID BDGEO": "580", "horodatage": "2022-11-03 17:55:23", "distance (en metres)": 3584.32, "station": "PORTE D'ORLEANS#", "marker-color": "#818181"}}, {"type": "Feature", "geometry": {"type": "Point", "coordinates": [2.331445, 48.790268]}, "properties": {"numparc": 6909, "etat de la localisation": "autre", "ID BDGEO": "580", "horodatage": "2022-11-03 17:55:36", "distance (en metres)": 3584.32, "station": "PORTE D'ORLEANS#", "marker-color": "#818181"}}, {"type": "Feature", "geometry": {"type": "Point", "coordinates": [2.322152, 48.770004]}, "properties": {"numparc": 6931, "etat de la localisation": "autre", "ID BDGEO": "602", "horodatage": "2022-11-03 17:55:58", "distance (en metres)": 5034.9, "station": "DEPOT THIAIS ( S )", "marker-color": "#818181"}}, {"type": "Feature", "geometry": {"type": "Point", "coordinates": [2.319184, 48.767384]}, "properties": {"numparc": 6926, "etat de la localisation": "autre", "ID BDGEO": "602", "horodatage": "2022-11-03 17:56:04", "distance (en metres)": 5158.12, "station": "DEPOT THIAIS ( S )", "marker-color": "#818181"}}, {"type": "Feature", "geometry": {"type": "Point", "coordinates": [2.319348, 48.767525]}, "properties": {"numparc": 6931, "etat de la localisation": "autre", "ID BDGEO": "602", "horodatage": "2022-11-03 17:57:00", "distance (en metres)": 5150.6, "station": "DEPOT THIAIS ( S )", "marker-color": "#818181"}}, {"type": "Feature", "geometry": {"type": "Point", "coordinates": [2.318123, 48.764011]}, "properties": {"numparc": 6912, "etat de la localisation": "autre", "ID BDGEO": "576", "horodatage": "2022-11-03 17:57:32", "distance (en metres)": 142.87, "station": "MAISON D'ARRET", "marker-color": "#818181"}}, {"type": "Feature", "geometry": {"type": "Point", "coordinates": [2.32894, 48.785686]}, "properties": {"numparc": 6909, "etat de la localisation": "autre", "ID BDGEO": "580", "horodatage": "2022-11-03 17:57:50", "distance (en metres)": 4071.06, "station": "PORTE D'ORLEANS#", "marker-color": "#818181"}}, {"type": "Feature", "geometry": {"type": "Point", "coordinates": [2.324149, 48.799561]}, "properties": {"numparc": 6913, "etat de la localisation": "autre", "ID BDGEO": "580", "horodatage": "2022-11-03 17:58:17", "distance (en metres)": 2516.28, "station": "PORTE D'ORLEANS#", "marker-color": "#818181"}}, {"type": "Feature", "geometry": {"type": "Point", "coordinates": [2.318269, 48.762043]}, "properties": {"numparc": 6912, "etat de la localisation": "autre", "ID BDGEO": "575", "horodatage": "2022-11-03 17:58:22", "distance (en metres)": 603.6, "station": "CHARCOT-ZOLA#", "marker-color": "#818181"}}, {"type": "Feature", "geometry": {"type": "Point", "coordinates": [2.318125, 48.764004]}, "properties": {"numparc": 6926, "etat de la localisation": "autre", "ID BDGEO": "602", "horodatage": "2022-11-03 17:58:40", "distance (en metres)": 5149.98, "station": "DEPOT THIAIS ( S )", "marker-color": "#818181"}}, {"type": "Feature", "geometry": {"type": "Point", "coordinates": [2.328014, 48.783352]}, "properties": {"numparc": 6909, "etat de la localisation": "autre", "ID BDGEO": "580", "horodatage": "2022-11-03 17:58:51", "distance (en metres)": 4325.5, "station": "PORTE D'ORLEANS#", "marker-color": "#818181"}}, {"type": "Feature", "geometry": {"type": "Point", "coordinates": [2.32463, 48.821655]}, "properties": {"numparc": 6910, "etat de la localisation": "autre", "ID BDGEO": "580", "horodatage": "2022-11-03 17:59:05", "distance (en metres)": 59.22, "station": "PORTE D'ORLEANS#", "marker-color": "#818181"}}, {"type": "Feature", "geometry": {"type": "Point", "coordinates": [2.327625, 48.79818]}, "properties": {"numparc": 6913, "etat de la localisation": "autre", "ID BDGEO": "580", "horodatage": "2022-11-03 17:59:23", "distance (en metres)": 2678.63, "station": "PORTE D'ORLEANS#", "marker-color": "#818181"}}, {"type": "Feature", "geometry": {"type": "Point", "coordinates": [2.318259, 48.762196]}, "properties": {"numparc": 6926, "etat de la localisation": "autre", "ID BDGEO": "602", "horodatage": "2022-11-03 17:59:39", "distance (en metres)": 5106.58, "station": "DEPOT THIAIS ( S )", "marker-color": "#818181"}}, {"type": "Feature", "geometry": {"type": "Point", "coordinates": [2.325389, 48.81797]}, "properties": {"numparc": 6930, "etat de la localisation": "autre", "ID BDGEO": "580", "horodatage": "2022-11-03 18:00:30", "distance (en metres)": 472.31, "station": "PORTE D'ORLEANS#", "marker-color": "#818181"}}, {"type": "Feature", "geometry": {"type": "Point", "coordinates": [2.327967, 48.778744]}, "properties": {"numparc": 6909, "etat de la localisation": "autre", "ID BDGEO": "580", "horodatage": "2022-11-03 18:00:39", "distance (en metres)": 4836.98, "station": "PORTE D'ORLEANS#", "marker-color": "#818181"}}, {"type": "Feature", "geometry": {"type": "Point", "coordinates": [2.331714, 48.796417]}, "properties": {"numparc": 6913, "etat de la localisation": "autre", "ID BDGEO": "580", "horodatage": "2022-11-03 18:00:59", "distance (en metres)": 2912.22, "station": "PORTE D'ORLEANS#", "marker-color": "#818181"}}, {"type": "Feature", "geometry": {"type": "Point", "coordinates": [2.319222, 48.759918]}, "properties": {"numparc": 6926, "etat de la localisation": "autre", "ID BDGEO": "602", "horodatage": "2022-11-03 18:01:12", "distance (en metres)": 5004.86, "station": "DEPOT THIAIS ( S )", "marker-color": "#818181"}}, {"type": "Feature", "geometry": {"type": "Point", "coordinates": [2.318471, 48.761742]}, "properties": {"numparc": 6912, "etat de la localisation": "autre", "ID BDGEO": "575", "horodatage": "2022-11-03 18:01:15", "distance (en metres)": 584.99, "station": "CHARCOT-ZOLA#", "marker-color": "#818181"}}, {"type": "Feature", "geometry": {"type": "Point", "coordinates": [2.331753, 48.796379]}, "properties": {"numparc": 6913, "etat de la localisation": "autre", "ID BDGEO": "580", "horodatage": "2022-11-03 18:01:31", "distance (en metres)": 2916.91, "station": "PORTE D'ORLEANS#", "marker-color": "#818181"}}, {"type": "Feature", "geometry": {"type": "Point", "coordinates": [2.319224, 48.75996]}, "properties": {"numparc": 6931, "etat de la localisation": "autre", "ID BDGEO": "602", "horodatage": "2022-11-03 18:01:34", "distance (en metres)": 5005.18, "station": "DEPOT THIAIS ( S )", "marker-color": "#818181"}}, {"type": "Feature", "geometry": {"type": "Point", "coordinates": [2.325723, 48.813568]}, "properties": {"numparc": 6930, "etat de la localisation": "autre", "ID BDGEO": "580", "horodatage": "2022-11-03 18:02:01", "distance (en metres)": 961.85, "station": "PORTE D'ORLEANS#", "marker-color": "#818181"}}, {"type": "Feature", "geometry": {"type": "Point", "coordinates": [2.325387, 48.818451]}, "properties": {"numparc": 6910, "etat de la localisation": "autre", "ID BDGEO": "580", "horodatage": "2022-11-03 18:02:19", "distance (en metres)": 419.27, "station": "PORTE D'ORLEANS#", "marker-color": "#818181"}}, {"type": "Feature", "geometry": {"type": "Point", "coordinates": [2.326037, 48.775024]}, "properties": {"numparc": 6909, "etat de la localisation": "autre", "ID BDGEO": "602", "horodatage": "2022-11-03 18:02:29", "distance (en metres)": 4984.76, "station": "DEPOT THIAIS ( S )", "marker-color": "#818181"}}, {"type": "Feature", "geometry": {"type": "Point", "coordinates": [2.322013, 48.755657]}, "properties": {"numparc": 6926, "etat de la localisation": "autre", "ID BDGEO": "602", "horodatage": "2022-11-03 18:03:00", "distance (en metres)": 4774.69, "station": "DEPOT THIAIS ( S )", "marker-color": "#818181"}}, {"type": "Feature", "geometry": {"type": "Point", "coordinates": [2.334559, 48.794483]}, "properties": {"numparc": 6913, "etat de la localisation": "autre", "ID BDGEO": "580", "horodatage": "2022-11-03 18:03:42", "distance (en metres)": 3165.38, "station": "PORTE D'ORLEANS#", "marker-color": "#818181"}}, {"type": "Feature", "geometry": {"type": "Point", "coordinates": [2.325763, 48.813805]}, "properties": {"numparc": 6910, "etat de la localisation": "autre", "ID BDGEO": "580", "horodatage": "2022-11-03 18:03:59", "distance (en metres)": 935.9, "station": "PORTE D'ORLEANS#", "marker-color": "#818181"}}, {"type": "Feature", "geometry": {"type": "Point", "coordinates": [2.32213, 48.770004]}, "properties": {"numparc": 6909, "etat de la localisation": "autre", "ID BDGEO": "602", "horodatage": "2022-11-03 18:04:43", "distance (en metres)": 5036.42, "station": "DEPOT THIAIS ( S )", "marker-color": "#818181"}}, {"type": "Feature", "geometry": {"type": "Point", "coordinates": [2.324053, 48.75853]}, "properties": {"numparc": 6926, "etat de la localisation": "autre", "ID BDGEO": "602", "horodatage": "2022-11-03 18:04:46", "distance (en metres)": 4638.42, "station": "DEPOT THIAIS ( S )", "marker-color": "#818181"}}, {"type": "Feature", "geometry": {"type": "Point", "coordinates": [2.326352, 48.808826]}, "properties": {"numparc": 6930, "etat de la localisation": "autre", "ID BDGEO": "580", "horodatage": "2022-11-03 18:05:04", "distance (en metres)": 1491.1, "station": "PORTE D'ORLEANS#", "marker-color": "#818181"}}, {"type": "Feature", "geometry": {"type": "Point", "coordinates": [2.324053, 48.75853]}, "properties": {"numparc": 6926, "etat de la localisation": "autre", "ID BDGEO": "602", "horodatage": "2022-11-03 18:05:24", "distance (en metres)": 4638.42, "station": "DEPOT THIAIS ( S )", "marker-color": "#818181"}}, {"type": "Feature", "geometry": {"type": "Point", "coordinates": [2.319311, 48.76749]}, "properties": {"numparc": 6909, "etat de la localisation": "autre", "ID BDGEO": "602", "horodatage": "2022-11-03 18:05:39", "distance (en metres)": 5152.23, "station": "DEPOT THIAIS ( S )", "marker-color": "#818181"}}, {"type": "Feature", "geometry": {"type": "Point", "coordinates": [2.331418, 48.790253]}, "properties": {"numparc": 6913, "etat de la localisation": "autre", "ID BDGEO": "580", "horodatage": "2022-11-03 18:06:06", "distance (en metres)": 3585.73, "station": "PORTE D'ORLEANS#", "marker-color": "#818181"}}, {"type": "Feature", "geometry": {"type": "Point", "coordinates": [2.32497, 48.804783]}, "properties": {"numparc": 6930, "etat de la localisation": "autre", "ID BDGEO": "580", "horodatage": "2022-11-03 18:06:31", "distance (en metres)": 1935.51, "station": "PORTE D'ORLEANS#", "marker-color": "#818181"}}, {"type": "Feature", "geometry": {"type": "Point", "coordinates": [2.32647, 48.809063]}, "properties": {"numparc": 6910, "etat de la localisation": "autre", "ID BDGEO": "580", "horodatage": "2022-11-03 18:06:38", "distance (en metres)": 1465.67, "station": "PORTE D'ORLEANS#", "marker-color": "#818181"}}, {"type": "Feature", "geometry": {"type": "Point", "coordinates": [2.325569, 48.821392]}, "properties": {"numparc": 6907, "etat de la localisation": "autre", "ID BDGEO": "580", "horodatage": "2022-11-03 18:06:42", "distance (en metres)": 112.34, "station": "PORTE D'ORLEANS#", "marker-color": "#818181"}}, {"type": "Feature", "geometry": {"type": "Point", "coordinates": [2.318169, 48.764057]}, "properties": {"numparc": 6909, "etat de la localisation": "autre", "ID BDGEO": "602", "horodatage": "2022-11-03 18:07:25", "distance (en metres)": 5147.91, "station": "DEPOT THIAIS ( S )", "marker-color": "#818181"}}, {"type": "Feature", "geometry": {"type": "Point", "coordinates": [2.326424, 48.808842]}, "properties": {"numparc": 6910, "etat de la localisation": "autre", "ID BDGEO": "580", "horodatage": "2022-11-03 18:07:34", "distance (en metres)": 1489.87, "station": "PORTE D'ORLEANS#", "marker-color": "#818181"}}, {"type": "Feature", "geometry": {"type": "Point", "coordinates": [2.328899, 48.785667]}, "properties": {"numparc": 6913, "etat de la localisation": "autre", "ID BDGEO": "580", "horodatage": "2022-11-03 18:07:45", "distance (en metres)": 4072.95, "station": "PORTE D'ORLEANS#", "marker-color": "#818181"}}, {"type": "Feature", "geometry": {"type": "Point", "coordinates": [2.323619, 48.80162]}, "properties": {"numparc": 6930, "etat de la localisation": "autre", "ID BDGEO": "580", "horodatage": "2022-11-03 18:08:10", "distance (en metres)": 2288.17, "station": "PORTE D'ORLEANS#", "marker-color": "#818181"}}, {"type": "Feature", "geometry": {"type": "Point", "coordinates": [2.326452, 48.7612]}, "properties": {"numparc": 6926, "etat de la localisation": "autre", "ID BDGEO": "602", "horodatage": "2022-11-03 18:08:11", "distance (en metres)": 4496.29, "station": "DEPOT THIAIS ( S )", "marker-color": "#818181"}}, {"type": "Feature", "geometry": {"type": "Point", "coordinates": [2.318307, 48.762058]}, "properties": {"numparc": 6909, "etat de la localisation": "autre", "ID BDGEO": "602", "horodatage": "2022-11-03 18:08:13", "distance (en metres)": 5100.85, "station": "DEPOT THIAIS ( S )", "marker-color": "#818181"}}, {"type": "Feature", "geometry": {"type": "Point", "coordinates": [2.326324, 48.76104]}, "properties": {"numparc": 6931, "etat de la localisation": "autre", "ID BDGEO": "602", "horodatage": "2022-11-03 18:08:14", "distance (en metres)": 4503.05, "station": "DEPOT THIAIS ( S )", "marker-color": "#818181"}}, {"type": "Feature", "geometry": {"type": "Point", "coordinates": [2.324615, 48.821674]}, "properties": {"numparc": 6918, "etat de la localisation": "autre", "ID BDGEO": "580", "horodatage": "2022-11-03 18:08:25", "distance (en metres)": 57.1, "station": "PORTE D'ORLEANS#", "marker-color": "#818181"}}, {"type": "Feature", "geometry": {"type": "Point", "coordinates": [2.327983, 48.783352]}, "properties": {"numparc": 6913, "etat de la localisation": "autre", "ID BDGEO": "580", "horodatage": "2022-11-03 18:08:42", "distance (en metres)": 4325.37, "station": "PORTE D'ORLEANS#", "marker-color": "#818181"}}, {"type": "Feature", "geometry": {"type": "Point", "coordinates": [2.324628, 48.821663]}, "properties": {"numparc": 6918, "etat de la localisation": "autre", "ID BDGEO": "580", "horodatage": "2022-11-03 18:08:49", "distance (en metres)": 58.37, "station": "PORTE D'ORLEANS#", "marker-color": "#818181"}}, {"type": "Feature", "geometry": {"type": "Point", "coordinates": [2.318471, 48.761742]}, "properties": {"numparc": 6912, "etat de la localisation": "autre", "ID BDGEO": "575", "horodatage": "2022-11-03 18:09:01", "distance (en metres)": 584.99, "station": "CHARCOT-ZOLA#", "marker-color": "#818181"}}, {"type": "Feature", "geometry": {"type": "Point", "coordinates": [2.325068, 48.804722]}, "properties": {"numparc": 6910, "etat de la localisation": "autre", "ID BDGEO": "580", "horodatage": "2022-11-03 18:09:22", "distance (en metres)": 1942.41, "station": "PORTE D'ORLEANS#", "marker-color": "#818181"}}, {"type": "Feature", "geometry": {"type": "Point", "coordinates": [2.319222, 48.759922]}, "properties": {"numparc": 6909, "etat de la localisation": "autre", "ID BDGEO": "602", "horodatage": "2022-11-03 18:09:30", "distance (en metres)": 5004.9, "station": "DEPOT THIAIS ( S )", "marker-color": "#818181"}}, {"type": "Feature", "geometry": {"type": "Point", "coordinates": [2.324661, 48.821655]}, "properties": {"numparc": 6907, "etat de la localisation": "autre", "ID BDGEO": "580", "horodatage": "2022-11-03 18:09:39", "distance (en metres)": 59.28, "station": "PORTE D'ORLEANS#", "marker-color": "#818181"}}, {"type": "Feature", "geometry": {"type": "Point", "coordinates": [2.325058, 48.804707]}, "properties": {"numparc": 6910, "etat de la localisation": "autre", "ID BDGEO": "580", "horodatage": "2022-11-03 18:09:41", "distance (en metres)": 1944.09, "station": "PORTE D'ORLEANS#", "marker-color": "#818181"}}, {"type": "Feature", "geometry": {"type": "Point", "coordinates": [2.327956, 48.778748]}, "properties": {"numparc": 6913, "etat de la localisation": "autre", "ID BDGEO": "580", "horodatage": "2022-11-03 18:09:59", "distance (en metres)": 4836.51, "station": "PORTE D'ORLEANS#", "marker-color": "#818181"}}, {"type": "Feature", "geometry": {"type": "Point", "coordinates": [2.324004, 48.799664]}, "properties": {"numparc": 6930, "etat de la localisation": "autre", "ID BDGEO": "580", "horodatage": "2022-11-03 18:10:18", "distance (en metres)": 2505.0, "station": "PORTE D'ORLEANS#", "marker-color": "#818181"}}, {"type": "Feature", "geometry": {"type": "Point", "coordinates": [2.331043, 48.762993]}, "properties": {"numparc": 6926, "etat de la localisation": "autre", "ID BDGEO": "734", "horodatage": "2022-11-03 18:10:30", "distance (en metres)": 256.53, "station": "CHARCOT ZOLA", "marker-color": "#818181"}}, {"type": "Feature", "geometry": {"type": "Point", "coordinates": [2.330805, 48.762764]}, "properties": {"numparc": 6931, "etat de la localisation": "autre", "ID BDGEO": "575", "horodatage": "2022-11-03 18:10:32", "distance (en metres)": 361.95, "station": "CHARCOT-ZOLA#", "marker-color": "#818181"}}, {"type": "Feature", "geometry": {"type": "Point", "coordinates": [2.321998, 48.755703]}, "properties": {"numparc": 6909, "etat de la localisation": "autre", "ID BDGEO": "602", "horodatage": "2022-11-03 18:11:03", "distance (en metres)": 4775.83, "station": "DEPOT THIAIS ( S )", "marker-color": "#818181"}}, {"type": "Feature", "geometry": {"type": "Point", "coordinates": [2.326003, 48.775051]}, "properties": {"numparc": 6913, "etat de la localisation": "autre", "ID BDGEO": "602", "horodatage": "2022-11-03 18:11:04", "distance (en metres)": 4988.29, "station": "DEPOT THIAIS ( S )", "marker-color": "#818181"}}, {"type": "Feature", "geometry": {"type": "Point", "coordinates": [2.323735, 48.801472]}, "properties": {"numparc": 6910, "etat de la localisation": "autre", "ID BDGEO": "580", "horodatage": "2022-11-03 18:11:14", "distance (en metres)": 2304.45, "station": "PORTE D'ORLEANS#", "marker-color": "#818181"}}, {"type": "Feature", "geometry": {"type": "Point", "coordinates": [2.327475, 48.798214]}, "properties": {"numparc": 6930, "etat de la localisation": "autre", "ID BDGEO": "580", "horodatage": "2022-11-03 18:11:23", "distance (en metres)": 2673.94, "station": "PORTE D'ORLEANS#", "marker-color": "#818181"}}, {"type": "Feature", "geometry": {"type": "Point", "coordinates": [2.327475, 48.798214]}, "properties": {"numparc": 6930, "etat de la localisation": "autre", "ID BDGEO": "580", "horodatage": "2022-11-03 18:11:30", "distance (en metres)": 2673.94, "station": "PORTE D'ORLEANS#", "marker-color": "#818181"}}, {"type": "Feature", "geometry": {"type": "Point", "coordinates": [2.32466, 48.821651]}, "properties": {"numparc": 6907, "etat de la localisation": "autre", "ID BDGEO": "580", "horodatage": "2022-11-03 18:11:35", "distance (en metres)": 59.7, "station": "PORTE D'ORLEANS#", "marker-color": "#818181"}}, {"type": "Feature", "geometry": {"type": "Point", "coordinates": [2.324049, 48.758541]}, "properties": {"numparc": 6909, "etat de la localisation": "autre", "ID BDGEO": "602", "horodatage": "2022-11-03 18:12:27", "distance (en metres)": 4638.81, "station": "DEPOT THIAIS ( S )", "marker-color": "#818181"}}, {"type": "Feature", "geometry": {"type": "Point", "coordinates": [2.322121, 48.770042]}, "properties": {"numparc": 6913, "etat de la localisation": "autre", "ID BDGEO": "602", "horodatage": "2022-11-03 18:12:38", "distance (en metres)": 5038.42, "station": "DEPOT THIAIS ( S )", "marker-color": "#818181"}}, {"type": "Feature", "geometry": {"type": "Point", "coordinates": [2.318259, 48.765148]}, "properties": {"numparc": 6912, "etat de la localisation": "autre", "ID BDGEO": "575", "horodatage": "2022-11-03 18:12:41", "distance (en metres)": 737.5, "station": "CHARCOT-ZOLA#", "marker-color": "#818181"}}, {"type": "Feature", "geometry": {"type": "Point", "coordinates": [2.325376, 48.818493]}, "properties": {"numparc": 6918, "etat de la localisation": "autre", "ID BDGEO": "580", "horodatage": "2022-11-03 18:12:57", "distance (en metres)": 414.54, "station": "PORTE D'ORLEANS#", "marker-color": "#818181"}}, {"type": "Feature", "geometry": {"type": "Point", "coordinates": [2.319179, 48.76746]}, "properties": {"numparc": 6913, "etat de la localisation": "autre", "ID BDGEO": "602", "horodatage": "2022-11-03 18:13:31", "distance (en metres)": 5160.68, "station": "DEPOT THIAIS ( S )", "marker-color": "#818181"}}, {"type": "Feature", "geometry": {"type": "Point", "coordinates": [2.32645, 48.761257]}, "properties": {"numparc": 6909, "etat de la localisation": "autre", "ID BDGEO": "602", "horodatage": "2022-11-03 18:13:40", "distance (en metres)": 4497.36, "station": "DEPOT THIAIS ( S )", "marker-color": "#818181"}}, {"type": "Feature", "geometry": {"type": "Point", "coordinates": [2.330498, 48.763237]}, "properties": {"numparc": 6926, "etat de la localisation": "autre", "ID BDGEO": "734", "horodatage": "2022-11-03 18:13:54", "distance (en metres)": 262.92, "station": "CHARCOT ZOLA", "marker-color": "#818181"}}, {"type": "Feature", "geometry": {"type": "Point", "coordinates": [2.331668, 48.796394]}, "properties": {"numparc": 6930, "etat de la localisation": "autre", "ID BDGEO": "580", "horodatage": "2022-11-03 18:13:54", "distance (en metres)": 2914.13, "station": "PORTE D'ORLEANS#", "marker-color": "#818181"}}, {"type": "Feature", "geometry": {"type": "Point", "coordinates": [2.32573, 48.813568]}, "properties": {"numparc": 6918, "etat de la localisation": "autre", "ID BDGEO": "580", "horodatage": "2022-11-03 18:14:16", "distance (en metres)": 961.89, "station": "PORTE D'ORLEANS#", "marker-color": "#818181"}}, {"type": "Feature", "geometry": {"type": "Point", "coordinates": [2.325404, 48.818508]}, "properties": {"numparc": 6907, "etat de la localisation": "autre", "ID BDGEO": "580", "horodatage": "2022-11-03 18:14:16", "distance (en metres)": 413.13, "station": "PORTE D'ORLEANS#", "marker-color": "#818181"}}, {"type": "Feature", "geometry": {"type": "Point", "coordinates": [2.319433, 48.767502]}, "properties": {"numparc": 6912, "etat de la localisation": "autre", "ID BDGEO": "575", "horodatage": "2022-11-03 18:14:50", "distance (en metres)": 861.8, "station": "CHARCOT-ZOLA#", "marker-color": "#818181"}}, {"type": "Feature", "geometry": {"type": "Point", "coordinates": [2.327603, 48.79821]}, "properties": {"numparc": 6910, "etat de la localisation": "autre", "ID BDGEO": "580", "horodatage": "2022-11-03 18:15:00", "distance (en metres)": 2675.12, "station": "PORTE D'ORLEANS#", "marker-color": "#818181"}}, {"type": "Feature", "geometry": {"type": "Point", "coordinates": [2.334627, 48.794487]}, "properties": {"numparc": 6930, "etat de la localisation": "autre", "ID BDGEO": "580", "horodatage": "2022-11-03 18:15:02", "distance (en metres)": 3166.11, "station": "PORTE D'ORLEANS#", "marker-color": "#818181"}}, {"type": "Feature", "geometry": {"type": "Point", "coordinates": [2.327603, 48.79821]}, "properties": {"numparc": 6910, "etat de la localisation": "autre", "ID BDGEO": "580", "horodatage": "2022-11-03 18:15:13", "distance (en metres)": 2675.12, "station": "PORTE D'ORLEANS#", "marker-color": "#818181"}}, {"type": "Feature", "geometry": {"type": "Point", "coordinates": [2.330996, 48.762997]}, "properties": {"numparc": 6909, "etat de la localisation": "autre", "ID BDGEO": "734", "horodatage": "2022-11-03 18:15:40", "distance (en metres)": 255.09, "station": "CHARCOT ZOLA", "marker-color": "#818181"}}, {"type": "Feature", "geometry": {"type": "Point", "coordinates": [2.32578, 48.813526]}, "properties": {"numparc": 6907, "etat de la localisation": "autre", "ID BDGEO": "580", "horodatage": "2022-11-03 18:15:40", "distance (en metres)": 966.85, "station": "PORTE D'ORLEANS#", "marker-color": "#818181"}}, {"type": "Feature", "geometry": {"type": "Point", "coordinates": [2.318124, 48.764065]}, "properties": {"numparc": 6913, "etat de la localisation": "autre", "ID BDGEO": "602", "horodatage": "2022-11-03 18:15:52", "distance (en metres)": 5151.32, "station": "DEPOT THIAIS ( S )", "marker-color": "#818181"}}, {"type": "Feature", "geometry": {"type": "Point", "coordinates": [2.322114, 48.769917]}, "properties": {"numparc": 6912, "etat de la localisation": "autre", "ID BDGEO": "609", "horodatage": "2022-11-03 18:15:53", "distance (en metres)": 683.04, "station": "BARBUSSE-LARROUMES#", "marker-color": "#818181"}}, {"type": "Feature", "geometry": {"type": "Point", "coordinates": [2.326592, 48.761578]}, "properties": {"numparc": 6926, "etat de la localisation": "autre", "ID BDGEO": "734", "horodatage": "2022-11-03 18:16:01", "distance (en metres)": 199.97, "station": "CHARCOT ZOLA", "marker-color": "#818181"}}, {"type": "Feature", "geometry": {"type": "Point", "coordinates": [2.318278, 48.762066]}, "properties": {"numparc": 6913, "etat de la localisation": "autre", "ID BDGEO": "602", "horodatage": "2022-11-03 18:16:37", "distance (en metres)": 5103.07, "station": "DEPOT THIAIS ( S )", "marker-color": "#818181"}}, {"type": "Feature", "geometry": {"type": "Point", "coordinates": [2.326307, 48.808826]}, "properties": {"numparc": 6918, "etat de la localisation": "autre", "ID BDGEO": "580", "horodatage": "2022-11-03 18:16:55", "distance (en metres)": 1490.82, "station": "PORTE D'ORLEANS#", "marker-color": "#818181"}}, {"type": "Feature", "geometry": {"type": "Point", "coordinates": [2.331448, 48.790295]}, "properties": {"numparc": 6930, "etat de la localisation": "autre", "ID BDGEO": "580", "horodatage": "2022-11-03 18:16:55", "distance (en metres)": 3581.41, "station": "PORTE D'ORLEANS#", "marker-color": "#818181"}}, {"type": "Feature", "geometry": {"type": "Point", "coordinates": [2.331721, 48.796432]}, "properties": {"numparc": 6910, "etat de la localisation": "autre", "ID BDGEO": "580", "horodatage": "2022-11-03 18:17:06", "distance (en metres)": 2910.65, "station": "PORTE D'ORLEANS#", "marker-color": "#818181"}}, {"type": "Feature", "geometry": {"type": "Point", "coordinates": [2.324924, 48.774071]}, "properties": {"numparc": 6912, "etat de la localisation": "autre", "ID BDGEO": "609", "horodatage": "2022-11-03 18:17:35", "distance (en metres)": 180.63, "station": "BARBUSSE-LARROUMES#", "marker-color": "#818181"}}, {"type": "Feature", "geometry": {"type": "Point", "coordinates": [2.319236, 48.759911]}, "properties": {"numparc": 6913, "etat de la localisation": "autre", "ID BDGEO": "602", "horodatage": "2022-11-03 18:17:54", "distance (en metres)": 5003.75, "station": "DEPOT THIAIS ( S )", "marker-color": "#818181"}}, {"type": "Feature", "geometry": {"type": "Point", "coordinates": [2.325575, 48.821754]}, "properties": {"numparc": 6914, "etat de la localisation": "autre", "ID BDGEO": "580", "horodatage": "2022-11-03 18:17:57", "distance (en metres)": 84.7, "station": "PORTE D'ORLEANS#", "marker-color": "#818181"}}, {"type": "Feature", "geometry": {"type": "Point", "coordinates": [2.326407, 48.808846]}, "properties": {"numparc": 6907, "etat de la localisation": "autre", "ID BDGEO": "580", "horodatage": "2022-11-03 18:18:24", "distance (en metres)": 1489.34, "station": "PORTE D'ORLEANS#", "marker-color": "#818181"}}, {"type": "Feature", "geometry": {"type": "Point", "coordinates": [2.325, 48.804733]}, "properties": {"numparc": 6918, "etat de la localisation": "autre", "ID BDGEO": "580", "horodatage": "2022-11-03 18:18:35", "distance (en metres)": 1941.06, "station": "PORTE D'ORLEANS#", "marker-color": "#818181"}}, {"type": "Feature", "geometry": {"type": "Point", "coordinates": [2.334656, 48.79451]}, "properties": {"numparc": 6910, "etat de la localisation": "autre", "ID BDGEO": "580", "horodatage": "2022-11-03 18:18:45", "distance (en metres)": 3164.13, "station": "PORTE D'ORLEANS#", "marker-color": "#818181"}}, {"type": "Feature", "geometry": {"type": "Point", "coordinates": [2.32646, 48.77586]}, "properties": {"numparc": 6912, "etat de la localisation": "autre", "ID BDGEO": "609", "horodatage": "2022-11-03 18:19:00", "distance (en metres)": 54.59, "station": "BARBUSSE-LARROUMES#", "marker-color": "#818181"}}, {"type": "Feature", "geometry": {"type": "Point", "coordinates": [2.321949, 48.755711]}, "properties": {"numparc": 6913, "etat de la localisation": "autre", "ID BDGEO": "602", "horodatage": "2022-11-03 18:19:25", "distance (en metres)": 4779.42, "station": "DEPOT THIAIS ( S )", "marker-color": "#818181"}}, {"type": "Feature", "geometry": {"type": "Point", "coordinates": [2.328893, 48.785721]}, "properties": {"numparc": 6930, "etat de la localisation": "autre", "ID BDGEO": "580", "horodatage": "2022-11-03 18:19:27", "distance (en metres)": 4066.99, "station": "PORTE D'ORLEANS#", "marker-color": "#818181"}}, {"type": "Feature", "geometry": {"type": "Point", "coordinates": [2.325068, 48.804703]}, "properties": {"numparc": 6907, "etat de la localisation": "autre", "ID BDGEO": "580", "horodatage": "2022-11-03 18:19:47", "distance (en metres)": 1944.53, "station": "PORTE D'ORLEANS#", "marker-color": "#818181"}}, {"type": "Feature", "geometry": {"type": "Point", "coordinates": [2.325631, 48.821735]}, "properties": {"numparc": 6925, "etat de la localisation": "autre", "ID BDGEO": "580", "horodatage": "2022-11-03 18:19:57", "distance (en metres)": 89.27, "station": "PORTE D'ORLEANS#", "marker-color": "#818181"}}, {"type": "Feature", "geometry": {"type": "Point", "coordinates": [2.323687, 48.801437]}, "properties": {"numparc": 6918, "etat de la localisation": "autre", "ID BDGEO": "580", "horodatage": "2022-11-03 18:20:17", "distance (en metres)": 2308.37, "station": "PORTE D'ORLEANS#", "marker-color": "#818181"}}, {"type": "Feature", "geometry": {"type": "Point", "coordinates": [2.327973, 48.783386]}, "properties": {"numparc": 6930, "etat de la localisation": "autre", "ID BDGEO": "580", "horodatage": "2022-11-03 18:20:20", "distance (en metres)": 4321.52, "station": "PORTE D'ORLEANS#", "marker-color": "#818181"}}, {"type": "Feature", "geometry": {"type": "Point", "coordinates": [2.328046, 48.779915]}, "properties": {"numparc": 6912, "etat de la localisation": "autre", "ID BDGEO": "609", "horodatage": "2022-11-03 18:20:37", "distance (en metres)": 519.48, "station": "BARBUSSE-LARROUMES#", "marker-color": "#818181"}}, {"type": "Feature", "geometry": {"type": "Point", "coordinates": [2.33149, 48.790253]}, "properties": {"numparc": 6910, "etat de la localisation": "autre", "ID BDGEO": "580", "horodatage": "2022-11-03 18:21:27", "distance (en metres)": 3586.46, "station": "PORTE D'ORLEANS#", "marker-color": "#818181"}}, {"type": "Feature", "geometry": {"type": "Point", "coordinates": [2.319421, 48.759762]}, "properties": {"numparc": 6926, "etat de la localisation": "autre", "ID BDGEO": "599", "horodatage": "2022-11-03 18:21:32", "distance (en metres)": 62.76, "station": "TUILERIE", "marker-color": "#818181"}}, {"type": "Feature", "geometry": {"type": "Point", "coordinates": [2.323671, 48.801399]}, "properties": {"numparc": 6907, "etat de la localisation": "autre", "ID BDGEO": "580", "horodatage": "2022-11-03 18:21:41", "distance (en metres)": 2312.64, "station": "PORTE D'ORLEANS#", "marker-color": "#818181"}}, {"type": "Feature", "geometry": {"type": "Point", "coordinates": [2.330996, 48.762997]}, "properties": {"numparc": 6909, "etat de la localisation": "autre", "ID BDGEO": "734", "horodatage": "2022-11-03 18:21:41", "distance (en metres)": 255.09, "station": "CHARCOT ZOLA", "marker-color": "#818181"}}, {"type": "Feature", "geometry": {"type": "Point", "coordinates": [2.324066, 48.758564]}, "properties": {"numparc": 6913, "etat de la localisation": "autre", "ID BDGEO": "602", "horodatage": "2022-11-03 18:21:49", "distance (en metres)": 4637.77, "station": "DEPOT THIAIS ( S )", "marker-color": "#818181"}}, {"type": "Feature", "geometry": {"type": "Point", "coordinates": [2.328245, 48.783913]}, "properties": {"numparc": 6912, "etat de la localisation": "autre", "ID BDGEO": "609", "horodatage": "2022-11-03 18:21:53", "distance (en metres)": 959.41, "station": "BARBUSSE-LARROUMES#", "marker-color": "#818181"}}, {"type": "Feature", "geometry": {"type": "Point", "coordinates": [2.324097, 48.799591]}, "properties": {"numparc": 6918, "etat de la localisation": "autre", "ID BDGEO": "580", "horodatage": "2022-11-03 18:22:30", "distance (en metres)": 2512.95, "station": "PORTE D'ORLEANS#", "marker-color": "#818181"}}, {"type": "Feature", "geometry": {"type": "Point", "coordinates": [2.327956, 48.778755]}, "properties": {"numparc": 6930, "etat de la localisation": "autre", "ID BDGEO": "580", "horodatage": "2022-11-03 18:22:31", "distance (en metres)": 4835.66, "station": "PORTE D'ORLEANS#", "marker-color": "#818181"}}, {"type": "Feature", "geometry": {"type": "Point", "coordinates": [2.32936, 48.786297]}, "properties": {"numparc": 6912, "etat de la localisation": "autre", "ID BDGEO": "609", "horodatage": "2022-11-03 18:23:14", "distance (en metres)": 1234.15, "station": "BARBUSSE-LARROUMES#", "marker-color": "#818181"}}, {"type": "Feature", "geometry": {"type": "Point", "coordinates": [2.326163, 48.775211]}, "properties": {"numparc": 6930, "etat de la localisation": "autre", "ID BDGEO": "602", "horodatage": "2022-11-03 18:23:46", "distance (en metres)": 4985.62, "station": "DEPOT THIAIS ( S )", "marker-color": "#818181"}}, {"type": "Feature", "geometry": {"type": "Point", "coordinates": [2.324188, 48.799576]}, "properties": {"numparc": 6907, "etat de la localisation": "autre", "ID BDGEO": "580", "horodatage": "2022-11-03 18:23:51", "distance (en metres)": 2514.55, "station": "PORTE D'ORLEANS#", "marker-color": "#818181"}}, {"type": "Feature", "geometry": {"type": "Point", "coordinates": [2.327611, 48.798168]}, "properties": {"numparc": 6918, "etat de la localisation": "autre", "ID BDGEO": "580", "horodatage": "2022-11-03 18:24:17", "distance (en metres)": 2679.81, "station": "PORTE D'ORLEANS#", "marker-color": "#818181"}}, {"type": "Feature", "geometry": {"type": "Point", "coordinates": [2.330476, 48.763222]}, "properties": {"numparc": 6909, "etat de la localisation": "autre", "ID BDGEO": "734", "horodatage": "2022-11-03 18:24:23", "distance (en metres)": 260.76, "station": "CHARCOT ZOLA", "marker-color": "#818181"}}, {"type": "Feature", "geometry": {"type": "Point", "coordinates": [2.328953, 48.785675]}, "properties": {"numparc": 6910, "etat de la localisation": "autre", "ID BDGEO": "580", "horodatage": "2022-11-03 18:24:31", "distance (en metres)": 4072.41, "station": "PORTE D'ORLEANS#", "marker-color": "#818181"}}, {"type": "Feature", "geometry": {"type": "Point", "coordinates": [2.32894, 48.785656]}, "properties": {"numparc": 6910, "etat de la localisation": "autre", "ID BDGEO": "580", "horodatage": "2022-11-03 18:24:46", "distance (en metres)": 4074.44, "station": "PORTE D'ORLEANS#", "marker-color": "#818181"}}, {"type": "Feature", "geometry": {"type": "Point", "coordinates": [2.331545, 48.79026]}, "properties": {"numparc": 6912, "etat de la localisation": "autre", "ID BDGEO": "609", "horodatage": "2022-11-03 18:25:20", "distance (en metres)": 1698.02, "station": "BARBUSSE-LARROUMES#", "marker-color": "#818181"}}, {"type": "Feature", "geometry": {"type": "Point", "coordinates": [2.327659, 48.798195]}, "properties": {"numparc": 6907, "etat de la localisation": "autre", "ID BDGEO": "580", "horodatage": "2022-11-03 18:25:37", "distance (en metres)": 2677.14, "station": "PORTE D'ORLEANS#", "marker-color": "#818181"}}, {"type": "Feature", "geometry": {"type": "Point", "coordinates": [2.328032, 48.783337]}, "properties": {"numparc": 6910, "etat de la localisation": "autre", "ID BDGEO": "580", "horodatage": "2022-11-03 18:25:40", "distance (en metres)": 4327.27, "station": "PORTE D'ORLEANS#", "marker-color": "#818181"}}, {"type": "Feature", "geometry": {"type": "Point", "coordinates": [2.331039, 48.763027]}, "properties": {"numparc": 6913, "etat de la localisation": "autre", "ID BDGEO": "575", "horodatage": "2022-11-03 18:25:40", "distance (en metres)": 391.05, "station": "CHARCOT-ZOLA#", "marker-color": "#818181"}}, {"type": "Feature", "geometry": {"type": "Point", "coordinates": [2.322248, 48.770233]}, "properties": {"numparc": 6930, "etat de la localisation": "autre", "ID BDGEO": "602", "horodatage": "2022-11-03 18:25:56", "distance (en metres)": 5036.54, "station": "DEPOT THIAIS ( S )", "marker-color": "#818181"}}, {"type": "Feature", "geometry": {"type": "Point", "coordinates": [2.32673, 48.76152]}, "properties": {"numparc": 6909, "etat de la localisation": "autre", "ID BDGEO": "734", "horodatage": "2022-11-03 18:26:13", "distance (en metres)": 188.43, "station": "CHARCOT ZOLA", "marker-color": "#818181"}}, {"type": "Feature", "geometry": {"type": "Point", "coordinates": [2.324683, 48.821705]}, "properties": {"numparc": 6925, "etat de la localisation": "autre", "ID BDGEO": "580", "horodatage": "2022-11-03 18:26:43", "distance (en metres)": 53.88, "station": "PORTE D'ORLEANS#", "marker-color": "#818181"}}, {"type": "Feature", "geometry": {"type": "Point", "coordinates": [2.319358, 48.767624]}, "properties": {"numparc": 6930, "etat de la localisation": "autre", "ID BDGEO": "602", "horodatage": "2022-11-03 18:27:01", "distance (en metres)": 5152.8, "station": "DEPOT THIAIS ( S )", "marker-color": "#818181"}}, {"type": "Feature", "geometry": {"type": "Point", "coordinates": [2.331704, 48.796406]}, "properties": {"numparc": 6918, "etat de la localisation": "autre", "ID BDGEO": "580", "horodatage": "2022-11-03 18:27:17", "distance (en metres)": 2913.35, "station": "PORTE D'ORLEANS#", "marker-color": "#818181"}}, {"type": "Feature", "geometry": {"type": "Point", "coordinates": [2.32799, 48.778763]}, "properties": {"numparc": 6910, "etat de la localisation": "autre", "ID BDGEO": "580", "horodatage": "2022-11-03 18:27:21", "distance (en metres)": 4834.94, "station": "PORTE D'ORLEANS#", "marker-color": "#818181"}}, {"type": "Feature", "geometry": {"type": "Point", "coordinates": [2.334229, 48.794064]}, "properties": {"numparc": 6912, "etat de la localisation": "autre", "ID BDGEO": "609", "horodatage": "2022-11-03 18:27:54", "distance (en metres)": 2156.23, "station": "BARBUSSE-LARROUMES#", "marker-color": "#818181"}}, {"type": "Feature", "geometry": {"type": "Point", "coordinates": [2.326075, 48.775059]}, "properties": {"numparc": 6910, "etat de la localisation": "autre", "ID BDGEO": "602", "horodatage": "2022-11-03 18:28:36", "distance (en metres)": 4983.92, "station": "DEPOT THIAIS ( S )", "marker-color": "#818181"}}, {"type": "Feature", "geometry": {"type": "Point", "coordinates": [2.334609, 48.794498]}, "properties": {"numparc": 6918, "etat de la localisation": "autre", "ID BDGEO": "580", "horodatage": "2022-11-03 18:28:44", "distance (en metres)": 3164.57, "station": "PORTE D'ORLEANS#", "marker-color": "#818181"}}, {"type": "Feature", "geometry": {"type": "Point", "coordinates": [2.318116, 48.764107]}, "properties": {"numparc": 6930, "etat de la localisation": "autre", "ID BDGEO": "602", "horodatage": "2022-11-03 18:28:56", "distance (en metres)": 5152.78, "station": "DEPOT THIAIS ( S )", "marker-color": "#818181"}}, {"type": "Feature", "geometry": {"type": "Point", "coordinates": [2.334584, 48.794491]}, "properties": {"numparc": 6907, "etat de la localisation": "autre", "ID BDGEO": "580", "horodatage": "2022-11-03 18:29:18", "distance (en metres)": 3164.97, "station": "PORTE D'ORLEANS#", "marker-color": "#818181"}}, {"type": "Feature", "geometry": {"type": "Point", "coordinates": [2.323811, 48.77306]}, "properties": {"numparc": 6910, "etat de la localisation": "autre", "ID BDGEO": "602", "horodatage": "2022-11-03 18:29:48", "distance (en metres)": 5042.64, "station": "DEPOT THIAIS ( S )", "marker-color": "#818181"}}, {"type": "Feature", "geometry": {"type": "Point", "coordinates": [2.318262, 48.762127]}, "properties": {"numparc": 6930, "etat de la localisation": "autre", "ID BDGEO": "602", "horodatage": "2022-11-03 18:29:50", "distance (en metres)": 5105.22, "station": "DEPOT THIAIS ( S )", "marker-color": "#818181"}}, {"type": "Feature", "geometry": {"type": "Point", "coordinates": [2.322179, 48.770058]}, "properties": {"numparc": 6910, "etat de la localisation": "autre", "ID BDGEO": "602", "horodatage": "2022-11-03 18:31:07", "distance (en metres)": 5034.94, "station": "DEPOT THIAIS ( S )", "marker-color": "#818181"}}, {"type": "Feature", "geometry": {"type": "Point", "coordinates": [2.319392, 48.759731]}, "properties": {"numparc": 6909, "etat de la localisation": "autre", "ID BDGEO": "599", "horodatage": "2022-11-03 18:31:17", "distance (en metres)": 60.13, "station": "TUILERIE", "marker-color": "#818181"}}, {"type": "Feature", "geometry": {"type": "Point", "coordinates": [2.331425, 48.790291]}, "properties": {"numparc": 6918, "etat de la localisation": "autre", "ID BDGEO": "580", "horodatage": "2022-11-03 18:31:20", "distance (en metres)": 3581.6, "station": "PORTE D'ORLEANS#", "marker-color": "#818181"}}, {"type": "Feature", "geometry": {"type": "Point", "coordinates": [2.330675, 48.797031]}, "properties": {"numparc": 6912, "etat de la localisation": "autre", "ID BDGEO": "609", "horodatage": "2022-11-03 18:31:27", "distance (en metres)": 2428.86, "station": "BARBUSSE-LARROUMES#", "marker-color": "#818181"}}, {"type": "Feature", "geometry": {"type": "Point", "coordinates": [2.319204, 48.759956]}, "properties": {"numparc": 6930, "etat de la localisation": "autre", "ID BDGEO": "602", "horodatage": "2022-11-03 18:31:34", "distance (en metres)": 5006.6, "station": "DEPOT THIAIS ( S )", "marker-color": "#818181"}}, {"type": "Feature", "geometry": {"type": "Point", "coordinates": [2.319233, 48.767418]}, "properties": {"numparc": 6910, "etat de la localisation": "autre", "ID BDGEO": "602", "horodatage": "2022-11-03 18:32:05", "distance (en metres)": 5155.65, "station": "DEPOT THIAIS ( S )", "marker-color": "#818181"}}, {"type": "Feature", "geometry": {"type": "Point", "coordinates": [2.328589, 48.797886]}, "properties": {"numparc": 6912, "etat de la localisation": "autre", "ID BDGEO": "609", "horodatage": "2022-11-03 18:32:26", "distance (en metres)": 2508.74, "station": "BARBUSSE-LARROUMES#", "marker-color": "#818181"}}, {"type": "Feature", "geometry": {"type": "Point", "coordinates": [2.331452, 48.790218]}, "properties": {"numparc": 6907, "etat de la localisation": "autre", "ID BDGEO": "580", "horodatage": "2022-11-03 18:32:33", "distance (en metres)": 3589.85, "station": "PORTE D'ORLEANS#", "marker-color": "#818181"}}, {"type": "Feature", "geometry": {"type": "Point", "coordinates": [2.328589, 48.797886]}, "properties": {"numparc": 6912, "etat de la localisation": "autre", "ID BDGEO": "609", "horodatage": "2022-11-03 18:32:51", "distance (en metres)": 2508.74, "station": "BARBUSSE-LARROUMES#", "marker-color": "#818181"}}, {"type": "Feature", "geometry": {"type": "Point", "coordinates": [2.321865, 48.755737]}, "properties": {"numparc": 6930, "etat de la localisation": "autre", "ID BDGEO": "602", "horodatage": "2022-11-03 18:32:59", "distance (en metres)": 4785.6, "station": "DEPOT THIAIS ( S )", "marker-color": "#818181"}}, {"type": "Feature", "geometry": {"type": "Point", "coordinates": [2.328956, 48.785721]}, "properties": {"numparc": 6918, "etat de la localisation": "autre", "ID BDGEO": "580", "horodatage": "2022-11-03 18:33:07", "distance (en metres)": 4067.35, "station": "PORTE D'ORLEANS#", "marker-color": "#818181"}}, {"type": "Feature", "geometry": {"type": "Point", "coordinates": [2.318156, 48.76405]}, "properties": {"numparc": 6910, "etat de la localisation": "autre", "ID BDGEO": "602", "horodatage": "2022-11-03 18:33:29", "distance (en metres)": 5148.7, "station": "DEPOT THIAIS ( S )", "marker-color": "#818181"}}, {"type": "Feature", "geometry": {"type": "Point", "coordinates": [2.328025, 48.783356]}, "properties": {"numparc": 6918, "etat de la localisation": "autre", "ID BDGEO": "580", "horodatage": "2022-11-03 18:34:09", "distance (en metres)": 4325.12, "station": "PORTE D'ORLEANS#", "marker-color": "#818181"}}, {"type": "Feature", "geometry": {"type": "Point", "coordinates": [2.328924, 48.785664]}, "properties": {"numparc": 6907, "etat de la localisation": "autre", "ID BDGEO": "580", "horodatage": "2022-11-03 18:34:17", "distance (en metres)": 4073.51, "station": "PORTE D'ORLEANS#", "marker-color": "#818181"}}, {"type": "Feature", "geometry": {"type": "Point", "coordinates": [2.323913, 48.758396]}, "properties": {"numparc": 6930, "etat de la localisation": "autre", "ID BDGEO": "602", "horodatage": "2022-11-03 18:34:23", "distance (en metres)": 4647.54, "station": "DEPOT THIAIS ( S )", "marker-color": "#818181"}}, {"type": "Feature", "geometry": {"type": "Point", "coordinates": [2.324658, 48.821663]}, "properties": {"numparc": 6914, "etat de la localisation": "autre", "ID BDGEO": "580", "horodatage": "2022-11-03 18:34:27", "distance (en metres)": 58.42, "station": "PORTE D'ORLEANS#", "marker-color": "#818181"}}, {"type": "Feature", "geometry": {"type": "Point", "coordinates": [2.323729, 48.799824]}, "properties": {"numparc": 6912, "etat de la localisation": "autre", "ID BDGEO": "609", "horodatage": "2022-11-03 18:34:37", "distance (en metres)": 2726.15, "station": "BARBUSSE-LARROUMES#", "marker-color": "#818181"}}, {"type": "Feature", "geometry": {"type": "Point", "coordinates": [2.324655, 48.821655]}, "properties": {"numparc": 6914, "etat de la localisation": "autre", "ID BDGEO": "580", "horodatage": "2022-11-03 18:34:48", "distance (en metres)": 59.26, "station": "PORTE D'ORLEANS#", "marker-color": "#818181"}}, {"type": "Feature", "geometry": {"type": "Point", "coordinates": [2.319201, 48.75993]}, "properties": {"numparc": 6910, "etat de la localisation": "autre", "ID BDGEO": "602", "horodatage": "2022-11-03 18:35:25", "distance (en metres)": 5006.52, "station": "DEPOT THIAIS ( S )", "marker-color": "#818181"}}, {"type": "Feature", "geometry": {"type": "Point", "coordinates": [2.327987, 48.778748]}, "properties": {"numparc": 6918, "etat de la localisation": "autre", "ID BDGEO": "580", "horodatage": "2022-11-03 18:35:32", "distance (en metres)": 4836.62, "station": "PORTE D'ORLEANS#", "marker-color": "#818181"}}, {"type": "Feature", "geometry": {"type": "Point", "coordinates": [2.32646, 48.761265]}, "properties": {"numparc": 6930, "etat de la localisation": "autre", "ID BDGEO": "602", "horodatage": "2022-11-03 18:36:09", "distance (en metres)": 4496.77, "station": "DEPOT THIAIS ( S )", "marker-color": "#818181"}}, {"type": "Feature", "geometry": {"type": "Point", "coordinates": [2.324299, 48.801693]}, "properties": {"numparc": 6912, "etat de la localisation": "autre", "ID BDGEO": "609", "horodatage": "2022-11-03 18:36:38", "distance (en metres)": 2931.0, "station": "BARBUSSE-LARROUMES#", "marker-color": "#818181"}}, {"type": "Feature", "geometry": {"type": "Point", "coordinates": [2.326041, 48.775043]}, "properties": {"numparc": 6918, "etat de la localisation": "autre", "ID BDGEO": "602", "horodatage": "2022-11-03 18:36:44", "distance (en metres)": 4985.42, "station": "DEPOT THIAIS ( S )", "marker-color": "#818181"}}, {"type": "Feature", "geometry": {"type": "Point", "coordinates": [2.327982, 48.778736]}, "properties": {"numparc": 6907, "etat de la localisation": "autre", "ID BDGEO": "580", "horodatage": "2022-11-03 18:36:55", "distance (en metres)": 4837.88, "station": "PORTE D'ORLEANS#", "marker-color": "#818181"}}, {"type": "Feature", "geometry": {"type": "Point", "coordinates": [2.325287, 48.818447]}, "properties": {"numparc": 6914, "etat de la localisation": "autre", "ID BDGEO": "580", "horodatage": "2022-11-03 18:36:59", "distance (en metres)": 418.78, "station": "PORTE D'ORLEANS#", "marker-color": "#818181"}}, {"type": "Feature", "geometry": {"type": "Point", "coordinates": [2.321969, 48.755718]}, "properties": {"numparc": 6910, "etat de la localisation": "autre", "ID BDGEO": "602", "horodatage": "2022-11-03 18:37:05", "distance (en metres)": 4777.95, "station": "DEPOT THIAIS ( S )", "marker-color": "#818181"}}, {"type": "Feature", "geometry": {"type": "Point", "coordinates": [2.323763, 48.773079]}, "properties": {"numparc": 6918, "etat de la localisation": "autre", "ID BDGEO": "602", "horodatage": "2022-11-03 18:37:50", "distance (en metres)": 5046.71, "station": "DEPOT THIAIS ( S )", "marker-color": "#818181"}}, {"type": "Feature", "geometry": {"type": "Point", "coordinates": [2.325571, 48.805187]}, "properties": {"numparc": 6912, "etat de la localisation": "autre", "ID BDGEO": "609", "horodatage": "2022-11-03 18:38:13", "distance (en metres)": 3316.05, "station": "BARBUSSE-LARROUMES#", "marker-color": "#818181"}}, {"type": "Feature", "geometry": {"type": "Point", "coordinates": [2.324017, 48.758499]}, "properties": {"numparc": 6910, "etat de la localisation": "autre", "ID BDGEO": "602", "horodatage": "2022-11-03 18:38:41", "distance (en metres)": 4640.79, "station": "DEPOT THIAIS ( S )", "marker-color": "#818181"}}, {"type": "Feature", "geometry": {"type": "Point", "coordinates": [2.331033, 48.763]}, "properties": {"numparc": 6930, "etat de la localisation": "autre", "ID BDGEO": "734", "horodatage": "2022-11-03 18:38:51", "distance (en metres)": 256.87, "station": "CHARCOT ZOLA", "marker-color": "#818181"}}, {"type": "Feature", "geometry": {"type": "Point", "coordinates": [2.327605, 48.798161]}, "properties": {"numparc": 6925, "etat de la localisation": "autre", "ID BDGEO": "580", "horodatage": "2022-11-03 18:38:56", "distance (en metres)": 2680.62, "station": "PORTE D'ORLEANS#", "marker-color": "#818181"}}, {"type": "Feature", "geometry": {"type": "Point", "coordinates": [2.322123, 48.77002]}, "properties": {"numparc": 6918, "etat de la localisation": "autre", "ID BDGEO": "602", "horodatage": "2022-11-03 18:39:04", "distance (en metres)": 5037.45, "station": "DEPOT THIAIS ( S )", "marker-color": "#818181"}}, {"type": "Feature", "geometry": {"type": "Point", "coordinates": [2.323778, 48.773033]}, "properties": {"numparc": 6907, "etat de la localisation": "autre", "ID BDGEO": "602", "horodatage": "2022-11-03 18:39:17", "distance (en metres)": 5043.72, "station": "DEPOT THIAIS ( S )", "marker-color": "#818181"}}, {"type": "Feature", "geometry": {"type": "Point", "coordinates": [2.325669, 48.813511]}, "properties": {"numparc": 6914, "etat de la localisation": "autre", "ID BDGEO": "580", "horodatage": "2022-11-03 18:39:26", "distance (en metres)": 967.86, "station": "PORTE D'ORLEANS#", "marker-color": "#818181"}}, {"type": "Feature", "geometry": {"type": "Point", "coordinates": [2.326456, 48.761269]}, "properties": {"numparc": 6910, "etat de la localisation": "autre", "ID BDGEO": "602", "horodatage": "2022-11-03 18:39:57", "distance (en metres)": 4497.11, "station": "DEPOT THIAIS ( S )", "marker-color": "#818181"}}, {"type": "Feature", "geometry": {"type": "Point", "coordinates": [2.31923, 48.767475]}, "properties": {"numparc": 6918, "etat de la localisation": "autre", "ID BDGEO": "602", "horodatage": "2022-11-03 18:40:02", "distance (en metres)": 5157.51, "station": "DEPOT THIAIS ( S )", "marker-color": "#818181"}}, {"type": "Feature", "geometry": {"type": "Point", "coordinates": [2.33169, 48.796391]}, "properties": {"numparc": 6925, "etat de la localisation": "autre", "ID BDGEO": "580", "horodatage": "2022-11-03 18:40:48", "distance (en metres)": 2914.84, "station": "PORTE D'ORLEANS#", "marker-color": "#818181"}}, {"type": "Feature", "geometry": {"type": "Point", "coordinates": [2.331735, 48.796364]}, "properties": {"numparc": 6925, "etat de la localisation": "autre", "ID BDGEO": "580", "horodatage": "2022-11-03 18:41:05", "distance (en metres)": 2918.34, "station": "PORTE D'ORLEANS#", "marker-color": "#818181"}}, {"type": "Feature", "geometry": {"type": "Point", "coordinates": [2.327045, 48.810993]}, "properties": {"numparc": 6912, "etat de la localisation": "autre", "ID BDGEO": "609", "horodatage": "2022-11-03 18:41:09", "distance (en metres)": 3961.36, "station": "BARBUSSE-LARROUMES#", "marker-color": "#818181"}}, {"type": "Feature", "geometry": {"type": "Point", "coordinates": [2.31921, 48.767429]}, "properties": {"numparc": 6907, "etat de la localisation": "autre", "ID BDGEO": "602", "horodatage": "2022-11-03 18:41:15", "distance (en metres)": 5157.6, "station": "DEPOT THIAIS ( S )", "marker-color": "#818181"}}, {"type": "Feature", "geometry": {"type": "Point", "coordinates": [2.330781, 48.762737]}, "properties": {"numparc": 6910, "etat de la localisation": "autre", "ID BDGEO": "585", "horodatage": "2022-11-03 18:42:17", "distance (en metres)": 369.97, "station": "FRESNES CHARCOT ZOLA.", "marker-color": "#818181"}}, {"type": "Feature", "geometry": {"type": "Point", "coordinates": [2.326372, 48.808796]}, "properties": {"numparc": 6914, "etat de la localisation": "autre", "ID BDGEO": "580", "horodatage": "2022-11-03 18:42:21", "distance (en metres)": 1494.61, "station": "PORTE D'ORLEANS#", "marker-color": "#818181"}}, {"type": "Feature", "geometry": {"type": "Point", "coordinates": [2.31813, 48.764057]}, "properties": {"numparc": 6918, "etat de la localisation": "autre", "ID BDGEO": "602", "horodatage": "2022-11-03 18:42:27", "distance (en metres)": 5150.73, "station": "DEPOT THIAIS ( S )", "marker-color": "#818181"}}, {"type": "Feature", "geometry": {"type": "Point", "coordinates": [2.334628, 48.794495]}, "properties": {"numparc": 6925, "etat de la localisation": "autre", "ID BDGEO": "580", "horodatage": "2022-11-03 18:42:32", "distance (en metres)": 3165.3, "station": "PORTE D'ORLEANS#", "marker-color": "#818181"}}, {"type": "Feature", "geometry": {"type": "Point", "coordinates": [2.326316, 48.813675]}, "properties": {"numparc": 6912, "etat de la localisation": "autre", "ID BDGEO": "609", "horodatage": "2022-11-03 18:42:34", "distance (en metres)": 4259.28, "station": "BARBUSSE-LARROUMES#", "marker-color": "#818181"}}, {"type": "Feature", "geometry": {"type": "Point", "coordinates": [2.326316, 48.813675]}, "properties": {"numparc": 6912, "etat de la localisation": "autre", "ID BDGEO": "609", "horodatage": "2022-11-03 18:42:42", "distance (en metres)": 4259.28, "station": "BARBUSSE-LARROUMES#", "marker-color": "#818181"}}, {"type": "Feature", "geometry": {"type": "Point", "coordinates": [2.318271, 48.762062]}, "properties": {"numparc": 6918, "etat de la localisation": "autre", "ID BDGEO": "602", "horodatage": "2022-11-03 18:43:10", "distance (en metres)": 5103.52, "station": "DEPOT THIAIS ( S )", "marker-color": "#818181"}}, {"type": "Feature", "geometry": {"type": "Point", "coordinates": [2.325113, 48.80476]}, "properties": {"numparc": 6914, "etat de la localisation": "autre", "ID BDGEO": "580", "horodatage": "2022-11-03 18:43:53", "distance (en metres)": 1938.23, "station": "PORTE D'ORLEANS#", "marker-color": "#818181"}}, {"type": "Feature", "geometry": {"type": "Point", "coordinates": [2.331451, 48.790276]}, "properties": {"numparc": 6925, "etat de la localisation": "autre", "ID BDGEO": "580", "horodatage": "2022-11-03 18:44:45", "distance (en metres)": 3583.54, "station": "PORTE D'ORLEANS#", "marker-color": "#818181"}}, {"type": "Feature", "geometry": {"type": "Point", "coordinates": [2.319204, 48.759911]}, "properties": {"numparc": 6918, "etat de la localisation": "autre", "ID BDGEO": "602", "horodatage": "2022-11-03 18:44:52", "distance (en metres)": 5006.08, "station": "DEPOT THIAIS ( S )", "marker-color": "#818181"}}, {"type": "Feature", "geometry": {"type": "Point", "coordinates": [2.326051, 48.818142]}, "properties": {"numparc": 6912, "etat de la localisation": "autre", "ID BDGEO": "609", "horodatage": "2022-11-03 18:44:57", "distance (en metres)": 4756.07, "station": "BARBUSSE-LARROUMES#", "marker-color": "#818181"}}, {"type": "Feature", "geometry": {"type": "Point", "coordinates": [2.323705, 48.801434]}, "properties": {"numparc": 6914, "etat de la localisation": "autre", "ID BDGEO": "580", "horodatage": "2022-11-03 18:45:39", "distance (en metres)": 2308.76, "station": "PORTE D'ORLEANS#", "marker-color": "#818181"}}, {"type": "Feature", "geometry": {"type": "Point", "coordinates": [2.321924, 48.755699]}, "properties": {"numparc": 6918, "etat de la localisation": "autre", "ID BDGEO": "602", "horodatage": "2022-11-03 18:46:26", "distance (en metres)": 4781.24, "station": "DEPOT THIAIS ( S )", "marker-color": "#818181"}}, {"type": "Feature", "geometry": {"type": "Point", "coordinates": [2.319231, 48.759884]}, "properties": {"numparc": 6907, "etat de la localisation": "autre", "ID BDGEO": "602", "horodatage": "2022-11-03 18:46:52", "distance (en metres)": 5003.81, "station": "DEPOT THIAIS ( S )", "marker-color": "#818181"}}, {"type": "Feature", "geometry": {"type": "Point", "coordinates": [2.324677, 48.821629]}, "properties": {"numparc": 6931, "etat de la localisation": "autre", "ID BDGEO": "580", "horodatage": "2022-11-03 18:47:03", "distance (en metres)": 62.31, "station": "PORTE D'ORLEANS#", "marker-color": "#818181"}}, {"type": "Feature", "geometry": {"type": "Point", "coordinates": [2.32563, 48.821354]}, "properties": {"numparc": 6912, "etat de la localisation": "autre", "ID BDGEO": "580", "horodatage": "2022-11-03 18:47:05", "distance (en metres)": 118.44, "station": "PORTE D'ORLEANS#", "marker-color": "#818181"}}, {"type": "Feature", "geometry": {"type": "Point", "coordinates": [2.330494, 48.763226]}, "properties": {"numparc": 6930, "etat de la localisation": "autre", "ID BDGEO": "734", "horodatage": "2022-11-03 18:47:18", "distance (en metres)": 261.63, "station": "CHARCOT ZOLA", "marker-color": "#818181"}}, {"type": "Feature", "geometry": {"type": "Point", "coordinates": [2.32894, 48.785721]}, "properties": {"numparc": 6925, "etat de la localisation": "autre", "ID BDGEO": "580", "horodatage": "2022-11-03 18:47:19", "distance (en metres)": 4067.26, "station": "PORTE D'ORLEANS#", "marker-color": "#818181"}}, {"type": "Feature", "geometry": {"type": "Point", "coordinates": [2.324125, 48.799576]}, "properties": {"numparc": 6914, "etat de la localisation": "autre", "ID BDGEO": "580", "horodatage": "2022-11-03 18:47:54", "distance (en metres)": 2514.62, "station": "PORTE D'ORLEANS#", "marker-color": "#818181"}}, {"type": "Feature", "geometry": {"type": "Point", "coordinates": [2.324092, 48.758507]}, "properties": {"numparc": 6918, "etat de la localisation": "autre", "ID BDGEO": "602", "horodatage": "2022-11-03 18:48:00", "distance (en metres)": 4635.38, "station": "DEPOT THIAIS ( S )", "marker-color": "#818181"}}, {"type": "Feature", "geometry": {"type": "Point", "coordinates": [2.321926, 48.755703]}, "properties": {"numparc": 6907, "etat de la localisation": "autre", "ID BDGEO": "602", "horodatage": "2022-11-03 18:48:22", "distance (en metres)": 4781.08, "station": "DEPOT THIAIS ( S )", "marker-color": "#818181"}}, {"type": "Feature", "geometry": {"type": "Point", "coordinates": [2.327996, 48.783394]}, "properties": {"numparc": 6925, "etat de la localisation": "autre", "ID BDGEO": "580", "horodatage": "2022-11-03 18:48:28", "distance (en metres)": 4320.77, "station": "PORTE D'ORLEANS#", "marker-color": "#818181"}}, {"type": "Feature", "geometry": {"type": "Point", "coordinates": [2.324092, 48.758507]}, "properties": {"numparc": 6918, "etat de la localisation": "autre", "ID BDGEO": "602", "horodatage": "2022-11-03 18:49:07", "distance (en metres)": 4635.38, "station": "DEPOT THIAIS ( S )", "marker-color": "#818181"}}, {"type": "Feature", "geometry": {"type": "Point", "coordinates": [2.324663, 48.821667]}, "properties": {"numparc": 6912, "etat de la localisation": "autre", "ID BDGEO": "580", "horodatage": "2022-11-03 18:49:29", "distance (en metres)": 58.02, "station": "PORTE D'ORLEANS#", "marker-color": "#818181"}}, {"type": "Feature", "geometry": {"type": "Point", "coordinates": [2.326574, 48.761612]}, "properties": {"numparc": 6930, "etat de la localisation": "autre", "ID BDGEO": "734", "horodatage": "2022-11-03 18:49:34", "distance (en metres)": 202.4, "station": "CHARCOT ZOLA", "marker-color": "#818181"}}, {"type": "Feature", "geometry": {"type": "Point", "coordinates": [2.327587, 48.798244]}, "properties": {"numparc": 6914, "etat de la localisation": "autre", "ID BDGEO": "580", "horodatage": "2022-11-03 18:49:39", "distance (en metres)": 2671.22, "station": "PORTE D'ORLEANS#", "marker-color": "#818181"}}, {"type": "Feature", "geometry": {"type": "Point", "coordinates": [2.32793, 48.778709]}, "properties": {"numparc": 6925, "etat de la localisation": "autre", "ID BDGEO": "580", "horodatage": "2022-11-03 18:49:54", "distance (en metres)": 4840.65, "station": "PORTE D'ORLEANS#", "marker-color": "#818181"}}, {"type": "Feature", "geometry": {"type": "Point", "coordinates": [2.324073, 48.758549]}, "properties": {"numparc": 6907, "etat de la localisation": "autre", "ID BDGEO": "602", "horodatage": "2022-11-03 18:50:06", "distance (en metres)": 4637.12, "station": "DEPOT THIAIS ( S )", "marker-color": "#818181"}}, {"type": "Feature", "geometry": {"type": "Point", "coordinates": [2.326468, 48.76125]}, "properties": {"numparc": 6918, "etat de la localisation": "autre", "ID BDGEO": "602", "horodatage": "2022-11-03 18:50:52", "distance (en metres)": 4495.94, "station": "DEPOT THIAIS ( S )", "marker-color": "#818181"}}, {"type": "Feature", "geometry": {"type": "Point", "coordinates": [2.326005, 48.775055]}, "properties": {"numparc": 6925, "etat de la localisation": "autre", "ID BDGEO": "602", "horodatage": "2022-11-03 18:51:36", "distance (en metres)": 4988.35, "station": "DEPOT THIAIS ( S )", "marker-color": "#818181"}}, {"type": "Feature", "geometry": {"type": "Point", "coordinates": [2.331682, 48.796482]}, "properties": {"numparc": 6914, "etat de la localisation": "autre", "ID BDGEO": "580", "horodatage": "2022-11-03 18:51:39", "distance (en metres)": 2904.71, "station": "PORTE D'ORLEANS#", "marker-color": "#818181"}}, {"type": "Feature", "geometry": {"type": "Point", "coordinates": [2.323741, 48.773056]}, "properties": {"numparc": 6925, "etat de la localisation": "autre", "ID BDGEO": "602", "horodatage": "2022-11-03 18:52:30", "distance (en metres)": 5047.2, "station": "DEPOT THIAIS ( S )", "marker-color": "#818181"}}, {"type": "Feature", "geometry": {"type": "Point", "coordinates": [2.326485, 48.761284]}, "properties": {"numparc": 6907, "etat de la localisation": "autre", "ID BDGEO": "602", "horodatage": "2022-11-03 18:52:40", "distance (en metres)": 4495.27, "station": "DEPOT THIAIS ( S )", "marker-color": "#818181"}}, {"type": "Feature", "geometry": {"type": "Point", "coordinates": [2.334663, 48.794571]}, "properties": {"numparc": 6914, "etat de la localisation": "autre", "ID BDGEO": "580", "horodatage": "2022-11-03 18:52:52", "distance (en metres)": 3157.64, "station": "PORTE D'ORLEANS#", "marker-color": "#818181"}}, {"type": "Feature", "geometry": {"type": "Point", "coordinates": [2.32641, 48.808895]}, "properties": {"numparc": 6931, "etat de la localisation": "autre", "ID BDGEO": "580", "horodatage": "2022-11-03 18:53:02", "distance (en metres)": 1483.86, "station": "PORTE D'ORLEANS#", "marker-color": "#818181"}}, {"type": "Feature", "geometry": {"type": "Point", "coordinates": [2.331042, 48.762981]}, "properties": {"numparc": 6918, "etat de la localisation": "autre", "ID BDGEO": "575", "horodatage": "2022-11-03 18:53:05", "distance (en metres)": 388.72, "station": "CHARCOT-ZOLA#", "marker-color": "#818181"}}, {"type": "Feature", "geometry": {"type": "Point", "coordinates": [2.325352, 48.818432]}, "properties": {"numparc": 6912, "etat de la localisation": "autre", "ID BDGEO": "580", "horodatage": "2022-11-03 18:53:16", "distance (en metres)": 421.04, "station": "PORTE D'ORLEANS#", "marker-color": "#818181"}}, {"type": "Feature", "geometry": {"type": "Point", "coordinates": [2.322091, 48.769997]}, "properties": {"numparc": 6925, "etat de la localisation": "autre", "ID BDGEO": "602", "horodatage": "2022-11-03 18:53:34", "distance (en metres)": 5038.84, "station": "DEPOT THIAIS ( S )", "marker-color": "#818181"}}, {"type": "Feature", "geometry": {"type": "Point", "coordinates": [2.330916, 48.762848]}, "properties": {"numparc": 6907, "etat de la localisation": "autre", "ID BDGEO": "734", "horodatage": "2022-11-03 18:54:19", "distance (en metres)": 237.93, "station": "CHARCOT ZOLA", "marker-color": "#818181"}}, {"type": "Feature", "geometry": {"type": "Point", "coordinates": [2.325078, 48.804768]}, "properties": {"numparc": 6931, "etat de la localisation": "autre", "ID BDGEO": "580", "horodatage": "2022-11-03 18:54:28", "distance (en metres)": 1937.33, "station": "PORTE D'ORLEANS#", "marker-color": "#818181"}}, {"type": "Feature", "geometry": {"type": "Point", "coordinates": [2.319165, 48.767399]}, "properties": {"numparc": 6925, "etat de la localisation": "autre", "ID BDGEO": "602", "horodatage": "2022-11-03 18:54:35", "distance (en metres)": 5159.91, "station": "DEPOT THIAIS ( S )", "marker-color": "#818181"}}, {"type": "Feature", "geometry": {"type": "Point", "coordinates": [2.387198, 48.755497]}, "properties": {"numparc": 6919, "etat de la localisation": "autre", "ID BDGEO": "614", "horodatage": "2022-11-03 18:55:15", "distance (en metres)": 4323.84, "station": "CHARCOT ZOLA#", "marker-color": "#818181"}}, {"type": "Feature", "geometry": {"type": "Point", "coordinates": [2.331539, 48.790325]}, "properties": {"numparc": 6914, "etat de la localisation": "autre", "ID BDGEO": "580", "horodatage": "2022-11-03 18:55:25", "distance (en metres)": 3578.99, "station": "PORTE D'ORLEANS#", "marker-color": "#818181"}}, {"type": "Feature", "geometry": {"type": "Point", "coordinates": [2.318102, 48.764095]}, "properties": {"numparc": 6925, "etat de la localisation": "autre", "ID BDGEO": "602", "horodatage": "2022-11-03 18:55:58", "distance (en metres)": 5153.55, "station": "DEPOT THIAIS ( S )", "marker-color": "#818181"}}, {"type": "Feature", "geometry": {"type": "Point", "coordinates": [2.325752, 48.813461]}, "properties": {"numparc": 6912, "etat de la localisation": "autre", "ID BDGEO": "580", "horodatage": "2022-11-03 18:56:10", "distance (en metres)": 973.86, "station": "PORTE D'ORLEANS#", "marker-color": "#818181"}}, {"type": "Feature", "geometry": {"type": "Point", "coordinates": [2.323727, 48.801472]}, "properties": {"numparc": 6931, "etat de la localisation": "autre", "ID BDGEO": "580", "horodatage": "2022-11-03 18:56:19", "distance (en metres)": 2304.47, "station": "PORTE D'ORLEANS#", "marker-color": "#818181"}}, {"type": "Feature", "geometry": {"type": "Point", "coordinates": [2.319438, 48.759705]}, "properties": {"numparc": 6930, "etat de la localisation": "autre", "ID BDGEO": "599", "horodatage": "2022-11-03 18:56:32", "distance (en metres)": 56.3, "station": "TUILERIE", "marker-color": "#818181"}}, {"type": "Feature", "geometry": {"type": "Point", "coordinates": [2.328957, 48.785721]}, "properties": {"numparc": 6914, "etat de la localisation": "autre", "ID BDGEO": "580", "horodatage": "2022-11-03 18:57:03", "distance (en metres)": 4067.36, "station": "PORTE D'ORLEANS#", "marker-color": "#818181"}}, {"type": "Feature", "geometry": {"type": "Point", "coordinates": [2.328022, 48.783363]}, "properties": {"numparc": 6914, "etat de la localisation": "autre", "ID BDGEO": "580", "horodatage": "2022-11-03 18:58:11", "distance (en metres)": 4324.26, "station": "PORTE D'ORLEANS#", "marker-color": "#818181"}}, {"type": "Feature", "geometry": {"type": "Point", "coordinates": [2.324125, 48.799664]}, "properties": {"numparc": 6931, "etat de la localisation": "autre", "ID BDGEO": "580", "horodatage": "2022-11-03 18:58:29", "distance (en metres)": 2504.86, "station": "PORTE D'ORLEANS#", "marker-color": "#818181"}}, {"type": "Feature", "geometry": {"type": "Point", "coordinates": [2.32641, 48.8088]}, "properties": {"numparc": 6912, "etat de la localisation": "autre", "ID BDGEO": "580", "horodatage": "2022-11-03 18:58:31", "distance (en metres)": 1494.43, "station": "PORTE D'ORLEANS#", "marker-color": "#818181"}}, {"type": "Feature", "geometry": {"type": "Point", "coordinates": [2.327963, 48.778728]}, "properties": {"numparc": 6914, "etat de la localisation": "autre", "ID BDGEO": "580", "horodatage": "2022-11-03 18:59:37", "distance (en metres)": 4838.65, "station": "PORTE D'ORLEANS#", "marker-color": "#818181"}}, {"type": "Feature", "geometry": {"type": "Point", "coordinates": [2.321903, 48.755726]}, "properties": {"numparc": 6925, "etat de la localisation": "autre", "ID BDGEO": "602", "horodatage": "2022-11-03 19:00:01", "distance (en metres)": 4782.8, "station": "DEPOT THIAIS ( S )", "marker-color": "#818181"}}, {"type": "Feature", "geometry": {"type": "Point", "coordinates": [2.327547, 48.798283]}, "properties": {"numparc": 6931, "etat de la localisation": "autre", "ID BDGEO": "580", "horodatage": "2022-11-03 19:00:24", "distance (en metres)": 2666.75, "station": "PORTE D'ORLEANS#", "marker-color": "#818181"}}, {"type": "Feature", "geometry": {"type": "Point", "coordinates": [2.325003, 48.804707]}, "properties": {"numparc": 6912, "etat de la localisation": "autre", "ID BDGEO": "580", "horodatage": "2022-11-03 19:00:32", "distance (en metres)": 1944.03, "station": "PORTE D'ORLEANS#", "marker-color": "#818181"}}, {"type": "Feature", "geometry": {"type": "Point", "coordinates": [2.326051, 48.775059]}, "properties": {"numparc": 6914, "etat de la localisation": "autre", "ID BDGEO": "602", "horodatage": "2022-11-03 19:00:53", "distance (en metres)": 4985.51, "station": "DEPOT THIAIS ( S )", "marker-color": "#818181"}}, {"type": "Feature", "geometry": {"type": "Point", "coordinates": [2.327665, 48.798252]}, "properties": {"numparc": 6931, "etat de la localisation": "autre", "ID BDGEO": "580", "horodatage": "2022-11-03 19:00:54", "distance (en metres)": 2670.84, "station": "PORTE D'ORLEANS#", "marker-color": "#818181"}}, {"type": "Feature", "geometry": {"type": "Point", "coordinates": [2.330469, 48.763241]}, "properties": {"numparc": 6907, "etat de la localisation": "autre", "ID BDGEO": "734", "horodatage": "2022-11-03 19:00:57", "distance (en metres)": 262.55, "station": "CHARCOT ZOLA", "marker-color": "#818181"}}, {"type": "Feature", "geometry": {"type": "Point", "coordinates": [2.386921, 48.754768]}, "properties": {"numparc": 6919, "etat de la localisation": "autre", "ID BDGEO": "614", "horodatage": "2022-11-03 19:01:03", "distance (en metres)": 4316.23, "station": "CHARCOT ZOLA#", "marker-color": "#818181"}}, {"type": "Feature", "geometry": {"type": "Point", "coordinates": [2.324064, 48.75853]}, "properties": {"numparc": 6925, "etat de la localisation": "autre", "ID BDGEO": "602", "horodatage": "2022-11-03 19:01:34", "distance (en metres)": 4637.62, "station": "DEPOT THIAIS ( S )", "marker-color": "#818181"}}, {"type": "Feature", "geometry": {"type": "Point", "coordinates": [2.323756, 48.773056]}, "properties": {"numparc": 6914, "etat de la localisation": "autre", "ID BDGEO": "602", "horodatage": "2022-11-03 19:01:54", "distance (en metres)": 5046.19, "station": "DEPOT THIAIS ( S )", "marker-color": "#818181"}}, {"type": "Feature", "geometry": {"type": "Point", "coordinates": [2.325675, 48.82095]}, "properties": {"numparc": 6926, "etat de la localisation": "autre", "ID BDGEO": "580", "horodatage": "2022-11-03 19:01:57", "distance (en metres)": 157.74, "station": "PORTE D'ORLEANS#", "marker-color": "#818181"}}, {"type": "Feature", "geometry": {"type": "Point", "coordinates": [2.323671, 48.801437]}, "properties": {"numparc": 6912, "etat de la localisation": "autre", "ID BDGEO": "580", "horodatage": "2022-11-03 19:02:11", "distance (en metres)": 2308.4, "station": "PORTE D'ORLEANS#", "marker-color": "#818181"}}, {"type": "Feature", "geometry": {"type": "Point", "coordinates": [2.324644, 48.821621]}, "properties": {"numparc": 6913, "etat de la localisation": "autre", "ID BDGEO": "580", "horodatage": "2022-11-03 19:02:14", "distance (en metres)": 63.05, "station": "PORTE D'ORLEANS#", "marker-color": "#818181"}}, {"type": "Feature", "geometry": {"type": "Point", "coordinates": [2.324645, 48.821621]}, "properties": {"numparc": 6913, "etat de la localisation": "autre", "ID BDGEO": "580", "horodatage": "2022-11-03 19:02:45", "distance (en metres)": 63.05, "station": "PORTE D'ORLEANS#", "marker-color": "#818181"}}, {"type": "Feature", "geometry": {"type": "Point", "coordinates": [2.322121, 48.770012]}, "properties": {"numparc": 6914, "etat de la localisation": "autre", "ID BDGEO": "602", "horodatage": "2022-11-03 19:03:04", "distance (en metres)": 5037.32, "station": "DEPOT THIAIS ( S )", "marker-color": "#818181"}}, {"type": "Feature", "geometry": {"type": "Point", "coordinates": [2.326551, 48.761524]}, "properties": {"numparc": 6907, "etat de la localisation": "autre", "ID BDGEO": "734", "horodatage": "2022-11-03 19:03:05", "distance (en metres)": 201.16, "station": "CHARCOT ZOLA", "marker-color": "#818181"}}, {"type": "Feature", "geometry": {"type": "Point", "coordinates": [2.33456, 48.794571]}, "properties": {"numparc": 6931, "etat de la localisation": "autre", "ID BDGEO": "580", "horodatage": "2022-11-03 19:03:44", "distance (en metres)": 3155.9, "station": "PORTE D'ORLEANS#", "marker-color": "#818181"}}, {"type": "Feature", "geometry": {"type": "Point", "coordinates": [2.319217, 48.767467]}, "properties": {"numparc": 6914, "etat de la localisation": "autre", "ID BDGEO": "602", "horodatage": "2022-11-03 19:04:03", "distance (en metres)": 5158.22, "station": "DEPOT THIAIS ( S )", "marker-color": "#818181"}}, {"type": "Feature", "geometry": {"type": "Point", "coordinates": [2.3241, 48.799561]}, "properties": {"numparc": 6912, "etat de la localisation": "autre", "ID BDGEO": "580", "horodatage": "2022-11-03 19:04:20", "distance (en metres)": 2516.34, "station": "PORTE D'ORLEANS#", "marker-color": "#818181"}}, {"type": "Feature", "geometry": {"type": "Point", "coordinates": [2.325344, 48.818436]}, "properties": {"numparc": 6913, "etat de la localisation": "autre", "ID BDGEO": "580", "horodatage": "2022-11-03 19:04:49", "distance (en metres)": 420.55, "station": "PORTE D'ORLEANS#", "marker-color": "#818181"}}, {"type": "Feature", "geometry": {"type": "Point", "coordinates": [2.331012, 48.762959]}, "properties": {"numparc": 6925, "etat de la localisation": "autre", "ID BDGEO": "575", "horodatage": "2022-11-03 19:05:23", "distance (en metres)": 385.56, "station": "CHARCOT-ZOLA#", "marker-color": "#818181"}}, {"type": "Feature", "geometry": {"type": "Point", "coordinates": [2.324675, 48.821659]}, "properties": {"numparc": 6926, "etat de la localisation": "autre", "ID BDGEO": "580", "horodatage": "2022-11-03 19:05:27", "distance (en metres)": 58.92, "station": "PORTE D'ORLEANS#", "marker-color": "#818181"}}, {"type": "Feature", "geometry": {"type": "Point", "coordinates": [2.331471, 48.790337]}, "properties": {"numparc": 6931, "etat de la localisation": "autre", "ID BDGEO": "580", "horodatage": "2022-11-03 19:05:36", "distance (en metres)": 3577.02, "station": "PORTE D'ORLEANS#", "marker-color": "#818181"}}, {"type": "Feature", "geometry": {"type": "Point", "coordinates": [2.327632, 48.798187]}, "properties": {"numparc": 6912, "etat de la localisation": "autre", "ID BDGEO": "580", "horodatage": "2022-11-03 19:05:40", "distance (en metres)": 2677.82, "station": "PORTE D'ORLEANS#", "marker-color": "#818181"}}, {"type": "Feature", "geometry": {"type": "Point", "coordinates": [2.31812, 48.764053]}, "properties": {"numparc": 6914, "etat de la localisation": "autre", "ID BDGEO": "602", "horodatage": "2022-11-03 19:05:55", "distance (en metres)": 5151.37, "station": "DEPOT THIAIS ( S )", "marker-color": "#818181"}}, {"type": "Feature", "geometry": {"type": "Point", "coordinates": [2.325711, 48.81353]}, "properties": {"numparc": 6913, "etat de la localisation": "autre", "ID BDGEO": "580", "horodatage": "2022-11-03 19:06:33", "distance (en metres)": 966.0, "station": "PORTE D'ORLEANS#", "marker-color": "#818181"}}, {"type": "Feature", "geometry": {"type": "Point", "coordinates": [2.318271, 48.762077]}, "properties": {"numparc": 6914, "etat de la localisation": "autre", "ID BDGEO": "602", "horodatage": "2022-11-03 19:06:41", "distance (en metres)": 5103.77, "station": "DEPOT THIAIS ( S )", "marker-color": "#818181"}}, {"type": "Feature", "geometry": {"type": "Point", "coordinates": [2.319381, 48.759781]}, "properties": {"numparc": 6907, "etat de la localisation": "autre", "ID BDGEO": "599", "horodatage": "2022-11-03 19:07:41", "distance (en metres)": 65.63, "station": "TUILERIE", "marker-color": "#818181"}}, {"type": "Feature", "geometry": {"type": "Point", "coordinates": [2.328948, 48.785717]}, "properties": {"numparc": 6931, "etat de la localisation": "autre", "ID BDGEO": "580", "horodatage": "2022-11-03 19:07:43", "distance (en metres)": 4067.72, "station": "PORTE D'ORLEANS#", "marker-color": "#818181"}}, {"type": "Feature", "geometry": {"type": "Point", "coordinates": [2.331743, 48.796413]}, "properties": {"numparc": 6912, "etat de la localisation": "autre", "ID BDGEO": "580", "horodatage": "2022-11-03 19:08:33", "distance (en metres)": 2913.02, "station": "PORTE D'ORLEANS#", "marker-color": "#818181"}}, {"type": "Feature", "geometry": {"type": "Point", "coordinates": [2.319204, 48.759937]}, "properties": {"numparc": 6914, "etat de la localisation": "autre", "ID BDGEO": "602", "horodatage": "2022-11-03 19:08:37", "distance (en metres)": 5006.38, "station": "DEPOT THIAIS ( S )", "marker-color": "#818181"}}, {"type": "Feature", "geometry": {"type": "Point", "coordinates": [2.326329, 48.8088]}, "properties": {"numparc": 6913, "etat de la localisation": "autre", "ID BDGEO": "580", "horodatage": "2022-11-03 19:09:03", "distance (en metres)": 1493.92, "station": "PORTE D'ORLEANS#", "marker-color": "#818181"}}, {"type": "Feature", "geometry": {"type": "Point", "coordinates": [2.328013, 48.783371]}, "properties": {"numparc": 6931, "etat de la localisation": "autre", "ID BDGEO": "580", "horodatage": "2022-11-03 19:09:18", "distance (en metres)": 4323.38, "station": "PORTE D'ORLEANS#", "marker-color": "#818181"}}, {"type": "Feature", "geometry": {"type": "Point", "coordinates": [2.38692, 48.754765]}, "properties": {"numparc": 6919, "etat de la localisation": "autre", "ID BDGEO": "614", "horodatage": "2022-11-03 19:09:31", "distance (en metres)": 4316.23, "station": "CHARCOT ZOLA#", "marker-color": "#818181"}}, {"type": "Feature", "geometry": {"type": "Point", "coordinates": [2.38692, 48.754765]}, "properties": {"numparc": 6919, "etat de la localisation": "autre", "ID BDGEO": "614", "horodatage": "2022-11-03 19:09:42", "distance (en metres)": 4316.23, "station": "CHARCOT ZOLA#", "marker-color": "#818181"}}, {"type": "Feature", "geometry": {"type": "Point", "coordinates": [2.324675, 48.821659]}, "properties": {"numparc": 6926, "etat de la localisation": "autre", "ID BDGEO": "580", "horodatage": "2022-11-03 19:09:58", "distance (en metres)": 58.92, "station": "PORTE D'ORLEANS#", "marker-color": "#818181"}}, {"type": "Feature", "geometry": {"type": "Point", "coordinates": [2.334609, 48.794491]}, "properties": {"numparc": 6912, "etat de la localisation": "autre", "ID BDGEO": "580", "horodatage": "2022-11-03 19:10:12", "distance (en metres)": 3165.39, "station": "PORTE D'ORLEANS#", "marker-color": "#818181"}}, {"type": "Feature", "geometry": {"type": "Point", "coordinates": [2.32195, 48.755676]}, "properties": {"numparc": 6914, "etat de la localisation": "autre", "ID BDGEO": "602", "horodatage": "2022-11-03 19:10:15", "distance (en metres)": 4779.32, "station": "DEPOT THIAIS ( S )", "marker-color": "#818181"}}, {"type": "Feature", "geometry": {"type": "Point", "coordinates": [2.324688, 48.821636]}, "properties": {"numparc": 6926, "etat de la localisation": "autre", "ID BDGEO": "580", "horodatage": "2022-11-03 19:10:28", "distance (en metres)": 61.52, "station": "PORTE D'ORLEANS#", "marker-color": "#818181"}}, {"type": "Feature", "geometry": {"type": "Point", "coordinates": [2.324999, 48.804764]}, "properties": {"numparc": 6913, "etat de la localisation": "autre", "ID BDGEO": "580", "horodatage": "2022-11-03 19:10:44", "distance (en metres)": 1937.66, "station": "PORTE D'ORLEANS#", "marker-color": "#818181"}}, {"type": "Feature", "geometry": {"type": "Point", "coordinates": [2.328002, 48.778748]}, "properties": {"numparc": 6931, "etat de la localisation": "autre", "ID BDGEO": "580", "horodatage": "2022-11-03 19:11:20", "distance (en metres)": 4836.68, "station": "PORTE D'ORLEANS#", "marker-color": "#818181"}}, {"type": "Feature", "geometry": {"type": "Point", "coordinates": [2.323657, 48.801449]}, "properties": {"numparc": 6913, "etat de la localisation": "autre", "ID BDGEO": "580", "horodatage": "2022-11-03 19:11:38", "distance (en metres)": 2307.16, "station": "PORTE D'ORLEANS#", "marker-color": "#818181"}}, {"type": "Feature", "geometry": {"type": "Point", "coordinates": [2.324064, 48.758457]}, "properties": {"numparc": 6914, "etat de la localisation": "autre", "ID BDGEO": "602", "horodatage": "2022-11-03 19:11:45", "distance (en metres)": 4637.01, "station": "DEPOT THIAIS ( S )", "marker-color": "#818181"}}, {"type": "Feature", "geometry": {"type": "Point", "coordinates": [2.331533, 48.790218]}, "properties": {"numparc": 6912, "etat de la localisation": "autre", "ID BDGEO": "580", "horodatage": "2022-11-03 19:12:17", "distance (en metres)": 3590.68, "station": "PORTE D'ORLEANS#", "marker-color": "#818181"}}, {"type": "Feature", "geometry": {"type": "Point", "coordinates": [2.326054, 48.775066]}, "properties": {"numparc": 6931, "etat de la localisation": "autre", "ID BDGEO": "602", "horodatage": "2022-11-03 19:12:43", "distance (en metres)": 4985.67, "station": "DEPOT THIAIS ( S )", "marker-color": "#818181"}}, {"type": "Feature", "geometry": {"type": "Point", "coordinates": [2.325366, 48.818512]}, "properties": {"numparc": 6926, "etat de la localisation": "autre", "ID BDGEO": "580", "horodatage": "2022-11-03 19:12:54", "distance (en metres)": 412.34, "station": "PORTE D'ORLEANS#", "marker-color": "#818181"}}, {"type": "Feature", "geometry": {"type": "Point", "coordinates": [2.324154, 48.799576]}, "properties": {"numparc": 6913, "etat de la localisation": "autre", "ID BDGEO": "580", "horodatage": "2022-11-03 19:12:59", "distance (en metres)": 2514.59, "station": "PORTE D'ORLEANS#", "marker-color": "#818181"}}, {"type": "Feature", "geometry": {"type": "Point", "coordinates": [2.385992, 48.75499]}, "properties": {"numparc": 6919, "etat de la localisation": "autre", "ID BDGEO": "575", "horodatage": "2022-11-03 19:13:06", "distance (en metres)": 4422.38, "station": "CHARCOT-ZOLA#", "marker-color": "#818181"}}, {"type": "Feature", "geometry": {"type": "Point", "coordinates": [2.326474, 48.761269]}, "properties": {"numparc": 6914, "etat de la localisation": "autre", "ID BDGEO": "602", "horodatage": "2022-11-03 19:13:08", "distance (en metres)": 4495.81, "station": "DEPOT THIAIS ( S )", "marker-color": "#818181"}}, {"type": "Feature", "geometry": {"type": "Point", "coordinates": [2.327682, 48.798164]}, "properties": {"numparc": 6913, "etat de la localisation": "autre", "ID BDGEO": "580", "horodatage": "2022-11-03 19:13:56", "distance (en metres)": 2680.67, "station": "PORTE D'ORLEANS#", "marker-color": "#818181"}}, {"type": "Feature", "geometry": {"type": "Point", "coordinates": [2.328908, 48.785675]}, "properties": {"numparc": 6912, "etat de la localisation": "autre", "ID BDGEO": "580", "horodatage": "2022-11-03 19:14:07", "distance (en metres)": 4072.15, "station": "PORTE D'ORLEANS#", "marker-color": "#818181"}}, {"type": "Feature", "geometry": {"type": "Point", "coordinates": [2.325725, 48.813519]}, "properties": {"numparc": 6926, "etat de la localisation": "autre", "ID BDGEO": "580", "horodatage": "2022-11-03 19:14:14", "distance (en metres)": 967.35, "station": "PORTE D'ORLEANS#", "marker-color": "#818181"}}, {"type": "Feature", "geometry": {"type": "Point", "coordinates": [2.322119, 48.77]}, "properties": {"numparc": 6931, "etat de la localisation": "autre", "ID BDGEO": "602", "horodatage": "2022-11-03 19:14:24", "distance (en metres)": 5037.04, "station": "DEPOT THIAIS ( S )", "marker-color": "#818181"}}, {"type": "Feature", "geometry": {"type": "Point", "coordinates": [2.325501, 48.821339]}, "properties": {"numparc": 6909, "etat de la localisation": "autre", "ID BDGEO": "580", "horodatage": "2022-11-03 19:14:40", "distance (en metres)": 114.2, "station": "PORTE D'ORLEANS#", "marker-color": "#818181"}}, {"type": "Feature", "geometry": {"type": "Point", "coordinates": [2.328002, 48.783348]}, "properties": {"numparc": 6912, "etat de la localisation": "autre", "ID BDGEO": "580", "horodatage": "2022-11-03 19:15:12", "distance (en metres)": 4325.87, "station": "PORTE D'ORLEANS#", "marker-color": "#818181"}}, {"type": "Feature", "geometry": {"type": "Point", "coordinates": [2.331049, 48.762974]}, "properties": {"numparc": 6914, "etat de la localisation": "autre", "ID BDGEO": "602", "horodatage": "2022-11-03 19:15:15", "distance (en metres)": 4198.46, "station": "DEPOT THIAIS ( S )", "marker-color": "#818181"}}, {"type": "Feature", "geometry": {"type": "Point", "coordinates": [2.319241, 48.767479]}, "properties": {"numparc": 6931, "etat de la localisation": "autre", "ID BDGEO": "602", "horodatage": "2022-11-03 19:15:18", "distance (en metres)": 5156.84, "station": "DEPOT THIAIS ( S )", "marker-color": "#818181"}}, {"type": "Feature", "geometry": {"type": "Point", "coordinates": [2.318134, 48.764076]}, "properties": {"numparc": 6931, "etat de la localisation": "autre", "ID BDGEO": "602", "horodatage": "2022-11-03 19:16:34", "distance (en metres)": 5150.84, "station": "DEPOT THIAIS ( S )", "marker-color": "#818181"}}, {"type": "Feature", "geometry": {"type": "Point", "coordinates": [2.331786, 48.79641]}, "properties": {"numparc": 6913, "etat de la localisation": "autre", "ID BDGEO": "580", "horodatage": "2022-11-03 19:16:34", "distance (en metres)": 2914.0, "station": "PORTE D'ORLEANS#", "marker-color": "#818181"}}, {"type": "Feature", "geometry": {"type": "Point", "coordinates": [2.326342, 48.808861]}, "properties": {"numparc": 6926, "etat de la localisation": "autre", "ID BDGEO": "580", "horodatage": "2022-11-03 19:16:44", "distance (en metres)": 1487.24, "station": "PORTE D'ORLEANS#", "marker-color": "#818181"}}, {"type": "Feature", "geometry": {"type": "Point", "coordinates": [2.327975, 48.778698]}, "properties": {"numparc": 6912, "etat de la localisation": "autre", "ID BDGEO": "580", "horodatage": "2022-11-03 19:17:14", "distance (en metres)": 4842.09, "station": "PORTE D'ORLEANS#", "marker-color": "#818181"}}, {"type": "Feature", "geometry": {"type": "Point", "coordinates": [2.334616, 48.794487]}, "properties": {"numparc": 6913, "etat de la localisation": "autre", "ID BDGEO": "580", "horodatage": "2022-11-03 19:17:47", "distance (en metres)": 3165.92, "station": "PORTE D'ORLEANS#", "marker-color": "#818181"}}, {"type": "Feature", "geometry": {"type": "Point", "coordinates": [2.325043, 48.804714]}, "properties": {"numparc": 6926, "etat de la localisation": "autre", "ID BDGEO": "580", "horodatage": "2022-11-03 19:18:26", "distance (en metres)": 1943.23, "station": "PORTE D'ORLEANS#", "marker-color": "#818181"}}, {"type": "Feature", "geometry": {"type": "Point", "coordinates": [2.326034, 48.775017]}, "properties": {"numparc": 6912, "etat de la localisation": "autre", "ID BDGEO": "602", "horodatage": "2022-11-03 19:18:30", "distance (en metres)": 4984.57, "station": "DEPOT THIAIS ( S )", "marker-color": "#818181"}}, {"type": "Feature", "geometry": {"type": "Point", "coordinates": [2.319206, 48.759964]}, "properties": {"numparc": 6931, "etat de la localisation": "autre", "ID BDGEO": "602", "horodatage": "2022-11-03 19:18:35", "distance (en metres)": 5006.54, "station": "DEPOT THIAIS ( S )", "marker-color": "#818181"}}, {"type": "Feature", "geometry": {"type": "Point", "coordinates": [2.331445, 48.790237]}, "properties": {"numparc": 6913, "etat de la localisation": "autre", "ID BDGEO": "580", "horodatage": "2022-11-03 19:19:55", "distance (en metres)": 3587.68, "station": "PORTE D'ORLEANS#", "marker-color": "#818181"}}, {"type": "Feature", "geometry": {"type": "Point", "coordinates": [2.323738, 48.80146]}, "properties": {"numparc": 6926, "etat de la localisation": "autre", "ID BDGEO": "580", "horodatage": "2022-11-03 19:20:08", "distance (en metres)": 2305.72, "station": "PORTE D'ORLEANS#", "marker-color": "#818181"}}, {"type": "Feature", "geometry": {"type": "Point", "coordinates": [2.321918, 48.755733]}, "properties": {"numparc": 6931, "etat de la localisation": "autre", "ID BDGEO": "602", "horodatage": "2022-11-03 19:20:10", "distance (en metres)": 4781.71, "station": "DEPOT THIAIS ( S )", "marker-color": "#818181"}}, {"type": "Feature", "geometry": {"type": "Point", "coordinates": [2.322091, 48.769939]}, "properties": {"numparc": 6912, "etat de la localisation": "autre", "ID BDGEO": "602", "horodatage": "2022-11-03 19:20:41", "distance (en metres)": 5036.79, "station": "DEPOT THIAIS ( S )", "marker-color": "#818181"}}, {"type": "Feature", "geometry": {"type": "Point", "coordinates": [2.324067, 48.758503]}, "properties": {"numparc": 6931, "etat de la localisation": "autre", "ID BDGEO": "602", "horodatage": "2022-11-03 19:21:38", "distance (en metres)": 4637.16, "station": "DEPOT THIAIS ( S )", "marker-color": "#818181"}}, {"type": "Feature", "geometry": {"type": "Point", "coordinates": [2.319145, 48.767395]}, "properties": {"numparc": 6912, "etat de la localisation": "autre", "ID BDGEO": "602", "horodatage": "2022-11-03 19:21:48", "distance (en metres)": 5161.22, "station": "DEPOT THIAIS ( S )", "marker-color": "#818181"}}, {"type": "Feature", "geometry": {"type": "Point", "coordinates": [2.328916, 48.785671]}, "properties": {"numparc": 6913, "etat de la localisation": "autre", "ID BDGEO": "580", "horodatage": "2022-11-03 19:21:59", "distance (en metres)": 4072.62, "station": "PORTE D'ORLEANS#", "marker-color": "#818181"}}, {"type": "Feature", "geometry": {"type": "Point", "coordinates": [2.32417, 48.799599]}, "properties": {"numparc": 6926, "etat de la localisation": "autre", "ID BDGEO": "580", "horodatage": "2022-11-03 19:22:23", "distance (en metres)": 2512.02, "station": "PORTE D'ORLEANS#", "marker-color": "#818181"}}, {"type": "Feature", "geometry": {"type": "Point", "coordinates": [2.324616, 48.821705]}, "properties": {"numparc": 6909, "etat de la localisation": "autre", "ID BDGEO": "580", "horodatage": "2022-11-03 19:22:45", "distance (en metres)": 53.71, "station": "PORTE D'ORLEANS#", "marker-color": "#818181"}}, {"type": "Feature", "geometry": {"type": "Point", "coordinates": [2.328011, 48.783348]}, "properties": {"numparc": 6913, "etat de la localisation": "autre", "ID BDGEO": "580", "horodatage": "2022-11-03 19:23:12", "distance (en metres)": 4325.91, "station": "PORTE D'ORLEANS#", "marker-color": "#818181"}}, {"type": "Feature", "geometry": {"type": "Point", "coordinates": [2.318104, 48.764015]}, "properties": {"numparc": 6912, "etat de la localisation": "autre", "ID BDGEO": "602", "horodatage": "2022-11-03 19:23:13", "distance (en metres)": 5151.73, "station": "DEPOT THIAIS ( S )", "marker-color": "#818181"}}, {"type": "Feature", "geometry": {"type": "Point", "coordinates": [2.326467, 48.761242]}, "properties": {"numparc": 6931, "etat de la localisation": "autre", "ID BDGEO": "602", "horodatage": "2022-11-03 19:23:37", "distance (en metres)": 4495.88, "station": "DEPOT THIAIS ( S )", "marker-color": "#818181"}}, {"type": "Feature", "geometry": {"type": "Point", "coordinates": [2.33498, 48.794674]}, "properties": {"numparc": 6907, "etat de la localisation": "autre", "ID BDGEO": "595", "horodatage": "2022-11-03 19:23:38", "distance (en metres)": 99.13, "station": "MAIRIE DE CACHAN", "marker-color": "#818181"}}, {"type": "Feature", "geometry": {"type": "Point", "coordinates": [2.327637, 48.798203]}, "properties": {"numparc": 6926, "etat de la localisation": "autre", "ID BDGEO": "580", "horodatage": "2022-11-03 19:24:21", "distance (en metres)": 2676.16, "station": "PORTE D'ORLEANS#", "marker-color": "#818181"}}, {"type": "Feature", "geometry": {"type": "Point", "coordinates": [2.32466, 48.821678]}, "properties": {"numparc": 6918, "etat de la localisation": "autre", "ID BDGEO": "580", "horodatage": "2022-11-03 19:24:23", "distance (en metres)": 56.74, "station": "PORTE D'ORLEANS#", "marker-color": "#818181"}}, {"type": "Feature", "geometry": {"type": "Point", "coordinates": [2.32798, 48.778709]}, "properties": {"numparc": 6913, "etat de la localisation": "autre", "ID BDGEO": "580", "horodatage": "2022-11-03 19:24:25", "distance (en metres)": 4840.84, "station": "PORTE D'ORLEANS#", "marker-color": "#818181"}}, {"type": "Feature", "geometry": {"type": "Point", "coordinates": [2.32466, 48.821678]}, "properties": {"numparc": 6918, "etat de la localisation": "autre", "ID BDGEO": "580", "horodatage": "2022-11-03 19:24:57", "distance (en metres)": 56.74, "station": "PORTE D'ORLEANS#", "marker-color": "#818181"}}, {"type": "Feature", "geometry": {"type": "Point", "coordinates": [2.319218, 48.759884]}, "properties": {"numparc": 6912, "etat de la localisation": "autre", "ID BDGEO": "602", "horodatage": "2022-11-03 19:25:01", "distance (en metres)": 5004.77, "station": "DEPOT THIAIS ( S )", "marker-color": "#818181"}}, {"type": "Feature", "geometry": {"type": "Point", "coordinates": [2.326049, 48.775066]}, "properties": {"numparc": 6913, "etat de la localisation": "autre", "ID BDGEO": "602", "horodatage": "2022-11-03 19:25:30", "distance (en metres)": 4986.0, "station": "DEPOT THIAIS ( S )", "marker-color": "#818181"}}, {"type": "Feature", "geometry": {"type": "Point", "coordinates": [2.324616, 48.821705]}, "properties": {"numparc": 6909, "etat de la localisation": "autre", "ID BDGEO": "580", "horodatage": "2022-11-03 19:25:38", "distance (en metres)": 53.71, "station": "PORTE D'ORLEANS#", "marker-color": "#818181"}}, {"type": "Feature", "geometry": {"type": "Point", "coordinates": [2.331007, 48.762959]}, "properties": {"numparc": 6931, "etat de la localisation": "autre", "ID BDGEO": "585", "horodatage": "2022-11-03 19:26:05", "distance (en metres)": 396.53, "station": "FRESNES CHARCOT ZOLA.", "marker-color": "#818181"}}, {"type": "Feature", "geometry": {"type": "Point", "coordinates": [2.331007, 48.762959]}, "properties": {"numparc": 6931, "etat de la localisation": "autre", "ID BDGEO": "585", "horodatage": "2022-11-03 19:26:16", "distance (en metres)": 396.53, "station": "FRESNES CHARCOT ZOLA.", "marker-color": "#818181"}}, {"type": "Feature", "geometry": {"type": "Point", "coordinates": [2.322003, 48.75565]}, "properties": {"numparc": 6912, "etat de la localisation": "autre", "ID BDGEO": "602", "horodatage": "2022-11-03 19:26:41", "distance (en metres)": 4775.41, "station": "DEPOT THIAIS ( S )", "marker-color": "#818181"}}, {"type": "Feature", "geometry": {"type": "Point", "coordinates": [2.32212, 48.77002]}, "properties": {"numparc": 6913, "etat de la localisation": "autre", "ID BDGEO": "602", "horodatage": "2022-11-03 19:26:54", "distance (en metres)": 5037.66, "station": "DEPOT THIAIS ( S )", "marker-color": "#818181"}}, {"type": "Feature", "geometry": {"type": "Point", "coordinates": [2.331724, 48.796425]}, "properties": {"numparc": 6926, "etat de la localisation": "autre", "ID BDGEO": "580", "horodatage": "2022-11-03 19:27:19", "distance (en metres)": 2911.52, "station": "PORTE D'ORLEANS#", "marker-color": "#818181"}}, {"type": "Feature", "geometry": {"type": "Point", "coordinates": [2.319184, 48.767418]}, "properties": {"numparc": 6913, "etat de la localisation": "autre", "ID BDGEO": "602", "horodatage": "2022-11-03 19:27:52", "distance (en metres)": 5159.11, "station": "DEPOT THIAIS ( S )", "marker-color": "#818181"}}, {"type": "Feature", "geometry": {"type": "Point", "coordinates": [2.324137, 48.75848]}, "properties": {"numparc": 6912, "etat de la localisation": "autre", "ID BDGEO": "602", "horodatage": "2022-11-03 19:28:14", "distance (en metres)": 4631.87, "station": "DEPOT THIAIS ( S )", "marker-color": "#818181"}}, {"type": "Feature", "geometry": {"type": "Point", "coordinates": [2.33461, 48.79454]}, "properties": {"numparc": 6926, "etat de la localisation": "autre", "ID BDGEO": "580", "horodatage": "2022-11-03 19:29:03", "distance (en metres)": 3160.05, "station": "PORTE D'ORLEANS#", "marker-color": "#818181"}}, {"type": "Feature", "geometry": {"type": "Point", "coordinates": [2.325376, 48.818657]}, "properties": {"numparc": 6909, "etat de la localisation": "autre", "ID BDGEO": "580", "horodatage": "2022-11-03 19:29:06", "distance (en metres)": 396.46, "station": "PORTE D'ORLEANS#", "marker-color": "#818181"}}, {"type": "Feature", "geometry": {"type": "Point", "coordinates": [2.32466, 48.821686]}, "properties": {"numparc": 6925, "etat de la localisation": "autre", "ID BDGEO": "580", "horodatage": "2022-11-03 19:29:29", "distance (en metres)": 55.89, "station": "PORTE D'ORLEANS#", "marker-color": "#818181"}}, {"type": "Feature", "geometry": {"type": "Point", "coordinates": [2.318129, 48.764069]}, "properties": {"numparc": 6913, "etat de la localisation": "autre", "ID BDGEO": "602", "horodatage": "2022-11-03 19:29:31", "distance (en metres)": 5151.04, "station": "DEPOT THIAIS ( S )", "marker-color": "#818181"}}, {"type": "Feature", "geometry": {"type": "Point", "coordinates": [2.331007, 48.762959]}, "properties": {"numparc": 6931, "etat de la localisation": "autre", "ID BDGEO": "585", "horodatage": "2022-11-03 19:29:46", "distance (en metres)": 396.53, "station": "FRESNES CHARCOT ZOLA.", "marker-color": "#818181"}}, {"type": "Feature", "geometry": {"type": "Point", "coordinates": [2.326549, 48.761215]}, "properties": {"numparc": 6912, "etat de la localisation": "autre", "ID BDGEO": "602", "horodatage": "2022-11-03 19:29:54", "distance (en metres)": 4489.5, "station": "DEPOT THIAIS ( S )", "marker-color": "#818181"}}, {"type": "Feature", "geometry": {"type": "Point", "coordinates": [2.318277, 48.762085]}, "properties": {"numparc": 6913, "etat de la localisation": "autre", "ID BDGEO": "602", "horodatage": "2022-11-03 19:30:12", "distance (en metres)": 5103.46, "station": "DEPOT THIAIS ( S )", "marker-color": "#818181"}}, {"type": "Feature", "geometry": {"type": "Point", "coordinates": [2.325384, 48.817863]}, "properties": {"numparc": 6909, "etat de la localisation": "autre", "ID BDGEO": "580", "horodatage": "2022-11-03 19:30:23", "distance (en metres)": 484.06, "station": "PORTE D'ORLEANS#", "marker-color": "#818181"}}, {"type": "Feature", "geometry": {"type": "Point", "coordinates": [2.331514, 48.790348]}, "properties": {"numparc": 6926, "etat de la localisation": "autre", "ID BDGEO": "580", "horodatage": "2022-11-03 19:31:28", "distance (en metres)": 3576.2, "station": "PORTE D'ORLEANS#", "marker-color": "#818181"}}, {"type": "Feature", "geometry": {"type": "Point", "coordinates": [2.319221, 48.759899]}, "properties": {"numparc": 6913, "etat de la localisation": "autre", "ID BDGEO": "602", "horodatage": "2022-11-03 19:31:34", "distance (en metres)": 5004.72, "station": "DEPOT THIAIS ( S )", "marker-color": "#818181"}}, {"type": "Feature", "geometry": {"type": "Point", "coordinates": [2.3311, 48.76297]}, "properties": {"numparc": 6912, "etat de la localisation": "autre", "ID BDGEO": "734", "horodatage": "2022-11-03 19:31:46", "distance (en metres)": 256.62, "station": "CHARCOT ZOLA", "marker-color": "#818181"}}, {"type": "Feature", "geometry": {"type": "Point", "coordinates": [2.325732, 48.81358]}, "properties": {"numparc": 6909, "etat de la localisation": "autre", "ID BDGEO": "580", "horodatage": "2022-11-03 19:31:53", "distance (en metres)": 960.63, "station": "PORTE D'ORLEANS#", "marker-color": "#818181"}}, {"type": "Feature", "geometry": {"type": "Point", "coordinates": [2.325732, 48.81358]}, "properties": {"numparc": 6909, "etat de la localisation": "autre", "ID BDGEO": "580", "horodatage": "2022-11-03 19:32:01", "distance (en metres)": 960.63, "station": "PORTE D'ORLEANS#", "marker-color": "#818181"}}, {"type": "Feature", "geometry": {"type": "Point", "coordinates": [2.325583, 48.821365]}, "properties": {"numparc": 6930, "etat de la localisation": "autre", "ID BDGEO": "580", "horodatage": "2022-11-03 19:32:12", "distance (en metres)": 115.31, "station": "PORTE D'ORLEANS#", "marker-color": "#818181"}}, {"type": "Feature", "geometry": {"type": "Point", "coordinates": [2.325752, 48.81353]}, "properties": {"numparc": 6909, "etat de la localisation": "autre", "ID BDGEO": "580", "horodatage": "2022-11-03 19:32:31", "distance (en metres)": 966.26, "station": "PORTE D'ORLEANS#", "marker-color": "#818181"}}, {"type": "Feature", "geometry": {"type": "Point", "coordinates": [2.387491, 48.753952]}, "properties": {"numparc": 6914, "etat de la localisation": "autre", "ID BDGEO": "614", "horodatage": "2022-11-03 19:32:44", "distance (en metres)": 4373.06, "station": "CHARCOT ZOLA#", "marker-color": "#818181"}}, {"type": "Feature", "geometry": {"type": "Point", "coordinates": [2.321991, 48.755638]}, "properties": {"numparc": 6913, "etat de la localisation": "autre", "ID BDGEO": "602", "horodatage": "2022-11-03 19:32:57", "distance (en metres)": 4776.28, "station": "DEPOT THIAIS ( S )", "marker-color": "#818181"}}, {"type": "Feature", "geometry": {"type": "Point", "coordinates": [2.32469, 48.821712]}, "properties": {"numparc": 6930, "etat de la localisation": "autre", "ID BDGEO": "580", "horodatage": "2022-11-03 19:33:24", "distance (en metres)": 53.08, "station": "PORTE D'ORLEANS#", "marker-color": "#818181"}}, {"type": "Feature", "geometry": {"type": "Point", "coordinates": [2.328962, 48.785824]}, "properties": {"numparc": 6926, "etat de la localisation": "autre", "ID BDGEO": "580", "horodatage": "2022-11-03 19:34:03", "distance (en metres)": 4055.97, "station": "PORTE D'ORLEANS#", "marker-color": "#818181"}}, {"type": "Feature", "geometry": {"type": "Point", "coordinates": [2.326329, 48.80883]}, "properties": {"numparc": 6918, "etat de la localisation": "autre", "ID BDGEO": "580", "horodatage": "2022-11-03 19:34:06", "distance (en metres)": 1490.54, "station": "PORTE D'ORLEANS#", "marker-color": "#818181"}}, {"type": "Feature", "geometry": {"type": "Point", "coordinates": [2.324044, 48.758465]}, "properties": {"numparc": 6913, "etat de la localisation": "autre", "ID BDGEO": "602", "horodatage": "2022-11-03 19:34:06", "distance (en metres)": 4638.53, "station": "DEPOT THIAIS ( S )", "marker-color": "#818181"}}, {"type": "Feature", "geometry": {"type": "Point", "coordinates": [2.324663, 48.821678]}, "properties": {"numparc": 6925, "etat de la localisation": "autre", "ID BDGEO": "580", "horodatage": "2022-11-03 19:34:13", "distance (en metres)": 56.75, "station": "PORTE D'ORLEANS#", "marker-color": "#818181"}}, {"type": "Feature", "geometry": {"type": "Point", "coordinates": [2.324681, 48.821663]}, "properties": {"numparc": 6925, "etat de la localisation": "autre", "ID BDGEO": "580", "horodatage": "2022-11-03 19:34:24", "distance (en metres)": 58.52, "station": "PORTE D'ORLEANS#", "marker-color": "#818181"}}, {"type": "Feature", "geometry": {"type": "Point", "coordinates": [2.326365, 48.808846]}, "properties": {"numparc": 6909, "etat de la localisation": "autre", "ID BDGEO": "580", "horodatage": "2022-11-03 19:34:40", "distance (en metres)": 1489.07, "station": "PORTE D'ORLEANS#", "marker-color": "#818181"}}, {"type": "Feature", "geometry": {"type": "Point", "coordinates": [2.328049, 48.783485]}, "properties": {"numparc": 6926, "etat de la localisation": "autre", "ID BDGEO": "580", "horodatage": "2022-11-03 19:35:07", "distance (en metres)": 4310.83, "station": "PORTE D'ORLEANS#", "marker-color": "#818181"}}, {"type": "Feature", "geometry": {"type": "Point", "coordinates": [2.326474, 48.761223]}, "properties": {"numparc": 6913, "etat de la localisation": "autre", "ID BDGEO": "602", "horodatage": "2022-11-03 19:35:07", "distance (en metres)": 4495.07, "station": "DEPOT THIAIS ( S )", "marker-color": "#818181"}}, {"type": "Feature", "geometry": {"type": "Point", "coordinates": [2.325032, 48.804726]}, "properties": {"numparc": 6918, "etat de la localisation": "autre", "ID BDGEO": "580", "horodatage": "2022-11-03 19:36:12", "distance (en metres)": 1941.94, "station": "PORTE D'ORLEANS#", "marker-color": "#818181"}}, {"type": "Feature", "geometry": {"type": "Point", "coordinates": [2.325157, 48.804916]}, "properties": {"numparc": 6909, "etat de la localisation": "autre", "ID BDGEO": "580", "horodatage": "2022-11-03 19:36:22", "distance (en metres)": 1920.9, "station": "PORTE D'ORLEANS#", "marker-color": "#818181"}}, {"type": "Feature", "geometry": {"type": "Point", "coordinates": [2.330512, 48.763226]}, "properties": {"numparc": 6912, "etat de la localisation": "autre", "ID BDGEO": "734", "horodatage": "2022-11-03 19:36:49", "distance (en metres)": 262.12, "station": "CHARCOT ZOLA", "marker-color": "#818181"}}, {"type": "Feature", "geometry": {"type": "Point", "coordinates": [2.325408, 48.818451]}, "properties": {"numparc": 6925, "etat de la localisation": "autre", "ID BDGEO": "580", "horodatage": "2022-11-03 19:36:52", "distance (en metres)": 419.48, "station": "PORTE D'ORLEANS#", "marker-color": "#818181"}}, {"type": "Feature", "geometry": {"type": "Point", "coordinates": [2.331059, 48.762962]}, "properties": {"numparc": 6913, "etat de la localisation": "autre", "ID BDGEO": "585", "horodatage": "2022-11-03 19:36:59", "distance (en metres)": 400.03, "station": "FRESNES CHARCOT ZOLA.", "marker-color": "#818181"}}, {"type": "Feature", "geometry": {"type": "Point", "coordinates": [2.328029, 48.778893]}, "properties": {"numparc": 6926, "etat de la localisation": "autre", "ID BDGEO": "580", "horodatage": "2022-11-03 19:37:01", "distance (en metres)": 4820.68, "station": "PORTE D'ORLEANS#", "marker-color": "#818181"}}, {"type": "Feature", "geometry": {"type": "Point", "coordinates": [2.325781, 48.813469]}, "properties": {"numparc": 6925, "etat de la localisation": "autre", "ID BDGEO": "580", "horodatage": "2022-11-03 19:38:04", "distance (en metres)": 973.2, "station": "PORTE D'ORLEANS#", "marker-color": "#818181"}}, {"type": "Feature", "geometry": {"type": "Point", "coordinates": [2.323695, 48.801426]}, "properties": {"numparc": 6918, "etat de la localisation": "autre", "ID BDGEO": "580", "horodatage": "2022-11-03 19:38:08", "distance (en metres)": 2309.63, "station": "PORTE D'ORLEANS#", "marker-color": "#818181"}}, {"type": "Feature", "geometry": {"type": "Point", "coordinates": [2.323784, 48.801628]}, "properties": {"numparc": 6909, "etat de la localisation": "autre", "ID BDGEO": "580", "horodatage": "2022-11-03 19:38:13", "distance (en metres)": 2286.97, "station": "PORTE D'ORLEANS#", "marker-color": "#818181"}}, {"type": "Feature", "geometry": {"type": "Point", "coordinates": [2.32608, 48.775162]}, "properties": {"numparc": 6926, "etat de la localisation": "autre", "ID BDGEO": "602", "horodatage": "2022-11-03 19:38:22", "distance (en metres)": 4988.64, "station": "DEPOT THIAIS ( S )", "marker-color": "#818181"}}, {"type": "Feature", "geometry": {"type": "Point", "coordinates": [2.326602, 48.761524]}, "properties": {"numparc": 6912, "etat de la localisation": "autre", "ID BDGEO": "734", "horodatage": "2022-11-03 19:39:07", "distance (en metres)": 197.56, "station": "CHARCOT ZOLA", "marker-color": "#818181"}}, {"type": "Feature", "geometry": {"type": "Point", "coordinates": [2.387744, 48.754608]}, "properties": {"numparc": 6914, "etat de la localisation": "autre", "ID BDGEO": "614", "horodatage": "2022-11-03 19:39:09", "distance (en metres)": 4378.67, "station": "CHARCOT ZOLA#", "marker-color": "#818181"}}, {"type": "Feature", "geometry": {"type": "Point", "coordinates": [2.323785, 48.773144]}, "properties": {"numparc": 6926, "etat de la localisation": "autre", "ID BDGEO": "602", "horodatage": "2022-11-03 19:39:20", "distance (en metres)": 5048.04, "station": "DEPOT THIAIS ( S )", "marker-color": "#818181"}}, {"type": "Feature", "geometry": {"type": "Point", "coordinates": [2.322157, 48.770111]}, "properties": {"numparc": 6926, "etat de la localisation": "autre", "ID BDGEO": "602", "horodatage": "2022-11-03 19:40:13", "distance (en metres)": 5038.4, "station": "DEPOT THIAIS ( S )", "marker-color": "#818181"}}, {"type": "Feature", "geometry": {"type": "Point", "coordinates": [2.318259, 48.765148]}, "properties": {"numparc": 6919, "etat de la localisation": "autre", "ID BDGEO": "575", "horodatage": "2022-11-03 19:40:18", "distance (en metres)": 737.5, "station": "CHARCOT-ZOLA#", "marker-color": "#818181"}}, {"type": "Feature", "geometry": {"type": "Point", "coordinates": [2.324798, 48.759274]}, "properties": {"numparc": 6912, "etat de la localisation": "autre", "ID BDGEO": "620", "horodatage": "2022-11-03 19:40:21", "distance (en metres)": 162.37, "station": "EMILE ZOLA", "marker-color": "#818181"}}, {"type": "Feature", "geometry": {"type": "Point", "coordinates": [2.324264, 48.7995]}, "properties": {"numparc": 6918, "etat de la localisation": "autre", "ID BDGEO": "580", "horodatage": "2022-11-03 19:40:23", "distance (en metres)": 2522.97, "station": "PORTE D'ORLEANS#", "marker-color": "#818181"}}, {"type": "Feature", "geometry": {"type": "Point", "coordinates": [2.324045, 48.799637]}, "properties": {"numparc": 6909, "etat de la localisation": "autre", "ID BDGEO": "580", "horodatage": "2022-11-03 19:40:28", "distance (en metres)": 2507.92, "station": "PORTE D'ORLEANS#", "marker-color": "#818181"}}, {"type": "Feature", "geometry": {"type": "Point", "coordinates": [2.325574, 48.821396]}, "properties": {"numparc": 6907, "etat de la localisation": "autre", "ID BDGEO": "580", "horodatage": "2022-11-03 19:40:40", "distance (en metres)": 112.23, "station": "PORTE D'ORLEANS#", "marker-color": "#818181"}}, {"type": "Feature", "geometry": {"type": "Point", "coordinates": [2.326344, 48.808834]}, "properties": {"numparc": 6925, "etat de la localisation": "autre", "ID BDGEO": "580", "horodatage": "2022-11-03 19:40:41", "distance (en metres)": 1490.21, "station": "PORTE D'ORLEANS#", "marker-color": "#818181"}}, {"type": "Feature", "geometry": {"type": "Point", "coordinates": [2.319253, 48.767529]}, "properties": {"numparc": 6926, "etat de la localisation": "autre", "ID BDGEO": "602", "horodatage": "2022-11-03 19:41:11", "distance (en metres)": 5157.45, "station": "DEPOT THIAIS ( S )", "marker-color": "#818181"}}, {"type": "Feature", "geometry": {"type": "Point", "coordinates": [2.327676, 48.798138]}, "properties": {"numparc": 6918, "etat de la localisation": "autre", "ID BDGEO": "580", "horodatage": "2022-11-03 19:41:43", "distance (en metres)": 2683.59, "station": "PORTE D'ORLEANS#", "marker-color": "#818181"}}, {"type": "Feature", "geometry": {"type": "Point", "coordinates": [2.327375, 48.79826]}, "properties": {"numparc": 6909, "etat de la localisation": "autre", "ID BDGEO": "580", "horodatage": "2022-11-03 19:41:46", "distance (en metres)": 2668.3, "station": "PORTE D'ORLEANS#", "marker-color": "#818181"}}, {"type": "Feature", "geometry": {"type": "Point", "coordinates": [2.325357, 48.818531]}, "properties": {"numparc": 6930, "etat de la localisation": "autre", "ID BDGEO": "580", "horodatage": "2022-11-03 19:42:14", "distance (en metres)": 410.15, "station": "PORTE D'ORLEANS#", "marker-color": "#818181"}}, {"type": "Feature", "geometry": {"type": "Point", "coordinates": [2.325065, 48.804684]}, "properties": {"numparc": 6925, "etat de la localisation": "autre", "ID BDGEO": "580", "horodatage": "2022-11-03 19:42:24", "distance (en metres)": 1946.64, "station": "PORTE D'ORLEANS#", "marker-color": "#818181"}}, {"type": "Feature", "geometry": {"type": "Point", "coordinates": [2.318124, 48.764084]}, "properties": {"numparc": 6926, "etat de la localisation": "autre", "ID BDGEO": "602", "horodatage": "2022-11-03 19:42:44", "distance (en metres)": 5151.72, "station": "DEPOT THIAIS ( S )", "marker-color": "#818181"}}, {"type": "Feature", "geometry": {"type": "Point", "coordinates": [2.387406, 48.753963]}, "properties": {"numparc": 6931, "etat de la localisation": "autre", "ID BDGEO": "614", "horodatage": "2022-11-03 19:43:13", "distance (en metres)": 4366.71, "station": "CHARCOT ZOLA#", "marker-color": "#818181"}}, {"type": "Feature", "geometry": {"type": "Point", "coordinates": [2.331621, 48.796452]}, "properties": {"numparc": 6918, "etat de la localisation": "autre", "ID BDGEO": "580", "horodatage": "2022-11-03 19:43:27", "distance (en metres)": 2907.26, "station": "PORTE D'ORLEANS#", "marker-color": "#818181"}}, {"type": "Feature", "geometry": {"type": "Point", "coordinates": [2.318277, 48.762115]}, "properties": {"numparc": 6926, "etat de la localisation": "autre", "ID BDGEO": "602", "horodatage": "2022-11-03 19:43:35", "distance (en metres)": 5103.96, "station": "DEPOT THIAIS ( S )", "marker-color": "#818181"}}, {"type": "Feature", "geometry": {"type": "Point", "coordinates": [2.325663, 48.813606]}, "properties": {"numparc": 6930, "etat de la localisation": "autre", "ID BDGEO": "580", "horodatage": "2022-11-03 19:44:11", "distance (en metres)": 957.26, "station": "PORTE D'ORLEANS#", "marker-color": "#818181"}}, {"type": "Feature", "geometry": {"type": "Point", "coordinates": [2.323707, 48.801434]}, "properties": {"numparc": 6925, "etat de la localisation": "autre", "ID BDGEO": "580", "horodatage": "2022-11-03 19:44:20", "distance (en metres)": 2308.75, "station": "PORTE D'ORLEANS#", "marker-color": "#818181"}}, {"type": "Feature", "geometry": {"type": "Point", "coordinates": [2.324699, 48.821648]}, "properties": {"numparc": 6907, "etat de la localisation": "autre", "ID BDGEO": "580", "horodatage": "2022-11-03 19:44:23", "distance (en metres)": 60.32, "station": "PORTE D'ORLEANS#", "marker-color": "#818181"}}, {"type": "Feature", "geometry": {"type": "Point", "coordinates": [2.331725, 48.796417]}, "properties": {"numparc": 6909, "etat de la localisation": "autre", "ID BDGEO": "580", "horodatage": "2022-11-03 19:44:30", "distance (en metres)": 2912.37, "station": "PORTE D'ORLEANS#", "marker-color": "#818181"}}, {"type": "Feature", "geometry": {"type": "Point", "coordinates": [2.319353, 48.759743]}, "properties": {"numparc": 6912, "etat de la localisation": "autre", "ID BDGEO": "599", "horodatage": "2022-11-03 19:44:46", "distance (en metres)": 62.28, "station": "TUILERIE", "marker-color": "#818181"}}, {"type": "Feature", "geometry": {"type": "Point", "coordinates": [2.319198, 48.759964]}, "properties": {"numparc": 6926, "etat de la localisation": "autre", "ID BDGEO": "602", "horodatage": "2022-11-03 19:45:02", "distance (en metres)": 5007.14, "station": "DEPOT THIAIS ( S )", "marker-color": "#818181"}}, {"type": "Feature", "geometry": {"type": "Point", "coordinates": [2.33463, 48.794521]}, "properties": {"numparc": 6918, "etat de la localisation": "autre", "ID BDGEO": "580", "horodatage": "2022-11-03 19:45:17", "distance (en metres)": 3162.45, "station": "PORTE D'ORLEANS#", "marker-color": "#818181"}}, {"type": "Feature", "geometry": {"type": "Point", "coordinates": [2.326308, 48.808899]}, "properties": {"numparc": 6930, "etat de la localisation": "autre", "ID BDGEO": "580", "horodatage": "2022-11-03 19:46:18", "distance (en metres)": 1482.8, "station": "PORTE D'ORLEANS#", "marker-color": "#818181"}}, {"type": "Feature", "geometry": {"type": "Point", "coordinates": [2.333933, 48.793995]}, "properties": {"numparc": 6909, "etat de la localisation": "autre", "ID BDGEO": "580", "horodatage": "2022-11-03 19:46:31", "distance (en metres)": 3208.19, "station": "PORTE D'ORLEANS#", "marker-color": "#818181"}}, {"type": "Feature", "geometry": {"type": "Point", "coordinates": [2.321908, 48.755753]}, "properties": {"numparc": 6926, "etat de la localisation": "autre", "ID BDGEO": "602", "horodatage": "2022-11-03 19:46:39", "distance (en metres)": 4782.46, "station": "DEPOT THIAIS ( S )", "marker-color": "#818181"}}, {"type": "Feature", "geometry": {"type": "Point", "coordinates": [2.324202, 48.79953]}, "properties": {"numparc": 6925, "etat de la localisation": "autre", "ID BDGEO": "580", "horodatage": "2022-11-03 19:46:45", "distance (en metres)": 2519.63, "station": "PORTE D'ORLEANS#", "marker-color": "#818181"}}, {"type": "Feature", "geometry": {"type": "Point", "coordinates": [2.331441, 48.790245]}, "properties": {"numparc": 6918, "etat de la localisation": "autre", "ID BDGEO": "580", "horodatage": "2022-11-03 19:47:19", "distance (en metres)": 3586.8, "station": "PORTE D'ORLEANS#", "marker-color": "#818181"}}, {"type": "Feature", "geometry": {"type": "Point", "coordinates": [2.324022, 48.758507]}, "properties": {"numparc": 6926, "etat de la localisation": "autre", "ID BDGEO": "602", "horodatage": "2022-11-03 19:48:07", "distance (en metres)": 4640.49, "station": "DEPOT THIAIS ( S )", "marker-color": "#818181"}}, {"type": "Feature", "geometry": {"type": "Point", "coordinates": [2.324954, 48.80481]}, "properties": {"numparc": 6930, "etat de la localisation": "autre", "ID BDGEO": "580", "horodatage": "2022-11-03 19:48:11", "distance (en metres)": 1932.53, "station": "PORTE D'ORLEANS#", "marker-color": "#818181"}}, {"type": "Feature", "geometry": {"type": "Point", "coordinates": [2.331467, 48.790279]}, "properties": {"numparc": 6909, "etat de la localisation": "autre", "ID BDGEO": "580", "horodatage": "2022-11-03 19:48:12", "distance (en metres)": 3583.28, "station": "PORTE D'ORLEANS#", "marker-color": "#818181"}}, {"type": "Feature", "geometry": {"type": "Point", "coordinates": [2.324022, 48.758507]}, "properties": {"numparc": 6926, "etat de la localisation": "autre", "ID BDGEO": "602", "horodatage": "2022-11-03 19:48:21", "distance (en metres)": 4640.49, "station": "DEPOT THIAIS ( S )", "marker-color": "#818181"}}, {"type": "Feature", "geometry": {"type": "Point", "coordinates": [2.327627, 48.798141]}, "properties": {"numparc": 6925, "etat de la localisation": "autre", "ID BDGEO": "580", "horodatage": "2022-11-03 19:48:24", "distance (en metres)": 2682.86, "station": "PORTE D'ORLEANS#", "marker-color": "#818181"}}, {"type": "Feature", "geometry": {"type": "Point", "coordinates": [2.387601, 48.754498]}, "properties": {"numparc": 6931, "etat de la localisation": "autre", "ID BDGEO": "614", "horodatage": "2022-11-03 19:48:27", "distance (en metres)": 4370.38, "station": "CHARCOT ZOLA#", "marker-color": "#818181"}}, {"type": "Feature", "geometry": {"type": "Point", "coordinates": [2.328929, 48.785686]}, "properties": {"numparc": 6918, "etat de la localisation": "autre", "ID BDGEO": "580", "horodatage": "2022-11-03 19:48:52", "distance (en metres)": 4071.0, "station": "PORTE D'ORLEANS#", "marker-color": "#818181"}}, {"type": "Feature", "geometry": {"type": "Point", "coordinates": [2.32364, 48.801537]}, "properties": {"numparc": 6930, "etat de la localisation": "autre", "ID BDGEO": "580", "horodatage": "2022-11-03 19:49:10", "distance (en metres)": 2297.45, "station": "PORTE D'ORLEANS#", "marker-color": "#818181"}}, {"type": "Feature", "geometry": {"type": "Point", "coordinates": [2.331513, 48.790192]}, "properties": {"numparc": 6919, "etat de la localisation": "autre", "ID BDGEO": "609", "horodatage": "2022-11-03 19:49:37", "distance (en metres)": 1690.05, "station": "BARBUSSE-LARROUMES#", "marker-color": "#818181"}}, {"type": "Feature", "geometry": {"type": "Point", "coordinates": [2.328001, 48.783371]}, "properties": {"numparc": 6918, "etat de la localisation": "autre", "ID BDGEO": "580", "horodatage": "2022-11-03 19:49:38", "distance (en metres)": 4323.33, "station": "PORTE D'ORLEANS#", "marker-color": "#818181"}}, {"type": "Feature", "geometry": {"type": "Point", "coordinates": [2.326462, 48.761215]}, "properties": {"numparc": 6926, "etat de la localisation": "autre", "ID BDGEO": "602", "horodatage": "2022-11-03 19:49:43", "distance (en metres)": 4495.81, "station": "DEPOT THIAIS ( S )", "marker-color": "#818181"}}, {"type": "Feature", "geometry": {"type": "Point", "coordinates": [2.331666, 48.796379]}, "properties": {"numparc": 6925, "etat de la localisation": "autre", "ID BDGEO": "580", "horodatage": "2022-11-03 19:50:01", "distance (en metres)": 2915.78, "station": "PORTE D'ORLEANS#", "marker-color": "#818181"}}, {"type": "Feature", "geometry": {"type": "Point", "coordinates": [2.328942, 48.785717]}, "properties": {"numparc": 6909, "etat de la localisation": "autre", "ID BDGEO": "580", "horodatage": "2022-11-03 19:50:01", "distance (en metres)": 4067.69, "station": "PORTE D'ORLEANS#", "marker-color": "#818181"}}, {"type": "Feature", "geometry": {"type": "Point", "coordinates": [2.324112, 48.799576]}, "properties": {"numparc": 6930, "etat de la localisation": "autre", "ID BDGEO": "580", "horodatage": "2022-11-03 19:50:51", "distance (en metres)": 2514.63, "station": "PORTE D'ORLEANS#", "marker-color": "#818181"}}, {"type": "Feature", "geometry": {"type": "Point", "coordinates": [2.328018, 48.783379]}, "properties": {"numparc": 6909, "etat de la localisation": "autre", "ID BDGEO": "580", "horodatage": "2022-11-03 19:50:54", "distance (en metres)": 4322.55, "station": "PORTE D'ORLEANS#", "marker-color": "#818181"}}, {"type": "Feature", "geometry": {"type": "Point", "coordinates": [2.324699, 48.821648]}, "properties": {"numparc": 6907, "etat de la localisation": "autre", "ID BDGEO": "580", "horodatage": "2022-11-03 19:50:55", "distance (en metres)": 60.32, "station": "PORTE D'ORLEANS#", "marker-color": "#818181"}}, {"type": "Feature", "geometry": {"type": "Point", "coordinates": [2.327968, 48.778736]}, "properties": {"numparc": 6918, "etat de la localisation": "autre", "ID BDGEO": "580", "horodatage": "2022-11-03 19:51:14", "distance (en metres)": 4837.82, "station": "PORTE D'ORLEANS#", "marker-color": "#818181"}}, {"type": "Feature", "geometry": {"type": "Point", "coordinates": [2.33463, 48.794518]}, "properties": {"numparc": 6925, "etat de la localisation": "autre", "ID BDGEO": "580", "horodatage": "2022-11-03 19:51:21", "distance (en metres)": 3162.86, "station": "PORTE D'ORLEANS#", "marker-color": "#818181"}}, {"type": "Feature", "geometry": {"type": "Point", "coordinates": [2.324699, 48.821648]}, "properties": {"numparc": 6907, "etat de la localisation": "autre", "ID BDGEO": "580", "horodatage": "2022-11-03 19:51:25", "distance (en metres)": 60.32, "station": "PORTE D'ORLEANS#", "marker-color": "#818181"}}, {"type": "Feature", "geometry": {"type": "Point", "coordinates": [2.331067, 48.763004]}, "properties": {"numparc": 6926, "etat de la localisation": "autre", "ID BDGEO": "734", "horodatage": "2022-11-03 19:51:33", "distance (en metres)": 258.54, "station": "CHARCOT ZOLA", "marker-color": "#818181"}}, {"type": "Feature", "geometry": {"type": "Point", "coordinates": [2.324699, 48.821648]}, "properties": {"numparc": 6907, "etat de la localisation": "autre", "ID BDGEO": "580", "horodatage": "2022-11-03 19:51:43", "distance (en metres)": 60.32, "station": "PORTE D'ORLEANS#", "marker-color": "#818181"}}, {"type": "Feature", "geometry": {"type": "Point", "coordinates": [2.334185, 48.793995]}, "properties": {"numparc": 6919, "etat de la localisation": "autre", "ID BDGEO": "609", "horodatage": "2022-11-03 19:51:58", "distance (en metres)": 2148.01, "station": "BARBUSSE-LARROUMES#", "marker-color": "#818181"}}, {"type": "Feature", "geometry": {"type": "Point", "coordinates": [2.327617, 48.798222]}, "properties": {"numparc": 6930, "etat de la localisation": "autre", "ID BDGEO": "580", "horodatage": "2022-11-03 19:52:00", "distance (en metres)": 2673.93, "station": "PORTE D'ORLEANS#", "marker-color": "#818181"}}, {"type": "Feature", "geometry": {"type": "Point", "coordinates": [2.326052, 48.775055]}, "properties": {"numparc": 6918, "etat de la localisation": "autre", "ID BDGEO": "602", "horodatage": "2022-11-03 19:52:26", "distance (en metres)": 4985.26, "station": "DEPOT THIAIS ( S )", "marker-color": "#818181"}}, {"type": "Feature", "geometry": {"type": "Point", "coordinates": [2.334701, 48.794445]}, "properties": {"numparc": 6919, "etat de la localisation": "autre", "ID BDGEO": "609", "horodatage": "2022-11-03 19:52:29", "distance (en metres)": 2206.43, "station": "BARBUSSE-LARROUMES#", "marker-color": "#818181"}}, {"type": "Feature", "geometry": {"type": "Point", "coordinates": [2.324699, 48.821648]}, "properties": {"numparc": 6907, "etat de la localisation": "autre", "ID BDGEO": "580", "horodatage": "2022-11-03 19:52:44", "distance (en metres)": 60.32, "station": "PORTE D'ORLEANS#", "marker-color": "#818181"}}, {"type": "Feature", "geometry": {"type": "Point", "coordinates": [2.331442, 48.790218]}, "properties": {"numparc": 6925, "etat de la localisation": "autre", "ID BDGEO": "580", "horodatage": "2022-11-03 19:53:10", "distance (en metres)": 3589.75, "station": "PORTE D'ORLEANS#", "marker-color": "#818181"}}, {"type": "Feature", "geometry": {"type": "Point", "coordinates": [2.324699, 48.821648]}, "properties": {"numparc": 6907, "etat de la localisation": "autre", "ID BDGEO": "580", "horodatage": "2022-11-03 19:53:16", "distance (en metres)": 60.32, "station": "PORTE D'ORLEANS#", "marker-color": "#818181"}}, {"type": "Feature", "geometry": {"type": "Point", "coordinates": [2.32376, 48.773033]}, "properties": {"numparc": 6918, "etat de la localisation": "autre", "ID BDGEO": "602", "horodatage": "2022-11-03 19:53:25", "distance (en metres)": 5044.92, "station": "DEPOT THIAIS ( S )", "marker-color": "#818181"}}, {"type": "Feature", "geometry": {"type": "Point", "coordinates": [2.32616, 48.775181]}, "properties": {"numparc": 6909, "etat de la localisation": "autre", "ID BDGEO": "602", "horodatage": "2022-11-03 19:53:32", "distance (en metres)": 4984.32, "station": "DEPOT THIAIS ( S )", "marker-color": "#818181"}}, {"type": "Feature", "geometry": {"type": "Point", "coordinates": [2.328911, 48.785671]}, "properties": {"numparc": 6925, "etat de la localisation": "autre", "ID BDGEO": "580", "horodatage": "2022-11-03 19:54:16", "distance (en metres)": 4072.59, "station": "PORTE D'ORLEANS#", "marker-color": "#818181"}}, {"type": "Feature", "geometry": {"type": "Point", "coordinates": [2.32211, 48.769993]}, "properties": {"numparc": 6918, "etat de la localisation": "autre", "ID BDGEO": "602", "horodatage": "2022-11-03 19:54:24", "distance (en metres)": 5037.4, "station": "DEPOT THIAIS ( S )", "marker-color": "#818181"}}, {"type": "Feature", "geometry": {"type": "Point", "coordinates": [2.323805, 48.773067]}, "properties": {"numparc": 6909, "etat de la localisation": "autre", "ID BDGEO": "602", "horodatage": "2022-11-03 19:54:26", "distance (en metres)": 5043.37, "station": "DEPOT THIAIS ( S )", "marker-color": "#818181"}}, {"type": "Feature", "geometry": {"type": "Point", "coordinates": [2.324699, 48.821648]}, "properties": {"numparc": 6907, "etat de la localisation": "autre", "ID BDGEO": "580", "horodatage": "2022-11-03 19:54:30", "distance (en metres)": 60.32, "station": "PORTE D'ORLEANS#", "marker-color": "#818181"}}, {"type": "Feature", "geometry": {"type": "Point", "coordinates": [2.327997, 48.78336]}, "properties": {"numparc": 6925, "etat de la localisation": "autre", "ID BDGEO": "580", "horodatage": "2022-11-03 19:54:57", "distance (en metres)": 4324.58, "station": "PORTE D'ORLEANS#", "marker-color": "#818181"}}, {"type": "Feature", "geometry": {"type": "Point", "coordinates": [2.328787, 48.797855]}, "properties": {"numparc": 6919, "etat de la localisation": "autre", "ID BDGEO": "609", "horodatage": "2022-11-03 19:54:58", "distance (en metres)": 2506.32, "station": "BARBUSSE-LARROUMES#", "marker-color": "#818181"}}, {"type": "Feature", "geometry": {"type": "Point", "coordinates": [2.324699, 48.821648]}, "properties": {"numparc": 6907, "etat de la localisation": "autre", "ID BDGEO": "580", "horodatage": "2022-11-03 19:55:04", "distance (en metres)": 60.32, "station": "PORTE D'ORLEANS#", "marker-color": "#818181"}}, {"type": "Feature", "geometry": {"type": "Point", "coordinates": [2.334671, 48.794548]}, "properties": {"numparc": 6930, "etat de la localisation": "autre", "ID BDGEO": "580", "horodatage": "2022-11-03 19:55:06", "distance (en metres)": 3160.26, "station": "PORTE D'ORLEANS#", "marker-color": "#818181"}}, {"type": "Feature", "geometry": {"type": "Point", "coordinates": [2.319235, 48.767467]}, "properties": {"numparc": 6918, "etat de la localisation": "autre", "ID BDGEO": "602", "horodatage": "2022-11-03 19:55:18", "distance (en metres)": 5156.94, "station": "DEPOT THIAIS ( S )", "marker-color": "#818181"}}, {"type": "Feature", "geometry": {"type": "Point", "coordinates": [2.328462, 48.797966]}, "properties": {"numparc": 6919, "etat de la localisation": "autre", "ID BDGEO": "609", "horodatage": "2022-11-03 19:55:36", "distance (en metres)": 2517.05, "station": "BARBUSSE-LARROUMES#", "marker-color": "#818181"}}, {"type": "Feature", "geometry": {"type": "Point", "coordinates": [2.322161, 48.770027]}, "properties": {"numparc": 6909, "etat de la localisation": "autre", "ID BDGEO": "602", "horodatage": "2022-11-03 19:56:00", "distance (en metres)": 5035.09, "station": "DEPOT THIAIS ( S )", "marker-color": "#818181"}}, {"type": "Feature", "geometry": {"type": "Point", "coordinates": [2.331067, 48.763004]}, "properties": {"numparc": 6926, "etat de la localisation": "autre", "ID BDGEO": "734", "horodatage": "2022-11-03 19:56:11", "distance (en metres)": 258.54, "station": "CHARCOT ZOLA", "marker-color": "#818181"}}, {"type": "Feature", "geometry": {"type": "Point", "coordinates": [2.332757, 48.792362]}, "properties": {"numparc": 6930, "etat de la localisation": "autre", "ID BDGEO": "580", "horodatage": "2022-11-03 19:56:17", "distance (en metres)": 3369.53, "station": "PORTE D'ORLEANS#", "marker-color": "#818181"}}, {"type": "Feature", "geometry": {"type": "Point", "coordinates": [2.327976, 48.778709]}, "properties": {"numparc": 6925, "etat de la localisation": "autre", "ID BDGEO": "580", "horodatage": "2022-11-03 19:56:44", "distance (en metres)": 4840.82, "station": "PORTE D'ORLEANS#", "marker-color": "#818181"}}, {"type": "Feature", "geometry": {"type": "Point", "coordinates": [2.319207, 48.767422]}, "properties": {"numparc": 6909, "etat de la localisation": "autre", "ID BDGEO": "602", "horodatage": "2022-11-03 19:57:01", "distance (en metres)": 5157.6, "station": "DEPOT THIAIS ( S )", "marker-color": "#818181"}}, {"type": "Feature", "geometry": {"type": "Point", "coordinates": [2.331482, 48.790295]}, "properties": {"numparc": 6930, "etat de la localisation": "autre", "ID BDGEO": "580", "horodatage": "2022-11-03 19:57:17", "distance (en metres)": 3581.76, "station": "PORTE D'ORLEANS#", "marker-color": "#818181"}}, {"type": "Feature", "geometry": {"type": "Point", "coordinates": [2.387469, 48.753944]}, "properties": {"numparc": 6913, "etat de la localisation": "autre", "ID BDGEO": "602", "horodatage": "2022-11-03 19:57:25", "distance (en metres)": 157.44, "station": "DEPOT THIAIS ( S )", "marker-color": "#818181"}}, {"type": "Feature", "geometry": {"type": "Point", "coordinates": [2.319228, 48.759903]}, "properties": {"numparc": 6918, "etat de la localisation": "autre", "ID BDGEO": "602", "horodatage": "2022-11-03 19:57:55", "distance (en metres)": 5004.25, "station": "DEPOT THIAIS ( S )", "marker-color": "#818181"}}, {"type": "Feature", "geometry": {"type": "Point", "coordinates": [2.330471, 48.763252]}, "properties": {"numparc": 6926, "etat de la localisation": "autre", "ID BDGEO": "734", "horodatage": "2022-11-03 19:58:05", "distance (en metres)": 263.8, "station": "CHARCOT ZOLA", "marker-color": "#818181"}}, {"type": "Feature", "geometry": {"type": "Point", "coordinates": [2.326042, 48.775047]}, "properties": {"numparc": 6925, "etat de la localisation": "autre", "ID BDGEO": "602", "horodatage": "2022-11-03 19:58:10", "distance (en metres)": 4985.54, "station": "DEPOT THIAIS ( S )", "marker-color": "#818181"}}, {"type": "Feature", "geometry": {"type": "Point", "coordinates": [2.325413, 48.818447]}, "properties": {"numparc": 6907, "etat de la localisation": "autre", "ID BDGEO": "580", "horodatage": "2022-11-03 19:58:13", "distance (en metres)": 419.95, "station": "PORTE D'ORLEANS#", "marker-color": "#818181"}}, {"type": "Feature", "geometry": {"type": "Point", "coordinates": [2.323778, 48.773052]}, "properties": {"numparc": 6925, "etat de la localisation": "autre", "ID BDGEO": "602", "horodatage": "2022-11-03 19:58:59", "distance (en metres)": 5044.54, "station": "DEPOT THIAIS ( S )", "marker-color": "#818181"}}, {"type": "Feature", "geometry": {"type": "Point", "coordinates": [2.318153, 48.764091]}, "properties": {"numparc": 6909, "etat de la localisation": "autre", "ID BDGEO": "602", "horodatage": "2022-11-03 19:59:07", "distance (en metres)": 5149.8, "station": "DEPOT THIAIS ( S )", "marker-color": "#818181"}}, {"type": "Feature", "geometry": {"type": "Point", "coordinates": [2.321936, 48.755665]}, "properties": {"numparc": 6918, "etat de la localisation": "autre", "ID BDGEO": "602", "horodatage": "2022-11-03 19:59:16", "distance (en metres)": 4780.34, "station": "DEPOT THIAIS ( S )", "marker-color": "#818181"}}, {"type": "Feature", "geometry": {"type": "Point", "coordinates": [2.328936, 48.785713]}, "properties": {"numparc": 6930, "etat de la localisation": "autre", "ID BDGEO": "580", "horodatage": "2022-11-03 19:59:23", "distance (en metres)": 4068.08, "station": "PORTE D'ORLEANS#", "marker-color": "#818181"}}, {"type": "Feature", "geometry": {"type": "Point", "coordinates": [2.322119, 48.77]}, "properties": {"numparc": 6925, "etat de la localisation": "autre", "ID BDGEO": "602", "horodatage": "2022-11-03 20:00:17", "distance (en metres)": 5037.04, "station": "DEPOT THIAIS ( S )", "marker-color": "#818181"}}, {"type": "Feature", "geometry": {"type": "Point", "coordinates": [2.325704, 48.813499]}, "properties": {"numparc": 6907, "etat de la localisation": "autre", "ID BDGEO": "580", "horodatage": "2022-11-03 20:00:26", "distance (en metres)": 969.34, "station": "PORTE D'ORLEANS#", "marker-color": "#818181"}}, {"type": "Feature", "geometry": {"type": "Point", "coordinates": [2.328014, 48.783379]}, "properties": {"numparc": 6930, "etat de la localisation": "autre", "ID BDGEO": "580", "horodatage": "2022-11-03 20:00:27", "distance (en metres)": 4322.53, "station": "PORTE D'ORLEANS#", "marker-color": "#818181"}}, {"type": "Feature", "geometry": {"type": "Point", "coordinates": [2.32406, 48.758511]}, "properties": {"numparc": 6918, "etat de la localisation": "autre", "ID BDGEO": "602", "horodatage": "2022-11-03 20:00:38", "distance (en metres)": 4637.75, "station": "DEPOT THIAIS ( S )", "marker-color": "#818181"}}, {"type": "Feature", "geometry": {"type": "Point", "coordinates": [2.319252, 48.759956]}, "properties": {"numparc": 6909, "etat de la localisation": "autre", "ID BDGEO": "602", "horodatage": "2022-11-03 20:00:39", "distance (en metres)": 5003.1, "station": "DEPOT THIAIS ( S )", "marker-color": "#818181"}}, {"type": "Feature", "geometry": {"type": "Point", "coordinates": [2.319168, 48.767357]}, "properties": {"numparc": 6925, "etat de la localisation": "autre", "ID BDGEO": "602", "horodatage": "2022-11-03 20:01:06", "distance (en metres)": 5158.48, "station": "DEPOT THIAIS ( S )", "marker-color": "#818181"}}, {"type": "Feature", "geometry": {"type": "Point", "coordinates": [2.326602, 48.761612]}, "properties": {"numparc": 6926, "etat de la localisation": "autre", "ID BDGEO": "734", "horodatage": "2022-11-03 20:01:17", "distance (en metres)": 200.46, "station": "CHARCOT ZOLA", "marker-color": "#818181"}}, {"type": "Feature", "geometry": {"type": "Point", "coordinates": [2.326083, 48.813633]}, "properties": {"numparc": 6919, "etat de la localisation": "autre", "ID BDGEO": "609", "horodatage": "2022-11-03 20:02:03", "distance (en metres)": 4254.68, "station": "BARBUSSE-LARROUMES#", "marker-color": "#818181"}}, {"type": "Feature", "geometry": {"type": "Point", "coordinates": [2.322016, 48.755726]}, "properties": {"numparc": 6909, "etat de la localisation": "autre", "ID BDGEO": "602", "horodatage": "2022-11-03 20:02:09", "distance (en metres)": 4774.52, "station": "DEPOT THIAIS ( S )", "marker-color": "#818181"}}, {"type": "Feature", "geometry": {"type": "Point", "coordinates": [2.318144, 48.764107]}, "properties": {"numparc": 6925, "etat de la localisation": "autre", "ID BDGEO": "602", "horodatage": "2022-11-03 20:02:20", "distance (en metres)": 5150.75, "station": "DEPOT THIAIS ( S )", "marker-color": "#818181"}}, {"type": "Feature", "geometry": {"type": "Point", "coordinates": [2.326051, 48.775085]}, "properties": {"numparc": 6930, "etat de la localisation": "autre", "ID BDGEO": "602", "horodatage": "2022-11-03 20:02:43", "distance (en metres)": 4986.81, "station": "DEPOT THIAIS ( S )", "marker-color": "#818181"}}, {"type": "Feature", "geometry": {"type": "Point", "coordinates": [2.326406, 48.808846]}, "properties": {"numparc": 6907, "etat de la localisation": "autre", "ID BDGEO": "580", "horodatage": "2022-11-03 20:02:51", "distance (en metres)": 1489.33, "station": "PORTE D'ORLEANS#", "marker-color": "#818181"}}, {"type": "Feature", "geometry": {"type": "Point", "coordinates": [2.326474, 48.761257]}, "properties": {"numparc": 6918, "etat de la localisation": "autre", "ID BDGEO": "602", "horodatage": "2022-11-03 20:02:56", "distance (en metres)": 4495.63, "station": "DEPOT THIAIS ( S )", "marker-color": "#818181"}}, {"type": "Feature", "geometry": {"type": "Point", "coordinates": [2.325786, 48.818123]}, "properties": {"numparc": 6919, "etat de la localisation": "autre", "ID BDGEO": "609", "horodatage": "2022-11-03 20:03:20", "distance (en metres)": 4754.09, "station": "BARBUSSE-LARROUMES#", "marker-color": "#818181"}}, {"type": "Feature", "geometry": {"type": "Point", "coordinates": [2.324041, 48.758541]}, "properties": {"numparc": 6909, "etat de la localisation": "autre", "ID BDGEO": "602", "horodatage": "2022-11-03 20:03:29", "distance (en metres)": 4639.4, "station": "DEPOT THIAIS ( S )", "marker-color": "#818181"}}, {"type": "Feature", "geometry": {"type": "Point", "coordinates": [2.319228, 48.759972]}, "properties": {"numparc": 6925, "etat de la localisation": "autre", "ID BDGEO": "602", "horodatage": "2022-11-03 20:03:52", "distance (en metres)": 5005.03, "station": "DEPOT THIAIS ( S )", "marker-color": "#818181"}}, {"type": "Feature", "geometry": {"type": "Point", "coordinates": [2.331046, 48.762997]}, "properties": {"numparc": 6918, "etat de la localisation": "autre", "ID BDGEO": "585", "horodatage": "2022-11-03 20:04:29", "distance (en metres)": 401.17, "station": "FRESNES CHARCOT ZOLA.", "marker-color": "#818181"}}, {"type": "Feature", "geometry": {"type": "Point", "coordinates": [2.325066, 48.804749]}, "properties": {"numparc": 6907, "etat de la localisation": "autre", "ID BDGEO": "580", "horodatage": "2022-11-03 20:04:34", "distance (en metres)": 1939.43, "station": "PORTE D'ORLEANS#", "marker-color": "#818181"}}, {"type": "Feature", "geometry": {"type": "Point", "coordinates": [2.32559, 48.821358]}, "properties": {"numparc": 6919, "etat de la localisation": "autre", "ID BDGEO": "580", "horodatage": "2022-11-03 20:04:35", "distance (en metres)": 116.3, "station": "PORTE D'ORLEANS#", "marker-color": "#818181"}}, {"type": "Feature", "geometry": {"type": "Point", "coordinates": [2.322116, 48.770039]}, "properties": {"numparc": 6930, "etat de la localisation": "autre", "ID BDGEO": "602", "horodatage": "2022-11-03 20:04:46", "distance (en metres)": 5038.63, "station": "DEPOT THIAIS ( S )", "marker-color": "#818181"}}, {"type": "Feature", "geometry": {"type": "Point", "coordinates": [2.326423, 48.761227]}, "properties": {"numparc": 6909, "etat de la localisation": "autre", "ID BDGEO": "602", "horodatage": "2022-11-03 20:04:48", "distance (en metres)": 4498.83, "station": "DEPOT THIAIS ( S )", "marker-color": "#818181"}}, {"type": "Feature", "geometry": {"type": "Point", "coordinates": [2.321971, 48.755714]}, "properties": {"numparc": 6925, "etat de la localisation": "autre", "ID BDGEO": "602", "horodatage": "2022-11-03 20:05:11", "distance (en metres)": 4777.81, "station": "DEPOT THIAIS ( S )", "marker-color": "#818181"}}, {"type": "Feature", "geometry": {"type": "Point", "coordinates": [2.319387, 48.759762]}, "properties": {"numparc": 6926, "etat de la localisation": "autre", "ID BDGEO": "599", "horodatage": "2022-11-03 20:05:25", "distance (en metres)": 63.47, "station": "TUILERIE", "marker-color": "#818181"}}, {"type": "Feature", "geometry": {"type": "Point", "coordinates": [2.32367, 48.801411]}, "properties": {"numparc": 6907, "etat de la localisation": "autre", "ID BDGEO": "580", "horodatage": "2022-11-03 20:05:41", "distance (en metres)": 2311.37, "station": "PORTE D'ORLEANS#", "marker-color": "#818181"}}, {"type": "Feature", "geometry": {"type": "Point", "coordinates": [2.319177, 48.767448]}, "properties": {"numparc": 6930, "etat de la localisation": "autre", "ID BDGEO": "602", "horodatage": "2022-11-03 20:05:43", "distance (en metres)": 5160.5, "station": "DEPOT THIAIS ( S )", "marker-color": "#818181"}}, {"type": "Feature", "geometry": {"type": "Point", "coordinates": [2.32367, 48.801411]}, "properties": {"numparc": 6907, "etat de la localisation": "autre", "ID BDGEO": "580", "horodatage": "2022-11-03 20:05:44", "distance (en metres)": 2311.37, "station": "PORTE D'ORLEANS#", "marker-color": "#818181"}}, {"type": "Feature", "geometry": {"type": "Point", "coordinates": [2.330971, 48.762951]}, "properties": {"numparc": 6909, "etat de la localisation": "autre", "ID BDGEO": "734", "horodatage": "2022-11-03 20:06:38", "distance (en metres)": 249.79, "station": "CHARCOT ZOLA", "marker-color": "#818181"}}, {"type": "Feature", "geometry": {"type": "Point", "coordinates": [2.324211, 48.799549]}, "properties": {"numparc": 6907, "etat de la localisation": "autre", "ID BDGEO": "580", "horodatage": "2022-11-03 20:07:17", "distance (en metres)": 2517.5, "station": "PORTE D'ORLEANS#", "marker-color": "#818181"}}, {"type": "Feature", "geometry": {"type": "Point", "coordinates": [2.327695, 48.798172]}, "properties": {"numparc": 6907, "etat de la localisation": "autre", "ID BDGEO": "580", "horodatage": "2022-11-03 20:08:20", "distance (en metres)": 2679.9, "station": "PORTE D'ORLEANS#", "marker-color": "#818181"}}, {"type": "Feature", "geometry": {"type": "Point", "coordinates": [2.331795, 48.796371]}, "properties": {"numparc": 6907, "etat de la localisation": "autre", "ID BDGEO": "580", "horodatage": "2022-11-03 20:09:47", "distance (en metres)": 2918.3, "station": "PORTE D'ORLEANS#", "marker-color": "#818181"}}, {"type": "Feature", "geometry": {"type": "Point", "coordinates": [2.334623, 48.794502]}, "properties": {"numparc": 6907, "etat de la localisation": "autre", "ID BDGEO": "580", "horodatage": "2022-11-03 20:11:14", "distance (en metres)": 3164.4, "station": "PORTE D'ORLEANS#", "marker-color": "#818181"}}, {"type": "Feature", "geometry": {"type": "Point", "coordinates": [2.323954, 48.758427]}, "properties": {"numparc": 6930, "etat de la localisation": "autre", "ID BDGEO": "602", "horodatage": "2022-11-03 20:11:31", "distance (en metres)": 4644.79, "station": "DEPOT THIAIS ( S )", "marker-color": "#818181"}}, {"type": "Feature", "geometry": {"type": "Point", "coordinates": [2.330971, 48.762951]}, "properties": {"numparc": 6909, "etat de la localisation": "autre", "ID BDGEO": "734", "horodatage": "2022-11-03 20:12:23", "distance (en metres)": 249.79, "station": "CHARCOT ZOLA", "marker-color": "#818181"}}, {"type": "Feature", "geometry": {"type": "Point", "coordinates": [2.326479, 48.761261]}, "properties": {"numparc": 6930, "etat de la localisation": "autre", "ID BDGEO": "602", "horodatage": "2022-11-03 20:12:46", "distance (en metres)": 4495.32, "station": "DEPOT THIAIS ( S )", "marker-color": "#818181"}}, {"type": "Feature", "geometry": {"type": "Point", "coordinates": [2.331486, 48.790272]}, "properties": {"numparc": 6907, "etat de la localisation": "autre", "ID BDGEO": "580", "horodatage": "2022-11-03 20:13:10", "distance (en metres)": 3584.32, "station": "PORTE D'ORLEANS#", "marker-color": "#818181"}}, {"type": "Feature", "geometry": {"type": "Point", "coordinates": [2.387429, 48.753967]}, "properties": {"numparc": 6925, "etat de la localisation": "autre", "ID BDGEO": "614", "horodatage": "2022-11-03 20:14:43", "distance (en metres)": 4368.28, "station": "CHARCOT ZOLA#", "marker-color": "#818181"}}, {"type": "Feature", "geometry": {"type": "Point", "coordinates": [2.331055, 48.763008]}, "properties": {"numparc": 6930, "etat de la localisation": "autre", "ID BDGEO": "734", "horodatage": "2022-11-03 20:14:50", "distance (en metres)": 258.44, "station": "CHARCOT ZOLA", "marker-color": "#818181"}}, {"type": "Feature", "geometry": {"type": "Point", "coordinates": [2.326654, 48.761646]}, "properties": {"numparc": 6909, "etat de la localisation": "autre", "ID BDGEO": "734", "horodatage": "2022-11-03 20:14:54", "distance (en metres)": 198.14, "station": "CHARCOT ZOLA", "marker-color": "#818181"}}, {"type": "Feature", "geometry": {"type": "Point", "coordinates": [2.32559, 48.821358]}, "properties": {"numparc": 6912, "etat de la localisation": "autre", "ID BDGEO": "580", "horodatage": "2022-11-03 20:15:14", "distance (en metres)": 116.3, "station": "PORTE D'ORLEANS#", "marker-color": "#818181"}}, {"type": "Feature", "geometry": {"type": "Point", "coordinates": [2.328918, 48.785664]}, "properties": {"numparc": 6907, "etat de la localisation": "autre", "ID BDGEO": "580", "horodatage": "2022-11-03 20:15:21", "distance (en metres)": 4073.47, "station": "PORTE D'ORLEANS#", "marker-color": "#818181"}}, {"type": "Feature", "geometry": {"type": "Point", "coordinates": [2.327993, 48.783348]}, "properties": {"numparc": 6907, "etat de la localisation": "autre", "ID BDGEO": "580", "horodatage": "2022-11-03 20:16:33", "distance (en metres)": 4325.84, "station": "PORTE D'ORLEANS#", "marker-color": "#818181"}}, {"type": "Feature", "geometry": {"type": "Point", "coordinates": [2.327976, 48.778717]}, "properties": {"numparc": 6907, "etat de la localisation": "autre", "ID BDGEO": "580", "horodatage": "2022-11-03 20:17:56", "distance (en metres)": 4839.97, "station": "PORTE D'ORLEANS#", "marker-color": "#818181"}}, {"type": "Feature", "geometry": {"type": "Point", "coordinates": [2.324675, 48.821621]}, "properties": {"numparc": 6912, "etat de la localisation": "autre", "ID BDGEO": "580", "horodatage": "2022-11-03 20:18:13", "distance (en metres)": 63.15, "station": "PORTE D'ORLEANS#", "marker-color": "#818181"}}, {"type": "Feature", "geometry": {"type": "Point", "coordinates": [2.326026, 48.775017]}, "properties": {"numparc": 6907, "etat de la localisation": "autre", "ID BDGEO": "602", "horodatage": "2022-11-03 20:19:11", "distance (en metres)": 4985.11, "station": "DEPOT THIAIS ( S )", "marker-color": "#818181"}}, {"type": "Feature", "geometry": {"type": "Point", "coordinates": [2.319415, 48.759743]}, "properties": {"numparc": 6909, "etat de la localisation": "autre", "ID BDGEO": "599", "horodatage": "2022-11-03 20:19:35", "distance (en metres)": 60.84, "station": "TUILERIE", "marker-color": "#818181"}}, {"type": "Feature", "geometry": {"type": "Point", "coordinates": [2.32377, 48.773033]}, "properties": {"numparc": 6907, "etat de la localisation": "autre", "ID BDGEO": "602", "horodatage": "2022-11-03 20:20:02", "distance (en metres)": 5044.25, "station": "DEPOT THIAIS ( S )", "marker-color": "#818181"}}, {"type": "Feature", "geometry": {"type": "Point", "coordinates": [2.322072, 48.769928]}, "properties": {"numparc": 6907, "etat de la localisation": "autre", "ID BDGEO": "602", "horodatage": "2022-11-03 20:21:37", "distance (en metres)": 5037.7, "station": "DEPOT THIAIS ( S )", "marker-color": "#818181"}}, {"type": "Feature", "geometry": {"type": "Point", "coordinates": [2.319187, 48.767376]}, "properties": {"numparc": 6907, "etat de la localisation": "autre", "ID BDGEO": "602", "horodatage": "2022-11-03 20:22:31", "distance (en metres)": 5157.69, "station": "DEPOT THIAIS ( S )", "marker-color": "#818181"}}, {"type": "Feature", "geometry": {"type": "Point", "coordinates": [2.331055, 48.763008]}, "properties": {"numparc": 6930, "etat de la localisation": "autre", "ID BDGEO": "734", "horodatage": "2022-11-03 20:23:45", "distance (en metres)": 258.44, "station": "CHARCOT ZOLA", "marker-color": "#818181"}}, {"type": "Feature", "geometry": {"type": "Point", "coordinates": [2.318287, 48.762028]}, "properties": {"numparc": 6907, "etat de la localisation": "autre", "ID BDGEO": "602", "horodatage": "2022-11-03 20:24:18", "distance (en metres)": 5101.81, "station": "DEPOT THIAIS ( S )", "marker-color": "#818181"}}, {"type": "Feature", "geometry": {"type": "Point", "coordinates": [2.31925, 48.759895]}, "properties": {"numparc": 6907, "etat de la localisation": "autre", "ID BDGEO": "602", "horodatage": "2022-11-03 20:25:21", "distance (en metres)": 5002.55, "station": "DEPOT THIAIS ( S )", "marker-color": "#818181"}}, {"type": "Feature", "geometry": {"type": "Point", "coordinates": [2.325413, 48.818432]}, "properties": {"numparc": 6912, "etat de la localisation": "autre", "ID BDGEO": "580", "horodatage": "2022-11-03 20:26:13", "distance (en metres)": 421.62, "station": "PORTE D'ORLEANS#", "marker-color": "#818181"}}, {"type": "Feature", "geometry": {"type": "Point", "coordinates": [2.325413, 48.818432]}, "properties": {"numparc": 6912, "etat de la localisation": "autre", "ID BDGEO": "580", "horodatage": "2022-11-03 20:26:15", "distance (en metres)": 421.62, "station": "PORTE D'ORLEANS#", "marker-color": "#818181"}}, {"type": "Feature", "geometry": {"type": "Point", "coordinates": [2.325413, 48.818432]}, "properties": {"numparc": 6912, "etat de la localisation": "autre", "ID BDGEO": "580", "horodatage": "2022-11-03 20:26:21", "distance (en metres)": 421.62, "station": "PORTE D'ORLEANS#", "marker-color": "#818181"}}, {"type": "Feature", "geometry": {"type": "Point", "coordinates": [2.326595, 48.761608]}, "properties": {"numparc": 6930, "etat de la localisation": "autre", "ID BDGEO": "734", "horodatage": "2022-11-03 20:26:45", "distance (en metres)": 200.81, "station": "CHARCOT ZOLA", "marker-color": "#818181"}}, {"type": "Feature", "geometry": {"type": "Point", "coordinates": [2.321959, 48.755692]}, "properties": {"numparc": 6907, "etat de la localisation": "autre", "ID BDGEO": "602", "horodatage": "2022-11-03 20:26:53", "distance (en metres)": 4778.66, "station": "DEPOT THIAIS ( S )", "marker-color": "#818181"}}, {"type": "Feature", "geometry": {"type": "Point", "coordinates": [2.325738, 48.813438]}, "properties": {"numparc": 6912, "etat de la localisation": "autre", "ID BDGEO": "580", "horodatage": "2022-11-03 20:27:51", "distance (en metres)": 976.31, "station": "PORTE D'ORLEANS#", "marker-color": "#818181"}}, {"type": "Feature", "geometry": {"type": "Point", "coordinates": [2.324056, 48.758514]}, "properties": {"numparc": 6907, "etat de la localisation": "autre", "ID BDGEO": "602", "horodatage": "2022-11-03 20:28:15", "distance (en metres)": 4638.08, "station": "DEPOT THIAIS ( S )", "marker-color": "#818181"}}, {"type": "Feature", "geometry": {"type": "Point", "coordinates": [2.326362, 48.808762]}, "properties": {"numparc": 6912, "etat de la localisation": "autre", "ID BDGEO": "580", "horodatage": "2022-11-03 20:30:01", "distance (en metres)": 1498.35, "station": "PORTE D'ORLEANS#", "marker-color": "#818181"}}, {"type": "Feature", "geometry": {"type": "Point", "coordinates": [2.326486, 48.761303]}, "properties": {"numparc": 6907, "etat de la localisation": "autre", "ID BDGEO": "602", "horodatage": "2022-11-03 20:30:38", "distance (en metres)": 4495.49, "station": "DEPOT THIAIS ( S )", "marker-color": "#818181"}}, {"type": "Feature", "geometry": {"type": "Point", "coordinates": [2.325042, 48.804672]}, "properties": {"numparc": 6912, "etat de la localisation": "autre", "ID BDGEO": "580", "horodatage": "2022-11-03 20:31:33", "distance (en metres)": 1947.89, "station": "PORTE D'ORLEANS#", "marker-color": "#818181"}}, {"type": "Feature", "geometry": {"type": "Point", "coordinates": [2.330904, 48.762829]}, "properties": {"numparc": 6907, "etat de la localisation": "autre", "ID BDGEO": "734", "horodatage": "2022-11-03 20:32:19", "distance (en metres)": 235.67, "station": "CHARCOT ZOLA", "marker-color": "#818181"}}, {"type": "Feature", "geometry": {"type": "Point", "coordinates": [2.325586, 48.821289]}, "properties": {"numparc": 6926, "etat de la localisation": "autre", "ID BDGEO": "580", "horodatage": "2022-11-03 20:32:23", "distance (en metres)": 122.28, "station": "PORTE D'ORLEANS#", "marker-color": "#818181"}}, {"type": "Feature", "geometry": {"type": "Point", "coordinates": [2.323684, 48.801399]}, "properties": {"numparc": 6912, "etat de la localisation": "autre", "ID BDGEO": "580", "horodatage": "2022-11-03 20:32:36", "distance (en metres)": 2312.62, "station": "PORTE D'ORLEANS#", "marker-color": "#818181"}}, {"type": "Feature", "geometry": {"type": "Point", "coordinates": [2.319469, 48.75967]}, "properties": {"numparc": 6930, "etat de la localisation": "autre", "ID BDGEO": "599", "horodatage": "2022-11-03 20:32:50", "distance (en metres)": 52.01, "station": "TUILERIE", "marker-color": "#818181"}}, {"type": "Feature", "geometry": {"type": "Point", "coordinates": [2.324216, 48.799541]}, "properties": {"numparc": 6912, "etat de la localisation": "autre", "ID BDGEO": "580", "horodatage": "2022-11-03 20:34:14", "distance (en metres)": 2518.34, "station": "PORTE D'ORLEANS#", "marker-color": "#818181"}}, {"type": "Feature", "geometry": {"type": "Point", "coordinates": [2.324644, 48.821644]}, "properties": {"numparc": 6926, "etat de la localisation": "autre", "ID BDGEO": "580", "horodatage": "2022-11-03 20:34:43", "distance (en metres)": 60.51, "station": "PORTE D'ORLEANS#", "marker-color": "#818181"}}, {"type": "Feature", "geometry": {"type": "Point", "coordinates": [2.327659, 48.798187]}, "properties": {"numparc": 6912, "etat de la localisation": "autre", "ID BDGEO": "580", "horodatage": "2022-11-03 20:36:05", "distance (en metres)": 2677.98, "station": "PORTE D'ORLEANS#", "marker-color": "#818181"}}, {"type": "Feature", "geometry": {"type": "Point", "coordinates": [2.330453, 48.763271]}, "properties": {"numparc": 6907, "etat de la localisation": "autre", "ID BDGEO": "734", "horodatage": "2022-11-03 20:36:31", "distance (en metres)": 265.31, "station": "CHARCOT ZOLA", "marker-color": "#818181"}}, {"type": "Feature", "geometry": {"type": "Point", "coordinates": [2.326593, 48.761627]}, "properties": {"numparc": 6907, "etat de la localisation": "autre", "ID BDGEO": "734", "horodatage": "2022-11-03 20:38:07", "distance (en metres)": 201.64, "station": "CHARCOT ZOLA", "marker-color": "#818181"}}, {"type": "Feature", "geometry": {"type": "Point", "coordinates": [2.331014, 48.762962]}, "properties": {"numparc": 6919, "etat de la localisation": "autre", "ID BDGEO": "734", "horodatage": "2022-11-03 20:38:22", "distance (en metres)": 252.52, "station": "CHARCOT ZOLA", "marker-color": "#818181"}}, {"type": "Feature", "geometry": {"type": "Point", "coordinates": [2.331795, 48.796375]}, "properties": {"numparc": 6912, "etat de la localisation": "autre", "ID BDGEO": "580", "horodatage": "2022-11-03 20:38:45", "distance (en metres)": 2917.88, "station": "PORTE D'ORLEANS#", "marker-color": "#818181"}}, {"type": "Feature", "geometry": {"type": "Point", "coordinates": [2.334646, 48.79446]}, "properties": {"numparc": 6912, "etat de la localisation": "autre", "ID BDGEO": "580", "horodatage": "2022-11-03 20:40:06", "distance (en metres)": 3169.32, "station": "PORTE D'ORLEANS#", "marker-color": "#818181"}}, {"type": "Feature", "geometry": {"type": "Point", "coordinates": [2.325388, 48.818451]}, "properties": {"numparc": 6926, "etat de la localisation": "autre", "ID BDGEO": "580", "horodatage": "2022-11-03 20:41:08", "distance (en metres)": 419.28, "station": "PORTE D'ORLEANS#", "marker-color": "#818181"}}, {"type": "Feature", "geometry": {"type": "Point", "coordinates": [2.331422, 48.790207]}, "properties": {"numparc": 6912, "etat de la localisation": "autre", "ID BDGEO": "580", "horodatage": "2022-11-03 20:42:01", "distance (en metres)": 3590.81, "station": "PORTE D'ORLEANS#", "marker-color": "#818181"}}, {"type": "Feature", "geometry": {"type": "Point", "coordinates": [2.325771, 48.813477]}, "properties": {"numparc": 6926, "etat de la localisation": "autre", "ID BDGEO": "580", "horodatage": "2022-11-03 20:42:42", "distance (en metres)": 972.29, "station": "PORTE D'ORLEANS#", "marker-color": "#818181"}}, {"type": "Feature", "geometry": {"type": "Point", "coordinates": [2.328946, 48.785641]}, "properties": {"numparc": 6912, "etat de la localisation": "autre", "ID BDGEO": "580", "horodatage": "2022-11-03 20:43:27", "distance (en metres)": 4076.17, "station": "PORTE D'ORLEANS#", "marker-color": "#818181"}}, {"type": "Feature", "geometry": {"type": "Point", "coordinates": [2.328946, 48.785641]}, "properties": {"numparc": 6912, "etat de la localisation": "autre", "ID BDGEO": "580", "horodatage": "2022-11-03 20:43:30", "distance (en metres)": 4076.17, "station": "PORTE D'ORLEANS#", "marker-color": "#818181"}}, {"type": "Feature", "geometry": {"type": "Point", "coordinates": [2.328001, 48.783314]}, "properties": {"numparc": 6912, "etat de la localisation": "autre", "ID BDGEO": "580", "horodatage": "2022-11-03 20:44:20", "distance (en metres)": 4329.68, "station": "PORTE D'ORLEANS#", "marker-color": "#818181"}}, {"type": "Feature", "geometry": {"type": "Point", "coordinates": [2.326328, 48.8088]}, "properties": {"numparc": 6926, "etat de la localisation": "autre", "ID BDGEO": "580", "horodatage": "2022-11-03 20:44:42", "distance (en metres)": 1493.92, "station": "PORTE D'ORLEANS#", "marker-color": "#818181"}}, {"type": "Feature", "geometry": {"type": "Point", "coordinates": [2.325002, 48.804665]}, "properties": {"numparc": 6926, "etat de la localisation": "autre", "ID BDGEO": "580", "horodatage": "2022-11-03 20:46:35", "distance (en metres)": 1948.69, "station": "PORTE D'ORLEANS#", "marker-color": "#818181"}}, {"type": "Feature", "geometry": {"type": "Point", "coordinates": [2.326108, 48.775005]}, "properties": {"numparc": 6912, "etat de la localisation": "autre", "ID BDGEO": "602", "horodatage": "2022-11-03 20:46:59", "distance (en metres)": 4979.15, "station": "DEPOT THIAIS ( S )", "marker-color": "#818181"}}, {"type": "Feature", "geometry": {"type": "Point", "coordinates": [2.323776, 48.773037]}, "properties": {"numparc": 6912, "etat de la localisation": "autre", "ID BDGEO": "602", "horodatage": "2022-11-03 20:47:52", "distance (en metres)": 5044.01, "station": "DEPOT THIAIS ( S )", "marker-color": "#818181"}}, {"type": "Feature", "geometry": {"type": "Point", "coordinates": [2.32365, 48.801418]}, "properties": {"numparc": 6926, "etat de la localisation": "autre", "ID BDGEO": "580", "horodatage": "2022-11-03 20:48:37", "distance (en metres)": 2310.57, "station": "PORTE D'ORLEANS#", "marker-color": "#818181"}}, {"type": "Feature", "geometry": {"type": "Point", "coordinates": [2.322148, 48.769978]}, "properties": {"numparc": 6912, "etat de la localisation": "autre", "ID BDGEO": "602", "horodatage": "2022-11-03 20:48:52", "distance (en metres)": 5034.2, "station": "DEPOT THIAIS ( S )", "marker-color": "#818181"}}, {"type": "Feature", "geometry": {"type": "Point", "coordinates": [2.32555, 48.821308]}, "properties": {"numparc": 6909, "etat de la localisation": "autre", "ID BDGEO": "580", "horodatage": "2022-11-03 20:49:34", "distance (en metres)": 119.04, "station": "PORTE D'ORLEANS#", "marker-color": "#818181"}}, {"type": "Feature", "geometry": {"type": "Point", "coordinates": [2.319197, 48.767422]}, "properties": {"numparc": 6912, "etat de la localisation": "autre", "ID BDGEO": "602", "horodatage": "2022-11-03 20:49:44", "distance (en metres)": 5158.3, "station": "DEPOT THIAIS ( S )", "marker-color": "#818181"}}, {"type": "Feature", "geometry": {"type": "Point", "coordinates": [2.324064, 48.799541]}, "properties": {"numparc": 6926, "etat de la localisation": "autre", "ID BDGEO": "580", "horodatage": "2022-11-03 20:50:20", "distance (en metres)": 2518.5, "station": "PORTE D'ORLEANS#", "marker-color": "#818181"}}, {"type": "Feature", "geometry": {"type": "Point", "coordinates": [2.32761, 48.798183]}, "properties": {"numparc": 6926, "etat de la localisation": "autre", "ID BDGEO": "580", "horodatage": "2022-11-03 20:51:31", "distance (en metres)": 2678.12, "station": "PORTE D'ORLEANS#", "marker-color": "#818181"}}, {"type": "Feature", "geometry": {"type": "Point", "coordinates": [2.331723, 48.796375]}, "properties": {"numparc": 6926, "etat de la localisation": "autre", "ID BDGEO": "580", "horodatage": "2022-11-03 20:52:58", "distance (en metres)": 2916.93, "station": "PORTE D'ORLEANS#", "marker-color": "#818181"}}, {"type": "Feature", "geometry": {"type": "Point", "coordinates": [2.319257, 48.759872]}, "properties": {"numparc": 6912, "etat de la localisation": "autre", "ID BDGEO": "602", "horodatage": "2022-11-03 20:53:13", "distance (en metres)": 5001.79, "station": "DEPOT THIAIS ( S )", "marker-color": "#818181"}}, {"type": "Feature", "geometry": {"type": "Point", "coordinates": [2.322055, 48.755623]}, "properties": {"numparc": 6912, "etat de la localisation": "autre", "ID BDGEO": "602", "horodatage": "2022-11-03 20:54:46", "distance (en metres)": 4771.57, "station": "DEPOT THIAIS ( S )", "marker-color": "#818181"}}, {"type": "Feature", "geometry": {"type": "Point", "coordinates": [2.334599, 48.794521]}, "properties": {"numparc": 6926, "etat de la localisation": "autre", "ID BDGEO": "580", "horodatage": "2022-11-03 20:54:59", "distance (en metres)": 3161.92, "station": "PORTE D'ORLEANS#", "marker-color": "#818181"}}, {"type": "Feature", "geometry": {"type": "Point", "coordinates": [2.324628, 48.821678]}, "properties": {"numparc": 6909, "etat de la localisation": "autre", "ID BDGEO": "580", "horodatage": "2022-11-03 20:55:05", "distance (en metres)": 56.68, "station": "PORTE D'ORLEANS#", "marker-color": "#818181"}}, {"type": "Feature", "geometry": {"type": "Point", "coordinates": [2.319467, 48.759689]}, "properties": {"numparc": 6919, "etat de la localisation": "autre", "ID BDGEO": "599", "horodatage": "2022-11-03 20:55:12", "distance (en metres)": 54.1, "station": "TUILERIE", "marker-color": "#818181"}}, {"type": "Feature", "geometry": {"type": "Point", "coordinates": [2.331462, 48.790291]}, "properties": {"numparc": 6926, "etat de la localisation": "autre", "ID BDGEO": "580", "horodatage": "2022-11-03 20:56:46", "distance (en metres)": 3581.97, "station": "PORTE D'ORLEANS#", "marker-color": "#818181"}}, {"type": "Feature", "geometry": {"type": "Point", "coordinates": [2.325616, 48.821362]}, "properties": {"numparc": 6930, "etat de la localisation": "autre", "ID BDGEO": "632", "horodatage": "2022-11-03 20:57:48", "distance (en metres)": 2635.46, "station": "ARCUEIL-CACHAN RER", "marker-color": "#818181"}}, {"type": "Feature", "geometry": {"type": "Point", "coordinates": [2.328912, 48.785683]}, "properties": {"numparc": 6926, "etat de la localisation": "autre", "ID BDGEO": "580", "horodatage": "2022-11-03 20:58:11", "distance (en metres)": 4071.32, "station": "PORTE D'ORLEANS#", "marker-color": "#818181"}}, {"type": "Feature", "geometry": {"type": "Point", "coordinates": [2.330934, 48.762829]}, "properties": {"numparc": 6912, "etat de la localisation": "autre", "ID BDGEO": "734", "horodatage": "2022-11-03 20:58:34", "distance (en metres)": 236.85, "station": "CHARCOT ZOLA", "marker-color": "#818181"}}, {"type": "Feature", "geometry": {"type": "Point", "coordinates": [2.32576, 48.813553]}, "properties": {"numparc": 6909, "etat de la localisation": "autre", "ID BDGEO": "580", "horodatage": "2022-11-03 20:58:56", "distance (en metres)": 963.77, "station": "PORTE D'ORLEANS#", "marker-color": "#818181"}}, {"type": "Feature", "geometry": {"type": "Point", "coordinates": [2.32796, 48.77874]}, "properties": {"numparc": 6926, "etat de la localisation": "autre", "ID BDGEO": "580", "horodatage": "2022-11-03 20:59:55", "distance (en metres)": 4837.37, "station": "PORTE D'ORLEANS#", "marker-color": "#818181"}}, {"type": "Feature", "geometry": {"type": "Point", "coordinates": [2.324681, 48.82169]}, "properties": {"numparc": 6930, "etat de la localisation": "autre", "ID BDGEO": "632", "horodatage": "2022-11-03 21:00:07", "distance (en metres)": 2678.56, "station": "ARCUEIL-CACHAN RER", "marker-color": "#818181"}}, {"type": "Feature", "geometry": {"type": "Point", "coordinates": [2.331085, 48.763012]}, "properties": {"numparc": 6912, "etat de la localisation": "autre", "ID BDGEO": "734", "horodatage": "2022-11-03 21:01:05", "distance (en metres)": 259.96, "station": "CHARCOT ZOLA", "marker-color": "#818181"}}, {"type": "Feature", "geometry": {"type": "Point", "coordinates": [2.326356, 48.808826]}, "properties": {"numparc": 6909, "etat de la localisation": "autre", "ID BDGEO": "580", "horodatage": "2022-11-03 21:01:11", "distance (en metres)": 1491.12, "station": "PORTE D'ORLEANS#", "marker-color": "#818181"}}, {"type": "Feature", "geometry": {"type": "Point", "coordinates": [2.325061, 48.804756]}, "properties": {"numparc": 6909, "etat de la localisation": "autre", "ID BDGEO": "580", "horodatage": "2022-11-03 21:02:59", "distance (en metres)": 1938.58, "station": "PORTE D'ORLEANS#", "marker-color": "#818181"}}, {"type": "Feature", "geometry": {"type": "Point", "coordinates": [2.322097, 48.769997]}, "properties": {"numparc": 6926, "etat de la localisation": "autre", "ID BDGEO": "602", "horodatage": "2022-11-03 21:03:03", "distance (en metres)": 5038.43, "station": "DEPOT THIAIS ( S )", "marker-color": "#818181"}}, {"type": "Feature", "geometry": {"type": "Point", "coordinates": [2.319244, 48.767483]}, "properties": {"numparc": 6926, "etat de la localisation": "autre", "ID BDGEO": "602", "horodatage": "2022-11-03 21:03:55", "distance (en metres)": 5156.75, "station": "DEPOT THIAIS ( S )", "marker-color": "#818181"}}, {"type": "Feature", "geometry": {"type": "Point", "coordinates": [2.32372, 48.801399]}, "properties": {"numparc": 6909, "etat de la localisation": "autre", "ID BDGEO": "580", "horodatage": "2022-11-03 21:04:53", "distance (en metres)": 2312.54, "station": "PORTE D'ORLEANS#", "marker-color": "#818181"}}, {"type": "Feature", "geometry": {"type": "Point", "coordinates": [2.388043, 48.753716]}, "properties": {"numparc": 6922, "etat de la localisation": "autre", "ID BDGEO": "614", "horodatage": "2022-11-03 21:05:11", "distance (en metres)": 4417.67, "station": "CHARCOT ZOLA#", "marker-color": "#818181"}}, {"type": "Feature", "geometry": {"type": "Point", "coordinates": [2.318265, 48.762051]}, "properties": {"numparc": 6926, "etat de la localisation": "autre", "ID BDGEO": "602", "horodatage": "2022-11-03 21:05:23", "distance (en metres)": 5103.77, "station": "DEPOT THIAIS ( S )", "marker-color": "#818181"}}, {"type": "Feature", "geometry": {"type": "Point", "coordinates": [2.319215, 48.759933]}, "properties": {"numparc": 6926, "etat de la localisation": "autre", "ID BDGEO": "602", "horodatage": "2022-11-03 21:06:27", "distance (en metres)": 5005.54, "station": "DEPOT THIAIS ( S )", "marker-color": "#818181"}}, {"type": "Feature", "geometry": {"type": "Point", "coordinates": [2.327642, 48.79821]}, "properties": {"numparc": 6909, "etat de la localisation": "autre", "ID BDGEO": "580", "horodatage": "2022-11-03 21:06:32", "distance (en metres)": 2675.35, "station": "PORTE D'ORLEANS#", "marker-color": "#818181"}}, {"type": "Feature", "geometry": {"type": "Point", "coordinates": [2.325579, 48.821404]}, "properties": {"numparc": 6907, "etat de la localisation": "autre", "ID BDGEO": "692", "horodatage": "2022-11-03 21:06:33", "distance (en metres)": 52.66, "station": "PORTE D'ORLEANS#", "marker-color": "#818181"}}, {"type": "Feature", "geometry": {"type": "Point", "coordinates": [2.325579, 48.821404]}, "properties": {"numparc": 6907, "etat de la localisation": "autre", "ID BDGEO": "692", "horodatage": "2022-11-03 21:06:44", "distance (en metres)": 52.66, "station": "PORTE D'ORLEANS#", "marker-color": "#818181"}}, {"type": "Feature", "geometry": {"type": "Point", "coordinates": [2.327778, 48.798172]}, "properties": {"numparc": 6909, "etat de la localisation": "autre", "ID BDGEO": "580", "horodatage": "2022-11-03 21:07:04", "distance (en metres)": 2680.42, "station": "PORTE D'ORLEANS#", "marker-color": "#818181"}}, {"type": "Feature", "geometry": {"type": "Point", "coordinates": [2.321947, 48.755684]}, "properties": {"numparc": 6926, "etat de la localisation": "autre", "ID BDGEO": "602", "horodatage": "2022-11-03 21:08:05", "distance (en metres)": 4779.53, "station": "DEPOT THIAIS ( S )", "marker-color": "#818181"}}, {"type": "Feature", "geometry": {"type": "Point", "coordinates": [2.331699, 48.796429]}, "properties": {"numparc": 6909, "etat de la localisation": "autre", "ID BDGEO": "580", "horodatage": "2022-11-03 21:08:07", "distance (en metres)": 2910.78, "station": "PORTE D'ORLEANS#", "marker-color": "#818181"}}, {"type": "Feature", "geometry": {"type": "Point", "coordinates": [2.324111, 48.758526]}, "properties": {"numparc": 6926, "etat de la localisation": "autre", "ID BDGEO": "602", "horodatage": "2022-11-03 21:09:30", "distance (en metres)": 4634.15, "station": "DEPOT THIAIS ( S )", "marker-color": "#818181"}}, {"type": "Feature", "geometry": {"type": "Point", "coordinates": [2.334599, 48.794533]}, "properties": {"numparc": 6909, "etat de la localisation": "autre", "ID BDGEO": "580", "horodatage": "2022-11-03 21:09:57", "distance (en metres)": 3160.68, "station": "PORTE D'ORLEANS#", "marker-color": "#818181"}}, {"type": "Feature", "geometry": {"type": "Point", "coordinates": [2.32648, 48.761208]}, "properties": {"numparc": 6926, "etat de la localisation": "autre", "ID BDGEO": "602", "horodatage": "2022-11-03 21:10:59", "distance (en metres)": 4494.4, "station": "DEPOT THIAIS ( S )", "marker-color": "#818181"}}, {"type": "Feature", "geometry": {"type": "Point", "coordinates": [2.331475, 48.790283]}, "properties": {"numparc": 6909, "etat de la localisation": "autre", "ID BDGEO": "580", "horodatage": "2022-11-03 21:12:05", "distance (en metres)": 3582.95, "station": "PORTE D'ORLEANS#", "marker-color": "#818181"}}, {"type": "Feature", "geometry": {"type": "Point", "coordinates": [2.330907, 48.762783]}, "properties": {"numparc": 6926, "etat de la localisation": "autre", "ID BDGEO": "734", "horodatage": "2022-11-03 21:12:45", "distance (en metres)": 231.5, "station": "CHARCOT ZOLA", "marker-color": "#818181"}}, {"type": "Feature", "geometry": {"type": "Point", "coordinates": [2.328937, 48.785732]}, "properties": {"numparc": 6909, "etat de la localisation": "autre", "ID BDGEO": "580", "horodatage": "2022-11-03 21:13:59", "distance (en metres)": 4065.97, "station": "PORTE D'ORLEANS#", "marker-color": "#818181"}}, {"type": "Feature", "geometry": {"type": "Point", "coordinates": [2.330972, 48.762852]}, "properties": {"numparc": 6926, "etat de la localisation": "autre", "ID BDGEO": "734", "horodatage": "2022-11-03 21:14:16", "distance (en metres)": 240.49, "station": "CHARCOT ZOLA", "marker-color": "#818181"}}, {"type": "Feature", "geometry": {"type": "Point", "coordinates": [2.325662, 48.813599]}, "properties": {"numparc": 6930, "etat de la localisation": "autre", "ID BDGEO": "632", "horodatage": "2022-11-03 21:14:36", "distance (en metres)": 1776.71, "station": "ARCUEIL-CACHAN RER", "marker-color": "#818181"}}, {"type": "Feature", "geometry": {"type": "Point", "coordinates": [2.326356, 48.808865]}, "properties": {"numparc": 6930, "etat de la localisation": "autre", "ID BDGEO": "632", "horodatage": "2022-11-03 21:16:14", "distance (en metres)": 1248.23, "station": "ARCUEIL-CACHAN RER", "marker-color": "#818181"}}, {"type": "Feature", "geometry": {"type": "Point", "coordinates": [2.32634, 48.808784]}, "properties": {"numparc": 6930, "etat de la localisation": "autre", "ID BDGEO": "632", "horodatage": "2022-11-03 21:16:29", "distance (en metres)": 1239.58, "station": "ARCUEIL-CACHAN RER", "marker-color": "#818181"}}, {"type": "Feature", "geometry": {"type": "Point", "coordinates": [2.330972, 48.762852]}, "properties": {"numparc": 6926, "etat de la localisation": "autre", "ID BDGEO": "734", "horodatage": "2022-11-03 21:17:40", "distance (en metres)": 240.49, "station": "CHARCOT ZOLA", "marker-color": "#818181"}}, {"type": "Feature", "geometry": {"type": "Point", "coordinates": [2.325044, 48.804878]}, "properties": {"numparc": 6930, "etat de la localisation": "autre", "ID BDGEO": "632", "horodatage": "2022-11-03 21:18:03", "distance (en metres)": 837.81, "station": "ARCUEIL-CACHAN RER", "marker-color": "#818181"}}, {"type": "Feature", "geometry": {"type": "Point", "coordinates": [2.3311, 48.763]}, "properties": {"numparc": 6926, "etat de la localisation": "autre", "ID BDGEO": "734", "horodatage": "2022-11-03 21:18:36", "distance (en metres)": 259.48, "station": "CHARCOT ZOLA", "marker-color": "#818181"}}, {"type": "Feature", "geometry": {"type": "Point", "coordinates": [2.322128, 48.770031]}, "properties": {"numparc": 6909, "etat de la localisation": "autre", "ID BDGEO": "602", "horodatage": "2022-11-03 21:18:57", "distance (en metres)": 5037.51, "station": "DEPOT THIAIS ( S )", "marker-color": "#818181"}}, {"type": "Feature", "geometry": {"type": "Point", "coordinates": [2.323687, 48.801563]}, "properties": {"numparc": 6930, "etat de la localisation": "autre", "ID BDGEO": "632", "horodatage": "2022-11-03 21:18:59", "distance (en metres)": 563.34, "station": "ARCUEIL-CACHAN RER", "marker-color": "#818181"}}, {"type": "Feature", "geometry": {"type": "Point", "coordinates": [2.319201, 48.767448]}, "properties": {"numparc": 6909, "etat de la localisation": "autre", "ID BDGEO": "602", "horodatage": "2022-11-03 21:19:51", "distance (en metres)": 5158.79, "station": "DEPOT THIAIS ( S )", "marker-color": "#818181"}}, {"type": "Feature", "geometry": {"type": "Point", "coordinates": [2.327599, 48.79818]}, "properties": {"numparc": 6930, "etat de la localisation": "autre", "ID BDGEO": "632", "horodatage": "2022-11-03 21:21:35", "distance (en metres)": 96.98, "station": "ARCUEIL-CACHAN RER", "marker-color": "#818181"}}, {"type": "Feature", "geometry": {"type": "Point", "coordinates": [2.318273, 48.762093]}, "properties": {"numparc": 6909, "etat de la localisation": "autre", "ID BDGEO": "602", "horodatage": "2022-11-03 21:21:41", "distance (en metres)": 5103.87, "station": "DEPOT THIAIS ( S )", "marker-color": "#818181"}}, {"type": "Feature", "geometry": {"type": "Point", "coordinates": [2.319208, 48.759956]}, "properties": {"numparc": 6909, "etat de la localisation": "autre", "ID BDGEO": "602", "horodatage": "2022-11-03 21:22:38", "distance (en metres)": 5006.32, "station": "DEPOT THIAIS ( S )", "marker-color": "#818181"}}, {"type": "Feature", "geometry": {"type": "Point", "coordinates": [2.331717, 48.796379]}, "properties": {"numparc": 6930, "etat de la localisation": "autre", "ID BDGEO": "618", "horodatage": "2022-11-03 21:23:49", "distance (en metres)": 102.19, "station": "WILSON-PROVIGNY", "marker-color": "#818181"}}, {"type": "Feature", "geometry": {"type": "Point", "coordinates": [2.3311, 48.763]}, "properties": {"numparc": 6926, "etat de la localisation": "autre", "ID BDGEO": "734", "horodatage": "2022-11-03 21:24:00", "distance (en metres)": 259.48, "station": "CHARCOT ZOLA", "marker-color": "#818181"}}, {"type": "Feature", "geometry": {"type": "Point", "coordinates": [2.321738, 48.755798]}, "properties": {"numparc": 6909, "etat de la localisation": "autre", "ID BDGEO": "602", "horodatage": "2022-11-03 21:24:02", "distance (en metres)": 4794.97, "station": "DEPOT THIAIS ( S )", "marker-color": "#818181"}}, {"type": "Feature", "geometry": {"type": "Point", "coordinates": [2.325623, 48.821232]}, "properties": {"numparc": 6919, "etat de la localisation": "autre", "ID BDGEO": "580", "horodatage": "2022-11-03 21:24:03", "distance (en metres)": 129.05, "station": "PORTE D'ORLEANS#", "marker-color": "#818181"}}, {"type": "Feature", "geometry": {"type": "Point", "coordinates": [2.319467, 48.759727]}, "properties": {"numparc": 6912, "etat de la localisation": "autre", "ID BDGEO": "599", "horodatage": "2022-11-03 21:24:32", "distance (en metres)": 58.22, "station": "TUILERIE", "marker-color": "#818181"}}, {"type": "Feature", "geometry": {"type": "Point", "coordinates": [2.334663, 48.794502]}, "properties": {"numparc": 6930, "etat de la localisation": "autre", "ID BDGEO": "595", "horodatage": "2022-11-03 21:25:01", "distance (en metres)": 69.2, "station": "MAIRIE DE CACHAN", "marker-color": "#818181"}}, {"type": "Feature", "geometry": {"type": "Point", "coordinates": [2.387468, 48.753963]}, "properties": {"numparc": 6907, "etat de la localisation": "autre", "ID BDGEO": "614", "horodatage": "2022-11-03 21:25:17", "distance (en metres)": 4371.18, "station": "CHARCOT ZOLA#", "marker-color": "#818181"}}, {"type": "Feature", "geometry": {"type": "Point", "coordinates": [2.324647, 48.821659]}, "properties": {"numparc": 6919, "etat de la localisation": "autre", "ID BDGEO": "580", "horodatage": "2022-11-03 21:26:28", "distance (en metres)": 58.82, "station": "PORTE D'ORLEANS#", "marker-color": "#818181"}}, {"type": "Feature", "geometry": {"type": "Point", "coordinates": [2.326455, 48.761253]}, "properties": {"numparc": 6909, "etat de la localisation": "autre", "ID BDGEO": "602", "horodatage": "2022-11-03 21:26:52", "distance (en metres)": 4496.93, "station": "DEPOT THIAIS ( S )", "marker-color": "#818181"}}, {"type": "Feature", "geometry": {"type": "Point", "coordinates": [2.328919, 48.785721]}, "properties": {"numparc": 6930, "etat de la localisation": "autre", "ID BDGEO": "612", "horodatage": "2022-11-03 21:28:08", "distance (en metres)": 67.36, "station": "LA PLAINE", "marker-color": "#818181"}}, {"type": "Feature", "geometry": {"type": "Point", "coordinates": [2.327979, 48.783371]}, "properties": {"numparc": 6930, "etat de la localisation": "autre", "ID BDGEO": "622", "horodatage": "2022-11-03 21:28:56", "distance (en metres)": 59.51, "station": "STRASBOURG", "marker-color": "#818181"}}, {"type": "Feature", "geometry": {"type": "Point", "coordinates": [2.33086, 48.762783]}, "properties": {"numparc": 6909, "etat de la localisation": "autre", "ID BDGEO": "585", "horodatage": "2022-11-03 21:29:06", "distance (en metres)": 377.49, "station": "FRESNES CHARCOT ZOLA.", "marker-color": "#818181"}}, {"type": "Feature", "geometry": {"type": "Point", "coordinates": [2.32796, 48.778759]}, "properties": {"numparc": 6930, "etat de la localisation": "autre", "ID BDGEO": "631", "horodatage": "2022-11-03 21:30:15", "distance (en metres)": 123.92, "station": "PETIT ROBINSON", "marker-color": "#818181"}}, {"type": "Feature", "geometry": {"type": "Point", "coordinates": [2.387749, 48.754059]}, "properties": {"numparc": 6907, "etat de la localisation": "autre", "ID BDGEO": "614", "horodatage": "2022-11-03 21:31:24", "distance (en metres)": 4389.52, "station": "CHARCOT ZOLA#", "marker-color": "#818181"}}, {"type": "Feature", "geometry": {"type": "Point", "coordinates": [2.326035, 48.775074]}, "properties": {"numparc": 6930, "etat de la localisation": "autre", "ID BDGEO": "582", "horodatage": "2022-11-03 21:31:25", "distance (en metres)": 72.15, "station": "BARBUSSE-LARROUMES", "marker-color": "#818181"}}, {"type": "Feature", "geometry": {"type": "Point", "coordinates": [2.323757, 48.773067]}, "properties": {"numparc": 6930, "etat de la localisation": "autre", "ID BDGEO": "594", "horodatage": "2022-11-03 21:32:15", "distance (en metres)": 130.25, "station": "COLLEGE RONSARD", "marker-color": "#818181"}}, {"type": "Feature", "geometry": {"type": "Point", "coordinates": [2.326333, 48.808865]}, "properties": {"numparc": 6919, "etat de la localisation": "autre", "ID BDGEO": "580", "horodatage": "2022-11-03 21:32:46", "distance (en metres)": 1486.76, "station": "PORTE D'ORLEANS#", "marker-color": "#818181"}}, {"type": "Feature", "geometry": {"type": "Point", "coordinates": [2.326333, 48.808857]}, "properties": {"numparc": 6919, "etat de la localisation": "autre", "ID BDGEO": "580", "horodatage": "2022-11-03 21:33:11", "distance (en metres)": 1487.6, "station": "PORTE D'ORLEANS#", "marker-color": "#818181"}}, {"type": "Feature", "geometry": {"type": "Point", "coordinates": [2.325028, 48.804817]}, "properties": {"numparc": 6919, "etat de la localisation": "autre", "ID BDGEO": "580", "horodatage": "2022-11-03 21:34:52", "distance (en metres)": 1931.76, "station": "PORTE D'ORLEANS#", "marker-color": "#818181"}}, {"type": "Feature", "geometry": {"type": "Point", "coordinates": [2.318122, 48.764072]}, "properties": {"numparc": 6930, "etat de la localisation": "autre", "ID BDGEO": "576", "horodatage": "2022-11-03 21:36:19", "distance (en metres)": 136.11, "station": "MAISON D'ARRET", "marker-color": "#818181"}}, {"type": "Feature", "geometry": {"type": "Point", "coordinates": [2.323723, 48.801472]}, "properties": {"numparc": 6919, "etat de la localisation": "autre", "ID BDGEO": "580", "horodatage": "2022-11-03 21:36:29", "distance (en metres)": 2304.48, "station": "PORTE D'ORLEANS#", "marker-color": "#818181"}}, {"type": "Feature", "geometry": {"type": "Point", "coordinates": [2.318269, 48.762089]}, "properties": {"numparc": 6930, "etat de la localisation": "autre", "ID BDGEO": "575", "horodatage": "2022-11-03 21:37:10", "distance (en metres)": 604.34, "station": "CHARCOT-ZOLA#", "marker-color": "#818181"}}, {"type": "Feature", "geometry": {"type": "Point", "coordinates": [2.32419, 48.799583]}, "properties": {"numparc": 6919, "etat de la localisation": "autre", "ID BDGEO": "580", "horodatage": "2022-11-03 21:37:22", "distance (en metres)": 2513.7, "station": "PORTE D'ORLEANS#", "marker-color": "#818181"}}, {"type": "Feature", "geometry": {"type": "Point", "coordinates": [2.318437, 48.761719]}, "properties": {"numparc": 6930, "etat de la localisation": "autre", "ID BDGEO": "575", "horodatage": "2022-11-03 21:38:28", "distance (en metres)": 587.24, "station": "CHARCOT-ZOLA#", "marker-color": "#818181"}}, {"type": "Feature", "geometry": {"type": "Point", "coordinates": [2.327611, 48.798172]}, "properties": {"numparc": 6919, "etat de la localisation": "autre", "ID BDGEO": "580", "horodatage": "2022-11-03 21:39:07", "distance (en metres)": 2679.39, "station": "PORTE D'ORLEANS#", "marker-color": "#818181"}}, {"type": "Feature", "geometry": {"type": "Point", "coordinates": [2.331743, 48.796379]}, "properties": {"numparc": 6919, "etat de la localisation": "autre", "ID BDGEO": "580", "horodatage": "2022-11-03 21:40:57", "distance (en metres)": 2916.78, "station": "PORTE D'ORLEANS#", "marker-color": "#818181"}}, {"type": "Feature", "geometry": {"type": "Point", "coordinates": [2.33461, 48.794498]}, "properties": {"numparc": 6919, "etat de la localisation": "autre", "ID BDGEO": "580", "horodatage": "2022-11-03 21:42:32", "distance (en metres)": 3164.58, "station": "PORTE D'ORLEANS#", "marker-color": "#818181"}}, {"type": "Feature", "geometry": {"type": "Point", "coordinates": [2.331445, 48.790283]}, "properties": {"numparc": 6919, "etat de la localisation": "autre", "ID BDGEO": "580", "horodatage": "2022-11-03 21:45:08", "distance (en metres)": 3582.64, "station": "PORTE D'ORLEANS#", "marker-color": "#818181"}}, {"type": "Feature", "geometry": {"type": "Point", "coordinates": [2.328929, 48.785721]}, "properties": {"numparc": 6919, "etat de la localisation": "autre", "ID BDGEO": "580", "horodatage": "2022-11-03 21:46:38", "distance (en metres)": 4067.2, "station": "PORTE D'ORLEANS#", "marker-color": "#818181"}}, {"type": "Feature", "geometry": {"type": "Point", "coordinates": [2.328002, 48.78339]}, "properties": {"numparc": 6919, "etat de la localisation": "autre", "ID BDGEO": "580", "horodatage": "2022-11-03 21:47:40", "distance (en metres)": 4321.21, "station": "PORTE D'ORLEANS#", "marker-color": "#818181"}}, {"type": "Feature", "geometry": {"type": "Point", "coordinates": [2.31827, 48.765114]}, "properties": {"numparc": 6930, "etat de la localisation": "autre", "ID BDGEO": "575", "horodatage": "2022-11-03 21:48:14", "distance (en metres)": 734.62, "station": "CHARCOT-ZOLA#", "marker-color": "#818181"}}, {"type": "Feature", "geometry": {"type": "Point", "coordinates": [2.327974, 48.778744]}, "properties": {"numparc": 6919, "etat de la localisation": "autre", "ID BDGEO": "580", "horodatage": "2022-11-03 21:49:09", "distance (en metres)": 4837.0, "station": "PORTE D'ORLEANS#", "marker-color": "#818181"}}, {"type": "Feature", "geometry": {"type": "Point", "coordinates": [2.322143, 48.76989]}, "properties": {"numparc": 6930, "etat de la localisation": "autre", "ID BDGEO": "609", "horodatage": "2022-11-03 21:50:13", "distance (en metres)": 684.71, "station": "BARBUSSE-LARROUMES#", "marker-color": "#818181"}}, {"type": "Feature", "geometry": {"type": "Point", "coordinates": [2.326036, 48.77507]}, "properties": {"numparc": 6919, "etat de la localisation": "autre", "ID BDGEO": "602", "horodatage": "2022-11-03 21:50:29", "distance (en metres)": 4987.06, "station": "DEPOT THIAIS ( S )", "marker-color": "#818181"}}, {"type": "Feature", "geometry": {"type": "Point", "coordinates": [2.325574, 48.821106]}, "properties": {"numparc": 6912, "etat de la localisation": "autre", "ID BDGEO": "580", "horodatage": "2022-11-03 21:51:14", "distance (en metres)": 138.97, "station": "PORTE D'ORLEANS#", "marker-color": "#818181"}}, {"type": "Feature", "geometry": {"type": "Point", "coordinates": [2.323764, 48.773075]}, "properties": {"numparc": 6919, "etat de la localisation": "autre", "ID BDGEO": "602", "horodatage": "2022-11-03 21:51:32", "distance (en metres)": 5046.47, "station": "DEPOT THIAIS ( S )", "marker-color": "#818181"}}, {"type": "Feature", "geometry": {"type": "Point", "coordinates": [2.32214, 48.770054]}, "properties": {"numparc": 6919, "etat de la localisation": "autre", "ID BDGEO": "602", "horodatage": "2022-11-03 21:52:36", "distance (en metres)": 5037.51, "station": "DEPOT THIAIS ( S )", "marker-color": "#818181"}}, {"type": "Feature", "geometry": {"type": "Point", "coordinates": [2.324715, 48.821678]}, "properties": {"numparc": 6912, "etat de la localisation": "autre", "ID BDGEO": "580", "horodatage": "2022-11-03 21:53:11", "distance (en metres)": 57.07, "station": "PORTE D'ORLEANS#", "marker-color": "#818181"}}, {"type": "Feature", "geometry": {"type": "Point", "coordinates": [2.319225, 48.767483]}, "properties": {"numparc": 6919, "etat de la localisation": "autre", "ID BDGEO": "602", "horodatage": "2022-11-03 21:53:36", "distance (en metres)": 5158.08, "station": "DEPOT THIAIS ( S )", "marker-color": "#818181"}}, {"type": "Feature", "geometry": {"type": "Point", "coordinates": [2.328245, 48.783871]}, "properties": {"numparc": 6930, "etat de la localisation": "autre", "ID BDGEO": "609", "horodatage": "2022-11-03 21:53:55", "distance (en metres)": 954.79, "station": "BARBUSSE-LARROUMES#", "marker-color": "#818181"}}, {"type": "Feature", "geometry": {"type": "Point", "coordinates": [2.329365, 48.786255]}, "properties": {"numparc": 6930, "etat de la localisation": "autre", "ID BDGEO": "609", "horodatage": "2022-11-03 21:54:38", "distance (en metres)": 1229.61, "station": "BARBUSSE-LARROUMES#", "marker-color": "#818181"}}, {"type": "Feature", "geometry": {"type": "Point", "coordinates": [2.318131, 48.764103]}, "properties": {"numparc": 6919, "etat de la localisation": "autre", "ID BDGEO": "602", "horodatage": "2022-11-03 21:54:47", "distance (en metres)": 5151.62, "station": "DEPOT THIAIS ( S )", "marker-color": "#818181"}}, {"type": "Feature", "geometry": {"type": "Point", "coordinates": [2.318281, 48.762085]}, "properties": {"numparc": 6919, "etat de la localisation": "autre", "ID BDGEO": "602", "horodatage": "2022-11-03 21:55:40", "distance (en metres)": 5103.17, "station": "DEPOT THIAIS ( S )", "marker-color": "#818181"}}, {"type": "Feature", "geometry": {"type": "Point", "coordinates": [2.331525, 48.790215]}, "properties": {"numparc": 6930, "etat de la localisation": "autre", "ID BDGEO": "609", "horodatage": "2022-11-03 21:56:08", "distance (en metres)": 1692.73, "station": "BARBUSSE-LARROUMES#", "marker-color": "#818181"}}, {"type": "Feature", "geometry": {"type": "Point", "coordinates": [2.319234, 48.759926]}, "properties": {"numparc": 6919, "etat de la localisation": "autre", "ID BDGEO": "602", "horodatage": "2022-11-03 21:57:00", "distance (en metres)": 5004.08, "station": "DEPOT THIAIS ( S )", "marker-color": "#818181"}}, {"type": "Feature", "geometry": {"type": "Point", "coordinates": [2.334202, 48.794048]}, "properties": {"numparc": 6930, "etat de la localisation": "autre", "ID BDGEO": "609", "horodatage": "2022-11-03 21:57:30", "distance (en metres)": 2154.07, "station": "BARBUSSE-LARROUMES#", "marker-color": "#818181"}}, {"type": "Feature", "geometry": {"type": "Point", "coordinates": [2.321894, 48.755714]}, "properties": {"numparc": 6919, "etat de la localisation": "autre", "ID BDGEO": "602", "horodatage": "2022-11-03 21:58:30", "distance (en metres)": 4783.46, "station": "DEPOT THIAIS ( S )", "marker-color": "#818181"}}, {"type": "Feature", "geometry": {"type": "Point", "coordinates": [2.330783, 48.797039]}, "properties": {"numparc": 6930, "etat de la localisation": "autre", "ID BDGEO": "609", "horodatage": "2022-11-03 21:59:33", "distance (en metres)": 2430.73, "station": "BARBUSSE-LARROUMES#", "marker-color": "#818181"}}, {"type": "Feature", "geometry": {"type": "Point", "coordinates": [2.324093, 48.758537]}, "properties": {"numparc": 6919, "etat de la localisation": "autre", "ID BDGEO": "602", "horodatage": "2022-11-03 22:00:00", "distance (en metres)": 4635.55, "station": "DEPOT THIAIS ( S )", "marker-color": "#818181"}}, {"type": "Feature", "geometry": {"type": "Point", "coordinates": [2.328772, 48.797852]}, "properties": {"numparc": 6930, "etat de la localisation": "autre", "ID BDGEO": "609", "horodatage": "2022-11-03 22:00:15", "distance (en metres)": 2505.82, "station": "BARBUSSE-LARROUMES#", "marker-color": "#818181"}}, {"type": "Feature", "geometry": {"type": "Point", "coordinates": [2.326458, 48.761227]}, "properties": {"numparc": 6919, "etat de la localisation": "autre", "ID BDGEO": "602", "horodatage": "2022-11-03 22:01:11", "distance (en metres)": 4496.29, "station": "DEPOT THIAIS ( S )", "marker-color": "#818181"}}, {"type": "Feature", "geometry": {"type": "Point", "coordinates": [2.325404, 48.818451]}, "properties": {"numparc": 6912, "etat de la localisation": "autre", "ID BDGEO": "580", "horodatage": "2022-11-03 22:01:40", "distance (en metres)": 419.44, "station": "PORTE D'ORLEANS#", "marker-color": "#818181"}}, {"type": "Feature", "geometry": {"type": "Point", "coordinates": [2.323979, 48.799805]}, "properties": {"numparc": 6930, "etat de la localisation": "autre", "ID BDGEO": "609", "horodatage": "2022-11-03 22:01:52", "distance (en metres)": 2722.78, "station": "BARBUSSE-LARROUMES#", "marker-color": "#818181"}}, {"type": "Feature", "geometry": {"type": "Point", "coordinates": [2.324258, 48.801662]}, "properties": {"numparc": 6930, "etat de la localisation": "autre", "ID BDGEO": "609", "horodatage": "2022-11-03 22:03:12", "distance (en metres)": 2927.77, "station": "BARBUSSE-LARROUMES#", "marker-color": "#818181"}}, {"type": "Feature", "geometry": {"type": "Point", "coordinates": [2.331022, 48.762974]}, "properties": {"numparc": 6919, "etat de la localisation": "autre", "ID BDGEO": "734", "horodatage": "2022-11-03 22:03:26", "distance (en metres)": 253.92, "station": "CHARCOT ZOLA", "marker-color": "#818181"}}, {"type": "Feature", "geometry": {"type": "Point", "coordinates": [2.325783, 48.813797]}, "properties": {"numparc": 6912, "etat de la localisation": "autre", "ID BDGEO": "580", "horodatage": "2022-11-03 22:03:32", "distance (en metres)": 936.88, "station": "PORTE D'ORLEANS#", "marker-color": "#818181"}}, {"type": "Feature", "geometry": {"type": "Point", "coordinates": [2.324643, 48.821644]}, "properties": {"numparc": 6926, "etat de la localisation": "autre", "ID BDGEO": "580", "horodatage": "2022-11-03 22:03:54", "distance (en metres)": 60.51, "station": "PORTE D'ORLEANS#", "marker-color": "#818181"}}, {"type": "Feature", "geometry": {"type": "Point", "coordinates": [2.326331, 48.808777]}, "properties": {"numparc": 6912, "etat de la localisation": "autre", "ID BDGEO": "580", "horodatage": "2022-11-03 22:05:37", "distance (en metres)": 1496.47, "station": "PORTE D'ORLEANS#", "marker-color": "#818181"}}, {"type": "Feature", "geometry": {"type": "Point", "coordinates": [2.326786, 48.810989]}, "properties": {"numparc": 6930, "etat de la localisation": "autre", "ID BDGEO": "609", "horodatage": "2022-11-03 22:05:46", "distance (en metres)": 3960.76, "station": "BARBUSSE-LARROUMES#", "marker-color": "#818181"}}, {"type": "Feature", "geometry": {"type": "Point", "coordinates": [2.324643, 48.821644]}, "properties": {"numparc": 6926, "etat de la localisation": "autre", "ID BDGEO": "580", "horodatage": "2022-11-03 22:07:02", "distance (en metres)": 60.51, "station": "PORTE D'ORLEANS#", "marker-color": "#818181"}}, {"type": "Feature", "geometry": {"type": "Point", "coordinates": [2.325005, 48.804699]}, "properties": {"numparc": 6912, "etat de la localisation": "autre", "ID BDGEO": "580", "horodatage": "2022-11-03 22:07:38", "distance (en metres)": 1944.88, "station": "PORTE D'ORLEANS#", "marker-color": "#818181"}}, {"type": "Feature", "geometry": {"type": "Point", "coordinates": [2.325774, 48.81813]}, "properties": {"numparc": 6930, "etat de la localisation": "autre", "ID BDGEO": "609", "horodatage": "2022-11-03 22:07:48", "distance (en metres)": 4754.94, "station": "BARBUSSE-LARROUMES#", "marker-color": "#818181"}}, {"type": "Feature", "geometry": {"type": "Point", "coordinates": [2.3256, 48.821369]}, "properties": {"numparc": 6930, "etat de la localisation": "autre", "ID BDGEO": "692", "horodatage": "2022-11-03 22:09:07", "distance (en metres)": 56.74, "station": "PORTE D'ORLEANS#", "marker-color": "#818181"}}, {"type": "Feature", "geometry": {"type": "Point", "coordinates": [2.324643, 48.821644]}, "properties": {"numparc": 6926, "etat de la localisation": "autre", "ID BDGEO": "580", "horodatage": "2022-11-03 22:09:32", "distance (en metres)": 60.51, "station": "PORTE D'ORLEANS#", "marker-color": "#818181"}}, {"type": "Feature", "geometry": {"type": "Point", "coordinates": [2.324189, 48.799541]}, "properties": {"numparc": 6912, "etat de la localisation": "autre", "ID BDGEO": "580", "horodatage": "2022-11-03 22:09:47", "distance (en metres)": 2518.37, "station": "PORTE D'ORLEANS#", "marker-color": "#818181"}}, {"type": "Feature", "geometry": {"type": "Point", "coordinates": [2.327657, 48.798153]}, "properties": {"numparc": 6912, "etat de la localisation": "autre", "ID BDGEO": "580", "horodatage": "2022-11-03 22:11:42", "distance (en metres)": 2681.78, "station": "PORTE D'ORLEANS#", "marker-color": "#818181"}}, {"type": "Feature", "geometry": {"type": "Point", "coordinates": [2.324643, 48.821644]}, "properties": {"numparc": 6926, "etat de la localisation": "autre", "ID BDGEO": "580", "horodatage": "2022-11-03 22:11:50", "distance (en metres)": 60.51, "station": "PORTE D'ORLEANS#", "marker-color": "#818181"}}, {"type": "Feature", "geometry": {"type": "Point", "coordinates": [2.331778, 48.796394]}, "properties": {"numparc": 6912, "etat de la localisation": "autre", "ID BDGEO": "580", "horodatage": "2022-11-03 22:14:06", "distance (en metres)": 2915.57, "station": "PORTE D'ORLEANS#", "marker-color": "#818181"}}, {"type": "Feature", "geometry": {"type": "Point", "coordinates": [2.334729, 48.794548]}, "properties": {"numparc": 6912, "etat de la localisation": "autre", "ID BDGEO": "580", "horodatage": "2022-11-03 22:16:10", "distance (en metres)": 3161.25, "station": "PORTE D'ORLEANS#", "marker-color": "#818181"}}, {"type": "Feature", "geometry": {"type": "Point", "coordinates": [2.326412, 48.808964]}, "properties": {"numparc": 6926, "etat de la localisation": "autre", "ID BDGEO": "580", "horodatage": "2022-11-03 22:16:33", "distance (en metres)": 1476.27, "station": "PORTE D'ORLEANS#", "marker-color": "#818181"}}, {"type": "Feature", "geometry": {"type": "Point", "coordinates": [2.331427, 48.790253]}, "properties": {"numparc": 6912, "etat de la localisation": "autre", "ID BDGEO": "580", "horodatage": "2022-11-03 22:17:57", "distance (en metres)": 3585.82, "station": "PORTE D'ORLEANS#", "marker-color": "#818181"}}, {"type": "Feature", "geometry": {"type": "Point", "coordinates": [2.331022, 48.762974]}, "properties": {"numparc": 6919, "etat de la localisation": "autre", "ID BDGEO": "734", "horodatage": "2022-11-03 22:19:01", "distance (en metres)": 253.92, "station": "CHARCOT ZOLA", "marker-color": "#818181"}}, {"type": "Feature", "geometry": {"type": "Point", "coordinates": [2.328928, 48.785667]}, "properties": {"numparc": 6912, "etat de la localisation": "autre", "ID BDGEO": "580", "horodatage": "2022-11-03 22:19:14", "distance (en metres)": 4073.11, "station": "PORTE D'ORLEANS#", "marker-color": "#818181"}}, {"type": "Feature", "geometry": {"type": "Point", "coordinates": [2.328003, 48.78334]}, "properties": {"numparc": 6912, "etat de la localisation": "autre", "ID BDGEO": "580", "horodatage": "2022-11-03 22:19:58", "distance (en metres)": 4326.72, "station": "PORTE D'ORLEANS#", "marker-color": "#818181"}}, {"type": "Feature", "geometry": {"type": "Point", "coordinates": [2.327686, 48.798195]}, "properties": {"numparc": 6926, "etat de la localisation": "autre", "ID BDGEO": "580", "horodatage": "2022-11-03 22:20:01", "distance (en metres)": 2677.31, "station": "PORTE D'ORLEANS#", "marker-color": "#818181"}}, {"type": "Feature", "geometry": {"type": "Point", "coordinates": [2.328005, 48.778744]}, "properties": {"numparc": 6912, "etat de la localisation": "autre", "ID BDGEO": "580", "horodatage": "2022-11-03 22:21:31", "distance (en metres)": 4837.12, "station": "PORTE D'ORLEANS#", "marker-color": "#818181"}}, {"type": "Feature", "geometry": {"type": "Point", "coordinates": [2.326079, 48.775059]}, "properties": {"numparc": 6912, "etat de la localisation": "autre", "ID BDGEO": "602", "horodatage": "2022-11-03 22:22:45", "distance (en metres)": 4983.67, "station": "DEPOT THIAIS ( S )", "marker-color": "#818181"}}, {"type": "Feature", "geometry": {"type": "Point", "coordinates": [2.331773, 48.796444]}, "properties": {"numparc": 6926, "etat de la localisation": "autre", "ID BDGEO": "580", "horodatage": "2022-11-03 22:23:03", "distance (en metres)": 2910.08, "station": "PORTE D'ORLEANS#", "marker-color": "#818181"}}, {"type": "Feature", "geometry": {"type": "Point", "coordinates": [2.32374, 48.77309]}, "properties": {"numparc": 6912, "etat de la localisation": "autre", "ID BDGEO": "602", "horodatage": "2022-11-03 22:23:38", "distance (en metres)": 5048.76, "station": "DEPOT THIAIS ( S )", "marker-color": "#818181"}}, {"type": "Feature", "geometry": {"type": "Point", "coordinates": [2.322125, 48.770023]}, "properties": {"numparc": 6912, "etat de la localisation": "autre", "ID BDGEO": "602", "horodatage": "2022-11-03 22:24:31", "distance (en metres)": 5037.45, "station": "DEPOT THIAIS ( S )", "marker-color": "#818181"}}, {"type": "Feature", "geometry": {"type": "Point", "coordinates": [2.334685, 48.794567]}, "properties": {"numparc": 6926, "etat de la localisation": "autre", "ID BDGEO": "580", "horodatage": "2022-11-03 22:24:59", "distance (en metres)": 3158.44, "station": "PORTE D'ORLEANS#", "marker-color": "#818181"}}, {"type": "Feature", "geometry": {"type": "Point", "coordinates": [2.331022, 48.762974]}, "properties": {"numparc": 6919, "etat de la localisation": "autre", "ID BDGEO": "734", "horodatage": "2022-11-03 22:25:20", "distance (en metres)": 253.92, "station": "CHARCOT ZOLA", "marker-color": "#818181"}}, {"type": "Feature", "geometry": {"type": "Point", "coordinates": [2.319202, 48.767448]}, "properties": {"numparc": 6912, "etat de la localisation": "autre", "ID BDGEO": "602", "horodatage": "2022-11-03 22:25:21", "distance (en metres)": 5158.73, "station": "DEPOT THIAIS ( S )", "marker-color": "#818181"}}, {"type": "Feature", "geometry": {"type": "Point", "coordinates": [2.330567, 48.763233]}, "properties": {"numparc": 6919, "etat de la localisation": "autre", "ID BDGEO": "734", "horodatage": "2022-11-03 22:26:03", "distance (en metres)": 264.41, "station": "CHARCOT ZOLA", "marker-color": "#818181"}}, {"type": "Feature", "geometry": {"type": "Point", "coordinates": [2.331493, 48.790321]}, "properties": {"numparc": 6926, "etat de la localisation": "autre", "ID BDGEO": "580", "horodatage": "2022-11-03 22:26:56", "distance (en metres)": 3578.93, "station": "PORTE D'ORLEANS#", "marker-color": "#818181"}}, {"type": "Feature", "geometry": {"type": "Point", "coordinates": [2.326583, 48.761642]}, "properties": {"numparc": 6919, "etat de la localisation": "autre", "ID BDGEO": "734", "horodatage": "2022-11-03 22:28:05", "distance (en metres)": 202.89, "station": "CHARCOT ZOLA", "marker-color": "#818181"}}, {"type": "Feature", "geometry": {"type": "Point", "coordinates": [2.387451, 48.753971]}, "properties": {"numparc": 6930, "etat de la localisation": "autre", "ID BDGEO": "602", "horodatage": "2022-11-03 22:28:09", "distance (en metres)": 154.3, "station": "DEPOT THIAIS ( S )", "marker-color": "#818181"}}, {"type": "Feature", "geometry": {"type": "Point", "coordinates": [2.328946, 48.785721]}, "properties": {"numparc": 6926, "etat de la localisation": "autre", "ID BDGEO": "580", "horodatage": "2022-11-03 22:28:27", "distance (en metres)": 4067.29, "station": "PORTE D'ORLEANS#", "marker-color": "#818181"}}, {"type": "Feature", "geometry": {"type": "Point", "coordinates": [2.319235, 48.759903]}, "properties": {"numparc": 6912, "etat de la localisation": "autre", "ID BDGEO": "602", "horodatage": "2022-11-03 22:28:40", "distance (en metres)": 5003.73, "station": "DEPOT THIAIS ( S )", "marker-color": "#818181"}}, {"type": "Feature", "geometry": {"type": "Point", "coordinates": [2.328, 48.783356]}, "properties": {"numparc": 6926, "etat de la localisation": "autre", "ID BDGEO": "580", "horodatage": "2022-11-03 22:29:14", "distance (en metres)": 4325.02, "station": "PORTE D'ORLEANS#", "marker-color": "#818181"}}, {"type": "Feature", "geometry": {"type": "Point", "coordinates": [2.321797, 48.755768]}, "properties": {"numparc": 6912, "etat de la localisation": "autre", "ID BDGEO": "602", "horodatage": "2022-11-03 22:30:23", "distance (en metres)": 4790.62, "station": "DEPOT THIAIS ( S )", "marker-color": "#818181"}}, {"type": "Feature", "geometry": {"type": "Point", "coordinates": [2.327975, 48.778744]}, "properties": {"numparc": 6926, "etat de la localisation": "autre", "ID BDGEO": "580", "horodatage": "2022-11-03 22:30:45", "distance (en metres)": 4837.0, "station": "PORTE D'ORLEANS#", "marker-color": "#818181"}}, {"type": "Feature", "geometry": {"type": "Point", "coordinates": [2.324063, 48.75853]}, "properties": {"numparc": 6912, "etat de la localisation": "autre", "ID BDGEO": "602", "horodatage": "2022-11-03 22:31:56", "distance (en metres)": 4637.69, "station": "DEPOT THIAIS ( S )", "marker-color": "#818181"}}, {"type": "Feature", "geometry": {"type": "Point", "coordinates": [2.322121, 48.770004]}, "properties": {"numparc": 6926, "etat de la localisation": "autre", "ID BDGEO": "602", "horodatage": "2022-11-03 22:33:07", "distance (en metres)": 5037.05, "station": "DEPOT THIAIS ( S )", "marker-color": "#818181"}}, {"type": "Feature", "geometry": {"type": "Point", "coordinates": [2.319378, 48.759754]}, "properties": {"numparc": 6919, "etat de la localisation": "autre", "ID BDGEO": "599", "horodatage": "2022-11-03 22:33:08", "distance (en metres)": 62.87, "station": "TUILERIE", "marker-color": "#818181"}}, {"type": "Feature", "geometry": {"type": "Point", "coordinates": [2.326482, 48.761234]}, "properties": {"numparc": 6912, "etat de la localisation": "autre", "ID BDGEO": "602", "horodatage": "2022-11-03 22:33:51", "distance (en metres)": 4494.67, "station": "DEPOT THIAIS ( S )", "marker-color": "#818181"}}, {"type": "Feature", "geometry": {"type": "Point", "coordinates": [2.319202, 48.767448]}, "properties": {"numparc": 6926, "etat de la localisation": "autre", "ID BDGEO": "602", "horodatage": "2022-11-03 22:33:55", "distance (en metres)": 5158.73, "station": "DEPOT THIAIS ( S )", "marker-color": "#818181"}}, {"type": "Feature", "geometry": {"type": "Point", "coordinates": [2.330988, 48.762962]}, "properties": {"numparc": 6912, "etat de la localisation": "autre", "ID BDGEO": "585", "horodatage": "2022-11-03 22:35:38", "distance (en metres)": 395.55, "station": "FRESNES CHARCOT ZOLA.", "marker-color": "#818181"}}, {"type": "Feature", "geometry": {"type": "Point", "coordinates": [2.31815, 48.764015]}, "properties": {"numparc": 6926, "etat de la localisation": "autre", "ID BDGEO": "602", "horodatage": "2022-11-03 22:35:59", "distance (en metres)": 5148.41, "station": "DEPOT THIAIS ( S )", "marker-color": "#818181"}}, {"type": "Feature", "geometry": {"type": "Point", "coordinates": [2.319221, 48.759926]}, "properties": {"numparc": 6926, "etat de la localisation": "autre", "ID BDGEO": "602", "horodatage": "2022-11-03 22:37:30", "distance (en metres)": 5005.02, "station": "DEPOT THIAIS ( S )", "marker-color": "#818181"}}, {"type": "Feature", "geometry": {"type": "Point", "coordinates": [2.323959, 48.7584]}, "properties": {"numparc": 6926, "etat de la localisation": "autre", "ID BDGEO": "602", "horodatage": "2022-11-03 22:40:15", "distance (en metres)": 4644.21, "station": "DEPOT THIAIS ( S )", "marker-color": "#818181"}}, {"type": "Feature", "geometry": {"type": "Point", "coordinates": [2.323981, 48.758419]}, "properties": {"numparc": 6926, "etat de la localisation": "autre", "ID BDGEO": "602", "horodatage": "2022-11-03 22:40:43", "distance (en metres)": 4642.76, "station": "DEPOT THIAIS ( S )", "marker-color": "#818181"}}, {"type": "Feature", "geometry": {"type": "Point", "coordinates": [2.326449, 48.761211]}, "properties": {"numparc": 6926, "etat de la localisation": "autre", "ID BDGEO": "602", "horodatage": "2022-11-03 22:41:37", "distance (en metres)": 4496.7, "station": "DEPOT THIAIS ( S )", "marker-color": "#818181"}}, {"type": "Feature", "geometry": {"type": "Point", "coordinates": [2.331059, 48.763016]}, "properties": {"numparc": 6926, "etat de la localisation": "autre", "ID BDGEO": "734", "horodatage": "2022-11-03 22:43:13", "distance (en metres)": 259.31, "station": "CHARCOT ZOLA", "marker-color": "#818181"}}, {"type": "Feature", "geometry": {"type": "Point", "coordinates": [2.387885, 48.754093]}, "properties": {"numparc": 6912, "etat de la localisation": "autre", "ID BDGEO": "614", "horodatage": "2022-11-03 22:49:12", "distance (en metres)": 4398.66, "station": "CHARCOT ZOLA#", "marker-color": "#818181"}}, {"type": "Feature", "geometry": {"type": "Point", "coordinates": [2.331059, 48.763016]}, "properties": {"numparc": 6926, "etat de la localisation": "autre", "ID BDGEO": "734", "horodatage": "2022-11-03 22:49:14", "distance (en metres)": 259.31, "station": "CHARCOT ZOLA", "marker-color": "#818181"}}, {"type": "Feature", "geometry": {"type": "Point", "coordinates": [2.319393, 48.759727]}, "properties": {"numparc": 6926, "etat de la localisation": "autre", "ID BDGEO": "599", "horodatage": "2022-11-03 22:55:09", "distance (en metres)": 59.71, "station": "TUILERIE", "marker-color": "#818181"}}, {"type": "Feature", "geometry": {"type": "Point", "coordinates": [2.325593, 48.82135]}, "properties": {"numparc": 6919, "etat de la localisation": "autre", "ID BDGEO": "580", "horodatage": "2022-11-03 23:00:12", "distance (en metres)": 117.11, "station": "PORTE D'ORLEANS#", "marker-color": "#818181"}}, {"type": "Feature", "geometry": {"type": "Point", "coordinates": [2.324671, 48.821648]}, "properties": {"numparc": 6919, "etat de la localisation": "autre", "ID BDGEO": "580", "horodatage": "2022-11-03 23:03:15", "distance (en metres)": 60.17, "station": "PORTE D'ORLEANS#", "marker-color": "#818181"}}, {"type": "Feature", "geometry": {"type": "Point", "coordinates": [2.325389, 48.818371]}, "properties": {"numparc": 6919, "etat de la localisation": "autre", "ID BDGEO": "580", "horodatage": "2022-11-03 23:12:52", "distance (en metres)": 428.12, "station": "PORTE D'ORLEANS#", "marker-color": "#818181"}}, {"type": "Feature", "geometry": {"type": "Point", "coordinates": [2.32571, 48.81356]}, "properties": {"numparc": 6919, "etat de la localisation": "autre", "ID BDGEO": "580", "horodatage": "2022-11-03 23:14:51", "distance (en metres)": 962.61, "station": "PORTE D'ORLEANS#", "marker-color": "#818181"}}, {"type": "Feature", "geometry": {"type": "Point", "coordinates": [2.326321, 48.808788]}, "properties": {"numparc": 6919, "etat de la localisation": "autre", "ID BDGEO": "580", "horodatage": "2022-11-03 23:16:45", "distance (en metres)": 1495.14, "station": "PORTE D'ORLEANS#", "marker-color": "#818181"}}, {"type": "Feature", "geometry": {"type": "Point", "coordinates": [2.325586, 48.820995]}, "properties": {"numparc": 6926, "etat de la localisation": "autre", "ID BDGEO": "580", "horodatage": "2022-11-03 23:20:05", "distance (en metres)": 150.16, "station": "PORTE D'ORLEANS#", "marker-color": "#818181"}}, {"type": "Feature", "geometry": {"type": "Point", "coordinates": [2.3241, 48.799603]}, "properties": {"numparc": 6919, "etat de la localisation": "autre", "ID BDGEO": "580", "horodatage": "2022-11-03 23:20:25", "distance (en metres)": 2511.67, "station": "PORTE D'ORLEANS#", "marker-color": "#818181"}}, {"type": "Feature", "geometry": {"type": "Point", "coordinates": [2.327651, 48.798183]}, "properties": {"numparc": 6919, "etat de la localisation": "autre", "ID BDGEO": "580", "horodatage": "2022-11-03 23:21:47", "distance (en metres)": 2678.36, "station": "PORTE D'ORLEANS#", "marker-color": "#818181"}}, {"type": "Feature", "geometry": {"type": "Point", "coordinates": [2.32464, 48.821655]}, "properties": {"numparc": 6926, "etat de la localisation": "autre", "ID BDGEO": "580", "horodatage": "2022-11-03 23:22:07", "distance (en metres)": 59.23, "station": "PORTE D'ORLEANS#", "marker-color": "#818181"}}, {"type": "Feature", "geometry": {"type": "Point", "coordinates": [2.331787, 48.79641]}, "properties": {"numparc": 6919, "etat de la localisation": "autre", "ID BDGEO": "580", "horodatage": "2022-11-03 23:23:30", "distance (en metres)": 2914.02, "station": "PORTE D'ORLEANS#", "marker-color": "#818181"}}, {"type": "Feature", "geometry": {"type": "Point", "coordinates": [2.334665, 48.794537]}, "properties": {"numparc": 6919, "etat de la localisation": "autre", "ID BDGEO": "580", "horodatage": "2022-11-03 23:25:02", "distance (en metres)": 3161.4, "station": "PORTE D'ORLEANS#", "marker-color": "#818181"}}, {"type": "Feature", "geometry": {"type": "Point", "coordinates": [2.331433, 48.79026]}, "properties": {"numparc": 6919, "etat de la localisation": "autre", "ID BDGEO": "580", "horodatage": "2022-11-03 23:27:05", "distance (en metres)": 3585.04, "station": "PORTE D'ORLEANS#", "marker-color": "#818181"}}, {"type": "Feature", "geometry": {"type": "Point", "coordinates": [2.328919, 48.785706]}, "properties": {"numparc": 6919, "etat de la localisation": "autre", "ID BDGEO": "580", "horodatage": "2022-11-03 23:29:06", "distance (en metres)": 4068.83, "station": "PORTE D'ORLEANS#", "marker-color": "#818181"}}, {"type": "Feature", "geometry": {"type": "Point", "coordinates": [2.325804, 48.813477]}, "properties": {"numparc": 6926, "etat de la localisation": "autre", "ID BDGEO": "580", "horodatage": "2022-11-03 23:32:29", "distance (en metres)": 972.5, "station": "PORTE D'ORLEANS#", "marker-color": "#818181"}}, {"type": "Feature", "geometry": {"type": "Point", "coordinates": [2.326322, 48.8088]}, "properties": {"numparc": 6926, "etat de la localisation": "autre", "ID BDGEO": "580", "horodatage": "2022-11-03 23:34:02", "distance (en metres)": 1493.88, "station": "PORTE D'ORLEANS#", "marker-color": "#818181"}}, {"type": "Feature", "geometry": {"type": "Point", "coordinates": [2.322149, 48.770039]}, "properties": {"numparc": 6919, "etat de la localisation": "autre", "ID BDGEO": "602", "horodatage": "2022-11-03 23:34:11", "distance (en metres)": 5036.33, "station": "DEPOT THIAIS ( S )", "marker-color": "#818181"}}, {"type": "Feature", "geometry": {"type": "Point", "coordinates": [2.325018, 48.80471]}, "properties": {"numparc": 6926, "etat de la localisation": "autre", "ID BDGEO": "580", "horodatage": "2022-11-03 23:35:02", "distance (en metres)": 1943.62, "station": "PORTE D'ORLEANS#", "marker-color": "#818181"}}, {"type": "Feature", "geometry": {"type": "Point", "coordinates": [2.319243, 48.767467]}, "properties": {"numparc": 6919, "etat de la localisation": "autre", "ID BDGEO": "602", "horodatage": "2022-11-03 23:35:09", "distance (en metres)": 5156.38, "station": "DEPOT THIAIS ( S )", "marker-color": "#818181"}}, {"type": "Feature", "geometry": {"type": "Point", "coordinates": [2.324195, 48.799553]}, "properties": {"numparc": 6926, "etat de la localisation": "autre", "ID BDGEO": "580", "horodatage": "2022-11-03 23:37:13", "distance (en metres)": 2517.09, "station": "PORTE D'ORLEANS#", "marker-color": "#818181"}}, {"type": "Feature", "geometry": {"type": "Point", "coordinates": [2.327659, 48.798172]}, "properties": {"numparc": 6926, "etat de la localisation": "autre", "ID BDGEO": "580", "horodatage": "2022-11-03 23:38:14", "distance (en metres)": 2679.68, "station": "PORTE D'ORLEANS#", "marker-color": "#818181"}}, {"type": "Feature", "geometry": {"type": "Point", "coordinates": [2.32191, 48.755695]}, "properties": {"numparc": 6919, "etat de la localisation": "autre", "ID BDGEO": "602", "horodatage": "2022-11-03 23:40:17", "distance (en metres)": 4782.27, "station": "DEPOT THIAIS ( S )", "marker-color": "#818181"}}, {"type": "Feature", "geometry": {"type": "Point", "coordinates": [2.334657, 48.794521]}, "properties": {"numparc": 6926, "etat de la localisation": "autre", "ID BDGEO": "580", "horodatage": "2022-11-03 23:42:24", "distance (en metres)": 3162.91, "station": "PORTE D'ORLEANS#", "marker-color": "#818181"}}, {"type": "Feature", "geometry": {"type": "Point", "coordinates": [2.33143, 48.790241]}, "properties": {"numparc": 6926, "etat de la localisation": "autre", "ID BDGEO": "580", "horodatage": "2022-11-03 23:44:09", "distance (en metres)": 3587.1, "station": "PORTE D'ORLEANS#", "marker-color": "#818181"}}, {"type": "Feature", "geometry": {"type": "Point", "coordinates": [2.328888, 48.78566]}, "properties": {"numparc": 6926, "etat de la localisation": "autre", "ID BDGEO": "580", "horodatage": "2022-11-03 23:45:23", "distance (en metres)": 4073.73, "station": "PORTE D'ORLEANS#", "marker-color": "#818181"}}, {"type": "Feature", "geometry": {"type": "Point", "coordinates": [2.31922, 48.767464]}, "properties": {"numparc": 6926, "etat de la localisation": "autre", "ID BDGEO": "602", "horodatage": "2022-11-03 23:50:31", "distance (en metres)": 5157.89, "station": "DEPOT THIAIS ( S )", "marker-color": "#818181"}}, {"type": "Feature", "geometry": {"type": "Point", "coordinates": [2.31921, 48.759914]}, "properties": {"numparc": 6926, "etat de la localisation": "autre", "ID BDGEO": "602", "horodatage": "2022-11-03 23:52:54", "distance (en metres)": 5005.69, "station": "DEPOT THIAIS ( S )", "marker-color": "#818181"}}, {"type": "Feature", "geometry": {"type": "Point", "coordinates": [2.330532, 48.763226]}, "properties": {"numparc": 6919, "etat de la localisation": "autre", "ID BDGEO": "734", "horodatage": "2022-11-03 23:53:16", "distance (en metres)": 262.66, "station": "CHARCOT ZOLA", "marker-color": "#818181"}}, {"type": "Feature", "geometry": {"type": "Point", "coordinates": [2.32192, 48.755699]}, "properties": {"numparc": 6926, "etat de la localisation": "autre", "ID BDGEO": "602", "horodatage": "2022-11-03 23:54:13", "distance (en metres)": 4781.54, "station": "DEPOT THIAIS ( S )", "marker-color": "#818181"}}, {"type": "Feature", "geometry": {"type": "Point", "coordinates": [2.324049, 48.758514]}, "properties": {"numparc": 6926, "etat de la localisation": "autre", "ID BDGEO": "602", "horodatage": "2022-11-03 23:55:38", "distance (en metres)": 4638.58, "station": "DEPOT THIAIS ( S )", "marker-color": "#818181"}}, {"type": "Feature", "geometry": {"type": "Point", "coordinates": [2.326835, 48.761368]}, "properties": {"numparc": 6926, "etat de la localisation": "autre", "ID BDGEO": "734", "horodatage": "2022-11-03 23:56:56", "distance (en metres)": 176.76, "station": "CHARCOT ZOLA", "marker-color": "#818181"}}, {"type": "Feature", "geometry": {"type": "Point", "coordinates": [2.388107, 48.753922]}, "properties": {"numparc": 6922, "etat de la localisation": "autre", "ID BDGEO": "614", "horodatage": "2022-11-03 23:58:24", "distance (en metres)": 4418.09, "station": "CHARCOT ZOLA#", "marker-color": "#818181"}}, {"type": "Feature", "geometry": {"type": "Point", "coordinates": [2.331028, 48.762981]}, "properties": {"numparc": 6926, "etat de la localisation": "autre", "ID BDGEO": "734", "horodatage": "2022-11-03 23:58:56", "distance (en metres)": 254.87, "station": "CHARCOT ZOLA", "marker-color": "#818181"}}, {"type": "Feature", "geometry": {"type": "Point", "coordinates": [2.388107, 48.753922]}, "properties": {"numparc": 6922, "etat de la localisation": "autre", "ID BDGEO": "614", "horodatage": "2022-11-04 00:06:02", "distance (en metres)": 4418.09, "station": "CHARCOT ZOLA#", "marker-color": "#818181"}}, {"type": "Feature", "geometry": {"type": "Point", "coordinates": [2.331028, 48.762981]}, "properties": {"numparc": 6926, "etat de la localisation": "autre", "ID BDGEO": "734", "horodatage": "2022-11-04 00:07:14", "distance (en metres)": 254.87, "station": "CHARCOT ZOLA", "marker-color": "#818181"}}, {"type": "Feature", "geometry": {"type": "Point", "coordinates": [2.388414, 48.754234]}, "properties": {"numparc": 6922, "etat de la localisation": "autre", "ID BDGEO": "614", "horodatage": "2022-11-04 00:07:37", "distance (en metres)": 4434.09, "station": "CHARCOT ZOLA#", "marker-color": "#818181"}}, {"type": "Feature", "geometry": {"type": "Point", "coordinates": [2.388585, 48.754128]}, "properties": {"numparc": 6922, "etat de la localisation": "autre", "ID BDGEO": "614", "horodatage": "2022-11-04 00:08:26", "distance (en metres)": 4448.51, "station": "CHARCOT ZOLA#", "marker-color": "#818181"}}, {"type": "Feature", "geometry": {"type": "Point", "coordinates": [2.325607, 48.821354]}, "properties": {"numparc": 6919, "etat de la localisation": "autre", "ID BDGEO": "580", "horodatage": "2022-11-04 00:21:15", "distance (en metres)": 117.4, "station": "PORTE D'ORLEANS#", "marker-color": "#818181"}}, {"type": "Feature", "geometry": {"type": "Point", "coordinates": [2.324633, 48.821693]}, "properties": {"numparc": 6919, "etat de la localisation": "autre", "ID BDGEO": "580", "horodatage": "2022-11-04 00:23:20", "distance (en metres)": 54.98, "station": "PORTE D'ORLEANS#", "marker-color": "#818181"}}, {"type": "Feature", "geometry": {"type": "Point", "coordinates": [2.334482, 48.794262]}, "properties": {"numparc": 6926, "etat de la localisation": "autre", "ID BDGEO": "595", "horodatage": "2022-11-04 00:28:49", "distance (en metres)": 41.83, "station": "MAIRIE DE CACHAN", "marker-color": "#818181"}}, {"type": "Feature", "geometry": {"type": "Point", "coordinates": [2.325518, 48.821331]}, "properties": {"numparc": 6926, "etat de la localisation": "autre", "ID BDGEO": "692", "horodatage": "2022-11-04 00:39:08", "distance (en metres)": 59.8, "station": "PORTE D'ORLEANS#", "marker-color": "#818181"}}, {"type": "Feature", "geometry": {"type": "Point", "coordinates": [2.326323, 48.808838]}, "properties": {"numparc": 6919, "etat de la localisation": "autre", "ID BDGEO": "580", "horodatage": "2022-11-04 00:40:02", "distance (en metres)": 1489.66, "station": "PORTE D'ORLEANS#", "marker-color": "#818181"}}, {"type": "Feature", "geometry": {"type": "Point", "coordinates": [2.324995, 48.80476]}, "properties": {"numparc": 6919, "etat de la localisation": "autre", "ID BDGEO": "580", "horodatage": "2022-11-04 00:41:28", "distance (en metres)": 1938.09, "station": "PORTE D'ORLEANS#", "marker-color": "#818181"}}, {"type": "Feature", "geometry": {"type": "Point", "coordinates": [2.323668, 48.801434]}, "properties": {"numparc": 6919, "etat de la localisation": "autre", "ID BDGEO": "580", "horodatage": "2022-11-04 00:43:04", "distance (en metres)": 2308.84, "station": "PORTE D'ORLEANS#", "marker-color": "#818181"}}, {"type": "Feature", "geometry": {"type": "Point", "coordinates": [2.32764, 48.79818]}, "properties": {"numparc": 6919, "etat de la localisation": "autre", "ID BDGEO": "580", "horodatage": "2022-11-04 00:45:43", "distance (en metres)": 2678.72, "station": "PORTE D'ORLEANS#", "marker-color": "#818181"}}, {"type": "Feature", "geometry": {"type": "Point", "coordinates": [2.33178, 48.796387]}, "properties": {"numparc": 6919, "etat de la localisation": "autre", "ID BDGEO": "580", "horodatage": "2022-11-04 00:47:11", "distance (en metres)": 2916.43, "station": "PORTE D'ORLEANS#", "marker-color": "#818181"}}, {"type": "Feature", "geometry": {"type": "Point", "coordinates": [2.334655, 48.794502]}, "properties": {"numparc": 6919, "etat de la localisation": "autre", "ID BDGEO": "580", "horodatage": "2022-11-04 00:48:39", "distance (en metres)": 3164.94, "station": "PORTE D'ORLEANS#", "marker-color": "#818181"}}, {"type": "Feature", "geometry": {"type": "Point", "coordinates": [2.331431, 48.790241]}, "properties": {"numparc": 6919, "etat de la localisation": "autre", "ID BDGEO": "580", "horodatage": "2022-11-04 00:49:52", "distance (en metres)": 3587.11, "station": "PORTE D'ORLEANS#", "marker-color": "#818181"}}, {"type": "Feature", "geometry": {"type": "Point", "coordinates": [2.328912, 48.785686]}, "properties": {"numparc": 6919, "etat de la localisation": "autre", "ID BDGEO": "580", "horodatage": "2022-11-04 00:51:57", "distance (en metres)": 4070.91, "station": "PORTE D'ORLEANS#", "marker-color": "#818181"}}, {"type": "Feature", "geometry": {"type": "Point", "coordinates": [2.327987, 48.783337]}, "properties": {"numparc": 6919, "etat de la localisation": "autre", "ID BDGEO": "580", "horodatage": "2022-11-04 00:52:45", "distance (en metres)": 4327.08, "station": "PORTE D'ORLEANS#", "marker-color": "#818181"}}, {"type": "Feature", "geometry": {"type": "Point", "coordinates": [2.319237, 48.767464]}, "properties": {"numparc": 6919, "etat de la localisation": "autre", "ID BDGEO": "602", "horodatage": "2022-11-04 00:57:38", "distance (en metres)": 5156.69, "station": "DEPOT THIAIS ( S )", "marker-color": "#818181"}}, {"type": "Feature", "geometry": {"type": "Point", "coordinates": [2.38746, 48.75396]}, "properties": {"numparc": 6926, "etat de la localisation": "autre", "ID BDGEO": "614", "horodatage": "2022-11-04 00:58:21", "distance (en metres)": 4370.67, "station": "CHARCOT ZOLA#", "marker-color": "#818181"}}, {"type": "Feature", "geometry": {"type": "Point", "coordinates": [2.318112, 48.764172]}, "properties": {"numparc": 6919, "etat de la localisation": "autre", "ID BDGEO": "602", "horodatage": "2022-11-04 00:58:52", "distance (en metres)": 5154.44, "station": "DEPOT THIAIS ( S )", "marker-color": "#818181"}}, {"type": "Feature", "geometry": {"type": "Point", "coordinates": [2.321892, 48.755707]}, "properties": {"numparc": 6919, "etat de la localisation": "autre", "ID BDGEO": "602", "horodatage": "2022-11-04 01:01:36", "distance (en metres)": 4783.59, "station": "DEPOT THIAIS ( S )", "marker-color": "#818181"}}, {"type": "Feature", "geometry": {"type": "Point", "coordinates": [2.387765, 48.754059]}, "properties": {"numparc": 6926, "etat de la localisation": "autre", "ID BDGEO": "614", "horodatage": "2022-11-04 01:02:34", "distance (en metres)": 4390.67, "station": "CHARCOT ZOLA#", "marker-color": "#818181"}}, {"type": "Feature", "geometry": {"type": "Point", "coordinates": [2.387767, 48.754436]}, "properties": {"numparc": 6926, "etat de la localisation": "autre", "ID BDGEO": "614", "horodatage": "2022-11-04 01:05:48", "distance (en metres)": 4383.53, "station": "CHARCOT ZOLA#", "marker-color": "#818181"}}, {"type": "Feature", "geometry": {"type": "Point", "coordinates": [2.33104, 48.762959]}, "properties": {"numparc": 6919, "etat de la localisation": "autre", "ID BDGEO": "585", "horodatage": "2022-11-04 01:05:52", "distance (en metres)": 398.61, "station": "FRESNES CHARCOT ZOLA.", "marker-color": "#818181"}}, {"type": "Feature", "geometry": {"type": "Point", "coordinates": [2.387436, 48.75399]}, "properties": {"numparc": 6919, "etat de la localisation": "autre", "ID BDGEO": "602", "horodatage": "2022-11-04 01:20:17", "distance (en metres)": 152.04, "station": "DEPOT THIAIS ( S )", "marker-color": "#818181"}}, {"type": "Feature", "geometry": {"type": "Point", "coordinates": [2.387444, 48.753994]}, "properties": {"numparc": 6919, "etat de la localisation": "autre", "ID BDGEO": "602", "horodatage": "2022-11-04 01:20:39", "distance (en metres)": 151.71, "station": "DEPOT THIAIS ( S )", "marker-color": "#818181"}}, {"type": "Feature", "geometry": {"type": "Point", "coordinates": [2.329193, 48.761035]}, "properties": {"station": "CHARCOT ZOLA", "ID BDGEO": "734", "marker-color": "#56B3FF"}}, {"type": "Feature", "geometry": {"type": "Point", "coordinates": [2.324624, 48.822188]}, "properties": {"station": "PORTE D'ORLEANS#", "ID BDGEO": "580", "marker-color": "#56B3FF"}}, {"type": "Feature", "geometry": {"type": "Point", "coordinates": [2.328826, 48.761088]}, "properties": {"station": "CHARCOT ZOLA#", "ID BDGEO": "614", "marker-color": "#56B3FF"}}, {"type": "Feature", "geometry": {"type": "Point", "coordinates": [2.31965, 48.759218]}, "properties": {"station": "TUILERIE", "ID BDGEO": "599", "marker-color": "#56B3FF"}}, {"type": "Feature", "geometry": {"type": "Point", "coordinates": [2.323307, 48.758194]}, "properties": {"station": "EMILE ZOLA", "ID BDGEO": "620", "marker-color": "#56B3FF"}}, {"type": "Feature", "geometry": {"type": "Point", "coordinates": [2.387143, 48.755344]}, "properties": {"station": "DEPOT THIAIS ( S )", "ID BDGEO": "602", "marker-color": "#56B3FF"}}, {"type": "Feature", "geometry": {"type": "Point", "coordinates": [2.326351, 48.761142]}, "properties": {"station": "FRESNES CHARCOT ZOLA.", "ID BDGEO": "585", "marker-color": "#56B3FF"}}, {"type": "Feature", "geometry": {"type": "Point", "coordinates": [2.326419, 48.761268]}, "properties": {"station": "CHARCOT-ZOLA#", "ID BDGEO": "575", "marker-color": "#56B3FF"}}, {"type": "Feature", "geometry": {"type": "Point", "coordinates": [2.326403, 48.77537]}, "properties": {"station": "BARBUSSE-LARROUMES#", "ID BDGEO": "609", "marker-color": "#56B3FF"}}, {"type": "Feature", "geometry": {"type": "Point", "coordinates": [2.325413, 48.821864]}, "properties": {"station": "PORTE D'ORLEANS#", "ID BDGEO": "692", "marker-color": "#56B3FF"}}, {"type": "Feature", "geometry": {"type": "Point", "coordinates": [2.334003, 48.794057]}, "properties": {"station": "MAIRIE DE CACHAN", "ID BDGEO": "595", "marker-color": "#56B3FF"}}, {"type": "Feature", "geometry": {"type": "Point", "coordinates": [2.32369, 48.799754]}, "properties": {"station": "CARNOT-ARISTIDE BRIAND", "ID BDGEO": "583", "marker-color": "#56B3FF"}}, {"type": "Feature", "geometry": {"type": "Point", "coordinates": [2.328752, 48.79775]}, "properties": {"station": "ARCUEIL-CACHAN RER", "ID BDGEO": "632", "marker-color": "#56B3FF"}}, {"type": "Feature", "geometry": {"type": "Point", "coordinates": [2.325454, 48.821613]}, "properties": {"station": "PORTE D'ORLEANS.", "ID BDGEO": "597", "marker-color": "#56B3FF"}}, {"type": "Feature", "geometry": {"type": "Point", "coordinates": [2.32193, 48.769725]}, "properties": {"station": "LES JARDINS DE LA BIEVRE", "ID BDGEO": "616", "marker-color": "#56B3FF"}}, {"type": "Feature", "geometry": {"type": "Point", "coordinates": [2.326654, 48.810872]}, "properties": {"station": "VACHE NOIRE", "ID BDGEO": "584", "marker-color": "#56B3FF"}}, {"type": "Feature", "geometry": {"type": "Point", "coordinates": [2.318247, 48.765294]}, "properties": {"station": "MAISON D'ARRET", "ID BDGEO": "576", "marker-color": "#56B3FF"}}, {"type": "Feature", "geometry": {"type": "Point", "coordinates": [2.33067, 48.796987]}, "properties": {"station": "WILSON-PROVIGNY", "ID BDGEO": "618", "marker-color": "#56B3FF"}}, {"type": "Feature", "geometry": {"type": "Point", "coordinates": [2.32923, 48.786291]}, "properties": {"station": "LA PLAINE", "ID BDGEO": "612", "marker-color": "#56B3FF"}}, {"type": "Feature", "geometry": {"type": "Point", "coordinates": [2.328101, 48.7839]}, "properties": {"station": "STRASBOURG", "ID BDGEO": "622", "marker-color": "#56B3FF"}}, {"type": "Feature", "geometry": {"type": "Point", "coordinates": [2.327952, 48.779873]}, "properties": {"station": "PETIT ROBINSON", "ID BDGEO": "631", "marker-color": "#56B3FF"}}, {"type": "Feature", "geometry": {"type": "Point", "coordinates": [2.326403, 48.775676]}, "properties": {"station": "BARBUSSE-LARROUMES", "ID BDGEO": "582", "marker-color": "#56B3FF"}}, {"type": "Feature", "geometry": {"type": "Point", "coordinates": [2.324894, 48.773968]}, "properties": {"station": "COLLEGE RONSARD", "ID BDGEO": "594", "marker-color": "#56B3FF"}}]}