{"type": "FeatureCollection", "features": [{"type": "Feature", "geometry": {"type": "Point", "coordinates": [2.387897, 48.755939]}, "properties": {"numparc": 5924, "etat de la localisation": "autre", "ID BDGEO": "32", "horodatage": "2022-09-17 05:05:40", "distance (en metres)": 1404.63, "station": "LE COR DE CHASSE", "marker-color": "#818181"}}, {"type": "Feature", "geometry": {"type": "Point", "coordinates": [2.387395, 48.755661]}, "properties": {"numparc": 5923, "etat de la localisation": "autre", "ID BDGEO": "68", "horodatage": "2022-09-17 05:24:32", "distance (en metres)": 59.48, "station": "CENTRE BUS DE THIAIS-SORTIE", "marker-color": "#818181"}}, {"type": "Feature", "geometry": {"type": "Point", "coordinates": [2.365478, 48.759487]}, "properties": {"numparc": 5924, "etat de la localisation": "autre", "ID BDGEO": "33", "horodatage": "2022-09-17 06:06:38", "distance (en metres)": 64.84, "station": "PORTE DE THIAIS", "marker-color": "#818181"}}, {"type": "Feature", "geometry": {"type": "Point", "coordinates": [2.337569, 48.7789]}, "properties": {"numparc": 5923, "etat de la localisation": "autre", "ID BDGEO": "60", "horodatage": "2022-09-17 06:57:51", "distance (en metres)": 70.34, "station": "MAIRIE DE L'HAY LES ROSES", "marker-color": "#818181"}}, {"type": "Feature", "geometry": {"type": "Point", "coordinates": [2.387527, 48.75576]}, "properties": {"numparc": 5934, "etat de la localisation": "autre", "ID BDGEO": "4", "horodatage": "2022-09-17 07:00:45", "distance (en metres)": 221.4, "station": "CENTRE BUS DE THIAIS-ENTREE", "marker-color": "#818181"}}, {"type": "Feature", "geometry": {"type": "Point", "coordinates": [2.292311, 48.77877]}, "properties": {"numparc": 5924, "etat de la localisation": "autre", "ID BDGEO": "13", "horodatage": "2022-09-17 07:08:32", "distance (en metres)": 43.1, "station": "FONTENAY-HOUDAN", "marker-color": "#818181"}}, {"type": "Feature", "geometry": {"type": "Point", "coordinates": [2.365465, 48.759529]}, "properties": {"numparc": 5923, "etat de la localisation": "autre", "ID BDGEO": "33", "horodatage": "2022-09-17 07:15:03", "distance (en metres)": 66.27, "station": "PORTE DE THIAIS", "marker-color": "#818181"}}, {"type": "Feature", "geometry": {"type": "Point", "coordinates": [2.337646, 48.778904]}, "properties": {"numparc": 5924, "etat de la localisation": "autre", "ID BDGEO": "60", "horodatage": "2022-09-17 07:25:19", "distance (en metres)": 75.8, "station": "MAIRIE DE L'HAY LES ROSES", "marker-color": "#818181"}}, {"type": "Feature", "geometry": {"type": "Point", "coordinates": [2.28151, 48.779964]}, "properties": {"numparc": 5923, "etat de la localisation": "autre", "ID BDGEO": "59", "horodatage": "2022-09-17 08:14:01", "distance (en metres)": 3292.6, "station": "BARBUSSE-LARROUMES", "marker-color": "#818181"}}, {"type": "Feature", "geometry": {"type": "Point", "coordinates": [2.281677, 48.780121]}, "properties": {"numparc": 5934, "etat de la localisation": "autre", "ID BDGEO": "59", "horodatage": "2022-09-17 08:34:48", "distance (en metres)": 3283.16, "station": "BARBUSSE-LARROUMES", "marker-color": "#818181"}}, {"type": "Feature", "geometry": {"type": "Point", "coordinates": [2.28154, 48.779945]}, "properties": {"numparc": 5934, "etat de la localisation": "autre", "ID BDGEO": "59", "horodatage": "2022-09-17 08:36:30", "distance (en metres)": 3290.12, "station": "BARBUSSE-LARROUMES", "marker-color": "#818181"}}, {"type": "Feature", "geometry": {"type": "Point", "coordinates": [2.281469, 48.779831]}, "properties": {"numparc": 5923, "etat de la localisation": "autre", "ID BDGEO": "59", "horodatage": "2022-09-17 08:38:44", "distance (en metres)": 3293.39, "station": "BARBUSSE-LARROUMES", "marker-color": "#818181"}}, {"type": "Feature", "geometry": {"type": "Point", "coordinates": [2.281431, 48.779819]}, "properties": {"numparc": 5934, "etat de la localisation": "autre", "ID BDGEO": "59", "horodatage": "2022-09-17 08:43:57", "distance (en metres)": 3295.98, "station": "BARBUSSE-LARROUMES", "marker-color": "#818181"}}, {"type": "Feature", "geometry": {"type": "Point", "coordinates": [2.281431, 48.779819]}, "properties": {"numparc": 5934, "etat de la localisation": "autre", "ID BDGEO": "59", "horodatage": "2022-09-17 08:44:22", "distance (en metres)": 3295.98, "station": "BARBUSSE-LARROUMES", "marker-color": "#818181"}}, {"type": "Feature", "geometry": {"type": "Point", "coordinates": [2.28406, 48.779015]}, "properties": {"numparc": 5923, "etat de la localisation": "autre", "ID BDGEO": "59", "horodatage": "2022-09-17 08:45:08", "distance (en metres)": 3093.05, "station": "BARBUSSE-LARROUMES", "marker-color": "#818181"}}, {"type": "Feature", "geometry": {"type": "Point", "coordinates": [2.292329, 48.778828]}, "properties": {"numparc": 5923, "etat de la localisation": "autre", "ID BDGEO": "59", "horodatage": "2022-09-17 08:47:21", "distance (en metres)": 2489.89, "station": "BARBUSSE-LARROUMES", "marker-color": "#818181"}}, {"type": "Feature", "geometry": {"type": "Point", "coordinates": [2.304134, 48.778107]}, "properties": {"numparc": 5923, "etat de la localisation": "autre", "ID BDGEO": "59", "horodatage": "2022-09-17 08:50:42", "distance (en metres)": 1623.18, "station": "BARBUSSE-LARROUMES", "marker-color": "#818181"}}, {"type": "Feature", "geometry": {"type": "Point", "coordinates": [2.316565, 48.779003]}, "properties": {"numparc": 5923, "etat de la localisation": "autre", "ID BDGEO": "59", "horodatage": "2022-09-17 08:54:47", "distance (en metres)": 787.51, "station": "BARBUSSE-LARROUMES", "marker-color": "#818181"}}, {"type": "Feature", "geometry": {"type": "Point", "coordinates": [2.281431, 48.779819]}, "properties": {"numparc": 5934, "etat de la localisation": "autre", "ID BDGEO": "59", "horodatage": "2022-09-17 09:01:03", "distance (en metres)": 3295.98, "station": "BARBUSSE-LARROUMES", "marker-color": "#818181"}}, {"type": "Feature", "geometry": {"type": "Point", "coordinates": [2.281452, 48.779953]}, "properties": {"numparc": 5924, "etat de la localisation": "autre", "ID BDGEO": "59", "horodatage": "2022-09-17 09:01:53", "distance (en metres)": 3296.63, "station": "BARBUSSE-LARROUMES", "marker-color": "#818181"}}, {"type": "Feature", "geometry": {"type": "Point", "coordinates": [2.281452, 48.779953]}, "properties": {"numparc": 5924, "etat de la localisation": "autre", "ID BDGEO": "59", "horodatage": "2022-09-17 09:02:54", "distance (en metres)": 3296.63, "station": "BARBUSSE-LARROUMES", "marker-color": "#818181"}}, {"type": "Feature", "geometry": {"type": "Point", "coordinates": [2.337551, 48.778893]}, "properties": {"numparc": 5923, "etat de la localisation": "autre", "ID BDGEO": "60", "horodatage": "2022-09-17 09:03:11", "distance (en metres)": 69.24, "station": "MAIRIE DE L'HAY LES ROSES", "marker-color": "#818181"}}, {"type": "Feature", "geometry": {"type": "Point", "coordinates": [2.281452, 48.779953]}, "properties": {"numparc": 5924, "etat de la localisation": "autre", "ID BDGEO": "59", "horodatage": "2022-09-17 09:03:40", "distance (en metres)": 3296.63, "station": "BARBUSSE-LARROUMES", "marker-color": "#818181"}}, {"type": "Feature", "geometry": {"type": "Point", "coordinates": [2.284127, 48.779003]}, "properties": {"numparc": 5934, "etat de la localisation": "autre", "ID BDGEO": "59", "horodatage": "2022-09-17 09:08:24", "distance (en metres)": 3088.02, "station": "BARBUSSE-LARROUMES", "marker-color": "#818181"}}, {"type": "Feature", "geometry": {"type": "Point", "coordinates": [2.287984, 48.778744]}, "properties": {"numparc": 5934, "etat de la localisation": "autre", "ID BDGEO": "59", "horodatage": "2022-09-17 09:09:30", "distance (en metres)": 2804.03, "station": "BARBUSSE-LARROUMES", "marker-color": "#818181"}}, {"type": "Feature", "geometry": {"type": "Point", "coordinates": [2.347942, 48.771439]}, "properties": {"numparc": 5923, "etat de la localisation": "autre", "ID BDGEO": "24", "horodatage": "2022-09-17 09:10:01", "distance (en metres)": 622.73, "station": "JEAN MERMOZ-GENERAL DE GAULLE", "marker-color": "#818181"}}, {"type": "Feature", "geometry": {"type": "Point", "coordinates": [2.350572, 48.770672]}, "properties": {"numparc": 5923, "etat de la localisation": "autre", "ID BDGEO": "24", "horodatage": "2022-09-17 09:11:01", "distance (en metres)": 830.43, "station": "JEAN MERMOZ-GENERAL DE GAULLE", "marker-color": "#818181"}}, {"type": "Feature", "geometry": {"type": "Point", "coordinates": [2.281548, 48.779984]}, "properties": {"numparc": 5911, "etat de la localisation": "autre", "ID BDGEO": "59", "horodatage": "2022-09-17 09:11:29", "distance (en metres)": 3290.17, "station": "BARBUSSE-LARROUMES", "marker-color": "#818181"}}, {"type": "Feature", "geometry": {"type": "Point", "coordinates": [2.292407, 48.778793]}, "properties": {"numparc": 5934, "etat de la localisation": "autre", "ID BDGEO": "59", "horodatage": "2022-09-17 09:12:02", "distance (en metres)": 2483.68, "station": "BARBUSSE-LARROUMES", "marker-color": "#818181"}}, {"type": "Feature", "geometry": {"type": "Point", "coordinates": [2.355475, 48.771244]}, "properties": {"numparc": 5923, "etat de la localisation": "autre", "ID BDGEO": "24", "horodatage": "2022-09-17 09:12:15", "distance (en metres)": 1170.45, "station": "JEAN MERMOZ-GENERAL DE GAULLE", "marker-color": "#818181"}}, {"type": "Feature", "geometry": {"type": "Point", "coordinates": [2.359409, 48.771767]}, "properties": {"numparc": 5923, "etat de la localisation": "autre", "ID BDGEO": "24", "horodatage": "2022-09-17 09:13:35", "distance (en metres)": 1451.54, "station": "JEAN MERMOZ-GENERAL DE GAULLE", "marker-color": "#818181"}}, {"type": "Feature", "geometry": {"type": "Point", "coordinates": [2.364, 48.770187]}, "properties": {"numparc": 5923, "etat de la localisation": "autre", "ID BDGEO": "24", "horodatage": "2022-09-17 09:14:52", "distance (en metres)": 1805.63, "station": "JEAN MERMOZ-GENERAL DE GAULLE", "marker-color": "#818181"}}, {"type": "Feature", "geometry": {"type": "Point", "coordinates": [2.367848, 48.768196]}, "properties": {"numparc": 5923, "etat de la localisation": "autre", "ID BDGEO": "24", "horodatage": "2022-09-17 09:16:44", "distance (en metres)": 2125.35, "station": "JEAN MERMOZ-GENERAL DE GAULLE", "marker-color": "#818181"}}, {"type": "Feature", "geometry": {"type": "Point", "coordinates": [2.312221, 48.776463]}, "properties": {"numparc": 5934, "etat de la localisation": "autre", "ID BDGEO": "59", "horodatage": "2022-09-17 09:17:08", "distance (en metres)": 1010.54, "station": "BARBUSSE-LARROUMES", "marker-color": "#818181"}}, {"type": "Feature", "geometry": {"type": "Point", "coordinates": [2.370718, 48.76149]}, "properties": {"numparc": 5923, "etat de la localisation": "autre", "ID BDGEO": "24", "horodatage": "2022-09-17 09:18:35", "distance (en metres)": 2593.68, "station": "JEAN MERMOZ-GENERAL DE GAULLE", "marker-color": "#818181"}}, {"type": "Feature", "geometry": {"type": "Point", "coordinates": [2.370835, 48.761318]}, "properties": {"numparc": 5923, "etat de la localisation": "autre", "ID BDGEO": "24", "horodatage": "2022-09-17 09:18:37", "distance (en metres)": 2610.39, "station": "JEAN MERMOZ-GENERAL DE GAULLE", "marker-color": "#818181"}}, {"type": "Feature", "geometry": {"type": "Point", "coordinates": [2.28141, 48.77985]}, "properties": {"numparc": 5924, "etat de la localisation": "autre", "ID BDGEO": "59", "horodatage": "2022-09-17 09:20:03", "distance (en metres)": 3297.99, "station": "BARBUSSE-LARROUMES", "marker-color": "#818181"}}, {"type": "Feature", "geometry": {"type": "Point", "coordinates": [2.316629, 48.77898]}, "properties": {"numparc": 5934, "etat de la localisation": "autre", "ID BDGEO": "59", "horodatage": "2022-09-17 09:20:29", "distance (en metres)": 782.18, "station": "BARBUSSE-LARROUMES", "marker-color": "#818181"}}, {"type": "Feature", "geometry": {"type": "Point", "coordinates": [2.369509, 48.759441]}, "properties": {"numparc": 5923, "etat de la localisation": "autre", "ID BDGEO": "24", "horodatage": "2022-09-17 09:20:32", "distance (en metres)": 2636.14, "station": "JEAN MERMOZ-GENERAL DE GAULLE", "marker-color": "#818181"}}, {"type": "Feature", "geometry": {"type": "Point", "coordinates": [2.28141, 48.77985]}, "properties": {"numparc": 5924, "etat de la localisation": "autre", "ID BDGEO": "59", "horodatage": "2022-09-17 09:20:56", "distance (en metres)": 3297.99, "station": "BARBUSSE-LARROUMES", "marker-color": "#818181"}}, {"type": "Feature", "geometry": {"type": "Point", "coordinates": [2.28141, 48.77985]}, "properties": {"numparc": 5924, "etat de la localisation": "autre", "ID BDGEO": "59", "horodatage": "2022-09-17 09:22:37", "distance (en metres)": 3297.99, "station": "BARBUSSE-LARROUMES", "marker-color": "#818181"}}, {"type": "Feature", "geometry": {"type": "Point", "coordinates": [2.28141, 48.77985]}, "properties": {"numparc": 5924, "etat de la localisation": "autre", "ID BDGEO": "59", "horodatage": "2022-09-17 09:22:49", "distance (en metres)": 3297.99, "station": "BARBUSSE-LARROUMES", "marker-color": "#818181"}}, {"type": "Feature", "geometry": {"type": "Point", "coordinates": [2.28141, 48.77985]}, "properties": {"numparc": 5924, "etat de la localisation": "autre", "ID BDGEO": "59", "horodatage": "2022-09-17 09:23:19", "distance (en metres)": 3297.99, "station": "BARBUSSE-LARROUMES", "marker-color": "#818181"}}, {"type": "Feature", "geometry": {"type": "Point", "coordinates": [2.28141, 48.77985]}, "properties": {"numparc": 5924, "etat de la localisation": "autre", "ID BDGEO": "59", "horodatage": "2022-09-17 09:25:31", "distance (en metres)": 3297.99, "station": "BARBUSSE-LARROUMES", "marker-color": "#818181"}}, {"type": "Feature", "geometry": {"type": "Point", "coordinates": [2.33759, 48.778881]}, "properties": {"numparc": 5934, "etat de la localisation": "autre", "ID BDGEO": "60", "horodatage": "2022-09-17 09:27:34", "distance (en metres)": 72.3, "station": "MAIRIE DE L'HAY LES ROSES", "marker-color": "#818181"}}, {"type": "Feature", "geometry": {"type": "Point", "coordinates": [2.28141, 48.77985]}, "properties": {"numparc": 5924, "etat de la localisation": "autre", "ID BDGEO": "59", "horodatage": "2022-09-17 09:28:33", "distance (en metres)": 3297.99, "station": "BARBUSSE-LARROUMES", "marker-color": "#818181"}}, {"type": "Feature", "geometry": {"type": "Point", "coordinates": [2.281483, 48.779812]}, "properties": {"numparc": 5911, "etat de la localisation": "autre", "ID BDGEO": "59", "horodatage": "2022-09-17 09:31:05", "distance (en metres)": 3292.08, "station": "BARBUSSE-LARROUMES", "marker-color": "#818181"}}, {"type": "Feature", "geometry": {"type": "Point", "coordinates": [2.28796, 48.778744]}, "properties": {"numparc": 5924, "etat de la localisation": "autre", "ID BDGEO": "59", "horodatage": "2022-09-17 09:31:18", "distance (en metres)": 2805.76, "station": "BARBUSSE-LARROUMES", "marker-color": "#818181"}}, {"type": "Feature", "geometry": {"type": "Point", "coordinates": [2.347899, 48.771454]}, "properties": {"numparc": 5934, "etat de la localisation": "autre", "ID BDGEO": "24", "horodatage": "2022-09-17 09:33:09", "distance (en metres)": 619.27, "station": "JEAN MERMOZ-GENERAL DE GAULLE", "marker-color": "#818181"}}, {"type": "Feature", "geometry": {"type": "Point", "coordinates": [2.292346, 48.778782]}, "properties": {"numparc": 5924, "etat de la localisation": "autre", "ID BDGEO": "59", "horodatage": "2022-09-17 09:33:43", "distance (en metres)": 2487.92, "station": "BARBUSSE-LARROUMES", "marker-color": "#818181"}}, {"type": "Feature", "geometry": {"type": "Point", "coordinates": [2.355441, 48.771236]}, "properties": {"numparc": 5934, "etat de la localisation": "autre", "ID BDGEO": "24", "horodatage": "2022-09-17 09:35:25", "distance (en metres)": 1168.1, "station": "JEAN MERMOZ-GENERAL DE GAULLE", "marker-color": "#818181"}}, {"type": "Feature", "geometry": {"type": "Point", "coordinates": [2.297244, 48.778469]}, "properties": {"numparc": 5924, "etat de la localisation": "autre", "ID BDGEO": "59", "horodatage": "2022-09-17 09:35:28", "distance (en metres)": 2127.83, "station": "BARBUSSE-LARROUMES", "marker-color": "#818181"}}, {"type": "Feature", "geometry": {"type": "Point", "coordinates": [2.355443, 48.771236]}, "properties": {"numparc": 5934, "etat de la localisation": "autre", "ID BDGEO": "24", "horodatage": "2022-09-17 09:35:41", "distance (en metres)": 1168.24, "station": "JEAN MERMOZ-GENERAL DE GAULLE", "marker-color": "#818181"}}, {"type": "Feature", "geometry": {"type": "Point", "coordinates": [2.359427, 48.771748]}, "properties": {"numparc": 5934, "etat de la localisation": "autre", "ID BDGEO": "24", "horodatage": "2022-09-17 09:37:05", "distance (en metres)": 1453.0, "station": "JEAN MERMOZ-GENERAL DE GAULLE", "marker-color": "#818181"}}, {"type": "Feature", "geometry": {"type": "Point", "coordinates": [2.363978, 48.770195]}, "properties": {"numparc": 5934, "etat de la localisation": "autre", "ID BDGEO": "24", "horodatage": "2022-09-17 09:38:36", "distance (en metres)": 1803.9, "station": "JEAN MERMOZ-GENERAL DE GAULLE", "marker-color": "#818181"}}, {"type": "Feature", "geometry": {"type": "Point", "coordinates": [2.308265, 48.777229]}, "properties": {"numparc": 5924, "etat de la localisation": "autre", "ID BDGEO": "59", "horodatage": "2022-09-17 09:38:36", "distance (en metres)": 1308.75, "station": "BARBUSSE-LARROUMES", "marker-color": "#818181"}}, {"type": "Feature", "geometry": {"type": "Point", "coordinates": [2.312266, 48.776394]}, "properties": {"numparc": 5924, "etat de la localisation": "autre", "ID BDGEO": "59", "horodatage": "2022-09-17 09:39:40", "distance (en metres)": 1006.51, "station": "BARBUSSE-LARROUMES", "marker-color": "#818181"}}, {"type": "Feature", "geometry": {"type": "Point", "coordinates": [2.367858, 48.7682]}, "properties": {"numparc": 5934, "etat de la localisation": "autre", "ID BDGEO": "24", "horodatage": "2022-09-17 09:39:59", "distance (en metres)": 2125.96, "station": "JEAN MERMOZ-GENERAL DE GAULLE", "marker-color": "#818181"}}, {"type": "Feature", "geometry": {"type": "Point", "coordinates": [2.368064, 48.765213]}, "properties": {"numparc": 5934, "etat de la localisation": "autre", "ID BDGEO": "24", "horodatage": "2022-09-17 09:41:04", "distance (en metres)": 2241.0, "station": "JEAN MERMOZ-GENERAL DE GAULLE", "marker-color": "#818181"}}, {"type": "Feature", "geometry": {"type": "Point", "coordinates": [2.31661, 48.778973]}, "properties": {"numparc": 5924, "etat de la localisation": "autre", "ID BDGEO": "59", "horodatage": "2022-09-17 09:43:16", "distance (en metres)": 782.97, "station": "BARBUSSE-LARROUMES", "marker-color": "#818181"}}, {"type": "Feature", "geometry": {"type": "Point", "coordinates": [2.369374, 48.763027]}, "properties": {"numparc": 5934, "etat de la localisation": "autre", "ID BDGEO": "24", "horodatage": "2022-09-17 09:43:18", "distance (en metres)": 2427.52, "station": "JEAN MERMOZ-GENERAL DE GAULLE", "marker-color": "#818181"}}, {"type": "Feature", "geometry": {"type": "Point", "coordinates": [2.322549, 48.777088]}, "properties": {"numparc": 5924, "etat de la localisation": "autre", "ID BDGEO": "59", "horodatage": "2022-09-17 09:45:04", "distance (en metres)": 302.25, "station": "BARBUSSE-LARROUMES", "marker-color": "#818181"}}, {"type": "Feature", "geometry": {"type": "Point", "coordinates": [2.369346, 48.759426]}, "properties": {"numparc": 5934, "etat de la localisation": "autre", "ID BDGEO": "24", "horodatage": "2022-09-17 09:45:58", "distance (en metres)": 2627.17, "station": "JEAN MERMOZ-GENERAL DE GAULLE", "marker-color": "#818181"}}, {"type": "Feature", "geometry": {"type": "Point", "coordinates": [2.357721, 48.763332]}, "properties": {"numparc": 5923, "etat de la localisation": "autre", "ID BDGEO": "24", "horodatage": "2022-09-17 09:47:57", "distance (en metres)": 1682.09, "station": "JEAN MERMOZ-GENERAL DE GAULLE", "marker-color": "#818181"}}, {"type": "Feature", "geometry": {"type": "Point", "coordinates": [2.357566, 48.763412]}, "properties": {"numparc": 5934, "etat de la localisation": "autre", "ID BDGEO": "24", "horodatage": "2022-09-17 09:50:08", "distance (en metres)": 1667.66, "station": "JEAN MERMOZ-GENERAL DE GAULLE", "marker-color": "#818181"}}, {"type": "Feature", "geometry": {"type": "Point", "coordinates": [2.357566, 48.763412]}, "properties": {"numparc": 5934, "etat de la localisation": "autre", "ID BDGEO": "24", "horodatage": "2022-09-17 09:50:16", "distance (en metres)": 1667.66, "station": "JEAN MERMOZ-GENERAL DE GAULLE", "marker-color": "#818181"}}, {"type": "Feature", "geometry": {"type": "Point", "coordinates": [2.357705, 48.763302]}, "properties": {"numparc": 5934, "etat de la localisation": "autre", "ID BDGEO": "24", "horodatage": "2022-09-17 09:50:55", "distance (en metres)": 1683.26, "station": "JEAN MERMOZ-GENERAL DE GAULLE", "marker-color": "#818181"}}, {"type": "Feature", "geometry": {"type": "Point", "coordinates": [2.281475, 48.779797]}, "properties": {"numparc": 5911, "etat de la localisation": "autre", "ID BDGEO": "59", "horodatage": "2022-09-17 09:52:18", "distance (en metres)": 3292.41, "station": "BARBUSSE-LARROUMES", "marker-color": "#818181"}}, {"type": "Feature", "geometry": {"type": "Point", "coordinates": [2.337628, 48.778881]}, "properties": {"numparc": 5924, "etat de la localisation": "autre", "ID BDGEO": "60", "horodatage": "2022-09-17 09:52:43", "distance (en metres)": 75.01, "station": "MAIRIE DE L'HAY LES ROSES", "marker-color": "#818181"}}, {"type": "Feature", "geometry": {"type": "Point", "coordinates": [2.368746, 48.759487]}, "properties": {"numparc": 5923, "etat de la localisation": "autre", "ID BDGEO": "24", "horodatage": "2022-09-17 09:52:46", "distance (en metres)": 2587.02, "station": "JEAN MERMOZ-GENERAL DE GAULLE", "marker-color": "#818181"}}, {"type": "Feature", "geometry": {"type": "Point", "coordinates": [2.337628, 48.778881]}, "properties": {"numparc": 5924, "etat de la localisation": "autre", "ID BDGEO": "60", "horodatage": "2022-09-17 09:53:01", "distance (en metres)": 75.01, "station": "MAIRIE DE L'HAY LES ROSES", "marker-color": "#818181"}}, {"type": "Feature", "geometry": {"type": "Point", "coordinates": [2.284133, 48.779018]}, "properties": {"numparc": 5911, "etat de la localisation": "autre", "ID BDGEO": "59", "horodatage": "2022-09-17 09:53:55", "distance (en metres)": 3087.8, "station": "BARBUSSE-LARROUMES", "marker-color": "#818181"}}, {"type": "Feature", "geometry": {"type": "Point", "coordinates": [2.287902, 48.778793]}, "properties": {"numparc": 5911, "etat de la localisation": "autre", "ID BDGEO": "59", "horodatage": "2022-09-17 09:55:22", "distance (en metres)": 2810.67, "station": "BARBUSSE-LARROUMES", "marker-color": "#818181"}}, {"type": "Feature", "geometry": {"type": "Point", "coordinates": [2.367191, 48.769073]}, "properties": {"numparc": 5923, "etat de la localisation": "autre", "ID BDGEO": "24", "horodatage": "2022-09-17 09:56:52", "distance (en metres)": 2057.45, "station": "JEAN MERMOZ-GENERAL DE GAULLE", "marker-color": "#818181"}}, {"type": "Feature", "geometry": {"type": "Point", "coordinates": [2.292398, 48.778812]}, "properties": {"numparc": 5911, "etat de la localisation": "autre", "ID BDGEO": "59", "horodatage": "2022-09-17 09:57:08", "distance (en metres)": 2484.64, "station": "BARBUSSE-LARROUMES", "marker-color": "#818181"}}, {"type": "Feature", "geometry": {"type": "Point", "coordinates": [2.363201, 48.770576]}, "properties": {"numparc": 5923, "etat de la localisation": "autre", "ID BDGEO": "24", "horodatage": "2022-09-17 09:58:11", "distance (en metres)": 1741.49, "station": "JEAN MERMOZ-GENERAL DE GAULLE", "marker-color": "#818181"}}, {"type": "Feature", "geometry": {"type": "Point", "coordinates": [2.344112, 48.772053]}, "properties": {"numparc": 5924, "etat de la localisation": "autre", "ID BDGEO": "24", "horodatage": "2022-09-17 09:59:54", "distance (en metres)": 333.95, "station": "JEAN MERMOZ-GENERAL DE GAULLE", "marker-color": "#818181"}}, {"type": "Feature", "geometry": {"type": "Point", "coordinates": [2.35791, 48.771957]}, "properties": {"numparc": 5923, "etat de la localisation": "autre", "ID BDGEO": "24", "horodatage": "2022-09-17 10:00:12", "distance (en metres)": 1340.56, "station": "JEAN MERMOZ-GENERAL DE GAULLE", "marker-color": "#818181"}}, {"type": "Feature", "geometry": {"type": "Point", "coordinates": [2.347933, 48.771423]}, "properties": {"numparc": 5924, "etat de la localisation": "autre", "ID BDGEO": "24", "horodatage": "2022-09-17 10:00:59", "distance (en metres)": 622.45, "station": "JEAN MERMOZ-GENERAL DE GAULLE", "marker-color": "#818181"}}, {"type": "Feature", "geometry": {"type": "Point", "coordinates": [2.354961, 48.771065]}, "properties": {"numparc": 5923, "etat de la localisation": "autre", "ID BDGEO": "24", "horodatage": "2022-09-17 10:01:24", "distance (en metres)": 1136.07, "station": "JEAN MERMOZ-GENERAL DE GAULLE", "marker-color": "#818181"}}, {"type": "Feature", "geometry": {"type": "Point", "coordinates": [2.308219, 48.777229]}, "properties": {"numparc": 5911, "etat de la localisation": "autre", "ID BDGEO": "59", "horodatage": "2022-09-17 10:01:29", "distance (en metres)": 1312.08, "station": "BARBUSSE-LARROUMES", "marker-color": "#818181"}}, {"type": "Feature", "geometry": {"type": "Point", "coordinates": [2.312167, 48.776421]}, "properties": {"numparc": 5911, "etat de la localisation": "autre", "ID BDGEO": "59", "horodatage": "2022-09-17 10:02:22", "distance (en metres)": 1014.02, "station": "BARBUSSE-LARROUMES", "marker-color": "#818181"}}, {"type": "Feature", "geometry": {"type": "Point", "coordinates": [2.355445, 48.771217]}, "properties": {"numparc": 5924, "etat de la localisation": "autre", "ID BDGEO": "24", "horodatage": "2022-09-17 10:03:20", "distance (en metres)": 1168.67, "station": "JEAN MERMOZ-GENERAL DE GAULLE", "marker-color": "#818181"}}, {"type": "Feature", "geometry": {"type": "Point", "coordinates": [2.348437, 48.771423]}, "properties": {"numparc": 5923, "etat de la localisation": "autre", "ID BDGEO": "24", "horodatage": "2022-09-17 10:03:21", "distance (en metres)": 658.53, "station": "JEAN MERMOZ-GENERAL DE GAULLE", "marker-color": "#818181"}}, {"type": "Feature", "geometry": {"type": "Point", "coordinates": [2.359413, 48.771748]}, "properties": {"numparc": 5924, "etat de la localisation": "autre", "ID BDGEO": "24", "horodatage": "2022-09-17 10:04:53", "distance (en metres)": 1451.97, "station": "JEAN MERMOZ-GENERAL DE GAULLE", "marker-color": "#818181"}}, {"type": "Feature", "geometry": {"type": "Point", "coordinates": [2.34321, 48.772224]}, "properties": {"numparc": 5923, "etat de la localisation": "autre", "ID BDGEO": "24", "horodatage": "2022-09-17 10:04:54", "distance (en metres)": 265.42, "station": "JEAN MERMOZ-GENERAL DE GAULLE", "marker-color": "#818181"}}, {"type": "Feature", "geometry": {"type": "Point", "coordinates": [2.316582, 48.779003]}, "properties": {"numparc": 5911, "etat de la localisation": "autre", "ID BDGEO": "59", "horodatage": "2022-09-17 10:05:46", "distance (en metres)": 786.42, "station": "BARBUSSE-LARROUMES", "marker-color": "#818181"}}, {"type": "Feature", "geometry": {"type": "Point", "coordinates": [2.363987, 48.770184]}, "properties": {"numparc": 5924, "etat de la localisation": "autre", "ID BDGEO": "24", "horodatage": "2022-09-17 10:06:18", "distance (en metres)": 1804.75, "station": "JEAN MERMOZ-GENERAL DE GAULLE", "marker-color": "#818181"}}, {"type": "Feature", "geometry": {"type": "Point", "coordinates": [2.340091, 48.775879]}, "properties": {"numparc": 5923, "etat de la localisation": "autre", "ID BDGEO": "24", "horodatage": "2022-09-17 10:07:32", "distance (en metres)": 359.79, "station": "JEAN MERMOZ-GENERAL DE GAULLE", "marker-color": "#818181"}}, {"type": "Feature", "geometry": {"type": "Point", "coordinates": [2.32253, 48.777111]}, "properties": {"numparc": 5911, "etat de la localisation": "autre", "ID BDGEO": "59", "horodatage": "2022-09-17 10:07:57", "distance (en metres)": 304.85, "station": "BARBUSSE-LARROUMES", "marker-color": "#818181"}}, {"type": "Feature", "geometry": {"type": "Point", "coordinates": [2.367865, 48.768192]}, "properties": {"numparc": 5924, "etat de la localisation": "autre", "ID BDGEO": "24", "horodatage": "2022-09-17 10:08:31", "distance (en metres)": 2126.67, "station": "JEAN MERMOZ-GENERAL DE GAULLE", "marker-color": "#818181"}}, {"type": "Feature", "geometry": {"type": "Point", "coordinates": [2.340247, 48.77845]}, "properties": {"numparc": 5923, "etat de la localisation": "autre", "ID BDGEO": "24", "horodatage": "2022-09-17 10:09:40", "distance (en metres)": 645.72, "station": "JEAN MERMOZ-GENERAL DE GAULLE", "marker-color": "#818181"}}, {"type": "Feature", "geometry": {"type": "Point", "coordinates": [2.369319, 48.762981]}, "properties": {"numparc": 5924, "etat de la localisation": "autre", "ID BDGEO": "24", "horodatage": "2022-09-17 10:09:57", "distance (en metres)": 2426.15, "station": "JEAN MERMOZ-GENERAL DE GAULLE", "marker-color": "#818181"}}, {"type": "Feature", "geometry": {"type": "Point", "coordinates": [2.337439, 48.77985]}, "properties": {"numparc": 5923, "etat de la localisation": "autre", "ID BDGEO": "24", "horodatage": "2022-09-17 10:11:01", "distance (en metres)": 816.1, "station": "JEAN MERMOZ-GENERAL DE GAULLE", "marker-color": "#818181"}}, {"type": "Feature", "geometry": {"type": "Point", "coordinates": [2.369353, 48.759441]}, "properties": {"numparc": 5924, "etat de la localisation": "autre", "ID BDGEO": "24", "horodatage": "2022-09-17 10:12:17", "distance (en metres)": 2626.66, "station": "JEAN MERMOZ-GENERAL DE GAULLE", "marker-color": "#818181"}}, {"type": "Feature", "geometry": {"type": "Point", "coordinates": [2.334586, 48.778103]}, "properties": {"numparc": 5923, "etat de la localisation": "autre", "ID BDGEO": "59", "horodatage": "2022-09-17 10:12:53", "distance (en metres)": 694.61, "station": "BARBUSSE-LARROUMES", "marker-color": "#818181"}}, {"type": "Feature", "geometry": {"type": "Point", "coordinates": [2.334346, 48.777988]}, "properties": {"numparc": 5923, "etat de la localisation": "autre", "ID BDGEO": "59", "horodatage": "2022-09-17 10:13:06", "distance (en metres)": 673.38, "station": "BARBUSSE-LARROUMES", "marker-color": "#818181"}}, {"type": "Feature", "geometry": {"type": "Point", "coordinates": [2.36544, 48.759506]}, "properties": {"numparc": 5924, "etat de la localisation": "autre", "ID BDGEO": "24", "horodatage": "2022-09-17 10:13:08", "distance (en metres)": 2389.89, "station": "JEAN MERMOZ-GENERAL DE GAULLE", "marker-color": "#818181"}}, {"type": "Feature", "geometry": {"type": "Point", "coordinates": [2.333474, 48.777603]}, "properties": {"numparc": 5923, "etat de la localisation": "autre", "ID BDGEO": "59", "horodatage": "2022-09-17 10:13:20", "distance (en metres)": 597.76, "station": "BARBUSSE-LARROUMES", "marker-color": "#818181"}}, {"type": "Feature", "geometry": {"type": "Point", "coordinates": [2.333261, 48.777477]}, "properties": {"numparc": 5923, "etat de la localisation": "autre", "ID BDGEO": "59", "horodatage": "2022-09-17 10:13:23", "distance (en metres)": 578.03, "station": "BARBUSSE-LARROUMES", "marker-color": "#818181"}}, {"type": "Feature", "geometry": {"type": "Point", "coordinates": [2.337569, 48.778889]}, "properties": {"numparc": 5911, "etat de la localisation": "autre", "ID BDGEO": "60", "horodatage": "2022-09-17 10:13:58", "distance (en metres)": 70.61, "station": "MAIRIE DE L'HAY LES ROSES", "marker-color": "#818181"}}, {"type": "Feature", "geometry": {"type": "Point", "coordinates": [2.330981, 48.77631]}, "properties": {"numparc": 5923, "etat de la localisation": "autre", "ID BDGEO": "59", "horodatage": "2022-09-17 10:14:04", "distance (en metres)": 379.13, "station": "BARBUSSE-LARROUMES", "marker-color": "#818181"}}, {"type": "Feature", "geometry": {"type": "Point", "coordinates": [2.330981, 48.77631]}, "properties": {"numparc": 5923, "etat de la localisation": "autre", "ID BDGEO": "59", "horodatage": "2022-09-17 10:14:08", "distance (en metres)": 379.13, "station": "BARBUSSE-LARROUMES", "marker-color": "#818181"}}, {"type": "Feature", "geometry": {"type": "Point", "coordinates": [2.32795, 48.775337]}, "properties": {"numparc": 5923, "etat de la localisation": "autre", "ID BDGEO": "59", "horodatage": "2022-09-17 10:15:26", "distance (en metres)": 148.99, "station": "BARBUSSE-LARROUMES", "marker-color": "#818181"}}, {"type": "Feature", "geometry": {"type": "Point", "coordinates": [2.357609, 48.763409]}, "properties": {"numparc": 5924, "etat de la localisation": "autre", "ID BDGEO": "24", "horodatage": "2022-09-17 10:15:34", "distance (en metres)": 1670.39, "station": "JEAN MERMOZ-GENERAL DE GAULLE", "marker-color": "#818181"}}, {"type": "Feature", "geometry": {"type": "Point", "coordinates": [2.357609, 48.763409]}, "properties": {"numparc": 5924, "etat de la localisation": "autre", "ID BDGEO": "24", "horodatage": "2022-09-17 10:15:43", "distance (en metres)": 1670.39, "station": "JEAN MERMOZ-GENERAL DE GAULLE", "marker-color": "#818181"}}, {"type": "Feature", "geometry": {"type": "Point", "coordinates": [2.357712, 48.763298]}, "properties": {"numparc": 5934, "etat de la localisation": "autre", "ID BDGEO": "24", "horodatage": "2022-09-17 10:16:55", "distance (en metres)": 1683.92, "station": "JEAN MERMOZ-GENERAL DE GAULLE", "marker-color": "#818181"}}, {"type": "Feature", "geometry": {"type": "Point", "coordinates": [2.325433, 48.775833]}, "properties": {"numparc": 5923, "etat de la localisation": "autre", "ID BDGEO": "59", "horodatage": "2022-09-17 10:17:09", "distance (en metres)": 49.38, "station": "BARBUSSE-LARROUMES", "marker-color": "#818181"}}, {"type": "Feature", "geometry": {"type": "Point", "coordinates": [2.321916, 48.777561]}, "properties": {"numparc": 5923, "etat de la localisation": "autre", "ID BDGEO": "59", "horodatage": "2022-09-17 10:18:25", "distance (en metres)": 370.71, "station": "BARBUSSE-LARROUMES", "marker-color": "#818181"}}, {"type": "Feature", "geometry": {"type": "Point", "coordinates": [2.347842, 48.771439]}, "properties": {"numparc": 5911, "etat de la localisation": "autre", "ID BDGEO": "24", "horodatage": "2022-09-17 10:19:20", "distance (en metres)": 615.57, "station": "JEAN MERMOZ-GENERAL DE GAULLE", "marker-color": "#818181"}}, {"type": "Feature", "geometry": {"type": "Point", "coordinates": [2.315499, 48.779591]}, "properties": {"numparc": 5923, "etat de la localisation": "autre", "ID BDGEO": "59", "horodatage": "2022-09-17 10:21:05", "distance (en metres)": 887.77, "station": "BARBUSSE-LARROUMES", "marker-color": "#818181"}}, {"type": "Feature", "geometry": {"type": "Point", "coordinates": [2.368752, 48.759647]}, "properties": {"numparc": 5934, "etat de la localisation": "autre", "ID BDGEO": "24", "horodatage": "2022-09-17 10:21:13", "distance (en metres)": 2577.33, "station": "JEAN MERMOZ-GENERAL DE GAULLE", "marker-color": "#818181"}}, {"type": "Feature", "geometry": {"type": "Point", "coordinates": [2.315499, 48.779591]}, "properties": {"numparc": 5923, "etat de la localisation": "autre", "ID BDGEO": "59", "horodatage": "2022-09-17 10:21:21", "distance (en metres)": 887.77, "station": "BARBUSSE-LARROUMES", "marker-color": "#818181"}}, {"type": "Feature", "geometry": {"type": "Point", "coordinates": [2.35546, 48.771252]}, "properties": {"numparc": 5911, "etat de la localisation": "autre", "ID BDGEO": "24", "horodatage": "2022-09-17 10:21:59", "distance (en metres)": 1169.24, "station": "JEAN MERMOZ-GENERAL DE GAULLE", "marker-color": "#818181"}}, {"type": "Feature", "geometry": {"type": "Point", "coordinates": [2.359382, 48.771786]}, "properties": {"numparc": 5911, "etat de la localisation": "autre", "ID BDGEO": "24", "horodatage": "2022-09-17 10:23:29", "distance (en metres)": 1449.41, "station": "JEAN MERMOZ-GENERAL DE GAULLE", "marker-color": "#818181"}}, {"type": "Feature", "geometry": {"type": "Point", "coordinates": [2.314945, 48.782703]}, "properties": {"numparc": 5923, "etat de la localisation": "autre", "ID BDGEO": "59", "horodatage": "2022-09-17 10:24:24", "distance (en metres)": 1132.87, "station": "BARBUSSE-LARROUMES", "marker-color": "#818181"}}, {"type": "Feature", "geometry": {"type": "Point", "coordinates": [2.367203, 48.769085]}, "properties": {"numparc": 5934, "etat de la localisation": "autre", "ID BDGEO": "24", "horodatage": "2022-09-17 10:24:47", "distance (en metres)": 2058.06, "station": "JEAN MERMOZ-GENERAL DE GAULLE", "marker-color": "#818181"}}, {"type": "Feature", "geometry": {"type": "Point", "coordinates": [2.363931, 48.770233]}, "properties": {"numparc": 5911, "etat de la localisation": "autre", "ID BDGEO": "24", "horodatage": "2022-09-17 10:24:58", "distance (en metres)": 1799.86, "station": "JEAN MERMOZ-GENERAL DE GAULLE", "marker-color": "#818181"}}, {"type": "Feature", "geometry": {"type": "Point", "coordinates": [2.313471, 48.779049]}, "properties": {"numparc": 5923, "etat de la localisation": "autre", "ID BDGEO": "59", "horodatage": "2022-09-17 10:26:09", "distance (en metres)": 993.49, "station": "BARBUSSE-LARROUMES", "marker-color": "#818181"}}, {"type": "Feature", "geometry": {"type": "Point", "coordinates": [2.363129, 48.770592]}, "properties": {"numparc": 5934, "etat de la localisation": "autre", "ID BDGEO": "24", "horodatage": "2022-09-17 10:26:35", "distance (en metres)": 1736.04, "station": "JEAN MERMOZ-GENERAL DE GAULLE", "marker-color": "#818181"}}, {"type": "Feature", "geometry": {"type": "Point", "coordinates": [2.367851, 48.768211]}, "properties": {"numparc": 5911, "etat de la localisation": "autre", "ID BDGEO": "24", "horodatage": "2022-09-17 10:27:20", "distance (en metres)": 2125.17, "station": "JEAN MERMOZ-GENERAL DE GAULLE", "marker-color": "#818181"}}, {"type": "Feature", "geometry": {"type": "Point", "coordinates": [2.3133, 48.776642]}, "properties": {"numparc": 5923, "etat de la localisation": "autre", "ID BDGEO": "59", "horodatage": "2022-09-17 10:27:26", "distance (en metres)": 934.32, "station": "BARBUSSE-LARROUMES", "marker-color": "#818181"}}, {"type": "Feature", "geometry": {"type": "Point", "coordinates": [2.357842, 48.771973]}, "properties": {"numparc": 5934, "etat de la localisation": "autre", "ID BDGEO": "24", "horodatage": "2022-09-17 10:28:11", "distance (en metres)": 1335.49, "station": "JEAN MERMOZ-GENERAL DE GAULLE", "marker-color": "#818181"}}, {"type": "Feature", "geometry": {"type": "Point", "coordinates": [2.307052, 48.777443]}, "properties": {"numparc": 5923, "etat de la localisation": "autre", "ID BDGEO": "59", "horodatage": "2022-09-17 10:29:09", "distance (en metres)": 1400.16, "station": "BARBUSSE-LARROUMES", "marker-color": "#818181"}}, {"type": "Feature", "geometry": {"type": "Point", "coordinates": [2.369306, 48.75943]}, "properties": {"numparc": 5911, "etat de la localisation": "autre", "ID BDGEO": "24", "horodatage": "2022-09-17 10:29:54", "distance (en metres)": 2624.51, "station": "JEAN MERMOZ-GENERAL DE GAULLE", "marker-color": "#818181"}}, {"type": "Feature", "geometry": {"type": "Point", "coordinates": [2.354897, 48.771072]}, "properties": {"numparc": 5934, "etat de la localisation": "autre", "ID BDGEO": "24", "horodatage": "2022-09-17 10:30:23", "distance (en metres)": 1131.31, "station": "JEAN MERMOZ-GENERAL DE GAULLE", "marker-color": "#818181"}}, {"type": "Feature", "geometry": {"type": "Point", "coordinates": [2.365447, 48.759502]}, "properties": {"numparc": 5911, "etat de la localisation": "autre", "ID BDGEO": "24", "horodatage": "2022-09-17 10:30:49", "distance (en metres)": 2390.56, "station": "JEAN MERMOZ-GENERAL DE GAULLE", "marker-color": "#818181"}}, {"type": "Feature", "geometry": {"type": "Point", "coordinates": [2.303066, 48.778324]}, "properties": {"numparc": 5923, "etat de la localisation": "autre", "ID BDGEO": "59", "horodatage": "2022-09-17 10:31:21", "distance (en metres)": 1704.49, "station": "BARBUSSE-LARROUMES", "marker-color": "#818181"}}, {"type": "Feature", "geometry": {"type": "Point", "coordinates": [2.297751, 48.778496]}, "properties": {"numparc": 5923, "etat de la localisation": "autre", "ID BDGEO": "59", "horodatage": "2022-09-17 10:32:42", "distance (en metres)": 2091.6, "station": "BARBUSSE-LARROUMES", "marker-color": "#818181"}}, {"type": "Feature", "geometry": {"type": "Point", "coordinates": [2.348375, 48.771427]}, "properties": {"numparc": 5934, "etat de la localisation": "autre", "ID BDGEO": "24", "horodatage": "2022-09-17 10:32:47", "distance (en metres)": 654.0, "station": "JEAN MERMOZ-GENERAL DE GAULLE", "marker-color": "#818181"}}, {"type": "Feature", "geometry": {"type": "Point", "coordinates": [2.357584, 48.763424]}, "properties": {"numparc": 5911, "etat de la localisation": "autre", "ID BDGEO": "24", "horodatage": "2022-09-17 10:33:15", "distance (en metres)": 1667.9, "station": "JEAN MERMOZ-GENERAL DE GAULLE", "marker-color": "#818181"}}, {"type": "Feature", "geometry": {"type": "Point", "coordinates": [2.343185, 48.772255]}, "properties": {"numparc": 5934, "etat de la localisation": "autre", "ID BDGEO": "24", "horodatage": "2022-09-17 10:33:55", "distance (en metres)": 263.02, "station": "JEAN MERMOZ-GENERAL DE GAULLE", "marker-color": "#818181"}}, {"type": "Feature", "geometry": {"type": "Point", "coordinates": [2.291148, 48.778969]}, "properties": {"numparc": 5923, "etat de la localisation": "autre", "ID BDGEO": "59", "horodatage": "2022-09-17 10:35:30", "distance (en metres)": 2577.8, "station": "BARBUSSE-LARROUMES", "marker-color": "#818181"}}, {"type": "Feature", "geometry": {"type": "Point", "coordinates": [2.288307, 48.778831]}, "properties": {"numparc": 5923, "etat de la localisation": "autre", "ID BDGEO": "59", "horodatage": "2022-09-17 10:36:37", "distance (en metres)": 2781.81, "station": "BARBUSSE-LARROUMES", "marker-color": "#818181"}}, {"type": "Feature", "geometry": {"type": "Point", "coordinates": [2.340022, 48.775902]}, "properties": {"numparc": 5934, "etat de la localisation": "autre", "ID BDGEO": "24", "horodatage": "2022-09-17 10:36:58", "distance (en metres)": 361.91, "station": "JEAN MERMOZ-GENERAL DE GAULLE", "marker-color": "#818181"}}, {"type": "Feature", "geometry": {"type": "Point", "coordinates": [2.340195, 48.778446]}, "properties": {"numparc": 5934, "etat de la localisation": "autre", "ID BDGEO": "24", "horodatage": "2022-09-17 10:38:59", "distance (en metres)": 645.04, "station": "JEAN MERMOZ-GENERAL DE GAULLE", "marker-color": "#818181"}}, {"type": "Feature", "geometry": {"type": "Point", "coordinates": [2.281425, 48.779785]}, "properties": {"numparc": 5923, "etat de la localisation": "autre", "ID BDGEO": "59", "horodatage": "2022-09-17 10:39:58", "distance (en metres)": 3295.86, "station": "BARBUSSE-LARROUMES", "marker-color": "#818181"}}, {"type": "Feature", "geometry": {"type": "Point", "coordinates": [2.281425, 48.779785]}, "properties": {"numparc": 5923, "etat de la localisation": "autre", "ID BDGEO": "59", "horodatage": "2022-09-17 10:40:11", "distance (en metres)": 3295.86, "station": "BARBUSSE-LARROUMES", "marker-color": "#818181"}}, {"type": "Feature", "geometry": {"type": "Point", "coordinates": [2.337179, 48.779911]}, "properties": {"numparc": 5934, "etat de la localisation": "autre", "ID BDGEO": "24", "horodatage": "2022-09-17 10:40:45", "distance (en metres)": 826.72, "station": "JEAN MERMOZ-GENERAL DE GAULLE", "marker-color": "#818181"}}, {"type": "Feature", "geometry": {"type": "Point", "coordinates": [2.334598, 48.77816]}, "properties": {"numparc": 5934, "etat de la localisation": "autre", "ID BDGEO": "59", "horodatage": "2022-09-17 10:44:37", "distance (en metres)": 698.06, "station": "BARBUSSE-LARROUMES", "marker-color": "#818181"}}, {"type": "Feature", "geometry": {"type": "Point", "coordinates": [2.330946, 48.776318]}, "properties": {"numparc": 5934, "etat de la localisation": "autre", "ID BDGEO": "59", "horodatage": "2022-09-17 10:45:53", "distance (en metres)": 376.82, "station": "BARBUSSE-LARROUMES", "marker-color": "#818181"}}, {"type": "Feature", "geometry": {"type": "Point", "coordinates": [2.321822, 48.777596]}, "properties": {"numparc": 5934, "etat de la localisation": "autre", "ID BDGEO": "59", "horodatage": "2022-09-17 10:49:56", "distance (en metres)": 378.51, "station": "BARBUSSE-LARROUMES", "marker-color": "#818181"}}, {"type": "Feature", "geometry": {"type": "Point", "coordinates": [2.368773, 48.759605]}, "properties": {"numparc": 5924, "etat de la localisation": "autre", "ID BDGEO": "24", "horodatage": "2022-09-17 10:50:22", "distance (en metres)": 2581.22, "station": "JEAN MERMOZ-GENERAL DE GAULLE", "marker-color": "#818181"}}, {"type": "Feature", "geometry": {"type": "Point", "coordinates": [2.315366, 48.779594]}, "properties": {"numparc": 5934, "etat de la localisation": "autre", "ID BDGEO": "59", "horodatage": "2022-09-17 10:52:43", "distance (en metres)": 896.4, "station": "BARBUSSE-LARROUMES", "marker-color": "#818181"}}, {"type": "Feature", "geometry": {"type": "Point", "coordinates": [2.367205, 48.769104]}, "properties": {"numparc": 5924, "etat de la localisation": "autre", "ID BDGEO": "24", "horodatage": "2022-09-17 10:54:32", "distance (en metres)": 2057.8, "station": "JEAN MERMOZ-GENERAL DE GAULLE", "marker-color": "#818181"}}, {"type": "Feature", "geometry": {"type": "Point", "coordinates": [2.363183, 48.770607]}, "properties": {"numparc": 5924, "etat de la localisation": "autre", "ID BDGEO": "24", "horodatage": "2022-09-17 10:56:26", "distance (en metres)": 1739.75, "station": "JEAN MERMOZ-GENERAL DE GAULLE", "marker-color": "#818181"}}, {"type": "Feature", "geometry": {"type": "Point", "coordinates": [2.313462, 48.779102]}, "properties": {"numparc": 5934, "etat de la localisation": "autre", "ID BDGEO": "59", "horodatage": "2022-09-17 10:57:29", "distance (en metres)": 996.44, "station": "BARBUSSE-LARROUMES", "marker-color": "#818181"}}, {"type": "Feature", "geometry": {"type": "Point", "coordinates": [2.281425, 48.779785]}, "properties": {"numparc": 5923, "etat de la localisation": "autre", "ID BDGEO": "59", "horodatage": "2022-09-17 10:57:35", "distance (en metres)": 3295.86, "station": "BARBUSSE-LARROUMES", "marker-color": "#818181"}}, {"type": "Feature", "geometry": {"type": "Point", "coordinates": [2.357884, 48.771976]}, "properties": {"numparc": 5924, "etat de la localisation": "autre", "ID BDGEO": "24", "horodatage": "2022-09-17 10:58:20", "distance (en metres)": 1338.53, "station": "JEAN MERMOZ-GENERAL DE GAULLE", "marker-color": "#818181"}}, {"type": "Feature", "geometry": {"type": "Point", "coordinates": [2.354918, 48.77108]}, "properties": {"numparc": 5924, "etat de la localisation": "autre", "ID BDGEO": "24", "horodatage": "2022-09-17 10:59:40", "distance (en metres)": 1132.7, "station": "JEAN MERMOZ-GENERAL DE GAULLE", "marker-color": "#818181"}}, {"type": "Feature", "geometry": {"type": "Point", "coordinates": [2.313283, 48.776657]}, "properties": {"numparc": 5934, "etat de la localisation": "autre", "ID BDGEO": "59", "horodatage": "2022-09-17 10:59:40", "distance (en metres)": 935.78, "station": "BARBUSSE-LARROUMES", "marker-color": "#818181"}}, {"type": "Feature", "geometry": {"type": "Point", "coordinates": [2.284065, 48.779037]}, "properties": {"numparc": 5923, "etat de la localisation": "autre", "ID BDGEO": "59", "horodatage": "2022-09-17 11:01:38", "distance (en metres)": 3093.0, "station": "BARBUSSE-LARROUMES", "marker-color": "#818181"}}, {"type": "Feature", "geometry": {"type": "Point", "coordinates": [2.348407, 48.771465]}, "properties": {"numparc": 5924, "etat de la localisation": "autre", "ID BDGEO": "24", "horodatage": "2022-09-17 11:01:43", "distance (en metres)": 655.42, "station": "JEAN MERMOZ-GENERAL DE GAULLE", "marker-color": "#818181"}}, {"type": "Feature", "geometry": {"type": "Point", "coordinates": [2.357702, 48.763317]}, "properties": {"numparc": 5911, "etat de la localisation": "autre", "ID BDGEO": "24", "horodatage": "2022-09-17 11:02:20", "distance (en metres)": 1682.04, "station": "JEAN MERMOZ-GENERAL DE GAULLE", "marker-color": "#818181"}}, {"type": "Feature", "geometry": {"type": "Point", "coordinates": [2.30292, 48.778397]}, "properties": {"numparc": 5934, "etat de la localisation": "autre", "ID BDGEO": "59", "horodatage": "2022-09-17 11:02:38", "distance (en metres)": 1716.48, "station": "BARBUSSE-LARROUMES", "marker-color": "#818181"}}, {"type": "Feature", "geometry": {"type": "Point", "coordinates": [2.287908, 48.778835]}, "properties": {"numparc": 5923, "etat de la localisation": "autre", "ID BDGEO": "59", "horodatage": "2022-09-17 11:03:24", "distance (en metres)": 2810.84, "station": "BARBUSSE-LARROUMES", "marker-color": "#818181"}}, {"type": "Feature", "geometry": {"type": "Point", "coordinates": [2.343211, 48.772289]}, "properties": {"numparc": 5924, "etat de la localisation": "autre", "ID BDGEO": "24", "horodatage": "2022-09-17 11:03:32", "distance (en metres)": 264.28, "station": "JEAN MERMOZ-GENERAL DE GAULLE", "marker-color": "#818181"}}, {"type": "Feature", "geometry": {"type": "Point", "coordinates": [2.29754, 48.778542]}, "properties": {"numparc": 5934, "etat de la localisation": "autre", "ID BDGEO": "59", "horodatage": "2022-09-17 11:04:05", "distance (en metres)": 2107.67, "station": "BARBUSSE-LARROUMES", "marker-color": "#818181"}}, {"type": "Feature", "geometry": {"type": "Point", "coordinates": [2.292313, 48.778858]}, "properties": {"numparc": 5923, "etat de la localisation": "autre", "ID BDGEO": "59", "horodatage": "2022-09-17 11:05:25", "distance (en metres)": 2491.54, "station": "BARBUSSE-LARROUMES", "marker-color": "#818181"}}, {"type": "Feature", "geometry": {"type": "Point", "coordinates": [2.340108, 48.775948]}, "properties": {"numparc": 5924, "etat de la localisation": "autre", "ID BDGEO": "24", "horodatage": "2022-09-17 11:06:11", "distance (en metres)": 367.51, "station": "JEAN MERMOZ-GENERAL DE GAULLE", "marker-color": "#818181"}}, {"type": "Feature", "geometry": {"type": "Point", "coordinates": [2.291024, 48.779057]}, "properties": {"numparc": 5934, "etat de la localisation": "autre", "ID BDGEO": "59", "horodatage": "2022-09-17 11:06:44", "distance (en metres)": 2588.24, "station": "BARBUSSE-LARROUMES", "marker-color": "#818181"}}, {"type": "Feature", "geometry": {"type": "Point", "coordinates": [2.297181, 48.77858]}, "properties": {"numparc": 5923, "etat de la localisation": "autre", "ID BDGEO": "59", "horodatage": "2022-09-17 11:07:07", "distance (en metres)": 2134.32, "station": "BARBUSSE-LARROUMES", "marker-color": "#818181"}}, {"type": "Feature", "geometry": {"type": "Point", "coordinates": [2.288147, 48.778942]}, "properties": {"numparc": 5934, "etat de la localisation": "autre", "ID BDGEO": "59", "horodatage": "2022-09-17 11:08:17", "distance (en metres)": 2795.07, "station": "BARBUSSE-LARROUMES", "marker-color": "#818181"}}, {"type": "Feature", "geometry": {"type": "Point", "coordinates": [2.340261, 48.778503]}, "properties": {"numparc": 5924, "etat de la localisation": "autre", "ID BDGEO": "24", "horodatage": "2022-09-17 11:08:20", "distance (en metres)": 651.71, "station": "JEAN MERMOZ-GENERAL DE GAULLE", "marker-color": "#818181"}}, {"type": "Feature", "geometry": {"type": "Point", "coordinates": [2.337185, 48.779942]}, "properties": {"numparc": 5924, "etat de la localisation": "autre", "ID BDGEO": "24", "horodatage": "2022-09-17 11:09:37", "distance (en metres)": 829.94, "station": "JEAN MERMOZ-GENERAL DE GAULLE", "marker-color": "#818181"}}, {"type": "Feature", "geometry": {"type": "Point", "coordinates": [2.304153, 48.778084]}, "properties": {"numparc": 5923, "etat de la localisation": "autre", "ID BDGEO": "59", "horodatage": "2022-09-17 11:09:48", "distance (en metres)": 1621.36, "station": "BARBUSSE-LARROUMES", "marker-color": "#818181"}}, {"type": "Feature", "geometry": {"type": "Point", "coordinates": [2.283311, 48.779133]}, "properties": {"numparc": 5934, "etat de la localisation": "autre", "ID BDGEO": "59", "horodatage": "2022-09-17 11:10:01", "distance (en metres)": 3149.16, "station": "BARBUSSE-LARROUMES", "marker-color": "#818181"}}, {"type": "Feature", "geometry": {"type": "Point", "coordinates": [2.308254, 48.777325]}, "properties": {"numparc": 5923, "etat de la localisation": "autre", "ID BDGEO": "59", "horodatage": "2022-09-17 11:11:07", "distance (en metres)": 1311.11, "station": "BARBUSSE-LARROUMES", "marker-color": "#818181"}}, {"type": "Feature", "geometry": {"type": "Point", "coordinates": [2.281399, 48.779808]}, "properties": {"numparc": 5934, "etat de la localisation": "autre", "ID BDGEO": "59", "horodatage": "2022-09-17 11:11:52", "distance (en metres)": 3298.11, "station": "BARBUSSE-LARROUMES", "marker-color": "#818181"}}, {"type": "Feature", "geometry": {"type": "Point", "coordinates": [2.281399, 48.779808]}, "properties": {"numparc": 5934, "etat de la localisation": "autre", "ID BDGEO": "59", "horodatage": "2022-09-17 11:11:57", "distance (en metres)": 3298.11, "station": "BARBUSSE-LARROUMES", "marker-color": "#818181"}}, {"type": "Feature", "geometry": {"type": "Point", "coordinates": [2.31224, 48.776516]}, "properties": {"numparc": 5923, "etat de la localisation": "autre", "ID BDGEO": "59", "horodatage": "2022-09-17 11:12:10", "distance (en metres)": 1009.79, "station": "BARBUSSE-LARROUMES", "marker-color": "#818181"}}, {"type": "Feature", "geometry": {"type": "Point", "coordinates": [2.334522, 48.778149]}, "properties": {"numparc": 5924, "etat de la localisation": "autre", "ID BDGEO": "59", "horodatage": "2022-09-17 11:12:33", "distance (en metres)": 692.46, "station": "BARBUSSE-LARROUMES", "marker-color": "#818181"}}, {"type": "Feature", "geometry": {"type": "Point", "coordinates": [2.330895, 48.776337]}, "properties": {"numparc": 5924, "etat de la localisation": "autre", "ID BDGEO": "59", "horodatage": "2022-09-17 11:13:54", "distance (en metres)": 373.68, "station": "BARBUSSE-LARROUMES", "marker-color": "#818181"}}, {"type": "Feature", "geometry": {"type": "Point", "coordinates": [2.31657, 48.779057]}, "properties": {"numparc": 5923, "etat de la localisation": "autre", "ID BDGEO": "59", "horodatage": "2022-09-17 11:14:26", "distance (en metres)": 790.11, "station": "BARBUSSE-LARROUMES", "marker-color": "#818181"}}, {"type": "Feature", "geometry": {"type": "Point", "coordinates": [2.368759, 48.759628]}, "properties": {"numparc": 5911, "etat de la localisation": "autre", "ID BDGEO": "24", "horodatage": "2022-09-17 11:16:17", "distance (en metres)": 2578.94, "station": "JEAN MERMOZ-GENERAL DE GAULLE", "marker-color": "#818181"}}, {"type": "Feature", "geometry": {"type": "Point", "coordinates": [2.322521, 48.777245]}, "properties": {"numparc": 5923, "etat de la localisation": "autre", "ID BDGEO": "59", "horodatage": "2022-09-17 11:16:32", "distance (en metres)": 314.12, "station": "BARBUSSE-LARROUMES", "marker-color": "#818181"}}, {"type": "Feature", "geometry": {"type": "Point", "coordinates": [2.321854, 48.777618]}, "properties": {"numparc": 5924, "etat de la localisation": "autre", "ID BDGEO": "59", "horodatage": "2022-09-17 11:18:27", "distance (en metres)": 378.18, "station": "BARBUSSE-LARROUMES", "marker-color": "#818181"}}, {"type": "Feature", "geometry": {"type": "Point", "coordinates": [2.367221, 48.7691]}, "properties": {"numparc": 5911, "etat de la localisation": "autre", "ID BDGEO": "24", "horodatage": "2022-09-17 11:20:22", "distance (en metres)": 2059.04, "station": "JEAN MERMOZ-GENERAL DE GAULLE", "marker-color": "#818181"}}, {"type": "Feature", "geometry": {"type": "Point", "coordinates": [2.363153, 48.770615]}, "properties": {"numparc": 5911, "etat de la localisation": "autre", "ID BDGEO": "24", "horodatage": "2022-09-17 11:21:25", "distance (en metres)": 1737.45, "station": "JEAN MERMOZ-GENERAL DE GAULLE", "marker-color": "#818181"}}, {"type": "Feature", "geometry": {"type": "Point", "coordinates": [2.315456, 48.779697]}, "properties": {"numparc": 5924, "etat de la localisation": "autre", "ID BDGEO": "59", "horodatage": "2022-09-17 11:22:39", "distance (en metres)": 896.57, "station": "BARBUSSE-LARROUMES", "marker-color": "#818181"}}, {"type": "Feature", "geometry": {"type": "Point", "coordinates": [2.337573, 48.778961]}, "properties": {"numparc": 5923, "etat de la localisation": "autre", "ID BDGEO": "60", "horodatage": "2022-09-17 11:22:41", "distance (en metres)": 69.58, "station": "MAIRIE DE L'HAY LES ROSES", "marker-color": "#818181"}}, {"type": "Feature", "geometry": {"type": "Point", "coordinates": [2.357858, 48.771961]}, "properties": {"numparc": 5911, "etat de la localisation": "autre", "ID BDGEO": "24", "horodatage": "2022-09-17 11:22:57", "distance (en metres)": 1336.73, "station": "JEAN MERMOZ-GENERAL DE GAULLE", "marker-color": "#818181"}}, {"type": "Feature", "geometry": {"type": "Point", "coordinates": [2.34006, 48.776707]}, "properties": {"numparc": 5923, "etat de la localisation": "autre", "ID BDGEO": "23", "horodatage": "2022-09-17 11:24:03", "distance (en metres)": 73.72, "station": "TOURNELLES", "marker-color": "#818181"}}, {"type": "Feature", "geometry": {"type": "Point", "coordinates": [2.354892, 48.77108]}, "properties": {"numparc": 5911, "etat de la localisation": "autre", "ID BDGEO": "24", "horodatage": "2022-09-17 11:24:10", "distance (en metres)": 1130.82, "station": "JEAN MERMOZ-GENERAL DE GAULLE", "marker-color": "#818181"}}, {"type": "Feature", "geometry": {"type": "Point", "coordinates": [2.314918, 48.782742]}, "properties": {"numparc": 5924, "etat de la localisation": "autre", "ID BDGEO": "59", "horodatage": "2022-09-17 11:25:37", "distance (en metres)": 1137.26, "station": "BARBUSSE-LARROUMES", "marker-color": "#818181"}}, {"type": "Feature", "geometry": {"type": "Point", "coordinates": [2.287926, 48.778774]}, "properties": {"numparc": 5934, "etat de la localisation": "autre", "ID BDGEO": "59", "horodatage": "2022-09-17 11:25:44", "distance (en metres)": 2808.67, "station": "BARBUSSE-LARROUMES", "marker-color": "#818181"}}, {"type": "Feature", "geometry": {"type": "Point", "coordinates": [2.348362, 48.771435]}, "properties": {"numparc": 5911, "etat de la localisation": "autre", "ID BDGEO": "24", "horodatage": "2022-09-17 11:26:11", "distance (en metres)": 652.88, "station": "JEAN MERMOZ-GENERAL DE GAULLE", "marker-color": "#818181"}}, {"type": "Feature", "geometry": {"type": "Point", "coordinates": [2.347125, 48.771618]}, "properties": {"numparc": 5911, "etat de la localisation": "autre", "ID BDGEO": "24", "horodatage": "2022-09-17 11:26:56", "distance (en metres)": 559.98, "station": "JEAN MERMOZ-GENERAL DE GAULLE", "marker-color": "#818181"}}, {"type": "Feature", "geometry": {"type": "Point", "coordinates": [2.292336, 48.77879]}, "properties": {"numparc": 5934, "etat de la localisation": "autre", "ID BDGEO": "59", "horodatage": "2022-09-17 11:27:22", "distance (en metres)": 2488.76, "station": "BARBUSSE-LARROUMES", "marker-color": "#818181"}}, {"type": "Feature", "geometry": {"type": "Point", "coordinates": [2.313466, 48.779102]}, "properties": {"numparc": 5924, "etat de la localisation": "autre", "ID BDGEO": "59", "horodatage": "2022-09-17 11:27:37", "distance (en metres)": 996.17, "station": "BARBUSSE-LARROUMES", "marker-color": "#818181"}}, {"type": "Feature", "geometry": {"type": "Point", "coordinates": [2.342941, 48.772289]}, "properties": {"numparc": 5911, "etat de la localisation": "autre", "ID BDGEO": "24", "horodatage": "2022-09-17 11:28:04", "distance (en metres)": 244.76, "station": "JEAN MERMOZ-GENERAL DE GAULLE", "marker-color": "#818181"}}, {"type": "Feature", "geometry": {"type": "Point", "coordinates": [2.344149, 48.772213]}, "properties": {"numparc": 5923, "etat de la localisation": "autre", "ID BDGEO": "24", "horodatage": "2022-09-17 11:28:39", "distance (en metres)": 333.52, "station": "JEAN MERMOZ-GENERAL DE GAULLE", "marker-color": "#818181"}}, {"type": "Feature", "geometry": {"type": "Point", "coordinates": [2.297211, 48.778526]}, "properties": {"numparc": 5934, "etat de la localisation": "autre", "ID BDGEO": "59", "horodatage": "2022-09-17 11:29:08", "distance (en metres)": 2131.21, "station": "BARBUSSE-LARROUMES", "marker-color": "#818181"}}, {"type": "Feature", "geometry": {"type": "Point", "coordinates": [2.347935, 48.771572]}, "properties": {"numparc": 5923, "etat de la localisation": "autre", "ID BDGEO": "24", "horodatage": "2022-09-17 11:29:56", "distance (en metres)": 619.16, "station": "JEAN MERMOZ-GENERAL DE GAULLE", "marker-color": "#818181"}}, {"type": "Feature", "geometry": {"type": "Point", "coordinates": [2.30701, 48.777523]}, "properties": {"numparc": 5924, "etat de la localisation": "autre", "ID BDGEO": "59", "horodatage": "2022-09-17 11:30:13", "distance (en metres)": 1404.58, "station": "BARBUSSE-LARROUMES", "marker-color": "#818181"}}, {"type": "Feature", "geometry": {"type": "Point", "coordinates": [2.340067, 48.775917]}, "properties": {"numparc": 5911, "etat de la localisation": "autre", "ID BDGEO": "24", "horodatage": "2022-09-17 11:30:17", "distance (en metres)": 363.86, "station": "JEAN MERMOZ-GENERAL DE GAULLE", "marker-color": "#818181"}}, {"type": "Feature", "geometry": {"type": "Point", "coordinates": [2.304221, 48.778099]}, "properties": {"numparc": 5934, "etat de la localisation": "autre", "ID BDGEO": "59", "horodatage": "2022-09-17 11:31:05", "distance (en metres)": 1616.76, "station": "BARBUSSE-LARROUMES", "marker-color": "#818181"}}, {"type": "Feature", "geometry": {"type": "Point", "coordinates": [2.350618, 48.770805]}, "properties": {"numparc": 5923, "etat de la localisation": "autre", "ID BDGEO": "24", "horodatage": "2022-09-17 11:31:06", "distance (en metres)": 829.86, "station": "JEAN MERMOZ-GENERAL DE GAULLE", "marker-color": "#818181"}}, {"type": "Feature", "geometry": {"type": "Point", "coordinates": [2.302974, 48.778416]}, "properties": {"numparc": 5924, "etat de la localisation": "autre", "ID BDGEO": "59", "horodatage": "2022-09-17 11:31:19", "distance (en metres)": 1712.99, "station": "BARBUSSE-LARROUMES", "marker-color": "#818181"}}, {"type": "Feature", "geometry": {"type": "Point", "coordinates": [2.308291, 48.777325]}, "properties": {"numparc": 5934, "etat de la localisation": "autre", "ID BDGEO": "59", "horodatage": "2022-09-17 11:32:07", "distance (en metres)": 1308.43, "station": "BARBUSSE-LARROUMES", "marker-color": "#818181"}}, {"type": "Feature", "geometry": {"type": "Point", "coordinates": [2.355455, 48.771297]}, "properties": {"numparc": 5923, "etat de la localisation": "autre", "ID BDGEO": "24", "horodatage": "2022-09-17 11:32:19", "distance (en metres)": 1168.21, "station": "JEAN MERMOZ-GENERAL DE GAULLE", "marker-color": "#818181"}}, {"type": "Feature", "geometry": {"type": "Point", "coordinates": [2.340226, 48.778481]}, "properties": {"numparc": 5911, "etat de la localisation": "autre", "ID BDGEO": "24", "horodatage": "2022-09-17 11:32:24", "distance (en metres)": 649.0, "station": "JEAN MERMOZ-GENERAL DE GAULLE", "marker-color": "#818181"}}, {"type": "Feature", "geometry": {"type": "Point", "coordinates": [2.297625, 48.778557]}, "properties": {"numparc": 5924, "etat de la localisation": "autre", "ID BDGEO": "59", "horodatage": "2022-09-17 11:32:49", "distance (en metres)": 2101.78, "station": "BARBUSSE-LARROUMES", "marker-color": "#818181"}}, {"type": "Feature", "geometry": {"type": "Point", "coordinates": [2.312277, 48.776489]}, "properties": {"numparc": 5934, "etat de la localisation": "autre", "ID BDGEO": "59", "horodatage": "2022-09-17 11:33:02", "distance (en metres)": 1006.76, "station": "BARBUSSE-LARROUMES", "marker-color": "#818181"}}, {"type": "Feature", "geometry": {"type": "Point", "coordinates": [2.359433, 48.771812]}, "properties": {"numparc": 5923, "etat de la localisation": "autre", "ID BDGEO": "24", "horodatage": "2022-09-17 11:33:44", "distance (en metres)": 1452.95, "station": "JEAN MERMOZ-GENERAL DE GAULLE", "marker-color": "#818181"}}, {"type": "Feature", "geometry": {"type": "Point", "coordinates": [2.334572, 48.778187]}, "properties": {"numparc": 5911, "etat de la localisation": "autre", "ID BDGEO": "59", "horodatage": "2022-09-17 11:35:12", "distance (en metres)": 697.57, "station": "BARBUSSE-LARROUMES", "marker-color": "#818181"}}, {"type": "Feature", "geometry": {"type": "Point", "coordinates": [2.363934, 48.77029]}, "properties": {"numparc": 5923, "etat de la localisation": "autre", "ID BDGEO": "24", "horodatage": "2022-09-17 11:35:16", "distance (en metres)": 1799.14, "station": "JEAN MERMOZ-GENERAL DE GAULLE", "marker-color": "#818181"}}, {"type": "Feature", "geometry": {"type": "Point", "coordinates": [2.291036, 48.77903]}, "properties": {"numparc": 5924, "etat de la localisation": "autre", "ID BDGEO": "59", "horodatage": "2022-09-17 11:35:19", "distance (en metres)": 2586.93, "station": "BARBUSSE-LARROUMES", "marker-color": "#818181"}}, {"type": "Feature", "geometry": {"type": "Point", "coordinates": [2.330949, 48.776386]}, "properties": {"numparc": 5911, "etat de la localisation": "autre", "ID BDGEO": "59", "horodatage": "2022-09-17 11:36:19", "distance (en metres)": 378.86, "station": "BARBUSSE-LARROUMES", "marker-color": "#818181"}}, {"type": "Feature", "geometry": {"type": "Point", "coordinates": [2.288152, 48.778912]}, "properties": {"numparc": 5924, "etat de la localisation": "autre", "ID BDGEO": "59", "horodatage": "2022-09-17 11:36:34", "distance (en metres)": 2794.25, "station": "BARBUSSE-LARROUMES", "marker-color": "#818181"}}, {"type": "Feature", "geometry": {"type": "Point", "coordinates": [2.316588, 48.778988]}, "properties": {"numparc": 5934, "etat de la localisation": "autre", "ID BDGEO": "59", "horodatage": "2022-09-17 11:37:08", "distance (en metres)": 785.21, "station": "BARBUSSE-LARROUMES", "marker-color": "#818181"}}, {"type": "Feature", "geometry": {"type": "Point", "coordinates": [2.367916, 48.768299]}, "properties": {"numparc": 5923, "etat de la localisation": "autre", "ID BDGEO": "24", "horodatage": "2022-09-17 11:37:20", "distance (en metres)": 2127.56, "station": "JEAN MERMOZ-GENERAL DE GAULLE", "marker-color": "#818181"}}, {"type": "Feature", "geometry": {"type": "Point", "coordinates": [2.283336, 48.779121]}, "properties": {"numparc": 5924, "etat de la localisation": "autre", "ID BDGEO": "59", "horodatage": "2022-09-17 11:38:00", "distance (en metres)": 3147.18, "station": "BARBUSSE-LARROUMES", "marker-color": "#818181"}}, {"type": "Feature", "geometry": {"type": "Point", "coordinates": [2.32253, 48.777092]}, "properties": {"numparc": 5934, "etat de la localisation": "autre", "ID BDGEO": "59", "horodatage": "2022-09-17 11:39:18", "distance (en metres)": 303.64, "station": "BARBUSSE-LARROUMES", "marker-color": "#818181"}}, {"type": "Feature", "geometry": {"type": "Point", "coordinates": [2.281439, 48.779873]}, "properties": {"numparc": 5924, "etat de la localisation": "autre", "ID BDGEO": "59", "horodatage": "2022-09-17 11:39:39", "distance (en metres)": 3296.25, "station": "BARBUSSE-LARROUMES", "marker-color": "#818181"}}, {"type": "Feature", "geometry": {"type": "Point", "coordinates": [2.369421, 48.763111]}, "properties": {"numparc": 5923, "etat de la localisation": "autre", "ID BDGEO": "24", "horodatage": "2022-09-17 11:39:41", "distance (en metres)": 2426.51, "station": "JEAN MERMOZ-GENERAL DE GAULLE", "marker-color": "#818181"}}, {"type": "Feature", "geometry": {"type": "Point", "coordinates": [2.321832, 48.777584]}, "properties": {"numparc": 5911, "etat de la localisation": "autre", "ID BDGEO": "59", "horodatage": "2022-09-17 11:40:10", "distance (en metres)": 377.16, "station": "BARBUSSE-LARROUMES", "marker-color": "#818181"}}, {"type": "Feature", "geometry": {"type": "Point", "coordinates": [2.369292, 48.759441]}, "properties": {"numparc": 5923, "etat de la localisation": "autre", "ID BDGEO": "24", "horodatage": "2022-09-17 11:42:40", "distance (en metres)": 2622.95, "station": "JEAN MERMOZ-GENERAL DE GAULLE", "marker-color": "#818181"}}, {"type": "Feature", "geometry": {"type": "Point", "coordinates": [2.367477, 48.759327]}, "properties": {"numparc": 5923, "etat de la localisation": "autre", "ID BDGEO": "24", "horodatage": "2022-09-17 11:43:32", "distance (en metres)": 2521.32, "station": "JEAN MERMOZ-GENERAL DE GAULLE", "marker-color": "#818181"}}, {"type": "Feature", "geometry": {"type": "Point", "coordinates": [2.36716, 48.7593]}, "properties": {"numparc": 5923, "etat de la localisation": "autre", "ID BDGEO": "24", "horodatage": "2022-09-17 11:43:34", "distance (en metres)": 2504.33, "station": "JEAN MERMOZ-GENERAL DE GAULLE", "marker-color": "#818181"}}, {"type": "Feature", "geometry": {"type": "Point", "coordinates": [2.315428, 48.779625]}, "properties": {"numparc": 5911, "etat de la localisation": "autre", "ID BDGEO": "59", "horodatage": "2022-09-17 11:43:43", "distance (en metres)": 894.2, "station": "BARBUSSE-LARROUMES", "marker-color": "#818181"}}, {"type": "Feature", "geometry": {"type": "Point", "coordinates": [2.364152, 48.759594]}, "properties": {"numparc": 5923, "etat de la localisation": "autre", "ID BDGEO": "24", "horodatage": "2022-09-17 11:44:38", "distance (en metres)": 2309.8, "station": "JEAN MERMOZ-GENERAL DE GAULLE", "marker-color": "#818181"}}, {"type": "Feature", "geometry": {"type": "Point", "coordinates": [2.281439, 48.779873]}, "properties": {"numparc": 5924, "etat de la localisation": "autre", "ID BDGEO": "59", "horodatage": "2022-09-17 11:45:30", "distance (en metres)": 3296.25, "station": "BARBUSSE-LARROUMES", "marker-color": "#818181"}}, {"type": "Feature", "geometry": {"type": "Point", "coordinates": [2.337616, 48.778942]}, "properties": {"numparc": 5934, "etat de la localisation": "autre", "ID BDGEO": "60", "horodatage": "2022-09-17 11:45:46", "distance (en metres)": 72.95, "station": "MAIRIE DE L'HAY LES ROSES", "marker-color": "#818181"}}, {"type": "Feature", "geometry": {"type": "Point", "coordinates": [2.281439, 48.779873]}, "properties": {"numparc": 5924, "etat de la localisation": "autre", "ID BDGEO": "59", "horodatage": "2022-09-17 11:45:58", "distance (en metres)": 3296.25, "station": "BARBUSSE-LARROUMES", "marker-color": "#818181"}}, {"type": "Feature", "geometry": {"type": "Point", "coordinates": [2.357777, 48.763359]}, "properties": {"numparc": 5923, "etat de la localisation": "autre", "ID BDGEO": "24", "horodatage": "2022-09-17 11:46:12", "distance (en metres)": 1683.5, "station": "JEAN MERMOZ-GENERAL DE GAULLE", "marker-color": "#818181"}}, {"type": "Feature", "geometry": {"type": "Point", "coordinates": [2.314899, 48.782734]}, "properties": {"numparc": 5911, "etat de la localisation": "autre", "ID BDGEO": "59", "horodatage": "2022-09-17 11:46:46", "distance (en metres)": 1137.66, "station": "BARBUSSE-LARROUMES", "marker-color": "#818181"}}, {"type": "Feature", "geometry": {"type": "Point", "coordinates": [2.28795, 48.778717]}, "properties": {"numparc": 5924, "etat de la localisation": "autre", "ID BDGEO": "59", "horodatage": "2022-09-17 11:48:43", "distance (en metres)": 2806.11, "station": "BARBUSSE-LARROUMES", "marker-color": "#818181"}}, {"type": "Feature", "geometry": {"type": "Point", "coordinates": [2.313469, 48.779114]}, "properties": {"numparc": 5911, "etat de la localisation": "autre", "ID BDGEO": "59", "horodatage": "2022-09-17 11:48:43", "distance (en metres)": 996.48, "station": "BARBUSSE-LARROUMES", "marker-color": "#818181"}}, {"type": "Feature", "geometry": {"type": "Point", "coordinates": [2.313297, 48.776676]}, "properties": {"numparc": 5911, "etat de la localisation": "autre", "ID BDGEO": "59", "horodatage": "2022-09-17 11:50:03", "distance (en metres)": 935.04, "station": "BARBUSSE-LARROUMES", "marker-color": "#818181"}}, {"type": "Feature", "geometry": {"type": "Point", "coordinates": [2.292303, 48.778732]}, "properties": {"numparc": 5924, "etat de la localisation": "autre", "ID BDGEO": "59", "horodatage": "2022-09-17 11:50:38", "distance (en metres)": 2490.24, "station": "BARBUSSE-LARROUMES", "marker-color": "#818181"}}, {"type": "Feature", "geometry": {"type": "Point", "coordinates": [2.307009, 48.777512]}, "properties": {"numparc": 5911, "etat de la localisation": "autre", "ID BDGEO": "59", "horodatage": "2022-09-17 11:51:24", "distance (en metres)": 1404.44, "station": "BARBUSSE-LARROUMES", "marker-color": "#818181"}}, {"type": "Feature", "geometry": {"type": "Point", "coordinates": [2.344177, 48.772118]}, "properties": {"numparc": 5934, "etat de la localisation": "autre", "ID BDGEO": "24", "horodatage": "2022-09-17 11:52:12", "distance (en metres)": 337.27, "station": "JEAN MERMOZ-GENERAL DE GAULLE", "marker-color": "#818181"}}, {"type": "Feature", "geometry": {"type": "Point", "coordinates": [2.297217, 48.778416]}, "properties": {"numparc": 5924, "etat de la localisation": "autre", "ID BDGEO": "59", "horodatage": "2022-09-17 11:52:14", "distance (en metres)": 2128.9, "station": "BARBUSSE-LARROUMES", "marker-color": "#818181"}}, {"type": "Feature", "geometry": {"type": "Point", "coordinates": [2.347985, 48.7715]}, "properties": {"numparc": 5934, "etat de la localisation": "autre", "ID BDGEO": "24", "horodatage": "2022-09-17 11:53:22", "distance (en metres)": 624.37, "station": "JEAN MERMOZ-GENERAL DE GAULLE", "marker-color": "#818181"}}, {"type": "Feature", "geometry": {"type": "Point", "coordinates": [2.302954, 48.778374]}, "properties": {"numparc": 5911, "etat de la localisation": "autre", "ID BDGEO": "59", "horodatage": "2022-09-17 11:53:42", "distance (en metres)": 1713.57, "station": "BARBUSSE-LARROUMES", "marker-color": "#818181"}}, {"type": "Feature", "geometry": {"type": "Point", "coordinates": [2.350652, 48.770756]}, "properties": {"numparc": 5934, "etat de la localisation": "autre", "ID BDGEO": "24", "horodatage": "2022-09-17 11:54:52", "distance (en metres)": 833.66, "station": "JEAN MERMOZ-GENERAL DE GAULLE", "marker-color": "#818181"}}, {"type": "Feature", "geometry": {"type": "Point", "coordinates": [2.297582, 48.77853]}, "properties": {"numparc": 5911, "etat de la localisation": "autre", "ID BDGEO": "59", "horodatage": "2022-09-17 11:55:07", "distance (en metres)": 2104.43, "station": "BARBUSSE-LARROUMES", "marker-color": "#818181"}}, {"type": "Feature", "geometry": {"type": "Point", "coordinates": [2.304218, 48.777969]}, "properties": {"numparc": 5924, "etat de la localisation": "autre", "ID BDGEO": "59", "horodatage": "2022-09-17 11:55:21", "distance (en metres)": 1614.49, "station": "BARBUSSE-LARROUMES", "marker-color": "#818181"}}, {"type": "Feature", "geometry": {"type": "Point", "coordinates": [2.359464, 48.771793]}, "properties": {"numparc": 5934, "etat de la localisation": "autre", "ID BDGEO": "24", "horodatage": "2022-09-17 11:57:51", "distance (en metres)": 1455.35, "station": "JEAN MERMOZ-GENERAL DE GAULLE", "marker-color": "#818181"}}, {"type": "Feature", "geometry": {"type": "Point", "coordinates": [2.290864, 48.779049]}, "properties": {"numparc": 5911, "etat de la localisation": "autre", "ID BDGEO": "59", "horodatage": "2022-09-17 11:58:31", "distance (en metres)": 2599.7, "station": "BARBUSSE-LARROUMES", "marker-color": "#818181"}}, {"type": "Feature", "geometry": {"type": "Point", "coordinates": [2.368706, 48.759636]}, "properties": {"numparc": 5794, "etat de la localisation": "autre", "ID BDGEO": "24", "horodatage": "2022-09-17 11:58:58", "distance (en metres)": 2575.26, "station": "JEAN MERMOZ-GENERAL DE GAULLE", "marker-color": "#818181"}}, {"type": "Feature", "geometry": {"type": "Point", "coordinates": [2.36402, 48.770264]}, "properties": {"numparc": 5934, "etat de la localisation": "autre", "ID BDGEO": "24", "horodatage": "2022-09-17 11:59:20", "distance (en metres)": 1805.81, "station": "JEAN MERMOZ-GENERAL DE GAULLE", "marker-color": "#818181"}}, {"type": "Feature", "geometry": {"type": "Point", "coordinates": [2.288168, 48.778912]}, "properties": {"numparc": 5911, "etat de la localisation": "autre", "ID BDGEO": "59", "horodatage": "2022-09-17 11:59:41", "distance (en metres)": 2793.09, "station": "BARBUSSE-LARROUMES", "marker-color": "#818181"}}, {"type": "Feature", "geometry": {"type": "Point", "coordinates": [2.316654, 48.778957]}, "properties": {"numparc": 5924, "etat de la localisation": "autre", "ID BDGEO": "59", "horodatage": "2022-09-17 12:00:50", "distance (en metres)": 779.34, "station": "BARBUSSE-LARROUMES", "marker-color": "#818181"}}, {"type": "Feature", "geometry": {"type": "Point", "coordinates": [2.283339, 48.779099]}, "properties": {"numparc": 5911, "etat de la localisation": "autre", "ID BDGEO": "59", "horodatage": "2022-09-17 12:01:01", "distance (en metres)": 3146.63, "station": "BARBUSSE-LARROUMES", "marker-color": "#818181"}}, {"type": "Feature", "geometry": {"type": "Point", "coordinates": [2.368348, 48.76545]}, "properties": {"numparc": 5794, "etat de la localisation": "autre", "ID BDGEO": "24", "horodatage": "2022-09-17 12:01:30", "distance (en metres)": 2250.85, "station": "JEAN MERMOZ-GENERAL DE GAULLE", "marker-color": "#818181"}}, {"type": "Feature", "geometry": {"type": "Point", "coordinates": [2.367924, 48.768284]}, "properties": {"numparc": 5934, "etat de la localisation": "autre", "ID BDGEO": "24", "horodatage": "2022-09-17 12:02:08", "distance (en metres)": 2128.52, "station": "JEAN MERMOZ-GENERAL DE GAULLE", "marker-color": "#818181"}}, {"type": "Feature", "geometry": {"type": "Point", "coordinates": [2.281427, 48.779819]}, "properties": {"numparc": 5911, "etat de la localisation": "autre", "ID BDGEO": "59", "horodatage": "2022-09-17 12:02:47", "distance (en metres)": 3296.27, "station": "BARBUSSE-LARROUMES", "marker-color": "#818181"}}, {"type": "Feature", "geometry": {"type": "Point", "coordinates": [2.322539, 48.777092]}, "properties": {"numparc": 5924, "etat de la localisation": "autre", "ID BDGEO": "59", "horodatage": "2022-09-17 12:02:49", "distance (en metres)": 303.09, "station": "BARBUSSE-LARROUMES", "marker-color": "#818181"}}, {"type": "Feature", "geometry": {"type": "Point", "coordinates": [2.3681, 48.76527]}, "properties": {"numparc": 5934, "etat de la localisation": "autre", "ID BDGEO": "24", "horodatage": "2022-09-17 12:03:08", "distance (en metres)": 2241.12, "station": "JEAN MERMOZ-GENERAL DE GAULLE", "marker-color": "#818181"}}, {"type": "Feature", "geometry": {"type": "Point", "coordinates": [2.367187, 48.7691]}, "properties": {"numparc": 5794, "etat de la localisation": "autre", "ID BDGEO": "24", "horodatage": "2022-09-17 12:03:49", "distance (en metres)": 2056.59, "station": "JEAN MERMOZ-GENERAL DE GAULLE", "marker-color": "#818181"}}, {"type": "Feature", "geometry": {"type": "Point", "coordinates": [2.36314, 48.770611]}, "properties": {"numparc": 5794, "etat de la localisation": "autre", "ID BDGEO": "24", "horodatage": "2022-09-17 12:05:07", "distance (en metres)": 1736.57, "station": "JEAN MERMOZ-GENERAL DE GAULLE", "marker-color": "#818181"}}, {"type": "Feature", "geometry": {"type": "Point", "coordinates": [2.357877, 48.771976]}, "properties": {"numparc": 5794, "etat de la localisation": "autre", "ID BDGEO": "24", "horodatage": "2022-09-17 12:06:26", "distance (en metres)": 1338.03, "station": "JEAN MERMOZ-GENERAL DE GAULLE", "marker-color": "#818181"}}, {"type": "Feature", "geometry": {"type": "Point", "coordinates": [2.369324, 48.759441]}, "properties": {"numparc": 5934, "etat de la localisation": "autre", "ID BDGEO": "24", "horodatage": "2022-09-17 12:07:49", "distance (en metres)": 2624.89, "station": "JEAN MERMOZ-GENERAL DE GAULLE", "marker-color": "#818181"}}, {"type": "Feature", "geometry": {"type": "Point", "coordinates": [2.348352, 48.771439]}, "properties": {"numparc": 5794, "etat de la localisation": "autre", "ID BDGEO": "24", "horodatage": "2022-09-17 12:08:33", "distance (en metres)": 652.08, "station": "JEAN MERMOZ-GENERAL DE GAULLE", "marker-color": "#818181"}}, {"type": "Feature", "geometry": {"type": "Point", "coordinates": [2.337658, 48.778915]}, "properties": {"numparc": 5924, "etat de la localisation": "autre", "ID BDGEO": "60", "horodatage": "2022-09-17 12:09:23", "distance (en metres)": 76.44, "station": "MAIRIE DE L'HAY LES ROSES", "marker-color": "#818181"}}, {"type": "Feature", "geometry": {"type": "Point", "coordinates": [2.337658, 48.778915]}, "properties": {"numparc": 5924, "etat de la localisation": "autre", "ID BDGEO": "60", "horodatage": "2022-09-17 12:09:29", "distance (en metres)": 76.44, "station": "MAIRIE DE L'HAY LES ROSES", "marker-color": "#818181"}}, {"type": "Feature", "geometry": {"type": "Point", "coordinates": [2.343362, 48.772228]}, "properties": {"numparc": 5794, "etat de la localisation": "autre", "ID BDGEO": "24", "horodatage": "2022-09-17 12:09:53", "distance (en metres)": 276.32, "station": "JEAN MERMOZ-GENERAL DE GAULLE", "marker-color": "#818181"}}, {"type": "Feature", "geometry": {"type": "Point", "coordinates": [2.283951, 48.779011]}, "properties": {"numparc": 5911, "etat de la localisation": "autre", "ID BDGEO": "59", "horodatage": "2022-09-17 12:10:24", "distance (en metres)": 3100.92, "station": "BARBUSSE-LARROUMES", "marker-color": "#818181"}}, {"type": "Feature", "geometry": {"type": "Point", "coordinates": [2.287831, 48.77877]}, "properties": {"numparc": 5911, "etat de la localisation": "autre", "ID BDGEO": "59", "horodatage": "2022-09-17 12:11:36", "distance (en metres)": 2815.51, "station": "BARBUSSE-LARROUMES", "marker-color": "#818181"}}, {"type": "Feature", "geometry": {"type": "Point", "coordinates": [2.340033, 48.775955]}, "properties": {"numparc": 5794, "etat de la localisation": "autre", "ID BDGEO": "24", "horodatage": "2022-09-17 12:11:44", "distance (en metres)": 367.9, "station": "JEAN MERMOZ-GENERAL DE GAULLE", "marker-color": "#818181"}}, {"type": "Feature", "geometry": {"type": "Point", "coordinates": [2.357702, 48.763302]}, "properties": {"numparc": 5934, "etat de la localisation": "autre", "ID BDGEO": "24", "horodatage": "2022-09-17 12:12:29", "distance (en metres)": 1683.09, "station": "JEAN MERMOZ-GENERAL DE GAULLE", "marker-color": "#818181"}}, {"type": "Feature", "geometry": {"type": "Point", "coordinates": [2.340172, 48.778503]}, "properties": {"numparc": 5794, "etat de la localisation": "autre", "ID BDGEO": "24", "horodatage": "2022-09-17 12:13:39", "distance (en metres)": 651.29, "station": "JEAN MERMOZ-GENERAL DE GAULLE", "marker-color": "#818181"}}, {"type": "Feature", "geometry": {"type": "Point", "coordinates": [2.292407, 48.778797]}, "properties": {"numparc": 5911, "etat de la localisation": "autre", "ID BDGEO": "59", "horodatage": "2022-09-17 12:13:47", "distance (en metres)": 2483.74, "station": "BARBUSSE-LARROUMES", "marker-color": "#818181"}}, {"type": "Feature", "geometry": {"type": "Point", "coordinates": [2.337213, 48.77993]}, "properties": {"numparc": 5794, "etat de la localisation": "autre", "ID BDGEO": "24", "horodatage": "2022-09-17 12:14:46", "distance (en metres)": 828.25, "station": "JEAN MERMOZ-GENERAL DE GAULLE", "marker-color": "#818181"}}, {"type": "Feature", "geometry": {"type": "Point", "coordinates": [2.297189, 48.778496]}, "properties": {"numparc": 5911, "etat de la localisation": "autre", "ID BDGEO": "59", "horodatage": "2022-09-17 12:15:25", "distance (en metres)": 2132.27, "station": "BARBUSSE-LARROUMES", "marker-color": "#818181"}}, {"type": "Feature", "geometry": {"type": "Point", "coordinates": [2.357784, 48.763355]}, "properties": {"numparc": 5923, "etat de la localisation": "autre", "ID BDGEO": "24", "horodatage": "2022-09-17 12:15:29", "distance (en metres)": 1684.16, "station": "JEAN MERMOZ-GENERAL DE GAULLE", "marker-color": "#818181"}}, {"type": "Feature", "geometry": {"type": "Point", "coordinates": [2.344132, 48.772057]}, "properties": {"numparc": 5924, "etat de la localisation": "autre", "ID BDGEO": "24", "horodatage": "2022-09-17 12:16:00", "distance (en metres)": 335.3, "station": "JEAN MERMOZ-GENERAL DE GAULLE", "marker-color": "#818181"}}, {"type": "Feature", "geometry": {"type": "Point", "coordinates": [2.347896, 48.771439]}, "properties": {"numparc": 5924, "etat de la localisation": "autre", "ID BDGEO": "24", "horodatage": "2022-09-17 12:16:57", "distance (en metres)": 619.44, "station": "JEAN MERMOZ-GENERAL DE GAULLE", "marker-color": "#818181"}}, {"type": "Feature", "geometry": {"type": "Point", "coordinates": [2.334564, 48.778152]}, "properties": {"numparc": 5794, "etat de la localisation": "autre", "ID BDGEO": "59", "horodatage": "2022-09-17 12:16:58", "distance (en metres)": 695.43, "station": "BARBUSSE-LARROUMES", "marker-color": "#818181"}}, {"type": "Feature", "geometry": {"type": "Point", "coordinates": [2.350615, 48.770626]}, "properties": {"numparc": 5924, "etat de la localisation": "autre", "ID BDGEO": "24", "horodatage": "2022-09-17 12:17:58", "distance (en metres)": 834.82, "station": "JEAN MERMOZ-GENERAL DE GAULLE", "marker-color": "#818181"}}, {"type": "Feature", "geometry": {"type": "Point", "coordinates": [2.330942, 48.776329]}, "properties": {"numparc": 5794, "etat de la localisation": "autre", "ID BDGEO": "59", "horodatage": "2022-09-17 12:17:59", "distance (en metres)": 376.83, "station": "BARBUSSE-LARROUMES", "marker-color": "#818181"}}, {"type": "Feature", "geometry": {"type": "Point", "coordinates": [2.304081, 48.778011]}, "properties": {"numparc": 5911, "etat de la localisation": "autre", "ID BDGEO": "59", "horodatage": "2022-09-17 12:18:19", "distance (en metres)": 1625.18, "station": "BARBUSSE-LARROUMES", "marker-color": "#818181"}}, {"type": "Feature", "geometry": {"type": "Point", "coordinates": [2.308207, 48.777248]}, "properties": {"numparc": 5911, "etat de la localisation": "autre", "ID BDGEO": "59", "horodatage": "2022-09-17 12:19:31", "distance (en metres)": 1313.25, "station": "BARBUSSE-LARROUMES", "marker-color": "#818181"}}, {"type": "Feature", "geometry": {"type": "Point", "coordinates": [2.368747, 48.75964]}, "properties": {"numparc": 5923, "etat de la localisation": "autre", "ID BDGEO": "24", "horodatage": "2022-09-17 12:19:53", "distance (en metres)": 2577.5, "station": "JEAN MERMOZ-GENERAL DE GAULLE", "marker-color": "#818181"}}, {"type": "Feature", "geometry": {"type": "Point", "coordinates": [2.312226, 48.776421]}, "properties": {"numparc": 5911, "etat de la localisation": "autre", "ID BDGEO": "59", "horodatage": "2022-09-17 12:20:27", "distance (en metres)": 1009.71, "station": "BARBUSSE-LARROUMES", "marker-color": "#818181"}}, {"type": "Feature", "geometry": {"type": "Point", "coordinates": [2.321847, 48.77758]}, "properties": {"numparc": 5794, "etat de la localisation": "autre", "ID BDGEO": "59", "horodatage": "2022-09-17 12:20:50", "distance (en metres)": 376.02, "station": "BARBUSSE-LARROUMES", "marker-color": "#818181"}}, {"type": "Feature", "geometry": {"type": "Point", "coordinates": [2.359443, 48.771748]}, "properties": {"numparc": 5924, "etat de la localisation": "autre", "ID BDGEO": "24", "horodatage": "2022-09-17 12:21:07", "distance (en metres)": 1454.16, "station": "JEAN MERMOZ-GENERAL DE GAULLE", "marker-color": "#818181"}}, {"type": "Feature", "geometry": {"type": "Point", "coordinates": [2.368355, 48.765549]}, "properties": {"numparc": 5923, "etat de la localisation": "autre", "ID BDGEO": "24", "horodatage": "2022-09-17 12:21:50", "distance (en metres)": 2247.44, "station": "JEAN MERMOZ-GENERAL DE GAULLE", "marker-color": "#818181"}}, {"type": "Feature", "geometry": {"type": "Point", "coordinates": [2.36394, 48.77021]}, "properties": {"numparc": 5924, "etat de la localisation": "autre", "ID BDGEO": "24", "horodatage": "2022-09-17 12:22:31", "distance (en metres)": 1800.89, "station": "JEAN MERMOZ-GENERAL DE GAULLE", "marker-color": "#818181"}}, {"type": "Feature", "geometry": {"type": "Point", "coordinates": [2.315475, 48.779671]}, "properties": {"numparc": 5794, "etat de la localisation": "autre", "ID BDGEO": "59", "horodatage": "2022-09-17 12:22:36", "distance (en metres)": 893.84, "station": "BARBUSSE-LARROUMES", "marker-color": "#818181"}}, {"type": "Feature", "geometry": {"type": "Point", "coordinates": [2.316593, 48.77898]}, "properties": {"numparc": 5911, "etat de la localisation": "autre", "ID BDGEO": "59", "horodatage": "2022-09-17 12:23:25", "distance (en metres)": 784.48, "station": "BARBUSSE-LARROUMES", "marker-color": "#818181"}}, {"type": "Feature", "geometry": {"type": "Point", "coordinates": [2.367856, 48.7682]}, "properties": {"numparc": 5924, "etat de la localisation": "autre", "ID BDGEO": "24", "horodatage": "2022-09-17 12:23:46", "distance (en metres)": 2125.83, "station": "JEAN MERMOZ-GENERAL DE GAULLE", "marker-color": "#818181"}}, {"type": "Feature", "geometry": {"type": "Point", "coordinates": [2.36806, 48.765209]}, "properties": {"numparc": 5924, "etat de la localisation": "autre", "ID BDGEO": "24", "horodatage": "2022-09-17 12:24:44", "distance (en metres)": 2240.9, "station": "JEAN MERMOZ-GENERAL DE GAULLE", "marker-color": "#818181"}}, {"type": "Feature", "geometry": {"type": "Point", "coordinates": [2.367205, 48.769077]}, "properties": {"numparc": 5923, "etat de la localisation": "autre", "ID BDGEO": "24", "horodatage": "2022-09-17 12:24:52", "distance (en metres)": 2058.37, "station": "JEAN MERMOZ-GENERAL DE GAULLE", "marker-color": "#818181"}}, {"type": "Feature", "geometry": {"type": "Point", "coordinates": [2.322498, 48.777126]}, "properties": {"numparc": 5911, "etat de la localisation": "autre", "ID BDGEO": "59", "horodatage": "2022-09-17 12:25:47", "distance (en metres)": 307.74, "station": "BARBUSSE-LARROUMES", "marker-color": "#818181"}}, {"type": "Feature", "geometry": {"type": "Point", "coordinates": [2.313486, 48.779079]}, "properties": {"numparc": 5794, "etat de la localisation": "autre", "ID BDGEO": "59", "horodatage": "2022-09-17 12:25:53", "distance (en metres)": 993.81, "station": "BARBUSSE-LARROUMES", "marker-color": "#818181"}}, {"type": "Feature", "geometry": {"type": "Point", "coordinates": [2.369374, 48.762981]}, "properties": {"numparc": 5924, "etat de la localisation": "autre", "ID BDGEO": "24", "horodatage": "2022-09-17 12:26:13", "distance (en metres)": 2429.77, "station": "JEAN MERMOZ-GENERAL DE GAULLE", "marker-color": "#818181"}}, {"type": "Feature", "geometry": {"type": "Point", "coordinates": [2.363136, 48.770592]}, "properties": {"numparc": 5923, "etat de la localisation": "autre", "ID BDGEO": "24", "horodatage": "2022-09-17 12:26:16", "distance (en metres)": 1736.56, "station": "JEAN MERMOZ-GENERAL DE GAULLE", "marker-color": "#818181"}}, {"type": "Feature", "geometry": {"type": "Point", "coordinates": [2.313242, 48.776722]}, "properties": {"numparc": 5794, "etat de la localisation": "autre", "ID BDGEO": "59", "horodatage": "2022-09-17 12:27:10", "distance (en metres)": 939.74, "station": "BARBUSSE-LARROUMES", "marker-color": "#818181"}}, {"type": "Feature", "geometry": {"type": "Point", "coordinates": [2.357877, 48.771961]}, "properties": {"numparc": 5923, "etat de la localisation": "autre", "ID BDGEO": "24", "horodatage": "2022-09-17 12:28:32", "distance (en metres)": 1338.12, "station": "JEAN MERMOZ-GENERAL DE GAULLE", "marker-color": "#818181"}}, {"type": "Feature", "geometry": {"type": "Point", "coordinates": [2.369409, 48.759449]}, "properties": {"numparc": 5924, "etat de la localisation": "autre", "ID BDGEO": "24", "horodatage": "2022-09-17 12:28:34", "distance (en metres)": 2629.58, "station": "JEAN MERMOZ-GENERAL DE GAULLE", "marker-color": "#818181"}}, {"type": "Feature", "geometry": {"type": "Point", "coordinates": [2.365457, 48.759506]}, "properties": {"numparc": 5924, "etat de la localisation": "autre", "ID BDGEO": "4", "horodatage": "2022-09-17 12:29:25", "distance (en metres)": 1812.83, "station": "CENTRE BUS DE THIAIS-ENTREE", "marker-color": "#818181"}}, {"type": "Feature", "geometry": {"type": "Point", "coordinates": [2.354938, 48.771091]}, "properties": {"numparc": 5923, "etat de la localisation": "autre", "ID BDGEO": "24", "horodatage": "2022-09-17 12:29:36", "distance (en metres)": 1133.95, "station": "JEAN MERMOZ-GENERAL DE GAULLE", "marker-color": "#818181"}}, {"type": "Feature", "geometry": {"type": "Point", "coordinates": [2.302967, 48.778385]}, "properties": {"numparc": 5794, "etat de la localisation": "autre", "ID BDGEO": "59", "horodatage": "2022-09-17 12:29:41", "distance (en metres)": 1712.86, "station": "BARBUSSE-LARROUMES", "marker-color": "#818181"}}, {"type": "Feature", "geometry": {"type": "Point", "coordinates": [2.368753, 48.759663]}, "properties": {"numparc": 5934, "etat de la localisation": "autre", "ID BDGEO": "24", "horodatage": "2022-09-17 12:29:59", "distance (en metres)": 2576.43, "station": "JEAN MERMOZ-GENERAL DE GAULLE", "marker-color": "#818181"}}, {"type": "Feature", "geometry": {"type": "Point", "coordinates": [2.297542, 48.778515]}, "properties": {"numparc": 5794, "etat de la localisation": "autre", "ID BDGEO": "59", "horodatage": "2022-09-17 12:31:06", "distance (en metres)": 2107.04, "station": "BARBUSSE-LARROUMES", "marker-color": "#818181"}}, {"type": "Feature", "geometry": {"type": "Point", "coordinates": [2.348388, 48.771439]}, "properties": {"numparc": 5923, "etat de la localisation": "autre", "ID BDGEO": "24", "horodatage": "2022-09-17 12:31:31", "distance (en metres)": 654.66, "station": "JEAN MERMOZ-GENERAL DE GAULLE", "marker-color": "#818181"}}, {"type": "Feature", "geometry": {"type": "Point", "coordinates": [2.357655, 48.763355]}, "properties": {"numparc": 5924, "etat de la localisation": "autre", "ID BDGEO": "4", "horodatage": "2022-09-17 12:32:00", "distance (en metres)": 2505.18, "station": "CENTRE BUS DE THIAIS-ENTREE", "marker-color": "#818181"}}, {"type": "Feature", "geometry": {"type": "Point", "coordinates": [2.343155, 48.772255]}, "properties": {"numparc": 5923, "etat de la localisation": "autre", "ID BDGEO": "24", "horodatage": "2022-09-17 12:33:04", "distance (en metres)": 260.85, "station": "JEAN MERMOZ-GENERAL DE GAULLE", "marker-color": "#818181"}}, {"type": "Feature", "geometry": {"type": "Point", "coordinates": [2.29101, 48.77903]}, "properties": {"numparc": 5794, "etat de la localisation": "autre", "ID BDGEO": "59", "horodatage": "2022-09-17 12:33:28", "distance (en metres)": 2588.81, "station": "BARBUSSE-LARROUMES", "marker-color": "#818181"}}, {"type": "Feature", "geometry": {"type": "Point", "coordinates": [2.291002, 48.779022]}, "properties": {"numparc": 5794, "etat de la localisation": "autre", "ID BDGEO": "59", "horodatage": "2022-09-17 12:33:33", "distance (en metres)": 2589.25, "station": "BARBUSSE-LARROUMES", "marker-color": "#818181"}}, {"type": "Feature", "geometry": {"type": "Point", "coordinates": [2.33757, 48.778915]}, "properties": {"numparc": 5911, "etat de la localisation": "autre", "ID BDGEO": "60", "horodatage": "2022-09-17 12:33:34", "distance (en metres)": 70.09, "station": "MAIRIE DE L'HAY LES ROSES", "marker-color": "#818181"}}, {"type": "Feature", "geometry": {"type": "Point", "coordinates": [2.36721, 48.769089]}, "properties": {"numparc": 5934, "etat de la localisation": "autre", "ID BDGEO": "24", "horodatage": "2022-09-17 12:33:46", "distance (en metres)": 2058.48, "station": "JEAN MERMOZ-GENERAL DE GAULLE", "marker-color": "#818181"}}, {"type": "Feature", "geometry": {"type": "Point", "coordinates": [2.288127, 48.778839]}, "properties": {"numparc": 5794, "etat de la localisation": "autre", "ID BDGEO": "59", "horodatage": "2022-09-17 12:34:48", "distance (en metres)": 2795.0, "station": "BARBUSSE-LARROUMES", "marker-color": "#818181"}}, {"type": "Feature", "geometry": {"type": "Point", "coordinates": [2.339616, 48.773525]}, "properties": {"numparc": 5923, "etat de la localisation": "autre", "ID BDGEO": "24", "horodatage": "2022-09-17 12:34:54", "distance (en metres)": 96.64, "station": "JEAN MERMOZ-GENERAL DE GAULLE", "marker-color": "#818181"}}, {"type": "Feature", "geometry": {"type": "Point", "coordinates": [2.363092, 48.770622]}, "properties": {"numparc": 5934, "etat de la localisation": "autre", "ID BDGEO": "24", "horodatage": "2022-09-17 12:34:57", "distance (en metres)": 1732.9, "station": "JEAN MERMOZ-GENERAL DE GAULLE", "marker-color": "#818181"}}, {"type": "Feature", "geometry": {"type": "Point", "coordinates": [2.340053, 48.775917]}, "properties": {"numparc": 5923, "etat de la localisation": "autre", "ID BDGEO": "24", "horodatage": "2022-09-17 12:35:47", "distance (en metres)": 363.78, "station": "JEAN MERMOZ-GENERAL DE GAULLE", "marker-color": "#818181"}}, {"type": "Feature", "geometry": {"type": "Point", "coordinates": [2.283297, 48.779053]}, "properties": {"numparc": 5794, "etat de la localisation": "autre", "ID BDGEO": "59", "horodatage": "2022-09-17 12:36:19", "distance (en metres)": 3149.05, "station": "BARBUSSE-LARROUMES", "marker-color": "#818181"}}, {"type": "Feature", "geometry": {"type": "Point", "coordinates": [2.35789, 48.771984]}, "properties": {"numparc": 5934, "etat de la localisation": "autre", "ID BDGEO": "24", "horodatage": "2022-09-17 12:36:27", "distance (en metres)": 1338.92, "station": "JEAN MERMOZ-GENERAL DE GAULLE", "marker-color": "#818181"}}, {"type": "Feature", "geometry": {"type": "Point", "coordinates": [2.340228, 48.778477]}, "properties": {"numparc": 5923, "etat de la localisation": "autre", "ID BDGEO": "24", "horodatage": "2022-09-17 12:37:48", "distance (en metres)": 648.59, "station": "JEAN MERMOZ-GENERAL DE GAULLE", "marker-color": "#818181"}}, {"type": "Feature", "geometry": {"type": "Point", "coordinates": [2.348409, 48.771458]}, "properties": {"numparc": 5934, "etat de la localisation": "autre", "ID BDGEO": "24", "horodatage": "2022-09-17 12:38:42", "distance (en metres)": 655.73, "station": "JEAN MERMOZ-GENERAL DE GAULLE", "marker-color": "#818181"}}, {"type": "Feature", "geometry": {"type": "Point", "coordinates": [2.337205, 48.779915]}, "properties": {"numparc": 5923, "etat de la localisation": "autre", "ID BDGEO": "24", "horodatage": "2022-09-17 12:39:16", "distance (en metres)": 826.72, "station": "JEAN MERMOZ-GENERAL DE GAULLE", "marker-color": "#818181"}}, {"type": "Feature", "geometry": {"type": "Point", "coordinates": [2.344134, 48.772079]}, "properties": {"numparc": 5911, "etat de la localisation": "autre", "ID BDGEO": "24", "horodatage": "2022-09-17 12:39:54", "distance (en metres)": 334.96, "station": "JEAN MERMOZ-GENERAL DE GAULLE", "marker-color": "#818181"}}, {"type": "Feature", "geometry": {"type": "Point", "coordinates": [2.343208, 48.772278]}, "properties": {"numparc": 5934, "etat de la localisation": "autre", "ID BDGEO": "24", "horodatage": "2022-09-17 12:39:59", "distance (en metres)": 264.27, "station": "JEAN MERMOZ-GENERAL DE GAULLE", "marker-color": "#818181"}}, {"type": "Feature", "geometry": {"type": "Point", "coordinates": [2.347848, 48.771469]}, "properties": {"numparc": 5911, "etat de la localisation": "autre", "ID BDGEO": "24", "horodatage": "2022-09-17 12:40:50", "distance (en metres)": 615.26, "station": "JEAN MERMOZ-GENERAL DE GAULLE", "marker-color": "#818181"}}, {"type": "Feature", "geometry": {"type": "Point", "coordinates": [2.350593, 48.770668]}, "properties": {"numparc": 5911, "etat de la localisation": "autre", "ID BDGEO": "24", "horodatage": "2022-09-17 12:41:47", "distance (en metres)": 832.02, "station": "JEAN MERMOZ-GENERAL DE GAULLE", "marker-color": "#818181"}}, {"type": "Feature", "geometry": {"type": "Point", "coordinates": [2.340041, 48.775925]}, "properties": {"numparc": 5934, "etat de la localisation": "autre", "ID BDGEO": "24", "horodatage": "2022-09-17 12:42:15", "distance (en metres)": 364.55, "station": "JEAN MERMOZ-GENERAL DE GAULLE", "marker-color": "#818181"}}, {"type": "Feature", "geometry": {"type": "Point", "coordinates": [2.355403, 48.771225]}, "properties": {"numparc": 5911, "etat de la localisation": "autre", "ID BDGEO": "24", "horodatage": "2022-09-17 12:43:06", "distance (en metres)": 1165.51, "station": "JEAN MERMOZ-GENERAL DE GAULLE", "marker-color": "#818181"}}, {"type": "Feature", "geometry": {"type": "Point", "coordinates": [2.340192, 48.77845]}, "properties": {"numparc": 5934, "etat de la localisation": "autre", "ID BDGEO": "24", "horodatage": "2022-09-17 12:44:22", "distance (en metres)": 645.46, "station": "JEAN MERMOZ-GENERAL DE GAULLE", "marker-color": "#818181"}}, {"type": "Feature", "geometry": {"type": "Point", "coordinates": [2.359427, 48.771778]}, "properties": {"numparc": 5911, "etat de la localisation": "autre", "ID BDGEO": "24", "horodatage": "2022-09-17 12:44:52", "distance (en metres)": 1452.76, "station": "JEAN MERMOZ-GENERAL DE GAULLE", "marker-color": "#818181"}}, {"type": "Feature", "geometry": {"type": "Point", "coordinates": [2.321846, 48.777584]}, "properties": {"numparc": 5923, "etat de la localisation": "autre", "ID BDGEO": "59", "horodatage": "2022-09-17 12:45:23", "distance (en metres)": 376.33, "station": "BARBUSSE-LARROUMES", "marker-color": "#818181"}}, {"type": "Feature", "geometry": {"type": "Point", "coordinates": [2.281473, 48.779827]}, "properties": {"numparc": 5794, "etat de la localisation": "autre", "ID BDGEO": "59", "horodatage": "2022-09-17 12:45:32", "distance (en metres)": 3293.06, "station": "BARBUSSE-LARROUMES", "marker-color": "#818181"}}, {"type": "Feature", "geometry": {"type": "Point", "coordinates": [2.337237, 48.779884]}, "properties": {"numparc": 5934, "etat de la localisation": "autre", "ID BDGEO": "24", "horodatage": "2022-09-17 12:45:48", "distance (en metres)": 822.9, "station": "JEAN MERMOZ-GENERAL DE GAULLE", "marker-color": "#818181"}}, {"type": "Feature", "geometry": {"type": "Point", "coordinates": [2.363943, 48.770245]}, "properties": {"numparc": 5911, "etat de la localisation": "autre", "ID BDGEO": "24", "horodatage": "2022-09-17 12:46:12", "distance (en metres)": 1800.54, "station": "JEAN MERMOZ-GENERAL DE GAULLE", "marker-color": "#818181"}}, {"type": "Feature", "geometry": {"type": "Point", "coordinates": [2.334526, 48.778156]}, "properties": {"numparc": 5934, "etat de la localisation": "autre", "ID BDGEO": "59", "horodatage": "2022-09-17 12:47:38", "distance (en metres)": 693.08, "station": "BARBUSSE-LARROUMES", "marker-color": "#818181"}}, {"type": "Feature", "geometry": {"type": "Point", "coordinates": [2.284098, 48.778976]}, "properties": {"numparc": 5794, "etat de la localisation": "autre", "ID BDGEO": "59", "horodatage": "2022-09-17 12:47:39", "distance (en metres)": 3089.77, "station": "BARBUSSE-LARROUMES", "marker-color": "#818181"}}, {"type": "Feature", "geometry": {"type": "Point", "coordinates": [2.315425, 48.779633]}, "properties": {"numparc": 5923, "etat de la localisation": "autre", "ID BDGEO": "59", "horodatage": "2022-09-17 12:48:08", "distance (en metres)": 894.83, "station": "BARBUSSE-LARROUMES", "marker-color": "#818181"}}, {"type": "Feature", "geometry": {"type": "Point", "coordinates": [2.367887, 48.768223]}, "properties": {"numparc": 5911, "etat de la localisation": "autre", "ID BDGEO": "24", "horodatage": "2022-09-17 12:48:23", "distance (en metres)": 2127.44, "station": "JEAN MERMOZ-GENERAL DE GAULLE", "marker-color": "#818181"}}, {"type": "Feature", "geometry": {"type": "Point", "coordinates": [2.330906, 48.776348]}, "properties": {"numparc": 5934, "etat de la localisation": "autre", "ID BDGEO": "59", "horodatage": "2022-09-17 12:48:41", "distance (en metres)": 374.77, "station": "BARBUSSE-LARROUMES", "marker-color": "#818181"}}, {"type": "Feature", "geometry": {"type": "Point", "coordinates": [2.287951, 48.778786]}, "properties": {"numparc": 5794, "etat de la localisation": "autre", "ID BDGEO": "59", "horodatage": "2022-09-17 12:49:30", "distance (en metres)": 2807.01, "station": "BARBUSSE-LARROUMES", "marker-color": "#818181"}}, {"type": "Feature", "geometry": {"type": "Point", "coordinates": [2.314943, 48.782742]}, "properties": {"numparc": 5923, "etat de la localisation": "autre", "ID BDGEO": "59", "horodatage": "2022-09-17 12:51:16", "distance (en metres)": 1135.96, "station": "BARBUSSE-LARROUMES", "marker-color": "#818181"}}, {"type": "Feature", "geometry": {"type": "Point", "coordinates": [2.292375, 48.778809]}, "properties": {"numparc": 5794, "etat de la localisation": "autre", "ID BDGEO": "59", "horodatage": "2022-09-17 12:51:51", "distance (en metres)": 2486.24, "station": "BARBUSSE-LARROUMES", "marker-color": "#818181"}}, {"type": "Feature", "geometry": {"type": "Point", "coordinates": [2.369377, 48.759472]}, "properties": {"numparc": 5911, "etat de la localisation": "autre", "ID BDGEO": "24", "horodatage": "2022-09-17 12:52:39", "distance (en metres)": 2626.21, "station": "JEAN MERMOZ-GENERAL DE GAULLE", "marker-color": "#818181"}}, {"type": "Feature", "geometry": {"type": "Point", "coordinates": [2.313485, 48.779125]}, "properties": {"numparc": 5923, "etat de la localisation": "autre", "ID BDGEO": "59", "horodatage": "2022-09-17 12:53:17", "distance (en metres)": 995.92, "station": "BARBUSSE-LARROUMES", "marker-color": "#818181"}}, {"type": "Feature", "geometry": {"type": "Point", "coordinates": [2.315414, 48.779591]}, "properties": {"numparc": 5934, "etat de la localisation": "autre", "ID BDGEO": "59", "horodatage": "2022-09-17 12:54:11", "distance (en metres)": 893.16, "station": "BARBUSSE-LARROUMES", "marker-color": "#818181"}}, {"type": "Feature", "geometry": {"type": "Point", "coordinates": [2.313286, 48.776722]}, "properties": {"numparc": 5923, "etat de la localisation": "autre", "ID BDGEO": "59", "horodatage": "2022-09-17 12:54:38", "distance (en metres)": 936.54, "station": "BARBUSSE-LARROUMES", "marker-color": "#818181"}}, {"type": "Feature", "geometry": {"type": "Point", "coordinates": [2.357693, 48.763321]}, "properties": {"numparc": 5911, "etat de la localisation": "autre", "ID BDGEO": "24", "horodatage": "2022-09-17 12:55:18", "distance (en metres)": 1681.25, "station": "JEAN MERMOZ-GENERAL DE GAULLE", "marker-color": "#818181"}}, {"type": "Feature", "geometry": {"type": "Point", "coordinates": [2.312316, 48.776421]}, "properties": {"numparc": 5794, "etat de la localisation": "autre", "ID BDGEO": "59", "horodatage": "2022-09-17 12:56:34", "distance (en metres)": 1003.16, "station": "BARBUSSE-LARROUMES", "marker-color": "#818181"}}, {"type": "Feature", "geometry": {"type": "Point", "coordinates": [2.302969, 48.778362]}, "properties": {"numparc": 5923, "etat de la localisation": "autre", "ID BDGEO": "59", "horodatage": "2022-09-17 12:57:15", "distance (en metres)": 1712.26, "station": "BARBUSSE-LARROUMES", "marker-color": "#818181"}}, {"type": "Feature", "geometry": {"type": "Point", "coordinates": [2.314956, 48.782761]}, "properties": {"numparc": 5934, "etat de la localisation": "autre", "ID BDGEO": "59", "horodatage": "2022-09-17 12:57:20", "distance (en metres)": 1136.79, "station": "BARBUSSE-LARROUMES", "marker-color": "#818181"}}, {"type": "Feature", "geometry": {"type": "Point", "coordinates": [2.297615, 48.778538]}, "properties": {"numparc": 5923, "etat de la localisation": "autre", "ID BDGEO": "59", "horodatage": "2022-09-17 12:58:26", "distance (en metres)": 2102.16, "station": "BARBUSSE-LARROUMES", "marker-color": "#818181"}}, {"type": "Feature", "geometry": {"type": "Point", "coordinates": [2.313471, 48.779114]}, "properties": {"numparc": 5934, "etat de la localisation": "autre", "ID BDGEO": "59", "horodatage": "2022-09-17 12:59:27", "distance (en metres)": 996.34, "station": "BARBUSSE-LARROUMES", "marker-color": "#818181"}}, {"type": "Feature", "geometry": {"type": "Point", "coordinates": [2.31664, 48.778996]}, "properties": {"numparc": 5794, "etat de la localisation": "autre", "ID BDGEO": "59", "horodatage": "2022-09-17 12:59:34", "distance (en metres)": 782.31, "station": "BARBUSSE-LARROUMES", "marker-color": "#818181"}}, {"type": "Feature", "geometry": {"type": "Point", "coordinates": [2.291071, 48.778988]}, "properties": {"numparc": 5923, "etat de la localisation": "autre", "ID BDGEO": "59", "horodatage": "2022-09-17 13:00:20", "distance (en metres)": 2583.69, "station": "BARBUSSE-LARROUMES", "marker-color": "#818181"}}, {"type": "Feature", "geometry": {"type": "Point", "coordinates": [2.313277, 48.776703]}, "properties": {"numparc": 5934, "etat de la localisation": "autre", "ID BDGEO": "59", "horodatage": "2022-09-17 13:00:57", "distance (en metres)": 936.9, "station": "BARBUSSE-LARROUMES", "marker-color": "#818181"}}, {"type": "Feature", "geometry": {"type": "Point", "coordinates": [2.322586, 48.777126]}, "properties": {"numparc": 5794, "etat de la localisation": "autre", "ID BDGEO": "59", "horodatage": "2022-09-17 13:01:03", "distance (en metres)": 302.48, "station": "BARBUSSE-LARROUMES", "marker-color": "#818181"}}, {"type": "Feature", "geometry": {"type": "Point", "coordinates": [2.357693, 48.763321]}, "properties": {"numparc": 5911, "etat de la localisation": "autre", "ID BDGEO": "24", "horodatage": "2022-09-17 13:01:09", "distance (en metres)": 1681.25, "station": "JEAN MERMOZ-GENERAL DE GAULLE", "marker-color": "#818181"}}, {"type": "Feature", "geometry": {"type": "Point", "coordinates": [2.28815, 48.778831]}, "properties": {"numparc": 5923, "etat de la localisation": "autre", "ID BDGEO": "59", "horodatage": "2022-09-17 13:01:35", "distance (en metres)": 2793.21, "station": "BARBUSSE-LARROUMES", "marker-color": "#818181"}}, {"type": "Feature", "geometry": {"type": "Point", "coordinates": [2.28333, 48.779037]}, "properties": {"numparc": 5923, "etat de la localisation": "autre", "ID BDGEO": "59", "horodatage": "2022-09-17 13:03:02", "distance (en metres)": 3146.45, "station": "BARBUSSE-LARROUMES", "marker-color": "#818181"}}, {"type": "Feature", "geometry": {"type": "Point", "coordinates": [2.291063, 48.779018]}, "properties": {"numparc": 5934, "etat de la localisation": "autre", "ID BDGEO": "59", "horodatage": "2022-09-17 13:05:33", "distance (en metres)": 2584.77, "station": "BARBUSSE-LARROUMES", "marker-color": "#818181"}}, {"type": "Feature", "geometry": {"type": "Point", "coordinates": [2.283345, 48.779095]}, "properties": {"numparc": 5934, "etat de la localisation": "autre", "ID BDGEO": "59", "horodatage": "2022-09-17 13:07:17", "distance (en metres)": 3146.14, "station": "BARBUSSE-LARROUMES", "marker-color": "#818181"}}, {"type": "Feature", "geometry": {"type": "Point", "coordinates": [2.283345, 48.779095]}, "properties": {"numparc": 5934, "etat de la localisation": "autre", "ID BDGEO": "59", "horodatage": "2022-09-17 13:07:23", "distance (en metres)": 3146.14, "station": "BARBUSSE-LARROUMES", "marker-color": "#818181"}}, {"type": "Feature", "geometry": {"type": "Point", "coordinates": [2.281487, 48.779976]}, "properties": {"numparc": 5934, "etat de la localisation": "autre", "ID BDGEO": "59", "horodatage": "2022-09-17 13:09:26", "distance (en metres)": 3294.46, "station": "BARBUSSE-LARROUMES", "marker-color": "#818181"}}, {"type": "Feature", "geometry": {"type": "Point", "coordinates": [2.281462, 48.77985]}, "properties": {"numparc": 5923, "etat de la localisation": "autre", "ID BDGEO": "59", "horodatage": "2022-09-17 13:09:38", "distance (en metres)": 3294.22, "station": "BARBUSSE-LARROUMES", "marker-color": "#818181"}}, {"type": "Feature", "geometry": {"type": "Point", "coordinates": [2.284133, 48.779034]}, "properties": {"numparc": 5923, "etat de la localisation": "autre", "ID BDGEO": "59", "horodatage": "2022-09-17 13:12:29", "distance (en metres)": 3088.01, "station": "BARBUSSE-LARROUMES", "marker-color": "#818181"}}, {"type": "Feature", "geometry": {"type": "Point", "coordinates": [2.281394, 48.779785]}, "properties": {"numparc": 5934, "etat de la localisation": "autre", "ID BDGEO": "59", "horodatage": "2022-09-17 13:12:53", "distance (en metres)": 3298.11, "station": "BARBUSSE-LARROUMES", "marker-color": "#818181"}}, {"type": "Feature", "geometry": {"type": "Point", "coordinates": [2.287931, 48.778801]}, "properties": {"numparc": 5923, "etat de la localisation": "autre", "ID BDGEO": "59", "horodatage": "2022-09-17 13:13:29", "distance (en metres)": 2808.69, "station": "BARBUSSE-LARROUMES", "marker-color": "#818181"}}, {"type": "Feature", "geometry": {"type": "Point", "coordinates": [2.359457, 48.771774]}, "properties": {"numparc": 5794, "etat de la localisation": "autre", "ID BDGEO": "24", "horodatage": "2022-09-17 13:14:55", "distance (en metres)": 1454.99, "station": "JEAN MERMOZ-GENERAL DE GAULLE", "marker-color": "#818181"}}, {"type": "Feature", "geometry": {"type": "Point", "coordinates": [2.292322, 48.778854]}, "properties": {"numparc": 5923, "etat de la localisation": "autre", "ID BDGEO": "59", "horodatage": "2022-09-17 13:15:21", "distance (en metres)": 2490.84, "station": "BARBUSSE-LARROUMES", "marker-color": "#818181"}}, {"type": "Feature", "geometry": {"type": "Point", "coordinates": [2.368752, 48.759632]}, "properties": {"numparc": 5911, "etat de la localisation": "autre", "ID BDGEO": "24", "horodatage": "2022-09-17 13:15:33", "distance (en metres)": 2578.28, "station": "JEAN MERMOZ-GENERAL DE GAULLE", "marker-color": "#818181"}}, {"type": "Feature", "geometry": {"type": "Point", "coordinates": [2.297138, 48.778519]}, "properties": {"numparc": 5923, "etat de la localisation": "autre", "ID BDGEO": "59", "horodatage": "2022-09-17 13:17:07", "distance (en metres)": 2136.36, "station": "BARBUSSE-LARROUMES", "marker-color": "#818181"}}, {"type": "Feature", "geometry": {"type": "Point", "coordinates": [2.368358, 48.765682]}, "properties": {"numparc": 5911, "etat de la localisation": "autre", "ID BDGEO": "24", "horodatage": "2022-09-17 13:17:40", "distance (en metres)": 2242.46, "station": "JEAN MERMOZ-GENERAL DE GAULLE", "marker-color": "#818181"}}, {"type": "Feature", "geometry": {"type": "Point", "coordinates": [2.367882, 48.768196]}, "properties": {"numparc": 5794, "etat de la localisation": "autre", "ID BDGEO": "24", "horodatage": "2022-09-17 13:18:22", "distance (en metres)": 2127.78, "station": "JEAN MERMOZ-GENERAL DE GAULLE", "marker-color": "#818181"}}, {"type": "Feature", "geometry": {"type": "Point", "coordinates": [2.367223, 48.769119]}, "properties": {"numparc": 5911, "etat de la localisation": "autre", "ID BDGEO": "24", "horodatage": "2022-09-17 13:19:39", "distance (en metres)": 2058.77, "station": "JEAN MERMOZ-GENERAL DE GAULLE", "marker-color": "#818181"}}, {"type": "Feature", "geometry": {"type": "Point", "coordinates": [2.304063, 48.778023]}, "properties": {"numparc": 5923, "etat de la localisation": "autre", "ID BDGEO": "59", "horodatage": "2022-09-17 13:20:35", "distance (en metres)": 1626.68, "station": "BARBUSSE-LARROUMES", "marker-color": "#818181"}}, {"type": "Feature", "geometry": {"type": "Point", "coordinates": [2.363136, 48.77063]}, "properties": {"numparc": 5911, "etat de la localisation": "autre", "ID BDGEO": "24", "horodatage": "2022-09-17 13:21:27", "distance (en metres)": 1736.0, "station": "JEAN MERMOZ-GENERAL DE GAULLE", "marker-color": "#818181"}}, {"type": "Feature", "geometry": {"type": "Point", "coordinates": [2.369386, 48.759449]}, "properties": {"numparc": 5794, "etat de la localisation": "autre", "ID BDGEO": "24", "horodatage": "2022-09-17 13:21:47", "distance (en metres)": 2628.18, "station": "JEAN MERMOZ-GENERAL DE GAULLE", "marker-color": "#818181"}}, {"type": "Feature", "geometry": {"type": "Point", "coordinates": [2.312129, 48.776424]}, "properties": {"numparc": 5923, "etat de la localisation": "autre", "ID BDGEO": "59", "horodatage": "2022-09-17 13:22:23", "distance (en metres)": 1016.83, "station": "BARBUSSE-LARROUMES", "marker-color": "#818181"}}, {"type": "Feature", "geometry": {"type": "Point", "coordinates": [2.357882, 48.77198]}, "properties": {"numparc": 5911, "etat de la localisation": "autre", "ID BDGEO": "24", "horodatage": "2022-09-17 13:23:19", "distance (en metres)": 1338.37, "station": "JEAN MERMOZ-GENERAL DE GAULLE", "marker-color": "#818181"}}, {"type": "Feature", "geometry": {"type": "Point", "coordinates": [2.354919, 48.771099]}, "properties": {"numparc": 5911, "etat de la localisation": "autre", "ID BDGEO": "24", "horodatage": "2022-09-17 13:24:31", "distance (en metres)": 1132.44, "station": "JEAN MERMOZ-GENERAL DE GAULLE", "marker-color": "#818181"}}, {"type": "Feature", "geometry": {"type": "Point", "coordinates": [2.316519, 48.779049]}, "properties": {"numparc": 5923, "etat de la localisation": "autre", "ID BDGEO": "59", "horodatage": "2022-09-17 13:25:03", "distance (en metres)": 792.94, "station": "BARBUSSE-LARROUMES", "marker-color": "#818181"}}, {"type": "Feature", "geometry": {"type": "Point", "coordinates": [2.357819, 48.763321]}, "properties": {"numparc": 5794, "etat de la localisation": "autre", "ID BDGEO": "24", "horodatage": "2022-09-17 13:25:08", "distance (en metres)": 1688.53, "station": "JEAN MERMOZ-GENERAL DE GAULLE", "marker-color": "#818181"}}, {"type": "Feature", "geometry": {"type": "Point", "coordinates": [2.348389, 48.771454]}, "properties": {"numparc": 5911, "etat de la localisation": "autre", "ID BDGEO": "24", "horodatage": "2022-09-17 13:26:18", "distance (en metres)": 654.38, "station": "JEAN MERMOZ-GENERAL DE GAULLE", "marker-color": "#818181"}}, {"type": "Feature", "geometry": {"type": "Point", "coordinates": [2.322485, 48.777145]}, "properties": {"numparc": 5923, "etat de la localisation": "autre", "ID BDGEO": "59", "horodatage": "2022-09-17 13:27:56", "distance (en metres)": 309.74, "station": "BARBUSSE-LARROUMES", "marker-color": "#818181"}}, {"type": "Feature", "geometry": {"type": "Point", "coordinates": [2.343207, 48.772278]}, "properties": {"numparc": 5911, "etat de la localisation": "autre", "ID BDGEO": "24", "horodatage": "2022-09-17 13:28:24", "distance (en metres)": 264.18, "station": "JEAN MERMOZ-GENERAL DE GAULLE", "marker-color": "#818181"}}, {"type": "Feature", "geometry": {"type": "Point", "coordinates": [2.340034, 48.77594]}, "properties": {"numparc": 5911, "etat de la localisation": "autre", "ID BDGEO": "24", "horodatage": "2022-09-17 13:31:35", "distance (en metres)": 366.21, "station": "JEAN MERMOZ-GENERAL DE GAULLE", "marker-color": "#818181"}}, {"type": "Feature", "geometry": {"type": "Point", "coordinates": [2.357809, 48.763321]}, "properties": {"numparc": 5794, "etat de la localisation": "autre", "ID BDGEO": "24", "horodatage": "2022-09-17 13:31:55", "distance (en metres)": 1687.96, "station": "JEAN MERMOZ-GENERAL DE GAULLE", "marker-color": "#818181"}}, {"type": "Feature", "geometry": {"type": "Point", "coordinates": [2.284078, 48.778984]}, "properties": {"numparc": 5934, "etat de la localisation": "autre", "ID BDGEO": "59", "horodatage": "2022-09-17 13:32:08", "distance (en metres)": 3091.33, "station": "BARBUSSE-LARROUMES", "marker-color": "#818181"}}, {"type": "Feature", "geometry": {"type": "Point", "coordinates": [2.337531, 48.778938]}, "properties": {"numparc": 5923, "etat de la localisation": "autre", "ID BDGEO": "60", "horodatage": "2022-09-17 13:32:54", "distance (en metres)": 66.86, "station": "MAIRIE DE L'HAY LES ROSES", "marker-color": "#818181"}}, {"type": "Feature", "geometry": {"type": "Point", "coordinates": [2.287933, 48.778774]}, "properties": {"numparc": 5934, "etat de la localisation": "autre", "ID BDGEO": "59", "horodatage": "2022-09-17 13:33:33", "distance (en metres)": 2808.15, "station": "BARBUSSE-LARROUMES", "marker-color": "#818181"}}, {"type": "Feature", "geometry": {"type": "Point", "coordinates": [2.340185, 48.778481]}, "properties": {"numparc": 5911, "etat de la localisation": "autre", "ID BDGEO": "24", "horodatage": "2022-09-17 13:33:34", "distance (en metres)": 648.81, "station": "JEAN MERMOZ-GENERAL DE GAULLE", "marker-color": "#818181"}}, {"type": "Feature", "geometry": {"type": "Point", "coordinates": [2.337262, 48.779945]}, "properties": {"numparc": 5911, "etat de la localisation": "autre", "ID BDGEO": "24", "horodatage": "2022-09-17 13:35:05", "distance (en metres)": 829.14, "station": "JEAN MERMOZ-GENERAL DE GAULLE", "marker-color": "#818181"}}, {"type": "Feature", "geometry": {"type": "Point", "coordinates": [2.292377, 48.778828]}, "properties": {"numparc": 5934, "etat de la localisation": "autre", "ID BDGEO": "59", "horodatage": "2022-09-17 13:35:31", "distance (en metres)": 2486.41, "station": "BARBUSSE-LARROUMES", "marker-color": "#818181"}}, {"type": "Feature", "geometry": {"type": "Point", "coordinates": [2.334527, 48.778164]}, "properties": {"numparc": 5911, "etat de la localisation": "autre", "ID BDGEO": "59", "horodatage": "2022-09-17 13:37:07", "distance (en metres)": 693.5, "station": "BARBUSSE-LARROUMES", "marker-color": "#818181"}}, {"type": "Feature", "geometry": {"type": "Point", "coordinates": [2.344098, 48.772148]}, "properties": {"numparc": 5923, "etat de la localisation": "autre", "ID BDGEO": "24", "horodatage": "2022-09-17 13:37:27", "distance (en metres)": 330.98, "station": "JEAN MERMOZ-GENERAL DE GAULLE", "marker-color": "#818181"}}, {"type": "Feature", "geometry": {"type": "Point", "coordinates": [2.347856, 48.771511]}, "properties": {"numparc": 5923, "etat de la localisation": "autre", "ID BDGEO": "24", "horodatage": "2022-09-17 13:38:35", "distance (en metres)": 614.85, "station": "JEAN MERMOZ-GENERAL DE GAULLE", "marker-color": "#818181"}}, {"type": "Feature", "geometry": {"type": "Point", "coordinates": [2.304224, 48.778114]}, "properties": {"numparc": 5934, "etat de la localisation": "autre", "ID BDGEO": "59", "horodatage": "2022-09-17 13:39:40", "distance (en metres)": 1616.83, "station": "BARBUSSE-LARROUMES", "marker-color": "#818181"}}, {"type": "Feature", "geometry": {"type": "Point", "coordinates": [2.350544, 48.770718]}, "properties": {"numparc": 5923, "etat de la localisation": "autre", "ID BDGEO": "24", "horodatage": "2022-09-17 13:39:41", "distance (en metres)": 827.1, "station": "JEAN MERMOZ-GENERAL DE GAULLE", "marker-color": "#818181"}}, {"type": "Feature", "geometry": {"type": "Point", "coordinates": [2.30829, 48.777309]}, "properties": {"numparc": 5934, "etat de la localisation": "autre", "ID BDGEO": "59", "horodatage": "2022-09-17 13:40:32", "distance (en metres)": 1308.24, "station": "BARBUSSE-LARROUMES", "marker-color": "#818181"}}, {"type": "Feature", "geometry": {"type": "Point", "coordinates": [2.357818, 48.763329]}, "properties": {"numparc": 5794, "etat de la localisation": "autre", "ID BDGEO": "24", "horodatage": "2022-09-17 13:41:21", "distance (en metres)": 1687.94, "station": "JEAN MERMOZ-GENERAL DE GAULLE", "marker-color": "#818181"}}, {"type": "Feature", "geometry": {"type": "Point", "coordinates": [2.312248, 48.776466]}, "properties": {"numparc": 5934, "etat de la localisation": "autre", "ID BDGEO": "59", "horodatage": "2022-09-17 13:41:24", "distance (en metres)": 1008.62, "station": "BARBUSSE-LARROUMES", "marker-color": "#818181"}}, {"type": "Feature", "geometry": {"type": "Point", "coordinates": [2.359352, 48.771816]}, "properties": {"numparc": 5923, "etat de la localisation": "autre", "ID BDGEO": "24", "horodatage": "2022-09-17 13:41:58", "distance (en metres)": 1447.01, "station": "JEAN MERMOZ-GENERAL DE GAULLE", "marker-color": "#818181"}}, {"type": "Feature", "geometry": {"type": "Point", "coordinates": [2.363903, 48.770256]}, "properties": {"numparc": 5923, "etat de la localisation": "autre", "ID BDGEO": "24", "horodatage": "2022-09-17 13:43:23", "distance (en metres)": 1797.45, "station": "JEAN MERMOZ-GENERAL DE GAULLE", "marker-color": "#818181"}}, {"type": "Feature", "geometry": {"type": "Point", "coordinates": [2.315436, 48.779655]}, "properties": {"numparc": 5911, "etat de la localisation": "autre", "ID BDGEO": "59", "horodatage": "2022-09-17 13:44:01", "distance (en metres)": 895.43, "station": "BARBUSSE-LARROUMES", "marker-color": "#818181"}}, {"type": "Feature", "geometry": {"type": "Point", "coordinates": [2.316539, 48.779037]}, "properties": {"numparc": 5934, "etat de la localisation": "autre", "ID BDGEO": "59", "horodatage": "2022-09-17 13:44:29", "distance (en metres)": 791.04, "station": "BARBUSSE-LARROUMES", "marker-color": "#818181"}}, {"type": "Feature", "geometry": {"type": "Point", "coordinates": [2.367435, 48.768909]}, "properties": {"numparc": 5923, "etat de la localisation": "autre", "ID BDGEO": "24", "horodatage": "2022-09-17 13:45:04", "distance (en metres)": 2078.57, "station": "JEAN MERMOZ-GENERAL DE GAULLE", "marker-color": "#818181"}}, {"type": "Feature", "geometry": {"type": "Point", "coordinates": [2.322564, 48.777225]}, "properties": {"numparc": 5934, "etat de la localisation": "autre", "ID BDGEO": "59", "horodatage": "2022-09-17 13:46:37", "distance (en metres)": 310.33, "station": "BARBUSSE-LARROUMES", "marker-color": "#818181"}}, {"type": "Feature", "geometry": {"type": "Point", "coordinates": [2.314914, 48.78278]}, "properties": {"numparc": 5911, "etat de la localisation": "autre", "ID BDGEO": "59", "horodatage": "2022-09-17 13:48:34", "distance (en metres)": 1140.46, "station": "BARBUSSE-LARROUMES", "marker-color": "#818181"}}, {"type": "Feature", "geometry": {"type": "Point", "coordinates": [2.387772, 48.75602]}, "properties": {"numparc": 5912, "etat de la localisation": "autre", "ID BDGEO": "24", "horodatage": "2022-09-17 13:49:16", "distance (en metres)": 3982.94, "station": "JEAN MERMOZ-GENERAL DE GAULLE", "marker-color": "#818181"}}, {"type": "Feature", "geometry": {"type": "Point", "coordinates": [2.367709, 48.768696]}, "properties": {"numparc": 5923, "etat de la localisation": "autre", "ID BDGEO": "24", "horodatage": "2022-09-17 13:51:13", "distance (en metres)": 2103.1, "station": "JEAN MERMOZ-GENERAL DE GAULLE", "marker-color": "#818181"}}, {"type": "Feature", "geometry": {"type": "Point", "coordinates": [2.337541, 48.778946]}, "properties": {"numparc": 5934, "etat de la localisation": "autre", "ID BDGEO": "60", "horodatage": "2022-09-17 13:52:26", "distance (en metres)": 67.46, "station": "MAIRIE DE L'HAY LES ROSES", "marker-color": "#818181"}}, {"type": "Feature", "geometry": {"type": "Point", "coordinates": [2.313463, 48.779099]}, "properties": {"numparc": 5911, "etat de la localisation": "autre", "ID BDGEO": "59", "horodatage": "2022-09-17 13:54:57", "distance (en metres)": 996.21, "station": "BARBUSSE-LARROUMES", "marker-color": "#818181"}}, {"type": "Feature", "geometry": {"type": "Point", "coordinates": [2.387603, 48.75462]}, "properties": {"numparc": 5912, "etat de la localisation": "autre", "ID BDGEO": "24", "horodatage": "2022-09-17 13:55:21", "distance (en metres)": 4046.86, "station": "JEAN MERMOZ-GENERAL DE GAULLE", "marker-color": "#818181"}}, {"type": "Feature", "geometry": {"type": "Point", "coordinates": [2.313301, 48.776703]}, "properties": {"numparc": 5911, "etat de la localisation": "autre", "ID BDGEO": "59", "horodatage": "2022-09-17 13:57:08", "distance (en metres)": 935.15, "station": "BARBUSSE-LARROUMES", "marker-color": "#818181"}}, {"type": "Feature", "geometry": {"type": "Point", "coordinates": [2.368724, 48.759624]}, "properties": {"numparc": 5794, "etat de la localisation": "autre", "ID BDGEO": "24", "horodatage": "2022-09-17 13:57:29", "distance (en metres)": 2577.07, "station": "JEAN MERMOZ-GENERAL DE GAULLE", "marker-color": "#818181"}}, {"type": "Feature", "geometry": {"type": "Point", "coordinates": [2.344067, 48.772137]}, "properties": {"numparc": 5934, "etat de la localisation": "autre", "ID BDGEO": "24", "horodatage": "2022-09-17 13:58:48", "distance (en metres)": 328.97, "station": "JEAN MERMOZ-GENERAL DE GAULLE", "marker-color": "#818181"}}, {"type": "Feature", "geometry": {"type": "Point", "coordinates": [2.347887, 48.771503]}, "properties": {"numparc": 5934, "etat de la localisation": "autre", "ID BDGEO": "24", "horodatage": "2022-09-17 13:59:45", "distance (en metres)": 617.25, "station": "JEAN MERMOZ-GENERAL DE GAULLE", "marker-color": "#818181"}}, {"type": "Feature", "geometry": {"type": "Point", "coordinates": [2.36834, 48.765656]}, "properties": {"numparc": 5794, "etat de la localisation": "autre", "ID BDGEO": "24", "horodatage": "2022-09-17 13:59:53", "distance (en metres)": 2242.26, "station": "JEAN MERMOZ-GENERAL DE GAULLE", "marker-color": "#818181"}}, {"type": "Feature", "geometry": {"type": "Point", "coordinates": [2.303047, 48.778374]}, "properties": {"numparc": 5911, "etat de la localisation": "autre", "ID BDGEO": "59", "horodatage": "2022-09-17 14:00:14", "distance (en metres)": 1706.87, "station": "BARBUSSE-LARROUMES", "marker-color": "#818181"}}, {"type": "Feature", "geometry": {"type": "Point", "coordinates": [2.355404, 48.771282]}, "properties": {"numparc": 5934, "etat de la localisation": "autre", "ID BDGEO": "24", "horodatage": "2022-09-17 14:01:33", "distance (en metres)": 1164.72, "station": "JEAN MERMOZ-GENERAL DE GAULLE", "marker-color": "#818181"}}, {"type": "Feature", "geometry": {"type": "Point", "coordinates": [2.29764, 48.778519]}, "properties": {"numparc": 5911, "etat de la localisation": "autre", "ID BDGEO": "59", "horodatage": "2022-09-17 14:01:42", "distance (en metres)": 2100.02, "station": "BARBUSSE-LARROUMES", "marker-color": "#818181"}}, {"type": "Feature", "geometry": {"type": "Point", "coordinates": [2.359377, 48.771786]}, "properties": {"numparc": 5934, "etat de la localisation": "autre", "ID BDGEO": "24", "horodatage": "2022-09-17 14:02:56", "distance (en metres)": 1449.04, "station": "JEAN MERMOZ-GENERAL DE GAULLE", "marker-color": "#818181"}}, {"type": "Feature", "geometry": {"type": "Point", "coordinates": [2.291069, 48.779003]}, "properties": {"numparc": 5911, "etat de la localisation": "autre", "ID BDGEO": "59", "horodatage": "2022-09-17 14:03:37", "distance (en metres)": 2584.08, "station": "BARBUSSE-LARROUMES", "marker-color": "#818181"}}, {"type": "Feature", "geometry": {"type": "Point", "coordinates": [2.363938, 48.770226]}, "properties": {"numparc": 5934, "etat de la localisation": "autre", "ID BDGEO": "24", "horodatage": "2022-09-17 14:04:14", "distance (en metres)": 1800.5, "station": "JEAN MERMOZ-GENERAL DE GAULLE", "marker-color": "#818181"}}, {"type": "Feature", "geometry": {"type": "Point", "coordinates": [2.367197, 48.769093]}, "properties": {"numparc": 5794, "etat de la localisation": "autre", "ID BDGEO": "24", "horodatage": "2022-09-17 14:04:43", "distance (en metres)": 2057.47, "station": "JEAN MERMOZ-GENERAL DE GAULLE", "marker-color": "#818181"}}, {"type": "Feature", "geometry": {"type": "Point", "coordinates": [2.36743, 48.768925]}, "properties": {"numparc": 5934, "etat de la localisation": "autre", "ID BDGEO": "24", "horodatage": "2022-09-17 14:05:44", "distance (en metres)": 2077.88, "station": "JEAN MERMOZ-GENERAL DE GAULLE", "marker-color": "#818181"}}, {"type": "Feature", "geometry": {"type": "Point", "coordinates": [2.283353, 48.779068]}, "properties": {"numparc": 5911, "etat de la localisation": "autre", "ID BDGEO": "59", "horodatage": "2022-09-17 14:05:54", "distance (en metres)": 3145.19, "station": "BARBUSSE-LARROUMES", "marker-color": "#818181"}}, {"type": "Feature", "geometry": {"type": "Point", "coordinates": [2.367825, 48.768299]}, "properties": {"numparc": 5934, "etat de la localisation": "autre", "ID BDGEO": "24", "horodatage": "2022-09-17 14:06:25", "distance (en metres)": 2121.07, "station": "JEAN MERMOZ-GENERAL DE GAULLE", "marker-color": "#818181"}}, {"type": "Feature", "geometry": {"type": "Point", "coordinates": [2.363145, 48.770599]}, "properties": {"numparc": 5794, "etat de la localisation": "autre", "ID BDGEO": "24", "horodatage": "2022-09-17 14:06:35", "distance (en metres)": 1737.1, "station": "JEAN MERMOZ-GENERAL DE GAULLE", "marker-color": "#818181"}}, {"type": "Feature", "geometry": {"type": "Point", "coordinates": [2.281425, 48.779827]}, "properties": {"numparc": 5911, "etat de la localisation": "autre", "ID BDGEO": "59", "horodatage": "2022-09-17 14:07:46", "distance (en metres)": 3296.53, "station": "BARBUSSE-LARROUMES", "marker-color": "#818181"}}, {"type": "Feature", "geometry": {"type": "Point", "coordinates": [2.357888, 48.771961]}, "properties": {"numparc": 5794, "etat de la localisation": "autre", "ID BDGEO": "24", "horodatage": "2022-09-17 14:08:46", "distance (en metres)": 1338.93, "station": "JEAN MERMOZ-GENERAL DE GAULLE", "marker-color": "#818181"}}, {"type": "Feature", "geometry": {"type": "Point", "coordinates": [2.369184, 48.759502]}, "properties": {"numparc": 5934, "etat de la localisation": "autre", "ID BDGEO": "24", "horodatage": "2022-09-17 14:09:42", "distance (en metres)": 2612.59, "station": "JEAN MERMOZ-GENERAL DE GAULLE", "marker-color": "#818181"}}, {"type": "Feature", "geometry": {"type": "Point", "coordinates": [2.284097, 48.779003]}, "properties": {"numparc": 5911, "etat de la localisation": "autre", "ID BDGEO": "59", "horodatage": "2022-09-17 14:11:49", "distance (en metres)": 3090.21, "station": "BARBUSSE-LARROUMES", "marker-color": "#818181"}}, {"type": "Feature", "geometry": {"type": "Point", "coordinates": [2.348419, 48.771427]}, "properties": {"numparc": 5794, "etat de la localisation": "autre", "ID BDGEO": "24", "horodatage": "2022-09-17 14:12:01", "distance (en metres)": 657.14, "station": "JEAN MERMOZ-GENERAL DE GAULLE", "marker-color": "#818181"}}, {"type": "Feature", "geometry": {"type": "Point", "coordinates": [2.287948, 48.778786]}, "properties": {"numparc": 5911, "etat de la localisation": "autre", "ID BDGEO": "59", "horodatage": "2022-09-17 14:13:19", "distance (en metres)": 2807.24, "station": "BARBUSSE-LARROUMES", "marker-color": "#818181"}}, {"type": "Feature", "geometry": {"type": "Point", "coordinates": [2.343194, 48.772255]}, "properties": {"numparc": 5794, "etat de la localisation": "autre", "ID BDGEO": "24", "horodatage": "2022-09-17 14:13:33", "distance (en metres)": 263.67, "station": "JEAN MERMOZ-GENERAL DE GAULLE", "marker-color": "#818181"}}, {"type": "Feature", "geometry": {"type": "Point", "coordinates": [2.357674, 48.763321]}, "properties": {"numparc": 5934, "etat de la localisation": "autre", "ID BDGEO": "24", "horodatage": "2022-09-17 14:14:06", "distance (en metres)": 1680.15, "station": "JEAN MERMOZ-GENERAL DE GAULLE", "marker-color": "#818181"}}, {"type": "Feature", "geometry": {"type": "Point", "coordinates": [2.292347, 48.778805]}, "properties": {"numparc": 5911, "etat de la localisation": "autre", "ID BDGEO": "59", "horodatage": "2022-09-17 14:15:24", "distance (en metres)": 2488.22, "station": "BARBUSSE-LARROUMES", "marker-color": "#818181"}}, {"type": "Feature", "geometry": {"type": "Point", "coordinates": [2.340041, 48.775936]}, "properties": {"numparc": 5794, "etat de la localisation": "autre", "ID BDGEO": "24", "horodatage": "2022-09-17 14:15:43", "distance (en metres)": 365.82, "station": "JEAN MERMOZ-GENERAL DE GAULLE", "marker-color": "#818181"}}, {"type": "Feature", "geometry": {"type": "Point", "coordinates": [2.29717, 48.778477]}, "properties": {"numparc": 5911, "etat de la localisation": "autre", "ID BDGEO": "59", "horodatage": "2022-09-17 14:17:08", "distance (en metres)": 2133.33, "station": "BARBUSSE-LARROUMES", "marker-color": "#818181"}}, {"type": "Feature", "geometry": {"type": "Point", "coordinates": [2.368718, 48.759605]}, "properties": {"numparc": 5912, "etat de la localisation": "autre", "ID BDGEO": "24", "horodatage": "2022-09-17 14:17:34", "distance (en metres)": 2577.89, "station": "JEAN MERMOZ-GENERAL DE GAULLE", "marker-color": "#818181"}}, {"type": "Feature", "geometry": {"type": "Point", "coordinates": [2.340136, 48.778511]}, "properties": {"numparc": 5794, "etat de la localisation": "autre", "ID BDGEO": "24", "horodatage": "2022-09-17 14:17:44", "distance (en metres)": 651.99, "station": "JEAN MERMOZ-GENERAL DE GAULLE", "marker-color": "#818181"}}, {"type": "Feature", "geometry": {"type": "Point", "coordinates": [2.337206, 48.779964]}, "properties": {"numparc": 5794, "etat de la localisation": "autre", "ID BDGEO": "24", "horodatage": "2022-09-17 14:19:27", "distance (en metres)": 832.09, "station": "JEAN MERMOZ-GENERAL DE GAULLE", "marker-color": "#818181"}}, {"type": "Feature", "geometry": {"type": "Point", "coordinates": [2.304191, 48.777973]}, "properties": {"numparc": 5911, "etat de la localisation": "autre", "ID BDGEO": "59", "horodatage": "2022-09-17 14:20:41", "distance (en metres)": 1616.51, "station": "BARBUSSE-LARROUMES", "marker-color": "#818181"}}, {"type": "Feature", "geometry": {"type": "Point", "coordinates": [2.363194, 48.770584]}, "properties": {"numparc": 5912, "etat de la localisation": "autre", "ID BDGEO": "24", "horodatage": "2022-09-17 14:21:00", "distance (en metres)": 1740.88, "station": "JEAN MERMOZ-GENERAL DE GAULLE", "marker-color": "#818181"}}, {"type": "Feature", "geometry": {"type": "Point", "coordinates": [2.308256, 48.777222]}, "properties": {"numparc": 5911, "etat de la localisation": "autre", "ID BDGEO": "59", "horodatage": "2022-09-17 14:21:41", "distance (en metres)": 1309.28, "station": "BARBUSSE-LARROUMES", "marker-color": "#818181"}}, {"type": "Feature", "geometry": {"type": "Point", "coordinates": [2.357886, 48.77195]}, "properties": {"numparc": 5912, "etat de la localisation": "autre", "ID BDGEO": "24", "horodatage": "2022-09-17 14:22:35", "distance (en metres)": 1338.86, "station": "JEAN MERMOZ-GENERAL DE GAULLE", "marker-color": "#818181"}}, {"type": "Feature", "geometry": {"type": "Point", "coordinates": [2.348399, 48.77142]}, "properties": {"numparc": 5912, "etat de la localisation": "autre", "ID BDGEO": "24", "horodatage": "2022-09-17 14:24:57", "distance (en metres)": 655.88, "station": "JEAN MERMOZ-GENERAL DE GAULLE", "marker-color": "#818181"}}, {"type": "Feature", "geometry": {"type": "Point", "coordinates": [2.316569, 48.779003]}, "properties": {"numparc": 5911, "etat de la localisation": "autre", "ID BDGEO": "59", "horodatage": "2022-09-17 14:25:14", "distance (en metres)": 787.25, "station": "BARBUSSE-LARROUMES", "marker-color": "#818181"}}, {"type": "Feature", "geometry": {"type": "Point", "coordinates": [2.321836, 48.777561]}, "properties": {"numparc": 5794, "etat de la localisation": "autre", "ID BDGEO": "59", "horodatage": "2022-09-17 14:26:42", "distance (en metres)": 375.39, "station": "BARBUSSE-LARROUMES", "marker-color": "#818181"}}, {"type": "Feature", "geometry": {"type": "Point", "coordinates": [2.340029, 48.775932]}, "properties": {"numparc": 5912, "etat de la localisation": "autre", "ID BDGEO": "24", "horodatage": "2022-09-17 14:27:37", "distance (en metres)": 365.34, "station": "JEAN MERMOZ-GENERAL DE GAULLE", "marker-color": "#818181"}}, {"type": "Feature", "geometry": {"type": "Point", "coordinates": [2.322468, 48.777145]}, "properties": {"numparc": 5911, "etat de la localisation": "autre", "ID BDGEO": "59", "horodatage": "2022-09-17 14:28:27", "distance (en metres)": 310.76, "station": "BARBUSSE-LARROUMES", "marker-color": "#818181"}}, {"type": "Feature", "geometry": {"type": "Point", "coordinates": [2.315444, 48.77969]}, "properties": {"numparc": 5794, "etat de la localisation": "autre", "ID BDGEO": "59", "horodatage": "2022-09-17 14:30:18", "distance (en metres)": 896.88, "station": "BARBUSSE-LARROUMES", "marker-color": "#818181"}}, {"type": "Feature", "geometry": {"type": "Point", "coordinates": [2.337311, 48.77985]}, "properties": {"numparc": 5912, "etat de la localisation": "autre", "ID BDGEO": "24", "horodatage": "2022-09-17 14:31:02", "distance (en metres)": 818.02, "station": "JEAN MERMOZ-GENERAL DE GAULLE", "marker-color": "#818181"}}, {"type": "Feature", "geometry": {"type": "Point", "coordinates": [2.314959, 48.782646]}, "properties": {"numparc": 5794, "etat de la localisation": "autre", "ID BDGEO": "59", "horodatage": "2022-09-17 14:33:26", "distance (en metres)": 1127.68, "station": "BARBUSSE-LARROUMES", "marker-color": "#818181"}}, {"type": "Feature", "geometry": {"type": "Point", "coordinates": [2.334522, 48.778141]}, "properties": {"numparc": 5912, "etat de la localisation": "autre", "ID BDGEO": "59", "horodatage": "2022-09-17 14:33:48", "distance (en metres)": 692.11, "station": "BARBUSSE-LARROUMES", "marker-color": "#818181"}}, {"type": "Feature", "geometry": {"type": "Point", "coordinates": [2.337477, 48.778919]}, "properties": {"numparc": 5911, "etat de la localisation": "autre", "ID BDGEO": "60", "horodatage": "2022-09-17 14:34:36", "distance (en metres)": 63.31, "station": "MAIRIE DE L'HAY LES ROSES", "marker-color": "#818181"}}, {"type": "Feature", "geometry": {"type": "Point", "coordinates": [2.330898, 48.776329]}, "properties": {"numparc": 5912, "etat de la localisation": "autre", "ID BDGEO": "59", "horodatage": "2022-09-17 14:35:19", "distance (en metres)": 373.7, "station": "BARBUSSE-LARROUMES", "marker-color": "#818181"}}, {"type": "Feature", "geometry": {"type": "Point", "coordinates": [2.313465, 48.779079]}, "properties": {"numparc": 5794, "etat de la localisation": "autre", "ID BDGEO": "59", "horodatage": "2022-09-17 14:36:30", "distance (en metres)": 995.22, "station": "BARBUSSE-LARROUMES", "marker-color": "#818181"}}, {"type": "Feature", "geometry": {"type": "Point", "coordinates": [2.313257, 48.776672]}, "properties": {"numparc": 5794, "etat de la localisation": "autre", "ID BDGEO": "59", "horodatage": "2022-09-17 14:37:41", "distance (en metres)": 937.89, "station": "BARBUSSE-LARROUMES", "marker-color": "#818181"}}, {"type": "Feature", "geometry": {"type": "Point", "coordinates": [2.322566, 48.777225]}, "properties": {"numparc": 5912, "etat de la localisation": "autre", "ID BDGEO": "59", "horodatage": "2022-09-17 14:38:48", "distance (en metres)": 310.2, "station": "BARBUSSE-LARROUMES", "marker-color": "#818181"}}, {"type": "Feature", "geometry": {"type": "Point", "coordinates": [2.321882, 48.777561]}, "properties": {"numparc": 5912, "etat de la localisation": "autre", "ID BDGEO": "59", "horodatage": "2022-09-17 14:39:18", "distance (en metres)": 372.7, "station": "BARBUSSE-LARROUMES", "marker-color": "#818181"}}, {"type": "Feature", "geometry": {"type": "Point", "coordinates": [2.368737, 48.759636]}, "properties": {"numparc": 5934, "etat de la localisation": "autre", "ID BDGEO": "24", "horodatage": "2022-09-17 14:39:48", "distance (en metres)": 2577.13, "station": "JEAN MERMOZ-GENERAL DE GAULLE", "marker-color": "#818181"}}, {"type": "Feature", "geometry": {"type": "Point", "coordinates": [2.344062, 48.772118]}, "properties": {"numparc": 5911, "etat de la localisation": "autre", "ID BDGEO": "24", "horodatage": "2022-09-17 14:40:23", "distance (en metres)": 328.98, "station": "JEAN MERMOZ-GENERAL DE GAULLE", "marker-color": "#818181"}}, {"type": "Feature", "geometry": {"type": "Point", "coordinates": [2.347848, 48.771503]}, "properties": {"numparc": 5911, "etat de la localisation": "autre", "ID BDGEO": "24", "horodatage": "2022-09-17 14:41:23", "distance (en metres)": 614.45, "station": "JEAN MERMOZ-GENERAL DE GAULLE", "marker-color": "#818181"}}, {"type": "Feature", "geometry": {"type": "Point", "coordinates": [2.302958, 48.778351]}, "properties": {"numparc": 5794, "etat de la localisation": "autre", "ID BDGEO": "59", "horodatage": "2022-09-17 14:41:43", "distance (en metres)": 1712.81, "station": "BARBUSSE-LARROUMES", "marker-color": "#818181"}}, {"type": "Feature", "geometry": {"type": "Point", "coordinates": [2.368307, 48.765442]}, "properties": {"numparc": 5934, "etat de la localisation": "autre", "ID BDGEO": "24", "horodatage": "2022-09-17 14:41:56", "distance (en metres)": 2248.37, "station": "JEAN MERMOZ-GENERAL DE GAULLE", "marker-color": "#818181"}}, {"type": "Feature", "geometry": {"type": "Point", "coordinates": [2.315484, 48.779671]}, "properties": {"numparc": 5912, "etat de la localisation": "autre", "ID BDGEO": "59", "horodatage": "2022-09-17 14:42:07", "distance (en metres)": 893.27, "station": "BARBUSSE-LARROUMES", "marker-color": "#818181"}}, {"type": "Feature", "geometry": {"type": "Point", "coordinates": [2.35056, 48.770664]}, "properties": {"numparc": 5911, "etat de la localisation": "autre", "ID BDGEO": "24", "horodatage": "2022-09-17 14:42:28", "distance (en metres)": 829.79, "station": "JEAN MERMOZ-GENERAL DE GAULLE", "marker-color": "#818181"}}, {"type": "Feature", "geometry": {"type": "Point", "coordinates": [2.29758, 48.778481]}, "properties": {"numparc": 5794, "etat de la localisation": "autre", "ID BDGEO": "59", "horodatage": "2022-09-17 14:43:20", "distance (en metres)": 2103.7, "station": "BARBUSSE-LARROUMES", "marker-color": "#818181"}}, {"type": "Feature", "geometry": {"type": "Point", "coordinates": [2.367164, 48.769073]}, "properties": {"numparc": 5934, "etat de la localisation": "autre", "ID BDGEO": "24", "horodatage": "2022-09-17 14:43:23", "distance (en metres)": 2055.5, "station": "JEAN MERMOZ-GENERAL DE GAULLE", "marker-color": "#818181"}}, {"type": "Feature", "geometry": {"type": "Point", "coordinates": [2.355392, 48.771236]}, "properties": {"numparc": 5911, "etat de la localisation": "autre", "ID BDGEO": "24", "horodatage": "2022-09-17 14:43:41", "distance (en metres)": 1164.54, "station": "JEAN MERMOZ-GENERAL DE GAULLE", "marker-color": "#818181"}}, {"type": "Feature", "geometry": {"type": "Point", "coordinates": [2.363792, 48.770309]}, "properties": {"numparc": 5934, "etat de la localisation": "autre", "ID BDGEO": "24", "horodatage": "2022-09-17 14:44:21", "distance (en metres)": 1788.52, "station": "JEAN MERMOZ-GENERAL DE GAULLE", "marker-color": "#818181"}}, {"type": "Feature", "geometry": {"type": "Point", "coordinates": [2.359365, 48.77177]}, "properties": {"numparc": 5911, "etat de la localisation": "autre", "ID BDGEO": "24", "horodatage": "2022-09-17 14:44:53", "distance (en metres)": 1448.29, "station": "JEAN MERMOZ-GENERAL DE GAULLE", "marker-color": "#818181"}}, {"type": "Feature", "geometry": {"type": "Point", "coordinates": [2.363133, 48.770576]}, "properties": {"numparc": 5934, "etat de la localisation": "autre", "ID BDGEO": "24", "horodatage": "2022-09-17 14:44:57", "distance (en metres)": 1736.56, "station": "JEAN MERMOZ-GENERAL DE GAULLE", "marker-color": "#818181"}}, {"type": "Feature", "geometry": {"type": "Point", "coordinates": [2.314881, 48.782719]}, "properties": {"numparc": 5912, "etat de la localisation": "autre", "ID BDGEO": "59", "horodatage": "2022-09-17 14:45:14", "distance (en metres)": 1137.4, "station": "BARBUSSE-LARROUMES", "marker-color": "#818181"}}, {"type": "Feature", "geometry": {"type": "Point", "coordinates": [2.363916, 48.770241]}, "properties": {"numparc": 5911, "etat de la localisation": "autre", "ID BDGEO": "24", "horodatage": "2022-09-17 14:46:30", "distance (en metres)": 1798.64, "station": "JEAN MERMOZ-GENERAL DE GAULLE", "marker-color": "#818181"}}, {"type": "Feature", "geometry": {"type": "Point", "coordinates": [2.290984, 48.778992]}, "properties": {"numparc": 5794, "etat de la localisation": "autre", "ID BDGEO": "59", "horodatage": "2022-09-17 14:46:47", "distance (en metres)": 2590.06, "station": "BARBUSSE-LARROUMES", "marker-color": "#818181"}}, {"type": "Feature", "geometry": {"type": "Point", "coordinates": [2.313454, 48.779102]}, "properties": {"numparc": 5912, "etat de la localisation": "autre", "ID BDGEO": "59", "horodatage": "2022-09-17 14:46:56", "distance (en metres)": 996.98, "station": "BARBUSSE-LARROUMES", "marker-color": "#818181"}}, {"type": "Feature", "geometry": {"type": "Point", "coordinates": [2.357885, 48.77195]}, "properties": {"numparc": 5934, "etat de la localisation": "autre", "ID BDGEO": "24", "horodatage": "2022-09-17 14:47:00", "distance (en metres)": 1338.78, "station": "JEAN MERMOZ-GENERAL DE GAULLE", "marker-color": "#818181"}}, {"type": "Feature", "geometry": {"type": "Point", "coordinates": [2.367878, 48.7682]}, "properties": {"numparc": 5911, "etat de la localisation": "autre", "ID BDGEO": "24", "horodatage": "2022-09-17 14:48:10", "distance (en metres)": 2127.39, "station": "JEAN MERMOZ-GENERAL DE GAULLE", "marker-color": "#818181"}}, {"type": "Feature", "geometry": {"type": "Point", "coordinates": [2.354918, 48.771053]}, "properties": {"numparc": 5934, "etat de la localisation": "autre", "ID BDGEO": "24", "horodatage": "2022-09-17 14:48:19", "distance (en metres)": 1133.16, "station": "JEAN MERMOZ-GENERAL DE GAULLE", "marker-color": "#818181"}}, {"type": "Feature", "geometry": {"type": "Point", "coordinates": [2.288145, 48.778828]}, "properties": {"numparc": 5794, "etat de la localisation": "autre", "ID BDGEO": "59", "horodatage": "2022-09-17 14:48:24", "distance (en metres)": 2793.52, "station": "BARBUSSE-LARROUMES", "marker-color": "#818181"}}, {"type": "Feature", "geometry": {"type": "Point", "coordinates": [2.368079, 48.765213]}, "properties": {"numparc": 5911, "etat de la localisation": "autre", "ID BDGEO": "24", "horodatage": "2022-09-17 14:49:10", "distance (en metres)": 2242.03, "station": "JEAN MERMOZ-GENERAL DE GAULLE", "marker-color": "#818181"}}, {"type": "Feature", "geometry": {"type": "Point", "coordinates": [2.307042, 48.777405]}, "properties": {"numparc": 5912, "etat de la localisation": "autre", "ID BDGEO": "59", "horodatage": "2022-09-17 14:49:27", "distance (en metres)": 1400.26, "station": "BARBUSSE-LARROUMES", "marker-color": "#818181"}}, {"type": "Feature", "geometry": {"type": "Point", "coordinates": [2.283335, 48.779068]}, "properties": {"numparc": 5794, "etat de la localisation": "autre", "ID BDGEO": "59", "horodatage": "2022-09-17 14:50:01", "distance (en metres)": 3146.5, "station": "BARBUSSE-LARROUMES", "marker-color": "#818181"}}, {"type": "Feature", "geometry": {"type": "Point", "coordinates": [2.369387, 48.763027]}, "properties": {"numparc": 5911, "etat de la localisation": "autre", "ID BDGEO": "24", "horodatage": "2022-09-17 14:50:19", "distance (en metres)": 2428.36, "station": "JEAN MERMOZ-GENERAL DE GAULLE", "marker-color": "#818181"}}, {"type": "Feature", "geometry": {"type": "Point", "coordinates": [2.348408, 48.7714]}, "properties": {"numparc": 5934, "etat de la localisation": "autre", "ID BDGEO": "24", "horodatage": "2022-09-17 14:50:22", "distance (en metres)": 656.98, "station": "JEAN MERMOZ-GENERAL DE GAULLE", "marker-color": "#818181"}}, {"type": "Feature", "geometry": {"type": "Point", "coordinates": [2.302987, 48.778336]}, "properties": {"numparc": 5912, "etat de la localisation": "autre", "ID BDGEO": "59", "horodatage": "2022-09-17 14:51:00", "distance (en metres)": 1710.41, "station": "BARBUSSE-LARROUMES", "marker-color": "#818181"}}, {"type": "Feature", "geometry": {"type": "Point", "coordinates": [2.343222, 48.77224]}, "properties": {"numparc": 5934, "etat de la localisation": "autre", "ID BDGEO": "24", "horodatage": "2022-09-17 14:51:34", "distance (en metres)": 265.98, "station": "JEAN MERMOZ-GENERAL DE GAULLE", "marker-color": "#818181"}}, {"type": "Feature", "geometry": {"type": "Point", "coordinates": [2.281496, 48.779934]}, "properties": {"numparc": 5923, "etat de la localisation": "autre", "ID BDGEO": "59", "horodatage": "2022-09-17 14:51:38", "distance (en metres)": 3293.12, "station": "BARBUSSE-LARROUMES", "marker-color": "#818181"}}, {"type": "Feature", "geometry": {"type": "Point", "coordinates": [2.297677, 48.778442]}, "properties": {"numparc": 5912, "etat de la localisation": "autre", "ID BDGEO": "59", "horodatage": "2022-09-17 14:52:05", "distance (en metres)": 2096.03, "station": "BARBUSSE-LARROUMES", "marker-color": "#818181"}}, {"type": "Feature", "geometry": {"type": "Point", "coordinates": [2.281414, 48.779762]}, "properties": {"numparc": 5794, "etat de la localisation": "autre", "ID BDGEO": "59", "horodatage": "2022-09-17 14:52:19", "distance (en metres)": 3296.3, "station": "BARBUSSE-LARROUMES", "marker-color": "#818181"}}, {"type": "Feature", "geometry": {"type": "Point", "coordinates": [2.369308, 48.759449]}, "properties": {"numparc": 5911, "etat de la localisation": "autre", "ID BDGEO": "24", "horodatage": "2022-09-17 14:52:23", "distance (en metres)": 2623.44, "station": "JEAN MERMOZ-GENERAL DE GAULLE", "marker-color": "#818181"}}, {"type": "Feature", "geometry": {"type": "Point", "coordinates": [2.291247, 48.778904]}, "properties": {"numparc": 5912, "etat de la localisation": "autre", "ID BDGEO": "59", "horodatage": "2022-09-17 14:53:37", "distance (en metres)": 2569.57, "station": "BARBUSSE-LARROUMES", "marker-color": "#818181"}}, {"type": "Feature", "geometry": {"type": "Point", "coordinates": [2.340021, 48.775875]}, "properties": {"numparc": 5934, "etat de la localisation": "autre", "ID BDGEO": "24", "horodatage": "2022-09-17 14:54:16", "distance (en metres)": 358.95, "station": "JEAN MERMOZ-GENERAL DE GAULLE", "marker-color": "#818181"}}, {"type": "Feature", "geometry": {"type": "Point", "coordinates": [2.28819, 48.778854]}, "properties": {"numparc": 5912, "etat de la localisation": "autre", "ID BDGEO": "59", "horodatage": "2022-09-17 14:54:58", "distance (en metres)": 2790.65, "station": "BARBUSSE-LARROUMES", "marker-color": "#818181"}}, {"type": "Feature", "geometry": {"type": "Point", "coordinates": [2.357677, 48.763321]}, "properties": {"numparc": 5911, "etat de la localisation": "autre", "ID BDGEO": "24", "horodatage": "2022-09-17 14:55:47", "distance (en metres)": 1680.33, "station": "JEAN MERMOZ-GENERAL DE GAULLE", "marker-color": "#818181"}}, {"type": "Feature", "geometry": {"type": "Point", "coordinates": [2.34014, 48.778412]}, "properties": {"numparc": 5934, "etat de la localisation": "autre", "ID BDGEO": "24", "horodatage": "2022-09-17 14:56:16", "distance (en metres)": 641.0, "station": "JEAN MERMOZ-GENERAL DE GAULLE", "marker-color": "#818181"}}, {"type": "Feature", "geometry": {"type": "Point", "coordinates": [2.337245, 48.779823]}, "properties": {"numparc": 5934, "etat de la localisation": "autre", "ID BDGEO": "24", "horodatage": "2022-09-17 14:57:38", "distance (en metres)": 816.15, "station": "JEAN MERMOZ-GENERAL DE GAULLE", "marker-color": "#818181"}}, {"type": "Feature", "geometry": {"type": "Point", "coordinates": [2.281638, 48.779987]}, "properties": {"numparc": 5912, "etat de la localisation": "autre", "ID BDGEO": "59", "horodatage": "2022-09-17 14:57:42", "distance (en metres)": 3283.72, "station": "BARBUSSE-LARROUMES", "marker-color": "#818181"}}, {"type": "Feature", "geometry": {"type": "Point", "coordinates": [2.281496, 48.779934]}, "properties": {"numparc": 5923, "etat de la localisation": "autre", "ID BDGEO": "59", "horodatage": "2022-09-17 14:58:37", "distance (en metres)": 3293.12, "station": "BARBUSSE-LARROUMES", "marker-color": "#818181"}}, {"type": "Feature", "geometry": {"type": "Point", "coordinates": [2.281535, 48.779991]}, "properties": {"numparc": 5912, "etat de la localisation": "autre", "ID BDGEO": "59", "horodatage": "2022-09-17 14:58:39", "distance (en metres)": 3291.25, "station": "BARBUSSE-LARROUMES", "marker-color": "#818181"}}, {"type": "Feature", "geometry": {"type": "Point", "coordinates": [2.334528, 48.778118]}, "properties": {"numparc": 5934, "etat de la localisation": "autre", "ID BDGEO": "59", "horodatage": "2022-09-17 15:00:07", "distance (en metres)": 691.44, "station": "BARBUSSE-LARROUMES", "marker-color": "#818181"}}, {"type": "Feature", "geometry": {"type": "Point", "coordinates": [2.292319, 48.778854]}, "properties": {"numparc": 5794, "etat de la localisation": "autre", "ID BDGEO": "59", "horodatage": "2022-09-17 15:03:48", "distance (en metres)": 2491.05, "station": "BARBUSSE-LARROUMES", "marker-color": "#818181"}}, {"type": "Feature", "geometry": {"type": "Point", "coordinates": [2.32189, 48.777569]}, "properties": {"numparc": 5934, "etat de la localisation": "autre", "ID BDGEO": "59", "horodatage": "2022-09-17 15:04:04", "distance (en metres)": 372.74, "station": "BARBUSSE-LARROUMES", "marker-color": "#818181"}}, {"type": "Feature", "geometry": {"type": "Point", "coordinates": [2.315464, 48.779655]}, "properties": {"numparc": 5934, "etat de la localisation": "autre", "ID BDGEO": "59", "horodatage": "2022-09-17 15:06:14", "distance (en metres)": 893.66, "station": "BARBUSSE-LARROUMES", "marker-color": "#818181"}}, {"type": "Feature", "geometry": {"type": "Point", "coordinates": [2.304196, 48.778057]}, "properties": {"numparc": 5794, "etat de la localisation": "autre", "ID BDGEO": "59", "horodatage": "2022-09-17 15:07:17", "distance (en metres)": 1617.75, "station": "BARBUSSE-LARROUMES", "marker-color": "#818181"}}, {"type": "Feature", "geometry": {"type": "Point", "coordinates": [2.281433, 48.779785]}, "properties": {"numparc": 5912, "etat de la localisation": "autre", "ID BDGEO": "59", "horodatage": "2022-09-17 15:07:42", "distance (en metres)": 3295.27, "station": "BARBUSSE-LARROUMES", "marker-color": "#818181"}}, {"type": "Feature", "geometry": {"type": "Point", "coordinates": [2.314543, 48.782066]}, "properties": {"numparc": 5934, "etat de la localisation": "autre", "ID BDGEO": "59", "horodatage": "2022-09-17 15:08:12", "distance (en metres)": 1106.31, "station": "BARBUSSE-LARROUMES", "marker-color": "#818181"}}, {"type": "Feature", "geometry": {"type": "Point", "coordinates": [2.308285, 48.777241]}, "properties": {"numparc": 5794, "etat de la localisation": "autre", "ID BDGEO": "59", "horodatage": "2022-09-17 15:08:25", "distance (en metres)": 1307.48, "station": "BARBUSSE-LARROUMES", "marker-color": "#818181"}}, {"type": "Feature", "geometry": {"type": "Point", "coordinates": [2.313468, 48.779099]}, "properties": {"numparc": 5934, "etat de la localisation": "autre", "ID BDGEO": "59", "horodatage": "2022-09-17 15:09:32", "distance (en metres)": 995.87, "station": "BARBUSSE-LARROUMES", "marker-color": "#818181"}}, {"type": "Feature", "geometry": {"type": "Point", "coordinates": [2.313464, 48.779087]}, "properties": {"numparc": 5934, "etat de la localisation": "autre", "ID BDGEO": "59", "horodatage": "2022-09-17 15:09:46", "distance (en metres)": 995.64, "station": "BARBUSSE-LARROUMES", "marker-color": "#818181"}}, {"type": "Feature", "geometry": {"type": "Point", "coordinates": [2.313312, 48.776665]}, "properties": {"numparc": 5934, "etat de la localisation": "autre", "ID BDGEO": "59", "horodatage": "2022-09-17 15:10:51", "distance (en metres)": 933.78, "station": "BARBUSSE-LARROUMES", "marker-color": "#818181"}}, {"type": "Feature", "geometry": {"type": "Point", "coordinates": [2.316626, 48.779003]}, "properties": {"numparc": 5794, "etat de la localisation": "autre", "ID BDGEO": "59", "horodatage": "2022-09-17 15:11:44", "distance (en metres)": 783.61, "station": "BARBUSSE-LARROUMES", "marker-color": "#818181"}}, {"type": "Feature", "geometry": {"type": "Point", "coordinates": [2.307019, 48.777489]}, "properties": {"numparc": 5934, "etat de la localisation": "autre", "ID BDGEO": "59", "horodatage": "2022-09-17 15:12:16", "distance (en metres)": 1403.33, "station": "BARBUSSE-LARROUMES", "marker-color": "#818181"}}, {"type": "Feature", "geometry": {"type": "Point", "coordinates": [2.303009, 48.778374]}, "properties": {"numparc": 5934, "etat de la localisation": "autre", "ID BDGEO": "59", "horodatage": "2022-09-17 15:13:16", "distance (en metres)": 1709.61, "station": "BARBUSSE-LARROUMES", "marker-color": "#818181"}}, {"type": "Feature", "geometry": {"type": "Point", "coordinates": [2.368751, 48.759605]}, "properties": {"numparc": 5911, "etat de la localisation": "autre", "ID BDGEO": "24", "horodatage": "2022-09-17 15:13:31", "distance (en metres)": 2579.9, "station": "JEAN MERMOZ-GENERAL DE GAULLE", "marker-color": "#818181"}}, {"type": "Feature", "geometry": {"type": "Point", "coordinates": [2.322553, 48.777107]}, "properties": {"numparc": 5794, "etat de la localisation": "autre", "ID BDGEO": "59", "horodatage": "2022-09-17 15:14:11", "distance (en metres)": 303.23, "station": "BARBUSSE-LARROUMES", "marker-color": "#818181"}}, {"type": "Feature", "geometry": {"type": "Point", "coordinates": [2.297611, 48.778519]}, "properties": {"numparc": 5934, "etat de la localisation": "autre", "ID BDGEO": "59", "horodatage": "2022-09-17 15:15:07", "distance (en metres)": 2102.12, "station": "BARBUSSE-LARROUMES", "marker-color": "#818181"}}, {"type": "Feature", "geometry": {"type": "Point", "coordinates": [2.284122, 48.778961]}, "properties": {"numparc": 5912, "etat de la localisation": "autre", "ID BDGEO": "59", "horodatage": "2022-09-17 15:15:54", "distance (en metres)": 3087.81, "station": "BARBUSSE-LARROUMES", "marker-color": "#818181"}}, {"type": "Feature", "geometry": {"type": "Point", "coordinates": [2.281458, 48.779816]}, "properties": {"numparc": 5923, "etat de la localisation": "autre", "ID BDGEO": "59", "horodatage": "2022-09-17 15:16:10", "distance (en metres)": 3293.96, "station": "BARBUSSE-LARROUMES", "marker-color": "#818181"}}, {"type": "Feature", "geometry": {"type": "Point", "coordinates": [2.368354, 48.765472]}, "properties": {"numparc": 5911, "etat de la localisation": "autre", "ID BDGEO": "24", "horodatage": "2022-09-17 15:16:30", "distance (en metres)": 2250.38, "station": "JEAN MERMOZ-GENERAL DE GAULLE", "marker-color": "#818181"}}, {"type": "Feature", "geometry": {"type": "Point", "coordinates": [2.291077, 48.779018]}, "properties": {"numparc": 5934, "etat de la localisation": "autre", "ID BDGEO": "59", "horodatage": "2022-09-17 15:16:52", "distance (en metres)": 2583.77, "station": "BARBUSSE-LARROUMES", "marker-color": "#818181"}}, {"type": "Feature", "geometry": {"type": "Point", "coordinates": [2.287958, 48.778744]}, "properties": {"numparc": 5912, "etat de la localisation": "autre", "ID BDGEO": "59", "horodatage": "2022-09-17 15:18:17", "distance (en metres)": 2805.91, "station": "BARBUSSE-LARROUMES", "marker-color": "#818181"}}, {"type": "Feature", "geometry": {"type": "Point", "coordinates": [2.283352, 48.779087]}, "properties": {"numparc": 5934, "etat de la localisation": "autre", "ID BDGEO": "59", "horodatage": "2022-09-17 15:19:19", "distance (en metres)": 3145.53, "station": "BARBUSSE-LARROUMES", "marker-color": "#818181"}}, {"type": "Feature", "geometry": {"type": "Point", "coordinates": [2.367227, 48.769081]}, "properties": {"numparc": 5911, "etat de la localisation": "autre", "ID BDGEO": "24", "horodatage": "2022-09-17 15:19:27", "distance (en metres)": 2059.88, "station": "JEAN MERMOZ-GENERAL DE GAULLE", "marker-color": "#818181"}}, {"type": "Feature", "geometry": {"type": "Point", "coordinates": [2.33759, 48.778919]}, "properties": {"numparc": 5794, "etat de la localisation": "autre", "ID BDGEO": "60", "horodatage": "2022-09-17 15:19:30", "distance (en metres)": 71.46, "station": "MAIRIE DE L'HAY LES ROSES", "marker-color": "#818181"}}, {"type": "Feature", "geometry": {"type": "Point", "coordinates": [2.292371, 48.778839]}, "properties": {"numparc": 5912, "etat de la localisation": "autre", "ID BDGEO": "59", "horodatage": "2022-09-17 15:20:27", "distance (en metres)": 2487.03, "station": "BARBUSSE-LARROUMES", "marker-color": "#818181"}}, {"type": "Feature", "geometry": {"type": "Point", "coordinates": [2.363141, 48.770615]}, "properties": {"numparc": 5911, "etat de la localisation": "autre", "ID BDGEO": "24", "horodatage": "2022-09-17 15:21:11", "distance (en metres)": 1736.58, "station": "JEAN MERMOZ-GENERAL DE GAULLE", "marker-color": "#818181"}}, {"type": "Feature", "geometry": {"type": "Point", "coordinates": [2.281493, 48.779926]}, "properties": {"numparc": 5934, "etat de la localisation": "autre", "ID BDGEO": "59", "horodatage": "2022-09-17 15:21:33", "distance (en metres)": 3293.22, "station": "BARBUSSE-LARROUMES", "marker-color": "#818181"}}, {"type": "Feature", "geometry": {"type": "Point", "coordinates": [2.357902, 48.771961]}, "properties": {"numparc": 5911, "etat de la localisation": "autre", "ID BDGEO": "24", "horodatage": "2022-09-17 15:22:26", "distance (en metres)": 1339.95, "station": "JEAN MERMOZ-GENERAL DE GAULLE", "marker-color": "#818181"}}, {"type": "Feature", "geometry": {"type": "Point", "coordinates": [2.354921, 48.771072]}, "properties": {"numparc": 5911, "etat de la localisation": "autre", "ID BDGEO": "24", "horodatage": "2022-09-17 15:23:31", "distance (en metres)": 1133.05, "station": "JEAN MERMOZ-GENERAL DE GAULLE", "marker-color": "#818181"}}, {"type": "Feature", "geometry": {"type": "Point", "coordinates": [2.304208, 48.778008]}, "properties": {"numparc": 5912, "etat de la localisation": "autre", "ID BDGEO": "59", "horodatage": "2022-09-17 15:23:58", "distance (en metres)": 1615.93, "station": "BARBUSSE-LARROUMES", "marker-color": "#818181"}}, {"type": "Feature", "geometry": {"type": "Point", "coordinates": [2.344138, 48.772034]}, "properties": {"numparc": 5794, "etat de la localisation": "autre", "ID BDGEO": "24", "horodatage": "2022-09-17 15:25:22", "distance (en metres)": 336.25, "station": "JEAN MERMOZ-GENERAL DE GAULLE", "marker-color": "#818181"}}, {"type": "Feature", "geometry": {"type": "Point", "coordinates": [2.312252, 48.776428]}, "properties": {"numparc": 5912, "etat de la localisation": "autre", "ID BDGEO": "59", "horodatage": "2022-09-17 15:25:32", "distance (en metres)": 1007.9, "station": "BARBUSSE-LARROUMES", "marker-color": "#818181"}}, {"type": "Feature", "geometry": {"type": "Point", "coordinates": [2.348431, 48.771427]}, "properties": {"numparc": 5911, "etat de la localisation": "autre", "ID BDGEO": "24", "horodatage": "2022-09-17 15:25:37", "distance (en metres)": 658.02, "station": "JEAN MERMOZ-GENERAL DE GAULLE", "marker-color": "#818181"}}, {"type": "Feature", "geometry": {"type": "Point", "coordinates": [2.347932, 48.771412]}, "properties": {"numparc": 5794, "etat de la localisation": "autre", "ID BDGEO": "24", "horodatage": "2022-09-17 15:26:52", "distance (en metres)": 622.67, "station": "JEAN MERMOZ-GENERAL DE GAULLE", "marker-color": "#818181"}}, {"type": "Feature", "geometry": {"type": "Point", "coordinates": [2.343235, 48.772236]}, "properties": {"numparc": 5911, "etat de la localisation": "autre", "ID BDGEO": "24", "horodatage": "2022-09-17 15:27:11", "distance (en metres)": 267.0, "station": "JEAN MERMOZ-GENERAL DE GAULLE", "marker-color": "#818181"}}, {"type": "Feature", "geometry": {"type": "Point", "coordinates": [2.316636, 48.778957]}, "properties": {"numparc": 5912, "etat de la localisation": "autre", "ID BDGEO": "59", "horodatage": "2022-09-17 15:29:22", "distance (en metres)": 780.48, "station": "BARBUSSE-LARROUMES", "marker-color": "#818181"}}, {"type": "Feature", "geometry": {"type": "Point", "coordinates": [2.281433, 48.779785]}, "properties": {"numparc": 5934, "etat de la localisation": "autre", "ID BDGEO": "59", "horodatage": "2022-09-17 15:29:35", "distance (en metres)": 3295.27, "station": "BARBUSSE-LARROUMES", "marker-color": "#818181"}}, {"type": "Feature", "geometry": {"type": "Point", "coordinates": [2.284101, 48.779003]}, "properties": {"numparc": 5923, "etat de la localisation": "autre", "ID BDGEO": "59", "horodatage": "2022-09-17 15:29:51", "distance (en metres)": 3089.91, "station": "BARBUSSE-LARROUMES", "marker-color": "#818181"}}, {"type": "Feature", "geometry": {"type": "Point", "coordinates": [2.359434, 48.771767]}, "properties": {"numparc": 5794, "etat de la localisation": "autre", "ID BDGEO": "24", "horodatage": "2022-09-17 15:30:08", "distance (en metres)": 1453.36, "station": "JEAN MERMOZ-GENERAL DE GAULLE", "marker-color": "#818181"}}, {"type": "Feature", "geometry": {"type": "Point", "coordinates": [2.340075, 48.775932]}, "properties": {"numparc": 5911, "etat de la localisation": "autre", "ID BDGEO": "24", "horodatage": "2022-09-17 15:30:19", "distance (en metres)": 365.61, "station": "JEAN MERMOZ-GENERAL DE GAULLE", "marker-color": "#818181"}}, {"type": "Feature", "geometry": {"type": "Point", "coordinates": [2.28795, 48.778763]}, "properties": {"numparc": 5923, "etat de la localisation": "autre", "ID BDGEO": "59", "horodatage": "2022-09-17 15:31:22", "distance (en metres)": 2806.76, "station": "BARBUSSE-LARROUMES", "marker-color": "#818181"}}, {"type": "Feature", "geometry": {"type": "Point", "coordinates": [2.322464, 48.777191]}, "properties": {"numparc": 5912, "etat de la localisation": "autre", "ID BDGEO": "59", "horodatage": "2022-09-17 15:31:26", "distance (en metres)": 313.95, "station": "BARBUSSE-LARROUMES", "marker-color": "#818181"}}, {"type": "Feature", "geometry": {"type": "Point", "coordinates": [2.36394, 48.770226]}, "properties": {"numparc": 5794, "etat de la localisation": "autre", "ID BDGEO": "24", "horodatage": "2022-09-17 15:31:41", "distance (en metres)": 1800.64, "station": "JEAN MERMOZ-GENERAL DE GAULLE", "marker-color": "#818181"}}, {"type": "Feature", "geometry": {"type": "Point", "coordinates": [2.340236, 48.778461]}, "properties": {"numparc": 5911, "etat de la localisation": "autre", "ID BDGEO": "24", "horodatage": "2022-09-17 15:32:18", "distance (en metres)": 646.93, "station": "JEAN MERMOZ-GENERAL DE GAULLE", "marker-color": "#818181"}}, {"type": "Feature", "geometry": {"type": "Point", "coordinates": [2.29233, 48.77882]}, "properties": {"numparc": 5923, "etat de la localisation": "autre", "ID BDGEO": "59", "horodatage": "2022-09-17 15:33:36", "distance (en metres)": 2489.69, "station": "BARBUSSE-LARROUMES", "marker-color": "#818181"}}, {"type": "Feature", "geometry": {"type": "Point", "coordinates": [2.337249, 48.779922]}, "properties": {"numparc": 5911, "etat de la localisation": "autre", "ID BDGEO": "24", "horodatage": "2022-09-17 15:33:51", "distance (en metres)": 826.85, "station": "JEAN MERMOZ-GENERAL DE GAULLE", "marker-color": "#818181"}}, {"type": "Feature", "geometry": {"type": "Point", "coordinates": [2.367895, 48.7682]}, "properties": {"numparc": 5794, "etat de la localisation": "autre", "ID BDGEO": "24", "horodatage": "2022-09-17 15:33:52", "distance (en metres)": 2128.59, "station": "JEAN MERMOZ-GENERAL DE GAULLE", "marker-color": "#818181"}}, {"type": "Feature", "geometry": {"type": "Point", "coordinates": [2.368076, 48.765221]}, "properties": {"numparc": 5794, "etat de la localisation": "autre", "ID BDGEO": "24", "horodatage": "2022-09-17 15:34:46", "distance (en metres)": 2241.52, "station": "JEAN MERMOZ-GENERAL DE GAULLE", "marker-color": "#818181"}}, {"type": "Feature", "geometry": {"type": "Point", "coordinates": [2.297171, 48.778503]}, "properties": {"numparc": 5923, "etat de la localisation": "autre", "ID BDGEO": "59", "horodatage": "2022-09-17 15:35:35", "distance (en metres)": 2133.7, "station": "BARBUSSE-LARROUMES", "marker-color": "#818181"}}, {"type": "Feature", "geometry": {"type": "Point", "coordinates": [2.334575, 48.778152]}, "properties": {"numparc": 5911, "etat de la localisation": "autre", "ID BDGEO": "59", "horodatage": "2022-09-17 15:36:21", "distance (en metres)": 696.16, "station": "BARBUSSE-LARROUMES", "marker-color": "#818181"}}, {"type": "Feature", "geometry": {"type": "Point", "coordinates": [2.337607, 48.778858]}, "properties": {"numparc": 5912, "etat de la localisation": "autre", "ID BDGEO": "60", "horodatage": "2022-09-17 15:37:17", "distance (en metres)": 74.12, "station": "MAIRIE DE L'HAY LES ROSES", "marker-color": "#818181"}}, {"type": "Feature", "geometry": {"type": "Point", "coordinates": [2.304209, 48.778046]}, "properties": {"numparc": 5923, "etat de la localisation": "autre", "ID BDGEO": "59", "horodatage": "2022-09-17 15:38:17", "distance (en metres)": 1616.58, "station": "BARBUSSE-LARROUMES", "marker-color": "#818181"}}, {"type": "Feature", "geometry": {"type": "Point", "coordinates": [2.369263, 48.759438]}, "properties": {"numparc": 5794, "etat de la localisation": "autre", "ID BDGEO": "24", "horodatage": "2022-09-17 15:40:12", "distance (en metres)": 2621.42, "station": "JEAN MERMOZ-GENERAL DE GAULLE", "marker-color": "#818181"}}, {"type": "Feature", "geometry": {"type": "Point", "coordinates": [2.344142, 48.772007]}, "properties": {"numparc": 5912, "etat de la localisation": "autre", "ID BDGEO": "24", "horodatage": "2022-09-17 15:41:33", "distance (en metres)": 337.16, "station": "JEAN MERMOZ-GENERAL DE GAULLE", "marker-color": "#818181"}}, {"type": "Feature", "geometry": {"type": "Point", "coordinates": [2.347949, 48.771404]}, "properties": {"numparc": 5912, "etat de la localisation": "autre", "ID BDGEO": "24", "horodatage": "2022-09-17 15:42:55", "distance (en metres)": 624.06, "station": "JEAN MERMOZ-GENERAL DE GAULLE", "marker-color": "#818181"}}, {"type": "Feature", "geometry": {"type": "Point", "coordinates": [2.350624, 48.770634]}, "properties": {"numparc": 5912, "etat de la localisation": "autre", "ID BDGEO": "24", "horodatage": "2022-09-17 15:43:58", "distance (en metres)": 835.23, "station": "JEAN MERMOZ-GENERAL DE GAULLE", "marker-color": "#818181"}}, {"type": "Feature", "geometry": {"type": "Point", "coordinates": [2.321863, 48.77758]}, "properties": {"numparc": 5911, "etat de la localisation": "autre", "ID BDGEO": "59", "horodatage": "2022-09-17 15:44:10", "distance (en metres)": 375.09, "station": "BARBUSSE-LARROUMES", "marker-color": "#818181"}}, {"type": "Feature", "geometry": {"type": "Point", "coordinates": [2.357685, 48.763275]}, "properties": {"numparc": 5794, "etat de la localisation": "autre", "ID BDGEO": "24", "horodatage": "2022-09-17 15:44:28", "distance (en metres)": 1683.95, "station": "JEAN MERMOZ-GENERAL DE GAULLE", "marker-color": "#818181"}}, {"type": "Feature", "geometry": {"type": "Point", "coordinates": [2.355473, 48.771214]}, "properties": {"numparc": 5912, "etat de la localisation": "autre", "ID BDGEO": "24", "horodatage": "2022-09-17 15:45:12", "distance (en metres)": 1170.77, "station": "JEAN MERMOZ-GENERAL DE GAULLE", "marker-color": "#818181"}}, {"type": "Feature", "geometry": {"type": "Point", "coordinates": [2.322478, 48.777164]}, "properties": {"numparc": 5923, "etat de la localisation": "autre", "ID BDGEO": "59", "horodatage": "2022-09-17 15:45:31", "distance (en metres)": 311.38, "station": "BARBUSSE-LARROUMES", "marker-color": "#818181"}}, {"type": "Feature", "geometry": {"type": "Point", "coordinates": [2.359433, 48.771759]}, "properties": {"numparc": 5912, "etat de la localisation": "autre", "ID BDGEO": "24", "horodatage": "2022-09-17 15:46:40", "distance (en metres)": 1453.34, "station": "JEAN MERMOZ-GENERAL DE GAULLE", "marker-color": "#818181"}}, {"type": "Feature", "geometry": {"type": "Point", "coordinates": [2.363991, 48.770191]}, "properties": {"numparc": 5912, "etat de la localisation": "autre", "ID BDGEO": "24", "horodatage": "2022-09-17 15:48:04", "distance (en metres)": 1804.91, "station": "JEAN MERMOZ-GENERAL DE GAULLE", "marker-color": "#818181"}}, {"type": "Feature", "geometry": {"type": "Point", "coordinates": [2.315422, 48.779671]}, "properties": {"numparc": 5911, "etat de la localisation": "autre", "ID BDGEO": "59", "horodatage": "2022-09-17 15:48:08", "distance (en metres)": 897.17, "station": "BARBUSSE-LARROUMES", "marker-color": "#818181"}}, {"type": "Feature", "geometry": {"type": "Point", "coordinates": [2.367866, 48.768211]}, "properties": {"numparc": 5912, "etat de la localisation": "autre", "ID BDGEO": "24", "horodatage": "2022-09-17 15:49:40", "distance (en metres)": 2126.24, "station": "JEAN MERMOZ-GENERAL DE GAULLE", "marker-color": "#818181"}}, {"type": "Feature", "geometry": {"type": "Point", "coordinates": [2.28159, 48.779316]}, "properties": {"numparc": 5934, "etat de la localisation": "autre", "ID BDGEO": "59", "horodatage": "2022-09-17 15:50:53", "distance (en metres)": 3276.82, "station": "BARBUSSE-LARROUMES", "marker-color": "#818181"}}, {"type": "Feature", "geometry": {"type": "Point", "coordinates": [2.337539, 48.778919]}, "properties": {"numparc": 5923, "etat de la localisation": "autre", "ID BDGEO": "60", "horodatage": "2022-09-17 15:51:09", "distance (en metres)": 67.78, "station": "MAIRIE DE L'HAY LES ROSES", "marker-color": "#818181"}}, {"type": "Feature", "geometry": {"type": "Point", "coordinates": [2.314925, 48.782715]}, "properties": {"numparc": 5911, "etat de la localisation": "autre", "ID BDGEO": "59", "horodatage": "2022-09-17 15:51:20", "distance (en metres)": 1134.81, "station": "BARBUSSE-LARROUMES", "marker-color": "#818181"}}, {"type": "Feature", "geometry": {"type": "Point", "coordinates": [2.313472, 48.779068]}, "properties": {"numparc": 5911, "etat de la localisation": "autre", "ID BDGEO": "59", "horodatage": "2022-09-17 15:53:14", "distance (en metres)": 994.26, "station": "BARBUSSE-LARROUMES", "marker-color": "#818181"}}, {"type": "Feature", "geometry": {"type": "Point", "coordinates": [2.369278, 48.759441]}, "properties": {"numparc": 5912, "etat de la localisation": "autre", "ID BDGEO": "24", "horodatage": "2022-09-17 15:54:22", "distance (en metres)": 2622.1, "station": "JEAN MERMOZ-GENERAL DE GAULLE", "marker-color": "#818181"}}, {"type": "Feature", "geometry": {"type": "Point", "coordinates": [2.313293, 48.776688]}, "properties": {"numparc": 5911, "etat de la localisation": "autre", "ID BDGEO": "59", "horodatage": "2022-09-17 15:54:56", "distance (en metres)": 935.51, "station": "BARBUSSE-LARROUMES", "marker-color": "#818181"}}, {"type": "Feature", "geometry": {"type": "Point", "coordinates": [2.292351, 48.77882]}, "properties": {"numparc": 5934, "etat de la localisation": "autre", "ID BDGEO": "59", "horodatage": "2022-09-17 15:55:14", "distance (en metres)": 2488.17, "station": "BARBUSSE-LARROUMES", "marker-color": "#818181"}}, {"type": "Feature", "geometry": {"type": "Point", "coordinates": [2.292351, 48.77882]}, "properties": {"numparc": 5934, "etat de la localisation": "autre", "ID BDGEO": "59", "horodatage": "2022-09-17 15:55:20", "distance (en metres)": 2488.17, "station": "BARBUSSE-LARROUMES", "marker-color": "#818181"}}, {"type": "Feature", "geometry": {"type": "Point", "coordinates": [2.344103, 48.77211]}, "properties": {"numparc": 5923, "etat de la localisation": "autre", "ID BDGEO": "24", "horodatage": "2022-09-17 15:56:03", "distance (en metres)": 332.09, "station": "JEAN MERMOZ-GENERAL DE GAULLE", "marker-color": "#818181"}}, {"type": "Feature", "geometry": {"type": "Point", "coordinates": [2.307038, 48.777504]}, "properties": {"numparc": 5911, "etat de la localisation": "autre", "ID BDGEO": "59", "horodatage": "2022-09-17 15:56:38", "distance (en metres)": 1402.21, "station": "BARBUSSE-LARROUMES", "marker-color": "#818181"}}, {"type": "Feature", "geometry": {"type": "Point", "coordinates": [2.347883, 48.771477]}, "properties": {"numparc": 5923, "etat de la localisation": "autre", "ID BDGEO": "24", "horodatage": "2022-09-17 15:56:58", "distance (en metres)": 617.59, "station": "JEAN MERMOZ-GENERAL DE GAULLE", "marker-color": "#818181"}}, {"type": "Feature", "geometry": {"type": "Point", "coordinates": [2.35781, 48.763302]}, "properties": {"numparc": 5912, "etat de la localisation": "autre", "ID BDGEO": "24", "horodatage": "2022-09-17 15:57:30", "distance (en metres)": 1689.32, "station": "JEAN MERMOZ-GENERAL DE GAULLE", "marker-color": "#818181"}}, {"type": "Feature", "geometry": {"type": "Point", "coordinates": [2.303007, 48.778378]}, "properties": {"numparc": 5911, "etat de la localisation": "autre", "ID BDGEO": "59", "horodatage": "2022-09-17 15:58:46", "distance (en metres)": 1709.84, "station": "BARBUSSE-LARROUMES", "marker-color": "#818181"}}, {"type": "Feature", "geometry": {"type": "Point", "coordinates": [2.355457, 48.771309]}, "properties": {"numparc": 5923, "etat de la localisation": "autre", "ID BDGEO": "24", "horodatage": "2022-09-17 15:59:12", "distance (en metres)": 1168.2, "station": "JEAN MERMOZ-GENERAL DE GAULLE", "marker-color": "#818181"}}, {"type": "Feature", "geometry": {"type": "Point", "coordinates": [2.304187, 48.778046]}, "properties": {"numparc": 5934, "etat de la localisation": "autre", "ID BDGEO": "59", "horodatage": "2022-09-17 15:59:43", "distance (en metres)": 1618.17, "station": "BARBUSSE-LARROUMES", "marker-color": "#818181"}}, {"type": "Feature", "geometry": {"type": "Point", "coordinates": [2.297664, 48.778545]}, "properties": {"numparc": 5911, "etat de la localisation": "autre", "ID BDGEO": "59", "horodatage": "2022-09-17 16:00:13", "distance (en metres)": 2098.76, "station": "BARBUSSE-LARROUMES", "marker-color": "#818181"}}, {"type": "Feature", "geometry": {"type": "Point", "coordinates": [2.359363, 48.771797]}, "properties": {"numparc": 5923, "etat de la localisation": "autre", "ID BDGEO": "24", "horodatage": "2022-09-17 16:00:40", "distance (en metres)": 1447.95, "station": "JEAN MERMOZ-GENERAL DE GAULLE", "marker-color": "#818181"}}, {"type": "Feature", "geometry": {"type": "Point", "coordinates": [2.308238, 48.777275]}, "properties": {"numparc": 5934, "etat de la localisation": "autre", "ID BDGEO": "59", "horodatage": "2022-09-17 16:00:48", "distance (en metres)": 1311.44, "station": "BARBUSSE-LARROUMES", "marker-color": "#818181"}}, {"type": "Feature", "geometry": {"type": "Point", "coordinates": [2.312272, 48.776424]}, "properties": {"numparc": 5934, "etat de la localisation": "autre", "ID BDGEO": "59", "horodatage": "2022-09-17 16:01:42", "distance (en metres)": 1006.4, "station": "BARBUSSE-LARROUMES", "marker-color": "#818181"}}, {"type": "Feature", "geometry": {"type": "Point", "coordinates": [2.36394, 48.770233]}, "properties": {"numparc": 5923, "etat de la localisation": "autre", "ID BDGEO": "24", "horodatage": "2022-09-17 16:01:57", "distance (en metres)": 1800.51, "station": "JEAN MERMOZ-GENERAL DE GAULLE", "marker-color": "#818181"}}, {"type": "Feature", "geometry": {"type": "Point", "coordinates": [2.291039, 48.779034]}, "properties": {"numparc": 5911, "etat de la localisation": "autre", "ID BDGEO": "59", "horodatage": "2022-09-17 16:03:30", "distance (en metres)": 2586.76, "station": "BARBUSSE-LARROUMES", "marker-color": "#818181"}}, {"type": "Feature", "geometry": {"type": "Point", "coordinates": [2.316549, 48.778984]}, "properties": {"numparc": 5934, "etat de la localisation": "autre", "ID BDGEO": "59", "horodatage": "2022-09-17 16:03:58", "distance (en metres)": 787.5, "station": "BARBUSSE-LARROUMES", "marker-color": "#818181"}}, {"type": "Feature", "geometry": {"type": "Point", "coordinates": [2.368714, 48.759621]}, "properties": {"numparc": 5794, "etat de la localisation": "autre", "ID BDGEO": "24", "horodatage": "2022-09-17 16:04:24", "distance (en metres)": 2576.7, "station": "JEAN MERMOZ-GENERAL DE GAULLE", "marker-color": "#818181"}}, {"type": "Feature", "geometry": {"type": "Point", "coordinates": [2.367816, 48.768257]}, "properties": {"numparc": 5923, "etat de la localisation": "autre", "ID BDGEO": "24", "horodatage": "2022-09-17 16:04:39", "distance (en metres)": 2121.49, "station": "JEAN MERMOZ-GENERAL DE GAULLE", "marker-color": "#818181"}}, {"type": "Feature", "geometry": {"type": "Point", "coordinates": [2.288159, 48.778904]}, "properties": {"numparc": 5911, "etat de la localisation": "autre", "ID BDGEO": "59", "horodatage": "2022-09-17 16:04:52", "distance (en metres)": 2793.63, "station": "BARBUSSE-LARROUMES", "marker-color": "#818181"}}, {"type": "Feature", "geometry": {"type": "Point", "coordinates": [2.322498, 48.777164]}, "properties": {"numparc": 5934, "etat de la localisation": "autre", "ID BDGEO": "59", "horodatage": "2022-09-17 16:05:48", "distance (en metres)": 310.19, "station": "BARBUSSE-LARROUMES", "marker-color": "#818181"}}, {"type": "Feature", "geometry": {"type": "Point", "coordinates": [2.283346, 48.779091]}, "properties": {"numparc": 5911, "etat de la localisation": "autre", "ID BDGEO": "59", "horodatage": "2022-09-17 16:06:09", "distance (en metres)": 3146.02, "station": "BARBUSSE-LARROUMES", "marker-color": "#818181"}}, {"type": "Feature", "geometry": {"type": "Point", "coordinates": [2.368338, 48.765591]}, "properties": {"numparc": 5794, "etat de la localisation": "autre", "ID BDGEO": "24", "horodatage": "2022-09-17 16:07:08", "distance (en metres)": 2244.64, "station": "JEAN MERMOZ-GENERAL DE GAULLE", "marker-color": "#818181"}}, {"type": "Feature", "geometry": {"type": "Point", "coordinates": [2.281422, 48.779816]}, "properties": {"numparc": 5911, "etat de la localisation": "autre", "ID BDGEO": "59", "horodatage": "2022-09-17 16:07:39", "distance (en metres)": 3296.57, "station": "BARBUSSE-LARROUMES", "marker-color": "#818181"}}, {"type": "Feature", "geometry": {"type": "Point", "coordinates": [2.369252, 48.759464]}, "properties": {"numparc": 5923, "etat de la localisation": "autre", "ID BDGEO": "24", "horodatage": "2022-09-17 16:08:46", "distance (en metres)": 2619.09, "station": "JEAN MERMOZ-GENERAL DE GAULLE", "marker-color": "#818181"}}, {"type": "Feature", "geometry": {"type": "Point", "coordinates": [2.367191, 48.769104]}, "properties": {"numparc": 5794, "etat de la localisation": "autre", "ID BDGEO": "24", "horodatage": "2022-09-17 16:09:10", "distance (en metres)": 2056.8, "station": "JEAN MERMOZ-GENERAL DE GAULLE", "marker-color": "#818181"}}, {"type": "Feature", "geometry": {"type": "Point", "coordinates": [2.36539, 48.759514]}, "properties": {"numparc": 5923, "etat de la localisation": "autre", "ID BDGEO": "24", "horodatage": "2022-09-17 16:09:43", "distance (en metres)": 2386.49, "station": "JEAN MERMOZ-GENERAL DE GAULLE", "marker-color": "#818181"}}, {"type": "Feature", "geometry": {"type": "Point", "coordinates": [2.36539, 48.759514]}, "properties": {"numparc": 5923, "etat de la localisation": "autre", "ID BDGEO": "24", "horodatage": "2022-09-17 16:10:12", "distance (en metres)": 2386.49, "station": "JEAN MERMOZ-GENERAL DE GAULLE", "marker-color": "#818181"}}, {"type": "Feature", "geometry": {"type": "Point", "coordinates": [2.36315, 48.770611]}, "properties": {"numparc": 5794, "etat de la localisation": "autre", "ID BDGEO": "24", "horodatage": "2022-09-17 16:10:24", "distance (en metres)": 1737.28, "station": "JEAN MERMOZ-GENERAL DE GAULLE", "marker-color": "#818181"}}, {"type": "Feature", "geometry": {"type": "Point", "coordinates": [2.337527, 48.7789]}, "properties": {"numparc": 5934, "etat de la localisation": "autre", "ID BDGEO": "60", "horodatage": "2022-09-17 16:11:52", "distance (en metres)": 67.33, "station": "MAIRIE DE L'HAY LES ROSES", "marker-color": "#818181"}}, {"type": "Feature", "geometry": {"type": "Point", "coordinates": [2.357871, 48.771961]}, "properties": {"numparc": 5794, "etat de la localisation": "autre", "ID BDGEO": "24", "horodatage": "2022-09-17 16:12:26", "distance (en metres)": 1337.69, "station": "JEAN MERMOZ-GENERAL DE GAULLE", "marker-color": "#818181"}}, {"type": "Feature", "geometry": {"type": "Point", "coordinates": [2.354875, 48.77108]}, "properties": {"numparc": 5794, "etat de la localisation": "autre", "ID BDGEO": "24", "horodatage": "2022-09-17 16:13:45", "distance (en metres)": 1129.59, "station": "JEAN MERMOZ-GENERAL DE GAULLE", "marker-color": "#818181"}}, {"type": "Feature", "geometry": {"type": "Point", "coordinates": [2.348368, 48.771427]}, "properties": {"numparc": 5794, "etat de la localisation": "autre", "ID BDGEO": "24", "horodatage": "2022-09-17 16:16:10", "distance (en metres)": 653.49, "station": "JEAN MERMOZ-GENERAL DE GAULLE", "marker-color": "#818181"}}, {"type": "Feature", "geometry": {"type": "Point", "coordinates": [2.344161, 48.772106]}, "properties": {"numparc": 5934, "etat de la localisation": "autre", "ID BDGEO": "24", "horodatage": "2022-09-17 16:16:17", "distance (en metres)": 336.34, "station": "JEAN MERMOZ-GENERAL DE GAULLE", "marker-color": "#818181"}}, {"type": "Feature", "geometry": {"type": "Point", "coordinates": [2.347959, 48.771492]}, "properties": {"numparc": 5934, "etat de la localisation": "autre", "ID BDGEO": "24", "horodatage": "2022-09-17 16:17:31", "distance (en metres)": 622.68, "station": "JEAN MERMOZ-GENERAL DE GAULLE", "marker-color": "#818181"}}, {"type": "Feature", "geometry": {"type": "Point", "coordinates": [2.343208, 48.772255]}, "properties": {"numparc": 5794, "etat de la localisation": "autre", "ID BDGEO": "24", "horodatage": "2022-09-17 16:17:50", "distance (en metres)": 264.69, "station": "JEAN MERMOZ-GENERAL DE GAULLE", "marker-color": "#818181"}}, {"type": "Feature", "geometry": {"type": "Point", "coordinates": [2.357858, 48.763298]}, "properties": {"numparc": 5912, "etat de la localisation": "autre", "ID BDGEO": "24", "horodatage": "2022-09-17 16:18:41", "distance (en metres)": 1692.34, "station": "JEAN MERMOZ-GENERAL DE GAULLE", "marker-color": "#818181"}}, {"type": "Feature", "geometry": {"type": "Point", "coordinates": [2.3506, 48.77071]}, "properties": {"numparc": 5934, "etat de la localisation": "autre", "ID BDGEO": "24", "horodatage": "2022-09-17 16:18:49", "distance (en metres)": 831.28, "station": "JEAN MERMOZ-GENERAL DE GAULLE", "marker-color": "#818181"}}, {"type": "Feature", "geometry": {"type": "Point", "coordinates": [2.340044, 48.775967]}, "properties": {"numparc": 5794, "etat de la localisation": "autre", "ID BDGEO": "24", "horodatage": "2022-09-17 16:20:56", "distance (en metres)": 369.23, "station": "JEAN MERMOZ-GENERAL DE GAULLE", "marker-color": "#818181"}}, {"type": "Feature", "geometry": {"type": "Point", "coordinates": [2.359395, 48.771797]}, "properties": {"numparc": 5934, "etat de la localisation": "autre", "ID BDGEO": "24", "horodatage": "2022-09-17 16:21:27", "distance (en metres)": 1450.29, "station": "JEAN MERMOZ-GENERAL DE GAULLE", "marker-color": "#818181"}}, {"type": "Feature", "geometry": {"type": "Point", "coordinates": [2.287929, 48.778751]}, "properties": {"numparc": 5911, "etat de la localisation": "autre", "ID BDGEO": "59", "horodatage": "2022-09-17 16:22:17", "distance (en metres)": 2808.12, "station": "BARBUSSE-LARROUMES", "marker-color": "#818181"}}, {"type": "Feature", "geometry": {"type": "Point", "coordinates": [2.368722, 48.759632]}, "properties": {"numparc": 5912, "etat de la localisation": "autre", "ID BDGEO": "24", "horodatage": "2022-09-17 16:22:41", "distance (en metres)": 2576.46, "station": "JEAN MERMOZ-GENERAL DE GAULLE", "marker-color": "#818181"}}, {"type": "Feature", "geometry": {"type": "Point", "coordinates": [2.340154, 48.778534]}, "properties": {"numparc": 5794, "etat de la localisation": "autre", "ID BDGEO": "24", "horodatage": "2022-09-17 16:23:07", "distance (en metres)": 654.6, "station": "JEAN MERMOZ-GENERAL DE GAULLE", "marker-color": "#818181"}}, {"type": "Feature", "geometry": {"type": "Point", "coordinates": [2.292332, 48.778797]}, "properties": {"numparc": 5911, "etat de la localisation": "autre", "ID BDGEO": "59", "horodatage": "2022-09-17 16:23:57", "distance (en metres)": 2489.18, "station": "BARBUSSE-LARROUMES", "marker-color": "#818181"}}, {"type": "Feature", "geometry": {"type": "Point", "coordinates": [2.367833, 48.768265]}, "properties": {"numparc": 5934, "etat de la localisation": "autre", "ID BDGEO": "24", "horodatage": "2022-09-17 16:24:10", "distance (en metres)": 2122.5, "station": "JEAN MERMOZ-GENERAL DE GAULLE", "marker-color": "#818181"}}, {"type": "Feature", "geometry": {"type": "Point", "coordinates": [2.368036, 48.765263]}, "properties": {"numparc": 5934, "etat de la localisation": "autre", "ID BDGEO": "24", "horodatage": "2022-09-17 16:25:02", "distance (en metres)": 2237.07, "station": "JEAN MERMOZ-GENERAL DE GAULLE", "marker-color": "#818181"}}, {"type": "Feature", "geometry": {"type": "Point", "coordinates": [2.369331, 48.763058]}, "properties": {"numparc": 5934, "etat de la localisation": "autre", "ID BDGEO": "24", "horodatage": "2022-09-17 16:26:35", "distance (en metres)": 2423.18, "station": "JEAN MERMOZ-GENERAL DE GAULLE", "marker-color": "#818181"}}, {"type": "Feature", "geometry": {"type": "Point", "coordinates": [2.297184, 48.778481]}, "properties": {"numparc": 5911, "etat de la localisation": "autre", "ID BDGEO": "59", "horodatage": "2022-09-17 16:27:11", "distance (en metres)": 2132.38, "station": "BARBUSSE-LARROUMES", "marker-color": "#818181"}}, {"type": "Feature", "geometry": {"type": "Point", "coordinates": [2.367193, 48.769085]}, "properties": {"numparc": 5912, "etat de la localisation": "autre", "ID BDGEO": "24", "horodatage": "2022-09-17 16:27:15", "distance (en metres)": 2057.35, "station": "JEAN MERMOZ-GENERAL DE GAULLE", "marker-color": "#818181"}}, {"type": "Feature", "geometry": {"type": "Point", "coordinates": [2.334539, 48.778145]}, "properties": {"numparc": 5794, "etat de la localisation": "autre", "ID BDGEO": "59", "horodatage": "2022-09-17 16:27:25", "distance (en metres)": 693.41, "station": "BARBUSSE-LARROUMES", "marker-color": "#818181"}}, {"type": "Feature", "geometry": {"type": "Point", "coordinates": [2.363111, 48.770611]}, "properties": {"numparc": 5912, "etat de la localisation": "autre", "ID BDGEO": "24", "horodatage": "2022-09-17 16:28:40", "distance (en metres)": 1734.46, "station": "JEAN MERMOZ-GENERAL DE GAULLE", "marker-color": "#818181"}}, {"type": "Feature", "geometry": {"type": "Point", "coordinates": [2.330912, 48.776318]}, "properties": {"numparc": 5794, "etat de la localisation": "autre", "ID BDGEO": "59", "horodatage": "2022-09-17 16:28:41", "distance (en metres)": 374.41, "station": "BARBUSSE-LARROUMES", "marker-color": "#818181"}}, {"type": "Feature", "geometry": {"type": "Point", "coordinates": [2.369337, 48.759449]}, "properties": {"numparc": 5934, "etat de la localisation": "autre", "ID BDGEO": "24", "horodatage": "2022-09-17 16:29:35", "distance (en metres)": 2625.21, "station": "JEAN MERMOZ-GENERAL DE GAULLE", "marker-color": "#818181"}}, {"type": "Feature", "geometry": {"type": "Point", "coordinates": [2.357882, 48.771938]}, "properties": {"numparc": 5912, "etat de la localisation": "autre", "ID BDGEO": "24", "horodatage": "2022-09-17 16:29:52", "distance (en metres)": 1338.64, "station": "JEAN MERMOZ-GENERAL DE GAULLE", "marker-color": "#818181"}}, {"type": "Feature", "geometry": {"type": "Point", "coordinates": [2.365429, 48.759525]}, "properties": {"numparc": 5934, "etat de la localisation": "autre", "ID BDGEO": "24", "horodatage": "2022-09-17 16:30:36", "distance (en metres)": 2387.96, "station": "JEAN MERMOZ-GENERAL DE GAULLE", "marker-color": "#818181"}}, {"type": "Feature", "geometry": {"type": "Point", "coordinates": [2.304208, 48.778027]}, "properties": {"numparc": 5911, "etat de la localisation": "autre", "ID BDGEO": "59", "horodatage": "2022-09-17 16:30:50", "distance (en metres)": 1616.29, "station": "BARBUSSE-LARROUMES", "marker-color": "#818181"}}, {"type": "Feature", "geometry": {"type": "Point", "coordinates": [2.321832, 48.777576]}, "properties": {"numparc": 5794, "etat de la localisation": "autre", "ID BDGEO": "59", "horodatage": "2022-09-17 16:31:59", "distance (en metres)": 376.65, "station": "BARBUSSE-LARROUMES", "marker-color": "#818181"}}, {"type": "Feature", "geometry": {"type": "Point", "coordinates": [2.312219, 48.776413]}, "properties": {"numparc": 5911, "etat de la localisation": "autre", "ID BDGEO": "59", "horodatage": "2022-09-17 16:32:31", "distance (en metres)": 1010.15, "station": "BARBUSSE-LARROUMES", "marker-color": "#818181"}}, {"type": "Feature", "geometry": {"type": "Point", "coordinates": [2.348386, 48.771435]}, "properties": {"numparc": 5912, "etat de la localisation": "autre", "ID BDGEO": "24", "horodatage": "2022-09-17 16:33:00", "distance (en metres)": 654.61, "station": "JEAN MERMOZ-GENERAL DE GAULLE", "marker-color": "#818181"}}, {"type": "Feature", "geometry": {"type": "Point", "coordinates": [2.357726, 48.763371]}, "properties": {"numparc": 5934, "etat de la localisation": "autre", "ID BDGEO": "24", "horodatage": "2022-09-17 16:33:32", "distance (en metres)": 1679.77, "station": "JEAN MERMOZ-GENERAL DE GAULLE", "marker-color": "#818181"}}, {"type": "Feature", "geometry": {"type": "Point", "coordinates": [2.343162, 48.772255]}, "properties": {"numparc": 5912, "etat de la localisation": "autre", "ID BDGEO": "24", "horodatage": "2022-09-17 16:34:14", "distance (en metres)": 261.37, "station": "JEAN MERMOZ-GENERAL DE GAULLE", "marker-color": "#818181"}}, {"type": "Feature", "geometry": {"type": "Point", "coordinates": [2.343153, 48.772282]}, "properties": {"numparc": 5912, "etat de la localisation": "autre", "ID BDGEO": "24", "horodatage": "2022-09-17 16:34:32", "distance (en metres)": 260.22, "station": "JEAN MERMOZ-GENERAL DE GAULLE", "marker-color": "#818181"}}, {"type": "Feature", "geometry": {"type": "Point", "coordinates": [2.315467, 48.779667]}, "properties": {"numparc": 5794, "etat de la localisation": "autre", "ID BDGEO": "59", "horodatage": "2022-09-17 16:34:57", "distance (en metres)": 894.13, "station": "BARBUSSE-LARROUMES", "marker-color": "#818181"}}, {"type": "Feature", "geometry": {"type": "Point", "coordinates": [2.316614, 48.778999]}, "properties": {"numparc": 5911, "etat de la localisation": "autre", "ID BDGEO": "59", "horodatage": "2022-09-17 16:35:41", "distance (en metres)": 784.18, "station": "BARBUSSE-LARROUMES", "marker-color": "#818181"}}, {"type": "Feature", "geometry": {"type": "Point", "coordinates": [2.357697, 48.763321]}, "properties": {"numparc": 5923, "etat de la localisation": "autre", "ID BDGEO": "24", "horodatage": "2022-09-17 16:36:13", "distance (en metres)": 1681.49, "station": "JEAN MERMOZ-GENERAL DE GAULLE", "marker-color": "#818181"}}, {"type": "Feature", "geometry": {"type": "Point", "coordinates": [2.3401, 48.775963]}, "properties": {"numparc": 5912, "etat de la localisation": "autre", "ID BDGEO": "24", "horodatage": "2022-09-17 16:36:51", "distance (en metres)": 369.15, "station": "JEAN MERMOZ-GENERAL DE GAULLE", "marker-color": "#818181"}}, {"type": "Feature", "geometry": {"type": "Point", "coordinates": [2.314924, 48.782688]}, "properties": {"numparc": 5794, "etat de la localisation": "autre", "ID BDGEO": "59", "horodatage": "2022-09-17 16:37:57", "distance (en metres)": 1132.78, "station": "BARBUSSE-LARROUMES", "marker-color": "#818181"}}, {"type": "Feature", "geometry": {"type": "Point", "coordinates": [2.322531, 48.777145]}, "properties": {"numparc": 5911, "etat de la localisation": "autre", "ID BDGEO": "59", "horodatage": "2022-09-17 16:38:25", "distance (en metres)": 306.99, "station": "BARBUSSE-LARROUMES", "marker-color": "#818181"}}, {"type": "Feature", "geometry": {"type": "Point", "coordinates": [2.340193, 48.778477]}, "properties": {"numparc": 5912, "etat de la localisation": "autre", "ID BDGEO": "24", "horodatage": "2022-09-17 16:38:55", "distance (en metres)": 648.42, "station": "JEAN MERMOZ-GENERAL DE GAULLE", "marker-color": "#818181"}}, {"type": "Feature", "geometry": {"type": "Point", "coordinates": [2.313433, 48.779079]}, "properties": {"numparc": 5794, "etat de la localisation": "autre", "ID BDGEO": "59", "horodatage": "2022-09-17 16:39:41", "distance (en metres)": 997.39, "station": "BARBUSSE-LARROUMES", "marker-color": "#818181"}}, {"type": "Feature", "geometry": {"type": "Point", "coordinates": [2.337425, 48.779892]}, "properties": {"numparc": 5912, "etat de la localisation": "autre", "ID BDGEO": "24", "horodatage": "2022-09-17 16:40:38", "distance (en metres)": 820.89, "station": "JEAN MERMOZ-GENERAL DE GAULLE", "marker-color": "#818181"}}, {"type": "Feature", "geometry": {"type": "Point", "coordinates": [2.306966, 48.777458]}, "properties": {"numparc": 5794, "etat de la localisation": "autre", "ID BDGEO": "59", "horodatage": "2022-09-17 16:42:13", "distance (en metres)": 1406.64, "station": "BARBUSSE-LARROUMES", "marker-color": "#818181"}}, {"type": "Feature", "geometry": {"type": "Point", "coordinates": [2.334529, 48.778122]}, "properties": {"numparc": 5912, "etat de la localisation": "autre", "ID BDGEO": "59", "horodatage": "2022-09-17 16:42:45", "distance (en metres)": 691.68, "station": "BARBUSSE-LARROUMES", "marker-color": "#818181"}}, {"type": "Feature", "geometry": {"type": "Point", "coordinates": [2.330999, 48.776363]}, "properties": {"numparc": 5912, "etat de la localisation": "autre", "ID BDGEO": "59", "horodatage": "2022-09-17 16:43:54", "distance (en metres)": 381.79, "station": "BARBUSSE-LARROUMES", "marker-color": "#818181"}}, {"type": "Feature", "geometry": {"type": "Point", "coordinates": [2.36874, 48.759651]}, "properties": {"numparc": 5923, "etat de la localisation": "autre", "ID BDGEO": "24", "horodatage": "2022-09-17 16:44:20", "distance (en metres)": 2576.37, "station": "JEAN MERMOZ-GENERAL DE GAULLE", "marker-color": "#818181"}}, {"type": "Feature", "geometry": {"type": "Point", "coordinates": [2.337583, 48.778889]}, "properties": {"numparc": 5911, "etat de la localisation": "autre", "ID BDGEO": "60", "horodatage": "2022-09-17 16:44:27", "distance (en metres)": 71.62, "station": "MAIRIE DE L'HAY LES ROSES", "marker-color": "#818181"}}, {"type": "Feature", "geometry": {"type": "Point", "coordinates": [2.29755, 48.778503]}, "properties": {"numparc": 5794, "etat de la localisation": "autre", "ID BDGEO": "59", "horodatage": "2022-09-17 16:45:31", "distance (en metres)": 2106.27, "station": "BARBUSSE-LARROUMES", "marker-color": "#818181"}}, {"type": "Feature", "geometry": {"type": "Point", "coordinates": [2.368352, 48.765526]}, "properties": {"numparc": 5923, "etat de la localisation": "autre", "ID BDGEO": "24", "horodatage": "2022-09-17 16:47:27", "distance (en metres)": 2248.12, "station": "JEAN MERMOZ-GENERAL DE GAULLE", "marker-color": "#818181"}}, {"type": "Feature", "geometry": {"type": "Point", "coordinates": [2.291036, 48.778976]}, "properties": {"numparc": 5794, "etat de la localisation": "autre", "ID BDGEO": "59", "horodatage": "2022-09-17 16:48:43", "distance (en metres)": 2586.04, "station": "BARBUSSE-LARROUMES", "marker-color": "#818181"}}, {"type": "Feature", "geometry": {"type": "Point", "coordinates": [2.367223, 48.769089]}, "properties": {"numparc": 5923, "etat de la localisation": "autre", "ID BDGEO": "24", "horodatage": "2022-09-17 16:49:07", "distance (en metres)": 2059.43, "station": "JEAN MERMOZ-GENERAL DE GAULLE", "marker-color": "#818181"}}, {"type": "Feature", "geometry": {"type": "Point", "coordinates": [2.315516, 48.779694]}, "properties": {"numparc": 5912, "etat de la localisation": "autre", "ID BDGEO": "59", "horodatage": "2022-09-17 16:49:33", "distance (en metres)": 892.58, "station": "BARBUSSE-LARROUMES", "marker-color": "#818181"}}, {"type": "Feature", "geometry": {"type": "Point", "coordinates": [2.315509, 48.77969]}, "properties": {"numparc": 5912, "etat de la localisation": "autre", "ID BDGEO": "59", "horodatage": "2022-09-17 16:49:42", "distance (en metres)": 892.79, "station": "BARBUSSE-LARROUMES", "marker-color": "#818181"}}, {"type": "Feature", "geometry": {"type": "Point", "coordinates": [2.288168, 48.778877]}, "properties": {"numparc": 5794, "etat de la localisation": "autre", "ID BDGEO": "59", "horodatage": "2022-09-17 16:49:51", "distance (en metres)": 2792.58, "station": "BARBUSSE-LARROUMES", "marker-color": "#818181"}}, {"type": "Feature", "geometry": {"type": "Point", "coordinates": [2.363187, 48.770576]}, "properties": {"numparc": 5923, "etat de la localisation": "autre", "ID BDGEO": "24", "horodatage": "2022-09-17 16:50:21", "distance (en metres)": 1740.48, "station": "JEAN MERMOZ-GENERAL DE GAULLE", "marker-color": "#818181"}}, {"type": "Feature", "geometry": {"type": "Point", "coordinates": [2.344113, 48.772068]}, "properties": {"numparc": 5911, "etat de la localisation": "autre", "ID BDGEO": "24", "horodatage": "2022-09-17 16:50:42", "distance (en metres)": 333.7, "station": "JEAN MERMOZ-GENERAL DE GAULLE", "marker-color": "#818181"}}, {"type": "Feature", "geometry": {"type": "Point", "coordinates": [2.357894, 48.771938]}, "properties": {"numparc": 5923, "etat de la localisation": "autre", "ID BDGEO": "24", "horodatage": "2022-09-17 16:51:58", "distance (en metres)": 1339.51, "station": "JEAN MERMOZ-GENERAL DE GAULLE", "marker-color": "#818181"}}, {"type": "Feature", "geometry": {"type": "Point", "coordinates": [2.347867, 48.771439]}, "properties": {"numparc": 5911, "etat de la localisation": "autre", "ID BDGEO": "24", "horodatage": "2022-09-17 16:52:07", "distance (en metres)": 617.36, "station": "JEAN MERMOZ-GENERAL DE GAULLE", "marker-color": "#818181"}}, {"type": "Feature", "geometry": {"type": "Point", "coordinates": [2.281441, 48.779747]}, "properties": {"numparc": 5794, "etat de la localisation": "autre", "ID BDGEO": "59", "horodatage": "2022-09-17 16:52:39", "distance (en metres)": 3294.1, "station": "BARBUSSE-LARROUMES", "marker-color": "#818181"}}, {"type": "Feature", "geometry": {"type": "Point", "coordinates": [2.314958, 48.782684]}, "properties": {"numparc": 5912, "etat de la localisation": "autre", "ID BDGEO": "59", "horodatage": "2022-09-17 16:52:46", "distance (en metres)": 1130.7, "station": "BARBUSSE-LARROUMES", "marker-color": "#818181"}}, {"type": "Feature", "geometry": {"type": "Point", "coordinates": [2.350568, 48.770664]}, "properties": {"numparc": 5911, "etat de la localisation": "autre", "ID BDGEO": "24", "horodatage": "2022-09-17 16:53:09", "distance (en metres)": 830.37, "station": "JEAN MERMOZ-GENERAL DE GAULLE", "marker-color": "#818181"}}, {"type": "Feature", "geometry": {"type": "Point", "coordinates": [2.354924, 48.771057]}, "properties": {"numparc": 5923, "etat de la localisation": "autre", "ID BDGEO": "24", "horodatage": "2022-09-17 16:53:29", "distance (en metres)": 1133.53, "station": "JEAN MERMOZ-GENERAL DE GAULLE", "marker-color": "#818181"}}, {"type": "Feature", "geometry": {"type": "Point", "coordinates": [2.355452, 48.771236]}, "properties": {"numparc": 5911, "etat de la localisation": "autre", "ID BDGEO": "24", "horodatage": "2022-09-17 16:54:19", "distance (en metres)": 1168.9, "station": "JEAN MERMOZ-GENERAL DE GAULLE", "marker-color": "#818181"}}, {"type": "Feature", "geometry": {"type": "Point", "coordinates": [2.313432, 48.779102]}, "properties": {"numparc": 5912, "etat de la localisation": "autre", "ID BDGEO": "59", "horodatage": "2022-09-17 16:54:33", "distance (en metres)": 998.46, "station": "BARBUSSE-LARROUMES", "marker-color": "#818181"}}, {"type": "Feature", "geometry": {"type": "Point", "coordinates": [2.35943, 48.77177]}, "properties": {"numparc": 5911, "etat de la localisation": "autre", "ID BDGEO": "24", "horodatage": "2022-09-17 16:55:25", "distance (en metres)": 1453.05, "station": "JEAN MERMOZ-GENERAL DE GAULLE", "marker-color": "#818181"}}, {"type": "Feature", "geometry": {"type": "Point", "coordinates": [2.348411, 48.771408]}, "properties": {"numparc": 5923, "etat de la localisation": "autre", "ID BDGEO": "24", "horodatage": "2022-09-17 16:55:42", "distance (en metres)": 657.03, "station": "JEAN MERMOZ-GENERAL DE GAULLE", "marker-color": "#818181"}}, {"type": "Feature", "geometry": {"type": "Point", "coordinates": [2.313225, 48.776699]}, "properties": {"numparc": 5912, "etat de la localisation": "autre", "ID BDGEO": "59", "horodatage": "2022-09-17 16:55:57", "distance (en metres)": 940.62, "station": "BARBUSSE-LARROUMES", "marker-color": "#818181"}}, {"type": "Feature", "geometry": {"type": "Point", "coordinates": [2.343181, 48.772202]}, "properties": {"numparc": 5923, "etat de la localisation": "autre", "ID BDGEO": "24", "horodatage": "2022-09-17 16:57:12", "distance (en metres)": 263.8, "station": "JEAN MERMOZ-GENERAL DE GAULLE", "marker-color": "#818181"}}, {"type": "Feature", "geometry": {"type": "Point", "coordinates": [2.367857, 48.768211]}, "properties": {"numparc": 5911, "etat de la localisation": "autre", "ID BDGEO": "24", "horodatage": "2022-09-17 16:59:14", "distance (en metres)": 2125.6, "station": "JEAN MERMOZ-GENERAL DE GAULLE", "marker-color": "#818181"}}, {"type": "Feature", "geometry": {"type": "Point", "coordinates": [2.340099, 48.775875]}, "properties": {"numparc": 5923, "etat de la localisation": "autre", "ID BDGEO": "24", "horodatage": "2022-09-17 16:59:23", "distance (en metres)": 359.43, "station": "JEAN MERMOZ-GENERAL DE GAULLE", "marker-color": "#818181"}}, {"type": "Feature", "geometry": {"type": "Point", "coordinates": [2.35773, 48.763371]}, "properties": {"numparc": 5934, "etat de la localisation": "autre", "ID BDGEO": "24", "horodatage": "2022-09-17 16:59:41", "distance (en metres)": 1679.99, "station": "JEAN MERMOZ-GENERAL DE GAULLE", "marker-color": "#818181"}}, {"type": "Feature", "geometry": {"type": "Point", "coordinates": [2.340253, 48.77845]}, "properties": {"numparc": 5923, "etat de la localisation": "autre", "ID BDGEO": "24", "horodatage": "2022-09-17 17:01:39", "distance (en metres)": 645.75, "station": "JEAN MERMOZ-GENERAL DE GAULLE", "marker-color": "#818181"}}, {"type": "Feature", "geometry": {"type": "Point", "coordinates": [2.291043, 48.778942]}, "properties": {"numparc": 5912, "etat de la localisation": "autre", "ID BDGEO": "59", "horodatage": "2022-09-17 17:01:49", "distance (en metres)": 2584.97, "station": "BARBUSSE-LARROUMES", "marker-color": "#818181"}}, {"type": "Feature", "geometry": {"type": "Point", "coordinates": [2.33726, 48.779881]}, "properties": {"numparc": 5923, "etat de la localisation": "autre", "ID BDGEO": "24", "horodatage": "2022-09-17 17:03:08", "distance (en metres)": 822.13, "station": "JEAN MERMOZ-GENERAL DE GAULLE", "marker-color": "#818181"}}, {"type": "Feature", "geometry": {"type": "Point", "coordinates": [2.288213, 48.778866]}, "properties": {"numparc": 5912, "etat de la localisation": "autre", "ID BDGEO": "59", "horodatage": "2022-09-17 17:03:10", "distance (en metres)": 2789.14, "station": "BARBUSSE-LARROUMES", "marker-color": "#818181"}}, {"type": "Feature", "geometry": {"type": "Point", "coordinates": [2.287981, 48.778759]}, "properties": {"numparc": 5794, "etat de la localisation": "autre", "ID BDGEO": "59", "horodatage": "2022-09-17 17:03:19", "distance (en metres)": 2804.45, "station": "BARBUSSE-LARROUMES", "marker-color": "#818181"}}, {"type": "Feature", "geometry": {"type": "Point", "coordinates": [2.368741, 48.759678]}, "properties": {"numparc": 5934, "etat de la localisation": "autre", "ID BDGEO": "24", "horodatage": "2022-09-17 17:04:21", "distance (en metres)": 2574.76, "station": "JEAN MERMOZ-GENERAL DE GAULLE", "marker-color": "#818181"}}, {"type": "Feature", "geometry": {"type": "Point", "coordinates": [2.283387, 48.779003]}, "properties": {"numparc": 5912, "etat de la localisation": "autre", "ID BDGEO": "59", "horodatage": "2022-09-17 17:04:42", "distance (en metres)": 3141.84, "station": "BARBUSSE-LARROUMES", "marker-color": "#818181"}}, {"type": "Feature", "geometry": {"type": "Point", "coordinates": [2.369322, 48.759441]}, "properties": {"numparc": 5911, "etat de la localisation": "autre", "ID BDGEO": "24", "horodatage": "2022-09-17 17:05:11", "distance (en metres)": 2624.77, "station": "JEAN MERMOZ-GENERAL DE GAULLE", "marker-color": "#818181"}}, {"type": "Feature", "geometry": {"type": "Point", "coordinates": [2.292338, 48.778801]}, "properties": {"numparc": 5794, "etat de la localisation": "autre", "ID BDGEO": "59", "horodatage": "2022-09-17 17:05:42", "distance (en metres)": 2488.81, "station": "BARBUSSE-LARROUMES", "marker-color": "#818181"}}, {"type": "Feature", "geometry": {"type": "Point", "coordinates": [2.334539, 48.778141]}, "properties": {"numparc": 5923, "etat de la localisation": "autre", "ID BDGEO": "59", "horodatage": "2022-09-17 17:05:53", "distance (en metres)": 693.23, "station": "BARBUSSE-LARROUMES", "marker-color": "#818181"}}, {"type": "Feature", "geometry": {"type": "Point", "coordinates": [2.281464, 48.7798]}, "properties": {"numparc": 5912, "etat de la localisation": "autre", "ID BDGEO": "59", "horodatage": "2022-09-17 17:06:23", "distance (en metres)": 3293.27, "station": "BARBUSSE-LARROUMES", "marker-color": "#818181"}}, {"type": "Feature", "geometry": {"type": "Point", "coordinates": [2.365476, 48.759495]}, "properties": {"numparc": 5911, "etat de la localisation": "autre", "ID BDGEO": "24", "horodatage": "2022-09-17 17:06:32", "distance (en metres)": 2392.76, "station": "JEAN MERMOZ-GENERAL DE GAULLE", "marker-color": "#818181"}}, {"type": "Feature", "geometry": {"type": "Point", "coordinates": [2.330899, 48.776337]}, "properties": {"numparc": 5923, "etat de la localisation": "autre", "ID BDGEO": "59", "horodatage": "2022-09-17 17:06:57", "distance (en metres)": 373.97, "station": "BARBUSSE-LARROUMES", "marker-color": "#818181"}}, {"type": "Feature", "geometry": {"type": "Point", "coordinates": [2.368354, 48.765507]}, "properties": {"numparc": 5934, "etat de la localisation": "autre", "ID BDGEO": "24", "horodatage": "2022-09-17 17:07:14", "distance (en metres)": 2249.02, "station": "JEAN MERMOZ-GENERAL DE GAULLE", "marker-color": "#818181"}}, {"type": "Feature", "geometry": {"type": "Point", "coordinates": [2.29733, 48.778496]}, "properties": {"numparc": 5794, "etat de la localisation": "autre", "ID BDGEO": "59", "horodatage": "2022-09-17 17:07:24", "distance (en metres)": 2122.07, "station": "BARBUSSE-LARROUMES", "marker-color": "#818181"}}, {"type": "Feature", "geometry": {"type": "Point", "coordinates": [2.367203, 48.769093]}, "properties": {"numparc": 5934, "etat de la localisation": "autre", "ID BDGEO": "24", "horodatage": "2022-09-17 17:09:05", "distance (en metres)": 2057.9, "station": "JEAN MERMOZ-GENERAL DE GAULLE", "marker-color": "#818181"}}, {"type": "Feature", "geometry": {"type": "Point", "coordinates": [2.35772, 48.763306]}, "properties": {"numparc": 5911, "etat de la localisation": "autre", "ID BDGEO": "24", "horodatage": "2022-09-17 17:09:12", "distance (en metres)": 1683.85, "station": "JEAN MERMOZ-GENERAL DE GAULLE", "marker-color": "#818181"}}, {"type": "Feature", "geometry": {"type": "Point", "coordinates": [2.304211, 48.778023]}, "properties": {"numparc": 5794, "etat de la localisation": "autre", "ID BDGEO": "59", "horodatage": "2022-09-17 17:09:34", "distance (en metres)": 1616.01, "station": "BARBUSSE-LARROUMES", "marker-color": "#818181"}}, {"type": "Feature", "geometry": {"type": "Point", "coordinates": [2.308327, 48.777256]}, "properties": {"numparc": 5794, "etat de la localisation": "autre", "ID BDGEO": "59", "horodatage": "2022-09-17 17:10:38", "distance (en metres)": 1304.68, "station": "BARBUSSE-LARROUMES", "marker-color": "#818181"}}, {"type": "Feature", "geometry": {"type": "Point", "coordinates": [2.36313, 48.770611]}, "properties": {"numparc": 5934, "etat de la localisation": "autre", "ID BDGEO": "24", "horodatage": "2022-09-17 17:10:45", "distance (en metres)": 1735.84, "station": "JEAN MERMOZ-GENERAL DE GAULLE", "marker-color": "#818181"}}, {"type": "Feature", "geometry": {"type": "Point", "coordinates": [2.312292, 48.776409]}, "properties": {"numparc": 5794, "etat de la localisation": "autre", "ID BDGEO": "59", "horodatage": "2022-09-17 17:11:33", "distance (en metres)": 1004.78, "station": "BARBUSSE-LARROUMES", "marker-color": "#818181"}}, {"type": "Feature", "geometry": {"type": "Point", "coordinates": [2.357869, 48.771976]}, "properties": {"numparc": 5934, "etat de la localisation": "autre", "ID BDGEO": "24", "horodatage": "2022-09-17 17:11:57", "distance (en metres)": 1337.43, "station": "JEAN MERMOZ-GENERAL DE GAULLE", "marker-color": "#818181"}}, {"type": "Feature", "geometry": {"type": "Point", "coordinates": [2.315436, 48.779655]}, "properties": {"numparc": 5923, "etat de la localisation": "autre", "ID BDGEO": "59", "horodatage": "2022-09-17 17:12:09", "distance (en metres)": 895.43, "station": "BARBUSSE-LARROUMES", "marker-color": "#818181"}}, {"type": "Feature", "geometry": {"type": "Point", "coordinates": [2.35492, 48.77108]}, "properties": {"numparc": 5934, "etat de la localisation": "autre", "ID BDGEO": "24", "horodatage": "2022-09-17 17:12:51", "distance (en metres)": 1132.84, "station": "JEAN MERMOZ-GENERAL DE GAULLE", "marker-color": "#818181"}}, {"type": "Feature", "geometry": {"type": "Point", "coordinates": [2.314955, 48.782696]}, "properties": {"numparc": 5923, "etat de la localisation": "autre", "ID BDGEO": "59", "horodatage": "2022-09-17 17:13:58", "distance (en metres)": 1131.75, "station": "BARBUSSE-LARROUMES", "marker-color": "#818181"}}, {"type": "Feature", "geometry": {"type": "Point", "coordinates": [2.348377, 48.771439]}, "properties": {"numparc": 5934, "etat de la localisation": "autre", "ID BDGEO": "24", "horodatage": "2022-09-17 17:14:32", "distance (en metres)": 653.88, "station": "JEAN MERMOZ-GENERAL DE GAULLE", "marker-color": "#818181"}}, {"type": "Feature", "geometry": {"type": "Point", "coordinates": [2.316643, 48.778988]}, "properties": {"numparc": 5794, "etat de la localisation": "autre", "ID BDGEO": "59", "horodatage": "2022-09-17 17:14:38", "distance (en metres)": 781.69, "station": "BARBUSSE-LARROUMES", "marker-color": "#818181"}}, {"type": "Feature", "geometry": {"type": "Point", "coordinates": [2.313536, 48.779068]}, "properties": {"numparc": 5923, "etat de la localisation": "autre", "ID BDGEO": "59", "horodatage": "2022-09-17 17:15:32", "distance (en metres)": 989.96, "station": "BARBUSSE-LARROUMES", "marker-color": "#818181"}}, {"type": "Feature", "geometry": {"type": "Point", "coordinates": [2.322575, 48.777145]}, "properties": {"numparc": 5794, "etat de la localisation": "autre", "ID BDGEO": "59", "horodatage": "2022-09-17 17:16:57", "distance (en metres)": 304.37, "station": "BARBUSSE-LARROUMES", "marker-color": "#818181"}}, {"type": "Feature", "geometry": {"type": "Point", "coordinates": [2.31333, 48.776707]}, "properties": {"numparc": 5923, "etat de la localisation": "autre", "ID BDGEO": "59", "horodatage": "2022-09-17 17:17:01", "distance (en metres)": 933.12, "station": "BARBUSSE-LARROUMES", "marker-color": "#818181"}}, {"type": "Feature", "geometry": {"type": "Point", "coordinates": [2.340089, 48.775917]}, "properties": {"numparc": 5934, "etat de la localisation": "autre", "ID BDGEO": "24", "horodatage": "2022-09-17 17:18:06", "distance (en metres)": 364.01, "station": "JEAN MERMOZ-GENERAL DE GAULLE", "marker-color": "#818181"}}, {"type": "Feature", "geometry": {"type": "Point", "coordinates": [2.302964, 48.778362]}, "properties": {"numparc": 5923, "etat de la localisation": "autre", "ID BDGEO": "59", "horodatage": "2022-09-17 17:18:58", "distance (en metres)": 1712.62, "station": "BARBUSSE-LARROUMES", "marker-color": "#818181"}}, {"type": "Feature", "geometry": {"type": "Point", "coordinates": [2.287967, 48.77877]}, "properties": {"numparc": 5912, "etat de la localisation": "autre", "ID BDGEO": "59", "horodatage": "2022-09-17 17:19:16", "distance (en metres)": 2805.63, "station": "BARBUSSE-LARROUMES", "marker-color": "#818181"}}, {"type": "Feature", "geometry": {"type": "Point", "coordinates": [2.297618, 48.778503]}, "properties": {"numparc": 5923, "etat de la localisation": "autre", "ID BDGEO": "59", "horodatage": "2022-09-17 17:20:11", "distance (en metres)": 2101.36, "station": "BARBUSSE-LARROUMES", "marker-color": "#818181"}}, {"type": "Feature", "geometry": {"type": "Point", "coordinates": [2.340156, 48.778416]}, "properties": {"numparc": 5934, "etat de la localisation": "autre", "ID BDGEO": "24", "horodatage": "2022-09-17 17:20:15", "distance (en metres)": 641.49, "station": "JEAN MERMOZ-GENERAL DE GAULLE", "marker-color": "#818181"}}, {"type": "Feature", "geometry": {"type": "Point", "coordinates": [2.337224, 48.779865]}, "properties": {"numparc": 5934, "etat de la localisation": "autre", "ID BDGEO": "24", "horodatage": "2022-09-17 17:21:38", "distance (en metres)": 821.04, "station": "JEAN MERMOZ-GENERAL DE GAULLE", "marker-color": "#818181"}}, {"type": "Feature", "geometry": {"type": "Point", "coordinates": [2.292403, 48.778774]}, "properties": {"numparc": 5912, "etat de la localisation": "autre", "ID BDGEO": "59", "horodatage": "2022-09-17 17:21:57", "distance (en metres)": 2483.66, "station": "BARBUSSE-LARROUMES", "marker-color": "#818181"}}, {"type": "Feature", "geometry": {"type": "Point", "coordinates": [2.291058, 48.778984]}, "properties": {"numparc": 5923, "etat de la localisation": "autre", "ID BDGEO": "59", "horodatage": "2022-09-17 17:22:10", "distance (en metres)": 2584.56, "station": "BARBUSSE-LARROUMES", "marker-color": "#818181"}}, {"type": "Feature", "geometry": {"type": "Point", "coordinates": [2.288178, 48.778839]}, "properties": {"numparc": 5923, "etat de la localisation": "autre", "ID BDGEO": "59", "horodatage": "2022-09-17 17:23:16", "distance (en metres)": 2791.29, "station": "BARBUSSE-LARROUMES", "marker-color": "#818181"}}, {"type": "Feature", "geometry": {"type": "Point", "coordinates": [2.334532, 48.778152]}, "properties": {"numparc": 5934, "etat de la localisation": "autre", "ID BDGEO": "59", "horodatage": "2022-09-17 17:23:45", "distance (en metres)": 693.3, "station": "BARBUSSE-LARROUMES", "marker-color": "#818181"}}, {"type": "Feature", "geometry": {"type": "Point", "coordinates": [2.297191, 48.778492]}, "properties": {"numparc": 5912, "etat de la localisation": "autre", "ID BDGEO": "59", "horodatage": "2022-09-17 17:24:05", "distance (en metres)": 2132.07, "station": "BARBUSSE-LARROUMES", "marker-color": "#818181"}}, {"type": "Feature", "geometry": {"type": "Point", "coordinates": [2.337632, 48.778893]}, "properties": {"numparc": 5794, "etat de la localisation": "autre", "ID BDGEO": "60", "horodatage": "2022-09-17 17:25:16", "distance (en metres)": 75.03, "station": "MAIRIE DE L'HAY LES ROSES", "marker-color": "#818181"}}, {"type": "Feature", "geometry": {"type": "Point", "coordinates": [2.281401, 48.779827]}, "properties": {"numparc": 5923, "etat de la localisation": "autre", "ID BDGEO": "59", "horodatage": "2022-09-17 17:25:51", "distance (en metres)": 3298.28, "station": "BARBUSSE-LARROUMES", "marker-color": "#818181"}}, {"type": "Feature", "geometry": {"type": "Point", "coordinates": [2.304217, 48.778027]}, "properties": {"numparc": 5912, "etat de la localisation": "autre", "ID BDGEO": "59", "horodatage": "2022-09-17 17:26:30", "distance (en metres)": 1615.64, "station": "BARBUSSE-LARROUMES", "marker-color": "#818181"}}, {"type": "Feature", "geometry": {"type": "Point", "coordinates": [2.368749, 48.759651]}, "properties": {"numparc": 5911, "etat de la localisation": "autre", "ID BDGEO": "24", "horodatage": "2022-09-17 17:27:34", "distance (en metres)": 2576.91, "station": "JEAN MERMOZ-GENERAL DE GAULLE", "marker-color": "#818181"}}, {"type": "Feature", "geometry": {"type": "Point", "coordinates": [2.308314, 48.777256]}, "properties": {"numparc": 5912, "etat de la localisation": "autre", "ID BDGEO": "59", "horodatage": "2022-09-17 17:27:43", "distance (en metres)": 1305.62, "station": "BARBUSSE-LARROUMES", "marker-color": "#818181"}}, {"type": "Feature", "geometry": {"type": "Point", "coordinates": [2.312297, 48.776413]}, "properties": {"numparc": 5912, "etat de la localisation": "autre", "ID BDGEO": "59", "horodatage": "2022-09-17 17:28:32", "distance (en metres)": 1004.45, "station": "BARBUSSE-LARROUMES", "marker-color": "#818181"}}, {"type": "Feature", "geometry": {"type": "Point", "coordinates": [2.344158, 48.77206]}, "properties": {"numparc": 5794, "etat de la localisation": "autre", "ID BDGEO": "24", "horodatage": "2022-09-17 17:30:05", "distance (en metres)": 337.08, "station": "JEAN MERMOZ-GENERAL DE GAULLE", "marker-color": "#818181"}}, {"type": "Feature", "geometry": {"type": "Point", "coordinates": [2.347921, 48.771412]}, "properties": {"numparc": 5794, "etat de la localisation": "autre", "ID BDGEO": "24", "horodatage": "2022-09-17 17:31:27", "distance (en metres)": 621.87, "station": "JEAN MERMOZ-GENERAL DE GAULLE", "marker-color": "#818181"}}, {"type": "Feature", "geometry": {"type": "Point", "coordinates": [2.316636, 48.779003]}, "properties": {"numparc": 5912, "etat de la localisation": "autre", "ID BDGEO": "59", "horodatage": "2022-09-17 17:31:31", "distance (en metres)": 782.97, "station": "BARBUSSE-LARROUMES", "marker-color": "#818181"}}, {"type": "Feature", "geometry": {"type": "Point", "coordinates": [2.315455, 48.77972]}, "properties": {"numparc": 5934, "etat de la localisation": "autre", "ID BDGEO": "59", "horodatage": "2022-09-17 17:31:37", "distance (en metres)": 897.94, "station": "BARBUSSE-LARROUMES", "marker-color": "#818181"}}, {"type": "Feature", "geometry": {"type": "Point", "coordinates": [2.367193, 48.769115]}, "properties": {"numparc": 5911, "etat de la localisation": "autre", "ID BDGEO": "24", "horodatage": "2022-09-17 17:32:01", "distance (en metres)": 2056.7, "station": "JEAN MERMOZ-GENERAL DE GAULLE", "marker-color": "#818181"}}, {"type": "Feature", "geometry": {"type": "Point", "coordinates": [2.350615, 48.770641]}, "properties": {"numparc": 5794, "etat de la localisation": "autre", "ID BDGEO": "24", "horodatage": "2022-09-17 17:32:44", "distance (en metres)": 834.37, "station": "JEAN MERMOZ-GENERAL DE GAULLE", "marker-color": "#818181"}}, {"type": "Feature", "geometry": {"type": "Point", "coordinates": [2.363153, 48.770611]}, "properties": {"numparc": 5911, "etat de la localisation": "autre", "ID BDGEO": "24", "horodatage": "2022-09-17 17:33:26", "distance (en metres)": 1737.5, "station": "JEAN MERMOZ-GENERAL DE GAULLE", "marker-color": "#818181"}}, {"type": "Feature", "geometry": {"type": "Point", "coordinates": [2.314968, 48.782757]}, "properties": {"numparc": 5934, "etat de la localisation": "autre", "ID BDGEO": "59", "horodatage": "2022-09-17 17:33:27", "distance (en metres)": 1135.85, "station": "BARBUSSE-LARROUMES", "marker-color": "#818181"}}, {"type": "Feature", "geometry": {"type": "Point", "coordinates": [2.322537, 48.77718]}, "properties": {"numparc": 5912, "etat de la localisation": "autre", "ID BDGEO": "59", "horodatage": "2022-09-17 17:33:42", "distance (en metres)": 308.87, "station": "BARBUSSE-LARROUMES", "marker-color": "#818181"}}, {"type": "Feature", "geometry": {"type": "Point", "coordinates": [2.355466, 48.771217]}, "properties": {"numparc": 5794, "etat de la localisation": "autre", "ID BDGEO": "24", "horodatage": "2022-09-17 17:34:10", "distance (en metres)": 1170.19, "station": "JEAN MERMOZ-GENERAL DE GAULLE", "marker-color": "#818181"}}, {"type": "Feature", "geometry": {"type": "Point", "coordinates": [2.313543, 48.779152]}, "properties": {"numparc": 5934, "etat de la localisation": "autre", "ID BDGEO": "59", "horodatage": "2022-09-17 17:35:03", "distance (en metres)": 993.21, "station": "BARBUSSE-LARROUMES", "marker-color": "#818181"}}, {"type": "Feature", "geometry": {"type": "Point", "coordinates": [2.357898, 48.771973]}, "properties": {"numparc": 5911, "etat de la localisation": "autre", "ID BDGEO": "24", "horodatage": "2022-09-17 17:35:13", "distance (en metres)": 1339.58, "station": "JEAN MERMOZ-GENERAL DE GAULLE", "marker-color": "#818181"}}, {"type": "Feature", "geometry": {"type": "Point", "coordinates": [2.359416, 48.771748]}, "properties": {"numparc": 5794, "etat de la localisation": "autre", "ID BDGEO": "24", "horodatage": "2022-09-17 17:35:18", "distance (en metres)": 1452.2, "station": "JEAN MERMOZ-GENERAL DE GAULLE", "marker-color": "#818181"}}, {"type": "Feature", "geometry": {"type": "Point", "coordinates": [2.313374, 48.776733]}, "properties": {"numparc": 5934, "etat de la localisation": "autre", "ID BDGEO": "59", "horodatage": "2022-09-17 17:36:12", "distance (en metres)": 930.34, "station": "BARBUSSE-LARROUMES", "marker-color": "#818181"}}, {"type": "Feature", "geometry": {"type": "Point", "coordinates": [2.348452, 48.771461]}, "properties": {"numparc": 5911, "etat de la localisation": "autre", "ID BDGEO": "24", "horodatage": "2022-09-17 17:37:31", "distance (en metres)": 658.74, "station": "JEAN MERMOZ-GENERAL DE GAULLE", "marker-color": "#818181"}}, {"type": "Feature", "geometry": {"type": "Point", "coordinates": [2.307004, 48.777538]}, "properties": {"numparc": 5934, "etat de la localisation": "autre", "ID BDGEO": "59", "horodatage": "2022-09-17 17:37:44", "distance (en metres)": 1405.27, "station": "BARBUSSE-LARROUMES", "marker-color": "#818181"}}, {"type": "Feature", "geometry": {"type": "Point", "coordinates": [2.367888, 48.768211]}, "properties": {"numparc": 5794, "etat de la localisation": "autre", "ID BDGEO": "24", "horodatage": "2022-09-17 17:37:53", "distance (en metres)": 2127.8, "station": "JEAN MERMOZ-GENERAL DE GAULLE", "marker-color": "#818181"}}, {"type": "Feature", "geometry": {"type": "Point", "coordinates": [2.368088, 48.765202]}, "properties": {"numparc": 5794, "etat de la localisation": "autre", "ID BDGEO": "24", "horodatage": "2022-09-17 17:38:48", "distance (en metres)": 2243.11, "station": "JEAN MERMOZ-GENERAL DE GAULLE", "marker-color": "#818181"}}, {"type": "Feature", "geometry": {"type": "Point", "coordinates": [2.343204, 48.772255]}, "properties": {"numparc": 5911, "etat de la localisation": "autre", "ID BDGEO": "24", "horodatage": "2022-09-17 17:38:50", "distance (en metres)": 264.4, "station": "JEAN MERMOZ-GENERAL DE GAULLE", "marker-color": "#818181"}}, {"type": "Feature", "geometry": {"type": "Point", "coordinates": [2.30296, 48.778408]}, "properties": {"numparc": 5934, "etat de la localisation": "autre", "ID BDGEO": "59", "horodatage": "2022-09-17 17:40:18", "distance (en metres)": 1713.85, "station": "BARBUSSE-LARROUMES", "marker-color": "#818181"}}, {"type": "Feature", "geometry": {"type": "Point", "coordinates": [2.369397, 48.76305]}, "properties": {"numparc": 5794, "etat de la localisation": "autre", "ID BDGEO": "24", "horodatage": "2022-09-17 17:40:26", "distance (en metres)": 2427.91, "station": "JEAN MERMOZ-GENERAL DE GAULLE", "marker-color": "#818181"}}, {"type": "Feature", "geometry": {"type": "Point", "coordinates": [2.297586, 48.778545]}, "properties": {"numparc": 5934, "etat de la localisation": "autre", "ID BDGEO": "59", "horodatage": "2022-09-17 17:41:33", "distance (en metres)": 2104.4, "station": "BARBUSSE-LARROUMES", "marker-color": "#818181"}}, {"type": "Feature", "geometry": {"type": "Point", "coordinates": [2.337628, 48.778904]}, "properties": {"numparc": 5912, "etat de la localisation": "autre", "ID BDGEO": "60", "horodatage": "2022-09-17 17:41:43", "distance (en metres)": 74.49, "station": "MAIRIE DE L'HAY LES ROSES", "marker-color": "#818181"}}, {"type": "Feature", "geometry": {"type": "Point", "coordinates": [2.34009, 48.775936]}, "properties": {"numparc": 5911, "etat de la localisation": "autre", "ID BDGEO": "24", "horodatage": "2022-09-17 17:42:11", "distance (en metres)": 366.12, "station": "JEAN MERMOZ-GENERAL DE GAULLE", "marker-color": "#818181"}}, {"type": "Feature", "geometry": {"type": "Point", "coordinates": [2.291031, 48.779068]}, "properties": {"numparc": 5934, "etat de la localisation": "autre", "ID BDGEO": "59", "horodatage": "2022-09-17 17:43:42", "distance (en metres)": 2587.93, "station": "BARBUSSE-LARROUMES", "marker-color": "#818181"}}, {"type": "Feature", "geometry": {"type": "Point", "coordinates": [2.369248, 48.759453]}, "properties": {"numparc": 5794, "etat de la localisation": "autre", "ID BDGEO": "24", "horodatage": "2022-09-17 17:43:44", "distance (en metres)": 2619.56, "station": "JEAN MERMOZ-GENERAL DE GAULLE", "marker-color": "#818181"}}, {"type": "Feature", "geometry": {"type": "Point", "coordinates": [2.34021, 48.778481]}, "properties": {"numparc": 5911, "etat de la localisation": "autre", "ID BDGEO": "24", "horodatage": "2022-09-17 17:44:21", "distance (en metres)": 648.92, "station": "JEAN MERMOZ-GENERAL DE GAULLE", "marker-color": "#818181"}}, {"type": "Feature", "geometry": {"type": "Point", "coordinates": [2.288133, 48.778957]}, "properties": {"numparc": 5934, "etat de la localisation": "autre", "ID BDGEO": "59", "horodatage": "2022-09-17 17:44:46", "distance (en metres)": 2796.32, "station": "BARBUSSE-LARROUMES", "marker-color": "#818181"}}, {"type": "Feature", "geometry": {"type": "Point", "coordinates": [2.283298, 48.779167]}, "properties": {"numparc": 5934, "etat de la localisation": "autre", "ID BDGEO": "59", "horodatage": "2022-09-17 17:45:50", "distance (en metres)": 3150.58, "station": "BARBUSSE-LARROUMES", "marker-color": "#818181"}}, {"type": "Feature", "geometry": {"type": "Point", "coordinates": [2.33726, 48.779915]}, "properties": {"numparc": 5911, "etat de la localisation": "autre", "ID BDGEO": "24", "horodatage": "2022-09-17 17:45:50", "distance (en metres)": 825.86, "station": "JEAN MERMOZ-GENERAL DE GAULLE", "marker-color": "#818181"}}, {"type": "Feature", "geometry": {"type": "Point", "coordinates": [2.2816, 48.780106]}, "properties": {"numparc": 5934, "etat de la localisation": "autre", "ID BDGEO": "59", "horodatage": "2022-09-17 17:47:10", "distance (en metres)": 3288.47, "station": "BARBUSSE-LARROUMES", "marker-color": "#818181"}}, {"type": "Feature", "geometry": {"type": "Point", "coordinates": [2.334583, 48.778187]}, "properties": {"numparc": 5911, "etat de la localisation": "autre", "ID BDGEO": "59", "horodatage": "2022-09-17 17:47:30", "distance (en metres)": 698.3, "station": "BARBUSSE-LARROUMES", "marker-color": "#818181"}}, {"type": "Feature", "geometry": {"type": "Point", "coordinates": [2.357707, 48.76329]}, "properties": {"numparc": 5794, "etat de la localisation": "autre", "ID BDGEO": "24", "horodatage": "2022-09-17 17:47:39", "distance (en metres)": 1684.16, "station": "JEAN MERMOZ-GENERAL DE GAULLE", "marker-color": "#818181"}}, {"type": "Feature", "geometry": {"type": "Point", "coordinates": [2.330925, 48.776348]}, "properties": {"numparc": 5911, "etat de la localisation": "autre", "ID BDGEO": "59", "horodatage": "2022-09-17 17:48:31", "distance (en metres)": 376.12, "station": "BARBUSSE-LARROUMES", "marker-color": "#818181"}}, {"type": "Feature", "geometry": {"type": "Point", "coordinates": [2.344144, 48.772038]}, "properties": {"numparc": 5912, "etat de la localisation": "autre", "ID BDGEO": "24", "horodatage": "2022-09-17 17:48:36", "distance (en metres)": 336.6, "station": "JEAN MERMOZ-GENERAL DE GAULLE", "marker-color": "#818181"}}, {"type": "Feature", "geometry": {"type": "Point", "coordinates": [2.281494, 48.780003]}, "properties": {"numparc": 5934, "etat de la localisation": "autre", "ID BDGEO": "59", "horodatage": "2022-09-17 17:49:02", "distance (en metres)": 3294.41, "station": "BARBUSSE-LARROUMES", "marker-color": "#818181"}}, {"type": "Feature", "geometry": {"type": "Point", "coordinates": [2.357553, 48.763428]}, "properties": {"numparc": 5917, "etat de la localisation": "autre", "ID BDGEO": "24", "horodatage": "2022-09-17 17:49:32", "distance (en metres)": 1665.85, "station": "JEAN MERMOZ-GENERAL DE GAULLE", "marker-color": "#818181"}}, {"type": "Feature", "geometry": {"type": "Point", "coordinates": [2.281401, 48.779827]}, "properties": {"numparc": 5923, "etat de la localisation": "autre", "ID BDGEO": "59", "horodatage": "2022-09-17 17:49:50", "distance (en metres)": 3298.28, "station": "BARBUSSE-LARROUMES", "marker-color": "#818181"}}, {"type": "Feature", "geometry": {"type": "Point", "coordinates": [2.34795, 48.771439]}, "properties": {"numparc": 5912, "etat de la localisation": "autre", "ID BDGEO": "24", "horodatage": "2022-09-17 17:50:22", "distance (en metres)": 623.29, "station": "JEAN MERMOZ-GENERAL DE GAULLE", "marker-color": "#818181"}}, {"type": "Feature", "geometry": {"type": "Point", "coordinates": [2.350627, 48.770653]}, "properties": {"numparc": 5912, "etat de la localisation": "autre", "ID BDGEO": "24", "horodatage": "2022-09-17 17:51:30", "distance (en metres)": 834.87, "station": "JEAN MERMOZ-GENERAL DE GAULLE", "marker-color": "#818181"}}, {"type": "Feature", "geometry": {"type": "Point", "coordinates": [2.321871, 48.777599]}, "properties": {"numparc": 5911, "etat de la localisation": "autre", "ID BDGEO": "59", "horodatage": "2022-09-17 17:51:44", "distance (en metres)": 375.91, "station": "BARBUSSE-LARROUMES", "marker-color": "#818181"}}, {"type": "Feature", "geometry": {"type": "Point", "coordinates": [2.355459, 48.771233]}, "properties": {"numparc": 5912, "etat de la localisation": "autre", "ID BDGEO": "24", "horodatage": "2022-09-17 17:52:39", "distance (en metres)": 1169.46, "station": "JEAN MERMOZ-GENERAL DE GAULLE", "marker-color": "#818181"}}, {"type": "Feature", "geometry": {"type": "Point", "coordinates": [2.359458, 48.771744]}, "properties": {"numparc": 5912, "etat de la localisation": "autre", "ID BDGEO": "24", "horodatage": "2022-09-17 17:54:07", "distance (en metres)": 1455.29, "station": "JEAN MERMOZ-GENERAL DE GAULLE", "marker-color": "#818181"}}, {"type": "Feature", "geometry": {"type": "Point", "coordinates": [2.315463, 48.779682]}, "properties": {"numparc": 5911, "etat de la localisation": "autre", "ID BDGEO": "59", "horodatage": "2022-09-17 17:54:20", "distance (en metres)": 895.24, "station": "BARBUSSE-LARROUMES", "marker-color": "#818181"}}, {"type": "Feature", "geometry": {"type": "Point", "coordinates": [2.363984, 48.770203]}, "properties": {"numparc": 5912, "etat de la localisation": "autre", "ID BDGEO": "24", "horodatage": "2022-09-17 17:55:25", "distance (en metres)": 1804.22, "station": "JEAN MERMOZ-GENERAL DE GAULLE", "marker-color": "#818181"}}, {"type": "Feature", "geometry": {"type": "Point", "coordinates": [2.29234, 48.778797]}, "properties": {"numparc": 5923, "etat de la localisation": "autre", "ID BDGEO": "59", "horodatage": "2022-09-17 17:55:31", "distance (en metres)": 2488.6, "station": "BARBUSSE-LARROUMES", "marker-color": "#818181"}}, {"type": "Feature", "geometry": {"type": "Point", "coordinates": [2.314944, 48.782768]}, "properties": {"numparc": 5911, "etat de la localisation": "autre", "ID BDGEO": "59", "horodatage": "2022-09-17 17:57:09", "distance (en metres)": 1138.0, "station": "BARBUSSE-LARROUMES", "marker-color": "#818181"}}, {"type": "Feature", "geometry": {"type": "Point", "coordinates": [2.367878, 48.768177]}, "properties": {"numparc": 5912, "etat de la localisation": "autre", "ID BDGEO": "24", "horodatage": "2022-09-17 17:57:11", "distance (en metres)": 2127.98, "station": "JEAN MERMOZ-GENERAL DE GAULLE", "marker-color": "#818181"}}, {"type": "Feature", "geometry": {"type": "Point", "coordinates": [2.297196, 48.778481]}, "properties": {"numparc": 5923, "etat de la localisation": "autre", "ID BDGEO": "59", "horodatage": "2022-09-17 17:57:13", "distance (en metres)": 2131.51, "station": "BARBUSSE-LARROUMES", "marker-color": "#818181"}}, {"type": "Feature", "geometry": {"type": "Point", "coordinates": [2.358181, 48.762821]}, "properties": {"numparc": 5917, "etat de la localisation": "autre", "ID BDGEO": "24", "horodatage": "2022-09-17 17:57:55", "distance (en metres)": 1743.84, "station": "JEAN MERMOZ-GENERAL DE GAULLE", "marker-color": "#818181"}}, {"type": "Feature", "geometry": {"type": "Point", "coordinates": [2.368079, 48.76519]}, "properties": {"numparc": 5912, "etat de la localisation": "autre", "ID BDGEO": "24", "horodatage": "2022-09-17 17:58:05", "distance (en metres)": 2242.97, "station": "JEAN MERMOZ-GENERAL DE GAULLE", "marker-color": "#818181"}}, {"type": "Feature", "geometry": {"type": "Point", "coordinates": [2.313472, 48.779087]}, "properties": {"numparc": 5911, "etat de la localisation": "autre", "ID BDGEO": "59", "horodatage": "2022-09-17 17:58:52", "distance (en metres)": 995.09, "station": "BARBUSSE-LARROUMES", "marker-color": "#818181"}}, {"type": "Feature", "geometry": {"type": "Point", "coordinates": [2.3042, 48.778034]}, "properties": {"numparc": 5923, "etat de la localisation": "autre", "ID BDGEO": "59", "horodatage": "2022-09-17 17:59:08", "distance (en metres)": 1617.02, "station": "BARBUSSE-LARROUMES", "marker-color": "#818181"}}, {"type": "Feature", "geometry": {"type": "Point", "coordinates": [2.312233, 48.776443]}, "properties": {"numparc": 5923, "etat de la localisation": "autre", "ID BDGEO": "59", "horodatage": "2022-09-17 18:00:32", "distance (en metres)": 1009.46, "station": "BARBUSSE-LARROUMES", "marker-color": "#818181"}}, {"type": "Feature", "geometry": {"type": "Point", "coordinates": [2.313268, 48.776699]}, "properties": {"numparc": 5911, "etat de la localisation": "autre", "ID BDGEO": "59", "horodatage": "2022-09-17 18:00:46", "distance (en metres)": 937.5, "station": "BARBUSSE-LARROUMES", "marker-color": "#818181"}}, {"type": "Feature", "geometry": {"type": "Point", "coordinates": [2.368752, 48.75964]}, "properties": {"numparc": 5917, "etat de la localisation": "autre", "ID BDGEO": "24", "horodatage": "2022-09-17 18:01:23", "distance (en metres)": 2577.8, "station": "JEAN MERMOZ-GENERAL DE GAULLE", "marker-color": "#818181"}}, {"type": "Feature", "geometry": {"type": "Point", "coordinates": [2.369272, 48.759464]}, "properties": {"numparc": 5912, "etat de la localisation": "autre", "ID BDGEO": "24", "horodatage": "2022-09-17 18:02:40", "distance (en metres)": 2620.3, "station": "JEAN MERMOZ-GENERAL DE GAULLE", "marker-color": "#818181"}}, {"type": "Feature", "geometry": {"type": "Point", "coordinates": [2.316634, 48.779011]}, "properties": {"numparc": 5923, "etat de la localisation": "autre", "ID BDGEO": "59", "horodatage": "2022-09-17 18:03:03", "distance (en metres)": 783.52, "station": "BARBUSSE-LARROUMES", "marker-color": "#818181"}}, {"type": "Feature", "geometry": {"type": "Point", "coordinates": [2.303005, 48.77837]}, "properties": {"numparc": 5911, "etat de la localisation": "autre", "ID BDGEO": "59", "horodatage": "2022-09-17 18:03:23", "distance (en metres)": 1709.82, "station": "BARBUSSE-LARROUMES", "marker-color": "#818181"}}, {"type": "Feature", "geometry": {"type": "Point", "coordinates": [2.367196, 48.769093]}, "properties": {"numparc": 5917, "etat de la localisation": "autre", "ID BDGEO": "24", "horodatage": "2022-09-17 18:04:42", "distance (en metres)": 2057.41, "station": "JEAN MERMOZ-GENERAL DE GAULLE", "marker-color": "#818181"}}, {"type": "Feature", "geometry": {"type": "Point", "coordinates": [2.322576, 48.777142]}, "properties": {"numparc": 5923, "etat de la localisation": "autre", "ID BDGEO": "59", "horodatage": "2022-09-17 18:05:06", "distance (en metres)": 304.06, "station": "BARBUSSE-LARROUMES", "marker-color": "#818181"}}, {"type": "Feature", "geometry": {"type": "Point", "coordinates": [2.297609, 48.778519]}, "properties": {"numparc": 5911, "etat de la localisation": "autre", "ID BDGEO": "59", "horodatage": "2022-09-17 18:05:14", "distance (en metres)": 2102.26, "station": "BARBUSSE-LARROUMES", "marker-color": "#818181"}}, {"type": "Feature", "geometry": {"type": "Point", "coordinates": [2.357608, 48.763386]}, "properties": {"numparc": 5912, "etat de la localisation": "autre", "ID BDGEO": "24", "horodatage": "2022-09-17 18:05:43", "distance (en metres)": 1671.91, "station": "JEAN MERMOZ-GENERAL DE GAULLE", "marker-color": "#818181"}}, {"type": "Feature", "geometry": {"type": "Point", "coordinates": [2.363189, 48.770592]}, "properties": {"numparc": 5917, "etat de la localisation": "autre", "ID BDGEO": "24", "horodatage": "2022-09-17 18:06:22", "distance (en metres)": 1740.4, "station": "JEAN MERMOZ-GENERAL DE GAULLE", "marker-color": "#818181"}}, {"type": "Feature", "geometry": {"type": "Point", "coordinates": [2.29107, 48.779037]}, "properties": {"numparc": 5911, "etat de la localisation": "autre", "ID BDGEO": "59", "horodatage": "2022-09-17 18:06:57", "distance (en metres)": 2584.58, "station": "BARBUSSE-LARROUMES", "marker-color": "#818181"}}, {"type": "Feature", "geometry": {"type": "Point", "coordinates": [2.357866, 48.771973]}, "properties": {"numparc": 5917, "etat de la localisation": "autre", "ID BDGEO": "24", "horodatage": "2022-09-17 18:07:54", "distance (en metres)": 1337.25, "station": "JEAN MERMOZ-GENERAL DE GAULLE", "marker-color": "#818181"}}, {"type": "Feature", "geometry": {"type": "Point", "coordinates": [2.288176, 48.778912]}, "properties": {"numparc": 5911, "etat de la localisation": "autre", "ID BDGEO": "59", "horodatage": "2022-09-17 18:08:12", "distance (en metres)": 2792.5, "station": "BARBUSSE-LARROUMES", "marker-color": "#818181"}}, {"type": "Feature", "geometry": {"type": "Point", "coordinates": [2.354911, 48.77108]}, "properties": {"numparc": 5917, "etat de la localisation": "autre", "ID BDGEO": "24", "horodatage": "2022-09-17 18:08:57", "distance (en metres)": 1132.2, "station": "JEAN MERMOZ-GENERAL DE GAULLE", "marker-color": "#818181"}}, {"type": "Feature", "geometry": {"type": "Point", "coordinates": [2.283338, 48.779087]}, "properties": {"numparc": 5911, "etat de la localisation": "autre", "ID BDGEO": "59", "horodatage": "2022-09-17 18:09:49", "distance (en metres)": 3146.54, "station": "BARBUSSE-LARROUMES", "marker-color": "#818181"}}, {"type": "Feature", "geometry": {"type": "Point", "coordinates": [2.348388, 48.771446]}, "properties": {"numparc": 5917, "etat de la localisation": "autre", "ID BDGEO": "24", "horodatage": "2022-09-17 18:11:02", "distance (en metres)": 654.48, "station": "JEAN MERMOZ-GENERAL DE GAULLE", "marker-color": "#818181"}}, {"type": "Feature", "geometry": {"type": "Point", "coordinates": [2.33761, 48.778934]}, "properties": {"numparc": 5923, "etat de la localisation": "autre", "ID BDGEO": "60", "horodatage": "2022-09-17 18:11:49", "distance (en metres)": 72.64, "station": "MAIRIE DE L'HAY LES ROSES", "marker-color": "#818181"}}, {"type": "Feature", "geometry": {"type": "Point", "coordinates": [2.340063, 48.775963]}, "properties": {"numparc": 5917, "etat de la localisation": "autre", "ID BDGEO": "24", "horodatage": "2022-09-17 18:15:29", "distance (en metres)": 368.92, "station": "JEAN MERMOZ-GENERAL DE GAULLE", "marker-color": "#818181"}}, {"type": "Feature", "geometry": {"type": "Point", "coordinates": [2.368709, 48.759647]}, "properties": {"numparc": 5794, "etat de la localisation": "autre", "ID BDGEO": "24", "horodatage": "2022-09-17 18:16:00", "distance (en metres)": 2574.73, "station": "JEAN MERMOZ-GENERAL DE GAULLE", "marker-color": "#818181"}}, {"type": "Feature", "geometry": {"type": "Point", "coordinates": [2.344166, 48.772072]}, "properties": {"numparc": 5923, "etat de la localisation": "autre", "ID BDGEO": "24", "horodatage": "2022-09-17 18:17:28", "distance (en metres)": 337.42, "station": "JEAN MERMOZ-GENERAL DE GAULLE", "marker-color": "#818181"}}, {"type": "Feature", "geometry": {"type": "Point", "coordinates": [2.340247, 48.778519]}, "properties": {"numparc": 5917, "etat de la localisation": "autre", "ID BDGEO": "24", "horodatage": "2022-09-17 18:17:32", "distance (en metres)": 653.33, "station": "JEAN MERMOZ-GENERAL DE GAULLE", "marker-color": "#818181"}}, {"type": "Feature", "geometry": {"type": "Point", "coordinates": [2.337264, 48.779953]}, "properties": {"numparc": 5917, "etat de la localisation": "autre", "ID BDGEO": "24", "horodatage": "2022-09-17 18:18:51", "distance (en metres)": 829.94, "station": "JEAN MERMOZ-GENERAL DE GAULLE", "marker-color": "#818181"}}, {"type": "Feature", "geometry": {"type": "Point", "coordinates": [2.347947, 48.771439]}, "properties": {"numparc": 5923, "etat de la localisation": "autre", "ID BDGEO": "24", "horodatage": "2022-09-17 18:18:53", "distance (en metres)": 623.07, "station": "JEAN MERMOZ-GENERAL DE GAULLE", "marker-color": "#818181"}}, {"type": "Feature", "geometry": {"type": "Point", "coordinates": [2.36719, 48.769093]}, "properties": {"numparc": 5794, "etat de la localisation": "autre", "ID BDGEO": "24", "horodatage": "2022-09-17 18:19:34", "distance (en metres)": 2056.96, "station": "JEAN MERMOZ-GENERAL DE GAULLE", "marker-color": "#818181"}}, {"type": "Feature", "geometry": {"type": "Point", "coordinates": [2.334574, 48.778164]}, "properties": {"numparc": 5917, "etat de la localisation": "autre", "ID BDGEO": "59", "horodatage": "2022-09-17 18:20:41", "distance (en metres)": 696.63, "station": "BARBUSSE-LARROUMES", "marker-color": "#818181"}}, {"type": "Feature", "geometry": {"type": "Point", "coordinates": [2.355514, 48.771275]}, "properties": {"numparc": 5923, "etat de la localisation": "autre", "ID BDGEO": "24", "horodatage": "2022-09-17 18:20:44", "distance (en metres)": 1172.84, "station": "JEAN MERMOZ-GENERAL DE GAULLE", "marker-color": "#818181"}}, {"type": "Feature", "geometry": {"type": "Point", "coordinates": [2.363127, 48.770618]}, "properties": {"numparc": 5794, "etat de la localisation": "autre", "ID BDGEO": "24", "horodatage": "2022-09-17 18:21:00", "distance (en metres)": 1735.51, "station": "JEAN MERMOZ-GENERAL DE GAULLE", "marker-color": "#818181"}}, {"type": "Feature", "geometry": {"type": "Point", "coordinates": [2.281426, 48.779835]}, "properties": {"numparc": 5934, "etat de la localisation": "autre", "ID BDGEO": "59", "horodatage": "2022-09-17 18:21:03", "distance (en metres)": 3296.58, "station": "BARBUSSE-LARROUMES", "marker-color": "#818181"}}, {"type": "Feature", "geometry": {"type": "Point", "coordinates": [2.359477, 48.77177]}, "properties": {"numparc": 5923, "etat de la localisation": "autre", "ID BDGEO": "24", "horodatage": "2022-09-17 18:21:58", "distance (en metres)": 1456.48, "station": "JEAN MERMOZ-GENERAL DE GAULLE", "marker-color": "#818181"}}, {"type": "Feature", "geometry": {"type": "Point", "coordinates": [2.287918, 48.778816]}, "properties": {"numparc": 5934, "etat de la localisation": "autre", "ID BDGEO": "59", "horodatage": "2022-09-17 18:23:30", "distance (en metres)": 2809.84, "station": "BARBUSSE-LARROUMES", "marker-color": "#818181"}}, {"type": "Feature", "geometry": {"type": "Point", "coordinates": [2.363947, 48.770233]}, "properties": {"numparc": 5923, "etat de la localisation": "autre", "ID BDGEO": "24", "horodatage": "2022-09-17 18:23:34", "distance (en metres)": 1801.01, "station": "JEAN MERMOZ-GENERAL DE GAULLE", "marker-color": "#818181"}}, {"type": "Feature", "geometry": {"type": "Point", "coordinates": [2.363947, 48.770233]}, "properties": {"numparc": 5923, "etat de la localisation": "autre", "ID BDGEO": "24", "horodatage": "2022-09-17 18:23:49", "distance (en metres)": 1801.01, "station": "JEAN MERMOZ-GENERAL DE GAULLE", "marker-color": "#818181"}}, {"type": "Feature", "geometry": {"type": "Point", "coordinates": [2.357887, 48.771976]}, "properties": {"numparc": 5794, "etat de la localisation": "autre", "ID BDGEO": "24", "horodatage": "2022-09-17 18:24:02", "distance (en metres)": 1338.76, "station": "JEAN MERMOZ-GENERAL DE GAULLE", "marker-color": "#818181"}}, {"type": "Feature", "geometry": {"type": "Point", "coordinates": [2.321874, 48.77758]}, "properties": {"numparc": 5917, "etat de la localisation": "autre", "ID BDGEO": "59", "horodatage": "2022-09-17 18:24:44", "distance (en metres)": 374.45, "station": "BARBUSSE-LARROUMES", "marker-color": "#818181"}}, {"type": "Feature", "geometry": {"type": "Point", "coordinates": [2.292368, 48.778854]}, "properties": {"numparc": 5934, "etat de la localisation": "autre", "ID BDGEO": "59", "horodatage": "2022-09-17 18:25:25", "distance (en metres)": 2487.51, "station": "BARBUSSE-LARROUMES", "marker-color": "#818181"}}, {"type": "Feature", "geometry": {"type": "Point", "coordinates": [2.367854, 48.768219]}, "properties": {"numparc": 5923, "etat de la localisation": "autre", "ID BDGEO": "24", "horodatage": "2022-09-17 18:25:29", "distance (en metres)": 2125.2, "station": "JEAN MERMOZ-GENERAL DE GAULLE", "marker-color": "#818181"}}, {"type": "Feature", "geometry": {"type": "Point", "coordinates": [2.368065, 48.765163]}, "properties": {"numparc": 5923, "etat de la localisation": "autre", "ID BDGEO": "24", "horodatage": "2022-09-17 18:26:29", "distance (en metres)": 2243.13, "station": "JEAN MERMOZ-GENERAL DE GAULLE", "marker-color": "#818181"}}, {"type": "Feature", "geometry": {"type": "Point", "coordinates": [2.348374, 48.771454]}, "properties": {"numparc": 5794, "etat de la localisation": "autre", "ID BDGEO": "24", "horodatage": "2022-09-17 18:26:47", "distance (en metres)": 653.3, "station": "JEAN MERMOZ-GENERAL DE GAULLE", "marker-color": "#818181"}}, {"type": "Feature", "geometry": {"type": "Point", "coordinates": [2.315446, 48.779655]}, "properties": {"numparc": 5917, "etat de la localisation": "autre", "ID BDGEO": "59", "horodatage": "2022-09-17 18:27:11", "distance (en metres)": 894.8, "station": "BARBUSSE-LARROUMES", "marker-color": "#818181"}}, {"type": "Feature", "geometry": {"type": "Point", "coordinates": [2.297201, 48.778603]}, "properties": {"numparc": 5934, "etat de la localisation": "autre", "ID BDGEO": "59", "horodatage": "2022-09-17 18:27:12", "distance (en metres)": 2133.27, "station": "BARBUSSE-LARROUMES", "marker-color": "#818181"}}, {"type": "Feature", "geometry": {"type": "Point", "coordinates": [2.36936, 48.763027]}, "properties": {"numparc": 5923, "etat de la localisation": "autre", "ID BDGEO": "24", "horodatage": "2022-09-17 18:27:37", "distance (en metres)": 2426.59, "station": "JEAN MERMOZ-GENERAL DE GAULLE", "marker-color": "#818181"}}, {"type": "Feature", "geometry": {"type": "Point", "coordinates": [2.343158, 48.772293]}, "properties": {"numparc": 5794, "etat de la localisation": "autre", "ID BDGEO": "24", "horodatage": "2022-09-17 18:28:28", "distance (en metres)": 260.38, "station": "JEAN MERMOZ-GENERAL DE GAULLE", "marker-color": "#818181"}}, {"type": "Feature", "geometry": {"type": "Point", "coordinates": [2.314919, 48.782784]}, "properties": {"numparc": 5917, "etat de la localisation": "autre", "ID BDGEO": "59", "horodatage": "2022-09-17 18:28:54", "distance (en metres)": 1140.5, "station": "BARBUSSE-LARROUMES", "marker-color": "#818181"}}, {"type": "Feature", "geometry": {"type": "Point", "coordinates": [2.368732, 48.759636]}, "properties": {"numparc": 5912, "etat de la localisation": "autre", "ID BDGEO": "24", "horodatage": "2022-09-17 18:29:06", "distance (en metres)": 2576.83, "station": "JEAN MERMOZ-GENERAL DE GAULLE", "marker-color": "#818181"}}, {"type": "Feature", "geometry": {"type": "Point", "coordinates": [2.304159, 48.778221]}, "properties": {"numparc": 5934, "etat de la localisation": "autre", "ID BDGEO": "59", "horodatage": "2022-09-17 18:29:17", "distance (en metres)": 1623.66, "station": "BARBUSSE-LARROUMES", "marker-color": "#818181"}}, {"type": "Feature", "geometry": {"type": "Point", "coordinates": [2.304159, 48.778221]}, "properties": {"numparc": 5934, "etat de la localisation": "autre", "ID BDGEO": "59", "horodatage": "2022-09-17 18:29:23", "distance (en metres)": 1623.66, "station": "BARBUSSE-LARROUMES", "marker-color": "#818181"}}, {"type": "Feature", "geometry": {"type": "Point", "coordinates": [2.3135, 48.779106]}, "properties": {"numparc": 5917, "etat de la localisation": "autre", "ID BDGEO": "59", "horodatage": "2022-09-17 18:30:22", "distance (en metres)": 994.06, "station": "BARBUSSE-LARROUMES", "marker-color": "#818181"}}, {"type": "Feature", "geometry": {"type": "Point", "coordinates": [2.308257, 48.777401]}, "properties": {"numparc": 5934, "etat de la localisation": "autre", "ID BDGEO": "59", "horodatage": "2022-09-17 18:30:39", "distance (en metres)": 1312.19, "station": "BARBUSSE-LARROUMES", "marker-color": "#818181"}}, {"type": "Feature", "geometry": {"type": "Point", "coordinates": [2.369287, 48.759441]}, "properties": {"numparc": 5923, "etat de la localisation": "autre", "ID BDGEO": "24", "horodatage": "2022-09-17 18:30:59", "distance (en metres)": 2622.64, "station": "JEAN MERMOZ-GENERAL DE GAULLE", "marker-color": "#818181"}}, {"type": "Feature", "geometry": {"type": "Point", "coordinates": [2.312201, 48.776539]}, "properties": {"numparc": 5934, "etat de la localisation": "autre", "ID BDGEO": "59", "horodatage": "2022-09-17 18:31:38", "distance (en metres)": 1012.89, "station": "BARBUSSE-LARROUMES", "marker-color": "#818181"}}, {"type": "Feature", "geometry": {"type": "Point", "coordinates": [2.36893, 48.759434]}, "properties": {"numparc": 5923, "etat de la localisation": "autre", "ID BDGEO": "24", "horodatage": "2022-09-17 18:31:38", "distance (en metres)": 2601.5, "station": "JEAN MERMOZ-GENERAL DE GAULLE", "marker-color": "#818181"}}, {"type": "Feature", "geometry": {"type": "Point", "coordinates": [2.340064, 48.775978]}, "properties": {"numparc": 5794, "etat de la localisation": "autre", "ID BDGEO": "24", "horodatage": "2022-09-17 18:31:40", "distance (en metres)": 370.62, "station": "JEAN MERMOZ-GENERAL DE GAULLE", "marker-color": "#818181"}}, {"type": "Feature", "geometry": {"type": "Point", "coordinates": [2.367236, 48.769093]}, "properties": {"numparc": 5912, "etat de la localisation": "autre", "ID BDGEO": "24", "horodatage": "2022-09-17 18:32:57", "distance (en metres)": 2060.27, "station": "JEAN MERMOZ-GENERAL DE GAULLE", "marker-color": "#818181"}}, {"type": "Feature", "geometry": {"type": "Point", "coordinates": [2.303014, 48.778389]}, "properties": {"numparc": 5917, "etat de la localisation": "autre", "ID BDGEO": "59", "horodatage": "2022-09-17 18:33:42", "distance (en metres)": 1709.56, "station": "BARBUSSE-LARROUMES", "marker-color": "#818181"}}, {"type": "Feature", "geometry": {"type": "Point", "coordinates": [2.31658, 48.779053]}, "properties": {"numparc": 5934, "etat de la localisation": "autre", "ID BDGEO": "59", "horodatage": "2022-09-17 18:34:05", "distance (en metres)": 789.26, "station": "BARBUSSE-LARROUMES", "marker-color": "#818181"}}, {"type": "Feature", "geometry": {"type": "Point", "coordinates": [2.316767, 48.779018]}, "properties": {"numparc": 5934, "etat de la localisation": "autre", "ID BDGEO": "59", "horodatage": "2022-09-17 18:34:46", "distance (en metres)": 775.47, "station": "BARBUSSE-LARROUMES", "marker-color": "#818181"}}, {"type": "Feature", "geometry": {"type": "Point", "coordinates": [2.337249, 48.779949]}, "properties": {"numparc": 5794, "etat de la localisation": "autre", "ID BDGEO": "24", "horodatage": "2022-09-17 18:36:07", "distance (en metres)": 829.76, "station": "JEAN MERMOZ-GENERAL DE GAULLE", "marker-color": "#818181"}}, {"type": "Feature", "geometry": {"type": "Point", "coordinates": [2.322546, 48.777168]}, "properties": {"numparc": 5934, "etat de la localisation": "autre", "ID BDGEO": "59", "horodatage": "2022-09-17 18:36:13", "distance (en metres)": 307.59, "station": "BARBUSSE-LARROUMES", "marker-color": "#818181"}}, {"type": "Feature", "geometry": {"type": "Point", "coordinates": [2.357935, 48.771984]}, "properties": {"numparc": 5912, "etat de la localisation": "autre", "ID BDGEO": "24", "horodatage": "2022-09-17 18:37:00", "distance (en metres)": 1342.22, "station": "JEAN MERMOZ-GENERAL DE GAULLE", "marker-color": "#818181"}}, {"type": "Feature", "geometry": {"type": "Point", "coordinates": [2.291036, 48.779026]}, "properties": {"numparc": 5917, "etat de la localisation": "autre", "ID BDGEO": "59", "horodatage": "2022-09-17 18:38:21", "distance (en metres)": 2586.86, "station": "BARBUSSE-LARROUMES", "marker-color": "#818181"}}, {"type": "Feature", "geometry": {"type": "Point", "coordinates": [2.354929, 48.77108]}, "properties": {"numparc": 5912, "etat de la localisation": "autre", "ID BDGEO": "24", "horodatage": "2022-09-17 18:38:22", "distance (en metres)": 1133.49, "station": "JEAN MERMOZ-GENERAL DE GAULLE", "marker-color": "#818181"}}, {"type": "Feature", "geometry": {"type": "Point", "coordinates": [2.38745, 48.753971]}, "properties": {"numparc": 5911, "etat de la localisation": "autre", "ID BDGEO": "32", "horodatage": "2022-09-17 18:38:52", "distance (en metres)": 1450.03, "station": "LE COR DE CHASSE", "marker-color": "#818181"}}, {"type": "Feature", "geometry": {"type": "Point", "coordinates": [2.33456, 48.778164]}, "properties": {"numparc": 5794, "etat de la localisation": "autre", "ID BDGEO": "59", "horodatage": "2022-09-17 18:39:11", "distance (en metres)": 695.69, "station": "BARBUSSE-LARROUMES", "marker-color": "#818181"}}, {"type": "Feature", "geometry": {"type": "Point", "coordinates": [2.288151, 48.778893]}, "properties": {"numparc": 5917, "etat de la localisation": "autre", "ID BDGEO": "59", "horodatage": "2022-09-17 18:39:40", "distance (en metres)": 2794.04, "station": "BARBUSSE-LARROUMES", "marker-color": "#818181"}}, {"type": "Feature", "geometry": {"type": "Point", "coordinates": [2.283304, 48.779068]}, "properties": {"numparc": 5917, "etat de la localisation": "autre", "ID BDGEO": "59", "horodatage": "2022-09-17 18:41:19", "distance (en metres)": 3148.76, "station": "BARBUSSE-LARROUMES", "marker-color": "#818181"}}, {"type": "Feature", "geometry": {"type": "Point", "coordinates": [2.337559, 48.778965]}, "properties": {"numparc": 5934, "etat de la localisation": "autre", "ID BDGEO": "60", "horodatage": "2022-09-17 18:41:52", "distance (en metres)": 68.51, "station": "MAIRIE DE L'HAY LES ROSES", "marker-color": "#818181"}}, {"type": "Feature", "geometry": {"type": "Point", "coordinates": [2.387687, 48.754055]}, "properties": {"numparc": 5911, "etat de la localisation": "autre", "ID BDGEO": "32", "horodatage": "2022-09-17 18:42:00", "distance (en metres)": 1462.01, "station": "LE COR DE CHASSE", "marker-color": "#818181"}}, {"type": "Feature", "geometry": {"type": "Point", "coordinates": [2.28142, 48.779785]}, "properties": {"numparc": 5917, "etat de la localisation": "autre", "ID BDGEO": "59", "horodatage": "2022-09-17 18:42:55", "distance (en metres)": 3296.22, "station": "BARBUSSE-LARROUMES", "marker-color": "#818181"}}, {"type": "Feature", "geometry": {"type": "Point", "coordinates": [2.321845, 48.77758]}, "properties": {"numparc": 5794, "etat de la localisation": "autre", "ID BDGEO": "59", "horodatage": "2022-09-17 18:43:47", "distance (en metres)": 376.14, "station": "BARBUSSE-LARROUMES", "marker-color": "#818181"}}, {"type": "Feature", "geometry": {"type": "Point", "coordinates": [2.348429, 48.771439]}, "properties": {"numparc": 5912, "etat de la localisation": "autre", "ID BDGEO": "24", "horodatage": "2022-09-17 18:44:06", "distance (en metres)": 657.6, "station": "JEAN MERMOZ-GENERAL DE GAULLE", "marker-color": "#818181"}}, {"type": "Feature", "geometry": {"type": "Point", "coordinates": [2.343199, 48.77224]}, "properties": {"numparc": 5912, "etat de la localisation": "autre", "ID BDGEO": "24", "horodatage": "2022-09-17 18:45:54", "distance (en metres)": 264.33, "station": "JEAN MERMOZ-GENERAL DE GAULLE", "marker-color": "#818181"}}, {"type": "Feature", "geometry": {"type": "Point", "coordinates": [2.315503, 48.779739]}, "properties": {"numparc": 5794, "etat de la localisation": "autre", "ID BDGEO": "59", "horodatage": "2022-09-17 18:46:54", "distance (en metres)": 896.04, "station": "BARBUSSE-LARROUMES", "marker-color": "#818181"}}, {"type": "Feature", "geometry": {"type": "Point", "coordinates": [2.34416, 48.772064]}, "properties": {"numparc": 5934, "etat de la localisation": "autre", "ID BDGEO": "24", "horodatage": "2022-09-17 18:47:52", "distance (en metres)": 337.16, "station": "JEAN MERMOZ-GENERAL DE GAULLE", "marker-color": "#818181"}}, {"type": "Feature", "geometry": {"type": "Point", "coordinates": [2.34797, 48.771431]}, "properties": {"numparc": 5934, "etat de la localisation": "autre", "ID BDGEO": "24", "horodatage": "2022-09-17 18:48:57", "distance (en metres)": 624.91, "station": "JEAN MERMOZ-GENERAL DE GAULLE", "marker-color": "#818181"}}, {"type": "Feature", "geometry": {"type": "Point", "coordinates": [2.314953, 48.782703]}, "properties": {"numparc": 5794, "etat de la localisation": "autre", "ID BDGEO": "59", "horodatage": "2022-09-17 18:49:53", "distance (en metres)": 1132.45, "station": "BARBUSSE-LARROUMES", "marker-color": "#818181"}}, {"type": "Feature", "geometry": {"type": "Point", "coordinates": [2.340055, 48.775936]}, "properties": {"numparc": 5912, "etat de la localisation": "autre", "ID BDGEO": "24", "horodatage": "2022-09-17 18:50:16", "distance (en metres)": 365.91, "station": "JEAN MERMOZ-GENERAL DE GAULLE", "marker-color": "#818181"}}, {"type": "Feature", "geometry": {"type": "Point", "coordinates": [2.355449, 48.771275]}, "properties": {"numparc": 5934, "etat de la localisation": "autre", "ID BDGEO": "24", "horodatage": "2022-09-17 18:50:38", "distance (en metres)": 1168.11, "station": "JEAN MERMOZ-GENERAL DE GAULLE", "marker-color": "#818181"}}, {"type": "Feature", "geometry": {"type": "Point", "coordinates": [2.359449, 48.771782]}, "properties": {"numparc": 5934, "etat de la localisation": "autre", "ID BDGEO": "24", "horodatage": "2022-09-17 18:52:08", "distance (en metres)": 1454.34, "station": "JEAN MERMOZ-GENERAL DE GAULLE", "marker-color": "#818181"}}, {"type": "Feature", "geometry": {"type": "Point", "coordinates": [2.340219, 48.778503]}, "properties": {"numparc": 5912, "etat de la localisation": "autre", "ID BDGEO": "24", "horodatage": "2022-09-17 18:52:37", "distance (en metres)": 651.51, "station": "JEAN MERMOZ-GENERAL DE GAULLE", "marker-color": "#818181"}}, {"type": "Feature", "geometry": {"type": "Point", "coordinates": [2.313482, 48.779049]}, "properties": {"numparc": 5794, "etat de la localisation": "autre", "ID BDGEO": "59", "horodatage": "2022-09-17 18:52:51", "distance (en metres)": 992.74, "station": "BARBUSSE-LARROUMES", "marker-color": "#818181"}}, {"type": "Feature", "geometry": {"type": "Point", "coordinates": [2.292337, 48.778763]}, "properties": {"numparc": 5917, "etat de la localisation": "autre", "ID BDGEO": "59", "horodatage": "2022-09-17 18:53:45", "distance (en metres)": 2488.27, "station": "BARBUSSE-LARROUMES", "marker-color": "#818181"}}, {"type": "Feature", "geometry": {"type": "Point", "coordinates": [2.337259, 48.779949]}, "properties": {"numparc": 5912, "etat de la localisation": "autre", "ID BDGEO": "24", "horodatage": "2022-09-17 18:54:02", "distance (en metres)": 829.6, "station": "JEAN MERMOZ-GENERAL DE GAULLE", "marker-color": "#818181"}}, {"type": "Feature", "geometry": {"type": "Point", "coordinates": [2.367871, 48.768196]}, "properties": {"numparc": 5934, "etat de la localisation": "autre", "ID BDGEO": "24", "horodatage": "2022-09-17 18:54:16", "distance (en metres)": 2127.0, "station": "JEAN MERMOZ-GENERAL DE GAULLE", "marker-color": "#818181"}}, {"type": "Feature", "geometry": {"type": "Point", "coordinates": [2.313231, 48.776688]}, "properties": {"numparc": 5794, "etat de la localisation": "autre", "ID BDGEO": "59", "horodatage": "2022-09-17 18:54:49", "distance (en metres)": 940.01, "station": "BARBUSSE-LARROUMES", "marker-color": "#818181"}}, {"type": "Feature", "geometry": {"type": "Point", "coordinates": [2.368073, 48.765179]}, "properties": {"numparc": 5934, "etat de la localisation": "autre", "ID BDGEO": "24", "horodatage": "2022-09-17 18:55:20", "distance (en metres)": 2243.04, "station": "JEAN MERMOZ-GENERAL DE GAULLE", "marker-color": "#818181"}}, {"type": "Feature", "geometry": {"type": "Point", "coordinates": [2.297171, 48.77845]}, "properties": {"numparc": 5917, "etat de la localisation": "autre", "ID BDGEO": "59", "horodatage": "2022-09-17 18:55:30", "distance (en metres)": 2132.79, "station": "BARBUSSE-LARROUMES", "marker-color": "#818181"}}, {"type": "Feature", "geometry": {"type": "Point", "coordinates": [2.334569, 48.778149]}, "properties": {"numparc": 5912, "etat de la localisation": "autre", "ID BDGEO": "59", "horodatage": "2022-09-17 18:55:49", "distance (en metres)": 695.59, "station": "BARBUSSE-LARROUMES", "marker-color": "#818181"}}, {"type": "Feature", "geometry": {"type": "Point", "coordinates": [2.306939, 48.777538]}, "properties": {"numparc": 5794, "etat de la localisation": "autre", "ID BDGEO": "59", "horodatage": "2022-09-17 18:56:45", "distance (en metres)": 1409.98, "station": "BARBUSSE-LARROUMES", "marker-color": "#818181"}}, {"type": "Feature", "geometry": {"type": "Point", "coordinates": [2.304173, 48.778034]}, "properties": {"numparc": 5917, "etat de la localisation": "autre", "ID BDGEO": "59", "horodatage": "2022-09-17 18:57:57", "distance (en metres)": 1618.97, "station": "BARBUSSE-LARROUMES", "marker-color": "#818181"}}, {"type": "Feature", "geometry": {"type": "Point", "coordinates": [2.302899, 48.778393]}, "properties": {"numparc": 5794, "etat de la localisation": "autre", "ID BDGEO": "59", "horodatage": "2022-09-17 18:58:17", "distance (en metres)": 1717.93, "station": "BARBUSSE-LARROUMES", "marker-color": "#818181"}}, {"type": "Feature", "geometry": {"type": "Point", "coordinates": [2.36939, 48.759449]}, "properties": {"numparc": 5934, "etat de la localisation": "autre", "ID BDGEO": "24", "horodatage": "2022-09-17 18:59:38", "distance (en metres)": 2628.42, "station": "JEAN MERMOZ-GENERAL DE GAULLE", "marker-color": "#818181"}}, {"type": "Feature", "geometry": {"type": "Point", "coordinates": [2.312222, 48.776421]}, "properties": {"numparc": 5917, "etat de la localisation": "autre", "ID BDGEO": "59", "horodatage": "2022-09-17 18:59:42", "distance (en metres)": 1010.01, "station": "BARBUSSE-LARROUMES", "marker-color": "#818181"}}, {"type": "Feature", "geometry": {"type": "Point", "coordinates": [2.297581, 48.778538]}, "properties": {"numparc": 5794, "etat de la localisation": "autre", "ID BDGEO": "59", "horodatage": "2022-09-17 19:00:01", "distance (en metres)": 2104.63, "station": "BARBUSSE-LARROUMES", "marker-color": "#818181"}}, {"type": "Feature", "geometry": {"type": "Point", "coordinates": [2.3166, 48.779026]}, "properties": {"numparc": 5917, "etat de la localisation": "autre", "ID BDGEO": "59", "horodatage": "2022-09-17 19:02:44", "distance (en metres)": 786.52, "station": "BARBUSSE-LARROUMES", "marker-color": "#818181"}}, {"type": "Feature", "geometry": {"type": "Point", "coordinates": [2.291013, 48.779034]}, "properties": {"numparc": 5794, "etat de la localisation": "autre", "ID BDGEO": "59", "horodatage": "2022-09-17 19:03:21", "distance (en metres)": 2588.65, "station": "BARBUSSE-LARROUMES", "marker-color": "#818181"}}, {"type": "Feature", "geometry": {"type": "Point", "coordinates": [2.35762, 48.763432]}, "properties": {"numparc": 5934, "etat de la localisation": "autre", "ID BDGEO": "24", "horodatage": "2022-09-17 19:03:26", "distance (en metres)": 1669.46, "station": "JEAN MERMOZ-GENERAL DE GAULLE", "marker-color": "#818181"}}, {"type": "Feature", "geometry": {"type": "Point", "coordinates": [2.288183, 48.778839]}, "properties": {"numparc": 5794, "etat de la localisation": "autre", "ID BDGEO": "59", "horodatage": "2022-09-17 19:04:49", "distance (en metres)": 2790.93, "station": "BARBUSSE-LARROUMES", "marker-color": "#818181"}}, {"type": "Feature", "geometry": {"type": "Point", "coordinates": [2.315496, 48.779678]}, "properties": {"numparc": 5912, "etat de la localisation": "autre", "ID BDGEO": "59", "horodatage": "2022-09-17 19:04:50", "distance (en metres)": 892.96, "station": "BARBUSSE-LARROUMES", "marker-color": "#818181"}}, {"type": "Feature", "geometry": {"type": "Point", "coordinates": [2.322534, 48.777134]}, "properties": {"numparc": 5917, "etat de la localisation": "autre", "ID BDGEO": "59", "horodatage": "2022-09-17 19:05:31", "distance (en metres)": 306.07, "station": "BARBUSSE-LARROUMES", "marker-color": "#818181"}}, {"type": "Feature", "geometry": {"type": "Point", "coordinates": [2.283312, 48.779041]}, "properties": {"numparc": 5794, "etat de la localisation": "autre", "ID BDGEO": "59", "horodatage": "2022-09-17 19:06:04", "distance (en metres)": 3147.8, "station": "BARBUSSE-LARROUMES", "marker-color": "#818181"}}, {"type": "Feature", "geometry": {"type": "Point", "coordinates": [2.281456, 48.779781]}, "properties": {"numparc": 5794, "etat de la localisation": "autre", "ID BDGEO": "59", "horodatage": "2022-09-17 19:07:46", "distance (en metres)": 3293.55, "station": "BARBUSSE-LARROUMES", "marker-color": "#818181"}}, {"type": "Feature", "geometry": {"type": "Point", "coordinates": [2.31495, 48.7827]}, "properties": {"numparc": 5912, "etat de la localisation": "autre", "ID BDGEO": "59", "horodatage": "2022-09-17 19:08:09", "distance (en metres)": 1132.32, "station": "BARBUSSE-LARROUMES", "marker-color": "#818181"}}, {"type": "Feature", "geometry": {"type": "Point", "coordinates": [2.313469, 48.779068]}, "properties": {"numparc": 5912, "etat de la localisation": "autre", "ID BDGEO": "59", "horodatage": "2022-09-17 19:09:39", "distance (en metres)": 994.46, "station": "BARBUSSE-LARROUMES", "marker-color": "#818181"}}, {"type": "Feature", "geometry": {"type": "Point", "coordinates": [2.357699, 48.763283]}, "properties": {"numparc": 5923, "etat de la localisation": "autre", "ID BDGEO": "24", "horodatage": "2022-09-17 19:09:56", "distance (en metres)": 1684.22, "station": "JEAN MERMOZ-GENERAL DE GAULLE", "marker-color": "#818181"}}, {"type": "Feature", "geometry": {"type": "Point", "coordinates": [2.337622, 48.778923]}, "properties": {"numparc": 5917, "etat de la localisation": "autre", "ID BDGEO": "60", "horodatage": "2022-09-17 19:10:37", "distance (en metres)": 73.69, "station": "MAIRIE DE L'HAY LES ROSES", "marker-color": "#818181"}}, {"type": "Feature", "geometry": {"type": "Point", "coordinates": [2.306983, 48.777496]}, "properties": {"numparc": 5912, "etat de la localisation": "autre", "ID BDGEO": "59", "horodatage": "2022-09-17 19:12:05", "distance (en metres)": 1406.06, "station": "BARBUSSE-LARROUMES", "marker-color": "#818181"}}, {"type": "Feature", "geometry": {"type": "Point", "coordinates": [2.368758, 48.759605]}, "properties": {"numparc": 5923, "etat de la localisation": "autre", "ID BDGEO": "24", "horodatage": "2022-09-17 19:13:51", "distance (en metres)": 2580.32, "station": "JEAN MERMOZ-GENERAL DE GAULLE", "marker-color": "#818181"}}, {"type": "Feature", "geometry": {"type": "Point", "coordinates": [2.287983, 48.778774]}, "properties": {"numparc": 5794, "etat de la localisation": "autre", "ID BDGEO": "59", "horodatage": "2022-09-17 19:14:22", "distance (en metres)": 2804.53, "station": "BARBUSSE-LARROUMES", "marker-color": "#818181"}}, {"type": "Feature", "geometry": {"type": "Point", "coordinates": [2.344187, 48.772083]}, "properties": {"numparc": 5917, "etat de la localisation": "autre", "ID BDGEO": "24", "horodatage": "2022-09-17 19:14:35", "distance (en metres)": 338.69, "station": "JEAN MERMOZ-GENERAL DE GAULLE", "marker-color": "#818181"}}, {"type": "Feature", "geometry": {"type": "Point", "coordinates": [2.297594, 48.778522]}, "properties": {"numparc": 5912, "etat de la localisation": "autre", "ID BDGEO": "59", "horodatage": "2022-09-17 19:14:37", "distance (en metres)": 2103.42, "station": "BARBUSSE-LARROUMES", "marker-color": "#818181"}}, {"type": "Feature", "geometry": {"type": "Point", "coordinates": [2.347874, 48.771473]}, "properties": {"numparc": 5917, "etat de la localisation": "autre", "ID BDGEO": "24", "horodatage": "2022-09-17 19:15:38", "distance (en metres)": 617.02, "station": "JEAN MERMOZ-GENERAL DE GAULLE", "marker-color": "#818181"}}, {"type": "Feature", "geometry": {"type": "Point", "coordinates": [2.350555, 48.770691]}, "properties": {"numparc": 5917, "etat de la localisation": "autre", "ID BDGEO": "24", "horodatage": "2022-09-17 19:16:46", "distance (en metres)": 828.65, "station": "JEAN MERMOZ-GENERAL DE GAULLE", "marker-color": "#818181"}}, {"type": "Feature", "geometry": {"type": "Point", "coordinates": [2.292371, 48.778828]}, "properties": {"numparc": 5794, "etat de la localisation": "autre", "ID BDGEO": "59", "horodatage": "2022-09-17 19:17:05", "distance (en metres)": 2486.84, "station": "BARBUSSE-LARROUMES", "marker-color": "#818181"}}, {"type": "Feature", "geometry": {"type": "Point", "coordinates": [2.367209, 48.769112]}, "properties": {"numparc": 5923, "etat de la localisation": "autre", "ID BDGEO": "24", "horodatage": "2022-09-17 19:17:52", "distance (en metres)": 2057.92, "station": "JEAN MERMOZ-GENERAL DE GAULLE", "marker-color": "#818181"}}, {"type": "Feature", "geometry": {"type": "Point", "coordinates": [2.291024, 48.77903]}, "properties": {"numparc": 5912, "etat de la localisation": "autre", "ID BDGEO": "59", "horodatage": "2022-09-17 19:18:31", "distance (en metres)": 2587.79, "station": "BARBUSSE-LARROUMES", "marker-color": "#818181"}}, {"type": "Feature", "geometry": {"type": "Point", "coordinates": [2.355452, 48.771244]}, "properties": {"numparc": 5917, "etat de la localisation": "autre", "ID BDGEO": "24", "horodatage": "2022-09-17 19:18:31", "distance (en metres)": 1168.79, "station": "JEAN MERMOZ-GENERAL DE GAULLE", "marker-color": "#818181"}}, {"type": "Feature", "geometry": {"type": "Point", "coordinates": [2.297279, 48.778503]}, "properties": {"numparc": 5794, "etat de la localisation": "autre", "ID BDGEO": "59", "horodatage": "2022-09-17 19:19:01", "distance (en metres)": 2125.9, "station": "BARBUSSE-LARROUMES", "marker-color": "#818181"}}, {"type": "Feature", "geometry": {"type": "Point", "coordinates": [2.288175, 48.778877]}, "properties": {"numparc": 5912, "etat de la localisation": "autre", "ID BDGEO": "59", "horodatage": "2022-09-17 19:19:53", "distance (en metres)": 2792.06, "station": "BARBUSSE-LARROUMES", "marker-color": "#818181"}}, {"type": "Feature", "geometry": {"type": "Point", "coordinates": [2.35944, 48.771786]}, "properties": {"numparc": 5917, "etat de la localisation": "autre", "ID BDGEO": "24", "horodatage": "2022-09-17 19:20:00", "distance (en metres)": 1453.67, "station": "JEAN MERMOZ-GENERAL DE GAULLE", "marker-color": "#818181"}}, {"type": "Feature", "geometry": {"type": "Point", "coordinates": [2.283365, 48.779057]}, "properties": {"numparc": 5912, "etat de la localisation": "autre", "ID BDGEO": "59", "horodatage": "2022-09-17 19:21:07", "distance (en metres)": 3144.16, "station": "BARBUSSE-LARROUMES", "marker-color": "#818181"}}, {"type": "Feature", "geometry": {"type": "Point", "coordinates": [2.357872, 48.771961]}, "properties": {"numparc": 5923, "etat de la localisation": "autre", "ID BDGEO": "24", "horodatage": "2022-09-17 19:21:09", "distance (en metres)": 1337.76, "station": "JEAN MERMOZ-GENERAL DE GAULLE", "marker-color": "#818181"}}, {"type": "Feature", "geometry": {"type": "Point", "coordinates": [2.363985, 48.770206]}, "properties": {"numparc": 5917, "etat de la localisation": "autre", "ID BDGEO": "24", "horodatage": "2022-09-17 19:21:23", "distance (en metres)": 1804.22, "station": "JEAN MERMOZ-GENERAL DE GAULLE", "marker-color": "#818181"}}, {"type": "Feature", "geometry": {"type": "Point", "coordinates": [2.304248, 48.778042]}, "properties": {"numparc": 5794, "etat de la localisation": "autre", "ID BDGEO": "59", "horodatage": "2022-09-17 19:21:56", "distance (en metres)": 1613.69, "station": "BARBUSSE-LARROUMES", "marker-color": "#818181"}}, {"type": "Feature", "geometry": {"type": "Point", "coordinates": [2.354929, 48.77108]}, "properties": {"numparc": 5923, "etat de la localisation": "autre", "ID BDGEO": "24", "horodatage": "2022-09-17 19:22:16", "distance (en metres)": 1133.49, "station": "JEAN MERMOZ-GENERAL DE GAULLE", "marker-color": "#818181"}}, {"type": "Feature", "geometry": {"type": "Point", "coordinates": [2.312308, 48.776409]}, "properties": {"numparc": 5794, "etat de la localisation": "autre", "ID BDGEO": "59", "horodatage": "2022-09-17 19:23:45", "distance (en metres)": 1003.61, "station": "BARBUSSE-LARROUMES", "marker-color": "#818181"}}, {"type": "Feature", "geometry": {"type": "Point", "coordinates": [2.348385, 48.771435]}, "properties": {"numparc": 5923, "etat de la localisation": "autre", "ID BDGEO": "24", "horodatage": "2022-09-17 19:23:53", "distance (en metres)": 654.54, "station": "JEAN MERMOZ-GENERAL DE GAULLE", "marker-color": "#818181"}}, {"type": "Feature", "geometry": {"type": "Point", "coordinates": [2.367867, 48.768223]}, "properties": {"numparc": 5917, "etat de la localisation": "autre", "ID BDGEO": "24", "horodatage": "2022-09-17 19:24:15", "distance (en metres)": 2126.01, "station": "JEAN MERMOZ-GENERAL DE GAULLE", "marker-color": "#818181"}}, {"type": "Feature", "geometry": {"type": "Point", "coordinates": [2.368087, 48.765224]}, "properties": {"numparc": 5917, "etat de la localisation": "autre", "ID BDGEO": "24", "horodatage": "2022-09-17 19:25:05", "distance (en metres)": 2242.11, "station": "JEAN MERMOZ-GENERAL DE GAULLE", "marker-color": "#818181"}}, {"type": "Feature", "geometry": {"type": "Point", "coordinates": [2.343179, 48.77224]}, "properties": {"numparc": 5923, "etat de la localisation": "autre", "ID BDGEO": "24", "horodatage": "2022-09-17 19:25:29", "distance (en metres)": 262.88, "station": "JEAN MERMOZ-GENERAL DE GAULLE", "marker-color": "#818181"}}, {"type": "Feature", "geometry": {"type": "Point", "coordinates": [2.369385, 48.763004]}, "properties": {"numparc": 5917, "etat de la localisation": "autre", "ID BDGEO": "24", "horodatage": "2022-09-17 19:26:38", "distance (en metres)": 2429.37, "station": "JEAN MERMOZ-GENERAL DE GAULLE", "marker-color": "#818181"}}, {"type": "Feature", "geometry": {"type": "Point", "coordinates": [2.31668, 48.779003]}, "properties": {"numparc": 5794, "etat de la localisation": "autre", "ID BDGEO": "59", "horodatage": "2022-09-17 19:26:46", "distance (en metres)": 780.17, "station": "BARBUSSE-LARROUMES", "marker-color": "#818181"}}, {"type": "Feature", "geometry": {"type": "Point", "coordinates": [2.322612, 48.777111]}, "properties": {"numparc": 5794, "etat de la localisation": "autre", "ID BDGEO": "59", "horodatage": "2022-09-17 19:28:36", "distance (en metres)": 299.94, "station": "BARBUSSE-LARROUMES", "marker-color": "#818181"}}, {"type": "Feature", "geometry": {"type": "Point", "coordinates": [2.369416, 48.759464]}, "properties": {"numparc": 5917, "etat de la localisation": "autre", "ID BDGEO": "24", "horodatage": "2022-09-17 19:29:32", "distance (en metres)": 2629.06, "station": "JEAN MERMOZ-GENERAL DE GAULLE", "marker-color": "#818181"}}, {"type": "Feature", "geometry": {"type": "Point", "coordinates": [2.340239, 48.778481]}, "properties": {"numparc": 5923, "etat de la localisation": "autre", "ID BDGEO": "24", "horodatage": "2022-09-17 19:29:34", "distance (en metres)": 649.06, "station": "JEAN MERMOZ-GENERAL DE GAULLE", "marker-color": "#818181"}}, {"type": "Feature", "geometry": {"type": "Point", "coordinates": [2.36874, 48.759682]}, "properties": {"numparc": 5934, "etat de la localisation": "autre", "ID BDGEO": "24", "horodatage": "2022-09-17 19:30:06", "distance (en metres)": 2574.46, "station": "JEAN MERMOZ-GENERAL DE GAULLE", "marker-color": "#818181"}}, {"type": "Feature", "geometry": {"type": "Point", "coordinates": [2.365463, 48.759514]}, "properties": {"numparc": 5917, "etat de la localisation": "autre", "ID BDGEO": "24", "horodatage": "2022-09-17 19:30:23", "distance (en metres)": 2390.72, "station": "JEAN MERMOZ-GENERAL DE GAULLE", "marker-color": "#818181"}}, {"type": "Feature", "geometry": {"type": "Point", "coordinates": [2.337519, 48.779865]}, "properties": {"numparc": 5923, "etat de la localisation": "autre", "ID BDGEO": "24", "horodatage": "2022-09-17 19:30:54", "distance (en metres)": 816.63, "station": "JEAN MERMOZ-GENERAL DE GAULLE", "marker-color": "#818181"}}, {"type": "Feature", "geometry": {"type": "Point", "coordinates": [2.334559, 48.778152]}, "properties": {"numparc": 5923, "etat de la localisation": "autre", "ID BDGEO": "59", "horodatage": "2022-09-17 19:32:38", "distance (en metres)": 695.1, "station": "BARBUSSE-LARROUMES", "marker-color": "#818181"}}, {"type": "Feature", "geometry": {"type": "Point", "coordinates": [2.330921, 48.776344]}, "properties": {"numparc": 5923, "etat de la localisation": "autre", "ID BDGEO": "59", "horodatage": "2022-09-17 19:33:39", "distance (en metres)": 375.73, "station": "BARBUSSE-LARROUMES", "marker-color": "#818181"}}, {"type": "Feature", "geometry": {"type": "Point", "coordinates": [2.292317, 48.778797]}, "properties": {"numparc": 5912, "etat de la localisation": "autre", "ID BDGEO": "13", "horodatage": "2022-09-17 19:33:56", "distance (en metres)": 43.58, "station": "FONTENAY-HOUDAN", "marker-color": "#818181"}}, {"type": "Feature", "geometry": {"type": "Point", "coordinates": [2.367184, 48.769089]}, "properties": {"numparc": 5934, "etat de la localisation": "autre", "ID BDGEO": "24", "horodatage": "2022-09-17 19:34:17", "distance (en metres)": 2056.61, "station": "JEAN MERMOZ-GENERAL DE GAULLE", "marker-color": "#818181"}}, {"type": "Feature", "geometry": {"type": "Point", "coordinates": [2.337656, 48.778885]}, "properties": {"numparc": 5794, "etat de la localisation": "autre", "ID BDGEO": "60", "horodatage": "2022-09-17 19:34:58", "distance (en metres)": 76.93, "station": "MAIRIE DE L'HAY LES ROSES", "marker-color": "#818181"}}, {"type": "Feature", "geometry": {"type": "Point", "coordinates": [2.321851, 48.77758]}, "properties": {"numparc": 5923, "etat de la localisation": "autre", "ID BDGEO": "59", "horodatage": "2022-09-17 19:36:33", "distance (en metres)": 375.79, "station": "BARBUSSE-LARROUMES", "marker-color": "#818181"}}, {"type": "Feature", "geometry": {"type": "Point", "coordinates": [2.357867, 48.771961]}, "properties": {"numparc": 5934, "etat de la localisation": "autre", "ID BDGEO": "24", "horodatage": "2022-09-17 19:37:26", "distance (en metres)": 1337.39, "station": "JEAN MERMOZ-GENERAL DE GAULLE", "marker-color": "#818181"}}, {"type": "Feature", "geometry": {"type": "Point", "coordinates": [2.354924, 48.77108]}, "properties": {"numparc": 5934, "etat de la localisation": "autre", "ID BDGEO": "24", "horodatage": "2022-09-17 19:38:53", "distance (en metres)": 1133.13, "station": "JEAN MERMOZ-GENERAL DE GAULLE", "marker-color": "#818181"}}, {"type": "Feature", "geometry": {"type": "Point", "coordinates": [2.315355, 48.779682]}, "properties": {"numparc": 5923, "etat de la localisation": "autre", "ID BDGEO": "59", "horodatage": "2022-09-17 19:39:09", "distance (en metres)": 902.04, "station": "BARBUSSE-LARROUMES", "marker-color": "#818181"}}, {"type": "Feature", "geometry": {"type": "Point", "coordinates": [2.34415, 48.772057]}, "properties": {"numparc": 5794, "etat de la localisation": "autre", "ID BDGEO": "24", "horodatage": "2022-09-17 19:39:54", "distance (en metres)": 336.61, "station": "JEAN MERMOZ-GENERAL DE GAULLE", "marker-color": "#818181"}}, {"type": "Feature", "geometry": {"type": "Point", "coordinates": [2.34838, 48.771435]}, "properties": {"numparc": 5934, "etat de la localisation": "autre", "ID BDGEO": "24", "horodatage": "2022-09-17 19:40:45", "distance (en metres)": 654.18, "station": "JEAN MERMOZ-GENERAL DE GAULLE", "marker-color": "#818181"}}, {"type": "Feature", "geometry": {"type": "Point", "coordinates": [2.314887, 48.782753]}, "properties": {"numparc": 5923, "etat de la localisation": "autre", "ID BDGEO": "59", "horodatage": "2022-09-17 19:40:56", "distance (en metres)": 1139.77, "station": "BARBUSSE-LARROUMES", "marker-color": "#818181"}}, {"type": "Feature", "geometry": {"type": "Point", "coordinates": [2.347989, 48.771416]}, "properties": {"numparc": 5794, "etat de la localisation": "autre", "ID BDGEO": "24", "horodatage": "2022-09-17 19:40:57", "distance (en metres)": 626.64, "station": "JEAN MERMOZ-GENERAL DE GAULLE", "marker-color": "#818181"}}, {"type": "Feature", "geometry": {"type": "Point", "coordinates": [2.357671, 48.763329]}, "properties": {"numparc": 5917, "etat de la localisation": "autre", "ID BDGEO": "24", "horodatage": "2022-09-17 19:41:54", "distance (en metres)": 1679.47, "station": "JEAN MERMOZ-GENERAL DE GAULLE", "marker-color": "#818181"}}, {"type": "Feature", "geometry": {"type": "Point", "coordinates": [2.343179, 48.772251]}, "properties": {"numparc": 5934, "etat de la localisation": "autre", "ID BDGEO": "24", "horodatage": "2022-09-17 19:42:16", "distance (en metres)": 262.66, "station": "JEAN MERMOZ-GENERAL DE GAULLE", "marker-color": "#818181"}}, {"type": "Feature", "geometry": {"type": "Point", "coordinates": [2.350631, 48.770641]}, "properties": {"numparc": 5794, "etat de la localisation": "autre", "ID BDGEO": "24", "horodatage": "2022-09-17 19:42:21", "distance (en metres)": 835.49, "station": "JEAN MERMOZ-GENERAL DE GAULLE", "marker-color": "#818181"}}, {"type": "Feature", "geometry": {"type": "Point", "coordinates": [2.313484, 48.779068]}, "properties": {"numparc": 5923, "etat de la localisation": "autre", "ID BDGEO": "59", "horodatage": "2022-09-17 19:42:32", "distance (en metres)": 993.45, "station": "BARBUSSE-LARROUMES", "marker-color": "#818181"}}, {"type": "Feature", "geometry": {"type": "Point", "coordinates": [2.359457, 48.771755]}, "properties": {"numparc": 5794, "etat de la localisation": "autre", "ID BDGEO": "24", "horodatage": "2022-09-17 19:44:43", "distance (en metres)": 1455.13, "station": "JEAN MERMOZ-GENERAL DE GAULLE", "marker-color": "#818181"}}, {"type": "Feature", "geometry": {"type": "Point", "coordinates": [2.302971, 48.778385]}, "properties": {"numparc": 5923, "etat de la localisation": "autre", "ID BDGEO": "59", "horodatage": "2022-09-17 19:44:44", "distance (en metres)": 1712.58, "station": "BARBUSSE-LARROUMES", "marker-color": "#818181"}}, {"type": "Feature", "geometry": {"type": "Point", "coordinates": [2.340007, 48.77594]}, "properties": {"numparc": 5934, "etat de la localisation": "autre", "ID BDGEO": "24", "horodatage": "2022-09-17 19:44:50", "distance (en metres)": 366.06, "station": "JEAN MERMOZ-GENERAL DE GAULLE", "marker-color": "#818181"}}, {"type": "Feature", "geometry": {"type": "Point", "coordinates": [2.368757, 48.759605]}, "properties": {"numparc": 5917, "etat de la localisation": "autre", "ID BDGEO": "24", "horodatage": "2022-09-17 19:45:40", "distance (en metres)": 2580.26, "station": "JEAN MERMOZ-GENERAL DE GAULLE", "marker-color": "#818181"}}, {"type": "Feature", "geometry": {"type": "Point", "coordinates": [2.367892, 48.768211]}, "properties": {"numparc": 5794, "etat de la localisation": "autre", "ID BDGEO": "24", "horodatage": "2022-09-17 19:46:51", "distance (en metres)": 2128.09, "station": "JEAN MERMOZ-GENERAL DE GAULLE", "marker-color": "#818181"}}, {"type": "Feature", "geometry": {"type": "Point", "coordinates": [2.291054, 48.779041]}, "properties": {"numparc": 5923, "etat de la localisation": "autre", "ID BDGEO": "59", "horodatage": "2022-09-17 19:46:55", "distance (en metres)": 2585.8, "station": "BARBUSSE-LARROUMES", "marker-color": "#818181"}}, {"type": "Feature", "geometry": {"type": "Point", "coordinates": [2.337229, 48.779911]}, "properties": {"numparc": 5934, "etat de la localisation": "autre", "ID BDGEO": "24", "horodatage": "2022-09-17 19:47:49", "distance (en metres)": 825.92, "station": "JEAN MERMOZ-GENERAL DE GAULLE", "marker-color": "#818181"}}, {"type": "Feature", "geometry": {"type": "Point", "coordinates": [2.368384, 48.765079]}, "properties": {"numparc": 5917, "etat de la localisation": "autre", "ID BDGEO": "24", "horodatage": "2022-09-17 19:48:17", "distance (en metres)": 2268.29, "station": "JEAN MERMOZ-GENERAL DE GAULLE", "marker-color": "#818181"}}, {"type": "Feature", "geometry": {"type": "Point", "coordinates": [2.334562, 48.778137]}, "properties": {"numparc": 5934, "etat de la localisation": "autre", "ID BDGEO": "59", "horodatage": "2022-09-17 19:49:36", "distance (en metres)": 694.6, "station": "BARBUSSE-LARROUMES", "marker-color": "#818181"}}, {"type": "Feature", "geometry": {"type": "Point", "coordinates": [2.281585, 48.780113]}, "properties": {"numparc": 5923, "etat de la localisation": "autre", "ID BDGEO": "77", "horodatage": "2022-09-17 19:49:47", "distance (en metres)": 43.64, "station": "ROBINSON RER#", "marker-color": "#818181"}}, {"type": "Feature", "geometry": {"type": "Point", "coordinates": [2.36935, 48.759441]}, "properties": {"numparc": 5794, "etat de la localisation": "autre", "ID BDGEO": "24", "horodatage": "2022-09-17 19:50:14", "distance (en metres)": 2626.47, "station": "JEAN MERMOZ-GENERAL DE GAULLE", "marker-color": "#818181"}}, {"type": "Feature", "geometry": {"type": "Point", "coordinates": [2.33765, 48.778881]}, "properties": {"numparc": 5912, "etat de la localisation": "autre", "ID BDGEO": "60", "horodatage": "2022-09-17 19:50:32", "distance (en metres)": 76.59, "station": "MAIRIE DE L'HAY LES ROSES", "marker-color": "#818181"}}, {"type": "Feature", "geometry": {"type": "Point", "coordinates": [2.330877, 48.776306]}, "properties": {"numparc": 5934, "etat de la localisation": "autre", "ID BDGEO": "59", "horodatage": "2022-09-17 19:50:41", "distance (en metres)": 371.62, "station": "BARBUSSE-LARROUMES", "marker-color": "#818181"}}, {"type": "Feature", "geometry": {"type": "Point", "coordinates": [2.367178, 48.769119]}, "properties": {"numparc": 5917, "etat de la localisation": "autre", "ID BDGEO": "24", "horodatage": "2022-09-17 19:50:48", "distance (en metres)": 2055.53, "station": "JEAN MERMOZ-GENERAL DE GAULLE", "marker-color": "#818181"}}, {"type": "Feature", "geometry": {"type": "Point", "coordinates": [2.357865, 48.771973]}, "properties": {"numparc": 5917, "etat de la localisation": "autre", "ID BDGEO": "24", "horodatage": "2022-09-17 19:52:56", "distance (en metres)": 1337.18, "station": "JEAN MERMOZ-GENERAL DE GAULLE", "marker-color": "#818181"}}, {"type": "Feature", "geometry": {"type": "Point", "coordinates": [2.354911, 48.77108]}, "properties": {"numparc": 5917, "etat de la localisation": "autre", "ID BDGEO": "24", "horodatage": "2022-09-17 19:53:45", "distance (en metres)": 1132.2, "station": "JEAN MERMOZ-GENERAL DE GAULLE", "marker-color": "#818181"}}, {"type": "Feature", "geometry": {"type": "Point", "coordinates": [2.321863, 48.777584]}, "properties": {"numparc": 5934, "etat de la localisation": "autre", "ID BDGEO": "59", "horodatage": "2022-09-17 19:54:14", "distance (en metres)": 375.35, "station": "BARBUSSE-LARROUMES", "marker-color": "#818181"}}, {"type": "Feature", "geometry": {"type": "Point", "coordinates": [2.348391, 48.77145]}, "properties": {"numparc": 5917, "etat de la localisation": "autre", "ID BDGEO": "24", "horodatage": "2022-09-17 19:55:21", "distance (en metres)": 654.62, "station": "JEAN MERMOZ-GENERAL DE GAULLE", "marker-color": "#818181"}}, {"type": "Feature", "geometry": {"type": "Point", "coordinates": [2.343354, 48.772236]}, "properties": {"numparc": 5917, "etat de la localisation": "autre", "ID BDGEO": "24", "horodatage": "2022-09-17 19:56:37", "distance (en metres)": 275.59, "station": "JEAN MERMOZ-GENERAL DE GAULLE", "marker-color": "#818181"}}, {"type": "Feature", "geometry": {"type": "Point", "coordinates": [2.315445, 48.779671]}, "properties": {"numparc": 5934, "etat de la localisation": "autre", "ID BDGEO": "59", "horodatage": "2022-09-17 19:57:04", "distance (en metres)": 895.73, "station": "BARBUSSE-LARROUMES", "marker-color": "#818181"}}, {"type": "Feature", "geometry": {"type": "Point", "coordinates": [2.314903, 48.782711]}, "properties": {"numparc": 5934, "etat de la localisation": "autre", "ID BDGEO": "59", "horodatage": "2022-09-17 19:58:53", "distance (en metres)": 1135.66, "station": "BARBUSSE-LARROUMES", "marker-color": "#818181"}}, {"type": "Feature", "geometry": {"type": "Point", "coordinates": [2.340101, 48.77594]}, "properties": {"numparc": 5917, "etat de la localisation": "autre", "ID BDGEO": "24", "horodatage": "2022-09-17 19:59:19", "distance (en metres)": 366.62, "station": "JEAN MERMOZ-GENERAL DE GAULLE", "marker-color": "#818181"}}, {"type": "Feature", "geometry": {"type": "Point", "coordinates": [2.340099, 48.77594]}, "properties": {"numparc": 5917, "etat de la localisation": "autre", "ID BDGEO": "24", "horodatage": "2022-09-17 19:59:32", "distance (en metres)": 366.61, "station": "JEAN MERMOZ-GENERAL DE GAULLE", "marker-color": "#818181"}}, {"type": "Feature", "geometry": {"type": "Point", "coordinates": [2.313469, 48.779045]}, "properties": {"numparc": 5934, "etat de la localisation": "autre", "ID BDGEO": "59", "horodatage": "2022-09-17 20:00:22", "distance (en metres)": 993.46, "station": "BARBUSSE-LARROUMES", "marker-color": "#818181"}}, {"type": "Feature", "geometry": {"type": "Point", "coordinates": [2.340245, 48.778519]}, "properties": {"numparc": 5917, "etat de la localisation": "autre", "ID BDGEO": "24", "horodatage": "2022-09-17 20:01:45", "distance (en metres)": 653.32, "station": "JEAN MERMOZ-GENERAL DE GAULLE", "marker-color": "#818181"}}, {"type": "Feature", "geometry": {"type": "Point", "coordinates": [2.313292, 48.776623]}, "properties": {"numparc": 5934, "etat de la localisation": "autre", "ID BDGEO": "59", "horodatage": "2022-09-17 20:02:09", "distance (en metres)": 934.62, "station": "BARBUSSE-LARROUMES", "marker-color": "#818181"}}, {"type": "Feature", "geometry": {"type": "Point", "coordinates": [2.33725, 48.779942]}, "properties": {"numparc": 5917, "etat de la localisation": "autre", "ID BDGEO": "24", "horodatage": "2022-09-17 20:03:12", "distance (en metres)": 828.91, "station": "JEAN MERMOZ-GENERAL DE GAULLE", "marker-color": "#818181"}}, {"type": "Feature", "geometry": {"type": "Point", "coordinates": [2.307016, 48.77747]}, "properties": {"numparc": 5934, "etat de la localisation": "autre", "ID BDGEO": "59", "horodatage": "2022-09-17 20:03:26", "distance (en metres)": 1403.23, "station": "BARBUSSE-LARROUMES", "marker-color": "#818181"}}, {"type": "Feature", "geometry": {"type": "Point", "coordinates": [2.357725, 48.763268]}, "properties": {"numparc": 5794, "etat de la localisation": "autre", "ID BDGEO": "24", "horodatage": "2022-09-17 20:04:47", "distance (en metres)": 1686.76, "station": "JEAN MERMOZ-GENERAL DE GAULLE", "marker-color": "#818181"}}, {"type": "Feature", "geometry": {"type": "Point", "coordinates": [2.30299, 48.778351]}, "properties": {"numparc": 5934, "etat de la localisation": "autre", "ID BDGEO": "59", "horodatage": "2022-09-17 20:04:59", "distance (en metres)": 1710.52, "station": "BARBUSSE-LARROUMES", "marker-color": "#818181"}}, {"type": "Feature", "geometry": {"type": "Point", "coordinates": [2.334562, 48.778145]}, "properties": {"numparc": 5917, "etat de la localisation": "autre", "ID BDGEO": "59", "horodatage": "2022-09-17 20:05:46", "distance (en metres)": 694.95, "station": "BARBUSSE-LARROUMES", "marker-color": "#818181"}}, {"type": "Feature", "geometry": {"type": "Point", "coordinates": [2.291038, 48.779015]}, "properties": {"numparc": 5934, "etat de la localisation": "autre", "ID BDGEO": "59", "horodatage": "2022-09-17 20:08:22", "distance (en metres)": 2586.52, "station": "BARBUSSE-LARROUMES", "marker-color": "#818181"}}, {"type": "Feature", "geometry": {"type": "Point", "coordinates": [2.368706, 48.759655]}, "properties": {"numparc": 5794, "etat de la localisation": "autre", "ID BDGEO": "24", "horodatage": "2022-09-17 20:09:27", "distance (en metres)": 2574.06, "station": "JEAN MERMOZ-GENERAL DE GAULLE", "marker-color": "#818181"}}, {"type": "Feature", "geometry": {"type": "Point", "coordinates": [2.283323, 48.77906]}, "properties": {"numparc": 5934, "etat de la localisation": "autre", "ID BDGEO": "59", "horodatage": "2022-09-17 20:10:01", "distance (en metres)": 3147.26, "station": "BARBUSSE-LARROUMES", "marker-color": "#818181"}}, {"type": "Feature", "geometry": {"type": "Point", "coordinates": [2.321885, 48.777584]}, "properties": {"numparc": 5917, "etat de la localisation": "autre", "ID BDGEO": "59", "horodatage": "2022-09-17 20:10:29", "distance (en metres)": 374.05, "station": "BARBUSSE-LARROUMES", "marker-color": "#818181"}}, {"type": "Feature", "geometry": {"type": "Point", "coordinates": [2.281392, 48.779781]}, "properties": {"numparc": 5934, "etat de la localisation": "autre", "ID BDGEO": "59", "horodatage": "2022-09-17 20:11:30", "distance (en metres)": 3298.18, "station": "BARBUSSE-LARROUMES", "marker-color": "#818181"}}, {"type": "Feature", "geometry": {"type": "Point", "coordinates": [2.315443, 48.779621]}, "properties": {"numparc": 5917, "etat de la localisation": "autre", "ID BDGEO": "59", "horodatage": "2022-09-17 20:12:10", "distance (en metres)": 893.03, "station": "BARBUSSE-LARROUMES", "marker-color": "#818181"}}, {"type": "Feature", "geometry": {"type": "Point", "coordinates": [2.36556, 48.759441]}, "properties": {"numparc": 5912, "etat de la localisation": "autre", "ID BDGEO": "33", "horodatage": "2022-09-17 20:13:28", "distance (en metres)": 58.7, "station": "PORTE DE THIAIS", "marker-color": "#818181"}}, {"type": "Feature", "geometry": {"type": "Point", "coordinates": [2.314965, 48.782784]}, "properties": {"numparc": 5917, "etat de la localisation": "autre", "ID BDGEO": "59", "horodatage": "2022-09-17 20:13:50", "distance (en metres)": 1138.12, "station": "BARBUSSE-LARROUMES", "marker-color": "#818181"}}, {"type": "Feature", "geometry": {"type": "Point", "coordinates": [2.367168, 48.769108]}, "properties": {"numparc": 5794, "etat de la localisation": "autre", "ID BDGEO": "24", "horodatage": "2022-09-17 20:14:19", "distance (en metres)": 2055.06, "station": "JEAN MERMOZ-GENERAL DE GAULLE", "marker-color": "#818181"}}, {"type": "Feature", "geometry": {"type": "Point", "coordinates": [2.313524, 48.779091]}, "properties": {"numparc": 5917, "etat de la localisation": "autre", "ID BDGEO": "59", "horodatage": "2022-09-17 20:15:22", "distance (en metres)": 991.77, "station": "BARBUSSE-LARROUMES", "marker-color": "#818181"}}, {"type": "Feature", "geometry": {"type": "Point", "coordinates": [2.363171, 48.770588]}, "properties": {"numparc": 5794, "etat de la localisation": "autre", "ID BDGEO": "24", "horodatage": "2022-09-17 20:15:47", "distance (en metres)": 1739.16, "station": "JEAN MERMOZ-GENERAL DE GAULLE", "marker-color": "#818181"}}, {"type": "Feature", "geometry": {"type": "Point", "coordinates": [2.292393, 48.778851]}, "properties": {"numparc": 5934, "etat de la localisation": "autre", "ID BDGEO": "59", "horodatage": "2022-09-17 20:17:07", "distance (en metres)": 2485.63, "station": "BARBUSSE-LARROUMES", "marker-color": "#818181"}}, {"type": "Feature", "geometry": {"type": "Point", "coordinates": [2.357888, 48.771961]}, "properties": {"numparc": 5794, "etat de la localisation": "autre", "ID BDGEO": "24", "horodatage": "2022-09-17 20:17:21", "distance (en metres)": 1338.93, "station": "JEAN MERMOZ-GENERAL DE GAULLE", "marker-color": "#818181"}}, {"type": "Feature", "geometry": {"type": "Point", "coordinates": [2.355161, 48.77116]}, "properties": {"numparc": 5794, "etat de la localisation": "autre", "ID BDGEO": "24", "horodatage": "2022-09-17 20:18:36", "distance (en metres)": 1148.97, "station": "JEAN MERMOZ-GENERAL DE GAULLE", "marker-color": "#818181"}}, {"type": "Feature", "geometry": {"type": "Point", "coordinates": [2.29769, 48.778534]}, "properties": {"numparc": 5917, "etat de la localisation": "autre", "ID BDGEO": "59", "horodatage": "2022-09-17 20:19:55", "distance (en metres)": 2096.68, "station": "BARBUSSE-LARROUMES", "marker-color": "#818181"}}, {"type": "Feature", "geometry": {"type": "Point", "coordinates": [2.349533, 48.771259]}, "properties": {"numparc": 5794, "etat de la localisation": "autre", "ID BDGEO": "24", "horodatage": "2022-09-17 20:20:27", "distance (en metres)": 740.89, "station": "JEAN MERMOZ-GENERAL DE GAULLE", "marker-color": "#818181"}}, {"type": "Feature", "geometry": {"type": "Point", "coordinates": [2.348371, 48.771439]}, "properties": {"numparc": 5794, "etat de la localisation": "autre", "ID BDGEO": "24", "horodatage": "2022-09-17 20:21:06", "distance (en metres)": 653.45, "station": "JEAN MERMOZ-GENERAL DE GAULLE", "marker-color": "#818181"}}, {"type": "Feature", "geometry": {"type": "Point", "coordinates": [2.291116, 48.779034]}, "properties": {"numparc": 5917, "etat de la localisation": "autre", "ID BDGEO": "59", "horodatage": "2022-09-17 20:21:54", "distance (en metres)": 2581.18, "station": "BARBUSSE-LARROUMES", "marker-color": "#818181"}}, {"type": "Feature", "geometry": {"type": "Point", "coordinates": [2.291022, 48.779041]}, "properties": {"numparc": 5917, "etat de la localisation": "autre", "ID BDGEO": "59", "horodatage": "2022-09-17 20:22:13", "distance (en metres)": 2588.12, "station": "BARBUSSE-LARROUMES", "marker-color": "#818181"}}, {"type": "Feature", "geometry": {"type": "Point", "coordinates": [2.343187, 48.772251]}, "properties": {"numparc": 5794, "etat de la localisation": "autre", "ID BDGEO": "24", "horodatage": "2022-09-17 20:22:21", "distance (en metres)": 263.25, "station": "JEAN MERMOZ-GENERAL DE GAULLE", "marker-color": "#818181"}}, {"type": "Feature", "geometry": {"type": "Point", "coordinates": [2.288254, 48.778904]}, "properties": {"numparc": 5917, "etat de la localisation": "autre", "ID BDGEO": "59", "horodatage": "2022-09-17 20:23:02", "distance (en metres)": 2786.72, "station": "BARBUSSE-LARROUMES", "marker-color": "#818181"}}, {"type": "Feature", "geometry": {"type": "Point", "coordinates": [2.316611, 48.779037]}, "properties": {"numparc": 5934, "etat de la localisation": "autre", "ID BDGEO": "59", "horodatage": "2022-09-17 20:23:54", "distance (en metres)": 786.45, "station": "BARBUSSE-LARROUMES", "marker-color": "#818181"}}, {"type": "Feature", "geometry": {"type": "Point", "coordinates": [2.34005, 48.77599]}, "properties": {"numparc": 5794, "etat de la localisation": "autre", "ID BDGEO": "24", "horodatage": "2022-09-17 20:24:56", "distance (en metres)": 371.8, "station": "JEAN MERMOZ-GENERAL DE GAULLE", "marker-color": "#818181"}}, {"type": "Feature", "geometry": {"type": "Point", "coordinates": [2.281483, 48.779785]}, "properties": {"numparc": 5917, "etat de la localisation": "autre", "ID BDGEO": "59", "horodatage": "2022-09-17 20:25:41", "distance (en metres)": 3291.66, "station": "BARBUSSE-LARROUMES", "marker-color": "#818181"}}, {"type": "Feature", "geometry": {"type": "Point", "coordinates": [2.322609, 48.777229]}, "properties": {"numparc": 5934, "etat de la localisation": "autre", "ID BDGEO": "59", "horodatage": "2022-09-17 20:25:44", "distance (en metres)": 307.96, "station": "BARBUSSE-LARROUMES", "marker-color": "#818181"}}, {"type": "Feature", "geometry": {"type": "Point", "coordinates": [2.337263, 48.779968]}, "properties": {"numparc": 5794, "etat de la localisation": "autre", "ID BDGEO": "24", "horodatage": "2022-09-17 20:29:41", "distance (en metres)": 831.61, "station": "JEAN MERMOZ-GENERAL DE GAULLE", "marker-color": "#818181"}}, {"type": "Feature", "geometry": {"type": "Point", "coordinates": [2.337443, 48.778973]}, "properties": {"numparc": 5934, "etat de la localisation": "autre", "ID BDGEO": "60", "horodatage": "2022-09-17 20:31:09", "distance (en metres)": 59.97, "station": "MAIRIE DE L'HAY LES ROSES", "marker-color": "#818181"}}, {"type": "Feature", "geometry": {"type": "Point", "coordinates": [2.387327, 48.753971]}, "properties": {"numparc": 5912, "etat de la localisation": "autre", "ID BDGEO": "4", "horodatage": "2022-09-17 20:31:22", "distance (en metres)": 100.16, "station": "CENTRE BUS DE THIAIS-ENTREE", "marker-color": "#818181"}}, {"type": "Feature", "geometry": {"type": "Point", "coordinates": [2.334578, 48.778145]}, "properties": {"numparc": 5794, "etat de la localisation": "autre", "ID BDGEO": "59", "horodatage": "2022-09-17 20:31:57", "distance (en metres)": 696.01, "station": "BARBUSSE-LARROUMES", "marker-color": "#818181"}}, {"type": "Feature", "geometry": {"type": "Point", "coordinates": [2.387236, 48.753941]}, "properties": {"numparc": 5912, "etat de la localisation": "autre", "ID BDGEO": "4", "horodatage": "2022-09-17 20:32:02", "distance (en metres)": 106.7, "station": "CENTRE BUS DE THIAIS-ENTREE", "marker-color": "#818181"}}, {"type": "Feature", "geometry": {"type": "Point", "coordinates": [2.287933, 48.778759]}, "properties": {"numparc": 5917, "etat de la localisation": "autre", "ID BDGEO": "59", "horodatage": "2022-09-17 20:32:31", "distance (en metres)": 2807.93, "station": "BARBUSSE-LARROUMES", "marker-color": "#818181"}}, {"type": "Feature", "geometry": {"type": "Point", "coordinates": [2.387312, 48.753956]}, "properties": {"numparc": 5912, "etat de la localisation": "autre", "ID BDGEO": "4", "horodatage": "2022-09-17 20:32:48", "distance (en metres)": 101.18, "station": "CENTRE BUS DE THIAIS-ENTREE", "marker-color": "#818181"}}, {"type": "Feature", "geometry": {"type": "Point", "coordinates": [2.330866, 48.776279]}, "properties": {"numparc": 5794, "etat de la localisation": "autre", "ID BDGEO": "59", "horodatage": "2022-09-17 20:32:59", "distance (en metres)": 370.16, "station": "BARBUSSE-LARROUMES", "marker-color": "#818181"}}, {"type": "Feature", "geometry": {"type": "Point", "coordinates": [2.292337, 48.778805]}, "properties": {"numparc": 5917, "etat de la localisation": "autre", "ID BDGEO": "59", "horodatage": "2022-09-17 20:33:45", "distance (en metres)": 2488.94, "station": "BARBUSSE-LARROUMES", "marker-color": "#818181"}}, {"type": "Feature", "geometry": {"type": "Point", "coordinates": [2.344159, 48.772114]}, "properties": {"numparc": 5934, "etat de la localisation": "autre", "ID BDGEO": "24", "horodatage": "2022-09-17 20:35:57", "distance (en metres)": 336.04, "station": "JEAN MERMOZ-GENERAL DE GAULLE", "marker-color": "#818181"}}, {"type": "Feature", "geometry": {"type": "Point", "coordinates": [2.32183, 48.777557]}, "properties": {"numparc": 5794, "etat de la localisation": "autre", "ID BDGEO": "59", "horodatage": "2022-09-17 20:36:07", "distance (en metres)": 375.49, "station": "BARBUSSE-LARROUMES", "marker-color": "#818181"}}, {"type": "Feature", "geometry": {"type": "Point", "coordinates": [2.387836, 48.754047]}, "properties": {"numparc": 5912, "etat de la localisation": "autre", "ID BDGEO": "4", "horodatage": "2022-09-17 20:36:49", "distance (en metres)": 64.21, "station": "CENTRE BUS DE THIAIS-ENTREE", "marker-color": "#818181"}}, {"type": "Feature", "geometry": {"type": "Point", "coordinates": [2.347976, 48.771488]}, "properties": {"numparc": 5934, "etat de la localisation": "autre", "ID BDGEO": "24", "horodatage": "2022-09-17 20:36:51", "distance (en metres)": 623.98, "station": "JEAN MERMOZ-GENERAL DE GAULLE", "marker-color": "#818181"}}, {"type": "Feature", "geometry": {"type": "Point", "coordinates": [2.308296, 48.777275]}, "properties": {"numparc": 5917, "etat de la localisation": "autre", "ID BDGEO": "59", "horodatage": "2022-09-17 20:37:24", "distance (en metres)": 1307.24, "station": "BARBUSSE-LARROUMES", "marker-color": "#818181"}}, {"type": "Feature", "geometry": {"type": "Point", "coordinates": [2.350617, 48.770702]}, "properties": {"numparc": 5934, "etat de la localisation": "autre", "ID BDGEO": "24", "horodatage": "2022-09-17 20:37:47", "distance (en metres)": 832.7, "station": "JEAN MERMOZ-GENERAL DE GAULLE", "marker-color": "#818181"}}, {"type": "Feature", "geometry": {"type": "Point", "coordinates": [2.355435, 48.771275]}, "properties": {"numparc": 5934, "etat de la localisation": "autre", "ID BDGEO": "24", "horodatage": "2022-09-17 20:38:59", "distance (en metres)": 1167.09, "station": "JEAN MERMOZ-GENERAL DE GAULLE", "marker-color": "#818181"}}, {"type": "Feature", "geometry": {"type": "Point", "coordinates": [2.3155, 48.77972]}, "properties": {"numparc": 5794, "etat de la localisation": "autre", "ID BDGEO": "59", "horodatage": "2022-09-17 20:39:12", "distance (en metres)": 895.12, "station": "BARBUSSE-LARROUMES", "marker-color": "#818181"}}, {"type": "Feature", "geometry": {"type": "Point", "coordinates": [2.359446, 48.771793]}, "properties": {"numparc": 5934, "etat de la localisation": "autre", "ID BDGEO": "24", "horodatage": "2022-09-17 20:40:22", "distance (en metres)": 1454.05, "station": "JEAN MERMOZ-GENERAL DE GAULLE", "marker-color": "#818181"}}, {"type": "Feature", "geometry": {"type": "Point", "coordinates": [2.314936, 48.782719]}, "properties": {"numparc": 5794, "etat de la localisation": "autre", "ID BDGEO": "59", "horodatage": "2022-09-17 20:40:48", "distance (en metres)": 1134.54, "station": "BARBUSSE-LARROUMES", "marker-color": "#818181"}}, {"type": "Feature", "geometry": {"type": "Point", "coordinates": [2.316602, 48.779022]}, "properties": {"numparc": 5917, "etat de la localisation": "autre", "ID BDGEO": "59", "horodatage": "2022-09-17 20:41:32", "distance (en metres)": 786.19, "station": "BARBUSSE-LARROUMES", "marker-color": "#818181"}}, {"type": "Feature", "geometry": {"type": "Point", "coordinates": [2.387842, 48.755886]}, "properties": {"numparc": 5912, "etat de la localisation": "autre", "ID BDGEO": "4", "horodatage": "2022-09-17 20:41:35", "distance (en metres)": 226.98, "station": "CENTRE BUS DE THIAIS-ENTREE", "marker-color": "#818181"}}, {"type": "Feature", "geometry": {"type": "Point", "coordinates": [2.363949, 48.770241]}, "properties": {"numparc": 5934, "etat de la localisation": "autre", "ID BDGEO": "24", "horodatage": "2022-09-17 20:41:47", "distance (en metres)": 1801.04, "station": "JEAN MERMOZ-GENERAL DE GAULLE", "marker-color": "#818181"}}, {"type": "Feature", "geometry": {"type": "Point", "coordinates": [2.313472, 48.779083]}, "properties": {"numparc": 5794, "etat de la localisation": "autre", "ID BDGEO": "59", "horodatage": "2022-09-17 20:42:31", "distance (en metres)": 994.92, "station": "BARBUSSE-LARROUMES", "marker-color": "#818181"}}, {"type": "Feature", "geometry": {"type": "Point", "coordinates": [2.313241, 48.776669]}, "properties": {"numparc": 5794, "etat de la localisation": "autre", "ID BDGEO": "59", "horodatage": "2022-09-17 20:43:39", "distance (en metres)": 939.0, "station": "BARBUSSE-LARROUMES", "marker-color": "#818181"}}, {"type": "Feature", "geometry": {"type": "Point", "coordinates": [2.367861, 48.768227]}, "properties": {"numparc": 5934, "etat de la localisation": "autre", "ID BDGEO": "24", "horodatage": "2022-09-17 20:43:48", "distance (en metres)": 2125.49, "station": "JEAN MERMOZ-GENERAL DE GAULLE", "marker-color": "#818181"}}, {"type": "Feature", "geometry": {"type": "Point", "coordinates": [2.387932, 48.755901]}, "properties": {"numparc": 5912, "etat de la localisation": "autre", "ID BDGEO": "4", "horodatage": "2022-09-17 20:43:55", "distance (en metres)": 226.9, "station": "CENTRE BUS DE THIAIS-ENTREE", "marker-color": "#818181"}}, {"type": "Feature", "geometry": {"type": "Point", "coordinates": [2.322555, 48.777153]}, "properties": {"numparc": 5917, "etat de la localisation": "autre", "ID BDGEO": "59", "horodatage": "2022-09-17 20:44:01", "distance (en metres)": 306.06, "station": "BARBUSSE-LARROUMES", "marker-color": "#818181"}}, {"type": "Feature", "geometry": {"type": "Point", "coordinates": [2.368092, 48.765213]}, "properties": {"numparc": 5934, "etat de la localisation": "autre", "ID BDGEO": "24", "horodatage": "2022-09-17 20:44:38", "distance (en metres)": 2242.92, "station": "JEAN MERMOZ-GENERAL DE GAULLE", "marker-color": "#818181"}}, {"type": "Feature", "geometry": {"type": "Point", "coordinates": [2.302948, 48.778404]}, "properties": {"numparc": 5794, "etat de la localisation": "autre", "ID BDGEO": "59", "horodatage": "2022-09-17 20:45:54", "distance (en metres)": 1714.63, "station": "BARBUSSE-LARROUMES", "marker-color": "#818181"}}, {"type": "Feature", "geometry": {"type": "Point", "coordinates": [2.369387, 48.763058]}, "properties": {"numparc": 5934, "etat de la localisation": "autre", "ID BDGEO": "24", "horodatage": "2022-09-17 20:46:10", "distance (en metres)": 2426.87, "station": "JEAN MERMOZ-GENERAL DE GAULLE", "marker-color": "#818181"}}, {"type": "Feature", "geometry": {"type": "Point", "coordinates": [2.29099, 48.779026]}, "properties": {"numparc": 5794, "etat de la localisation": "autre", "ID BDGEO": "59", "horodatage": "2022-09-17 20:48:25", "distance (en metres)": 2590.18, "station": "BARBUSSE-LARROUMES", "marker-color": "#818181"}}, {"type": "Feature", "geometry": {"type": "Point", "coordinates": [2.337585, 48.778942]}, "properties": {"numparc": 5917, "etat de la localisation": "autre", "ID BDGEO": "60", "horodatage": "2022-09-17 20:49:26", "distance (en metres)": 70.7, "station": "MAIRIE DE L'HAY LES ROSES", "marker-color": "#818181"}}, {"type": "Feature", "geometry": {"type": "Point", "coordinates": [2.288139, 48.778858]}, "properties": {"numparc": 5794, "etat de la localisation": "autre", "ID BDGEO": "59", "horodatage": "2022-09-17 20:49:51", "distance (en metres)": 2794.4, "station": "BARBUSSE-LARROUMES", "marker-color": "#818181"}}, {"type": "Feature", "geometry": {"type": "Point", "coordinates": [2.344144, 48.772091]}, "properties": {"numparc": 5917, "etat de la localisation": "autre", "ID BDGEO": "24", "horodatage": "2022-09-17 20:53:21", "distance (en metres)": 335.44, "station": "JEAN MERMOZ-GENERAL DE GAULLE", "marker-color": "#818181"}}, {"type": "Feature", "geometry": {"type": "Point", "coordinates": [2.347883, 48.771465]}, "properties": {"numparc": 5917, "etat de la localisation": "autre", "ID BDGEO": "24", "horodatage": "2022-09-17 20:54:40", "distance (en metres)": 617.86, "station": "JEAN MERMOZ-GENERAL DE GAULLE", "marker-color": "#818181"}}, {"type": "Feature", "geometry": {"type": "Point", "coordinates": [2.350569, 48.770695]}, "properties": {"numparc": 5917, "etat de la localisation": "autre", "ID BDGEO": "24", "horodatage": "2022-09-17 20:55:46", "distance (en metres)": 829.54, "station": "JEAN MERMOZ-GENERAL DE GAULLE", "marker-color": "#818181"}}, {"type": "Feature", "geometry": {"type": "Point", "coordinates": [2.35544, 48.771278]}, "properties": {"numparc": 5917, "etat de la localisation": "autre", "ID BDGEO": "24", "horodatage": "2022-09-17 20:56:53", "distance (en metres)": 1167.4, "station": "JEAN MERMOZ-GENERAL DE GAULLE", "marker-color": "#818181"}}, {"type": "Feature", "geometry": {"type": "Point", "coordinates": [2.292387, 48.778858]}, "properties": {"numparc": 5794, "etat de la localisation": "autre", "ID BDGEO": "13", "horodatage": "2022-09-17 20:57:00", "distance (en metres)": 49.48, "station": "FONTENAY-HOUDAN", "marker-color": "#818181"}}, {"type": "Feature", "geometry": {"type": "Point", "coordinates": [2.359424, 48.771797]}, "properties": {"numparc": 5917, "etat de la localisation": "autre", "ID BDGEO": "24", "horodatage": "2022-09-17 20:58:02", "distance (en metres)": 1452.41, "station": "JEAN MERMOZ-GENERAL DE GAULLE", "marker-color": "#818181"}}, {"type": "Feature", "geometry": {"type": "Point", "coordinates": [2.363947, 48.770233]}, "properties": {"numparc": 5917, "etat de la localisation": "autre", "ID BDGEO": "24", "horodatage": "2022-09-17 20:59:27", "distance (en metres)": 1801.01, "station": "JEAN MERMOZ-GENERAL DE GAULLE", "marker-color": "#818181"}}, {"type": "Feature", "geometry": {"type": "Point", "coordinates": [2.368067, 48.765259]}, "properties": {"numparc": 5917, "etat de la localisation": "autre", "ID BDGEO": "24", "horodatage": "2022-09-17 21:00:55", "distance (en metres)": 2239.34, "station": "JEAN MERMOZ-GENERAL DE GAULLE", "marker-color": "#818181"}}, {"type": "Feature", "geometry": {"type": "Point", "coordinates": [2.369382, 48.759468]}, "properties": {"numparc": 5917, "etat de la localisation": "autre", "ID BDGEO": "24", "horodatage": "2022-09-17 21:04:27", "distance (en metres)": 2626.75, "station": "JEAN MERMOZ-GENERAL DE GAULLE", "marker-color": "#818181"}}, {"type": "Feature", "geometry": {"type": "Point", "coordinates": [2.337776, 48.778912]}, "properties": {"numparc": 5794, "etat de la localisation": "autre", "ID BDGEO": "60", "horodatage": "2022-09-17 21:12:00", "distance (en metres)": 85.04, "station": "MAIRIE DE L'HAY LES ROSES", "marker-color": "#818181"}}, {"type": "Feature", "geometry": {"type": "Point", "coordinates": [2.292395, 48.778816]}, "properties": {"numparc": 5917, "etat de la localisation": "autre", "ID BDGEO": "13", "horodatage": "2022-09-17 22:03:29", "distance (en metres)": 49.45, "station": "FONTENAY-HOUDAN", "marker-color": "#818181"}}, {"type": "Feature", "geometry": {"type": "Point", "coordinates": [2.337611, 48.778904]}, "properties": {"numparc": 5917, "etat de la localisation": "autre", "ID BDGEO": "60", "horodatage": "2022-09-17 22:19:04", "distance (en metres)": 73.27, "station": "MAIRIE DE L'HAY LES ROSES", "marker-color": "#818181"}}, {"type": "Feature", "geometry": {"type": "Point", "coordinates": [2.292379, 48.778885]}, "properties": {"numparc": 5794, "etat de la localisation": "autre", "ID BDGEO": "13", "horodatage": "2022-09-17 22:45:05", "distance (en metres)": 49.53, "station": "FONTENAY-HOUDAN", "marker-color": "#818181"}}, {"type": "Feature", "geometry": {"type": "Point", "coordinates": [2.312285, 48.776402]}, "properties": {"numparc": 5794, "etat de la localisation": "autre", "ID BDGEO": "17", "horodatage": "2022-09-17 22:51:00", "distance (en metres)": 41.96, "station": "PETIT CHAMBORD", "marker-color": "#818181"}}, {"type": "Feature", "geometry": {"type": "Point", "coordinates": [2.337615, 48.778946]}, "properties": {"numparc": 5794, "etat de la localisation": "autre", "ID BDGEO": "60", "horodatage": "2022-09-17 23:01:18", "distance (en metres)": 72.83, "station": "MAIRIE DE L'HAY LES ROSES", "marker-color": "#818181"}}, {"type": "Feature", "geometry": {"type": "Point", "coordinates": [2.337646, 48.778889]}, "properties": {"numparc": 5907, "etat de la localisation": "autre", "ID BDGEO": "60", "horodatage": "2022-09-17 23:41:39", "distance (en metres)": 76.13, "station": "MAIRIE DE L'HAY LES ROSES", "marker-color": "#818181"}}, {"type": "Feature", "geometry": {"type": "Point", "coordinates": [2.36786, 48.768177]}, "properties": {"numparc": 5907, "etat de la localisation": "autre", "ID BDGEO": "29", "horodatage": "2022-09-17 23:51:57", "distance (en metres)": 40.91, "station": "BRETAGNE", "marker-color": "#818181"}}, {"type": "Feature", "geometry": {"type": "Point", "coordinates": [2.337623, 48.778927]}, "properties": {"numparc": 5917, "etat de la localisation": "autre", "ID BDGEO": "60", "horodatage": "2022-09-18 00:28:42", "distance (en metres)": 73.7, "station": "MAIRIE DE L'HAY LES ROSES", "marker-color": "#818181"}}, {"type": "Feature", "geometry": {"type": "Point", "coordinates": [2.281446, 48.779785]}, "properties": {"numparc": 5794, "etat de la localisation": "autre", "ID BDGEO": "6", "horodatage": "2022-09-18 00:34:00", "distance (en metres)": 5852.76, "station": "MARCHE INTERNATIONAL DE RUNGIS#", "marker-color": "#818181"}}, {"type": "Feature", "geometry": {"type": "Point", "coordinates": [2.281452, 48.779778]}, "properties": {"numparc": 5794, "etat de la localisation": "autre", "ID BDGEO": "6", "horodatage": "2022-09-18 00:34:58", "distance (en metres)": 5852.08, "station": "MARCHE INTERNATIONAL DE RUNGIS#", "marker-color": "#818181"}}, {"type": "Feature", "geometry": {"type": "Point", "coordinates": [2.387189, 48.753918]}, "properties": {"numparc": 5794, "etat de la localisation": "autre", "ID BDGEO": "4", "horodatage": "2022-09-18 00:58:43", "distance (en metres)": 110.14, "station": "CENTRE BUS DE THIAIS-ENTREE", "marker-color": "#818181"}}, {"type": "Feature", "geometry": {"type": "Point", "coordinates": [2.387723, 48.754093]}, "properties": {"numparc": 5794, "etat de la localisation": "autre", "ID BDGEO": "4", "horodatage": "2022-09-18 01:03:11", "distance (en metres)": 73.47, "station": "CENTRE BUS DE THIAIS-ENTREE", "marker-color": "#818181"}}, {"type": "Feature", "geometry": {"type": "Point", "coordinates": [2.387855, 48.755985]}, "properties": {"numparc": 5794, "etat de la localisation": "autre", "ID BDGEO": "4", "horodatage": "2022-09-18 01:07:42", "distance (en metres)": 237.36, "station": "CENTRE BUS DE THIAIS-ENTREE", "marker-color": "#818181"}}, {"type": "Feature", "geometry": {"type": "Point", "coordinates": [2.387383, 48.753933]}, "properties": {"numparc": 5907, "etat de la localisation": "autre", "ID BDGEO": "32", "horodatage": "2022-09-18 01:30:05", "distance (en metres)": 1447.35, "station": "LE COR DE CHASSE", "marker-color": "#818181"}}, {"type": "Feature", "geometry": {"type": "Point", "coordinates": [2.387742, 48.753967]}, "properties": {"numparc": 5907, "etat de la localisation": "autre", "ID BDGEO": "32", "horodatage": "2022-09-18 01:38:25", "distance (en metres)": 1469.68, "station": "LE COR DE CHASSE", "marker-color": "#818181"}}, {"type": "Feature", "geometry": {"type": "Point", "coordinates": [2.387739, 48.756001]}, "properties": {"numparc": 5907, "etat de la localisation": "autre", "ID BDGEO": "32", "horodatage": "2022-09-18 01:42:25", "distance (en metres)": 1391.63, "station": "LE COR DE CHASSE", "marker-color": "#818181"}}, {"type": "Feature", "geometry": {"type": "Point", "coordinates": [2.369474, 48.759413]}, "properties": {"station": "LE COR DE CHASSE", "ID BDGEO": "32", "marker-color": "#56B3FF"}}, {"type": "Feature", "geometry": {"type": "Point", "coordinates": [2.387782, 48.755191]}, "properties": {"station": "CENTRE BUS DE THIAIS-SORTIE", "ID BDGEO": "68", "marker-color": "#56B3FF"}}, {"type": "Feature", "geometry": {"type": "Point", "coordinates": [2.366361, 48.759449]}, "properties": {"station": "PORTE DE THIAIS", "ID BDGEO": "33", "marker-color": "#56B3FF"}}, {"type": "Feature", "geometry": {"type": "Point", "coordinates": [2.336629, 48.779029]}, "properties": {"station": "MAIRIE DE L'HAY LES ROSES", "ID BDGEO": "60", "marker-color": "#56B3FF"}}, {"type": "Feature", "geometry": {"type": "Point", "coordinates": [2.388691, 48.753923]}, "properties": {"station": "CENTRE BUS DE THIAIS-ENTREE", "ID BDGEO": "4", "marker-color": "#56B3FF"}}, {"type": "Feature", "geometry": {"type": "Point", "coordinates": [2.291723, 48.778778]}, "properties": {"station": "FONTENAY-HOUDAN", "ID BDGEO": "13", "marker-color": "#56B3FF"}}, {"type": "Feature", "geometry": {"type": "Point", "coordinates": [2.32594, 48.775541]}, "properties": {"station": "BARBUSSE-LARROUMES", "ID BDGEO": "59", "marker-color": "#56B3FF"}}, {"type": "Feature", "geometry": {"type": "Point", "coordinates": [2.339648, 48.772656]}, "properties": {"station": "JEAN MERMOZ-GENERAL DE GAULLE", "ID BDGEO": "24", "marker-color": "#56B3FF"}}, {"type": "Feature", "geometry": {"type": "Point", "coordinates": [2.340002, 48.776045]}, "properties": {"station": "TOURNELLES", "ID BDGEO": "23", "marker-color": "#56B3FF"}}, {"type": "Feature", "geometry": {"type": "Point", "coordinates": [2.281427, 48.779735]}, "properties": {"station": "ROBINSON RER#", "ID BDGEO": "77", "marker-color": "#56B3FF"}}, {"type": "Feature", "geometry": {"type": "Point", "coordinates": [2.312844, 48.776321]}, "properties": {"station": "PETIT CHAMBORD", "ID BDGEO": "17", "marker-color": "#56B3FF"}}, {"type": "Feature", "geometry": {"type": "Point", "coordinates": [2.367862, 48.768545]}, "properties": {"station": "BRETAGNE", "ID BDGEO": "29", "marker-color": "#56B3FF"}}, {"type": "Feature", "geometry": {"type": "Point", "coordinates": [2.357322, 48.763361]}, "properties": {"station": "MARCHE INTERNATIONAL DE RUNGIS#", "ID BDGEO": "6", "marker-color": "#56B3FF"}}]}