{"type": "FeatureCollection", "features": [{"type": "Feature", "geometry": {"type": "Point", "coordinates": [2.328523, 48.823658]}, "properties": {"numparc": 1417, "etat de la localisation": "autre", "ID BDGEO": "657", "horodatage": "2021-08-10 05:21:12", "distance (en metres)": 65.19, "station": "CENTRE BUS DE MONTROUGE-SORTIE", "marker-color": "#818181"}}, {"type": "Feature", "geometry": {"type": "Point", "coordinates": [2.324719, 48.821449]}, "properties": {"numparc": 1417, "etat de la localisation": "autre", "ID BDGEO": "223", "horodatage": "2021-08-10 05:26:32", "distance (en metres)": 48.97, "station": "PORTE D'ORLEANS", "marker-color": "#818181"}}, {"type": "Feature", "geometry": {"type": "Point", "coordinates": [2.329669, 48.822605]}, "properties": {"numparc": 1415, "etat de la localisation": "autre", "ID BDGEO": "223", "horodatage": "2021-08-10 05:41:25", "distance (en metres)": 362.45, "station": "PORTE D'ORLEANS", "marker-color": "#818181"}}, {"type": "Feature", "geometry": {"type": "Point", "coordinates": [2.329669, 48.822605]}, "properties": {"numparc": 1415, "etat de la localisation": "autre", "ID BDGEO": "223", "horodatage": "2021-08-10 05:41:25", "distance (en metres)": 362.45, "station": "PORTE D'ORLEANS", "marker-color": "#818181"}}, {"type": "Feature", "geometry": {"type": "Point", "coordinates": [2.324687, 48.821449]}, "properties": {"numparc": 1411, "etat de la localisation": "autre", "ID BDGEO": "223", "horodatage": "2021-08-10 05:41:26", "distance (en metres)": 49.46, "station": "PORTE D'ORLEANS", "marker-color": "#818181"}}, {"type": "Feature", "geometry": {"type": "Point", "coordinates": [2.324687, 48.821449]}, "properties": {"numparc": 1411, "etat de la localisation": "autre", "ID BDGEO": "223", "horodatage": "2021-08-10 05:41:26", "distance (en metres)": 49.46, "station": "PORTE D'ORLEANS", "marker-color": "#818181"}}, {"type": "Feature", "geometry": {"type": "Point", "coordinates": [2.324687, 48.821449]}, "properties": {"numparc": 1411, "etat de la localisation": "autre", "ID BDGEO": "223", "horodatage": "2021-08-10 05:42:44", "distance (en metres)": 49.46, "station": "PORTE D'ORLEANS", "marker-color": "#818181"}}, {"type": "Feature", "geometry": {"type": "Point", "coordinates": [2.324687, 48.821449]}, "properties": {"numparc": 1411, "etat de la localisation": "autre", "ID BDGEO": "223", "horodatage": "2021-08-10 05:42:44", "distance (en metres)": 49.46, "station": "PORTE D'ORLEANS", "marker-color": "#818181"}}, {"type": "Feature", "geometry": {"type": "Point", "coordinates": [2.317348, 48.797443]}, "properties": {"numparc": 1411, "etat de la localisation": "autre", "ID BDGEO": "114", "horodatage": "2021-08-10 05:56:22", "distance (en metres)": 98.38, "station": "PASTEUR-MEUNIERS", "marker-color": "#818181"}}, {"type": "Feature", "geometry": {"type": "Point", "coordinates": [2.317348, 48.797443]}, "properties": {"numparc": 1411, "etat de la localisation": "autre", "ID BDGEO": "114", "horodatage": "2021-08-10 05:56:22", "distance (en metres)": 98.38, "station": "PASTEUR-MEUNIERS", "marker-color": "#818181"}}, {"type": "Feature", "geometry": {"type": "Point", "coordinates": [2.324671, 48.821445]}, "properties": {"numparc": 1415, "etat de la localisation": "autre", "ID BDGEO": "223", "horodatage": "2021-08-10 05:57:17", "distance (en metres)": 50.15, "station": "PORTE D'ORLEANS", "marker-color": "#818181"}}, {"type": "Feature", "geometry": {"type": "Point", "coordinates": [2.324671, 48.821445]}, "properties": {"numparc": 1415, "etat de la localisation": "autre", "ID BDGEO": "223", "horodatage": "2021-08-10 05:57:17", "distance (en metres)": 50.15, "station": "PORTE D'ORLEANS", "marker-color": "#818181"}}, {"type": "Feature", "geometry": {"type": "Point", "coordinates": [2.324676, 48.82143]}, "properties": {"numparc": 1415, "etat de la localisation": "autre", "ID BDGEO": "223", "horodatage": "2021-08-10 05:59:57", "distance (en metres)": 51.7, "station": "PORTE D'ORLEANS", "marker-color": "#818181"}}, {"type": "Feature", "geometry": {"type": "Point", "coordinates": [2.324676, 48.82143]}, "properties": {"numparc": 1415, "etat de la localisation": "autre", "ID BDGEO": "223", "horodatage": "2021-08-10 05:59:57", "distance (en metres)": 51.7, "station": "PORTE D'ORLEANS", "marker-color": "#818181"}}, {"type": "Feature", "geometry": {"type": "Point", "coordinates": [2.317319, 48.797443]}, "properties": {"numparc": 1415, "etat de la localisation": "autre", "ID BDGEO": "114", "horodatage": "2021-08-10 06:09:53", "distance (en metres)": 98.6, "station": "PASTEUR-MEUNIERS", "marker-color": "#818181"}}, {"type": "Feature", "geometry": {"type": "Point", "coordinates": [2.317319, 48.797443]}, "properties": {"numparc": 1415, "etat de la localisation": "autre", "ID BDGEO": "114", "horodatage": "2021-08-10 06:09:53", "distance (en metres)": 98.6, "station": "PASTEUR-MEUNIERS", "marker-color": "#818181"}}, {"type": "Feature", "geometry": {"type": "Point", "coordinates": [2.325566, 48.821423]}, "properties": {"numparc": 1417, "etat de la localisation": "autre", "ID BDGEO": "223", "horodatage": "2021-08-10 06:20:36", "distance (en metres)": 73.67, "station": "PORTE D'ORLEANS", "marker-color": "#818181"}}, {"type": "Feature", "geometry": {"type": "Point", "coordinates": [2.325569, 48.821419]}, "properties": {"numparc": 1411, "etat de la localisation": "autre", "ID BDGEO": "223", "horodatage": "2021-08-10 06:32:37", "distance (en metres)": 74.12, "station": "PORTE D'ORLEANS", "marker-color": "#818181"}}, {"type": "Feature", "geometry": {"type": "Point", "coordinates": [2.325569, 48.821419]}, "properties": {"numparc": 1411, "etat de la localisation": "autre", "ID BDGEO": "223", "horodatage": "2021-08-10 06:32:37", "distance (en metres)": 74.12, "station": "PORTE D'ORLEANS", "marker-color": "#818181"}}, {"type": "Feature", "geometry": {"type": "Point", "coordinates": [2.324695, 48.821449]}, "properties": {"numparc": 1411, "etat de la localisation": "autre", "ID BDGEO": "223", "horodatage": "2021-08-10 06:34:37", "distance (en metres)": 49.32, "station": "PORTE D'ORLEANS", "marker-color": "#818181"}}, {"type": "Feature", "geometry": {"type": "Point", "coordinates": [2.324695, 48.821449]}, "properties": {"numparc": 1411, "etat de la localisation": "autre", "ID BDGEO": "223", "horodatage": "2021-08-10 06:34:37", "distance (en metres)": 49.32, "station": "PORTE D'ORLEANS", "marker-color": "#818181"}}, {"type": "Feature", "geometry": {"type": "Point", "coordinates": [2.317305, 48.797466]}, "properties": {"numparc": 1417, "etat de la localisation": "autre", "ID BDGEO": "114", "horodatage": "2021-08-10 06:41:12", "distance (en metres)": 96.2, "station": "PASTEUR-MEUNIERS", "marker-color": "#818181"}}, {"type": "Feature", "geometry": {"type": "Point", "coordinates": [2.309933, 48.785126]}, "properties": {"numparc": 1417, "etat de la localisation": "autre", "ID BDGEO": "5", "horodatage": "2021-08-10 06:47:12", "distance (en metres)": 88.27, "station": "LES BAS COQUARTS", "marker-color": "#818181"}}, {"type": "Feature", "geometry": {"type": "Point", "coordinates": [2.325548, 48.821369]}, "properties": {"numparc": 1415, "etat de la localisation": "autre", "ID BDGEO": "223", "horodatage": "2021-08-10 06:47:36", "distance (en metres)": 77.01, "station": "PORTE D'ORLEANS", "marker-color": "#818181"}}, {"type": "Feature", "geometry": {"type": "Point", "coordinates": [2.325548, 48.821369]}, "properties": {"numparc": 1415, "etat de la localisation": "autre", "ID BDGEO": "223", "horodatage": "2021-08-10 06:47:36", "distance (en metres)": 77.01, "station": "PORTE D'ORLEANS", "marker-color": "#818181"}}, {"type": "Feature", "geometry": {"type": "Point", "coordinates": [2.324773, 48.821423]}, "properties": {"numparc": 1415, "etat de la localisation": "autre", "ID BDGEO": "223", "horodatage": "2021-08-10 06:49:36", "distance (en metres)": 51.37, "station": "PORTE D'ORLEANS", "marker-color": "#818181"}}, {"type": "Feature", "geometry": {"type": "Point", "coordinates": [2.324773, 48.821423]}, "properties": {"numparc": 1415, "etat de la localisation": "autre", "ID BDGEO": "223", "horodatage": "2021-08-10 06:49:36", "distance (en metres)": 51.37, "station": "PORTE D'ORLEANS", "marker-color": "#818181"}}, {"type": "Feature", "geometry": {"type": "Point", "coordinates": [2.324773, 48.821423]}, "properties": {"numparc": 1415, "etat de la localisation": "autre", "ID BDGEO": "223", "horodatage": "2021-08-10 06:50:13", "distance (en metres)": 51.37, "station": "PORTE D'ORLEANS", "marker-color": "#818181"}}, {"type": "Feature", "geometry": {"type": "Point", "coordinates": [2.324773, 48.821423]}, "properties": {"numparc": 1415, "etat de la localisation": "autre", "ID BDGEO": "223", "horodatage": "2021-08-10 06:50:13", "distance (en metres)": 51.37, "station": "PORTE D'ORLEANS", "marker-color": "#818181"}}, {"type": "Feature", "geometry": {"type": "Point", "coordinates": [2.324773, 48.821423]}, "properties": {"numparc": 1415, "etat de la localisation": "autre", "ID BDGEO": "223", "horodatage": "2021-08-10 06:50:24", "distance (en metres)": 51.37, "station": "PORTE D'ORLEANS", "marker-color": "#818181"}}, {"type": "Feature", "geometry": {"type": "Point", "coordinates": [2.324773, 48.821423]}, "properties": {"numparc": 1415, "etat de la localisation": "autre", "ID BDGEO": "223", "horodatage": "2021-08-10 06:50:24", "distance (en metres)": 51.37, "station": "PORTE D'ORLEANS", "marker-color": "#818181"}}, {"type": "Feature", "geometry": {"type": "Point", "coordinates": [2.324773, 48.821423]}, "properties": {"numparc": 1415, "etat de la localisation": "autre", "ID BDGEO": "223", "horodatage": "2021-08-10 06:51:07", "distance (en metres)": 51.37, "station": "PORTE D'ORLEANS", "marker-color": "#818181"}}, {"type": "Feature", "geometry": {"type": "Point", "coordinates": [2.324773, 48.821423]}, "properties": {"numparc": 1415, "etat de la localisation": "autre", "ID BDGEO": "223", "horodatage": "2021-08-10 06:51:07", "distance (en metres)": 51.37, "station": "PORTE D'ORLEANS", "marker-color": "#818181"}}, {"type": "Feature", "geometry": {"type": "Point", "coordinates": [2.317318, 48.797455]}, "properties": {"numparc": 1411, "etat de la localisation": "autre", "ID BDGEO": "114", "horodatage": "2021-08-10 06:53:38", "distance (en metres)": 97.35, "station": "PASTEUR-MEUNIERS", "marker-color": "#818181"}}, {"type": "Feature", "geometry": {"type": "Point", "coordinates": [2.317318, 48.797455]}, "properties": {"numparc": 1411, "etat de la localisation": "autre", "ID BDGEO": "114", "horodatage": "2021-08-10 06:53:38", "distance (en metres)": 97.35, "station": "PASTEUR-MEUNIERS", "marker-color": "#818181"}}, {"type": "Feature", "geometry": {"type": "Point", "coordinates": [2.324773, 48.821423]}, "properties": {"numparc": 1415, "etat de la localisation": "autre", "ID BDGEO": "223", "horodatage": "2021-08-10 06:55:55", "distance (en metres)": 51.37, "station": "PORTE D'ORLEANS", "marker-color": "#818181"}}, {"type": "Feature", "geometry": {"type": "Point", "coordinates": [2.324773, 48.821423]}, "properties": {"numparc": 1415, "etat de la localisation": "autre", "ID BDGEO": "223", "horodatage": "2021-08-10 06:55:55", "distance (en metres)": 51.37, "station": "PORTE D'ORLEANS", "marker-color": "#818181"}}, {"type": "Feature", "geometry": {"type": "Point", "coordinates": [2.324773, 48.821423]}, "properties": {"numparc": 1415, "etat de la localisation": "autre", "ID BDGEO": "223", "horodatage": "2021-08-10 06:56:51", "distance (en metres)": 51.37, "station": "PORTE D'ORLEANS", "marker-color": "#818181"}}, {"type": "Feature", "geometry": {"type": "Point", "coordinates": [2.324773, 48.821423]}, "properties": {"numparc": 1415, "etat de la localisation": "autre", "ID BDGEO": "223", "horodatage": "2021-08-10 06:56:51", "distance (en metres)": 51.37, "station": "PORTE D'ORLEANS", "marker-color": "#818181"}}, {"type": "Feature", "geometry": {"type": "Point", "coordinates": [2.317308, 48.797455]}, "properties": {"numparc": 1415, "etat de la localisation": "autre", "ID BDGEO": "114", "horodatage": "2021-08-10 07:07:34", "distance (en metres)": 97.44, "station": "PASTEUR-MEUNIERS", "marker-color": "#818181"}}, {"type": "Feature", "geometry": {"type": "Point", "coordinates": [2.317308, 48.797455]}, "properties": {"numparc": 1415, "etat de la localisation": "autre", "ID BDGEO": "114", "horodatage": "2021-08-10 07:07:34", "distance (en metres)": 97.44, "station": "PASTEUR-MEUNIERS", "marker-color": "#818181"}}, {"type": "Feature", "geometry": {"type": "Point", "coordinates": [2.325555, 48.821373]}, "properties": {"numparc": 1417, "etat de la localisation": "autre", "ID BDGEO": "223", "horodatage": "2021-08-10 07:24:09", "distance (en metres)": 77.05, "station": "PORTE D'ORLEANS", "marker-color": "#818181"}}, {"type": "Feature", "geometry": {"type": "Point", "coordinates": [2.324767, 48.821438]}, "properties": {"numparc": 1417, "etat de la localisation": "autre", "ID BDGEO": "223", "horodatage": "2021-08-10 07:30:38", "distance (en metres)": 49.72, "station": "PORTE D'ORLEANS", "marker-color": "#818181"}}, {"type": "Feature", "geometry": {"type": "Point", "coordinates": [2.32554, 48.821384]}, "properties": {"numparc": 1411, "etat de la localisation": "autre", "ID BDGEO": "223", "horodatage": "2021-08-10 07:33:14", "distance (en metres)": 75.37, "station": "PORTE D'ORLEANS", "marker-color": "#818181"}}, {"type": "Feature", "geometry": {"type": "Point", "coordinates": [2.32554, 48.821384]}, "properties": {"numparc": 1411, "etat de la localisation": "autre", "ID BDGEO": "223", "horodatage": "2021-08-10 07:33:14", "distance (en metres)": 75.37, "station": "PORTE D'ORLEANS", "marker-color": "#818181"}}, {"type": "Feature", "geometry": {"type": "Point", "coordinates": [2.324753, 48.821438]}, "properties": {"numparc": 1417, "etat de la localisation": "autre", "ID BDGEO": "223", "horodatage": "2021-08-10 07:36:10", "distance (en metres)": 49.84, "station": "PORTE D'ORLEANS", "marker-color": "#818181"}}, {"type": "Feature", "geometry": {"type": "Point", "coordinates": [2.324753, 48.821438]}, "properties": {"numparc": 1417, "etat de la localisation": "autre", "ID BDGEO": "223", "horodatage": "2021-08-10 07:36:46", "distance (en metres)": 49.84, "station": "PORTE D'ORLEANS", "marker-color": "#818181"}}, {"type": "Feature", "geometry": {"type": "Point", "coordinates": [2.324739, 48.821449]}, "properties": {"numparc": 1411, "etat de la localisation": "autre", "ID BDGEO": "223", "horodatage": "2021-08-10 07:39:19", "distance (en metres)": 48.73, "station": "PORTE D'ORLEANS", "marker-color": "#818181"}}, {"type": "Feature", "geometry": {"type": "Point", "coordinates": [2.324739, 48.821449]}, "properties": {"numparc": 1411, "etat de la localisation": "autre", "ID BDGEO": "223", "horodatage": "2021-08-10 07:39:19", "distance (en metres)": 48.73, "station": "PORTE D'ORLEANS", "marker-color": "#818181"}}, {"type": "Feature", "geometry": {"type": "Point", "coordinates": [2.325431, 48.8181]}, "properties": {"numparc": 1417, "etat de la localisation": "autre", "ID BDGEO": "8", "horodatage": "2021-08-10 07:39:50", "distance (en metres)": 45.06, "station": "GABRIEL PERI", "marker-color": "#818181"}}, {"type": "Feature", "geometry": {"type": "Point", "coordinates": [2.30264, 48.786083]}, "properties": {"numparc": 1412, "etat de la localisation": "autre", "ID BDGEO": "90", "horodatage": "2021-08-10 07:39:59", "distance (en metres)": 148.03, "station": "LES BLAGIS", "marker-color": "#818181"}}, {"type": "Feature", "geometry": {"type": "Point", "coordinates": [2.325543, 48.821712]}, "properties": {"numparc": 1415, "etat de la localisation": "autre", "ID BDGEO": "223", "horodatage": "2021-08-10 07:46:51", "distance (en metres)": 54.72, "station": "PORTE D'ORLEANS", "marker-color": "#818181"}}, {"type": "Feature", "geometry": {"type": "Point", "coordinates": [2.325543, 48.821712]}, "properties": {"numparc": 1415, "etat de la localisation": "autre", "ID BDGEO": "223", "horodatage": "2021-08-10 07:46:51", "distance (en metres)": 54.72, "station": "PORTE D'ORLEANS", "marker-color": "#818181"}}, {"type": "Feature", "geometry": {"type": "Point", "coordinates": [2.325543, 48.821712]}, "properties": {"numparc": 1415, "etat de la localisation": "autre", "ID BDGEO": "223", "horodatage": "2021-08-10 07:47:23", "distance (en metres)": 54.72, "station": "PORTE D'ORLEANS", "marker-color": "#818181"}}, {"type": "Feature", "geometry": {"type": "Point", "coordinates": [2.325543, 48.821712]}, "properties": {"numparc": 1415, "etat de la localisation": "autre", "ID BDGEO": "223", "horodatage": "2021-08-10 07:47:23", "distance (en metres)": 54.72, "station": "PORTE D'ORLEANS", "marker-color": "#818181"}}, {"type": "Feature", "geometry": {"type": "Point", "coordinates": [2.325543, 48.821712]}, "properties": {"numparc": 1415, "etat de la localisation": "autre", "ID BDGEO": "223", "horodatage": "2021-08-10 07:48:05", "distance (en metres)": 54.72, "station": "PORTE D'ORLEANS", "marker-color": "#818181"}}, {"type": "Feature", "geometry": {"type": "Point", "coordinates": [2.325543, 48.821712]}, "properties": {"numparc": 1415, "etat de la localisation": "autre", "ID BDGEO": "223", "horodatage": "2021-08-10 07:48:05", "distance (en metres)": 54.72, "station": "PORTE D'ORLEANS", "marker-color": "#818181"}}, {"type": "Feature", "geometry": {"type": "Point", "coordinates": [2.317325, 48.797436]}, "properties": {"numparc": 1417, "etat de la localisation": "autre", "ID BDGEO": "114", "horodatage": "2021-08-10 07:50:01", "distance (en metres)": 99.4, "station": "PASTEUR-MEUNIERS", "marker-color": "#818181"}}, {"type": "Feature", "geometry": {"type": "Point", "coordinates": [2.324739, 48.821449]}, "properties": {"numparc": 1411, "etat de la localisation": "autre", "ID BDGEO": "223", "horodatage": "2021-08-10 07:50:45", "distance (en metres)": 48.73, "station": "PORTE D'ORLEANS", "marker-color": "#818181"}}, {"type": "Feature", "geometry": {"type": "Point", "coordinates": [2.324739, 48.821449]}, "properties": {"numparc": 1411, "etat de la localisation": "autre", "ID BDGEO": "223", "horodatage": "2021-08-10 07:50:45", "distance (en metres)": 48.73, "station": "PORTE D'ORLEANS", "marker-color": "#818181"}}, {"type": "Feature", "geometry": {"type": "Point", "coordinates": [2.32471, 48.821434]}, "properties": {"numparc": 1415, "etat de la localisation": "autre", "ID BDGEO": "223", "horodatage": "2021-08-10 07:53:32", "distance (en metres)": 50.77, "station": "PORTE D'ORLEANS", "marker-color": "#818181"}}, {"type": "Feature", "geometry": {"type": "Point", "coordinates": [2.32471, 48.821434]}, "properties": {"numparc": 1415, "etat de la localisation": "autre", "ID BDGEO": "223", "horodatage": "2021-08-10 07:53:32", "distance (en metres)": 50.77, "station": "PORTE D'ORLEANS", "marker-color": "#818181"}}, {"type": "Feature", "geometry": {"type": "Point", "coordinates": [2.32471, 48.821434]}, "properties": {"numparc": 1415, "etat de la localisation": "autre", "ID BDGEO": "223", "horodatage": "2021-08-10 07:53:38", "distance (en metres)": 50.77, "station": "PORTE D'ORLEANS", "marker-color": "#818181"}}, {"type": "Feature", "geometry": {"type": "Point", "coordinates": [2.32471, 48.821434]}, "properties": {"numparc": 1415, "etat de la localisation": "autre", "ID BDGEO": "223", "horodatage": "2021-08-10 07:53:38", "distance (en metres)": 50.77, "station": "PORTE D'ORLEANS", "marker-color": "#818181"}}, {"type": "Feature", "geometry": {"type": "Point", "coordinates": [2.32471, 48.821434]}, "properties": {"numparc": 1415, "etat de la localisation": "autre", "ID BDGEO": "223", "horodatage": "2021-08-10 07:55:28", "distance (en metres)": 50.77, "station": "PORTE D'ORLEANS", "marker-color": "#818181"}}, {"type": "Feature", "geometry": {"type": "Point", "coordinates": [2.32471, 48.821434]}, "properties": {"numparc": 1415, "etat de la localisation": "autre", "ID BDGEO": "223", "horodatage": "2021-08-10 07:55:28", "distance (en metres)": 50.77, "station": "PORTE D'ORLEANS", "marker-color": "#818181"}}, {"type": "Feature", "geometry": {"type": "Point", "coordinates": [2.325595, 48.821217]}, "properties": {"numparc": 1412, "etat de la localisation": "autre", "ID BDGEO": "223", "horodatage": "2021-08-10 08:00:02", "distance (en metres)": 92.32, "station": "PORTE D'ORLEANS", "marker-color": "#818181"}}, {"type": "Feature", "geometry": {"type": "Point", "coordinates": [2.32471, 48.821434]}, "properties": {"numparc": 1415, "etat de la localisation": "autre", "ID BDGEO": "223", "horodatage": "2021-08-10 08:00:33", "distance (en metres)": 50.77, "station": "PORTE D'ORLEANS", "marker-color": "#818181"}}, {"type": "Feature", "geometry": {"type": "Point", "coordinates": [2.32471, 48.821434]}, "properties": {"numparc": 1415, "etat de la localisation": "autre", "ID BDGEO": "223", "horodatage": "2021-08-10 08:00:33", "distance (en metres)": 50.77, "station": "PORTE D'ORLEANS", "marker-color": "#818181"}}, {"type": "Feature", "geometry": {"type": "Point", "coordinates": [2.32557, 48.821712]}, "properties": {"numparc": 1412, "etat de la localisation": "autre", "ID BDGEO": "223", "horodatage": "2021-08-10 08:01:21", "distance (en metres)": 56.59, "station": "PORTE D'ORLEANS", "marker-color": "#818181"}}, {"type": "Feature", "geometry": {"type": "Point", "coordinates": [2.317312, 48.797443]}, "properties": {"numparc": 1411, "etat de la localisation": "autre", "ID BDGEO": "114", "horodatage": "2021-08-10 08:02:26", "distance (en metres)": 98.66, "station": "PASTEUR-MEUNIERS", "marker-color": "#818181"}}, {"type": "Feature", "geometry": {"type": "Point", "coordinates": [2.317312, 48.797443]}, "properties": {"numparc": 1411, "etat de la localisation": "autre", "ID BDGEO": "114", "horodatage": "2021-08-10 08:02:26", "distance (en metres)": 98.66, "station": "PASTEUR-MEUNIERS", "marker-color": "#818181"}}, {"type": "Feature", "geometry": {"type": "Point", "coordinates": [2.32557, 48.821712]}, "properties": {"numparc": 1412, "etat de la localisation": "autre", "ID BDGEO": "223", "horodatage": "2021-08-10 08:03:46", "distance (en metres)": 56.59, "station": "PORTE D'ORLEANS", "marker-color": "#818181"}}, {"type": "Feature", "geometry": {"type": "Point", "coordinates": [2.324758, 48.821484]}, "properties": {"numparc": 1412, "etat de la localisation": "autre", "ID BDGEO": "223", "horodatage": "2021-08-10 08:06:50", "distance (en metres)": 44.75, "station": "PORTE D'ORLEANS", "marker-color": "#818181"}}, {"type": "Feature", "geometry": {"type": "Point", "coordinates": [2.324758, 48.821484]}, "properties": {"numparc": 1412, "etat de la localisation": "autre", "ID BDGEO": "223", "horodatage": "2021-08-10 08:10:44", "distance (en metres)": 44.75, "station": "PORTE D'ORLEANS", "marker-color": "#818181"}}, {"type": "Feature", "geometry": {"type": "Point", "coordinates": [2.317303, 48.797478]}, "properties": {"numparc": 1415, "etat de la localisation": "autre", "ID BDGEO": "114", "horodatage": "2021-08-10 08:13:43", "distance (en metres)": 94.96, "station": "PASTEUR-MEUNIERS", "marker-color": "#818181"}}, {"type": "Feature", "geometry": {"type": "Point", "coordinates": [2.317303, 48.797478]}, "properties": {"numparc": 1415, "etat de la localisation": "autre", "ID BDGEO": "114", "horodatage": "2021-08-10 08:13:43", "distance (en metres)": 94.96, "station": "PASTEUR-MEUNIERS", "marker-color": "#818181"}}, {"type": "Feature", "geometry": {"type": "Point", "coordinates": [2.317322, 48.797447]}, "properties": {"numparc": 1412, "etat de la localisation": "autre", "ID BDGEO": "114", "horodatage": "2021-08-10 08:23:43", "distance (en metres)": 98.16, "station": "PASTEUR-MEUNIERS", "marker-color": "#818181"}}, {"type": "Feature", "geometry": {"type": "Point", "coordinates": [2.325539, 48.821297]}, "properties": {"numparc": 1417, "etat de la localisation": "autre", "ID BDGEO": "223", "horodatage": "2021-08-10 08:36:09", "distance (en metres)": 82.76, "station": "PORTE D'ORLEANS", "marker-color": "#818181"}}, {"type": "Feature", "geometry": {"type": "Point", "coordinates": [2.324717, 48.821426]}, "properties": {"numparc": 1417, "etat de la localisation": "autre", "ID BDGEO": "223", "horodatage": "2021-08-10 08:38:55", "distance (en metres)": 51.51, "station": "PORTE D'ORLEANS", "marker-color": "#818181"}}, {"type": "Feature", "geometry": {"type": "Point", "coordinates": [2.309063, 48.784912]}, "properties": {"numparc": 1415, "etat de la localisation": "autre", "ID BDGEO": "112", "horodatage": "2021-08-10 08:41:10", "distance (en metres)": 40.18, "station": "CLEMENCEAU", "marker-color": "#818181"}}, {"type": "Feature", "geometry": {"type": "Point", "coordinates": [2.309063, 48.784912]}, "properties": {"numparc": 1415, "etat de la localisation": "autre", "ID BDGEO": "112", "horodatage": "2021-08-10 08:41:10", "distance (en metres)": 40.18, "station": "CLEMENCEAU", "marker-color": "#818181"}}, {"type": "Feature", "geometry": {"type": "Point", "coordinates": [2.325567, 48.821342]}, "properties": {"numparc": 1411, "etat de la localisation": "autre", "ID BDGEO": "223", "horodatage": "2021-08-10 08:52:09", "distance (en metres)": 80.16, "station": "PORTE D'ORLEANS", "marker-color": "#818181"}}, {"type": "Feature", "geometry": {"type": "Point", "coordinates": [2.325567, 48.821342]}, "properties": {"numparc": 1411, "etat de la localisation": "autre", "ID BDGEO": "223", "horodatage": "2021-08-10 08:52:09", "distance (en metres)": 80.16, "station": "PORTE D'ORLEANS", "marker-color": "#818181"}}, {"type": "Feature", "geometry": {"type": "Point", "coordinates": [2.32471, 48.821484]}, "properties": {"numparc": 1411, "etat de la localisation": "autre", "ID BDGEO": "223", "horodatage": "2021-08-10 08:54:41", "distance (en metres)": 45.36, "station": "PORTE D'ORLEANS", "marker-color": "#818181"}}, {"type": "Feature", "geometry": {"type": "Point", "coordinates": [2.32471, 48.821484]}, "properties": {"numparc": 1411, "etat de la localisation": "autre", "ID BDGEO": "223", "horodatage": "2021-08-10 08:54:41", "distance (en metres)": 45.36, "station": "PORTE D'ORLEANS", "marker-color": "#818181"}}, {"type": "Feature", "geometry": {"type": "Point", "coordinates": [2.325533, 48.821346]}, "properties": {"numparc": 1415, "etat de la localisation": "autre", "ID BDGEO": "223", "horodatage": "2021-08-10 09:00:06", "distance (en metres)": 78.2, "station": "PORTE D'ORLEANS", "marker-color": "#818181"}}, {"type": "Feature", "geometry": {"type": "Point", "coordinates": [2.325533, 48.821346]}, "properties": {"numparc": 1415, "etat de la localisation": "autre", "ID BDGEO": "223", "horodatage": "2021-08-10 09:00:06", "distance (en metres)": 78.2, "station": "PORTE D'ORLEANS", "marker-color": "#818181"}}, {"type": "Feature", "geometry": {"type": "Point", "coordinates": [2.317322, 48.797443]}, "properties": {"numparc": 1417, "etat de la localisation": "autre", "ID BDGEO": "114", "horodatage": "2021-08-10 09:02:26", "distance (en metres)": 98.58, "station": "PASTEUR-MEUNIERS", "marker-color": "#818181"}}, {"type": "Feature", "geometry": {"type": "Point", "coordinates": [2.324758, 48.821522]}, "properties": {"numparc": 1415, "etat de la localisation": "autre", "ID BDGEO": "223", "horodatage": "2021-08-10 09:05:12", "distance (en metres)": 40.55, "station": "PORTE D'ORLEANS", "marker-color": "#818181"}}, {"type": "Feature", "geometry": {"type": "Point", "coordinates": [2.324758, 48.821522]}, "properties": {"numparc": 1415, "etat de la localisation": "autre", "ID BDGEO": "223", "horodatage": "2021-08-10 09:05:12", "distance (en metres)": 40.55, "station": "PORTE D'ORLEANS", "marker-color": "#818181"}}, {"type": "Feature", "geometry": {"type": "Point", "coordinates": [2.325537, 48.821209]}, "properties": {"numparc": 1412, "etat de la localisation": "autre", "ID BDGEO": "223", "horodatage": "2021-08-10 09:10:36", "distance (en metres)": 90.55, "station": "PORTE D'ORLEANS", "marker-color": "#818181"}}, {"type": "Feature", "geometry": {"type": "Point", "coordinates": [2.324747, 48.821514]}, "properties": {"numparc": 1415, "etat de la localisation": "autre", "ID BDGEO": "223", "horodatage": "2021-08-10 09:13:47", "distance (en metres)": 41.52, "station": "PORTE D'ORLEANS", "marker-color": "#818181"}}, {"type": "Feature", "geometry": {"type": "Point", "coordinates": [2.324747, 48.821514]}, "properties": {"numparc": 1415, "etat de la localisation": "autre", "ID BDGEO": "223", "horodatage": "2021-08-10 09:13:47", "distance (en metres)": 41.52, "station": "PORTE D'ORLEANS", "marker-color": "#818181"}}, {"type": "Feature", "geometry": {"type": "Point", "coordinates": [2.317292, 48.797466]}, "properties": {"numparc": 1411, "etat de la localisation": "autre", "ID BDGEO": "114", "horodatage": "2021-08-10 09:13:51", "distance (en metres)": 96.33, "station": "PASTEUR-MEUNIERS", "marker-color": "#818181"}}, {"type": "Feature", "geometry": {"type": "Point", "coordinates": [2.317292, 48.797466]}, "properties": {"numparc": 1411, "etat de la localisation": "autre", "ID BDGEO": "114", "horodatage": "2021-08-10 09:13:51", "distance (en metres)": 96.33, "station": "PASTEUR-MEUNIERS", "marker-color": "#818181"}}, {"type": "Feature", "geometry": {"type": "Point", "coordinates": [2.325826, 48.813068]}, "properties": {"numparc": 1415, "etat de la localisation": "autre", "ID BDGEO": "12", "horodatage": "2021-08-10 09:19:24", "distance (en metres)": 52.72, "station": "LEON GAMBETTA", "marker-color": "#818181"}}, {"type": "Feature", "geometry": {"type": "Point", "coordinates": [2.325826, 48.813068]}, "properties": {"numparc": 1415, "etat de la localisation": "autre", "ID BDGEO": "12", "horodatage": "2021-08-10 09:19:24", "distance (en metres)": 52.72, "station": "LEON GAMBETTA", "marker-color": "#818181"}}, {"type": "Feature", "geometry": {"type": "Point", "coordinates": [2.317328, 48.797455]}, "properties": {"numparc": 1415, "etat de la localisation": "autre", "ID BDGEO": "114", "horodatage": "2021-08-10 09:28:46", "distance (en metres)": 97.27, "station": "PASTEUR-MEUNIERS", "marker-color": "#818181"}}, {"type": "Feature", "geometry": {"type": "Point", "coordinates": [2.317328, 48.797455]}, "properties": {"numparc": 1415, "etat de la localisation": "autre", "ID BDGEO": "114", "horodatage": "2021-08-10 09:28:46", "distance (en metres)": 97.27, "station": "PASTEUR-MEUNIERS", "marker-color": "#818181"}}, {"type": "Feature", "geometry": {"type": "Point", "coordinates": [2.32555, 48.821358]}, "properties": {"numparc": 1417, "etat de la localisation": "autre", "ID BDGEO": "223", "horodatage": "2021-08-10 09:50:56", "distance (en metres)": 78.06, "station": "PORTE D'ORLEANS", "marker-color": "#818181"}}, {"type": "Feature", "geometry": {"type": "Point", "coordinates": [2.324726, 48.821472]}, "properties": {"numparc": 1417, "etat de la localisation": "autre", "ID BDGEO": "223", "horodatage": "2021-08-10 09:53:20", "distance (en metres)": 46.38, "station": "PORTE D'ORLEANS", "marker-color": "#818181"}}, {"type": "Feature", "geometry": {"type": "Point", "coordinates": [2.324726, 48.821472]}, "properties": {"numparc": 1417, "etat de la localisation": "autre", "ID BDGEO": "223", "horodatage": "2021-08-10 10:00:05", "distance (en metres)": 46.38, "station": "PORTE D'ORLEANS", "marker-color": "#818181"}}, {"type": "Feature", "geometry": {"type": "Point", "coordinates": [2.325562, 48.82135]}, "properties": {"numparc": 1411, "etat de la localisation": "autre", "ID BDGEO": "223", "horodatage": "2021-08-10 10:02:46", "distance (en metres)": 79.28, "station": "PORTE D'ORLEANS", "marker-color": "#818181"}}, {"type": "Feature", "geometry": {"type": "Point", "coordinates": [2.325562, 48.82135]}, "properties": {"numparc": 1411, "etat de la localisation": "autre", "ID BDGEO": "223", "horodatage": "2021-08-10 10:02:46", "distance (en metres)": 79.28, "station": "PORTE D'ORLEANS", "marker-color": "#818181"}}, {"type": "Feature", "geometry": {"type": "Point", "coordinates": [2.32471, 48.821472]}, "properties": {"numparc": 1411, "etat de la localisation": "autre", "ID BDGEO": "223", "horodatage": "2021-08-10 10:05:28", "distance (en metres)": 46.61, "station": "PORTE D'ORLEANS", "marker-color": "#818181"}}, {"type": "Feature", "geometry": {"type": "Point", "coordinates": [2.32471, 48.821472]}, "properties": {"numparc": 1411, "etat de la localisation": "autre", "ID BDGEO": "223", "horodatage": "2021-08-10 10:05:28", "distance (en metres)": 46.61, "station": "PORTE D'ORLEANS", "marker-color": "#818181"}}, {"type": "Feature", "geometry": {"type": "Point", "coordinates": [2.321616, 48.804413]}, "properties": {"numparc": 1415, "etat de la localisation": "autre", "ID BDGEO": "714", "horodatage": "2021-08-10 10:07:39", "distance (en metres)": 81.32, "station": "GUSTAVE COURBET", "marker-color": "#818181"}}, {"type": "Feature", "geometry": {"type": "Point", "coordinates": [2.321616, 48.804413]}, "properties": {"numparc": 1415, "etat de la localisation": "autre", "ID BDGEO": "714", "horodatage": "2021-08-10 10:07:39", "distance (en metres)": 81.32, "station": "GUSTAVE COURBET", "marker-color": "#818181"}}, {"type": "Feature", "geometry": {"type": "Point", "coordinates": [2.317333, 48.797489]}, "properties": {"numparc": 1417, "etat de la localisation": "autre", "ID BDGEO": "114", "horodatage": "2021-08-10 10:13:41", "distance (en metres)": 93.43, "station": "PASTEUR-MEUNIERS", "marker-color": "#818181"}}, {"type": "Feature", "geometry": {"type": "Point", "coordinates": [2.325558, 48.821735]}, "properties": {"numparc": 1415, "etat de la localisation": "autre", "ID BDGEO": "223", "horodatage": "2021-08-10 10:15:06", "distance (en metres)": 54.94, "station": "PORTE D'ORLEANS", "marker-color": "#818181"}}, {"type": "Feature", "geometry": {"type": "Point", "coordinates": [2.325558, 48.821735]}, "properties": {"numparc": 1415, "etat de la localisation": "autre", "ID BDGEO": "223", "horodatage": "2021-08-10 10:15:06", "distance (en metres)": 54.94, "station": "PORTE D'ORLEANS", "marker-color": "#818181"}}, {"type": "Feature", "geometry": {"type": "Point", "coordinates": [2.308124, 48.784969]}, "properties": {"numparc": 1417, "etat de la localisation": "autre", "ID BDGEO": "79", "horodatage": "2021-08-10 10:19:54", "distance (en metres)": 43.61, "station": "CLEMENCEAU", "marker-color": "#818181"}}, {"type": "Feature", "geometry": {"type": "Point", "coordinates": [2.324745, 48.821472]}, "properties": {"numparc": 1415, "etat de la localisation": "autre", "ID BDGEO": "223", "horodatage": "2021-08-10 10:21:27", "distance (en metres)": 46.15, "station": "PORTE D'ORLEANS", "marker-color": "#818181"}}, {"type": "Feature", "geometry": {"type": "Point", "coordinates": [2.324745, 48.821472]}, "properties": {"numparc": 1415, "etat de la localisation": "autre", "ID BDGEO": "223", "horodatage": "2021-08-10 10:21:27", "distance (en metres)": 46.15, "station": "PORTE D'ORLEANS", "marker-color": "#818181"}}, {"type": "Feature", "geometry": {"type": "Point", "coordinates": [2.3255, 48.806232]}, "properties": {"numparc": 1412, "etat de la localisation": "autre", "ID BDGEO": "221", "horodatage": "2021-08-10 10:22:16", "distance (en metres)": 214.9, "station": "JEAN-MARIN NAUDIN", "marker-color": "#818181"}}, {"type": "Feature", "geometry": {"type": "Point", "coordinates": [2.325576, 48.821171]}, "properties": {"numparc": 1412, "etat de la localisation": "autre", "ID BDGEO": "223", "horodatage": "2021-08-10 10:28:22", "distance (en metres)": 95.66, "station": "PORTE D'ORLEANS", "marker-color": "#818181"}}, {"type": "Feature", "geometry": {"type": "Point", "coordinates": [2.317346, 48.797455]}, "properties": {"numparc": 1411, "etat de la localisation": "autre", "ID BDGEO": "114", "horodatage": "2021-08-10 10:30:12", "distance (en metres)": 97.13, "station": "PASTEUR-MEUNIERS", "marker-color": "#818181"}}, {"type": "Feature", "geometry": {"type": "Point", "coordinates": [2.317346, 48.797455]}, "properties": {"numparc": 1411, "etat de la localisation": "autre", "ID BDGEO": "114", "horodatage": "2021-08-10 10:30:12", "distance (en metres)": 97.13, "station": "PASTEUR-MEUNIERS", "marker-color": "#818181"}}, {"type": "Feature", "geometry": {"type": "Point", "coordinates": [2.324723, 48.821499]}, "properties": {"numparc": 1412, "etat de la localisation": "autre", "ID BDGEO": "223", "horodatage": "2021-08-10 10:30:48", "distance (en metres)": 43.51, "station": "PORTE D'ORLEANS", "marker-color": "#818181"}}, {"type": "Feature", "geometry": {"type": "Point", "coordinates": [2.317343, 48.797527]}, "properties": {"numparc": 1415, "etat de la localisation": "autre", "ID BDGEO": "114", "horodatage": "2021-08-10 10:40:08", "distance (en metres)": 89.14, "station": "PASTEUR-MEUNIERS", "marker-color": "#818181"}}, {"type": "Feature", "geometry": {"type": "Point", "coordinates": [2.317343, 48.797527]}, "properties": {"numparc": 1415, "etat de la localisation": "autre", "ID BDGEO": "114", "horodatage": "2021-08-10 10:40:08", "distance (en metres)": 89.14, "station": "PASTEUR-MEUNIERS", "marker-color": "#818181"}}, {"type": "Feature", "geometry": {"type": "Point", "coordinates": [2.317374, 48.797516]}, "properties": {"numparc": 1412, "etat de la localisation": "autre", "ID BDGEO": "114", "horodatage": "2021-08-10 10:56:19", "distance (en metres)": 90.19, "station": "PASTEUR-MEUNIERS", "marker-color": "#818181"}}, {"type": "Feature", "geometry": {"type": "Point", "coordinates": [2.325549, 48.821331]}, "properties": {"numparc": 1417, "etat de la localisation": "autre", "ID BDGEO": "223", "horodatage": "2021-08-10 11:04:16", "distance (en metres)": 80.25, "station": "PORTE D'ORLEANS", "marker-color": "#818181"}}, {"type": "Feature", "geometry": {"type": "Point", "coordinates": [2.32474, 48.821476]}, "properties": {"numparc": 1417, "etat de la localisation": "autre", "ID BDGEO": "223", "horodatage": "2021-08-10 11:06:49", "distance (en metres)": 45.78, "station": "PORTE D'ORLEANS", "marker-color": "#818181"}}, {"type": "Feature", "geometry": {"type": "Point", "coordinates": [2.325569, 48.821354]}, "properties": {"numparc": 1411, "etat de la localisation": "autre", "ID BDGEO": "223", "horodatage": "2021-08-10 11:19:16", "distance (en metres)": 79.3, "station": "PORTE D'ORLEANS", "marker-color": "#818181"}}, {"type": "Feature", "geometry": {"type": "Point", "coordinates": [2.325569, 48.821354]}, "properties": {"numparc": 1411, "etat de la localisation": "autre", "ID BDGEO": "223", "horodatage": "2021-08-10 11:19:16", "distance (en metres)": 79.3, "station": "PORTE D'ORLEANS", "marker-color": "#818181"}}, {"type": "Feature", "geometry": {"type": "Point", "coordinates": [2.324686, 48.821449]}, "properties": {"numparc": 1411, "etat de la localisation": "autre", "ID BDGEO": "223", "horodatage": "2021-08-10 11:22:51", "distance (en metres)": 49.47, "station": "PORTE D'ORLEANS", "marker-color": "#818181"}}, {"type": "Feature", "geometry": {"type": "Point", "coordinates": [2.324686, 48.821449]}, "properties": {"numparc": 1411, "etat de la localisation": "autre", "ID BDGEO": "223", "horodatage": "2021-08-10 11:22:51", "distance (en metres)": 49.47, "station": "PORTE D'ORLEANS", "marker-color": "#818181"}}, {"type": "Feature", "geometry": {"type": "Point", "coordinates": [2.317396, 48.797493]}, "properties": {"numparc": 1417, "etat de la localisation": "autre", "ID BDGEO": "114", "horodatage": "2021-08-10 11:31:20", "distance (en metres)": 92.62, "station": "PASTEUR-MEUNIERS", "marker-color": "#818181"}}, {"type": "Feature", "geometry": {"type": "Point", "coordinates": [2.324686, 48.821449]}, "properties": {"numparc": 1411, "etat de la localisation": "autre", "ID BDGEO": "223", "horodatage": "2021-08-10 11:31:49", "distance (en metres)": 49.47, "station": "PORTE D'ORLEANS", "marker-color": "#818181"}}, {"type": "Feature", "geometry": {"type": "Point", "coordinates": [2.324686, 48.821449]}, "properties": {"numparc": 1411, "etat de la localisation": "autre", "ID BDGEO": "223", "horodatage": "2021-08-10 11:31:49", "distance (en metres)": 49.47, "station": "PORTE D'ORLEANS", "marker-color": "#818181"}}, {"type": "Feature", "geometry": {"type": "Point", "coordinates": [2.325562, 48.821362]}, "properties": {"numparc": 1415, "etat de la localisation": "autre", "ID BDGEO": "223", "horodatage": "2021-08-10 11:33:26", "distance (en metres)": 78.33, "station": "PORTE D'ORLEANS", "marker-color": "#818181"}}, {"type": "Feature", "geometry": {"type": "Point", "coordinates": [2.325562, 48.821362]}, "properties": {"numparc": 1415, "etat de la localisation": "autre", "ID BDGEO": "223", "horodatage": "2021-08-10 11:33:26", "distance (en metres)": 78.33, "station": "PORTE D'ORLEANS", "marker-color": "#818181"}}, {"type": "Feature", "geometry": {"type": "Point", "coordinates": [2.324708, 48.821434]}, "properties": {"numparc": 1415, "etat de la localisation": "autre", "ID BDGEO": "223", "horodatage": "2021-08-10 11:36:34", "distance (en metres)": 50.8, "station": "PORTE D'ORLEANS", "marker-color": "#818181"}}, {"type": "Feature", "geometry": {"type": "Point", "coordinates": [2.324708, 48.821434]}, "properties": {"numparc": 1415, "etat de la localisation": "autre", "ID BDGEO": "223", "horodatage": "2021-08-10 11:36:34", "distance (en metres)": 50.8, "station": "PORTE D'ORLEANS", "marker-color": "#818181"}}, {"type": "Feature", "geometry": {"type": "Point", "coordinates": [2.325588, 48.821175]}, "properties": {"numparc": 1412, "etat de la localisation": "autre", "ID BDGEO": "223", "horodatage": "2021-08-10 11:44:23", "distance (en metres)": 95.81, "station": "PORTE D'ORLEANS", "marker-color": "#818181"}}, {"type": "Feature", "geometry": {"type": "Point", "coordinates": [2.317314, 48.797474]}, "properties": {"numparc": 1411, "etat de la localisation": "autre", "ID BDGEO": "114", "horodatage": "2021-08-10 11:45:14", "distance (en metres)": 95.28, "station": "PASTEUR-MEUNIERS", "marker-color": "#818181"}}, {"type": "Feature", "geometry": {"type": "Point", "coordinates": [2.317314, 48.797474]}, "properties": {"numparc": 1411, "etat de la localisation": "autre", "ID BDGEO": "114", "horodatage": "2021-08-10 11:45:14", "distance (en metres)": 95.28, "station": "PASTEUR-MEUNIERS", "marker-color": "#818181"}}, {"type": "Feature", "geometry": {"type": "Point", "coordinates": [2.324708, 48.821434]}, "properties": {"numparc": 1415, "etat de la localisation": "autre", "ID BDGEO": "223", "horodatage": "2021-08-10 11:45:15", "distance (en metres)": 50.8, "station": "PORTE D'ORLEANS", "marker-color": "#818181"}}, {"type": "Feature", "geometry": {"type": "Point", "coordinates": [2.324708, 48.821434]}, "properties": {"numparc": 1415, "etat de la localisation": "autre", "ID BDGEO": "223", "horodatage": "2021-08-10 11:45:15", "distance (en metres)": 50.8, "station": "PORTE D'ORLEANS", "marker-color": "#818181"}}, {"type": "Feature", "geometry": {"type": "Point", "coordinates": [2.324706, 48.821449]}, "properties": {"numparc": 1412, "etat de la localisation": "autre", "ID BDGEO": "223", "horodatage": "2021-08-10 11:46:56", "distance (en metres)": 49.16, "station": "PORTE D'ORLEANS", "marker-color": "#818181"}}, {"type": "Feature", "geometry": {"type": "Point", "coordinates": [2.317319, 48.797466]}, "properties": {"numparc": 1415, "etat de la localisation": "autre", "ID BDGEO": "114", "horodatage": "2021-08-10 11:59:15", "distance (en metres)": 96.08, "station": "PASTEUR-MEUNIERS", "marker-color": "#818181"}}, {"type": "Feature", "geometry": {"type": "Point", "coordinates": [2.317319, 48.797466]}, "properties": {"numparc": 1415, "etat de la localisation": "autre", "ID BDGEO": "114", "horodatage": "2021-08-10 11:59:15", "distance (en metres)": 96.08, "station": "PASTEUR-MEUNIERS", "marker-color": "#818181"}}, {"type": "Feature", "geometry": {"type": "Point", "coordinates": [2.317354, 48.797577]}, "properties": {"numparc": 1412, "etat de la localisation": "autre", "ID BDGEO": "114", "horodatage": "2021-08-10 12:11:20", "distance (en metres)": 83.57, "station": "PASTEUR-MEUNIERS", "marker-color": "#818181"}}, {"type": "Feature", "geometry": {"type": "Point", "coordinates": [2.330025, 48.823448]}, "properties": {"numparc": 1413, "etat de la localisation": "autre", "ID BDGEO": "223", "horodatage": "2021-08-10 12:14:42", "distance (en metres)": 417.52, "station": "PORTE D'ORLEANS", "marker-color": "#818181"}}, {"type": "Feature", "geometry": {"type": "Point", "coordinates": [2.325572, 48.821342]}, "properties": {"numparc": 1417, "etat de la localisation": "autre", "ID BDGEO": "223", "horodatage": "2021-08-10 12:20:09", "distance (en metres)": 80.4, "station": "PORTE D'ORLEANS", "marker-color": "#818181"}}, {"type": "Feature", "geometry": {"type": "Point", "coordinates": [2.32472, 48.821484]}, "properties": {"numparc": 1417, "etat de la localisation": "autre", "ID BDGEO": "223", "horodatage": "2021-08-10 12:23:48", "distance (en metres)": 45.21, "station": "PORTE D'ORLEANS", "marker-color": "#818181"}}, {"type": "Feature", "geometry": {"type": "Point", "coordinates": [2.32472, 48.821484]}, "properties": {"numparc": 1417, "etat de la localisation": "autre", "ID BDGEO": "223", "horodatage": "2021-08-10 12:30:17", "distance (en metres)": 45.21, "station": "PORTE D'ORLEANS", "marker-color": "#818181"}}, {"type": "Feature", "geometry": {"type": "Point", "coordinates": [2.325564, 48.821377]}, "properties": {"numparc": 1411, "etat de la localisation": "autre", "ID BDGEO": "223", "horodatage": "2021-08-10 12:32:09", "distance (en metres)": 77.18, "station": "PORTE D'ORLEANS", "marker-color": "#818181"}}, {"type": "Feature", "geometry": {"type": "Point", "coordinates": [2.325564, 48.821377]}, "properties": {"numparc": 1411, "etat de la localisation": "autre", "ID BDGEO": "223", "horodatage": "2021-08-10 12:32:09", "distance (en metres)": 77.18, "station": "PORTE D'ORLEANS", "marker-color": "#818181"}}, {"type": "Feature", "geometry": {"type": "Point", "coordinates": [2.324695, 48.821468]}, "properties": {"numparc": 1411, "etat de la localisation": "autre", "ID BDGEO": "223", "horodatage": "2021-08-10 12:34:49", "distance (en metres)": 47.26, "station": "PORTE D'ORLEANS", "marker-color": "#818181"}}, {"type": "Feature", "geometry": {"type": "Point", "coordinates": [2.324695, 48.821468]}, "properties": {"numparc": 1411, "etat de la localisation": "autre", "ID BDGEO": "223", "horodatage": "2021-08-10 12:34:49", "distance (en metres)": 47.26, "station": "PORTE D'ORLEANS", "marker-color": "#818181"}}, {"type": "Feature", "geometry": {"type": "Point", "coordinates": [2.317367, 48.797447]}, "properties": {"numparc": 1413, "etat de la localisation": "autre", "ID BDGEO": "114", "horodatage": "2021-08-10 12:37:46", "distance (en metres)": 97.84, "station": "PASTEUR-MEUNIERS", "marker-color": "#818181"}}, {"type": "Feature", "geometry": {"type": "Point", "coordinates": [2.31734, 48.797455]}, "properties": {"numparc": 1417, "etat de la localisation": "autre", "ID BDGEO": "114", "horodatage": "2021-08-10 12:43:49", "distance (en metres)": 97.18, "station": "PASTEUR-MEUNIERS", "marker-color": "#818181"}}, {"type": "Feature", "geometry": {"type": "Point", "coordinates": [2.31734, 48.797455]}, "properties": {"numparc": 1417, "etat de la localisation": "autre", "ID BDGEO": "114", "horodatage": "2021-08-10 12:43:53", "distance (en metres)": 97.18, "station": "PASTEUR-MEUNIERS", "marker-color": "#818181"}}, {"type": "Feature", "geometry": {"type": "Point", "coordinates": [2.324695, 48.821468]}, "properties": {"numparc": 1411, "etat de la localisation": "autre", "ID BDGEO": "223", "horodatage": "2021-08-10 12:46:34", "distance (en metres)": 47.26, "station": "PORTE D'ORLEANS", "marker-color": "#818181"}}, {"type": "Feature", "geometry": {"type": "Point", "coordinates": [2.324695, 48.821468]}, "properties": {"numparc": 1411, "etat de la localisation": "autre", "ID BDGEO": "223", "horodatage": "2021-08-10 12:46:34", "distance (en metres)": 47.26, "station": "PORTE D'ORLEANS", "marker-color": "#818181"}}, {"type": "Feature", "geometry": {"type": "Point", "coordinates": [2.325569, 48.82132]}, "properties": {"numparc": 1415, "etat de la localisation": "autre", "ID BDGEO": "223", "horodatage": "2021-08-10 12:52:34", "distance (en metres)": 82.17, "station": "PORTE D'ORLEANS", "marker-color": "#818181"}}, {"type": "Feature", "geometry": {"type": "Point", "coordinates": [2.325569, 48.82132]}, "properties": {"numparc": 1415, "etat de la localisation": "autre", "ID BDGEO": "223", "horodatage": "2021-08-10 12:52:34", "distance (en metres)": 82.17, "station": "PORTE D'ORLEANS", "marker-color": "#818181"}}, {"type": "Feature", "geometry": {"type": "Point", "coordinates": [2.324725, 48.821449]}, "properties": {"numparc": 1415, "etat de la localisation": "autre", "ID BDGEO": "223", "horodatage": "2021-08-10 12:54:58", "distance (en metres)": 48.9, "station": "PORTE D'ORLEANS", "marker-color": "#818181"}}, {"type": "Feature", "geometry": {"type": "Point", "coordinates": [2.324725, 48.821449]}, "properties": {"numparc": 1415, "etat de la localisation": "autre", "ID BDGEO": "223", "horodatage": "2021-08-10 12:54:58", "distance (en metres)": 48.9, "station": "PORTE D'ORLEANS", "marker-color": "#818181"}}, {"type": "Feature", "geometry": {"type": "Point", "coordinates": [2.325552, 48.821201]}, "properties": {"numparc": 1412, "etat de la localisation": "autre", "ID BDGEO": "223", "horodatage": "2021-08-10 13:00:04", "distance (en metres)": 91.87, "station": "PORTE D'ORLEANS", "marker-color": "#818181"}}, {"type": "Feature", "geometry": {"type": "Point", "coordinates": [2.317348, 48.797455]}, "properties": {"numparc": 1411, "etat de la localisation": "autre", "ID BDGEO": "114", "horodatage": "2021-08-10 13:00:07", "distance (en metres)": 97.12, "station": "PASTEUR-MEUNIERS", "marker-color": "#818181"}}, {"type": "Feature", "geometry": {"type": "Point", "coordinates": [2.317348, 48.797455]}, "properties": {"numparc": 1411, "etat de la localisation": "autre", "ID BDGEO": "114", "horodatage": "2021-08-10 13:00:07", "distance (en metres)": 97.12, "station": "PASTEUR-MEUNIERS", "marker-color": "#818181"}}, {"type": "Feature", "geometry": {"type": "Point", "coordinates": [2.324736, 48.821468]}, "properties": {"numparc": 1412, "etat de la localisation": "autre", "ID BDGEO": "223", "horodatage": "2021-08-10 13:03:01", "distance (en metres)": 46.67, "station": "PORTE D'ORLEANS", "marker-color": "#818181"}}, {"type": "Feature", "geometry": {"type": "Point", "coordinates": [2.298241, 48.793007]}, "properties": {"numparc": 1417, "etat de la localisation": "autre", "ID BDGEO": "14", "horodatage": "2021-08-10 13:07:32", "distance (en metres)": 112.07, "station": "COLLEGE ROMAIN ROLLAND", "marker-color": "#818181"}}, {"type": "Feature", "geometry": {"type": "Point", "coordinates": [2.317324, 48.797455]}, "properties": {"numparc": 1415, "etat de la localisation": "autre", "ID BDGEO": "114", "horodatage": "2021-08-10 13:13:48", "distance (en metres)": 97.3, "station": "PASTEUR-MEUNIERS", "marker-color": "#818181"}}, {"type": "Feature", "geometry": {"type": "Point", "coordinates": [2.317324, 48.797455]}, "properties": {"numparc": 1415, "etat de la localisation": "autre", "ID BDGEO": "114", "horodatage": "2021-08-10 13:13:48", "distance (en metres)": 97.3, "station": "PASTEUR-MEUNIERS", "marker-color": "#818181"}}, {"type": "Feature", "geometry": {"type": "Point", "coordinates": [2.324709, 48.82148]}, "properties": {"numparc": 1413, "etat de la localisation": "autre", "ID BDGEO": "2", "horodatage": "2021-08-10 13:18:52", "distance (en metres)": 57.0, "station": "PORTE D'ORLEANS.", "marker-color": "#818181"}}, {"type": "Feature", "geometry": {"type": "Point", "coordinates": [2.317338, 48.797455]}, "properties": {"numparc": 1412, "etat de la localisation": "autre", "ID BDGEO": "114", "horodatage": "2021-08-10 13:31:14", "distance (en metres)": 97.19, "station": "PASTEUR-MEUNIERS", "marker-color": "#818181"}}, {"type": "Feature", "geometry": {"type": "Point", "coordinates": [2.325366, 48.818497]}, "properties": {"numparc": 1413, "etat de la localisation": "autre", "ID BDGEO": "126", "horodatage": "2021-08-10 13:33:06", "distance (en metres)": 47.46, "station": "GABRIEL PERI", "marker-color": "#818181"}}, {"type": "Feature", "geometry": {"type": "Point", "coordinates": [2.325547, 48.821373]}, "properties": {"numparc": 1417, "etat de la localisation": "autre", "ID BDGEO": "223", "horodatage": "2021-08-10 13:38:51", "distance (en metres)": 76.65, "station": "PORTE D'ORLEANS", "marker-color": "#818181"}}, {"type": "Feature", "geometry": {"type": "Point", "coordinates": [2.324802, 48.821449]}, "properties": {"numparc": 1417, "etat de la localisation": "autre", "ID BDGEO": "223", "horodatage": "2021-08-10 13:41:31", "distance (en metres)": 48.23, "station": "PORTE D'ORLEANS", "marker-color": "#818181"}}, {"type": "Feature", "geometry": {"type": "Point", "coordinates": [2.32554, 48.821716]}, "properties": {"numparc": 1411, "etat de la localisation": "autre", "ID BDGEO": "223", "horodatage": "2021-08-10 13:41:32", "distance (en metres)": 54.37, "station": "PORTE D'ORLEANS", "marker-color": "#818181"}}, {"type": "Feature", "geometry": {"type": "Point", "coordinates": [2.32554, 48.821716]}, "properties": {"numparc": 1411, "etat de la localisation": "autre", "ID BDGEO": "223", "horodatage": "2021-08-10 13:41:32", "distance (en metres)": 54.37, "station": "PORTE D'ORLEANS", "marker-color": "#818181"}}, {"type": "Feature", "geometry": {"type": "Point", "coordinates": [2.324802, 48.821449]}, "properties": {"numparc": 1417, "etat de la localisation": "autre", "ID BDGEO": "223", "horodatage": "2021-08-10 13:44:50", "distance (en metres)": 48.23, "station": "PORTE D'ORLEANS", "marker-color": "#818181"}}, {"type": "Feature", "geometry": {"type": "Point", "coordinates": [2.31735, 48.797447]}, "properties": {"numparc": 1413, "etat de la localisation": "autre", "ID BDGEO": "114", "horodatage": "2021-08-10 13:46:13", "distance (en metres)": 97.95, "station": "PASTEUR-MEUNIERS", "marker-color": "#818181"}}, {"type": "Feature", "geometry": {"type": "Point", "coordinates": [2.324802, 48.821449]}, "properties": {"numparc": 1417, "etat de la localisation": "autre", "ID BDGEO": "223", "horodatage": "2021-08-10 13:46:26", "distance (en metres)": 48.23, "station": "PORTE D'ORLEANS", "marker-color": "#818181"}}, {"type": "Feature", "geometry": {"type": "Point", "coordinates": [2.324704, 48.821449]}, "properties": {"numparc": 1411, "etat de la localisation": "autre", "ID BDGEO": "223", "horodatage": "2021-08-10 13:47:28", "distance (en metres)": 49.19, "station": "PORTE D'ORLEANS", "marker-color": "#818181"}}, {"type": "Feature", "geometry": {"type": "Point", "coordinates": [2.324704, 48.821449]}, "properties": {"numparc": 1411, "etat de la localisation": "autre", "ID BDGEO": "223", "horodatage": "2021-08-10 13:47:28", "distance (en metres)": 49.19, "station": "PORTE D'ORLEANS", "marker-color": "#818181"}}, {"type": "Feature", "geometry": {"type": "Point", "coordinates": [2.317325, 48.797462]}, "properties": {"numparc": 1417, "etat de la localisation": "autre", "ID BDGEO": "114", "horodatage": "2021-08-10 14:00:01", "distance (en metres)": 96.44, "station": "PASTEUR-MEUNIERS", "marker-color": "#818181"}}, {"type": "Feature", "geometry": {"type": "Point", "coordinates": [2.325554, 48.821384]}, "properties": {"numparc": 1415, "etat de la localisation": "autre", "ID BDGEO": "223", "horodatage": "2021-08-10 14:05:52", "distance (en metres)": 76.06, "station": "PORTE D'ORLEANS", "marker-color": "#818181"}}, {"type": "Feature", "geometry": {"type": "Point", "coordinates": [2.325554, 48.821384]}, "properties": {"numparc": 1415, "etat de la localisation": "autre", "ID BDGEO": "223", "horodatage": "2021-08-10 14:05:52", "distance (en metres)": 76.06, "station": "PORTE D'ORLEANS", "marker-color": "#818181"}}, {"type": "Feature", "geometry": {"type": "Point", "coordinates": [2.325554, 48.821384]}, "properties": {"numparc": 1415, "etat de la localisation": "autre", "ID BDGEO": "223", "horodatage": "2021-08-10 14:06:13", "distance (en metres)": 76.06, "station": "PORTE D'ORLEANS", "marker-color": "#818181"}}, {"type": "Feature", "geometry": {"type": "Point", "coordinates": [2.325554, 48.821384]}, "properties": {"numparc": 1415, "etat de la localisation": "autre", "ID BDGEO": "223", "horodatage": "2021-08-10 14:06:13", "distance (en metres)": 76.06, "station": "PORTE D'ORLEANS", "marker-color": "#818181"}}, {"type": "Feature", "geometry": {"type": "Point", "coordinates": [2.324711, 48.821442]}, "properties": {"numparc": 1415, "etat de la localisation": "autre", "ID BDGEO": "223", "horodatage": "2021-08-10 14:08:08", "distance (en metres)": 49.92, "station": "PORTE D'ORLEANS", "marker-color": "#818181"}}, {"type": "Feature", "geometry": {"type": "Point", "coordinates": [2.324711, 48.821442]}, "properties": {"numparc": 1415, "etat de la localisation": "autre", "ID BDGEO": "223", "horodatage": "2021-08-10 14:08:08", "distance (en metres)": 49.92, "station": "PORTE D'ORLEANS", "marker-color": "#818181"}}, {"type": "Feature", "geometry": {"type": "Point", "coordinates": [2.317288, 48.797482]}, "properties": {"numparc": 1411, "etat de la localisation": "autre", "ID BDGEO": "114", "horodatage": "2021-08-10 14:11:11", "distance (en metres)": 94.7, "station": "PASTEUR-MEUNIERS", "marker-color": "#818181"}}, {"type": "Feature", "geometry": {"type": "Point", "coordinates": [2.317288, 48.797482]}, "properties": {"numparc": 1411, "etat de la localisation": "autre", "ID BDGEO": "114", "horodatage": "2021-08-10 14:11:11", "distance (en metres)": 94.7, "station": "PASTEUR-MEUNIERS", "marker-color": "#818181"}}, {"type": "Feature", "geometry": {"type": "Point", "coordinates": [2.32556, 48.821339]}, "properties": {"numparc": 1412, "etat de la localisation": "autre", "ID BDGEO": "223", "horodatage": "2021-08-10 14:18:53", "distance (en metres)": 80.14, "station": "PORTE D'ORLEANS", "marker-color": "#818181"}}, {"type": "Feature", "geometry": {"type": "Point", "coordinates": [2.317313, 48.797455]}, "properties": {"numparc": 1415, "etat de la localisation": "autre", "ID BDGEO": "114", "horodatage": "2021-08-10 14:24:01", "distance (en metres)": 97.4, "station": "PASTEUR-MEUNIERS", "marker-color": "#818181"}}, {"type": "Feature", "geometry": {"type": "Point", "coordinates": [2.317313, 48.797455]}, "properties": {"numparc": 1415, "etat de la localisation": "autre", "ID BDGEO": "114", "horodatage": "2021-08-10 14:24:01", "distance (en metres)": 97.4, "station": "PASTEUR-MEUNIERS", "marker-color": "#818181"}}, {"type": "Feature", "geometry": {"type": "Point", "coordinates": [2.324671, 48.821415]}, "properties": {"numparc": 1412, "etat de la localisation": "autre", "ID BDGEO": "223", "horodatage": "2021-08-10 14:24:43", "distance (en metres)": 53.44, "station": "PORTE D'ORLEANS", "marker-color": "#818181"}}, {"type": "Feature", "geometry": {"type": "Point", "coordinates": [2.32554, 48.821362]}, "properties": {"numparc": 1413, "etat de la localisation": "autre", "ID BDGEO": "223", "horodatage": "2021-08-10 14:29:36", "distance (en metres)": 77.26, "station": "PORTE D'ORLEANS", "marker-color": "#818181"}}, {"type": "Feature", "geometry": {"type": "Point", "coordinates": [2.32477, 48.821461]}, "properties": {"numparc": 1413, "etat de la localisation": "autre", "ID BDGEO": "223", "horodatage": "2021-08-10 14:38:21", "distance (en metres)": 47.17, "station": "PORTE D'ORLEANS", "marker-color": "#818181"}}, {"type": "Feature", "geometry": {"type": "Point", "coordinates": [2.325553, 48.82122]}, "properties": {"numparc": 1417, "etat de la localisation": "autre", "ID BDGEO": "223", "horodatage": "2021-08-10 14:46:49", "distance (en metres)": 90.17, "station": "PORTE D'ORLEANS", "marker-color": "#818181"}}, {"type": "Feature", "geometry": {"type": "Point", "coordinates": [2.317316, 48.797447]}, "properties": {"numparc": 1412, "etat de la localisation": "autre", "ID BDGEO": "114", "horodatage": "2021-08-10 14:51:16", "distance (en metres)": 98.21, "station": "PASTEUR-MEUNIERS", "marker-color": "#818181"}}, {"type": "Feature", "geometry": {"type": "Point", "coordinates": [2.325545, 48.821697]}, "properties": {"numparc": 1411, "etat de la localisation": "autre", "ID BDGEO": "223", "horodatage": "2021-08-10 14:58:52", "distance (en metres)": 55.47, "station": "PORTE D'ORLEANS", "marker-color": "#818181"}}, {"type": "Feature", "geometry": {"type": "Point", "coordinates": [2.325545, 48.821697]}, "properties": {"numparc": 1411, "etat de la localisation": "autre", "ID BDGEO": "223", "horodatage": "2021-08-10 14:58:52", "distance (en metres)": 55.47, "station": "PORTE D'ORLEANS", "marker-color": "#818181"}}, {"type": "Feature", "geometry": {"type": "Point", "coordinates": [2.324746, 48.821461]}, "properties": {"numparc": 1417, "etat de la localisation": "autre", "ID BDGEO": "223", "horodatage": "2021-08-10 15:03:08", "distance (en metres)": 47.4, "station": "PORTE D'ORLEANS", "marker-color": "#818181"}}, {"type": "Feature", "geometry": {"type": "Point", "coordinates": [2.324708, 48.821445]}, "properties": {"numparc": 1411, "etat de la localisation": "autre", "ID BDGEO": "223", "horodatage": "2021-08-10 15:04:47", "distance (en metres)": 49.55, "station": "PORTE D'ORLEANS", "marker-color": "#818181"}}, {"type": "Feature", "geometry": {"type": "Point", "coordinates": [2.324708, 48.821445]}, "properties": {"numparc": 1411, "etat de la localisation": "autre", "ID BDGEO": "223", "horodatage": "2021-08-10 15:04:47", "distance (en metres)": 49.55, "station": "PORTE D'ORLEANS", "marker-color": "#818181"}}, {"type": "Feature", "geometry": {"type": "Point", "coordinates": [2.317329, 48.797447]}, "properties": {"numparc": 1413, "etat de la localisation": "autre", "ID BDGEO": "114", "horodatage": "2021-08-10 15:06:27", "distance (en metres)": 98.1, "station": "PASTEUR-MEUNIERS", "marker-color": "#818181"}}, {"type": "Feature", "geometry": {"type": "Point", "coordinates": [2.325514, 48.821358]}, "properties": {"numparc": 1415, "etat de la localisation": "autre", "ID BDGEO": "223", "horodatage": "2021-08-10 15:13:34", "distance (en metres)": 76.33, "station": "PORTE D'ORLEANS", "marker-color": "#818181"}}, {"type": "Feature", "geometry": {"type": "Point", "coordinates": [2.325514, 48.821358]}, "properties": {"numparc": 1415, "etat de la localisation": "autre", "ID BDGEO": "223", "horodatage": "2021-08-10 15:13:34", "distance (en metres)": 76.33, "station": "PORTE D'ORLEANS", "marker-color": "#818181"}}, {"type": "Feature", "geometry": {"type": "Point", "coordinates": [2.325514, 48.821358]}, "properties": {"numparc": 1415, "etat de la localisation": "autre", "ID BDGEO": "223", "horodatage": "2021-08-10 15:13:48", "distance (en metres)": 76.33, "station": "PORTE D'ORLEANS", "marker-color": "#818181"}}, {"type": "Feature", "geometry": {"type": "Point", "coordinates": [2.325514, 48.821358]}, "properties": {"numparc": 1415, "etat de la localisation": "autre", "ID BDGEO": "223", "horodatage": "2021-08-10 15:13:48", "distance (en metres)": 76.33, "station": "PORTE D'ORLEANS", "marker-color": "#818181"}}, {"type": "Feature", "geometry": {"type": "Point", "coordinates": [2.324708, 48.821445]}, "properties": {"numparc": 1411, "etat de la localisation": "autre", "ID BDGEO": "223", "horodatage": "2021-08-10 15:14:41", "distance (en metres)": 49.55, "station": "PORTE D'ORLEANS", "marker-color": "#818181"}}, {"type": "Feature", "geometry": {"type": "Point", "coordinates": [2.324708, 48.821445]}, "properties": {"numparc": 1411, "etat de la localisation": "autre", "ID BDGEO": "223", "horodatage": "2021-08-10 15:14:41", "distance (en metres)": 49.55, "station": "PORTE D'ORLEANS", "marker-color": "#818181"}}, {"type": "Feature", "geometry": {"type": "Point", "coordinates": [2.317301, 48.797455]}, "properties": {"numparc": 1417, "etat de la localisation": "autre", "ID BDGEO": "114", "horodatage": "2021-08-10 15:15:19", "distance (en metres)": 97.51, "station": "PASTEUR-MEUNIERS", "marker-color": "#818181"}}, {"type": "Feature", "geometry": {"type": "Point", "coordinates": [2.317284, 48.797161]}, "properties": {"numparc": 1417, "etat de la localisation": "autre", "ID BDGEO": "114", "horodatage": "2021-08-10 15:15:57", "distance (en metres)": 130.08, "station": "PASTEUR-MEUNIERS", "marker-color": "#818181"}}, {"type": "Feature", "geometry": {"type": "Point", "coordinates": [2.324744, 48.821449]}, "properties": {"numparc": 1415, "etat de la localisation": "autre", "ID BDGEO": "223", "horodatage": "2021-08-10 15:25:37", "distance (en metres)": 48.67, "station": "PORTE D'ORLEANS", "marker-color": "#818181"}}, {"type": "Feature", "geometry": {"type": "Point", "coordinates": [2.324744, 48.821449]}, "properties": {"numparc": 1415, "etat de la localisation": "autre", "ID BDGEO": "223", "horodatage": "2021-08-10 15:25:37", "distance (en metres)": 48.67, "station": "PORTE D'ORLEANS", "marker-color": "#818181"}}, {"type": "Feature", "geometry": {"type": "Point", "coordinates": [2.317299, 48.79744]}, "properties": {"numparc": 1411, "etat de la localisation": "autre", "ID BDGEO": "114", "horodatage": "2021-08-10 15:28:42", "distance (en metres)": 99.21, "station": "PASTEUR-MEUNIERS", "marker-color": "#818181"}}, {"type": "Feature", "geometry": {"type": "Point", "coordinates": [2.317299, 48.79744]}, "properties": {"numparc": 1411, "etat de la localisation": "autre", "ID BDGEO": "114", "horodatage": "2021-08-10 15:28:42", "distance (en metres)": 99.21, "station": "PASTEUR-MEUNIERS", "marker-color": "#818181"}}, {"type": "Feature", "geometry": {"type": "Point", "coordinates": [2.325542, 48.821285]}, "properties": {"numparc": 1412, "etat de la localisation": "autre", "ID BDGEO": "223", "horodatage": "2021-08-10 15:40:15", "distance (en metres)": 83.89, "station": "PORTE D'ORLEANS", "marker-color": "#818181"}}, {"type": "Feature", "geometry": {"type": "Point", "coordinates": [2.317331, 48.797447]}, "properties": {"numparc": 1415, "etat de la localisation": "autre", "ID BDGEO": "114", "horodatage": "2021-08-10 15:43:48", "distance (en metres)": 98.09, "station": "PASTEUR-MEUNIERS", "marker-color": "#818181"}}, {"type": "Feature", "geometry": {"type": "Point", "coordinates": [2.317331, 48.797447]}, "properties": {"numparc": 1415, "etat de la localisation": "autre", "ID BDGEO": "114", "horodatage": "2021-08-10 15:43:48", "distance (en metres)": 98.09, "station": "PASTEUR-MEUNIERS", "marker-color": "#818181"}}, {"type": "Feature", "geometry": {"type": "Point", "coordinates": [2.324708, 48.82143]}, "properties": {"numparc": 1412, "etat de la localisation": "autre", "ID BDGEO": "223", "horodatage": "2021-08-10 15:44:21", "distance (en metres)": 51.21, "station": "PORTE D'ORLEANS", "marker-color": "#818181"}}, {"type": "Feature", "geometry": {"type": "Point", "coordinates": [2.301479, 48.797264]}, "properties": {"numparc": 1411, "etat de la localisation": "autre", "ID BDGEO": "75", "horodatage": "2021-08-10 15:53:03", "distance (en metres)": 68.07, "station": "RUE FROIDE", "marker-color": "#818181"}}, {"type": "Feature", "geometry": {"type": "Point", "coordinates": [2.301479, 48.797264]}, "properties": {"numparc": 1411, "etat de la localisation": "autre", "ID BDGEO": "75", "horodatage": "2021-08-10 15:53:03", "distance (en metres)": 68.07, "station": "RUE FROIDE", "marker-color": "#818181"}}, {"type": "Feature", "geometry": {"type": "Point", "coordinates": [2.325548, 48.82135]}, "properties": {"numparc": 1413, "etat de la localisation": "autre", "ID BDGEO": "223", "horodatage": "2021-08-10 15:55:16", "distance (en metres)": 78.6, "station": "PORTE D'ORLEANS", "marker-color": "#818181"}}, {"type": "Feature", "geometry": {"type": "Point", "coordinates": [2.325566, 48.821373]}, "properties": {"numparc": 1417, "etat de la localisation": "autre", "ID BDGEO": "223", "horodatage": "2021-08-10 16:04:22", "distance (en metres)": 77.6, "station": "PORTE D'ORLEANS", "marker-color": "#818181"}}, {"type": "Feature", "geometry": {"type": "Point", "coordinates": [2.324707, 48.821457]}, "properties": {"numparc": 1417, "etat de la localisation": "autre", "ID BDGEO": "223", "horodatage": "2021-08-10 16:08:18", "distance (en metres)": 48.31, "station": "PORTE D'ORLEANS", "marker-color": "#818181"}}, {"type": "Feature", "geometry": {"type": "Point", "coordinates": [2.317303, 48.797474]}, "properties": {"numparc": 1412, "etat de la localisation": "autre", "ID BDGEO": "114", "horodatage": "2021-08-10 16:09:15", "distance (en metres)": 95.38, "station": "PASTEUR-MEUNIERS", "marker-color": "#818181"}}, {"type": "Feature", "geometry": {"type": "Point", "coordinates": [2.324707, 48.821457]}, "properties": {"numparc": 1417, "etat de la localisation": "autre", "ID BDGEO": "223", "horodatage": "2021-08-10 16:09:43", "distance (en metres)": 48.31, "station": "PORTE D'ORLEANS", "marker-color": "#818181"}}, {"type": "Feature", "geometry": {"type": "Point", "coordinates": [2.325548, 48.821701]}, "properties": {"numparc": 1411, "etat de la localisation": "autre", "ID BDGEO": "223", "horodatage": "2021-08-10 16:19:08", "distance (en metres)": 55.51, "station": "PORTE D'ORLEANS", "marker-color": "#818181"}}, {"type": "Feature", "geometry": {"type": "Point", "coordinates": [2.325548, 48.821701]}, "properties": {"numparc": 1411, "etat de la localisation": "autre", "ID BDGEO": "223", "horodatage": "2021-08-10 16:19:08", "distance (en metres)": 55.51, "station": "PORTE D'ORLEANS", "marker-color": "#818181"}}, {"type": "Feature", "geometry": {"type": "Point", "coordinates": [2.324705, 48.821419]}, "properties": {"numparc": 1411, "etat de la localisation": "autre", "ID BDGEO": "223", "horodatage": "2021-08-10 16:21:28", "distance (en metres)": 52.5, "station": "PORTE D'ORLEANS", "marker-color": "#818181"}}, {"type": "Feature", "geometry": {"type": "Point", "coordinates": [2.324705, 48.821419]}, "properties": {"numparc": 1411, "etat de la localisation": "autre", "ID BDGEO": "223", "horodatage": "2021-08-10 16:21:28", "distance (en metres)": 52.5, "station": "PORTE D'ORLEANS", "marker-color": "#818181"}}, {"type": "Feature", "geometry": {"type": "Point", "coordinates": [2.317317, 48.797443]}, "properties": {"numparc": 1417, "etat de la localisation": "autre", "ID BDGEO": "114", "horodatage": "2021-08-10 16:22:30", "distance (en metres)": 98.62, "station": "PASTEUR-MEUNIERS", "marker-color": "#818181"}}, {"type": "Feature", "geometry": {"type": "Point", "coordinates": [2.324639, 48.821438]}, "properties": {"numparc": 1413, "etat de la localisation": "autre", "ID BDGEO": "223", "horodatage": "2021-08-10 16:29:52", "distance (en metres)": 51.59, "station": "PORTE D'ORLEANS", "marker-color": "#818181"}}, {"type": "Feature", "geometry": {"type": "Point", "coordinates": [2.324639, 48.821438]}, "properties": {"numparc": 1413, "etat de la localisation": "autre", "ID BDGEO": "223", "horodatage": "2021-08-10 16:32:11", "distance (en metres)": 51.59, "station": "PORTE D'ORLEANS", "marker-color": "#818181"}}, {"type": "Feature", "geometry": {"type": "Point", "coordinates": [2.32555, 48.82135]}, "properties": {"numparc": 1415, "etat de la localisation": "autre", "ID BDGEO": "223", "horodatage": "2021-08-10 16:32:15", "distance (en metres)": 78.7, "station": "PORTE D'ORLEANS", "marker-color": "#818181"}}, {"type": "Feature", "geometry": {"type": "Point", "coordinates": [2.32555, 48.82135]}, "properties": {"numparc": 1415, "etat de la localisation": "autre", "ID BDGEO": "223", "horodatage": "2021-08-10 16:32:15", "distance (en metres)": 78.7, "station": "PORTE D'ORLEANS", "marker-color": "#818181"}}, {"type": "Feature", "geometry": {"type": "Point", "coordinates": [2.317322, 48.797443]}, "properties": {"numparc": 1411, "etat de la localisation": "autre", "ID BDGEO": "114", "horodatage": "2021-08-10 16:38:48", "distance (en metres)": 98.58, "station": "PASTEUR-MEUNIERS", "marker-color": "#818181"}}, {"type": "Feature", "geometry": {"type": "Point", "coordinates": [2.317322, 48.797443]}, "properties": {"numparc": 1411, "etat de la localisation": "autre", "ID BDGEO": "114", "horodatage": "2021-08-10 16:38:48", "distance (en metres)": 98.58, "station": "PASTEUR-MEUNIERS", "marker-color": "#818181"}}, {"type": "Feature", "geometry": {"type": "Point", "coordinates": [2.32472, 48.821373]}, "properties": {"numparc": 1415, "etat de la localisation": "autre", "ID BDGEO": "223", "horodatage": "2021-08-10 16:41:49", "distance (en metres)": 57.33, "station": "PORTE D'ORLEANS", "marker-color": "#818181"}}, {"type": "Feature", "geometry": {"type": "Point", "coordinates": [2.32472, 48.821373]}, "properties": {"numparc": 1415, "etat de la localisation": "autre", "ID BDGEO": "223", "horodatage": "2021-08-10 16:41:49", "distance (en metres)": 57.33, "station": "PORTE D'ORLEANS", "marker-color": "#818181"}}, {"type": "Feature", "geometry": {"type": "Point", "coordinates": [2.324399, 48.820984]}, "properties": {"numparc": 1415, "etat de la localisation": "autre", "ID BDGEO": "223", "horodatage": "2021-08-10 16:43:12", "distance (en metres)": 105.02, "station": "PORTE D'ORLEANS", "marker-color": "#818181"}}, {"type": "Feature", "geometry": {"type": "Point", "coordinates": [2.324399, 48.820984]}, "properties": {"numparc": 1415, "etat de la localisation": "autre", "ID BDGEO": "223", "horodatage": "2021-08-10 16:43:12", "distance (en metres)": 105.02, "station": "PORTE D'ORLEANS", "marker-color": "#818181"}}, {"type": "Feature", "geometry": {"type": "Point", "coordinates": [2.317328, 48.797455]}, "properties": {"numparc": 1413, "etat de la localisation": "autre", "ID BDGEO": "114", "horodatage": "2021-08-10 16:45:13", "distance (en metres)": 97.27, "station": "PASTEUR-MEUNIERS", "marker-color": "#818181"}}, {"type": "Feature", "geometry": {"type": "Point", "coordinates": [2.329712, 48.822975]}, "properties": {"numparc": 1414, "etat de la localisation": "autre", "ID BDGEO": "657", "horodatage": "2021-08-10 16:50:09", "distance (en metres)": 52.18, "station": "CENTRE BUS DE MONTROUGE-SORTIE", "marker-color": "#818181"}}, {"type": "Feature", "geometry": {"type": "Point", "coordinates": [2.317295, 48.797443]}, "properties": {"numparc": 1415, "etat de la localisation": "autre", "ID BDGEO": "114", "horodatage": "2021-08-10 16:58:48", "distance (en metres)": 98.82, "station": "PASTEUR-MEUNIERS", "marker-color": "#818181"}}, {"type": "Feature", "geometry": {"type": "Point", "coordinates": [2.317295, 48.797443]}, "properties": {"numparc": 1415, "etat de la localisation": "autre", "ID BDGEO": "114", "horodatage": "2021-08-10 16:58:48", "distance (en metres)": 98.82, "station": "PASTEUR-MEUNIERS", "marker-color": "#818181"}}, {"type": "Feature", "geometry": {"type": "Point", "coordinates": [2.325534, 48.821171]}, "properties": {"numparc": 1412, "etat de la localisation": "autre", "ID BDGEO": "223", "horodatage": "2021-08-10 17:07:21", "distance (en metres)": 93.97, "station": "PORTE D'ORLEANS", "marker-color": "#818181"}}, {"type": "Feature", "geometry": {"type": "Point", "coordinates": [2.325559, 48.821053]}, "properties": {"numparc": 1417, "etat de la localisation": "autre", "ID BDGEO": "223", "horodatage": "2021-08-10 17:08:15", "distance (en metres)": 106.17, "station": "PORTE D'ORLEANS", "marker-color": "#818181"}}, {"type": "Feature", "geometry": {"type": "Point", "coordinates": [2.324817, 48.821438]}, "properties": {"numparc": 1412, "etat de la localisation": "autre", "ID BDGEO": "223", "horodatage": "2021-08-10 17:10:57", "distance (en metres)": 49.45, "station": "PORTE D'ORLEANS", "marker-color": "#818181"}}, {"type": "Feature", "geometry": {"type": "Point", "coordinates": [2.324754, 48.821407]}, "properties": {"numparc": 1414, "etat de la localisation": "autre", "ID BDGEO": "223", "horodatage": "2021-08-10 17:12:19", "distance (en metres)": 53.2, "station": "PORTE D'ORLEANS", "marker-color": "#818181"}}, {"type": "Feature", "geometry": {"type": "Point", "coordinates": [2.324754, 48.821407]}, "properties": {"numparc": 1414, "etat de la localisation": "autre", "ID BDGEO": "223", "horodatage": "2021-08-10 17:18:27", "distance (en metres)": 53.2, "station": "PORTE D'ORLEANS", "marker-color": "#818181"}}, {"type": "Feature", "geometry": {"type": "Point", "coordinates": [2.324775, 48.821449]}, "properties": {"numparc": 1417, "etat de la localisation": "autre", "ID BDGEO": "223", "horodatage": "2021-08-10 17:18:52", "distance (en metres)": 48.39, "station": "PORTE D'ORLEANS", "marker-color": "#818181"}}, {"type": "Feature", "geometry": {"type": "Point", "coordinates": [2.325571, 48.821354]}, "properties": {"numparc": 1411, "etat de la localisation": "autre", "ID BDGEO": "223", "horodatage": "2021-08-10 17:21:22", "distance (en metres)": 79.4, "station": "PORTE D'ORLEANS", "marker-color": "#818181"}}, {"type": "Feature", "geometry": {"type": "Point", "coordinates": [2.325571, 48.821354]}, "properties": {"numparc": 1411, "etat de la localisation": "autre", "ID BDGEO": "223", "horodatage": "2021-08-10 17:21:22", "distance (en metres)": 79.4, "station": "PORTE D'ORLEANS", "marker-color": "#818181"}}, {"type": "Feature", "geometry": {"type": "Point", "coordinates": [2.325574, 48.821659]}, "properties": {"numparc": 1411, "etat de la localisation": "autre", "ID BDGEO": "223", "horodatage": "2021-08-10 17:22:16", "distance (en metres)": 59.09, "station": "PORTE D'ORLEANS", "marker-color": "#818181"}}, {"type": "Feature", "geometry": {"type": "Point", "coordinates": [2.325574, 48.821659]}, "properties": {"numparc": 1411, "etat de la localisation": "autre", "ID BDGEO": "223", "horodatage": "2021-08-10 17:22:16", "distance (en metres)": 59.09, "station": "PORTE D'ORLEANS", "marker-color": "#818181"}}, {"type": "Feature", "geometry": {"type": "Point", "coordinates": [2.325574, 48.821659]}, "properties": {"numparc": 1411, "etat de la localisation": "autre", "ID BDGEO": "223", "horodatage": "2021-08-10 17:22:25", "distance (en metres)": 59.09, "station": "PORTE D'ORLEANS", "marker-color": "#818181"}}, {"type": "Feature", "geometry": {"type": "Point", "coordinates": [2.325574, 48.821659]}, "properties": {"numparc": 1411, "etat de la localisation": "autre", "ID BDGEO": "223", "horodatage": "2021-08-10 17:22:25", "distance (en metres)": 59.09, "station": "PORTE D'ORLEANS", "marker-color": "#818181"}}, {"type": "Feature", "geometry": {"type": "Point", "coordinates": [2.317323, 48.797455]}, "properties": {"numparc": 1412, "etat de la localisation": "autre", "ID BDGEO": "114", "horodatage": "2021-08-10 17:23:46", "distance (en metres)": 97.31, "station": "PASTEUR-MEUNIERS", "marker-color": "#818181"}}, {"type": "Feature", "geometry": {"type": "Point", "coordinates": [2.317323, 48.797455]}, "properties": {"numparc": 1412, "etat de la localisation": "autre", "ID BDGEO": "114", "horodatage": "2021-08-10 17:23:56", "distance (en metres)": 97.31, "station": "PASTEUR-MEUNIERS", "marker-color": "#818181"}}, {"type": "Feature", "geometry": {"type": "Point", "coordinates": [2.324775, 48.821449]}, "properties": {"numparc": 1417, "etat de la localisation": "autre", "ID BDGEO": "223", "horodatage": "2021-08-10 17:26:04", "distance (en metres)": 48.39, "station": "PORTE D'ORLEANS", "marker-color": "#818181"}}, {"type": "Feature", "geometry": {"type": "Point", "coordinates": [2.317383, 48.797379]}, "properties": {"numparc": 1414, "etat de la localisation": "autre", "ID BDGEO": "114", "horodatage": "2021-08-10 17:30:10", "distance (en metres)": 105.37, "station": "PASTEUR-MEUNIERS", "marker-color": "#818181"}}, {"type": "Feature", "geometry": {"type": "Point", "coordinates": [2.325574, 48.821659]}, "properties": {"numparc": 1411, "etat de la localisation": "autre", "ID BDGEO": "223", "horodatage": "2021-08-10 17:30:34", "distance (en metres)": 59.09, "station": "PORTE D'ORLEANS", "marker-color": "#818181"}}, {"type": "Feature", "geometry": {"type": "Point", "coordinates": [2.325574, 48.821659]}, "properties": {"numparc": 1411, "etat de la localisation": "autre", "ID BDGEO": "223", "horodatage": "2021-08-10 17:30:34", "distance (en metres)": 59.09, "station": "PORTE D'ORLEANS", "marker-color": "#818181"}}, {"type": "Feature", "geometry": {"type": "Point", "coordinates": [2.325574, 48.821659]}, "properties": {"numparc": 1411, "etat de la localisation": "autre", "ID BDGEO": "223", "horodatage": "2021-08-10 17:31:17", "distance (en metres)": 59.09, "station": "PORTE D'ORLEANS", "marker-color": "#818181"}}, {"type": "Feature", "geometry": {"type": "Point", "coordinates": [2.325574, 48.821659]}, "properties": {"numparc": 1411, "etat de la localisation": "autre", "ID BDGEO": "223", "horodatage": "2021-08-10 17:31:17", "distance (en metres)": 59.09, "station": "PORTE D'ORLEANS", "marker-color": "#818181"}}, {"type": "Feature", "geometry": {"type": "Point", "coordinates": [2.324645, 48.821491]}, "properties": {"numparc": 1411, "etat de la localisation": "autre", "ID BDGEO": "223", "horodatage": "2021-08-10 17:33:27", "distance (en metres)": 45.8, "station": "PORTE D'ORLEANS", "marker-color": "#818181"}}, {"type": "Feature", "geometry": {"type": "Point", "coordinates": [2.324645, 48.821491]}, "properties": {"numparc": 1411, "etat de la localisation": "autre", "ID BDGEO": "223", "horodatage": "2021-08-10 17:33:27", "distance (en metres)": 45.8, "station": "PORTE D'ORLEANS", "marker-color": "#818181"}}, {"type": "Feature", "geometry": {"type": "Point", "coordinates": [2.325508, 48.82135]}, "properties": {"numparc": 1413, "etat de la localisation": "autre", "ID BDGEO": "223", "horodatage": "2021-08-10 17:34:50", "distance (en metres)": 76.71, "station": "PORTE D'ORLEANS", "marker-color": "#818181"}}, {"type": "Feature", "geometry": {"type": "Point", "coordinates": [2.324645, 48.821491]}, "properties": {"numparc": 1411, "etat de la localisation": "autre", "ID BDGEO": "223", "horodatage": "2021-08-10 17:37:16", "distance (en metres)": 45.8, "station": "PORTE D'ORLEANS", "marker-color": "#818181"}}, {"type": "Feature", "geometry": {"type": "Point", "coordinates": [2.324645, 48.821491]}, "properties": {"numparc": 1411, "etat de la localisation": "autre", "ID BDGEO": "223", "horodatage": "2021-08-10 17:37:16", "distance (en metres)": 45.8, "station": "PORTE D'ORLEANS", "marker-color": "#818181"}}, {"type": "Feature", "geometry": {"type": "Point", "coordinates": [2.324645, 48.821491]}, "properties": {"numparc": 1411, "etat de la localisation": "autre", "ID BDGEO": "223", "horodatage": "2021-08-10 17:39:37", "distance (en metres)": 45.8, "station": "PORTE D'ORLEANS", "marker-color": "#818181"}}, {"type": "Feature", "geometry": {"type": "Point", "coordinates": [2.324645, 48.821491]}, "properties": {"numparc": 1411, "etat de la localisation": "autre", "ID BDGEO": "223", "horodatage": "2021-08-10 17:39:37", "distance (en metres)": 45.8, "station": "PORTE D'ORLEANS", "marker-color": "#818181"}}, {"type": "Feature", "geometry": {"type": "Point", "coordinates": [2.317367, 48.797428]}, "properties": {"numparc": 1417, "etat de la localisation": "autre", "ID BDGEO": "114", "horodatage": "2021-08-10 17:43:48", "distance (en metres)": 99.96, "station": "PASTEUR-MEUNIERS", "marker-color": "#818181"}}, {"type": "Feature", "geometry": {"type": "Point", "coordinates": [2.325556, 48.821369]}, "properties": {"numparc": 1415, "etat de la localisation": "autre", "ID BDGEO": "223", "horodatage": "2021-08-10 17:48:31", "distance (en metres)": 77.41, "station": "PORTE D'ORLEANS", "marker-color": "#818181"}}, {"type": "Feature", "geometry": {"type": "Point", "coordinates": [2.325556, 48.821369]}, "properties": {"numparc": 1415, "etat de la localisation": "autre", "ID BDGEO": "223", "horodatage": "2021-08-10 17:48:31", "distance (en metres)": 77.41, "station": "PORTE D'ORLEANS", "marker-color": "#818181"}}, {"type": "Feature", "geometry": {"type": "Point", "coordinates": [2.325556, 48.821369]}, "properties": {"numparc": 1415, "etat de la localisation": "autre", "ID BDGEO": "223", "horodatage": "2021-08-10 17:48:54", "distance (en metres)": 77.41, "station": "PORTE D'ORLEANS", "marker-color": "#818181"}}, {"type": "Feature", "geometry": {"type": "Point", "coordinates": [2.325556, 48.821369]}, "properties": {"numparc": 1415, "etat de la localisation": "autre", "ID BDGEO": "223", "horodatage": "2021-08-10 17:48:54", "distance (en metres)": 77.41, "station": "PORTE D'ORLEANS", "marker-color": "#818181"}}, {"type": "Feature", "geometry": {"type": "Point", "coordinates": [2.324645, 48.821438]}, "properties": {"numparc": 1413, "etat de la localisation": "autre", "ID BDGEO": "223", "horodatage": "2021-08-10 17:51:09", "distance (en metres)": 51.47, "station": "PORTE D'ORLEANS", "marker-color": "#818181"}}, {"type": "Feature", "geometry": {"type": "Point", "coordinates": [2.324646, 48.821423]}, "properties": {"numparc": 1413, "etat de la localisation": "autre", "ID BDGEO": "223", "horodatage": "2021-08-10 17:51:52", "distance (en metres)": 53.09, "station": "PORTE D'ORLEANS", "marker-color": "#818181"}}, {"type": "Feature", "geometry": {"type": "Point", "coordinates": [2.317355, 48.797432]}, "properties": {"numparc": 1411, "etat de la localisation": "autre", "ID BDGEO": "114", "horodatage": "2021-08-10 17:55:14", "distance (en metres)": 99.61, "station": "PASTEUR-MEUNIERS", "marker-color": "#818181"}}, {"type": "Feature", "geometry": {"type": "Point", "coordinates": [2.317355, 48.797432]}, "properties": {"numparc": 1411, "etat de la localisation": "autre", "ID BDGEO": "114", "horodatage": "2021-08-10 17:55:14", "distance (en metres)": 99.61, "station": "PASTEUR-MEUNIERS", "marker-color": "#818181"}}, {"type": "Feature", "geometry": {"type": "Point", "coordinates": [2.324725, 48.821484]}, "properties": {"numparc": 1415, "etat de la localisation": "autre", "ID BDGEO": "223", "horodatage": "2021-08-10 17:56:00", "distance (en metres)": 45.14, "station": "PORTE D'ORLEANS", "marker-color": "#818181"}}, {"type": "Feature", "geometry": {"type": "Point", "coordinates": [2.324725, 48.821484]}, "properties": {"numparc": 1415, "etat de la localisation": "autre", "ID BDGEO": "223", "horodatage": "2021-08-10 17:56:00", "distance (en metres)": 45.14, "station": "PORTE D'ORLEANS", "marker-color": "#818181"}}, {"type": "Feature", "geometry": {"type": "Point", "coordinates": [2.324725, 48.821484]}, "properties": {"numparc": 1415, "etat de la localisation": "autre", "ID BDGEO": "223", "horodatage": "2021-08-10 17:58:10", "distance (en metres)": 45.14, "station": "PORTE D'ORLEANS", "marker-color": "#818181"}}, {"type": "Feature", "geometry": {"type": "Point", "coordinates": [2.324725, 48.821484]}, "properties": {"numparc": 1415, "etat de la localisation": "autre", "ID BDGEO": "223", "horodatage": "2021-08-10 17:58:10", "distance (en metres)": 45.14, "station": "PORTE D'ORLEANS", "marker-color": "#818181"}}, {"type": "Feature", "geometry": {"type": "Point", "coordinates": [2.317349, 48.797558]}, "properties": {"numparc": 1413, "etat de la localisation": "autre", "ID BDGEO": "114", "horodatage": "2021-08-10 18:06:16", "distance (en metres)": 85.72, "station": "PASTEUR-MEUNIERS", "marker-color": "#818181"}}, {"type": "Feature", "geometry": {"type": "Point", "coordinates": [2.325563, 48.821312]}, "properties": {"numparc": 1412, "etat de la localisation": "autre", "ID BDGEO": "223", "horodatage": "2021-08-10 18:13:44", "distance (en metres)": 82.54, "station": "PORTE D'ORLEANS", "marker-color": "#818181"}}, {"type": "Feature", "geometry": {"type": "Point", "coordinates": [2.324641, 48.821449]}, "properties": {"numparc": 1412, "etat de la localisation": "autre", "ID BDGEO": "223", "horodatage": "2021-08-10 18:16:11", "distance (en metres)": 50.33, "station": "PORTE D'ORLEANS", "marker-color": "#818181"}}, {"type": "Feature", "geometry": {"type": "Point", "coordinates": [2.31729, 48.797455]}, "properties": {"numparc": 1415, "etat de la localisation": "autre", "ID BDGEO": "114", "horodatage": "2021-08-10 18:16:20", "distance (en metres)": 97.61, "station": "PASTEUR-MEUNIERS", "marker-color": "#818181"}}, {"type": "Feature", "geometry": {"type": "Point", "coordinates": [2.31729, 48.797455]}, "properties": {"numparc": 1415, "etat de la localisation": "autre", "ID BDGEO": "114", "horodatage": "2021-08-10 18:16:20", "distance (en metres)": 97.61, "station": "PASTEUR-MEUNIERS", "marker-color": "#818181"}}, {"type": "Feature", "geometry": {"type": "Point", "coordinates": [2.32548, 48.821686]}, "properties": {"numparc": 1414, "etat de la localisation": "autre", "ID BDGEO": "223", "horodatage": "2021-08-10 18:17:47", "distance (en metres)": 51.6, "station": "PORTE D'ORLEANS", "marker-color": "#818181"}}, {"type": "Feature", "geometry": {"type": "Point", "coordinates": [2.325565, 48.821377]}, "properties": {"numparc": 1417, "etat de la localisation": "autre", "ID BDGEO": "223", "horodatage": "2021-08-10 18:32:05", "distance (en metres)": 77.24, "station": "PORTE D'ORLEANS", "marker-color": "#818181"}}, {"type": "Feature", "geometry": {"type": "Point", "coordinates": [2.324774, 48.821442]}, "properties": {"numparc": 1417, "etat de la localisation": "autre", "ID BDGEO": "223", "horodatage": "2021-08-10 18:37:53", "distance (en metres)": 49.25, "station": "PORTE D'ORLEANS", "marker-color": "#818181"}}, {"type": "Feature", "geometry": {"type": "Point", "coordinates": [2.317296, 48.797424]}, "properties": {"numparc": 1412, "etat de la localisation": "autre", "ID BDGEO": "114", "horodatage": "2021-08-10 18:40:03", "distance (en metres)": 100.92, "station": "PASTEUR-MEUNIERS", "marker-color": "#818181"}}, {"type": "Feature", "geometry": {"type": "Point", "coordinates": [2.32556, 48.821026]}, "properties": {"numparc": 1411, "etat de la localisation": "autre", "ID BDGEO": "223", "horodatage": "2021-08-10 18:43:17", "distance (en metres)": 108.8, "station": "PORTE D'ORLEANS", "marker-color": "#818181"}}, {"type": "Feature", "geometry": {"type": "Point", "coordinates": [2.32556, 48.821026]}, "properties": {"numparc": 1411, "etat de la localisation": "autre", "ID BDGEO": "223", "horodatage": "2021-08-10 18:43:17", "distance (en metres)": 108.8, "station": "PORTE D'ORLEANS", "marker-color": "#818181"}}, {"type": "Feature", "geometry": {"type": "Point", "coordinates": [2.324774, 48.821442]}, "properties": {"numparc": 1417, "etat de la localisation": "autre", "ID BDGEO": "223", "horodatage": "2021-08-10 18:44:31", "distance (en metres)": 49.25, "station": "PORTE D'ORLEANS", "marker-color": "#818181"}}, {"type": "Feature", "geometry": {"type": "Point", "coordinates": [2.317296, 48.797443]}, "properties": {"numparc": 1414, "etat de la localisation": "autre", "ID BDGEO": "114", "horodatage": "2021-08-10 18:49:15", "distance (en metres)": 98.81, "station": "PASTEUR-MEUNIERS", "marker-color": "#818181"}}, {"type": "Feature", "geometry": {"type": "Point", "coordinates": [2.324748, 48.821484]}, "properties": {"numparc": 1411, "etat de la localisation": "autre", "ID BDGEO": "223", "horodatage": "2021-08-10 18:52:16", "distance (en metres)": 44.85, "station": "PORTE D'ORLEANS", "marker-color": "#818181"}}, {"type": "Feature", "geometry": {"type": "Point", "coordinates": [2.324748, 48.821484]}, "properties": {"numparc": 1411, "etat de la localisation": "autre", "ID BDGEO": "223", "horodatage": "2021-08-10 18:52:16", "distance (en metres)": 44.85, "station": "PORTE D'ORLEANS", "marker-color": "#818181"}}, {"type": "Feature", "geometry": {"type": "Point", "coordinates": [2.325549, 48.821365]}, "properties": {"numparc": 1413, "etat de la localisation": "autre", "ID BDGEO": "223", "horodatage": "2021-08-10 18:55:03", "distance (en metres)": 77.37, "station": "PORTE D'ORLEANS", "marker-color": "#818181"}}, {"type": "Feature", "geometry": {"type": "Point", "coordinates": [2.324748, 48.821484]}, "properties": {"numparc": 1411, "etat de la localisation": "autre", "ID BDGEO": "223", "horodatage": "2021-08-10 18:58:56", "distance (en metres)": 44.85, "station": "PORTE D'ORLEANS", "marker-color": "#818181"}}, {"type": "Feature", "geometry": {"type": "Point", "coordinates": [2.324748, 48.821484]}, "properties": {"numparc": 1411, "etat de la localisation": "autre", "ID BDGEO": "223", "horodatage": "2021-08-10 18:58:56", "distance (en metres)": 44.85, "station": "PORTE D'ORLEANS", "marker-color": "#818181"}}, {"type": "Feature", "geometry": {"type": "Point", "coordinates": [2.317311, 48.797482]}, "properties": {"numparc": 1417, "etat de la localisation": "autre", "ID BDGEO": "114", "horodatage": "2021-08-10 19:01:27", "distance (en metres)": 94.47, "station": "PASTEUR-MEUNIERS", "marker-color": "#818181"}}, {"type": "Feature", "geometry": {"type": "Point", "coordinates": [2.325562, 48.821091]}, "properties": {"numparc": 1415, "etat de la localisation": "autre", "ID BDGEO": "223", "horodatage": "2021-08-10 19:02:57", "distance (en metres)": 102.62, "station": "PORTE D'ORLEANS", "marker-color": "#818181"}}, {"type": "Feature", "geometry": {"type": "Point", "coordinates": [2.325562, 48.821091]}, "properties": {"numparc": 1415, "etat de la localisation": "autre", "ID BDGEO": "223", "horodatage": "2021-08-10 19:02:57", "distance (en metres)": 102.62, "station": "PORTE D'ORLEANS", "marker-color": "#818181"}}, {"type": "Feature", "geometry": {"type": "Point", "coordinates": [2.324662, 48.82148]}, "properties": {"numparc": 1413, "etat de la localisation": "autre", "ID BDGEO": "223", "horodatage": "2021-08-10 19:06:55", "distance (en metres)": 46.65, "station": "PORTE D'ORLEANS", "marker-color": "#818181"}}, {"type": "Feature", "geometry": {"type": "Point", "coordinates": [2.324662, 48.82148]}, "properties": {"numparc": 1413, "etat de la localisation": "autre", "ID BDGEO": "223", "horodatage": "2021-08-10 19:09:03", "distance (en metres)": 46.65, "station": "PORTE D'ORLEANS", "marker-color": "#818181"}}, {"type": "Feature", "geometry": {"type": "Point", "coordinates": [2.315887, 48.793045]}, "properties": {"numparc": 1412, "etat de la localisation": "autre", "ID BDGEO": "122", "horodatage": "2021-08-10 19:10:11", "distance (en metres)": 48.64, "station": "LES BLAINS", "marker-color": "#818181"}}, {"type": "Feature", "geometry": {"type": "Point", "coordinates": [2.324708, 48.821445]}, "properties": {"numparc": 1415, "etat de la localisation": "autre", "ID BDGEO": "223", "horodatage": "2021-08-10 19:10:55", "distance (en metres)": 49.55, "station": "PORTE D'ORLEANS", "marker-color": "#818181"}}, {"type": "Feature", "geometry": {"type": "Point", "coordinates": [2.324708, 48.821445]}, "properties": {"numparc": 1415, "etat de la localisation": "autre", "ID BDGEO": "223", "horodatage": "2021-08-10 19:10:55", "distance (en metres)": 49.55, "station": "PORTE D'ORLEANS", "marker-color": "#818181"}}, {"type": "Feature", "geometry": {"type": "Point", "coordinates": [2.317312, 48.797443]}, "properties": {"numparc": 1411, "etat de la localisation": "autre", "ID BDGEO": "114", "horodatage": "2021-08-10 19:13:58", "distance (en metres)": 98.66, "station": "PASTEUR-MEUNIERS", "marker-color": "#818181"}}, {"type": "Feature", "geometry": {"type": "Point", "coordinates": [2.317312, 48.797443]}, "properties": {"numparc": 1411, "etat de la localisation": "autre", "ID BDGEO": "114", "horodatage": "2021-08-10 19:13:58", "distance (en metres)": 98.66, "station": "PASTEUR-MEUNIERS", "marker-color": "#818181"}}, {"type": "Feature", "geometry": {"type": "Point", "coordinates": [2.325679, 48.80653]}, "properties": {"numparc": 1413, "etat de la localisation": "autre", "ID BDGEO": "73", "horodatage": "2021-08-10 19:15:42", "distance (en metres)": 235.08, "station": "JEAN-MARIN NAUDIN", "marker-color": "#818181"}}, {"type": "Feature", "geometry": {"type": "Point", "coordinates": [2.324708, 48.821445]}, "properties": {"numparc": 1415, "etat de la localisation": "autre", "ID BDGEO": "223", "horodatage": "2021-08-10 19:20:13", "distance (en metres)": 49.55, "station": "PORTE D'ORLEANS", "marker-color": "#818181"}}, {"type": "Feature", "geometry": {"type": "Point", "coordinates": [2.324708, 48.821445]}, "properties": {"numparc": 1415, "etat de la localisation": "autre", "ID BDGEO": "223", "horodatage": "2021-08-10 19:20:13", "distance (en metres)": 49.55, "station": "PORTE D'ORLEANS", "marker-color": "#818181"}}, {"type": "Feature", "geometry": {"type": "Point", "coordinates": [2.317279, 48.797455]}, "properties": {"numparc": 1413, "etat de la localisation": "autre", "ID BDGEO": "114", "horodatage": "2021-08-10 19:22:38", "distance (en metres)": 97.73, "station": "PASTEUR-MEUNIERS", "marker-color": "#818181"}}, {"type": "Feature", "geometry": {"type": "Point", "coordinates": [2.325583, 48.821678]}, "properties": {"numparc": 1412, "etat de la localisation": "autre", "ID BDGEO": "223", "horodatage": "2021-08-10 19:25:43", "distance (en metres)": 58.84, "station": "PORTE D'ORLEANS", "marker-color": "#818181"}}, {"type": "Feature", "geometry": {"type": "Point", "coordinates": [2.324657, 48.821438]}, "properties": {"numparc": 1412, "etat de la localisation": "autre", "ID BDGEO": "223", "horodatage": "2021-08-10 19:28:00", "distance (en metres)": 51.23, "station": "PORTE D'ORLEANS", "marker-color": "#818181"}}, {"type": "Feature", "geometry": {"type": "Point", "coordinates": [2.324657, 48.821438]}, "properties": {"numparc": 1412, "etat de la localisation": "autre", "ID BDGEO": "223", "horodatage": "2021-08-10 19:33:18", "distance (en metres)": 51.23, "station": "PORTE D'ORLEANS", "marker-color": "#818181"}}, {"type": "Feature", "geometry": {"type": "Point", "coordinates": [2.317327, 48.797455]}, "properties": {"numparc": 1415, "etat de la localisation": "autre", "ID BDGEO": "114", "horodatage": "2021-08-10 19:35:02", "distance (en metres)": 97.28, "station": "PASTEUR-MEUNIERS", "marker-color": "#818181"}}, {"type": "Feature", "geometry": {"type": "Point", "coordinates": [2.317327, 48.797455]}, "properties": {"numparc": 1415, "etat de la localisation": "autre", "ID BDGEO": "114", "horodatage": "2021-08-10 19:35:02", "distance (en metres)": 97.28, "station": "PASTEUR-MEUNIERS", "marker-color": "#818181"}}, {"type": "Feature", "geometry": {"type": "Point", "coordinates": [2.325542, 48.821716]}, "properties": {"numparc": 1414, "etat de la localisation": "autre", "ID BDGEO": "223", "horodatage": "2021-08-10 19:40:29", "distance (en metres)": 54.5, "station": "PORTE D'ORLEANS", "marker-color": "#818181"}}, {"type": "Feature", "geometry": {"type": "Point", "coordinates": [2.324723, 48.821472]}, "properties": {"numparc": 1414, "etat de la localisation": "autre", "ID BDGEO": "223", "horodatage": "2021-08-10 19:43:03", "distance (en metres)": 46.42, "station": "PORTE D'ORLEANS", "marker-color": "#818181"}}, {"type": "Feature", "geometry": {"type": "Point", "coordinates": [2.31731, 48.797455]}, "properties": {"numparc": 1412, "etat de la localisation": "autre", "ID BDGEO": "114", "horodatage": "2021-08-10 19:46:19", "distance (en metres)": 97.42, "station": "PASTEUR-MEUNIERS", "marker-color": "#818181"}}, {"type": "Feature", "geometry": {"type": "Point", "coordinates": [2.324723, 48.821472]}, "properties": {"numparc": 1414, "etat de la localisation": "autre", "ID BDGEO": "223", "horodatage": "2021-08-10 19:47:08", "distance (en metres)": 46.42, "station": "PORTE D'ORLEANS", "marker-color": "#818181"}}, {"type": "Feature", "geometry": {"type": "Point", "coordinates": [2.32556, 48.821011]}, "properties": {"numparc": 1417, "etat de la localisation": "autre", "ID BDGEO": "223", "horodatage": "2021-08-10 19:48:13", "distance (en metres)": 110.29, "station": "PORTE D'ORLEANS", "marker-color": "#818181"}}, {"type": "Feature", "geometry": {"type": "Point", "coordinates": [2.324765, 48.821487]}, "properties": {"numparc": 1417, "etat de la localisation": "autre", "ID BDGEO": "223", "horodatage": "2021-08-10 19:50:58", "distance (en metres)": 44.26, "station": "PORTE D'ORLEANS", "marker-color": "#818181"}}, {"type": "Feature", "geometry": {"type": "Point", "coordinates": [2.324765, 48.821487]}, "properties": {"numparc": 1417, "etat de la localisation": "autre", "ID BDGEO": "223", "horodatage": "2021-08-10 19:56:21", "distance (en metres)": 44.26, "station": "PORTE D'ORLEANS", "marker-color": "#818181"}}, {"type": "Feature", "geometry": {"type": "Point", "coordinates": [2.325559, 48.821278]}, "properties": {"numparc": 1411, "etat de la localisation": "autre", "ID BDGEO": "223", "horodatage": "2021-08-10 20:00:06", "distance (en metres)": 85.32, "station": "PORTE D'ORLEANS", "marker-color": "#818181"}}, {"type": "Feature", "geometry": {"type": "Point", "coordinates": [2.325559, 48.821278]}, "properties": {"numparc": 1411, "etat de la localisation": "autre", "ID BDGEO": "223", "horodatage": "2021-08-10 20:00:06", "distance (en metres)": 85.32, "station": "PORTE D'ORLEANS", "marker-color": "#818181"}}, {"type": "Feature", "geometry": {"type": "Point", "coordinates": [2.317325, 48.797451]}, "properties": {"numparc": 1414, "etat de la localisation": "autre", "ID BDGEO": "114", "horodatage": "2021-08-10 20:01:38", "distance (en metres)": 97.71, "station": "PASTEUR-MEUNIERS", "marker-color": "#818181"}}, {"type": "Feature", "geometry": {"type": "Point", "coordinates": [2.324653, 48.821491]}, "properties": {"numparc": 1411, "etat de la localisation": "autre", "ID BDGEO": "223", "horodatage": "2021-08-10 20:03:57", "distance (en metres)": 45.62, "station": "PORTE D'ORLEANS", "marker-color": "#818181"}}, {"type": "Feature", "geometry": {"type": "Point", "coordinates": [2.324653, 48.821491]}, "properties": {"numparc": 1411, "etat de la localisation": "autre", "ID BDGEO": "223", "horodatage": "2021-08-10 20:03:57", "distance (en metres)": 45.62, "station": "PORTE D'ORLEANS", "marker-color": "#818181"}}, {"type": "Feature", "geometry": {"type": "Point", "coordinates": [2.317315, 48.797428]}, "properties": {"numparc": 1417, "etat de la localisation": "autre", "ID BDGEO": "114", "horodatage": "2021-08-10 20:13:52", "distance (en metres)": 100.33, "station": "PASTEUR-MEUNIERS", "marker-color": "#818181"}}, {"type": "Feature", "geometry": {"type": "Point", "coordinates": [2.324653, 48.821491]}, "properties": {"numparc": 1411, "etat de la localisation": "autre", "ID BDGEO": "223", "horodatage": "2021-08-10 20:15:53", "distance (en metres)": 45.62, "station": "PORTE D'ORLEANS", "marker-color": "#818181"}}, {"type": "Feature", "geometry": {"type": "Point", "coordinates": [2.324653, 48.821491]}, "properties": {"numparc": 1411, "etat de la localisation": "autre", "ID BDGEO": "223", "horodatage": "2021-08-10 20:15:53", "distance (en metres)": 45.62, "station": "PORTE D'ORLEANS", "marker-color": "#818181"}}, {"type": "Feature", "geometry": {"type": "Point", "coordinates": [2.327981, 48.823635]}, "properties": {"numparc": 1414, "etat de la localisation": "autre", "ID BDGEO": "657", "horodatage": "2021-08-10 20:22:16", "distance (en metres)": 100.22, "station": "CENTRE BUS DE MONTROUGE-SORTIE", "marker-color": "#818181"}}, {"type": "Feature", "geometry": {"type": "Point", "coordinates": [2.32907, 48.822788]}, "properties": {"numparc": 1414, "etat de la localisation": "autre", "ID BDGEO": "657", "horodatage": "2021-08-10 20:26:42", "distance (en metres)": 64.04, "station": "CENTRE BUS DE MONTROUGE-SORTIE", "marker-color": "#818181"}}, {"type": "Feature", "geometry": {"type": "Point", "coordinates": [2.32556, 48.82135]}, "properties": {"numparc": 1415, "etat de la localisation": "autre", "ID BDGEO": "223", "horodatage": "2021-08-10 20:26:57", "distance (en metres)": 79.19, "station": "PORTE D'ORLEANS", "marker-color": "#818181"}}, {"type": "Feature", "geometry": {"type": "Point", "coordinates": [2.32556, 48.82135]}, "properties": {"numparc": 1415, "etat de la localisation": "autre", "ID BDGEO": "223", "horodatage": "2021-08-10 20:26:57", "distance (en metres)": 79.19, "station": "PORTE D'ORLEANS", "marker-color": "#818181"}}, {"type": "Feature", "geometry": {"type": "Point", "coordinates": [2.324688, 48.821419]}, "properties": {"numparc": 1415, "etat de la localisation": "autre", "ID BDGEO": "223", "horodatage": "2021-08-10 20:29:38", "distance (en metres)": 52.75, "station": "PORTE D'ORLEANS", "marker-color": "#818181"}}, {"type": "Feature", "geometry": {"type": "Point", "coordinates": [2.324688, 48.821419]}, "properties": {"numparc": 1415, "etat de la localisation": "autre", "ID BDGEO": "223", "horodatage": "2021-08-10 20:29:38", "distance (en metres)": 52.75, "station": "PORTE D'ORLEANS", "marker-color": "#818181"}}, {"type": "Feature", "geometry": {"type": "Point", "coordinates": [2.317314, 48.797451]}, "properties": {"numparc": 1411, "etat de la localisation": "autre", "ID BDGEO": "114", "horodatage": "2021-08-10 20:30:00", "distance (en metres)": 97.81, "station": "PASTEUR-MEUNIERS", "marker-color": "#818181"}}, {"type": "Feature", "geometry": {"type": "Point", "coordinates": [2.317314, 48.797451]}, "properties": {"numparc": 1411, "etat de la localisation": "autre", "ID BDGEO": "114", "horodatage": "2021-08-10 20:30:00", "distance (en metres)": 97.81, "station": "PASTEUR-MEUNIERS", "marker-color": "#818181"}}, {"type": "Feature", "geometry": {"type": "Point", "coordinates": [2.325544, 48.821712]}, "properties": {"numparc": 1412, "etat de la localisation": "autre", "ID BDGEO": "223", "horodatage": "2021-08-10 20:41:45", "distance (en metres)": 54.8, "station": "PORTE D'ORLEANS", "marker-color": "#818181"}}, {"type": "Feature", "geometry": {"type": "Point", "coordinates": [2.324627, 48.821495]}, "properties": {"numparc": 1412, "etat de la localisation": "autre", "ID BDGEO": "223", "horodatage": "2021-08-10 20:44:01", "distance (en metres)": 45.84, "station": "PORTE D'ORLEANS", "marker-color": "#818181"}}, {"type": "Feature", "geometry": {"type": "Point", "coordinates": [2.317321, 48.797455]}, "properties": {"numparc": 1415, "etat de la localisation": "autre", "ID BDGEO": "114", "horodatage": "2021-08-10 20:46:45", "distance (en metres)": 97.33, "station": "PASTEUR-MEUNIERS", "marker-color": "#818181"}}, {"type": "Feature", "geometry": {"type": "Point", "coordinates": [2.317321, 48.797455]}, "properties": {"numparc": 1415, "etat de la localisation": "autre", "ID BDGEO": "114", "horodatage": "2021-08-10 20:46:45", "distance (en metres)": 97.33, "station": "PASTEUR-MEUNIERS", "marker-color": "#818181"}}, {"type": "Feature", "geometry": {"type": "Point", "coordinates": [2.325536, 48.821358]}, "properties": {"numparc": 1417, "etat de la localisation": "autre", "ID BDGEO": "223", "horodatage": "2021-08-10 20:56:23", "distance (en metres)": 77.38, "station": "PORTE D'ORLEANS", "marker-color": "#818181"}}, {"type": "Feature", "geometry": {"type": "Point", "coordinates": [2.324807, 48.821426]}, "properties": {"numparc": 1417, "etat de la localisation": "autre", "ID BDGEO": "223", "horodatage": "2021-08-10 20:58:54", "distance (en metres)": 50.76, "station": "PORTE D'ORLEANS", "marker-color": "#818181"}}, {"type": "Feature", "geometry": {"type": "Point", "coordinates": [2.317306, 48.797455]}, "properties": {"numparc": 1412, "etat de la localisation": "autre", "ID BDGEO": "114", "horodatage": "2021-08-10 21:07:55", "distance (en metres)": 97.46, "station": "PASTEUR-MEUNIERS", "marker-color": "#818181"}}, {"type": "Feature", "geometry": {"type": "Point", "coordinates": [2.325339, 48.82151]}, "properties": {"numparc": 1411, "etat de la localisation": "autre", "ID BDGEO": "223", "horodatage": "2021-08-10 21:08:05", "distance (en metres)": 55.12, "station": "PORTE D'ORLEANS", "marker-color": "#818181"}}, {"type": "Feature", "geometry": {"type": "Point", "coordinates": [2.325339, 48.82151]}, "properties": {"numparc": 1411, "etat de la localisation": "autre", "ID BDGEO": "223", "horodatage": "2021-08-10 21:08:05", "distance (en metres)": 55.12, "station": "PORTE D'ORLEANS", "marker-color": "#818181"}}, {"type": "Feature", "geometry": {"type": "Point", "coordinates": [2.325339, 48.82151]}, "properties": {"numparc": 1411, "etat de la localisation": "autre", "ID BDGEO": "223", "horodatage": "2021-08-10 21:08:31", "distance (en metres)": 55.12, "station": "PORTE D'ORLEANS", "marker-color": "#818181"}}, {"type": "Feature", "geometry": {"type": "Point", "coordinates": [2.325339, 48.82151]}, "properties": {"numparc": 1411, "etat de la localisation": "autre", "ID BDGEO": "223", "horodatage": "2021-08-10 21:08:31", "distance (en metres)": 55.12, "station": "PORTE D'ORLEANS", "marker-color": "#818181"}}, {"type": "Feature", "geometry": {"type": "Point", "coordinates": [2.317305, 48.797455]}, "properties": {"numparc": 1412, "etat de la localisation": "autre", "ID BDGEO": "114", "horodatage": "2021-08-10 21:08:35", "distance (en metres)": 97.47, "station": "PASTEUR-MEUNIERS", "marker-color": "#818181"}}, {"type": "Feature", "geometry": {"type": "Point", "coordinates": [2.324807, 48.821426]}, "properties": {"numparc": 1417, "etat de la localisation": "autre", "ID BDGEO": "223", "horodatage": "2021-08-10 21:12:01", "distance (en metres)": 50.76, "station": "PORTE D'ORLEANS", "marker-color": "#818181"}}, {"type": "Feature", "geometry": {"type": "Point", "coordinates": [2.317339, 48.797443]}, "properties": {"numparc": 1417, "etat de la localisation": "autre", "ID BDGEO": "114", "horodatage": "2021-08-10 21:25:25", "distance (en metres)": 98.45, "station": "PASTEUR-MEUNIERS", "marker-color": "#818181"}}, {"type": "Feature", "geometry": {"type": "Point", "coordinates": [2.325562, 48.821358]}, "properties": {"numparc": 1415, "etat de la localisation": "autre", "ID BDGEO": "223", "horodatage": "2021-08-10 21:33:14", "distance (en metres)": 78.64, "station": "PORTE D'ORLEANS", "marker-color": "#818181"}}, {"type": "Feature", "geometry": {"type": "Point", "coordinates": [2.325562, 48.821358]}, "properties": {"numparc": 1415, "etat de la localisation": "autre", "ID BDGEO": "223", "horodatage": "2021-08-10 21:33:14", "distance (en metres)": 78.64, "station": "PORTE D'ORLEANS", "marker-color": "#818181"}}, {"type": "Feature", "geometry": {"type": "Point", "coordinates": [2.325339, 48.82151]}, "properties": {"numparc": 1411, "etat de la localisation": "autre", "ID BDGEO": "223", "horodatage": "2021-08-10 21:36:47", "distance (en metres)": 55.12, "station": "PORTE D'ORLEANS", "marker-color": "#818181"}}, {"type": "Feature", "geometry": {"type": "Point", "coordinates": [2.325339, 48.82151]}, "properties": {"numparc": 1411, "etat de la localisation": "autre", "ID BDGEO": "223", "horodatage": "2021-08-10 21:36:47", "distance (en metres)": 55.12, "station": "PORTE D'ORLEANS", "marker-color": "#818181"}}, {"type": "Feature", "geometry": {"type": "Point", "coordinates": [2.325336, 48.821537]}, "properties": {"numparc": 1415, "etat de la localisation": "autre", "ID BDGEO": "223", "horodatage": "2021-08-10 21:38:36", "distance (en metres)": 52.77, "station": "PORTE D'ORLEANS", "marker-color": "#818181"}}, {"type": "Feature", "geometry": {"type": "Point", "coordinates": [2.325336, 48.821537]}, "properties": {"numparc": 1415, "etat de la localisation": "autre", "ID BDGEO": "223", "horodatage": "2021-08-10 21:38:36", "distance (en metres)": 52.77, "station": "PORTE D'ORLEANS", "marker-color": "#818181"}}, {"type": "Feature", "geometry": {"type": "Point", "coordinates": [2.32468, 48.82143]}, "properties": {"numparc": 1411, "etat de la localisation": "autre", "ID BDGEO": "223", "horodatage": "2021-08-10 21:38:51", "distance (en metres)": 51.64, "station": "PORTE D'ORLEANS", "marker-color": "#818181"}}, {"type": "Feature", "geometry": {"type": "Point", "coordinates": [2.32468, 48.82143]}, "properties": {"numparc": 1411, "etat de la localisation": "autre", "ID BDGEO": "223", "horodatage": "2021-08-10 21:38:51", "distance (en metres)": 51.64, "station": "PORTE D'ORLEANS", "marker-color": "#818181"}}, {"type": "Feature", "geometry": {"type": "Point", "coordinates": [2.317336, 48.797466]}, "properties": {"numparc": 1411, "etat de la localisation": "autre", "ID BDGEO": "114", "horodatage": "2021-08-10 21:49:57", "distance (en metres)": 95.94, "station": "PASTEUR-MEUNIERS", "marker-color": "#818181"}}, {"type": "Feature", "geometry": {"type": "Point", "coordinates": [2.317336, 48.797466]}, "properties": {"numparc": 1411, "etat de la localisation": "autre", "ID BDGEO": "114", "horodatage": "2021-08-10 21:49:57", "distance (en metres)": 95.94, "station": "PASTEUR-MEUNIERS", "marker-color": "#818181"}}, {"type": "Feature", "geometry": {"type": "Point", "coordinates": [2.325336, 48.821537]}, "properties": {"numparc": 1415, "etat de la localisation": "autre", "ID BDGEO": "223", "horodatage": "2021-08-10 21:52:40", "distance (en metres)": 52.77, "station": "PORTE D'ORLEANS", "marker-color": "#818181"}}, {"type": "Feature", "geometry": {"type": "Point", "coordinates": [2.325336, 48.821537]}, "properties": {"numparc": 1415, "etat de la localisation": "autre", "ID BDGEO": "223", "horodatage": "2021-08-10 21:52:40", "distance (en metres)": 52.77, "station": "PORTE D'ORLEANS", "marker-color": "#818181"}}, {"type": "Feature", "geometry": {"type": "Point", "coordinates": [2.325596, 48.821056]}, "properties": {"numparc": 1412, "etat de la localisation": "autre", "ID BDGEO": "223", "horodatage": "2021-08-10 21:54:06", "distance (en metres)": 107.18, "station": "PORTE D'ORLEANS", "marker-color": "#818181"}}, {"type": "Feature", "geometry": {"type": "Point", "coordinates": [2.324712, 48.821438]}, "properties": {"numparc": 1415, "etat de la localisation": "autre", "ID BDGEO": "223", "horodatage": "2021-08-10 21:54:08", "distance (en metres)": 50.32, "station": "PORTE D'ORLEANS", "marker-color": "#818181"}}, {"type": "Feature", "geometry": {"type": "Point", "coordinates": [2.324712, 48.821438]}, "properties": {"numparc": 1415, "etat de la localisation": "autre", "ID BDGEO": "223", "horodatage": "2021-08-10 21:54:08", "distance (en metres)": 50.32, "station": "PORTE D'ORLEANS", "marker-color": "#818181"}}, {"type": "Feature", "geometry": {"type": "Point", "coordinates": [2.324667, 48.821461]}, "properties": {"numparc": 1412, "etat de la localisation": "autre", "ID BDGEO": "223", "horodatage": "2021-08-10 21:56:12", "distance (en metres)": 48.59, "station": "PORTE D'ORLEANS", "marker-color": "#818181"}}, {"type": "Feature", "geometry": {"type": "Point", "coordinates": [2.317338, 48.797447]}, "properties": {"numparc": 1415, "etat de la localisation": "autre", "ID BDGEO": "114", "horodatage": "2021-08-10 22:07:30", "distance (en metres)": 98.04, "station": "PASTEUR-MEUNIERS", "marker-color": "#818181"}}, {"type": "Feature", "geometry": {"type": "Point", "coordinates": [2.317338, 48.797447]}, "properties": {"numparc": 1415, "etat de la localisation": "autre", "ID BDGEO": "114", "horodatage": "2021-08-10 22:07:30", "distance (en metres)": 98.04, "station": "PASTEUR-MEUNIERS", "marker-color": "#818181"}}, {"type": "Feature", "geometry": {"type": "Point", "coordinates": [2.325563, 48.821026]}, "properties": {"numparc": 1417, "etat de la localisation": "autre", "ID BDGEO": "223", "horodatage": "2021-08-10 22:14:15", "distance (en metres)": 108.9, "station": "PORTE D'ORLEANS", "marker-color": "#818181"}}, {"type": "Feature", "geometry": {"type": "Point", "coordinates": [2.324726, 48.821449]}, "properties": {"numparc": 1417, "etat de la localisation": "autre", "ID BDGEO": "223", "horodatage": "2021-08-10 22:16:25", "distance (en metres)": 48.88, "station": "PORTE D'ORLEANS", "marker-color": "#818181"}}, {"type": "Feature", "geometry": {"type": "Point", "coordinates": [2.325592, 48.821239]}, "properties": {"numparc": 1411, "etat de la localisation": "autre", "ID BDGEO": "648", "horodatage": "2021-08-10 22:26:08", "distance (en metres)": 44.66, "station": "PORTE D'ORLEANS#", "marker-color": "#818181"}}, {"type": "Feature", "geometry": {"type": "Point", "coordinates": [2.325592, 48.821239]}, "properties": {"numparc": 1411, "etat de la localisation": "autre", "ID BDGEO": "648", "horodatage": "2021-08-10 22:26:08", "distance (en metres)": 44.66, "station": "PORTE D'ORLEANS#", "marker-color": "#818181"}}, {"type": "Feature", "geometry": {"type": "Point", "coordinates": [2.317309, 48.79747]}, "properties": {"numparc": 1412, "etat de la localisation": "autre", "ID BDGEO": "114", "horodatage": "2021-08-10 22:26:16", "distance (en metres)": 95.74, "station": "PASTEUR-MEUNIERS", "marker-color": "#818181"}}, {"type": "Feature", "geometry": {"type": "Point", "coordinates": [2.32798, 48.823666]}, "properties": {"numparc": 1411, "etat de la localisation": "autre", "ID BDGEO": "223", "horodatage": "2021-08-10 22:29:12", "distance (en metres)": 303.51, "station": "PORTE D'ORLEANS", "marker-color": "#818181"}}, {"type": "Feature", "geometry": {"type": "Point", "coordinates": [2.32798, 48.823666]}, "properties": {"numparc": 1411, "etat de la localisation": "autre", "ID BDGEO": "223", "horodatage": "2021-08-10 22:29:12", "distance (en metres)": 303.51, "station": "PORTE D'ORLEANS", "marker-color": "#818181"}}, {"type": "Feature", "geometry": {"type": "Point", "coordinates": [2.324726, 48.821449]}, "properties": {"numparc": 1417, "etat de la localisation": "autre", "ID BDGEO": "223", "horodatage": "2021-08-10 22:30:59", "distance (en metres)": 48.88, "station": "PORTE D'ORLEANS", "marker-color": "#818181"}}, {"type": "Feature", "geometry": {"type": "Point", "coordinates": [2.329269, 48.823055]}, "properties": {"numparc": 1411, "etat de la localisation": "autre", "ID BDGEO": "223", "horodatage": "2021-08-10 22:34:41", "distance (en metres)": 349.39, "station": "PORTE D'ORLEANS", "marker-color": "#818181"}}, {"type": "Feature", "geometry": {"type": "Point", "coordinates": [2.329269, 48.823055]}, "properties": {"numparc": 1411, "etat de la localisation": "autre", "ID BDGEO": "223", "horodatage": "2021-08-10 22:34:41", "distance (en metres)": 349.39, "station": "PORTE D'ORLEANS", "marker-color": "#818181"}}, {"type": "Feature", "geometry": {"type": "Point", "coordinates": [2.3173, 48.797455]}, "properties": {"numparc": 1417, "etat de la localisation": "autre", "ID BDGEO": "114", "horodatage": "2021-08-10 22:46:14", "distance (en metres)": 97.52, "station": "PASTEUR-MEUNIERS", "marker-color": "#818181"}}, {"type": "Feature", "geometry": {"type": "Point", "coordinates": [2.325569, 48.821091]}, "properties": {"numparc": 1415, "etat de la localisation": "autre", "ID BDGEO": "223", "horodatage": "2021-08-10 22:49:20", "distance (en metres)": 102.88, "station": "PORTE D'ORLEANS", "marker-color": "#818181"}}, {"type": "Feature", "geometry": {"type": "Point", "coordinates": [2.325569, 48.821091]}, "properties": {"numparc": 1415, "etat de la localisation": "autre", "ID BDGEO": "223", "horodatage": "2021-08-10 22:49:20", "distance (en metres)": 102.88, "station": "PORTE D'ORLEANS", "marker-color": "#818181"}}, {"type": "Feature", "geometry": {"type": "Point", "coordinates": [2.324734, 48.821457]}, "properties": {"numparc": 1415, "etat de la localisation": "autre", "ID BDGEO": "223", "horodatage": "2021-08-10 22:51:24", "distance (en metres)": 47.95, "station": "PORTE D'ORLEANS", "marker-color": "#818181"}}, {"type": "Feature", "geometry": {"type": "Point", "coordinates": [2.324734, 48.821457]}, "properties": {"numparc": 1415, "etat de la localisation": "autre", "ID BDGEO": "223", "horodatage": "2021-08-10 22:51:24", "distance (en metres)": 47.95, "station": "PORTE D'ORLEANS", "marker-color": "#818181"}}, {"type": "Feature", "geometry": {"type": "Point", "coordinates": [2.325546, 48.821354]}, "properties": {"numparc": 1412, "etat de la localisation": "autre", "ID BDGEO": "223", "horodatage": "2021-08-10 23:07:18", "distance (en metres)": 78.18, "station": "PORTE D'ORLEANS", "marker-color": "#818181"}}, {"type": "Feature", "geometry": {"type": "Point", "coordinates": [2.324627, 48.821491]}, "properties": {"numparc": 1412, "etat de la localisation": "autre", "ID BDGEO": "223", "horodatage": "2021-08-10 23:11:12", "distance (en metres)": 46.23, "station": "PORTE D'ORLEANS", "marker-color": "#818181"}}, {"type": "Feature", "geometry": {"type": "Point", "coordinates": [2.317333, 48.797455]}, "properties": {"numparc": 1415, "etat de la localisation": "autre", "ID BDGEO": "114", "horodatage": "2021-08-10 23:11:24", "distance (en metres)": 97.23, "station": "PASTEUR-MEUNIERS", "marker-color": "#818181"}}, {"type": "Feature", "geometry": {"type": "Point", "coordinates": [2.317333, 48.797455]}, "properties": {"numparc": 1415, "etat de la localisation": "autre", "ID BDGEO": "114", "horodatage": "2021-08-10 23:11:24", "distance (en metres)": 97.23, "station": "PASTEUR-MEUNIERS", "marker-color": "#818181"}}, {"type": "Feature", "geometry": {"type": "Point", "coordinates": [2.325575, 48.820969]}, "properties": {"numparc": 1417, "etat de la localisation": "autre", "ID BDGEO": "648", "horodatage": "2021-08-10 23:25:23", "distance (en metres)": 74.15, "station": "PORTE D'ORLEANS#", "marker-color": "#818181"}}, {"type": "Feature", "geometry": {"type": "Point", "coordinates": [2.327946, 48.823677]}, "properties": {"numparc": 1417, "etat de la localisation": "autre", "ID BDGEO": "657", "horodatage": "2021-08-10 23:29:26", "distance (en metres)": 104.2, "station": "CENTRE BUS DE MONTROUGE-SORTIE", "marker-color": "#818181"}}, {"type": "Feature", "geometry": {"type": "Point", "coordinates": [2.32976, 48.822933]}, "properties": {"numparc": 1417, "etat de la localisation": "autre", "ID BDGEO": "657", "horodatage": "2021-08-10 23:33:56", "distance (en metres)": 58.03, "station": "CENTRE BUS DE MONTROUGE-SORTIE", "marker-color": "#818181"}}, {"type": "Feature", "geometry": {"type": "Point", "coordinates": [2.32976, 48.822933]}, "properties": {"numparc": 1417, "etat de la localisation": "autre", "ID BDGEO": "657", "horodatage": "2021-08-10 23:34:28", "distance (en metres)": 58.03, "station": "CENTRE BUS DE MONTROUGE-SORTIE", "marker-color": "#818181"}}, {"type": "Feature", "geometry": {"type": "Point", "coordinates": [2.317322, 48.797455]}, "properties": {"numparc": 1412, "etat de la localisation": "autre", "ID BDGEO": "114", "horodatage": "2021-08-10 23:41:36", "distance (en metres)": 97.32, "station": "PASTEUR-MEUNIERS", "marker-color": "#818181"}}, {"type": "Feature", "geometry": {"type": "Point", "coordinates": [2.325567, 48.821362]}, "properties": {"numparc": 1412, "etat de la localisation": "autre", "ID BDGEO": "223", "horodatage": "2021-08-11 00:20:20", "distance (en metres)": 78.58, "station": "PORTE D'ORLEANS", "marker-color": "#818181"}}, {"type": "Feature", "geometry": {"type": "Point", "coordinates": [2.324689, 48.821434]}, "properties": {"numparc": 1412, "etat de la localisation": "autre", "ID BDGEO": "223", "horodatage": "2021-08-11 00:22:05", "distance (en metres)": 51.08, "station": "PORTE D'ORLEANS", "marker-color": "#818181"}}, {"type": "Feature", "geometry": {"type": "Point", "coordinates": [2.327969, 48.823708]}, "properties": {"numparc": 1415, "etat de la localisation": "autre", "ID BDGEO": "657", "horodatage": "2021-08-11 00:53:18", "distance (en metres)": 103.87, "station": "CENTRE BUS DE MONTROUGE-SORTIE", "marker-color": "#818181"}}, {"type": "Feature", "geometry": {"type": "Point", "coordinates": [2.327969, 48.823708]}, "properties": {"numparc": 1415, "etat de la localisation": "autre", "ID BDGEO": "657", "horodatage": "2021-08-11 00:53:18", "distance (en metres)": 103.87, "station": "CENTRE BUS DE MONTROUGE-SORTIE", "marker-color": "#818181"}}, {"type": "Feature", "geometry": {"type": "Point", "coordinates": [2.330053, 48.822853]}, "properties": {"numparc": 1415, "etat de la localisation": "autre", "ID BDGEO": "657", "horodatage": "2021-08-11 00:57:27", "distance (en metres)": 79.0, "station": "CENTRE BUS DE MONTROUGE-SORTIE", "marker-color": "#818181"}}, {"type": "Feature", "geometry": {"type": "Point", "coordinates": [2.330053, 48.822853]}, "properties": {"numparc": 1415, "etat de la localisation": "autre", "ID BDGEO": "657", "horodatage": "2021-08-11 00:57:27", "distance (en metres)": 79.0, "station": "CENTRE BUS DE MONTROUGE-SORTIE", "marker-color": "#818181"}}, {"type": "Feature", "geometry": {"type": "Point", "coordinates": [2.327964, 48.823723]}, "properties": {"numparc": 1412, "etat de la localisation": "autre", "ID BDGEO": "658", "horodatage": "2021-08-11 01:05:53", "distance (en metres)": 134.86, "station": "CENTRE BUS DE MONTROUGE-ENTREE", "marker-color": "#818181"}}, {"type": "Feature", "geometry": {"type": "Point", "coordinates": [2.329374, 48.822929]}, "properties": {"numparc": 1412, "etat de la localisation": "autre", "ID BDGEO": "657", "horodatage": "2021-08-11 01:10:54", "distance (en metres)": 47.03, "station": "CENTRE BUS DE MONTROUGE-SORTIE", "marker-color": "#818181"}}, {"type": "Feature", "geometry": {"type": "Point", "coordinates": [2.329278, 48.823348]}, "properties": {"station": "CENTRE BUS DE MONTROUGE-SORTIE", "ID BDGEO": "657", "marker-color": "#56B3FF"}}, {"type": "Feature", "geometry": {"type": "Point", "coordinates": [2.324841, 48.821882]}, "properties": {"station": "PORTE D'ORLEANS", "ID BDGEO": "223", "marker-color": "#56B3FF"}}, {"type": "Feature", "geometry": {"type": "Point", "coordinates": [2.317473, 48.798324]}, "properties": {"station": "PASTEUR-MEUNIERS", "ID BDGEO": "114", "marker-color": "#56B3FF"}}, {"type": "Feature", "geometry": {"type": "Point", "coordinates": [2.3108, 48.785677]}, "properties": {"station": "LES BAS COQUARTS", "ID BDGEO": "5", "marker-color": "#56B3FF"}}, {"type": "Feature", "geometry": {"type": "Point", "coordinates": [2.325496, 48.818503]}, "properties": {"station": "GABRIEL PERI", "ID BDGEO": "8", "marker-color": "#56B3FF"}}, {"type": "Feature", "geometry": {"type": "Point", "coordinates": [2.304163, 48.785208]}, "properties": {"station": "LES BLAGIS", "ID BDGEO": "90", "marker-color": "#56B3FF"}}, {"type": "Feature", "geometry": {"type": "Point", "coordinates": [2.308515, 48.784895]}, "properties": {"station": "CLEMENCEAU", "ID BDGEO": "112", "marker-color": "#56B3FF"}}, {"type": "Feature", "geometry": {"type": "Point", "coordinates": [2.325864, 48.813542]}, "properties": {"station": "LEON GAMBETTA", "ID BDGEO": "12", "marker-color": "#56B3FF"}}, {"type": "Feature", "geometry": {"type": "Point", "coordinates": [2.320723, 48.803978]}, "properties": {"station": "GUSTAVE COURBET", "ID BDGEO": "714", "marker-color": "#56B3FF"}}, {"type": "Feature", "geometry": {"type": "Point", "coordinates": [2.308706, 48.784886]}, "properties": {"station": "CLEMENCEAU", "ID BDGEO": "79", "marker-color": "#56B3FF"}}, {"type": "Feature", "geometry": {"type": "Point", "coordinates": [2.323063, 48.805156]}, "properties": {"station": "JEAN-MARIN NAUDIN", "ID BDGEO": "221", "marker-color": "#56B3FF"}}, {"type": "Feature", "geometry": {"type": "Point", "coordinates": [2.29888, 48.792091]}, "properties": {"station": "COLLEGE ROMAIN ROLLAND", "ID BDGEO": "14", "marker-color": "#56B3FF"}}, {"type": "Feature", "geometry": {"type": "Point", "coordinates": [2.325468, 48.821595]}, "properties": {"station": "PORTE D'ORLEANS.", "ID BDGEO": "2", "marker-color": "#56B3FF"}}, {"type": "Feature", "geometry": {"type": "Point", "coordinates": [2.325686, 48.818126]}, "properties": {"station": "GABRIEL PERI", "ID BDGEO": "126", "marker-color": "#56B3FF"}}, {"type": "Feature", "geometry": {"type": "Point", "coordinates": [2.300563, 48.797368]}, "properties": {"station": "RUE FROIDE", "ID BDGEO": "75", "marker-color": "#56B3FF"}}, {"type": "Feature", "geometry": {"type": "Point", "coordinates": [2.315544, 48.792671]}, "properties": {"station": "LES BLAINS", "ID BDGEO": "122", "marker-color": "#56B3FF"}}, {"type": "Feature", "geometry": {"type": "Point", "coordinates": [2.323172, 48.80521]}, "properties": {"station": "JEAN-MARIN NAUDIN", "ID BDGEO": "73", "marker-color": "#56B3FF"}}, {"type": "Feature", "geometry": {"type": "Point", "coordinates": [2.325454, 48.821631]}, "properties": {"station": "PORTE D'ORLEANS#", "ID BDGEO": "648", "marker-color": "#56B3FF"}}, {"type": "Feature", "geometry": {"type": "Point", "coordinates": [2.328911, 48.822683]}, "properties": {"station": "CENTRE BUS DE MONTROUGE-ENTREE", "ID BDGEO": "658", "marker-color": "#56B3FF"}}]}