{"type": "FeatureCollection", "features": [{"type": "Feature", "geometry": {"type": "Point", "coordinates": [2.40797, 48.849579]}, "properties": {"numparc": 622, "etat de la localisation": "autre", "ID BDGEO": "4538", "horodatage": "2022-04-01 05:43:05", "distance (en metres)": 88.31, "station": "LAGNY SORTIE", "marker-color": "#818181"}}, {"type": "Feature", "geometry": {"type": "Point", "coordinates": [2.40797, 48.849579]}, "properties": {"numparc": 622, "etat de la localisation": "autre", "ID BDGEO": "4538", "horodatage": "2022-04-01 05:44:40", "distance (en metres)": 88.31, "station": "LAGNY SORTIE", "marker-color": "#818181"}}, {"type": "Feature", "geometry": {"type": "Point", "coordinates": [2.400045, 48.865025]}, "properties": {"numparc": 622, "etat de la localisation": "autre", "ID BDGEO": "3196", "horodatage": "2022-04-01 05:55:48", "distance (en metres)": 93.4, "station": "GAMBETTA-MAIRIE DU 20EME.", "marker-color": "#818181"}}, {"type": "Feature", "geometry": {"type": "Point", "coordinates": [2.407557, 48.849258]}, "properties": {"numparc": 637, "etat de la localisation": "autre", "ID BDGEO": "4538", "horodatage": "2022-04-01 05:56:10", "distance (en metres)": 83.79, "station": "LAGNY SORTIE", "marker-color": "#818181"}}, {"type": "Feature", "geometry": {"type": "Point", "coordinates": [2.407511, 48.849693]}, "properties": {"numparc": 626, "etat de la localisation": "autre", "ID BDGEO": "4538", "horodatage": "2022-04-01 05:57:36", "distance (en metres)": 52.42, "station": "LAGNY SORTIE", "marker-color": "#818181"}}, {"type": "Feature", "geometry": {"type": "Point", "coordinates": [2.400045, 48.865025]}, "properties": {"numparc": 622, "etat de la localisation": "autre", "ID BDGEO": "3196", "horodatage": "2022-04-01 06:00:58", "distance (en metres)": 93.4, "station": "GAMBETTA-MAIRIE DU 20EME.", "marker-color": "#818181"}}, {"type": "Feature", "geometry": {"type": "Point", "coordinates": [2.406994, 48.84914]}, "properties": {"numparc": 632, "etat de la localisation": "autre", "ID BDGEO": "10827", "horodatage": "2022-04-01 06:03:18", "distance (en metres)": 5720.08, "station": "PONT ROYAL.", "marker-color": "#818181"}}, {"type": "Feature", "geometry": {"type": "Point", "coordinates": [2.407397, 48.850266]}, "properties": {"numparc": 634, "etat de la localisation": "Delocalise", "ID BDGEO": "710", "horodatage": "2022-04-01 06:05:23", "distance (en metres)": 1765.37, "station": "ROQUETTE-PERE LACHAISE", "marker-color": "#FF565E"}}, {"type": "Feature", "geometry": {"type": "Point", "coordinates": [2.407397, 48.850266]}, "properties": {"numparc": 634, "etat de la localisation": "Delocalise", "ID BDGEO": "710", "horodatage": "2022-04-01 06:05:55", "distance (en metres)": 1765.37, "station": "ROQUETTE-PERE LACHAISE", "marker-color": "#FF565E"}}, {"type": "Feature", "geometry": {"type": "Point", "coordinates": [2.406994, 48.84914]}, "properties": {"numparc": 632, "etat de la localisation": "autre", "ID BDGEO": "10827", "horodatage": "2022-04-01 06:07:12", "distance (en metres)": 5720.08, "station": "PONT ROYAL.", "marker-color": "#818181"}}, {"type": "Feature", "geometry": {"type": "Point", "coordinates": [2.392675, 48.864223]}, "properties": {"numparc": 622, "etat de la localisation": "autre", "ID BDGEO": "2960", "horodatage": "2022-04-01 06:07:43", "distance (en metres)": 58.88, "station": "MURIERS", "marker-color": "#818181"}}, {"type": "Feature", "geometry": {"type": "Point", "coordinates": [2.407397, 48.850266]}, "properties": {"numparc": 634, "etat de la localisation": "Delocalise", "ID BDGEO": "710", "horodatage": "2022-04-01 06:08:05", "distance (en metres)": 1765.37, "station": "ROQUETTE-PERE LACHAISE", "marker-color": "#FF565E"}}, {"type": "Feature", "geometry": {"type": "Point", "coordinates": [2.407569, 48.850437]}, "properties": {"numparc": 625, "etat de la localisation": "autre", "ID BDGEO": "4538", "horodatage": "2022-04-01 06:16:26", "distance (en metres)": 85.52, "station": "LAGNY SORTIE", "marker-color": "#818181"}}, {"type": "Feature", "geometry": {"type": "Point", "coordinates": [2.371239, 48.857899]}, "properties": {"numparc": 622, "etat de la localisation": "autre", "ID BDGEO": "705", "horodatage": "2022-04-01 06:17:20", "distance (en metres)": 378.69, "station": "BREGUET-SABIN", "marker-color": "#818181"}}, {"type": "Feature", "geometry": {"type": "Point", "coordinates": [2.368589, 48.857044]}, "properties": {"numparc": 622, "etat de la localisation": "autre", "ID BDGEO": "705", "horodatage": "2022-04-01 06:19:05", "distance (en metres)": 381.3, "station": "BREGUET-SABIN", "marker-color": "#818181"}}, {"type": "Feature", "geometry": {"type": "Point", "coordinates": [2.407755, 48.850418]}, "properties": {"numparc": 620, "etat de la localisation": "autre", "ID BDGEO": "10827", "horodatage": "2022-04-01 06:21:26", "distance (en metres)": 5744.41, "station": "PONT ROYAL.", "marker-color": "#818181"}}, {"type": "Feature", "geometry": {"type": "Point", "coordinates": [2.365277, 48.853973]}, "properties": {"numparc": 622, "etat de la localisation": "autre", "ID BDGEO": "2637", "horodatage": "2022-04-01 06:21:53", "distance (en metres)": 199.24, "station": "BASTILLE-RUE SAINT-ANTOINE", "marker-color": "#818181"}}, {"type": "Feature", "geometry": {"type": "Point", "coordinates": [2.400061, 48.865273]}, "properties": {"numparc": 634, "etat de la localisation": "autre", "ID BDGEO": "3196", "horodatage": "2022-04-01 06:22:43", "distance (en metres)": 77.1, "station": "GAMBETTA-MAIRIE DU 20EME.", "marker-color": "#818181"}}, {"type": "Feature", "geometry": {"type": "Point", "coordinates": [2.362089, 48.85503]}, "properties": {"numparc": 622, "etat de la localisation": "autre", "ID BDGEO": "2637", "horodatage": "2022-04-01 06:23:20", "distance (en metres)": 460.13, "station": "BASTILLE-RUE SAINT-ANTOINE", "marker-color": "#818181"}}, {"type": "Feature", "geometry": {"type": "Point", "coordinates": [2.407924, 48.849838]}, "properties": {"numparc": 620, "etat de la localisation": "Delocalise", "ID BDGEO": "10827", "horodatage": "2022-04-01 06:24:03", "distance (en metres)": 5769.67, "station": "PONT ROYAL.", "marker-color": "#FF565E"}}, {"type": "Feature", "geometry": {"type": "Point", "coordinates": [2.357479, 48.856106]}, "properties": {"numparc": 622, "etat de la localisation": "autre", "ID BDGEO": "2637", "horodatage": "2022-04-01 06:24:58", "distance (en metres)": 817.07, "station": "BASTILLE-RUE SAINT-ANTOINE", "marker-color": "#818181"}}, {"type": "Feature", "geometry": {"type": "Point", "coordinates": [2.350693, 48.857777]}, "properties": {"numparc": 622, "etat de la localisation": "autre", "ID BDGEO": "2637", "horodatage": "2022-04-01 06:27:03", "distance (en metres)": 1346.95, "station": "BASTILLE-RUE SAINT-ANTOINE", "marker-color": "#818181"}}, {"type": "Feature", "geometry": {"type": "Point", "coordinates": [2.348776, 48.858387]}, "properties": {"numparc": 622, "etat de la localisation": "autre", "ID BDGEO": "2637", "horodatage": "2022-04-01 06:27:46", "distance (en metres)": 1502.4, "station": "BASTILLE-RUE SAINT-ANTOINE", "marker-color": "#818181"}}, {"type": "Feature", "geometry": {"type": "Point", "coordinates": [2.407924, 48.849838]}, "properties": {"numparc": 620, "etat de la localisation": "Delocalise", "ID BDGEO": "10827", "horodatage": "2022-04-01 06:27:57", "distance (en metres)": 5769.67, "station": "PONT ROYAL.", "marker-color": "#FF565E"}}, {"type": "Feature", "geometry": {"type": "Point", "coordinates": [2.388221, 48.863075]}, "properties": {"numparc": 637, "etat de la localisation": "autre", "ID BDGEO": "711", "horodatage": "2022-04-01 06:28:53", "distance (en metres)": 81.2, "station": "PERE LACHAISE", "marker-color": "#818181"}}, {"type": "Feature", "geometry": {"type": "Point", "coordinates": [2.344395, 48.859802]}, "properties": {"numparc": 622, "etat de la localisation": "autre", "ID BDGEO": "2637", "horodatage": "2022-04-01 06:29:04", "distance (en metres)": 1858.77, "station": "BASTILLE-RUE SAINT-ANTOINE", "marker-color": "#818181"}}, {"type": "Feature", "geometry": {"type": "Point", "coordinates": [2.385243, 48.861965]}, "properties": {"numparc": 637, "etat de la localisation": "autre", "ID BDGEO": "711", "horodatage": "2022-04-01 06:30:23", "distance (en metres)": 185.18, "station": "PERE LACHAISE", "marker-color": "#818181"}}, {"type": "Feature", "geometry": {"type": "Point", "coordinates": [2.335708, 48.862656]}, "properties": {"numparc": 622, "etat de la localisation": "autre", "ID BDGEO": "2637", "horodatage": "2022-04-01 06:32:34", "distance (en metres)": 2568.05, "station": "BASTILLE-RUE SAINT-ANTOINE", "marker-color": "#818181"}}, {"type": "Feature", "geometry": {"type": "Point", "coordinates": [2.39996, 48.865005]}, "properties": {"numparc": 626, "etat de la localisation": "autre", "ID BDGEO": "3196", "horodatage": "2022-04-01 06:35:48", "distance (en metres)": 90.8, "station": "GAMBETTA-MAIRIE DU 20EME.", "marker-color": "#818181"}}, {"type": "Feature", "geometry": {"type": "Point", "coordinates": [2.407798, 48.849751]}, "properties": {"numparc": 636, "etat de la localisation": "Delocalise", "ID BDGEO": "710", "horodatage": "2022-04-01 06:36:31", "distance (en metres)": 1824.49, "station": "ROQUETTE-PERE LACHAISE", "marker-color": "#FF565E"}}, {"type": "Feature", "geometry": {"type": "Point", "coordinates": [2.407798, 48.849751]}, "properties": {"numparc": 636, "etat de la localisation": "Delocalise", "ID BDGEO": "710", "horodatage": "2022-04-01 06:36:41", "distance (en metres)": 1824.49, "station": "ROQUETTE-PERE LACHAISE", "marker-color": "#FF565E"}}, {"type": "Feature", "geometry": {"type": "Point", "coordinates": [2.374774, 48.85907]}, "properties": {"numparc": 637, "etat de la localisation": "autre", "ID BDGEO": "707", "horodatage": "2022-04-01 06:36:45", "distance (en metres)": 353.6, "station": "POPINCOURT", "marker-color": "#818181"}}, {"type": "Feature", "geometry": {"type": "Point", "coordinates": [2.371285, 48.85788]}, "properties": {"numparc": 637, "etat de la localisation": "autre", "ID BDGEO": "705", "horodatage": "2022-04-01 06:38:20", "distance (en metres)": 376.02, "station": "BREGUET-SABIN", "marker-color": "#818181"}}, {"type": "Feature", "geometry": {"type": "Point", "coordinates": [2.32053, 48.85664]}, "properties": {"numparc": 622, "etat de la localisation": "autre", "ID BDGEO": "2637", "horodatage": "2022-04-01 06:41:41", "distance (en metres)": 3477.71, "station": "BASTILLE-RUE SAINT-ANTOINE", "marker-color": "#818181"}}, {"type": "Feature", "geometry": {"type": "Point", "coordinates": [2.386504, 48.859894]}, "properties": {"numparc": 626, "etat de la localisation": "autre", "ID BDGEO": "709", "horodatage": "2022-04-01 06:42:33", "distance (en metres)": 162.42, "station": "SAINT-MAUR-SERVAN", "marker-color": "#818181"}}, {"type": "Feature", "geometry": {"type": "Point", "coordinates": [2.361977, 48.854996]}, "properties": {"numparc": 637, "etat de la localisation": "autre", "ID BDGEO": "2637", "horodatage": "2022-04-01 06:43:37", "distance (en metres)": 465.99, "station": "BASTILLE-RUE SAINT-ANTOINE", "marker-color": "#818181"}}, {"type": "Feature", "geometry": {"type": "Point", "coordinates": [2.357424, 48.856079]}, "properties": {"numparc": 637, "etat de la localisation": "autre", "ID BDGEO": "2637", "horodatage": "2022-04-01 06:45:04", "distance (en metres)": 819.66, "station": "BASTILLE-RUE SAINT-ANTOINE", "marker-color": "#818181"}}, {"type": "Feature", "geometry": {"type": "Point", "coordinates": [2.407217, 48.849064]}, "properties": {"numparc": 628, "etat de la localisation": "autre", "ID BDGEO": "4538", "horodatage": "2022-04-01 06:45:49", "distance (en metres)": 90.92, "station": "LAGNY SORTIE", "marker-color": "#818181"}}, {"type": "Feature", "geometry": {"type": "Point", "coordinates": [2.309639, 48.858047]}, "properties": {"numparc": 622, "etat de la localisation": "autre", "ID BDGEO": "2637", "horodatage": "2022-04-01 06:46:03", "distance (en metres)": 4287.23, "station": "BASTILLE-RUE SAINT-ANTOINE", "marker-color": "#818181"}}, {"type": "Feature", "geometry": {"type": "Point", "coordinates": [2.377535, 48.860085]}, "properties": {"numparc": 626, "etat de la localisation": "autre", "ID BDGEO": "708", "horodatage": "2022-04-01 06:46:11", "distance (en metres)": 342.26, "station": "VOLTAIRE-LEON BLUM", "marker-color": "#818181"}}, {"type": "Feature", "geometry": {"type": "Point", "coordinates": [2.374808, 48.859131]}, "properties": {"numparc": 626, "etat de la localisation": "autre", "ID BDGEO": "707", "horodatage": "2022-04-01 06:47:22", "distance (en metres)": 356.42, "station": "POPINCOURT", "marker-color": "#818181"}}, {"type": "Feature", "geometry": {"type": "Point", "coordinates": [2.348722, 48.858368]}, "properties": {"numparc": 637, "etat de la localisation": "autre", "ID BDGEO": "2637", "horodatage": "2022-04-01 06:47:32", "distance (en metres)": 1505.26, "station": "BASTILLE-RUE SAINT-ANTOINE", "marker-color": "#818181"}}, {"type": "Feature", "geometry": {"type": "Point", "coordinates": [2.400053, 48.865265]}, "properties": {"numparc": 636, "etat de la localisation": "autre", "ID BDGEO": "3196", "horodatage": "2022-04-01 06:48:11", "distance (en metres)": 77.04, "station": "GAMBETTA-MAIRIE DU 20EME.", "marker-color": "#818181"}}, {"type": "Feature", "geometry": {"type": "Point", "coordinates": [2.388187, 48.863113]}, "properties": {"numparc": 625, "etat de la localisation": "autre", "ID BDGEO": "711", "horodatage": "2022-04-01 06:48:30", "distance (en metres)": 83.75, "station": "PERE LACHAISE", "marker-color": "#818181"}}, {"type": "Feature", "geometry": {"type": "Point", "coordinates": [2.344337, 48.859795]}, "properties": {"numparc": 637, "etat de la localisation": "autre", "ID BDGEO": "2637", "horodatage": "2022-04-01 06:49:04", "distance (en metres)": 1862.34, "station": "BASTILLE-RUE SAINT-ANTOINE", "marker-color": "#818181"}}, {"type": "Feature", "geometry": {"type": "Point", "coordinates": [2.296324, 48.855236]}, "properties": {"numparc": 622, "etat de la localisation": "autre", "ID BDGEO": "10829", "horodatage": "2022-04-01 06:50:02", "distance (en metres)": 6211.02, "station": "VOLTAIRE-LEON BLUM.", "marker-color": "#818181"}}, {"type": "Feature", "geometry": {"type": "Point", "coordinates": [2.296212, 48.855114]}, "properties": {"numparc": 632, "etat de la localisation": "autre", "ID BDGEO": "10829", "horodatage": "2022-04-01 06:50:25", "distance (en metres)": 6219.86, "station": "VOLTAIRE-LEON BLUM.", "marker-color": "#818181"}}, {"type": "Feature", "geometry": {"type": "Point", "coordinates": [2.296207, 48.85516]}, "properties": {"numparc": 622, "etat de la localisation": "autre", "ID BDGEO": "10829", "horodatage": "2022-04-01 06:51:30", "distance (en metres)": 6219.98, "station": "VOLTAIRE-LEON BLUM.", "marker-color": "#818181"}}, {"type": "Feature", "geometry": {"type": "Point", "coordinates": [2.408093, 48.849617]}, "properties": {"numparc": 633, "etat de la localisation": "autre", "ID BDGEO": "4538", "horodatage": "2022-04-01 06:51:31", "distance (en metres)": 95.66, "station": "LAGNY SORTIE", "marker-color": "#818181"}}, {"type": "Feature", "geometry": {"type": "Point", "coordinates": [2.400053, 48.865265]}, "properties": {"numparc": 636, "etat de la localisation": "autre", "ID BDGEO": "3196", "horodatage": "2022-04-01 06:51:41", "distance (en metres)": 77.04, "station": "GAMBETTA-MAIRIE DU 20EME.", "marker-color": "#818181"}}, {"type": "Feature", "geometry": {"type": "Point", "coordinates": [2.385326, 48.861961]}, "properties": {"numparc": 625, "etat de la localisation": "autre", "ID BDGEO": "711", "horodatage": "2022-04-01 06:52:53", "distance (en metres)": 179.49, "station": "PERE LACHAISE", "marker-color": "#818181"}}, {"type": "Feature", "geometry": {"type": "Point", "coordinates": [2.357493, 48.856136]}, "properties": {"numparc": 626, "etat de la localisation": "autre", "ID BDGEO": "2637", "horodatage": "2022-04-01 06:52:59", "distance (en metres)": 817.44, "station": "BASTILLE-RUE SAINT-ANTOINE", "marker-color": "#818181"}}, {"type": "Feature", "geometry": {"type": "Point", "coordinates": [2.400053, 48.865265]}, "properties": {"numparc": 636, "etat de la localisation": "autre", "ID BDGEO": "3196", "horodatage": "2022-04-01 06:53:32", "distance (en metres)": 77.04, "station": "GAMBETTA-MAIRIE DU 20EME.", "marker-color": "#818181"}}, {"type": "Feature", "geometry": {"type": "Point", "coordinates": [2.408093, 48.849617]}, "properties": {"numparc": 633, "etat de la localisation": "autre", "ID BDGEO": "4538", "horodatage": "2022-04-01 06:54:18", "distance (en metres)": 95.66, "station": "LAGNY SORTIE", "marker-color": "#818181"}}, {"type": "Feature", "geometry": {"type": "Point", "coordinates": [2.400053, 48.865265]}, "properties": {"numparc": 636, "etat de la localisation": "autre", "ID BDGEO": "3196", "horodatage": "2022-04-01 06:54:22", "distance (en metres)": 77.04, "station": "GAMBETTA-MAIRIE DU 20EME.", "marker-color": "#818181"}}, {"type": "Feature", "geometry": {"type": "Point", "coordinates": [2.35048, 48.857845]}, "properties": {"numparc": 626, "etat de la localisation": "autre", "ID BDGEO": "2637", "horodatage": "2022-04-01 06:55:05", "distance (en metres)": 1364.25, "station": "BASTILLE-RUE SAINT-ANTOINE", "marker-color": "#818181"}}, {"type": "Feature", "geometry": {"type": "Point", "coordinates": [2.331666, 48.858768]}, "properties": {"numparc": 637, "etat de la localisation": "autre", "ID BDGEO": "2637", "horodatage": "2022-04-01 06:55:42", "distance (en metres)": 2712.31, "station": "BASTILLE-RUE SAINT-ANTOINE", "marker-color": "#818181"}}, {"type": "Feature", "geometry": {"type": "Point", "coordinates": [2.348944, 48.858341]}, "properties": {"numparc": 626, "etat de la localisation": "autre", "ID BDGEO": "2637", "horodatage": "2022-04-01 06:55:47", "distance (en metres)": 1489.1, "station": "BASTILLE-RUE SAINT-ANTOINE", "marker-color": "#818181"}}, {"type": "Feature", "geometry": {"type": "Point", "coordinates": [2.400053, 48.865265]}, "properties": {"numparc": 636, "etat de la localisation": "autre", "ID BDGEO": "3196", "horodatage": "2022-04-01 06:55:50", "distance (en metres)": 77.04, "station": "GAMBETTA-MAIRIE DU 20EME.", "marker-color": "#818181"}}, {"type": "Feature", "geometry": {"type": "Point", "coordinates": [2.310768, 48.859924]}, "properties": {"numparc": 632, "etat de la localisation": "autre", "ID BDGEO": "10829", "horodatage": "2022-04-01 06:56:11", "distance (en metres)": 5152.3, "station": "VOLTAIRE-LEON BLUM.", "marker-color": "#818181"}}, {"type": "Feature", "geometry": {"type": "Point", "coordinates": [2.400143, 48.864964]}, "properties": {"numparc": 636, "etat de la localisation": "autre", "ID BDGEO": "3196", "horodatage": "2022-04-01 06:56:42", "distance (en metres)": 103.27, "station": "GAMBETTA-MAIRIE DU 20EME.", "marker-color": "#818181"}}, {"type": "Feature", "geometry": {"type": "Point", "coordinates": [2.408093, 48.849617]}, "properties": {"numparc": 633, "etat de la localisation": "autre", "ID BDGEO": "4538", "horodatage": "2022-04-01 06:57:45", "distance (en metres)": 95.66, "station": "LAGNY SORTIE", "marker-color": "#818181"}}, {"type": "Feature", "geometry": {"type": "Point", "coordinates": [2.377607, 48.860046]}, "properties": {"numparc": 625, "etat de la localisation": "autre", "ID BDGEO": "708", "horodatage": "2022-04-01 06:57:47", "distance (en metres)": 335.66, "station": "VOLTAIRE-LEON BLUM", "marker-color": "#818181"}}, {"type": "Feature", "geometry": {"type": "Point", "coordinates": [2.408093, 48.849617]}, "properties": {"numparc": 633, "etat de la localisation": "autre", "ID BDGEO": "4538", "horodatage": "2022-04-01 06:57:53", "distance (en metres)": 95.66, "station": "LAGNY SORTIE", "marker-color": "#818181"}}, {"type": "Feature", "geometry": {"type": "Point", "coordinates": [2.323441, 48.858093]}, "properties": {"numparc": 637, "etat de la localisation": "autre", "ID BDGEO": "2637", "horodatage": "2022-04-01 06:58:17", "distance (en metres)": 3288.39, "station": "BASTILLE-RUE SAINT-ANTOINE", "marker-color": "#818181"}}, {"type": "Feature", "geometry": {"type": "Point", "coordinates": [2.325392, 48.855675]}, "properties": {"numparc": 637, "etat de la localisation": "autre", "ID BDGEO": "2637", "horodatage": "2022-04-01 06:59:52", "distance (en metres)": 3113.3, "station": "BASTILLE-RUE SAINT-ANTOINE", "marker-color": "#818181"}}, {"type": "Feature", "geometry": {"type": "Point", "coordinates": [2.371178, 48.857895]}, "properties": {"numparc": 625, "etat de la localisation": "autre", "ID BDGEO": "705", "horodatage": "2022-04-01 07:00:18", "distance (en metres)": 379.1, "station": "BREGUET-SABIN", "marker-color": "#818181"}}, {"type": "Feature", "geometry": {"type": "Point", "coordinates": [2.296524, 48.855213]}, "properties": {"numparc": 622, "etat de la localisation": "autre", "ID BDGEO": "10829", "horodatage": "2022-04-01 07:00:23", "distance (en metres)": 6196.52, "station": "VOLTAIRE-LEON BLUM.", "marker-color": "#818181"}}, {"type": "Feature", "geometry": {"type": "Point", "coordinates": [2.335739, 48.862686]}, "properties": {"numparc": 626, "etat de la localisation": "autre", "ID BDGEO": "2637", "horodatage": "2022-04-01 07:01:20", "distance (en metres)": 2567.36, "station": "BASTILLE-RUE SAINT-ANTOINE", "marker-color": "#818181"}}, {"type": "Feature", "geometry": {"type": "Point", "coordinates": [2.388218, 48.863064]}, "properties": {"numparc": 636, "etat de la localisation": "autre", "ID BDGEO": "711", "horodatage": "2022-04-01 07:01:20", "distance (en metres)": 79.98, "station": "PERE LACHAISE", "marker-color": "#818181"}}, {"type": "Feature", "geometry": {"type": "Point", "coordinates": [2.368451, 48.857052]}, "properties": {"numparc": 625, "etat de la localisation": "autre", "ID BDGEO": "705", "horodatage": "2022-04-01 07:01:41", "distance (en metres)": 388.89, "station": "BREGUET-SABIN", "marker-color": "#818181"}}, {"type": "Feature", "geometry": {"type": "Point", "coordinates": [2.320628, 48.856621]}, "properties": {"numparc": 637, "etat de la localisation": "autre", "ID BDGEO": "2637", "horodatage": "2022-04-01 07:01:43", "distance (en metres)": 3470.35, "station": "BASTILLE-RUE SAINT-ANTOINE", "marker-color": "#818181"}}, {"type": "Feature", "geometry": {"type": "Point", "coordinates": [2.408377, 48.849163]}, "properties": {"numparc": 633, "etat de la localisation": "Delocalise", "ID BDGEO": "4538", "horodatage": "2022-04-01 07:02:17", "distance (en metres)": 135.95, "station": "LAGNY SORTIE", "marker-color": "#FF565E"}}, {"type": "Feature", "geometry": {"type": "Point", "coordinates": [2.400084, 48.865078]}, "properties": {"numparc": 629, "etat de la localisation": "autre", "ID BDGEO": "3196", "horodatage": "2022-04-01 07:02:39", "distance (en metres)": 91.35, "station": "GAMBETTA-MAIRIE DU 20EME.", "marker-color": "#818181"}}, {"type": "Feature", "geometry": {"type": "Point", "coordinates": [2.385292, 48.861965]}, "properties": {"numparc": 636, "etat de la localisation": "autre", "ID BDGEO": "711", "horodatage": "2022-04-01 07:03:06", "distance (en metres)": 181.74, "station": "PERE LACHAISE", "marker-color": "#818181"}}, {"type": "Feature", "geometry": {"type": "Point", "coordinates": [2.316986, 48.857693]}, "properties": {"numparc": 637, "etat de la localisation": "autre", "ID BDGEO": "2637", "horodatage": "2022-04-01 07:03:18", "distance (en metres)": 3749.07, "station": "BASTILLE-RUE SAINT-ANTOINE", "marker-color": "#818181"}}, {"type": "Feature", "geometry": {"type": "Point", "coordinates": [2.38651, 48.859859]}, "properties": {"numparc": 636, "etat de la localisation": "autre", "ID BDGEO": "709", "horodatage": "2022-04-01 07:03:57", "distance (en metres)": 159.99, "station": "SAINT-MAUR-SERVAN", "marker-color": "#818181"}}, {"type": "Feature", "geometry": {"type": "Point", "coordinates": [2.400084, 48.865078]}, "properties": {"numparc": 629, "etat de la localisation": "autre", "ID BDGEO": "3196", "horodatage": "2022-04-01 07:04:18", "distance (en metres)": 91.35, "station": "GAMBETTA-MAIRIE DU 20EME.", "marker-color": "#818181"}}, {"type": "Feature", "geometry": {"type": "Point", "coordinates": [2.362094, 48.855057]}, "properties": {"numparc": 625, "etat de la localisation": "autre", "ID BDGEO": "2637", "horodatage": "2022-04-01 07:05:01", "distance (en metres)": 461.07, "station": "BASTILLE-RUE SAINT-ANTOINE", "marker-color": "#818181"}}, {"type": "Feature", "geometry": {"type": "Point", "coordinates": [2.296758, 48.85511]}, "properties": {"numparc": 620, "etat de la localisation": "autre", "ID BDGEO": "10829", "horodatage": "2022-04-01 07:07:20", "distance (en metres)": 6179.99, "station": "VOLTAIRE-LEON BLUM.", "marker-color": "#818181"}}, {"type": "Feature", "geometry": {"type": "Point", "coordinates": [2.34849, 48.856827]}, "properties": {"numparc": 632, "etat de la localisation": "autre", "ID BDGEO": "10829", "horodatage": "2022-04-01 07:07:49", "distance (en metres)": 2390.4, "station": "VOLTAIRE-LEON BLUM.", "marker-color": "#818181"}}, {"type": "Feature", "geometry": {"type": "Point", "coordinates": [2.39903, 48.864399]}, "properties": {"numparc": 633, "etat de la localisation": "autre", "ID BDGEO": "5527", "horodatage": "2022-04-01 07:08:08", "distance (en metres)": 102.64, "station": "GAMBETTA", "marker-color": "#818181"}}, {"type": "Feature", "geometry": {"type": "Point", "coordinates": [2.400031, 48.865147]}, "properties": {"numparc": 633, "etat de la localisation": "autre", "ID BDGEO": "3196", "horodatage": "2022-04-01 07:10:11", "distance (en metres)": 83.42, "station": "GAMBETTA-MAIRIE DU 20EME.", "marker-color": "#818181"}}, {"type": "Feature", "geometry": {"type": "Point", "coordinates": [2.388247, 48.863045]}, "properties": {"numparc": 629, "etat de la localisation": "autre", "ID BDGEO": "711", "horodatage": "2022-04-01 07:10:39", "distance (en metres)": 79.27, "station": "PERE LACHAISE", "marker-color": "#818181"}}, {"type": "Feature", "geometry": {"type": "Point", "coordinates": [2.377653, 48.86013]}, "properties": {"numparc": 636, "etat de la localisation": "autre", "ID BDGEO": "708", "horodatage": "2022-04-01 07:10:49", "distance (en metres)": 340.99, "station": "VOLTAIRE-LEON BLUM", "marker-color": "#818181"}}, {"type": "Feature", "geometry": {"type": "Point", "coordinates": [2.320547, 48.856586]}, "properties": {"numparc": 626, "etat de la localisation": "autre", "ID BDGEO": "2637", "horodatage": "2022-04-01 07:11:09", "distance (en metres)": 3475.83, "station": "BASTILLE-RUE SAINT-ANTOINE", "marker-color": "#818181"}}, {"type": "Feature", "geometry": {"type": "Point", "coordinates": [2.296392, 48.855263]}, "properties": {"numparc": 637, "etat de la localisation": "autre", "ID BDGEO": "10829", "horodatage": "2022-04-01 07:12:14", "distance (en metres)": 6205.91, "station": "VOLTAIRE-LEON BLUM.", "marker-color": "#818181"}}, {"type": "Feature", "geometry": {"type": "Point", "coordinates": [2.335719, 48.86269]}, "properties": {"numparc": 625, "etat de la localisation": "autre", "ID BDGEO": "2637", "horodatage": "2022-04-01 07:12:29", "distance (en metres)": 2568.85, "station": "BASTILLE-RUE SAINT-ANTOINE", "marker-color": "#818181"}}, {"type": "Feature", "geometry": {"type": "Point", "coordinates": [2.385226, 48.862]}, "properties": {"numparc": 629, "etat de la localisation": "autre", "ID BDGEO": "711", "horodatage": "2022-04-01 07:12:32", "distance (en metres)": 185.31, "station": "PERE LACHAISE", "marker-color": "#818181"}}, {"type": "Feature", "geometry": {"type": "Point", "coordinates": [2.371261, 48.857929]}, "properties": {"numparc": 636, "etat de la localisation": "autre", "ID BDGEO": "705", "horodatage": "2022-04-01 07:13:30", "distance (en metres)": 381.75, "station": "BREGUET-SABIN", "marker-color": "#818181"}}, {"type": "Feature", "geometry": {"type": "Point", "coordinates": [2.365519, 48.853817]}, "properties": {"numparc": 632, "etat de la localisation": "autre", "ID BDGEO": "10829", "horodatage": "2022-04-01 07:13:53", "distance (en metres)": 1227.19, "station": "VOLTAIRE-LEON BLUM.", "marker-color": "#818181"}}, {"type": "Feature", "geometry": {"type": "Point", "coordinates": [2.300077, 48.857311]}, "properties": {"numparc": 620, "etat de la localisation": "autre", "ID BDGEO": "10829", "horodatage": "2022-04-01 07:15:41", "distance (en metres)": 5929.78, "station": "VOLTAIRE-LEON BLUM.", "marker-color": "#818181"}}, {"type": "Feature", "geometry": {"type": "Point", "coordinates": [2.323668, 48.860703]}, "properties": {"numparc": 625, "etat de la localisation": "autre", "ID BDGEO": "2637", "horodatage": "2022-04-01 07:17:25", "distance (en metres)": 3331.69, "station": "BASTILLE-RUE SAINT-ANTOINE", "marker-color": "#818181"}}, {"type": "Feature", "geometry": {"type": "Point", "coordinates": [2.37765, 48.860104]}, "properties": {"numparc": 629, "etat de la localisation": "autre", "ID BDGEO": "708", "horodatage": "2022-04-01 07:17:29", "distance (en metres)": 338.75, "station": "VOLTAIRE-LEON BLUM", "marker-color": "#818181"}}, {"type": "Feature", "geometry": {"type": "Point", "coordinates": [2.303968, 48.858959]}, "properties": {"numparc": 620, "etat de la localisation": "autre", "ID BDGEO": "10829", "horodatage": "2022-04-01 07:17:35", "distance (en metres)": 5646.03, "station": "VOLTAIRE-LEON BLUM.", "marker-color": "#818181"}}, {"type": "Feature", "geometry": {"type": "Point", "coordinates": [2.376625, 48.851868]}, "properties": {"numparc": 632, "etat de la localisation": "Delocalise", "ID BDGEO": "10829", "horodatage": "2022-04-01 07:18:22", "distance (en metres)": 743.35, "station": "VOLTAIRE-LEON BLUM.", "marker-color": "#FF565E"}}, {"type": "Feature", "geometry": {"type": "Point", "coordinates": [2.307191, 48.859627]}, "properties": {"numparc": 620, "etat de la localisation": "autre", "ID BDGEO": "10829", "horodatage": "2022-04-01 07:18:48", "distance (en metres)": 5412.45, "station": "VOLTAIRE-LEON BLUM.", "marker-color": "#818181"}}, {"type": "Feature", "geometry": {"type": "Point", "coordinates": [2.323423, 48.858078]}, "properties": {"numparc": 625, "etat de la localisation": "autre", "ID BDGEO": "2637", "horodatage": "2022-04-01 07:19:46", "distance (en metres)": 3289.42, "station": "BASTILLE-RUE SAINT-ANTOINE", "marker-color": "#818181"}}, {"type": "Feature", "geometry": {"type": "Point", "coordinates": [2.362104, 48.854973]}, "properties": {"numparc": 636, "etat de la localisation": "autre", "ID BDGEO": "2637", "horodatage": "2022-04-01 07:19:48", "distance (en metres)": 456.48, "station": "BASTILLE-RUE SAINT-ANTOINE", "marker-color": "#818181"}}, {"type": "Feature", "geometry": {"type": "Point", "coordinates": [2.296657, 48.854996]}, "properties": {"numparc": 637, "etat de la localisation": "autre", "ID BDGEO": "10829", "horodatage": "2022-04-01 07:20:08", "distance (en metres)": 6188.01, "station": "VOLTAIRE-LEON BLUM.", "marker-color": "#818181"}}, {"type": "Feature", "geometry": {"type": "Point", "coordinates": [2.392679, 48.864246]}, "properties": {"numparc": 628, "etat de la localisation": "autre", "ID BDGEO": "2960", "horodatage": "2022-04-01 07:20:09", "distance (en metres)": 60.08, "station": "MURIERS", "marker-color": "#818181"}}, {"type": "Feature", "geometry": {"type": "Point", "coordinates": [2.371249, 48.857922]}, "properties": {"numparc": 629, "etat de la localisation": "autre", "ID BDGEO": "705", "horodatage": "2022-04-01 07:20:20", "distance (en metres)": 381.07, "station": "BREGUET-SABIN", "marker-color": "#818181"}}, {"type": "Feature", "geometry": {"type": "Point", "coordinates": [2.325326, 48.855682]}, "properties": {"numparc": 625, "etat de la localisation": "autre", "ID BDGEO": "2637", "horodatage": "2022-04-01 07:20:48", "distance (en metres)": 3118.19, "station": "BASTILLE-RUE SAINT-ANTOINE", "marker-color": "#818181"}}, {"type": "Feature", "geometry": {"type": "Point", "coordinates": [2.348457, 48.856831]}, "properties": {"numparc": 622, "etat de la localisation": "autre", "ID BDGEO": "10829", "horodatage": "2022-04-01 07:20:55", "distance (en metres)": 2392.78, "station": "VOLTAIRE-LEON BLUM.", "marker-color": "#818181"}}, {"type": "Feature", "geometry": {"type": "Point", "coordinates": [2.357567, 48.856125]}, "properties": {"numparc": 636, "etat de la localisation": "autre", "ID BDGEO": "2637", "horodatage": "2022-04-01 07:21:00", "distance (en metres)": 811.95, "station": "BASTILLE-RUE SAINT-ANTOINE", "marker-color": "#818181"}}, {"type": "Feature", "geometry": {"type": "Point", "coordinates": [2.388227, 48.863056]}, "properties": {"numparc": 628, "etat de la localisation": "autre", "ID BDGEO": "711", "horodatage": "2022-04-01 07:21:33", "distance (en metres)": 79.59, "station": "PERE LACHAISE", "marker-color": "#818181"}}, {"type": "Feature", "geometry": {"type": "Point", "coordinates": [2.296237, 48.855145]}, "properties": {"numparc": 626, "etat de la localisation": "autre", "ID BDGEO": "10829", "horodatage": "2022-04-01 07:21:37", "distance (en metres)": 6217.87, "station": "VOLTAIRE-LEON BLUM.", "marker-color": "#818181"}}, {"type": "Feature", "geometry": {"type": "Point", "coordinates": [2.296237, 48.855145]}, "properties": {"numparc": 626, "etat de la localisation": "autre", "ID BDGEO": "10829", "horodatage": "2022-04-01 07:22:00", "distance (en metres)": 6217.87, "station": "VOLTAIRE-LEON BLUM.", "marker-color": "#818181"}}, {"type": "Feature", "geometry": {"type": "Point", "coordinates": [2.385293, 48.861969]}, "properties": {"numparc": 628, "etat de la localisation": "autre", "ID BDGEO": "711", "horodatage": "2022-04-01 07:23:03", "distance (en metres)": 181.54, "station": "PERE LACHAISE", "marker-color": "#818181"}}, {"type": "Feature", "geometry": {"type": "Point", "coordinates": [2.300037, 48.857307]}, "properties": {"numparc": 637, "etat de la localisation": "autre", "ID BDGEO": "10829", "horodatage": "2022-04-01 07:23:06", "distance (en metres)": 5932.71, "station": "VOLTAIRE-LEON BLUM.", "marker-color": "#818181"}}, {"type": "Feature", "geometry": {"type": "Point", "coordinates": [2.38659, 48.859913]}, "properties": {"numparc": 628, "etat de la localisation": "autre", "ID BDGEO": "710", "horodatage": "2022-04-01 07:23:59", "distance (en metres)": 160.43, "station": "ROQUETTE-PERE LACHAISE", "marker-color": "#818181"}}, {"type": "Feature", "geometry": {"type": "Point", "coordinates": [2.296237, 48.855145]}, "properties": {"numparc": 626, "etat de la localisation": "autre", "ID BDGEO": "10829", "horodatage": "2022-04-01 07:24:10", "distance (en metres)": 6217.87, "station": "VOLTAIRE-LEON BLUM.", "marker-color": "#818181"}}, {"type": "Feature", "geometry": {"type": "Point", "coordinates": [2.365234, 48.853916]}, "properties": {"numparc": 629, "etat de la localisation": "autre", "ID BDGEO": "2637", "horodatage": "2022-04-01 07:25:00", "distance (en metres)": 199.82, "station": "BASTILLE-RUE SAINT-ANTOINE", "marker-color": "#818181"}}, {"type": "Feature", "geometry": {"type": "Point", "coordinates": [2.362205, 48.854813]}, "properties": {"numparc": 622, "etat de la localisation": "autre", "ID BDGEO": "10829", "horodatage": "2022-04-01 07:25:20", "distance (en metres)": 1425.18, "station": "VOLTAIRE-LEON BLUM.", "marker-color": "#818181"}}, {"type": "Feature", "geometry": {"type": "Point", "coordinates": [2.319903, 48.859261]}, "properties": {"numparc": 620, "etat de la localisation": "autre", "ID BDGEO": "10829", "horodatage": "2022-04-01 07:25:38", "distance (en metres)": 4481.64, "station": "VOLTAIRE-LEON BLUM.", "marker-color": "#818181"}}, {"type": "Feature", "geometry": {"type": "Point", "coordinates": [2.362084, 48.855038]}, "properties": {"numparc": 629, "etat de la localisation": "autre", "ID BDGEO": "2637", "horodatage": "2022-04-01 07:25:49", "distance (en metres)": 460.83, "station": "BASTILLE-RUE SAINT-ANTOINE", "marker-color": "#818181"}}, {"type": "Feature", "geometry": {"type": "Point", "coordinates": [2.387743, 48.862488]}, "properties": {"numparc": 632, "etat de la localisation": "autre", "ID BDGEO": "653", "horodatage": "2022-04-01 07:25:53", "distance (en metres)": 78.31, "station": "AUGUSTE METIVIER", "marker-color": "#818181"}}, {"type": "Feature", "geometry": {"type": "Point", "coordinates": [2.365556, 48.85379]}, "properties": {"numparc": 622, "etat de la localisation": "autre", "ID BDGEO": "10829", "horodatage": "2022-04-01 07:26:40", "distance (en metres)": 1225.77, "station": "VOLTAIRE-LEON BLUM.", "marker-color": "#818181"}}, {"type": "Feature", "geometry": {"type": "Point", "coordinates": [2.323621, 48.857784]}, "properties": {"numparc": 620, "etat de la localisation": "autre", "ID BDGEO": "10829", "horodatage": "2022-04-01 07:26:47", "distance (en metres)": 4206.99, "station": "VOLTAIRE-LEON BLUM.", "marker-color": "#818181"}}, {"type": "Feature", "geometry": {"type": "Point", "coordinates": [2.357562, 48.856194]}, "properties": {"numparc": 629, "etat de la localisation": "autre", "ID BDGEO": "2637", "horodatage": "2022-04-01 07:26:59", "distance (en metres)": 815.29, "station": "BASTILLE-RUE SAINT-ANTOINE", "marker-color": "#818181"}}, {"type": "Feature", "geometry": {"type": "Point", "coordinates": [2.335572, 48.862606]}, "properties": {"numparc": 636, "etat de la localisation": "autre", "ID BDGEO": "2637", "horodatage": "2022-04-01 07:27:43", "distance (en metres)": 2574.92, "station": "BASTILLE-RUE SAINT-ANTOINE", "marker-color": "#818181"}}, {"type": "Feature", "geometry": {"type": "Point", "coordinates": [2.368105, 48.853302]}, "properties": {"numparc": 622, "etat de la localisation": "autre", "ID BDGEO": "10829", "horodatage": "2022-04-01 07:27:45", "distance (en metres)": 1079.14, "station": "VOLTAIRE-LEON BLUM.", "marker-color": "#818181"}}, {"type": "Feature", "geometry": {"type": "Point", "coordinates": [2.400047, 48.864914]}, "properties": {"numparc": 633, "etat de la localisation": "autre", "ID BDGEO": "3196", "horodatage": "2022-04-01 07:28:00", "distance (en metres)": 102.69, "station": "GAMBETTA-MAIRIE DU 20EME.", "marker-color": "#818181"}}, {"type": "Feature", "geometry": {"type": "Point", "coordinates": [2.319914, 48.859299]}, "properties": {"numparc": 637, "etat de la localisation": "autre", "ID BDGEO": "10829", "horodatage": "2022-04-01 07:28:29", "distance (en metres)": 4480.97, "station": "VOLTAIRE-LEON BLUM.", "marker-color": "#818181"}}, {"type": "Feature", "geometry": {"type": "Point", "coordinates": [2.349924, 48.858093]}, "properties": {"numparc": 629, "etat de la localisation": "autre", "ID BDGEO": "2637", "horodatage": "2022-04-01 07:28:46", "distance (en metres)": 1412.3, "station": "BASTILLE-RUE SAINT-ANTOINE", "marker-color": "#818181"}}, {"type": "Feature", "geometry": {"type": "Point", "coordinates": [2.377579, 48.860069]}, "properties": {"numparc": 628, "etat de la localisation": "autre", "ID BDGEO": "708", "horodatage": "2022-04-01 07:29:16", "distance (en metres)": 338.93, "station": "VOLTAIRE-LEON BLUM", "marker-color": "#818181"}}, {"type": "Feature", "geometry": {"type": "Point", "coordinates": [2.344475, 48.859928]}, "properties": {"numparc": 629, "etat de la localisation": "autre", "ID BDGEO": "2637", "horodatage": "2022-04-01 07:31:06", "distance (en metres)": 1858.89, "station": "BASTILLE-RUE SAINT-ANTOINE", "marker-color": "#818181"}}, {"type": "Feature", "geometry": {"type": "Point", "coordinates": [2.323622, 48.857834]}, "properties": {"numparc": 637, "etat de la localisation": "autre", "ID BDGEO": "10829", "horodatage": "2022-04-01 07:31:12", "distance (en metres)": 4206.92, "station": "VOLTAIRE-LEON BLUM.", "marker-color": "#818181"}}, {"type": "Feature", "geometry": {"type": "Point", "coordinates": [2.378385, 48.856983]}, "properties": {"numparc": 622, "etat de la localisation": "autre", "ID BDGEO": "10829", "horodatage": "2022-04-01 07:31:16", "distance (en metres)": 223.03, "station": "VOLTAIRE-LEON BLUM.", "marker-color": "#818181"}}, {"type": "Feature", "geometry": {"type": "Point", "coordinates": [2.296713, 48.855003]}, "properties": {"numparc": 634, "etat de la localisation": "autre", "ID BDGEO": "10829", "horodatage": "2022-04-01 07:31:49", "distance (en metres)": 6183.87, "station": "VOLTAIRE-LEON BLUM.", "marker-color": "#818181"}}, {"type": "Feature", "geometry": {"type": "Point", "coordinates": [2.371235, 48.857903]}, "properties": {"numparc": 628, "etat de la localisation": "autre", "ID BDGEO": "705", "horodatage": "2022-04-01 07:32:19", "distance (en metres)": 379.17, "station": "BREGUET-SABIN", "marker-color": "#818181"}}, {"type": "Feature", "geometry": {"type": "Point", "coordinates": [2.300021, 48.857269]}, "properties": {"numparc": 634, "etat de la localisation": "autre", "ID BDGEO": "10829", "horodatage": "2022-04-01 07:33:00", "distance (en metres)": 5933.93, "station": "VOLTAIRE-LEON BLUM.", "marker-color": "#818181"}}, {"type": "Feature", "geometry": {"type": "Point", "coordinates": [2.328913, 48.859066]}, "properties": {"numparc": 637, "etat de la localisation": "autre", "ID BDGEO": "10829", "horodatage": "2022-04-01 07:33:27", "distance (en metres)": 3822.14, "station": "VOLTAIRE-LEON BLUM.", "marker-color": "#818181"}}, {"type": "Feature", "geometry": {"type": "Point", "coordinates": [2.368501, 48.857059]}, "properties": {"numparc": 628, "etat de la localisation": "autre", "ID BDGEO": "705", "horodatage": "2022-04-01 07:34:08", "distance (en metres)": 386.97, "station": "BREGUET-SABIN", "marker-color": "#818181"}}, {"type": "Feature", "geometry": {"type": "Point", "coordinates": [2.388257, 48.863056]}, "properties": {"numparc": 633, "etat de la localisation": "autre", "ID BDGEO": "711", "horodatage": "2022-04-01 07:34:17", "distance (en metres)": 80.74, "station": "PERE LACHAISE", "marker-color": "#818181"}}, {"type": "Feature", "geometry": {"type": "Point", "coordinates": [2.323372, 48.858131]}, "properties": {"numparc": 636, "etat de la localisation": "autre", "ID BDGEO": "2637", "horodatage": "2022-04-01 07:34:45", "distance (en metres)": 3294.07, "station": "BASTILLE-RUE SAINT-ANTOINE", "marker-color": "#818181"}}, {"type": "Feature", "geometry": {"type": "Point", "coordinates": [2.303943, 48.85886]}, "properties": {"numparc": 634, "etat de la localisation": "autre", "ID BDGEO": "10829", "horodatage": "2022-04-01 07:34:55", "distance (en metres)": 5647.64, "station": "VOLTAIRE-LEON BLUM.", "marker-color": "#818181"}}, {"type": "Feature", "geometry": {"type": "Point", "coordinates": [2.399993, 48.865105]}, "properties": {"numparc": 632, "etat de la localisation": "autre", "ID BDGEO": "3196", "horodatage": "2022-04-01 07:35:10", "distance (en metres)": 84.44, "station": "GAMBETTA-MAIRIE DU 20EME.", "marker-color": "#818181"}}, {"type": "Feature", "geometry": {"type": "Point", "coordinates": [2.38533, 48.861893]}, "properties": {"numparc": 633, "etat de la localisation": "autre", "ID BDGEO": "711", "horodatage": "2022-04-01 07:35:53", "distance (en metres)": 181.63, "station": "PERE LACHAISE", "marker-color": "#818181"}}, {"type": "Feature", "geometry": {"type": "Point", "coordinates": [2.387679, 48.862549]}, "properties": {"numparc": 622, "etat de la localisation": "autre", "ID BDGEO": "653", "horodatage": "2022-04-01 07:36:21", "distance (en metres)": 74.73, "station": "AUGUSTE METIVIER", "marker-color": "#818181"}}, {"type": "Feature", "geometry": {"type": "Point", "coordinates": [2.331645, 48.858757]}, "properties": {"numparc": 629, "etat de la localisation": "autre", "ID BDGEO": "2637", "horodatage": "2022-04-01 07:36:38", "distance (en metres)": 2713.52, "station": "BASTILLE-RUE SAINT-ANTOINE", "marker-color": "#818181"}}, {"type": "Feature", "geometry": {"type": "Point", "coordinates": [2.407798, 48.849693]}, "properties": {"numparc": 621, "etat de la localisation": "autre", "ID BDGEO": "4538", "horodatage": "2022-04-01 07:37:13", "distance (en metres)": 72.66, "station": "LAGNY SORTIE", "marker-color": "#818181"}}, {"type": "Feature", "geometry": {"type": "Point", "coordinates": [2.365246, 48.853916]}, "properties": {"numparc": 628, "etat de la localisation": "autre", "ID BDGEO": "2637", "horodatage": "2022-04-01 07:37:34", "distance (en metres)": 198.99, "station": "BASTILLE-RUE SAINT-ANTOINE", "marker-color": "#818181"}}, {"type": "Feature", "geometry": {"type": "Point", "coordinates": [2.320648, 48.856628]}, "properties": {"numparc": 636, "etat de la localisation": "autre", "ID BDGEO": "2637", "horodatage": "2022-04-01 07:38:57", "distance (en metres)": 3468.99, "station": "BASTILLE-RUE SAINT-ANTOINE", "marker-color": "#818181"}}, {"type": "Feature", "geometry": {"type": "Point", "coordinates": [2.362096, 48.855038]}, "properties": {"numparc": 628, "etat de la localisation": "autre", "ID BDGEO": "2637", "horodatage": "2022-04-01 07:39:29", "distance (en metres)": 460.02, "station": "BASTILLE-RUE SAINT-ANTOINE", "marker-color": "#818181"}}, {"type": "Feature", "geometry": {"type": "Point", "coordinates": [2.350342, 48.856186]}, "properties": {"numparc": 637, "etat de la localisation": "autre", "ID BDGEO": "10829", "horodatage": "2022-04-01 07:39:31", "distance (en metres)": 2259.84, "station": "VOLTAIRE-LEON BLUM.", "marker-color": "#818181"}}, {"type": "Feature", "geometry": {"type": "Point", "coordinates": [2.296731, 48.855011]}, "properties": {"numparc": 626, "etat de la localisation": "autre", "ID BDGEO": "10829", "horodatage": "2022-04-01 07:40:01", "distance (en metres)": 6182.52, "station": "VOLTAIRE-LEON BLUM.", "marker-color": "#818181"}}, {"type": "Feature", "geometry": {"type": "Point", "coordinates": [2.319874, 48.859295]}, "properties": {"numparc": 634, "etat de la localisation": "autre", "ID BDGEO": "10829", "horodatage": "2022-04-01 07:40:09", "distance (en metres)": 4483.88, "station": "VOLTAIRE-LEON BLUM.", "marker-color": "#818181"}}, {"type": "Feature", "geometry": {"type": "Point", "coordinates": [2.380933, 48.85791]}, "properties": {"numparc": 633, "etat de la localisation": "autre", "ID BDGEO": "708", "horodatage": "2022-04-01 07:40:10", "distance (en metres)": 43.03, "station": "VOLTAIRE-LEON BLUM", "marker-color": "#818181"}}, {"type": "Feature", "geometry": {"type": "Point", "coordinates": [2.362193, 48.854839]}, "properties": {"numparc": 620, "etat de la localisation": "autre", "ID BDGEO": "10829", "horodatage": "2022-04-01 07:40:15", "distance (en metres)": 1425.32, "station": "VOLTAIRE-LEON BLUM.", "marker-color": "#818181"}}, {"type": "Feature", "geometry": {"type": "Point", "coordinates": [2.323633, 48.858128]}, "properties": {"numparc": 629, "etat de la localisation": "autre", "ID BDGEO": "2637", "horodatage": "2022-04-01 07:40:43", "distance (en metres)": 3275.16, "station": "BASTILLE-RUE SAINT-ANTOINE", "marker-color": "#818181"}}, {"type": "Feature", "geometry": {"type": "Point", "coordinates": [2.357514, 48.856136]}, "properties": {"numparc": 628, "etat de la localisation": "autre", "ID BDGEO": "2637", "horodatage": "2022-04-01 07:40:55", "distance (en metres)": 816.03, "station": "BASTILLE-RUE SAINT-ANTOINE", "marker-color": "#818181"}}, {"type": "Feature", "geometry": {"type": "Point", "coordinates": [2.325296, 48.855682]}, "properties": {"numparc": 629, "etat de la localisation": "autre", "ID BDGEO": "2637", "horodatage": "2022-04-01 07:41:40", "distance (en metres)": 3120.38, "station": "BASTILLE-RUE SAINT-ANTOINE", "marker-color": "#818181"}}, {"type": "Feature", "geometry": {"type": "Point", "coordinates": [2.323596, 48.857826]}, "properties": {"numparc": 634, "etat de la localisation": "autre", "ID BDGEO": "10829", "horodatage": "2022-04-01 07:41:48", "distance (en metres)": 4208.82, "station": "VOLTAIRE-LEON BLUM.", "marker-color": "#818181"}}, {"type": "Feature", "geometry": {"type": "Point", "coordinates": [2.377554, 48.859997]}, "properties": {"numparc": 633, "etat de la localisation": "autre", "ID BDGEO": "708", "horodatage": "2022-04-01 07:42:16", "distance (en metres)": 333.82, "station": "VOLTAIRE-LEON BLUM", "marker-color": "#818181"}}, {"type": "Feature", "geometry": {"type": "Point", "coordinates": [2.388247, 48.863098]}, "properties": {"numparc": 632, "etat de la localisation": "autre", "ID BDGEO": "711", "horodatage": "2022-04-01 07:42:30", "distance (en metres)": 84.35, "station": "PERE LACHAISE", "marker-color": "#818181"}}, {"type": "Feature", "geometry": {"type": "Point", "coordinates": [2.304029, 48.858959]}, "properties": {"numparc": 626, "etat de la localisation": "autre", "ID BDGEO": "10829", "horodatage": "2022-04-01 07:42:42", "distance (en metres)": 5641.57, "station": "VOLTAIRE-LEON BLUM.", "marker-color": "#818181"}}, {"type": "Feature", "geometry": {"type": "Point", "coordinates": [2.326448, 48.856289]}, "properties": {"numparc": 634, "etat de la localisation": "autre", "ID BDGEO": "10829", "horodatage": "2022-04-01 07:42:47", "distance (en metres)": 4004.05, "station": "VOLTAIRE-LEON BLUM.", "marker-color": "#818181"}}, {"type": "Feature", "geometry": {"type": "Point", "coordinates": [2.349956, 48.858013]}, "properties": {"numparc": 628, "etat de la localisation": "autre", "ID BDGEO": "2637", "horodatage": "2022-04-01 07:43:49", "distance (en metres)": 1406.78, "station": "BASTILLE-RUE SAINT-ANTOINE", "marker-color": "#818181"}}, {"type": "Feature", "geometry": {"type": "Point", "coordinates": [2.385272, 48.861961]}, "properties": {"numparc": 632, "etat de la localisation": "autre", "ID BDGEO": "711", "horodatage": "2022-04-01 07:43:55", "distance (en metres)": 183.26, "station": "PERE LACHAISE", "marker-color": "#818181"}}, {"type": "Feature", "geometry": {"type": "Point", "coordinates": [2.362101, 48.854809]}, "properties": {"numparc": 637, "etat de la localisation": "autre", "ID BDGEO": "10829", "horodatage": "2022-04-01 07:43:57", "distance (en metres)": 1432.66, "station": "VOLTAIRE-LEON BLUM.", "marker-color": "#818181"}}, {"type": "Feature", "geometry": {"type": "Point", "coordinates": [2.307158, 48.859676]}, "properties": {"numparc": 626, "etat de la localisation": "autre", "ID BDGEO": "10829", "horodatage": "2022-04-01 07:44:31", "distance (en metres)": 5415.06, "station": "VOLTAIRE-LEON BLUM.", "marker-color": "#818181"}}, {"type": "Feature", "geometry": {"type": "Point", "coordinates": [2.371244, 48.857895]}, "properties": {"numparc": 633, "etat de la localisation": "autre", "ID BDGEO": "705", "horodatage": "2022-04-01 07:44:33", "distance (en metres)": 378.21, "station": "BREGUET-SABIN", "marker-color": "#818181"}}, {"type": "Feature", "geometry": {"type": "Point", "coordinates": [2.386481, 48.859909]}, "properties": {"numparc": 632, "etat de la localisation": "autre", "ID BDGEO": "709", "horodatage": "2022-04-01 07:44:55", "distance (en metres)": 162.5, "station": "SAINT-MAUR-SERVAN", "marker-color": "#818181"}}, {"type": "Feature", "geometry": {"type": "Point", "coordinates": [2.303858, 48.856888]}, "properties": {"numparc": 636, "etat de la localisation": "autre", "ID BDGEO": "2637", "horodatage": "2022-04-01 07:45:08", "distance (en metres)": 4694.51, "station": "BASTILLE-RUE SAINT-ANTOINE", "marker-color": "#818181"}}, {"type": "Feature", "geometry": {"type": "Point", "coordinates": [2.316973, 48.857731]}, "properties": {"numparc": 629, "etat de la localisation": "autre", "ID BDGEO": "2637", "horodatage": "2022-04-01 07:45:15", "distance (en metres)": 3750.57, "station": "BASTILLE-RUE SAINT-ANTOINE", "marker-color": "#818181"}}, {"type": "Feature", "geometry": {"type": "Point", "coordinates": [2.370445, 48.853355]}, "properties": {"numparc": 620, "etat de la localisation": "autre", "ID BDGEO": "10829", "horodatage": "2022-04-01 07:45:24", "distance (en metres)": 928.26, "station": "VOLTAIRE-LEON BLUM.", "marker-color": "#818181"}}, {"type": "Feature", "geometry": {"type": "Point", "coordinates": [2.368544, 48.857059]}, "properties": {"numparc": 633, "etat de la localisation": "autre", "ID BDGEO": "705", "horodatage": "2022-04-01 07:45:52", "distance (en metres)": 384.79, "station": "BREGUET-SABIN", "marker-color": "#818181"}}, {"type": "Feature", "geometry": {"type": "Point", "coordinates": [2.310696, 48.859978]}, "properties": {"numparc": 626, "etat de la localisation": "autre", "ID BDGEO": "10829", "horodatage": "2022-04-01 07:46:00", "distance (en metres)": 5157.83, "station": "VOLTAIRE-LEON BLUM.", "marker-color": "#818181"}}, {"type": "Feature", "geometry": {"type": "Point", "coordinates": [2.365444, 48.853878]}, "properties": {"numparc": 637, "etat de la localisation": "autre", "ID BDGEO": "10829", "horodatage": "2022-04-01 07:46:13", "distance (en metres)": 1229.84, "station": "VOLTAIRE-LEON BLUM.", "marker-color": "#818181"}}, {"type": "Feature", "geometry": {"type": "Point", "coordinates": [2.37074, 48.853607]}, "properties": {"numparc": 620, "etat de la localisation": "autre", "ID BDGEO": "10829", "horodatage": "2022-04-01 07:46:15", "distance (en metres)": 895.06, "station": "VOLTAIRE-LEON BLUM.", "marker-color": "#818181"}}, {"type": "Feature", "geometry": {"type": "Point", "coordinates": [2.399741, 48.865494]}, "properties": {"numparc": 622, "etat de la localisation": "autre", "ID BDGEO": "3196", "horodatage": "2022-04-01 07:46:16", "distance (en metres)": 45.34, "station": "GAMBETTA-MAIRIE DU 20EME.", "marker-color": "#818181"}}, {"type": "Feature", "geometry": {"type": "Point", "coordinates": [2.344381, 48.859798]}, "properties": {"numparc": 628, "etat de la localisation": "autre", "ID BDGEO": "2637", "horodatage": "2022-04-01 07:46:25", "distance (en metres)": 1859.53, "station": "BASTILLE-RUE SAINT-ANTOINE", "marker-color": "#818181"}}, {"type": "Feature", "geometry": {"type": "Point", "coordinates": [2.371851, 48.85445]}, "properties": {"numparc": 620, "etat de la localisation": "autre", "ID BDGEO": "10829", "horodatage": "2022-04-01 07:47:05", "distance (en metres)": 777.37, "station": "VOLTAIRE-LEON BLUM.", "marker-color": "#818181"}}, {"type": "Feature", "geometry": {"type": "Point", "coordinates": [2.296391, 48.855282]}, "properties": {"numparc": 636, "etat de la localisation": "autre", "ID BDGEO": "10829", "horodatage": "2022-04-01 07:48:18", "distance (en metres)": 6205.88, "station": "VOLTAIRE-LEON BLUM.", "marker-color": "#818181"}}, {"type": "Feature", "geometry": {"type": "Point", "coordinates": [2.319911, 48.859283]}, "properties": {"numparc": 626, "etat de la localisation": "autre", "ID BDGEO": "10829", "horodatage": "2022-04-01 07:48:19", "distance (en metres)": 4481.13, "station": "VOLTAIRE-LEON BLUM.", "marker-color": "#818181"}}, {"type": "Feature", "geometry": {"type": "Point", "coordinates": [2.375431, 48.855923]}, "properties": {"numparc": 620, "etat de la localisation": "autre", "ID BDGEO": "10829", "horodatage": "2022-04-01 07:48:39", "distance (en metres)": 469.09, "station": "VOLTAIRE-LEON BLUM.", "marker-color": "#818181"}}, {"type": "Feature", "geometry": {"type": "Point", "coordinates": [2.335762, 48.862644]}, "properties": {"numparc": 628, "etat de la localisation": "autre", "ID BDGEO": "2637", "horodatage": "2022-04-01 07:48:44", "distance (en metres)": 2563.92, "station": "BASTILLE-RUE SAINT-ANTOINE", "marker-color": "#818181"}}, {"type": "Feature", "geometry": {"type": "Point", "coordinates": [2.296674, 48.855083]}, "properties": {"numparc": 625, "etat de la localisation": "autre", "ID BDGEO": "10829", "horodatage": "2022-04-01 07:49:19", "distance (en metres)": 6186.27, "station": "VOLTAIRE-LEON BLUM.", "marker-color": "#818181"}}, {"type": "Feature", "geometry": {"type": "Point", "coordinates": [2.326415, 48.856236]}, "properties": {"numparc": 626, "etat de la localisation": "autre", "ID BDGEO": "10829", "horodatage": "2022-04-01 07:50:27", "distance (en metres)": 4006.72, "station": "VOLTAIRE-LEON BLUM.", "marker-color": "#818181"}}, {"type": "Feature", "geometry": {"type": "Point", "coordinates": [2.295963, 48.854557]}, "properties": {"numparc": 636, "etat de la localisation": "autre", "ID BDGEO": "10829", "horodatage": "2022-04-01 07:50:31", "distance (en metres)": 6241.43, "station": "VOLTAIRE-LEON BLUM.", "marker-color": "#818181"}}, {"type": "Feature", "geometry": {"type": "Point", "coordinates": [2.36528, 48.853909]}, "properties": {"numparc": 633, "etat de la localisation": "autre", "ID BDGEO": "2637", "horodatage": "2022-04-01 07:50:38", "distance (en metres)": 196.37, "station": "BASTILLE-RUE SAINT-ANTOINE", "marker-color": "#818181"}}, {"type": "Feature", "geometry": {"type": "Point", "coordinates": [2.300062, 48.857254]}, "properties": {"numparc": 625, "etat de la localisation": "autre", "ID BDGEO": "10829", "horodatage": "2022-04-01 07:50:48", "distance (en metres)": 5930.95, "station": "VOLTAIRE-LEON BLUM.", "marker-color": "#818181"}}, {"type": "Feature", "geometry": {"type": "Point", "coordinates": [2.377561, 48.860046]}, "properties": {"numparc": 632, "etat de la localisation": "autre", "ID BDGEO": "708", "horodatage": "2022-04-01 07:50:50", "distance (en metres)": 337.76, "station": "VOLTAIRE-LEON BLUM", "marker-color": "#818181"}}, {"type": "Feature", "geometry": {"type": "Point", "coordinates": [2.301927, 48.856575]}, "properties": {"numparc": 629, "etat de la localisation": "autre", "ID BDGEO": "2637", "horodatage": "2022-04-01 07:51:02", "distance (en metres)": 4832.54, "station": "BASTILLE-RUE SAINT-ANTOINE", "marker-color": "#818181"}}, {"type": "Feature", "geometry": {"type": "Point", "coordinates": [2.328968, 48.858994]}, "properties": {"numparc": 626, "etat de la localisation": "autre", "ID BDGEO": "10829", "horodatage": "2022-04-01 07:51:31", "distance (en metres)": 3817.84, "station": "VOLTAIRE-LEON BLUM.", "marker-color": "#818181"}}, {"type": "Feature", "geometry": {"type": "Point", "coordinates": [2.362085, 48.854977]}, "properties": {"numparc": 633, "etat de la localisation": "autre", "ID BDGEO": "2637", "horodatage": "2022-04-01 07:51:45", "distance (en metres)": 457.91, "station": "BASTILLE-RUE SAINT-ANTOINE", "marker-color": "#818181"}}, {"type": "Feature", "geometry": {"type": "Point", "coordinates": [2.358065, 48.855545]}, "properties": {"numparc": 634, "etat de la localisation": "autre", "ID BDGEO": "10829", "horodatage": "2022-04-01 07:52:07", "distance (en metres)": 1706.7, "station": "VOLTAIRE-LEON BLUM.", "marker-color": "#818181"}}, {"type": "Feature", "geometry": {"type": "Point", "coordinates": [2.30394, 48.858925]}, "properties": {"numparc": 625, "etat de la localisation": "autre", "ID BDGEO": "10829", "horodatage": "2022-04-01 07:52:33", "distance (en metres)": 5647.99, "station": "VOLTAIRE-LEON BLUM.", "marker-color": "#818181"}}, {"type": "Feature", "geometry": {"type": "Point", "coordinates": [2.392632, 48.864235]}, "properties": {"numparc": 621, "etat de la localisation": "autre", "ID BDGEO": "2960", "horodatage": "2022-04-01 07:52:46", "distance (en metres)": 56.42, "station": "MURIERS", "marker-color": "#818181"}}, {"type": "Feature", "geometry": {"type": "Point", "coordinates": [2.296361, 48.855244]}, "properties": {"numparc": 629, "etat de la localisation": "autre", "ID BDGEO": "10829", "horodatage": "2022-04-01 07:52:48", "distance (en metres)": 6208.27, "station": "VOLTAIRE-LEON BLUM.", "marker-color": "#818181"}}, {"type": "Feature", "geometry": {"type": "Point", "coordinates": [2.357476, 48.856068]}, "properties": {"numparc": 633, "etat de la localisation": "autre", "ID BDGEO": "2637", "horodatage": "2022-04-01 07:52:57", "distance (en metres)": 815.66, "station": "BASTILLE-RUE SAINT-ANTOINE", "marker-color": "#818181"}}, {"type": "Feature", "geometry": {"type": "Point", "coordinates": [2.399894, 48.865196]}, "properties": {"numparc": 622, "etat de la localisation": "autre", "ID BDGEO": "3196", "horodatage": "2022-04-01 07:53:08", "distance (en metres)": 72.22, "station": "GAMBETTA-MAIRIE DU 20EME.", "marker-color": "#818181"}}, {"type": "Feature", "geometry": {"type": "Point", "coordinates": [2.399894, 48.865196]}, "properties": {"numparc": 622, "etat de la localisation": "autre", "ID BDGEO": "3196", "horodatage": "2022-04-01 07:53:59", "distance (en metres)": 72.22, "station": "GAMBETTA-MAIRIE DU 20EME.", "marker-color": "#818181"}}, {"type": "Feature", "geometry": {"type": "Point", "coordinates": [2.371217, 48.857914]}, "properties": {"numparc": 632, "etat de la localisation": "autre", "ID BDGEO": "705", "horodatage": "2022-04-01 07:54:28", "distance (en metres)": 380.65, "station": "BREGUET-SABIN", "marker-color": "#818181"}}, {"type": "Feature", "geometry": {"type": "Point", "coordinates": [2.333963, 48.859894]}, "properties": {"numparc": 626, "etat de la localisation": "autre", "ID BDGEO": "10829", "horodatage": "2022-04-01 07:54:48", "distance (en metres)": 3457.71, "station": "VOLTAIRE-LEON BLUM.", "marker-color": "#818181"}}, {"type": "Feature", "geometry": {"type": "Point", "coordinates": [2.365437, 48.853813]}, "properties": {"numparc": 634, "etat de la localisation": "autre", "ID BDGEO": "10829", "horodatage": "2022-04-01 07:55:05", "distance (en metres)": 1232.93, "station": "VOLTAIRE-LEON BLUM.", "marker-color": "#818181"}}, {"type": "Feature", "geometry": {"type": "Point", "coordinates": [2.307159, 48.859592]}, "properties": {"numparc": 625, "etat de la localisation": "autre", "ID BDGEO": "10829", "horodatage": "2022-04-01 07:55:20", "distance (en metres)": 5414.65, "station": "VOLTAIRE-LEON BLUM.", "marker-color": "#818181"}}, {"type": "Feature", "geometry": {"type": "Point", "coordinates": [2.295963, 48.854557]}, "properties": {"numparc": 636, "etat de la localisation": "autre", "ID BDGEO": "10829", "horodatage": "2022-04-01 07:55:37", "distance (en metres)": 6241.43, "station": "VOLTAIRE-LEON BLUM.", "marker-color": "#818181"}}, {"type": "Feature", "geometry": {"type": "Point", "coordinates": [2.388894, 48.860287]}, "properties": {"numparc": 620, "etat de la localisation": "autre", "ID BDGEO": "655", "horodatage": "2022-04-01 07:55:40", "distance (en metres)": 184.39, "station": "ROQUETTE-PERE LACHAISE", "marker-color": "#818181"}}, {"type": "Feature", "geometry": {"type": "Point", "coordinates": [2.35065, 48.857777]}, "properties": {"numparc": 633, "etat de la localisation": "autre", "ID BDGEO": "2637", "horodatage": "2022-04-01 07:55:52", "distance (en metres)": 1349.87, "station": "BASTILLE-RUE SAINT-ANTOINE", "marker-color": "#818181"}}, {"type": "Feature", "geometry": {"type": "Point", "coordinates": [2.368053, 48.85339]}, "properties": {"numparc": 634, "etat de la localisation": "autre", "ID BDGEO": "10829", "horodatage": "2022-04-01 07:56:09", "distance (en metres)": 1077.96, "station": "VOLTAIRE-LEON BLUM.", "marker-color": "#818181"}}, {"type": "Feature", "geometry": {"type": "Point", "coordinates": [2.368521, 48.857071]}, "properties": {"numparc": 632, "etat de la localisation": "autre", "ID BDGEO": "705", "horodatage": "2022-04-01 07:56:22", "distance (en metres)": 386.87, "station": "BREGUET-SABIN", "marker-color": "#818181"}}, {"type": "Feature", "geometry": {"type": "Point", "coordinates": [2.387736, 48.862526]}, "properties": {"numparc": 620, "etat de la localisation": "autre", "ID BDGEO": "653", "horodatage": "2022-04-01 07:56:42", "distance (en metres)": 74.8, "station": "AUGUSTE METIVIER", "marker-color": "#818181"}}, {"type": "Feature", "geometry": {"type": "Point", "coordinates": [2.325276, 48.855602]}, "properties": {"numparc": 628, "etat de la localisation": "autre", "ID BDGEO": "2637", "horodatage": "2022-04-01 07:56:57", "distance (en metres)": 3121.1, "station": "BASTILLE-RUE SAINT-ANTOINE", "marker-color": "#818181"}}, {"type": "Feature", "geometry": {"type": "Point", "coordinates": [2.348829, 48.858376]}, "properties": {"numparc": 633, "etat de la localisation": "autre", "ID BDGEO": "2637", "horodatage": "2022-04-01 07:57:05", "distance (en metres)": 1498.33, "station": "BASTILLE-RUE SAINT-ANTOINE", "marker-color": "#818181"}}, {"type": "Feature", "geometry": {"type": "Point", "coordinates": [2.370855, 48.853909]}, "properties": {"numparc": 634, "etat de la localisation": "autre", "ID BDGEO": "10829", "horodatage": "2022-04-01 07:57:55", "distance (en metres)": 870.53, "station": "VOLTAIRE-LEON BLUM.", "marker-color": "#818181"}}, {"type": "Feature", "geometry": {"type": "Point", "coordinates": [2.400128, 48.864872]}, "properties": {"numparc": 622, "etat de la localisation": "autre", "ID BDGEO": "3196", "horodatage": "2022-04-01 07:58:07", "distance (en metres)": 110.06, "station": "GAMBETTA-MAIRIE DU 20EME.", "marker-color": "#818181"}}, {"type": "Feature", "geometry": {"type": "Point", "coordinates": [2.387775, 48.862457]}, "properties": {"numparc": 637, "etat de la localisation": "autre", "ID BDGEO": "653", "horodatage": "2022-04-01 07:58:35", "distance (en metres)": 80.36, "station": "AUGUSTE METIVIER", "marker-color": "#818181"}}, {"type": "Feature", "geometry": {"type": "Point", "coordinates": [2.344437, 48.859791]}, "properties": {"numparc": 633, "etat de la localisation": "autre", "ID BDGEO": "2637", "horodatage": "2022-04-01 07:58:38", "distance (en metres)": 1855.44, "station": "BASTILLE-RUE SAINT-ANTOINE", "marker-color": "#818181"}}, {"type": "Feature", "geometry": {"type": "Point", "coordinates": [2.319813, 48.859222]}, "properties": {"numparc": 625, "etat de la localisation": "autre", "ID BDGEO": "10829", "horodatage": "2022-04-01 07:59:09", "distance (en metres)": 4488.06, "station": "VOLTAIRE-LEON BLUM.", "marker-color": "#818181"}}, {"type": "Feature", "geometry": {"type": "Point", "coordinates": [2.340582, 48.861061]}, "properties": {"numparc": 633, "etat de la localisation": "autre", "ID BDGEO": "2637", "horodatage": "2022-04-01 07:59:36", "distance (en metres)": 2170.31, "station": "BASTILLE-RUE SAINT-ANTOINE", "marker-color": "#818181"}}, {"type": "Feature", "geometry": {"type": "Point", "coordinates": [2.316936, 48.857666]}, "properties": {"numparc": 628, "etat de la localisation": "autre", "ID BDGEO": "2637", "horodatage": "2022-04-01 07:59:38", "distance (en metres)": 3752.31, "station": "BASTILLE-RUE SAINT-ANTOINE", "marker-color": "#818181"}}, {"type": "Feature", "geometry": {"type": "Point", "coordinates": [2.37543, 48.855865]}, "properties": {"numparc": 634, "etat de la localisation": "autre", "ID BDGEO": "10829", "horodatage": "2022-04-01 07:59:44", "distance (en metres)": 472.11, "station": "VOLTAIRE-LEON BLUM.", "marker-color": "#818181"}}, {"type": "Feature", "geometry": {"type": "Point", "coordinates": [2.340094, 48.861214]}, "properties": {"numparc": 633, "etat de la localisation": "autre", "ID BDGEO": "2637", "horodatage": "2022-04-01 08:00:02", "distance (en metres)": 2209.79, "station": "BASTILLE-RUE SAINT-ANTOINE", "marker-color": "#818181"}}, {"type": "Feature", "geometry": {"type": "Point", "coordinates": [2.377555, 48.859997]}, "properties": {"numparc": 621, "etat de la localisation": "autre", "ID BDGEO": "708", "horodatage": "2022-04-01 08:00:08", "distance (en metres)": 333.77, "station": "VOLTAIRE-LEON BLUM", "marker-color": "#818181"}}, {"type": "Feature", "geometry": {"type": "Point", "coordinates": [2.365227, 48.853954]}, "properties": {"numparc": 632, "etat de la localisation": "autre", "ID BDGEO": "2637", "horodatage": "2022-04-01 08:01:12", "distance (en metres)": 201.82, "station": "BASTILLE-RUE SAINT-ANTOINE", "marker-color": "#818181"}}, {"type": "Feature", "geometry": {"type": "Point", "coordinates": [2.323603, 48.857716]}, "properties": {"numparc": 625, "etat de la localisation": "autre", "ID BDGEO": "10829", "horodatage": "2022-04-01 08:01:20", "distance (en metres)": 4208.35, "station": "VOLTAIRE-LEON BLUM.", "marker-color": "#818181"}}, {"type": "Feature", "geometry": {"type": "Point", "coordinates": [2.392644, 48.864307]}, "properties": {"numparc": 622, "etat de la localisation": "autre", "ID BDGEO": "2960", "horodatage": "2022-04-01 08:01:36", "distance (en metres)": 60.74, "station": "MURIERS", "marker-color": "#818181"}}, {"type": "Feature", "geometry": {"type": "Point", "coordinates": [2.335712, 48.862606]}, "properties": {"numparc": 633, "etat de la localisation": "autre", "ID BDGEO": "2637", "horodatage": "2022-04-01 08:01:50", "distance (en metres)": 2565.55, "station": "BASTILLE-RUE SAINT-ANTOINE", "marker-color": "#818181"}}, {"type": "Feature", "geometry": {"type": "Point", "coordinates": [2.362091, 48.855038]}, "properties": {"numparc": 632, "etat de la localisation": "autre", "ID BDGEO": "2637", "horodatage": "2022-04-01 08:02:19", "distance (en metres)": 460.35, "station": "BASTILLE-RUE SAINT-ANTOINE", "marker-color": "#818181"}}, {"type": "Feature", "geometry": {"type": "Point", "coordinates": [2.394106, 48.869946]}, "properties": {"numparc": 620, "etat de la localisation": "Deviation programmee", "ID BDGEO": "712", "horodatage": "2022-04-01 08:02:34", "distance (en metres)": 571.62, "station": "MARTIN NADAUD", "marker-color": "#56FF93"}}, {"type": "Feature", "geometry": {"type": "Point", "coordinates": [2.362156, 48.854797]}, "properties": {"numparc": 626, "etat de la localisation": "autre", "ID BDGEO": "10829", "horodatage": "2022-04-01 08:02:57", "distance (en metres)": 1429.07, "station": "VOLTAIRE-LEON BLUM.", "marker-color": "#818181"}}, {"type": "Feature", "geometry": {"type": "Point", "coordinates": [2.362156, 48.854797]}, "properties": {"numparc": 626, "etat de la localisation": "autre", "ID BDGEO": "10829", "horodatage": "2022-04-01 08:03:03", "distance (en metres)": 1429.07, "station": "VOLTAIRE-LEON BLUM.", "marker-color": "#818181"}}, {"type": "Feature", "geometry": {"type": "Point", "coordinates": [2.371238, 48.857929]}, "properties": {"numparc": 621, "etat de la localisation": "autre", "ID BDGEO": "705", "horodatage": "2022-04-01 08:03:25", "distance (en metres)": 382.05, "station": "BREGUET-SABIN", "marker-color": "#818181"}}, {"type": "Feature", "geometry": {"type": "Point", "coordinates": [2.333726, 48.860897]}, "properties": {"numparc": 633, "etat de la localisation": "autre", "ID BDGEO": "2637", "horodatage": "2022-04-01 08:04:00", "distance (en metres)": 2631.99, "station": "BASTILLE-RUE SAINT-ANTOINE", "marker-color": "#818181"}}, {"type": "Feature", "geometry": {"type": "Point", "coordinates": [2.306129, 48.857719]}, "properties": {"numparc": 628, "etat de la localisation": "autre", "ID BDGEO": "2637", "horodatage": "2022-04-01 08:04:06", "distance (en metres)": 4538.08, "station": "BASTILLE-RUE SAINT-ANTOINE", "marker-color": "#818181"}}, {"type": "Feature", "geometry": {"type": "Point", "coordinates": [2.357488, 48.856136]}, "properties": {"numparc": 632, "etat de la localisation": "autre", "ID BDGEO": "2637", "horodatage": "2022-04-01 08:04:22", "distance (en metres)": 817.78, "station": "BASTILLE-RUE SAINT-ANTOINE", "marker-color": "#818181"}}, {"type": "Feature", "geometry": {"type": "Point", "coordinates": [2.388182, 48.863148]}, "properties": {"numparc": 622, "etat de la localisation": "autre", "ID BDGEO": "711", "horodatage": "2022-04-01 08:04:23", "distance (en metres)": 87.01, "station": "PERE LACHAISE", "marker-color": "#818181"}}, {"type": "Feature", "geometry": {"type": "Point", "coordinates": [2.36551, 48.85376]}, "properties": {"numparc": 626, "etat de la localisation": "autre", "ID BDGEO": "10829", "horodatage": "2022-04-01 08:04:45", "distance (en metres)": 1230.15, "station": "VOLTAIRE-LEON BLUM.", "marker-color": "#818181"}}, {"type": "Feature", "geometry": {"type": "Point", "coordinates": [2.303851, 48.856941]}, "properties": {"numparc": 628, "etat de la localisation": "autre", "ID BDGEO": "2637", "horodatage": "2022-04-01 08:05:14", "distance (en metres)": 4695.54, "station": "BASTILLE-RUE SAINT-ANTOINE", "marker-color": "#818181"}}, {"type": "Feature", "geometry": {"type": "Point", "coordinates": [2.331634, 48.858829]}, "properties": {"numparc": 633, "etat de la localisation": "autre", "ID BDGEO": "2637", "horodatage": "2022-04-01 08:05:21", "distance (en metres)": 2716.12, "station": "BASTILLE-RUE SAINT-ANTOINE", "marker-color": "#818181"}}, {"type": "Feature", "geometry": {"type": "Point", "coordinates": [2.387704, 48.86256]}, "properties": {"numparc": 634, "etat de la localisation": "autre", "ID BDGEO": "653", "horodatage": "2022-04-01 08:05:39", "distance (en metres)": 72.68, "station": "AUGUSTE METIVIER", "marker-color": "#818181"}}, {"type": "Feature", "geometry": {"type": "Point", "coordinates": [2.296737, 48.854996]}, "properties": {"numparc": 636, "etat de la localisation": "autre", "ID BDGEO": "10829", "horodatage": "2022-04-01 08:05:42", "distance (en metres)": 6182.17, "station": "VOLTAIRE-LEON BLUM.", "marker-color": "#818181"}}, {"type": "Feature", "geometry": {"type": "Point", "coordinates": [2.331073, 48.860619]}, "properties": {"numparc": 625, "etat de la localisation": "autre", "ID BDGEO": "10829", "horodatage": "2022-04-01 08:05:54", "distance (en metres)": 3674.52, "station": "VOLTAIRE-LEON BLUM.", "marker-color": "#818181"}}, {"type": "Feature", "geometry": {"type": "Point", "coordinates": [2.350661, 48.857838]}, "properties": {"numparc": 632, "etat de la localisation": "autre", "ID BDGEO": "2637", "horodatage": "2022-04-01 08:06:12", "distance (en metres)": 1351.65, "station": "BASTILLE-RUE SAINT-ANTOINE", "marker-color": "#818181"}}, {"type": "Feature", "geometry": {"type": "Point", "coordinates": [2.333987, 48.859951]}, "properties": {"numparc": 625, "etat de la localisation": "autre", "ID BDGEO": "10829", "horodatage": "2022-04-01 08:06:43", "distance (en metres)": 3456.37, "station": "VOLTAIRE-LEON BLUM.", "marker-color": "#818181"}}, {"type": "Feature", "geometry": {"type": "Point", "coordinates": [2.348783, 48.858437]}, "properties": {"numparc": 632, "etat de la localisation": "autre", "ID BDGEO": "2637", "horodatage": "2022-04-01 08:06:55", "distance (en metres)": 1504.02, "station": "BASTILLE-RUE SAINT-ANTOINE", "marker-color": "#818181"}}, {"type": "Feature", "geometry": {"type": "Point", "coordinates": [2.299927, 48.857197]}, "properties": {"numparc": 636, "etat de la localisation": "autre", "ID BDGEO": "10829", "horodatage": "2022-04-01 08:07:12", "distance (en metres)": 5940.9, "station": "VOLTAIRE-LEON BLUM.", "marker-color": "#818181"}}, {"type": "Feature", "geometry": {"type": "Point", "coordinates": [2.385226, 48.862034]}, "properties": {"numparc": 622, "etat de la localisation": "autre", "ID BDGEO": "711", "horodatage": "2022-04-01 08:07:12", "distance (en metres)": 184.34, "station": "PERE LACHAISE", "marker-color": "#818181"}}, {"type": "Feature", "geometry": {"type": "Point", "coordinates": [2.386498, 48.859951]}, "properties": {"numparc": 622, "etat de la localisation": "autre", "ID BDGEO": "710", "horodatage": "2022-04-01 08:08:10", "distance (en metres)": 165.87, "station": "ROQUETTE-PERE LACHAISE", "marker-color": "#818181"}}, {"type": "Feature", "geometry": {"type": "Point", "coordinates": [2.341465, 48.858711]}, "properties": {"numparc": 625, "etat de la localisation": "autre", "ID BDGEO": "10829", "horodatage": "2022-04-01 08:08:11", "distance (en metres)": 2903.06, "station": "VOLTAIRE-LEON BLUM.", "marker-color": "#818181"}}, {"type": "Feature", "geometry": {"type": "Point", "coordinates": [2.371766, 48.85458]}, "properties": {"numparc": 626, "etat de la localisation": "autre", "ID BDGEO": "10829", "horodatage": "2022-04-01 08:08:27", "distance (en metres)": 775.91, "station": "VOLTAIRE-LEON BLUM.", "marker-color": "#818181"}}, {"type": "Feature", "geometry": {"type": "Point", "coordinates": [2.365256, 48.853935]}, "properties": {"numparc": 621, "etat de la localisation": "autre", "ID BDGEO": "2637", "horodatage": "2022-04-01 08:08:48", "distance (en metres)": 199.07, "station": "BASTILLE-RUE SAINT-ANTOINE", "marker-color": "#818181"}}, {"type": "Feature", "geometry": {"type": "Point", "coordinates": [2.296773, 48.855549]}, "properties": {"numparc": 628, "etat de la localisation": "autre", "ID BDGEO": "10829", "horodatage": "2022-04-01 08:08:51", "distance (en metres)": 6176.64, "station": "VOLTAIRE-LEON BLUM.", "marker-color": "#818181"}}, {"type": "Feature", "geometry": {"type": "Point", "coordinates": [2.344451, 48.85984]}, "properties": {"numparc": 632, "etat de la localisation": "autre", "ID BDGEO": "2637", "horodatage": "2022-04-01 08:08:58", "distance (en metres)": 1856.66, "station": "BASTILLE-RUE SAINT-ANTOINE", "marker-color": "#818181"}}, {"type": "Feature", "geometry": {"type": "Point", "coordinates": [2.303908, 48.858906]}, "properties": {"numparc": 636, "etat de la localisation": "autre", "ID BDGEO": "10829", "horodatage": "2022-04-01 08:09:30", "distance (en metres)": 5650.29, "station": "VOLTAIRE-LEON BLUM.", "marker-color": "#818181"}}, {"type": "Feature", "geometry": {"type": "Point", "coordinates": [2.32335, 48.858112]}, "properties": {"numparc": 633, "etat de la localisation": "autre", "ID BDGEO": "2637", "horodatage": "2022-04-01 08:09:45", "distance (en metres)": 3295.31, "station": "BASTILLE-RUE SAINT-ANTOINE", "marker-color": "#818181"}}, {"type": "Feature", "geometry": {"type": "Point", "coordinates": [2.362139, 48.855072]}, "properties": {"numparc": 621, "etat de la localisation": "autre", "ID BDGEO": "2637", "horodatage": "2022-04-01 08:09:47", "distance (en metres)": 458.82, "station": "BASTILLE-RUE SAINT-ANTOINE", "marker-color": "#818181"}}, {"type": "Feature", "geometry": {"type": "Point", "coordinates": [2.375469, 48.855942]}, "properties": {"numparc": 626, "etat de la localisation": "autre", "ID BDGEO": "10829", "horodatage": "2022-04-01 08:09:52", "distance (en metres)": 465.66, "station": "VOLTAIRE-LEON BLUM.", "marker-color": "#818181"}}, {"type": "Feature", "geometry": {"type": "Point", "coordinates": [2.340136, 48.861267]}, "properties": {"numparc": 632, "etat de la localisation": "autre", "ID BDGEO": "2637", "horodatage": "2022-04-01 08:10:08", "distance (en metres)": 2209.36, "station": "BASTILLE-RUE SAINT-ANTOINE", "marker-color": "#818181"}}, {"type": "Feature", "geometry": {"type": "Point", "coordinates": [2.400004, 48.865379]}, "properties": {"numparc": 620, "etat de la localisation": "autre", "ID BDGEO": "3196", "horodatage": "2022-04-01 08:10:33", "distance (en metres)": 67.92, "station": "GAMBETTA-MAIRIE DU 20EME.", "marker-color": "#818181"}}, {"type": "Feature", "geometry": {"type": "Point", "coordinates": [2.399862, 48.865398]}, "properties": {"numparc": 637, "etat de la localisation": "autre", "ID BDGEO": "3196", "horodatage": "2022-04-01 08:10:38", "distance (en metres)": 57.62, "station": "GAMBETTA-MAIRIE DU 20EME.", "marker-color": "#818181"}}, {"type": "Feature", "geometry": {"type": "Point", "coordinates": [2.378335, 48.85696]}, "properties": {"numparc": 626, "etat de la localisation": "autre", "ID BDGEO": "10829", "horodatage": "2022-04-01 08:11:13", "distance (en metres)": 227.43, "station": "VOLTAIRE-LEON BLUM.", "marker-color": "#818181"}}, {"type": "Feature", "geometry": {"type": "Point", "coordinates": [2.325326, 48.855705]}, "properties": {"numparc": 633, "etat de la localisation": "autre", "ID BDGEO": "2637", "horodatage": "2022-04-01 08:11:32", "distance (en metres)": 3118.41, "station": "BASTILLE-RUE SAINT-ANTOINE", "marker-color": "#818181"}}, {"type": "Feature", "geometry": {"type": "Point", "coordinates": [2.350631, 48.857826]}, "properties": {"numparc": 621, "etat de la localisation": "autre", "ID BDGEO": "2637", "horodatage": "2022-04-01 08:12:11", "distance (en metres)": 1353.21, "station": "BASTILLE-RUE SAINT-ANTOINE", "marker-color": "#818181"}}, {"type": "Feature", "geometry": {"type": "Point", "coordinates": [2.355705, 48.856007]}, "properties": {"numparc": 625, "etat de la localisation": "autre", "ID BDGEO": "10829", "horodatage": "2022-04-01 08:12:20", "distance (en metres)": 1871.2, "station": "VOLTAIRE-LEON BLUM.", "marker-color": "#818181"}}, {"type": "Feature", "geometry": {"type": "Point", "coordinates": [2.377577, 48.860123]}, "properties": {"numparc": 622, "etat de la localisation": "autre", "ID BDGEO": "708", "horodatage": "2022-04-01 08:12:42", "distance (en metres)": 343.69, "station": "VOLTAIRE-LEON BLUM", "marker-color": "#818181"}}, {"type": "Feature", "geometry": {"type": "Point", "coordinates": [2.348778, 48.858402]}, "properties": {"numparc": 621, "etat de la localisation": "autre", "ID BDGEO": "2637", "horodatage": "2022-04-01 08:12:57", "distance (en metres)": 1502.91, "station": "BASTILLE-RUE SAINT-ANTOINE", "marker-color": "#818181"}}, {"type": "Feature", "geometry": {"type": "Point", "coordinates": [2.296656, 48.855049]}, "properties": {"numparc": 629, "etat de la localisation": "autre", "ID BDGEO": "10829", "horodatage": "2022-04-01 08:13:49", "distance (en metres)": 6187.79, "station": "VOLTAIRE-LEON BLUM.", "marker-color": "#818181"}}, {"type": "Feature", "geometry": {"type": "Point", "coordinates": [2.320608, 48.856712]}, "properties": {"numparc": 633, "etat de la localisation": "autre", "ID BDGEO": "2637", "horodatage": "2022-04-01 08:13:56", "distance (en metres)": 3472.91, "station": "BASTILLE-RUE SAINT-ANTOINE", "marker-color": "#818181"}}, {"type": "Feature", "geometry": {"type": "Point", "coordinates": [2.319935, 48.859299]}, "properties": {"numparc": 636, "etat de la localisation": "autre", "ID BDGEO": "10829", "horodatage": "2022-04-01 08:14:03", "distance (en metres)": 4479.43, "station": "VOLTAIRE-LEON BLUM.", "marker-color": "#818181"}}, {"type": "Feature", "geometry": {"type": "Point", "coordinates": [2.374805, 48.859161]}, "properties": {"numparc": 622, "etat de la localisation": "autre", "ID BDGEO": "707", "horodatage": "2022-04-01 08:14:33", "distance (en metres)": 358.93, "station": "POPINCOURT", "marker-color": "#818181"}}, {"type": "Feature", "geometry": {"type": "Point", "coordinates": [2.296656, 48.855049]}, "properties": {"numparc": 629, "etat de la localisation": "autre", "ID BDGEO": "10829", "horodatage": "2022-04-01 08:14:43", "distance (en metres)": 6187.79, "station": "VOLTAIRE-LEON BLUM.", "marker-color": "#818181"}}, {"type": "Feature", "geometry": {"type": "Point", "coordinates": [2.344427, 48.859806]}, "properties": {"numparc": 621, "etat de la localisation": "autre", "ID BDGEO": "2637", "horodatage": "2022-04-01 08:15:03", "distance (en metres)": 1856.77, "station": "BASTILLE-RUE SAINT-ANTOINE", "marker-color": "#818181"}}, {"type": "Feature", "geometry": {"type": "Point", "coordinates": [2.362172, 48.854832]}, "properties": {"numparc": 625, "etat de la localisation": "autre", "ID BDGEO": "10829", "horodatage": "2022-04-01 08:15:07", "distance (en metres)": 1427.03, "station": "VOLTAIRE-LEON BLUM.", "marker-color": "#818181"}}, {"type": "Feature", "geometry": {"type": "Point", "coordinates": [2.316943, 48.857773]}, "properties": {"numparc": 633, "etat de la localisation": "autre", "ID BDGEO": "2637", "horodatage": "2022-04-01 08:15:24", "distance (en metres)": 3753.37, "station": "BASTILLE-RUE SAINT-ANTOINE", "marker-color": "#818181"}}, {"type": "Feature", "geometry": {"type": "Point", "coordinates": [2.323731, 48.860764]}, "properties": {"numparc": 632, "etat de la localisation": "autre", "ID BDGEO": "2637", "horodatage": "2022-04-01 08:15:52", "distance (en metres)": 3328.91, "station": "BASTILLE-RUE SAINT-ANTOINE", "marker-color": "#818181"}}, {"type": "Feature", "geometry": {"type": "Point", "coordinates": [2.326429, 48.856205]}, "properties": {"numparc": 636, "etat de la localisation": "autre", "ID BDGEO": "10829", "horodatage": "2022-04-01 08:16:00", "distance (en metres)": 4005.86, "station": "VOLTAIRE-LEON BLUM.", "marker-color": "#818181"}}, {"type": "Feature", "geometry": {"type": "Point", "coordinates": [2.36553, 48.853821]}, "properties": {"numparc": 625, "etat de la localisation": "autre", "ID BDGEO": "10829", "horodatage": "2022-04-01 08:16:13", "distance (en metres)": 1226.29, "station": "VOLTAIRE-LEON BLUM.", "marker-color": "#818181"}}, {"type": "Feature", "geometry": {"type": "Point", "coordinates": [2.371225, 48.857929]}, "properties": {"numparc": 622, "etat de la localisation": "autre", "ID BDGEO": "705", "horodatage": "2022-04-01 08:16:21", "distance (en metres)": 382.21, "station": "BREGUET-SABIN", "marker-color": "#818181"}}, {"type": "Feature", "geometry": {"type": "Point", "coordinates": [2.296656, 48.855049]}, "properties": {"numparc": 629, "etat de la localisation": "autre", "ID BDGEO": "10829", "horodatage": "2022-04-01 08:16:53", "distance (en metres)": 6187.79, "station": "VOLTAIRE-LEON BLUM.", "marker-color": "#818181"}}, {"type": "Feature", "geometry": {"type": "Point", "coordinates": [2.387744, 48.862469]}, "properties": {"numparc": 626, "etat de la localisation": "autre", "ID BDGEO": "653", "horodatage": "2022-04-01 08:17:15", "distance (en metres)": 80.18, "station": "AUGUSTE METIVIER", "marker-color": "#818181"}}, {"type": "Feature", "geometry": {"type": "Point", "coordinates": [2.296656, 48.855049]}, "properties": {"numparc": 629, "etat de la localisation": "autre", "ID BDGEO": "10829", "horodatage": "2022-04-01 08:17:25", "distance (en metres)": 6187.79, "station": "VOLTAIRE-LEON BLUM.", "marker-color": "#818181"}}, {"type": "Feature", "geometry": {"type": "Point", "coordinates": [2.400149, 48.865471]}, "properties": {"numparc": 634, "etat de la localisation": "autre", "ID BDGEO": "3196", "horodatage": "2022-04-01 08:17:30", "distance (en metres)": 74.75, "station": "GAMBETTA-MAIRIE DU 20EME.", "marker-color": "#818181"}}, {"type": "Feature", "geometry": {"type": "Point", "coordinates": [2.329001, 48.859081]}, "properties": {"numparc": 636, "etat de la localisation": "autre", "ID BDGEO": "10829", "horodatage": "2022-04-01 08:17:32", "distance (en metres)": 3815.76, "station": "VOLTAIRE-LEON BLUM.", "marker-color": "#818181"}}, {"type": "Feature", "geometry": {"type": "Point", "coordinates": [2.309654, 48.858067]}, "properties": {"numparc": 633, "etat de la localisation": "autre", "ID BDGEO": "2637", "horodatage": "2022-04-01 08:18:02", "distance (en metres)": 4286.4, "station": "BASTILLE-RUE SAINT-ANTOINE", "marker-color": "#818181"}}, {"type": "Feature", "geometry": {"type": "Point", "coordinates": [2.368536, 48.857082]}, "properties": {"numparc": 622, "etat de la localisation": "autre", "ID BDGEO": "705", "horodatage": "2022-04-01 08:18:29", "distance (en metres)": 387.04, "station": "BREGUET-SABIN", "marker-color": "#818181"}}, {"type": "Feature", "geometry": {"type": "Point", "coordinates": [2.400004, 48.865379]}, "properties": {"numparc": 620, "etat de la localisation": "autre", "ID BDGEO": "3196", "horodatage": "2022-04-01 08:18:34", "distance (en metres)": 67.92, "station": "GAMBETTA-MAIRIE DU 20EME.", "marker-color": "#818181"}}, {"type": "Feature", "geometry": {"type": "Point", "coordinates": [2.300016, 48.857338]}, "properties": {"numparc": 629, "etat de la localisation": "autre", "ID BDGEO": "10829", "horodatage": "2022-04-01 08:19:00", "distance (en metres)": 5934.21, "station": "VOLTAIRE-LEON BLUM.", "marker-color": "#818181"}}, {"type": "Feature", "geometry": {"type": "Point", "coordinates": [2.333714, 48.860878]}, "properties": {"numparc": 621, "etat de la localisation": "autre", "ID BDGEO": "2637", "horodatage": "2022-04-01 08:19:04", "distance (en metres)": 2632.13, "station": "BASTILLE-RUE SAINT-ANTOINE", "marker-color": "#818181"}}, {"type": "Feature", "geometry": {"type": "Point", "coordinates": [2.306121, 48.857742]}, "properties": {"numparc": 633, "etat de la localisation": "autre", "ID BDGEO": "2637", "horodatage": "2022-04-01 08:19:12", "distance (en metres)": 4538.93, "station": "BASTILLE-RUE SAINT-ANTOINE", "marker-color": "#818181"}}, {"type": "Feature", "geometry": {"type": "Point", "coordinates": [2.32533, 48.85569]}, "properties": {"numparc": 632, "etat de la localisation": "autre", "ID BDGEO": "2637", "horodatage": "2022-04-01 08:19:18", "distance (en metres)": 3117.97, "station": "BASTILLE-RUE SAINT-ANTOINE", "marker-color": "#818181"}}, {"type": "Feature", "geometry": {"type": "Point", "coordinates": [2.370641, 48.853672]}, "properties": {"numparc": 625, "etat de la localisation": "autre", "ID BDGEO": "10829", "horodatage": "2022-04-01 08:19:38", "distance (en metres)": 897.45, "station": "VOLTAIRE-LEON BLUM.", "marker-color": "#818181"}}, {"type": "Feature", "geometry": {"type": "Point", "coordinates": [2.324707, 48.855103]}, "properties": {"numparc": 632, "etat de la localisation": "autre", "ID BDGEO": "2637", "horodatage": "2022-04-01 08:20:01", "distance (en metres)": 3158.54, "station": "BASTILLE-RUE SAINT-ANTOINE", "marker-color": "#818181"}}, {"type": "Feature", "geometry": {"type": "Point", "coordinates": [2.331694, 48.85881]}, "properties": {"numparc": 621, "etat de la localisation": "autre", "ID BDGEO": "2637", "horodatage": "2022-04-01 08:20:27", "distance (en metres)": 2711.38, "station": "BASTILLE-RUE SAINT-ANTOINE", "marker-color": "#818181"}}, {"type": "Feature", "geometry": {"type": "Point", "coordinates": [2.331054, 48.860577]}, "properties": {"numparc": 636, "etat de la localisation": "autre", "ID BDGEO": "10829", "horodatage": "2022-04-01 08:20:53", "distance (en metres)": 3675.52, "station": "VOLTAIRE-LEON BLUM.", "marker-color": "#818181"}}, {"type": "Feature", "geometry": {"type": "Point", "coordinates": [2.326986, 48.860298]}, "properties": {"numparc": 621, "etat de la localisation": "autre", "ID BDGEO": "2637", "horodatage": "2022-04-01 08:21:33", "distance (en metres)": 3085.42, "station": "BASTILLE-RUE SAINT-ANTOINE", "marker-color": "#818181"}}, {"type": "Feature", "geometry": {"type": "Point", "coordinates": [2.375457, 48.855972]}, "properties": {"numparc": 625, "etat de la localisation": "autre", "ID BDGEO": "10829", "horodatage": "2022-04-01 08:21:38", "distance (en metres)": 464.89, "station": "VOLTAIRE-LEON BLUM.", "marker-color": "#818181"}}, {"type": "Feature", "geometry": {"type": "Point", "coordinates": [2.320627, 48.856712]}, "properties": {"numparc": 632, "etat de la localisation": "autre", "ID BDGEO": "2637", "horodatage": "2022-04-01 08:21:48", "distance (en metres)": 3471.53, "station": "BASTILLE-RUE SAINT-ANTOINE", "marker-color": "#818181"}}, {"type": "Feature", "geometry": {"type": "Point", "coordinates": [2.400033, 48.865025]}, "properties": {"numparc": 620, "etat de la localisation": "autre", "ID BDGEO": "3196", "horodatage": "2022-04-01 08:21:49", "distance (en metres)": 92.8, "station": "GAMBETTA-MAIRIE DU 20EME.", "marker-color": "#818181"}}, {"type": "Feature", "geometry": {"type": "Point", "coordinates": [2.400149, 48.865471]}, "properties": {"numparc": 634, "etat de la localisation": "autre", "ID BDGEO": "3196", "horodatage": "2022-04-01 08:22:33", "distance (en metres)": 74.75, "station": "GAMBETTA-MAIRIE DU 20EME.", "marker-color": "#818181"}}, {"type": "Feature", "geometry": {"type": "Point", "coordinates": [2.32377, 48.860756]}, "properties": {"numparc": 621, "etat de la localisation": "autre", "ID BDGEO": "2637", "horodatage": "2022-04-01 08:22:37", "distance (en metres)": 3325.93, "station": "BASTILLE-RUE SAINT-ANTOINE", "marker-color": "#818181"}}, {"type": "Feature", "geometry": {"type": "Point", "coordinates": [2.341515, 48.858681]}, "properties": {"numparc": 636, "etat de la localisation": "autre", "ID BDGEO": "10829", "horodatage": "2022-04-01 08:22:59", "distance (en metres)": 2899.29, "station": "VOLTAIRE-LEON BLUM.", "marker-color": "#818181"}}, {"type": "Feature", "geometry": {"type": "Point", "coordinates": [2.303917, 48.858994]}, "properties": {"numparc": 629, "etat de la localisation": "autre", "ID BDGEO": "10829", "horodatage": "2022-04-01 08:23:01", "distance (en metres)": 5649.85, "station": "VOLTAIRE-LEON BLUM.", "marker-color": "#818181"}}, {"type": "Feature", "geometry": {"type": "Point", "coordinates": [2.37835, 48.856995]}, "properties": {"numparc": 625, "etat de la localisation": "autre", "ID BDGEO": "10829", "horodatage": "2022-04-01 08:23:10", "distance (en metres)": 224.78, "station": "VOLTAIRE-LEON BLUM.", "marker-color": "#818181"}}, {"type": "Feature", "geometry": {"type": "Point", "coordinates": [2.400033, 48.865025]}, "properties": {"numparc": 620, "etat de la localisation": "autre", "ID BDGEO": "3196", "horodatage": "2022-04-01 08:23:35", "distance (en metres)": 92.8, "station": "GAMBETTA-MAIRIE DU 20EME.", "marker-color": "#818181"}}, {"type": "Feature", "geometry": {"type": "Point", "coordinates": [2.365284, 48.853977]}, "properties": {"numparc": 622, "etat de la localisation": "autre", "ID BDGEO": "2637", "horodatage": "2022-04-01 08:23:36", "distance (en metres)": 198.93, "station": "BASTILLE-RUE SAINT-ANTOINE", "marker-color": "#818181"}}, {"type": "Feature", "geometry": {"type": "Point", "coordinates": [2.299599, 48.857471]}, "properties": {"numparc": 633, "etat de la localisation": "autre", "ID BDGEO": "2637", "horodatage": "2022-04-01 08:23:44", "distance (en metres)": 5010.64, "station": "BASTILLE-RUE SAINT-ANTOINE", "marker-color": "#818181"}}, {"type": "Feature", "geometry": {"type": "Point", "coordinates": [2.400033, 48.865025]}, "properties": {"numparc": 620, "etat de la localisation": "autre", "ID BDGEO": "3196", "horodatage": "2022-04-01 08:24:08", "distance (en metres)": 92.8, "station": "GAMBETTA-MAIRIE DU 20EME.", "marker-color": "#818181"}}, {"type": "Feature", "geometry": {"type": "Point", "coordinates": [2.307124, 48.859646]}, "properties": {"numparc": 629, "etat de la localisation": "autre", "ID BDGEO": "10829", "horodatage": "2022-04-01 08:24:11", "distance (en metres)": 5417.43, "station": "VOLTAIRE-LEON BLUM.", "marker-color": "#818181"}}, {"type": "Feature", "geometry": {"type": "Point", "coordinates": [2.362155, 48.855042]}, "properties": {"numparc": 622, "etat de la localisation": "autre", "ID BDGEO": "2637", "horodatage": "2022-04-01 08:24:35", "distance (en metres)": 456.3, "station": "BASTILLE-RUE SAINT-ANTOINE", "marker-color": "#818181"}}, {"type": "Feature", "geometry": {"type": "Point", "coordinates": [2.350301, 48.856205]}, "properties": {"numparc": 636, "etat de la localisation": "autre", "ID BDGEO": "10829", "horodatage": "2022-04-01 08:24:53", "distance (en metres)": 2262.66, "station": "VOLTAIRE-LEON BLUM.", "marker-color": "#818181"}}, {"type": "Feature", "geometry": {"type": "Point", "coordinates": [2.296368, 48.855259]}, "properties": {"numparc": 633, "etat de la localisation": "autre", "ID BDGEO": "667", "horodatage": "2022-04-01 08:24:56", "distance (en metres)": 3925.75, "station": "HOTEL DE VILLE", "marker-color": "#818181"}}, {"type": "Feature", "geometry": {"type": "Point", "coordinates": [2.399943, 48.865322]}, "properties": {"numparc": 637, "etat de la localisation": "autre", "ID BDGEO": "3196", "horodatage": "2022-04-01 08:25:28", "distance (en metres)": 66.87, "station": "GAMBETTA-MAIRIE DU 20EME.", "marker-color": "#818181"}}, {"type": "Feature", "geometry": {"type": "Point", "coordinates": [2.325326, 48.855694]}, "properties": {"numparc": 621, "etat de la localisation": "autre", "ID BDGEO": "2637", "horodatage": "2022-04-01 08:25:36", "distance (en metres)": 3118.3, "station": "BASTILLE-RUE SAINT-ANTOINE", "marker-color": "#818181"}}, {"type": "Feature", "geometry": {"type": "Point", "coordinates": [2.310718, 48.859947]}, "properties": {"numparc": 629, "etat de la localisation": "autre", "ID BDGEO": "10829", "horodatage": "2022-04-01 08:25:39", "distance (en metres)": 5156.06, "station": "VOLTAIRE-LEON BLUM.", "marker-color": "#818181"}}, {"type": "Feature", "geometry": {"type": "Point", "coordinates": [2.296227, 48.85516]}, "properties": {"numparc": 633, "etat de la localisation": "autre", "ID BDGEO": "667", "horodatage": "2022-04-01 08:25:40", "distance (en metres)": 3936.9, "station": "HOTEL DE VILLE", "marker-color": "#818181"}}, {"type": "Feature", "geometry": {"type": "Point", "coordinates": [2.357545, 48.856121]}, "properties": {"numparc": 622, "etat de la localisation": "autre", "ID BDGEO": "2637", "horodatage": "2022-04-01 08:25:44", "distance (en metres)": 813.28, "station": "BASTILLE-RUE SAINT-ANTOINE", "marker-color": "#818181"}}, {"type": "Feature", "geometry": {"type": "Point", "coordinates": [2.350705, 48.857849]}, "properties": {"numparc": 622, "etat de la localisation": "autre", "ID BDGEO": "2637", "horodatage": "2022-04-01 08:27:18", "distance (en metres)": 1349.15, "station": "BASTILLE-RUE SAINT-ANTOINE", "marker-color": "#818181"}}, {"type": "Feature", "geometry": {"type": "Point", "coordinates": [2.309571, 48.858067]}, "properties": {"numparc": 632, "etat de la localisation": "autre", "ID BDGEO": "2637", "horodatage": "2022-04-01 08:27:25", "distance (en metres)": 4292.43, "station": "BASTILLE-RUE SAINT-ANTOINE", "marker-color": "#818181"}}, {"type": "Feature", "geometry": {"type": "Point", "coordinates": [2.392702, 48.864223]}, "properties": {"numparc": 620, "etat de la localisation": "autre", "ID BDGEO": "2960", "horodatage": "2022-04-01 08:28:15", "distance (en metres)": 60.75, "station": "MURIERS", "marker-color": "#818181"}}, {"type": "Feature", "geometry": {"type": "Point", "coordinates": [2.319884, 48.859268]}, "properties": {"numparc": 629, "etat de la localisation": "autre", "ID BDGEO": "10829", "horodatage": "2022-04-01 08:28:21", "distance (en metres)": 4483.04, "station": "VOLTAIRE-LEON BLUM.", "marker-color": "#818181"}}, {"type": "Feature", "geometry": {"type": "Point", "coordinates": [2.362193, 48.854836]}, "properties": {"numparc": 636, "etat de la localisation": "autre", "ID BDGEO": "10829", "horodatage": "2022-04-01 08:28:33", "distance (en metres)": 1425.42, "station": "VOLTAIRE-LEON BLUM.", "marker-color": "#818181"}}, {"type": "Feature", "geometry": {"type": "Point", "coordinates": [2.348816, 48.858448]}, "properties": {"numparc": 622, "etat de la localisation": "autre", "ID BDGEO": "2637", "horodatage": "2022-04-01 08:28:36", "distance (en metres)": 1502.28, "station": "BASTILLE-RUE SAINT-ANTOINE", "marker-color": "#818181"}}, {"type": "Feature", "geometry": {"type": "Point", "coordinates": [2.306137, 48.857773]}, "properties": {"numparc": 632, "etat de la localisation": "autre", "ID BDGEO": "2637", "horodatage": "2022-04-01 08:28:41", "distance (en metres)": 4538.14, "station": "BASTILLE-RUE SAINT-ANTOINE", "marker-color": "#818181"}}, {"type": "Feature", "geometry": {"type": "Point", "coordinates": [2.320668, 48.856724]}, "properties": {"numparc": 621, "etat de la localisation": "autre", "ID BDGEO": "2637", "horodatage": "2022-04-01 08:28:57", "distance (en metres)": 3468.68, "station": "BASTILLE-RUE SAINT-ANTOINE", "marker-color": "#818181"}}, {"type": "Feature", "geometry": {"type": "Point", "coordinates": [2.388912, 48.86031]}, "properties": {"numparc": 625, "etat de la localisation": "autre", "ID BDGEO": "655", "horodatage": "2022-04-01 08:29:29", "distance (en metres)": 186.3, "station": "ROQUETTE-PERE LACHAISE", "marker-color": "#818181"}}, {"type": "Feature", "geometry": {"type": "Point", "coordinates": [2.399992, 48.865208]}, "properties": {"numparc": 634, "etat de la localisation": "autre", "ID BDGEO": "3196", "horodatage": "2022-04-01 08:29:41", "distance (en metres)": 76.95, "station": "GAMBETTA-MAIRIE DU 20EME.", "marker-color": "#818181"}}, {"type": "Feature", "geometry": {"type": "Point", "coordinates": [2.323654, 48.8578]}, "properties": {"numparc": 629, "etat de la localisation": "autre", "ID BDGEO": "10829", "horodatage": "2022-04-01 08:29:53", "distance (en metres)": 4204.58, "station": "VOLTAIRE-LEON BLUM.", "marker-color": "#818181"}}, {"type": "Feature", "geometry": {"type": "Point", "coordinates": [2.344458, 48.859886]}, "properties": {"numparc": 622, "etat de la localisation": "autre", "ID BDGEO": "2637", "horodatage": "2022-04-01 08:30:00", "distance (en metres)": 1858.18, "station": "BASTILLE-RUE SAINT-ANTOINE", "marker-color": "#818181"}}, {"type": "Feature", "geometry": {"type": "Point", "coordinates": [2.387753, 48.86256]}, "properties": {"numparc": 625, "etat de la localisation": "autre", "ID BDGEO": "653", "horodatage": "2022-04-01 08:30:26", "distance (en metres)": 70.86, "station": "AUGUSTE METIVIER", "marker-color": "#818181"}}, {"type": "Feature", "geometry": {"type": "Point", "coordinates": [2.316999, 48.857719]}, "properties": {"numparc": 621, "etat de la localisation": "autre", "ID BDGEO": "2637", "horodatage": "2022-04-01 08:30:35", "distance (en metres)": 3748.52, "station": "BASTILLE-RUE SAINT-ANTOINE", "marker-color": "#818181"}}, {"type": "Feature", "geometry": {"type": "Point", "coordinates": [2.340132, 48.86129]}, "properties": {"numparc": 622, "etat de la localisation": "autre", "ID BDGEO": "2637", "horodatage": "2022-04-01 08:31:08", "distance (en metres)": 2210.66, "station": "BASTILLE-RUE SAINT-ANTOINE", "marker-color": "#818181"}}, {"type": "Feature", "geometry": {"type": "Point", "coordinates": [2.326425, 48.856331]}, "properties": {"numparc": 629, "etat de la localisation": "autre", "ID BDGEO": "10829", "horodatage": "2022-04-01 08:31:15", "distance (en metres)": 4005.52, "station": "VOLTAIRE-LEON BLUM.", "marker-color": "#818181"}}, {"type": "Feature", "geometry": {"type": "Point", "coordinates": [2.40001, 48.865189]}, "properties": {"numparc": 634, "etat de la localisation": "autre", "ID BDGEO": "3196", "horodatage": "2022-04-01 08:31:24", "distance (en metres)": 79.3, "station": "GAMBETTA-MAIRIE DU 20EME.", "marker-color": "#818181"}}, {"type": "Feature", "geometry": {"type": "Point", "coordinates": [2.370698, 48.853668]}, "properties": {"numparc": 636, "etat de la localisation": "autre", "ID BDGEO": "10829", "horodatage": "2022-04-01 08:32:05", "distance (en metres)": 894.11, "station": "VOLTAIRE-LEON BLUM.", "marker-color": "#818181"}}, {"type": "Feature", "geometry": {"type": "Point", "coordinates": [2.335717, 48.862736]}, "properties": {"numparc": 622, "etat de la localisation": "autre", "ID BDGEO": "2637", "horodatage": "2022-04-01 08:32:17", "distance (en metres)": 2571.08, "station": "BASTILLE-RUE SAINT-ANTOINE", "marker-color": "#818181"}}, {"type": "Feature", "geometry": {"type": "Point", "coordinates": [2.296776, 48.855556]}, "properties": {"numparc": 628, "etat de la localisation": "autre", "ID BDGEO": "10829", "horodatage": "2022-04-01 08:32:23", "distance (en metres)": 6176.38, "station": "VOLTAIRE-LEON BLUM.", "marker-color": "#818181"}}, {"type": "Feature", "geometry": {"type": "Point", "coordinates": [2.388249, 48.863098]}, "properties": {"numparc": 620, "etat de la localisation": "autre", "ID BDGEO": "711", "horodatage": "2022-04-01 08:32:29", "distance (en metres)": 84.42, "station": "PERE LACHAISE", "marker-color": "#818181"}}, {"type": "Feature", "geometry": {"type": "Point", "coordinates": [2.313931, 48.858387]}, "properties": {"numparc": 621, "etat de la localisation": "autre", "ID BDGEO": "2637", "horodatage": "2022-04-01 08:32:32", "distance (en metres)": 3981.02, "station": "BASTILLE-RUE SAINT-ANTOINE", "marker-color": "#818181"}}, {"type": "Feature", "geometry": {"type": "Point", "coordinates": [2.371863, 48.854492]}, "properties": {"numparc": 636, "etat de la localisation": "autre", "ID BDGEO": "10829", "horodatage": "2022-04-01 08:33:00", "distance (en metres)": 774.34, "station": "VOLTAIRE-LEON BLUM.", "marker-color": "#818181"}}, {"type": "Feature", "geometry": {"type": "Point", "coordinates": [2.328924, 48.859024]}, "properties": {"numparc": 629, "etat de la localisation": "autre", "ID BDGEO": "10829", "horodatage": "2022-04-01 08:33:28", "distance (en metres)": 3821.17, "station": "VOLTAIRE-LEON BLUM.", "marker-color": "#818181"}}, {"type": "Feature", "geometry": {"type": "Point", "coordinates": [2.296345, 48.855232]}, "properties": {"numparc": 632, "etat de la localisation": "autre", "ID BDGEO": "10829", "horodatage": "2022-04-01 08:34:16", "distance (en metres)": 6209.5, "station": "VOLTAIRE-LEON BLUM.", "marker-color": "#818181"}}, {"type": "Feature", "geometry": {"type": "Point", "coordinates": [2.385344, 48.861946]}, "properties": {"numparc": 620, "etat de la localisation": "autre", "ID BDGEO": "711", "horodatage": "2022-04-01 08:34:33", "distance (en metres)": 178.75, "station": "PERE LACHAISE", "marker-color": "#818181"}}, {"type": "Feature", "geometry": {"type": "Point", "coordinates": [2.333656, 48.860882]}, "properties": {"numparc": 622, "etat de la localisation": "autre", "ID BDGEO": "2637", "horodatage": "2022-04-01 08:34:38", "distance (en metres)": 2636.28, "station": "BASTILLE-RUE SAINT-ANTOINE", "marker-color": "#818181"}}, {"type": "Feature", "geometry": {"type": "Point", "coordinates": [2.306107, 48.857723]}, "properties": {"numparc": 621, "etat de la localisation": "autre", "ID BDGEO": "2637", "horodatage": "2022-04-01 08:34:52", "distance (en metres)": 4539.72, "station": "BASTILLE-RUE SAINT-ANTOINE", "marker-color": "#818181"}}, {"type": "Feature", "geometry": {"type": "Point", "coordinates": [2.375434, 48.855957]}, "properties": {"numparc": 636, "etat de la localisation": "autre", "ID BDGEO": "10829", "horodatage": "2022-04-01 08:35:17", "distance (en metres)": 467.17, "station": "VOLTAIRE-LEON BLUM.", "marker-color": "#818181"}}, {"type": "Feature", "geometry": {"type": "Point", "coordinates": [2.386499, 48.859905]}, "properties": {"numparc": 620, "etat de la localisation": "autre", "ID BDGEO": "709", "horodatage": "2022-04-01 08:35:49", "distance (en metres)": 163.09, "station": "SAINT-MAUR-SERVAN", "marker-color": "#818181"}}, {"type": "Feature", "geometry": {"type": "Point", "coordinates": [2.296742, 48.855091]}, "properties": {"numparc": 628, "etat de la localisation": "autre", "ID BDGEO": "10829", "horodatage": "2022-04-01 08:35:57", "distance (en metres)": 6181.27, "station": "VOLTAIRE-LEON BLUM.", "marker-color": "#818181"}}, {"type": "Feature", "geometry": {"type": "Point", "coordinates": [2.303874, 48.856884]}, "properties": {"numparc": 621, "etat de la localisation": "autre", "ID BDGEO": "2637", "horodatage": "2022-04-01 08:36:05", "distance (en metres)": 4693.31, "station": "BASTILLE-RUE SAINT-ANTOINE", "marker-color": "#818181"}}, {"type": "Feature", "geometry": {"type": "Point", "coordinates": [2.378392, 48.857029]}, "properties": {"numparc": 636, "etat de la localisation": "autre", "ID BDGEO": "10829", "horodatage": "2022-04-01 08:36:20", "distance (en metres)": 220.38, "station": "VOLTAIRE-LEON BLUM.", "marker-color": "#818181"}}, {"type": "Feature", "geometry": {"type": "Point", "coordinates": [2.399943, 48.865322]}, "properties": {"numparc": 637, "etat de la localisation": "autre", "ID BDGEO": "3196", "horodatage": "2022-04-01 08:36:36", "distance (en metres)": 66.87, "station": "GAMBETTA-MAIRIE DU 20EME.", "marker-color": "#818181"}}, {"type": "Feature", "geometry": {"type": "Point", "coordinates": [2.331637, 48.858856]}, "properties": {"numparc": 622, "etat de la localisation": "autre", "ID BDGEO": "2637", "horodatage": "2022-04-01 08:36:44", "distance (en metres)": 2716.59, "station": "BASTILLE-RUE SAINT-ANTOINE", "marker-color": "#818181"}}, {"type": "Feature", "geometry": {"type": "Point", "coordinates": [2.296345, 48.855232]}, "properties": {"numparc": 632, "etat de la localisation": "autre", "ID BDGEO": "10829", "horodatage": "2022-04-01 08:36:53", "distance (en metres)": 6209.5, "station": "VOLTAIRE-LEON BLUM.", "marker-color": "#818181"}}, {"type": "Feature", "geometry": {"type": "Point", "coordinates": [2.296227, 48.85516]}, "properties": {"numparc": 633, "etat de la localisation": "autre", "ID BDGEO": "667", "horodatage": "2022-04-01 08:37:26", "distance (en metres)": 3936.9, "station": "HOTEL DE VILLE", "marker-color": "#818181"}}, {"type": "Feature", "geometry": {"type": "Point", "coordinates": [2.400063, 48.865044]}, "properties": {"numparc": 637, "etat de la localisation": "autre", "ID BDGEO": "3196", "horodatage": "2022-04-01 08:37:56", "distance (en metres)": 92.84, "station": "GAMBETTA-MAIRIE DU 20EME.", "marker-color": "#818181"}}, {"type": "Feature", "geometry": {"type": "Point", "coordinates": [2.326988, 48.860306]}, "properties": {"numparc": 622, "etat de la localisation": "autre", "ID BDGEO": "2637", "horodatage": "2022-04-01 08:38:08", "distance (en metres)": 3085.5, "station": "BASTILLE-RUE SAINT-ANTOINE", "marker-color": "#818181"}}, {"type": "Feature", "geometry": {"type": "Point", "coordinates": [2.334039, 48.85997]}, "properties": {"numparc": 629, "etat de la localisation": "autre", "ID BDGEO": "10829", "horodatage": "2022-04-01 08:38:14", "distance (en metres)": 3452.72, "station": "VOLTAIRE-LEON BLUM.", "marker-color": "#818181"}}, {"type": "Feature", "geometry": {"type": "Point", "coordinates": [2.3386, 48.859161]}, "properties": {"numparc": 629, "etat de la localisation": "autre", "ID BDGEO": "10829", "horodatage": "2022-04-01 08:39:12", "distance (en metres)": 3114.47, "station": "VOLTAIRE-LEON BLUM.", "marker-color": "#818181"}}, {"type": "Feature", "geometry": {"type": "Point", "coordinates": [2.296629, 48.855453]}, "properties": {"numparc": 621, "etat de la localisation": "autre", "ID BDGEO": "667", "horodatage": "2022-04-01 08:39:48", "distance (en metres)": 3905.08, "station": "HOTEL DE VILLE", "marker-color": "#818181"}}, {"type": "Feature", "geometry": {"type": "Point", "coordinates": [2.341465, 48.858696]}, "properties": {"numparc": 629, "etat de la localisation": "autre", "ID BDGEO": "10829", "horodatage": "2022-04-01 08:39:52", "distance (en metres)": 2903.0, "station": "VOLTAIRE-LEON BLUM.", "marker-color": "#818181"}}, {"type": "Feature", "geometry": {"type": "Point", "coordinates": [2.32374, 48.860767]}, "properties": {"numparc": 622, "etat de la localisation": "autre", "ID BDGEO": "2637", "horodatage": "2022-04-01 08:39:53", "distance (en metres)": 3328.38, "station": "BASTILLE-RUE SAINT-ANTOINE", "marker-color": "#818181"}}, {"type": "Feature", "geometry": {"type": "Point", "coordinates": [2.388924, 48.860294]}, "properties": {"numparc": 636, "etat de la localisation": "autre", "ID BDGEO": "655", "horodatage": "2022-04-01 08:41:16", "distance (en metres)": 186.71, "station": "ROQUETTE-PERE LACHAISE", "marker-color": "#818181"}}, {"type": "Feature", "geometry": {"type": "Point", "coordinates": [2.300007, 48.857304]}, "properties": {"numparc": 628, "etat de la localisation": "autre", "ID BDGEO": "10829", "horodatage": "2022-04-01 08:41:57", "distance (en metres)": 5934.9, "station": "VOLTAIRE-LEON BLUM.", "marker-color": "#818181"}}, {"type": "Feature", "geometry": {"type": "Point", "coordinates": [2.348482, 48.85685]}, "properties": {"numparc": 629, "etat de la localisation": "autre", "ID BDGEO": "10829", "horodatage": "2022-04-01 08:42:01", "distance (en metres)": 2390.87, "station": "VOLTAIRE-LEON BLUM.", "marker-color": "#818181"}}, {"type": "Feature", "geometry": {"type": "Point", "coordinates": [2.387745, 48.86256]}, "properties": {"numparc": 636, "etat de la localisation": "autre", "ID BDGEO": "653", "horodatage": "2022-04-01 08:42:27", "distance (en metres)": 71.15, "station": "AUGUSTE METIVIER", "marker-color": "#818181"}}, {"type": "Feature", "geometry": {"type": "Point", "coordinates": [2.323396, 48.858093]}, "properties": {"numparc": 622, "etat de la localisation": "autre", "ID BDGEO": "2637", "horodatage": "2022-04-01 08:42:27", "distance (en metres)": 3291.64, "station": "BASTILLE-RUE SAINT-ANTOINE", "marker-color": "#818181"}}, {"type": "Feature", "geometry": {"type": "Point", "coordinates": [2.348765, 48.856781]}, "properties": {"numparc": 629, "etat de la localisation": "autre", "ID BDGEO": "10829", "horodatage": "2022-04-01 08:42:38", "distance (en metres)": 2370.56, "station": "VOLTAIRE-LEON BLUM.", "marker-color": "#818181"}}, {"type": "Feature", "geometry": {"type": "Point", "coordinates": [2.350317, 48.856171]}, "properties": {"numparc": 629, "etat de la localisation": "autre", "ID BDGEO": "10829", "horodatage": "2022-04-01 08:43:33", "distance (en metres)": 2261.81, "station": "VOLTAIRE-LEON BLUM.", "marker-color": "#818181"}}, {"type": "Feature", "geometry": {"type": "Point", "coordinates": [2.325335, 48.855709]}, "properties": {"numparc": 622, "etat de la localisation": "autre", "ID BDGEO": "2637", "horodatage": "2022-04-01 08:44:22", "distance (en metres)": 3117.79, "station": "BASTILLE-RUE SAINT-ANTOINE", "marker-color": "#818181"}}, {"type": "Feature", "geometry": {"type": "Point", "coordinates": [2.303962, 48.858978]}, "properties": {"numparc": 628, "etat de la localisation": "autre", "ID BDGEO": "10829", "horodatage": "2022-04-01 08:44:23", "distance (en metres)": 5646.51, "station": "VOLTAIRE-LEON BLUM.", "marker-color": "#818181"}}, {"type": "Feature", "geometry": {"type": "Point", "coordinates": [2.355429, 48.855953]}, "properties": {"numparc": 629, "etat de la localisation": "autre", "ID BDGEO": "10829", "horodatage": "2022-04-01 08:44:58", "distance (en metres)": 1891.93, "station": "VOLTAIRE-LEON BLUM.", "marker-color": "#818181"}}, {"type": "Feature", "geometry": {"type": "Point", "coordinates": [2.377748, 48.860115]}, "properties": {"numparc": 620, "etat de la localisation": "autre", "ID BDGEO": "708", "horodatage": "2022-04-01 08:45:12", "distance (en metres)": 335.48, "station": "VOLTAIRE-LEON BLUM", "marker-color": "#818181"}}, {"type": "Feature", "geometry": {"type": "Point", "coordinates": [2.29682, 48.855137]}, "properties": {"numparc": 633, "etat de la localisation": "autre", "ID BDGEO": "667", "horodatage": "2022-04-01 08:45:26", "distance (en metres)": 3893.86, "station": "HOTEL DE VILLE", "marker-color": "#818181"}}, {"type": "Feature", "geometry": {"type": "Point", "coordinates": [2.307119, 48.859692]}, "properties": {"numparc": 628, "etat de la localisation": "autre", "ID BDGEO": "10829", "horodatage": "2022-04-01 08:45:39", "distance (en metres)": 5417.98, "station": "VOLTAIRE-LEON BLUM.", "marker-color": "#818181"}}, {"type": "Feature", "geometry": {"type": "Point", "coordinates": [2.399656, 48.865463]}, "properties": {"numparc": 625, "etat de la localisation": "autre", "ID BDGEO": "3196", "horodatage": "2022-04-01 08:45:44", "distance (en metres)": 40.92, "station": "GAMBETTA-MAIRIE DU 20EME.", "marker-color": "#818181"}}, {"type": "Feature", "geometry": {"type": "Point", "coordinates": [2.358104, 48.855476]}, "properties": {"numparc": 629, "etat de la localisation": "autre", "ID BDGEO": "10829", "horodatage": "2022-04-01 08:45:47", "distance (en metres)": 1705.04, "station": "VOLTAIRE-LEON BLUM.", "marker-color": "#818181"}}, {"type": "Feature", "geometry": {"type": "Point", "coordinates": [2.29682, 48.855137]}, "properties": {"numparc": 633, "etat de la localisation": "autre", "ID BDGEO": "667", "horodatage": "2022-04-01 08:46:17", "distance (en metres)": 3893.86, "station": "HOTEL DE VILLE", "marker-color": "#818181"}}, {"type": "Feature", "geometry": {"type": "Point", "coordinates": [2.362178, 48.854832]}, "properties": {"numparc": 629, "etat de la localisation": "autre", "ID BDGEO": "10829", "horodatage": "2022-04-01 08:46:49", "distance (en metres)": 1426.59, "station": "VOLTAIRE-LEON BLUM.", "marker-color": "#818181"}}, {"type": "Feature", "geometry": {"type": "Point", "coordinates": [2.310697, 48.859974]}, "properties": {"numparc": 628, "etat de la localisation": "autre", "ID BDGEO": "10829", "horodatage": "2022-04-01 08:47:00", "distance (en metres)": 5157.73, "station": "VOLTAIRE-LEON BLUM.", "marker-color": "#818181"}}, {"type": "Feature", "geometry": {"type": "Point", "coordinates": [2.388405, 48.863277]}, "properties": {"numparc": 637, "etat de la localisation": "autre", "ID BDGEO": "711", "horodatage": "2022-04-01 08:47:37", "distance (en metres)": 107.4, "station": "PERE LACHAISE", "marker-color": "#818181"}}, {"type": "Feature", "geometry": {"type": "Point", "coordinates": [2.32061, 48.856777]}, "properties": {"numparc": 622, "etat de la localisation": "autre", "ID BDGEO": "2637", "horodatage": "2022-04-01 08:47:49", "distance (en metres)": 3473.55, "station": "BASTILLE-RUE SAINT-ANTOINE", "marker-color": "#818181"}}, {"type": "Feature", "geometry": {"type": "Point", "coordinates": [2.365501, 48.853779]}, "properties": {"numparc": 629, "etat de la localisation": "autre", "ID BDGEO": "10829", "horodatage": "2022-04-01 08:48:18", "distance (en metres)": 1229.98, "station": "VOLTAIRE-LEON BLUM.", "marker-color": "#818181"}}, {"type": "Feature", "geometry": {"type": "Point", "coordinates": [2.374899, 48.859135]}, "properties": {"numparc": 620, "etat de la localisation": "autre", "ID BDGEO": "707", "horodatage": "2022-04-01 08:48:33", "distance (en metres)": 351.94, "station": "POPINCOURT", "marker-color": "#818181"}}, {"type": "Feature", "geometry": {"type": "Point", "coordinates": [2.314513, 48.859951]}, "properties": {"numparc": 628, "etat de la localisation": "autre", "ID BDGEO": "10829", "horodatage": "2022-04-01 08:48:49", "distance (en metres)": 4878.75, "station": "VOLTAIRE-LEON BLUM.", "marker-color": "#818181"}}, {"type": "Feature", "geometry": {"type": "Point", "coordinates": [2.368128, 48.853336]}, "properties": {"numparc": 629, "etat de la localisation": "autre", "ID BDGEO": "10829", "horodatage": "2022-04-01 08:49:23", "distance (en metres)": 1075.85, "station": "VOLTAIRE-LEON BLUM.", "marker-color": "#818181"}}, {"type": "Feature", "geometry": {"type": "Point", "coordinates": [2.317007, 48.857861]}, "properties": {"numparc": 622, "etat de la localisation": "autre", "ID BDGEO": "2637", "horodatage": "2022-04-01 08:49:26", "distance (en metres)": 3750.03, "station": "BASTILLE-RUE SAINT-ANTOINE", "marker-color": "#818181"}}, {"type": "Feature", "geometry": {"type": "Point", "coordinates": [2.37125, 48.857933]}, "properties": {"numparc": 620, "etat de la localisation": "autre", "ID BDGEO": "705", "horodatage": "2022-04-01 08:50:26", "distance (en metres)": 382.31, "station": "BREGUET-SABIN", "marker-color": "#818181"}}, {"type": "Feature", "geometry": {"type": "Point", "coordinates": [2.320058, 48.8592]}, "properties": {"numparc": 628, "etat de la localisation": "autre", "ID BDGEO": "10829", "horodatage": "2022-04-01 08:51:01", "distance (en metres)": 4470.06, "station": "VOLTAIRE-LEON BLUM.", "marker-color": "#818181"}}, {"type": "Feature", "geometry": {"type": "Point", "coordinates": [2.370631, 48.853561]}, "properties": {"numparc": 629, "etat de la localisation": "autre", "ID BDGEO": "10829", "horodatage": "2022-04-01 08:51:40", "distance (en metres)": 904.52, "station": "VOLTAIRE-LEON BLUM.", "marker-color": "#818181"}}, {"type": "Feature", "geometry": {"type": "Point", "coordinates": [2.400212, 48.86507]}, "properties": {"numparc": 634, "etat de la localisation": "autre", "ID BDGEO": "3196", "horodatage": "2022-04-01 08:52:24", "distance (en metres)": 99.04, "station": "GAMBETTA-MAIRIE DU 20EME.", "marker-color": "#818181"}}, {"type": "Feature", "geometry": {"type": "Point", "coordinates": [2.368543, 48.85704]}, "properties": {"numparc": 620, "etat de la localisation": "autre", "ID BDGEO": "705", "horodatage": "2022-04-01 08:52:29", "distance (en metres)": 383.31, "station": "BREGUET-SABIN", "marker-color": "#818181"}}, {"type": "Feature", "geometry": {"type": "Point", "coordinates": [2.323775, 48.857864]}, "properties": {"numparc": 628, "etat de la localisation": "autre", "ID BDGEO": "10829", "horodatage": "2022-04-01 08:52:37", "distance (en metres)": 4195.71, "station": "VOLTAIRE-LEON BLUM.", "marker-color": "#818181"}}, {"type": "Feature", "geometry": {"type": "Point", "coordinates": [2.385381, 48.861973]}, "properties": {"numparc": 637, "etat de la localisation": "autre", "ID BDGEO": "711", "horodatage": "2022-04-01 08:52:39", "distance (en metres)": 175.27, "station": "PERE LACHAISE", "marker-color": "#818181"}}, {"type": "Feature", "geometry": {"type": "Point", "coordinates": [2.309601, 48.858093]}, "properties": {"numparc": 622, "etat de la localisation": "autre", "ID BDGEO": "2637", "horodatage": "2022-04-01 08:52:51", "distance (en metres)": 4290.62, "station": "BASTILLE-RUE SAINT-ANTOINE", "marker-color": "#818181"}}, {"type": "Feature", "geometry": {"type": "Point", "coordinates": [2.370637, 48.853588]}, "properties": {"numparc": 629, "etat de la localisation": "autre", "ID BDGEO": "10829", "horodatage": "2022-04-01 08:52:55", "distance (en metres)": 902.58, "station": "VOLTAIRE-LEON BLUM.", "marker-color": "#818181"}}, {"type": "Feature", "geometry": {"type": "Point", "coordinates": [2.386551, 48.859978]}, "properties": {"numparc": 637, "etat de la localisation": "autre", "ID BDGEO": "710", "horodatage": "2022-04-01 08:53:41", "distance (en metres)": 161.42, "station": "ROQUETTE-PERE LACHAISE", "marker-color": "#818181"}}, {"type": "Feature", "geometry": {"type": "Point", "coordinates": [2.306144, 48.857815]}, "properties": {"numparc": 622, "etat de la localisation": "autre", "ID BDGEO": "2637", "horodatage": "2022-04-01 08:54:06", "distance (en metres)": 4538.14, "station": "BASTILLE-RUE SAINT-ANTOINE", "marker-color": "#818181"}}, {"type": "Feature", "geometry": {"type": "Point", "coordinates": [2.370715, 48.853691]}, "properties": {"numparc": 629, "etat de la localisation": "autre", "ID BDGEO": "10829", "horodatage": "2022-04-01 08:54:29", "distance (en metres)": 891.73, "station": "VOLTAIRE-LEON BLUM.", "marker-color": "#818181"}}, {"type": "Feature", "geometry": {"type": "Point", "coordinates": [2.296629, 48.855453]}, "properties": {"numparc": 621, "etat de la localisation": "autre", "ID BDGEO": "667", "horodatage": "2022-04-01 08:54:55", "distance (en metres)": 3905.08, "station": "HOTEL DE VILLE", "marker-color": "#818181"}}, {"type": "Feature", "geometry": {"type": "Point", "coordinates": [2.326481, 48.856232]}, "properties": {"numparc": 628, "etat de la localisation": "autre", "ID BDGEO": "10829", "horodatage": "2022-04-01 08:54:55", "distance (en metres)": 4001.91, "station": "VOLTAIRE-LEON BLUM.", "marker-color": "#818181"}}, {"type": "Feature", "geometry": {"type": "Point", "coordinates": [2.392795, 48.864346]}, "properties": {"numparc": 634, "etat de la localisation": "autre", "ID BDGEO": "2960", "horodatage": "2022-04-01 08:55:49", "distance (en metres)": 72.48, "station": "MURIERS", "marker-color": "#818181"}}, {"type": "Feature", "geometry": {"type": "Point", "coordinates": [2.303852, 48.856888]}, "properties": {"numparc": 622, "etat de la localisation": "autre", "ID BDGEO": "2637", "horodatage": "2022-04-01 08:55:54", "distance (en metres)": 4694.94, "station": "BASTILLE-RUE SAINT-ANTOINE", "marker-color": "#818181"}}, {"type": "Feature", "geometry": {"type": "Point", "coordinates": [2.371766, 48.854538]}, "properties": {"numparc": 629, "etat de la localisation": "autre", "ID BDGEO": "10829", "horodatage": "2022-04-01 08:56:04", "distance (en metres)": 778.12, "station": "VOLTAIRE-LEON BLUM.", "marker-color": "#818181"}}, {"type": "Feature", "geometry": {"type": "Point", "coordinates": [2.303926, 48.859024]}, "properties": {"numparc": 633, "etat de la localisation": "autre", "ID BDGEO": "667", "horodatage": "2022-04-01 08:56:30", "distance (en metres)": 3362.93, "station": "HOTEL DE VILLE", "marker-color": "#818181"}}, {"type": "Feature", "geometry": {"type": "Point", "coordinates": [2.301985, 48.856529]}, "properties": {"numparc": 622, "etat de la localisation": "autre", "ID BDGEO": "2637", "horodatage": "2022-04-01 08:57:31", "distance (en metres)": 4827.93, "station": "BASTILLE-RUE SAINT-ANTOINE", "marker-color": "#818181"}}, {"type": "Feature", "geometry": {"type": "Point", "coordinates": [2.307108, 48.859726]}, "properties": {"numparc": 633, "etat de la localisation": "autre", "ID BDGEO": "667", "horodatage": "2022-04-01 08:57:43", "distance (en metres)": 3134.13, "station": "HOTEL DE VILLE", "marker-color": "#818181"}}, {"type": "Feature", "geometry": {"type": "Point", "coordinates": [2.365301, 48.854034]}, "properties": {"numparc": 620, "etat de la localisation": "autre", "ID BDGEO": "2637", "horodatage": "2022-04-01 08:58:28", "distance (en metres)": 200.37, "station": "BASTILLE-RUE SAINT-ANTOINE", "marker-color": "#818181"}}, {"type": "Feature", "geometry": {"type": "Point", "coordinates": [2.299503, 48.857422]}, "properties": {"numparc": 622, "etat de la localisation": "autre", "ID BDGEO": "2637", "horodatage": "2022-04-01 08:58:43", "distance (en metres)": 5017.11, "station": "BASTILLE-RUE SAINT-ANTOINE", "marker-color": "#818181"}}, {"type": "Feature", "geometry": {"type": "Point", "coordinates": [2.388363, 48.863297]}, "properties": {"numparc": 634, "etat de la localisation": "autre", "ID BDGEO": "711", "horodatage": "2022-04-01 08:59:19", "distance (en metres)": 107.75, "station": "PERE LACHAISE", "marker-color": "#818181"}}, {"type": "Feature", "geometry": {"type": "Point", "coordinates": [2.310751, 48.860046]}, "properties": {"numparc": 633, "etat de la localisation": "autre", "ID BDGEO": "667", "horodatage": "2022-04-01 08:59:34", "distance (en metres)": 2870.79, "station": "HOTEL DE VILLE", "marker-color": "#818181"}}, {"type": "Feature", "geometry": {"type": "Point", "coordinates": [2.296191, 48.855129]}, "properties": {"numparc": 622, "etat de la localisation": "autre", "ID BDGEO": "10829", "horodatage": "2022-04-01 08:59:57", "distance (en metres)": 6221.31, "station": "VOLTAIRE-LEON BLUM.", "marker-color": "#818181"}}, {"type": "Feature", "geometry": {"type": "Point", "coordinates": [2.362113, 48.855061]}, "properties": {"numparc": 620, "etat de la localisation": "autre", "ID BDGEO": "2637", "horodatage": "2022-04-01 09:00:26", "distance (en metres)": 459.98, "station": "BASTILLE-RUE SAINT-ANTOINE", "marker-color": "#818181"}}, {"type": "Feature", "geometry": {"type": "Point", "coordinates": [2.378332, 48.856964]}, "properties": {"numparc": 629, "etat de la localisation": "autre", "ID BDGEO": "10829", "horodatage": "2022-04-01 09:00:27", "distance (en metres)": 227.45, "station": "VOLTAIRE-LEON BLUM.", "marker-color": "#818181"}}, {"type": "Feature", "geometry": {"type": "Point", "coordinates": [2.334034, 48.85997]}, "properties": {"numparc": 628, "etat de la localisation": "autre", "ID BDGEO": "10829", "horodatage": "2022-04-01 09:00:47", "distance (en metres)": 3453.09, "station": "VOLTAIRE-LEON BLUM.", "marker-color": "#818181"}}, {"type": "Feature", "geometry": {"type": "Point", "coordinates": [2.296051, 48.855019]}, "properties": {"numparc": 622, "etat de la localisation": "autre", "ID BDGEO": "10829", "horodatage": "2022-04-01 09:00:51", "distance (en metres)": 6232.16, "station": "VOLTAIRE-LEON BLUM.", "marker-color": "#818181"}}, {"type": "Feature", "geometry": {"type": "Point", "coordinates": [2.385427, 48.862171]}, "properties": {"numparc": 634, "etat de la localisation": "autre", "ID BDGEO": "711", "horodatage": "2022-04-01 09:01:00", "distance (en metres)": 166.7, "station": "PERE LACHAISE", "marker-color": "#818181"}}, {"type": "Feature", "geometry": {"type": "Point", "coordinates": [2.377678, 48.860115]}, "properties": {"numparc": 637, "etat de la localisation": "autre", "ID BDGEO": "708", "horodatage": "2022-04-01 09:01:50", "distance (en metres)": 338.54, "station": "VOLTAIRE-LEON BLUM", "marker-color": "#818181"}}, {"type": "Feature", "geometry": {"type": "Point", "coordinates": [2.386507, 48.8601]}, "properties": {"numparc": 634, "etat de la localisation": "autre", "ID BDGEO": "710", "horodatage": "2022-04-01 09:01:56", "distance (en metres)": 162.11, "station": "ROQUETTE-PERE LACHAISE", "marker-color": "#818181"}}, {"type": "Feature", "geometry": {"type": "Point", "coordinates": [2.357512, 48.856152]}, "properties": {"numparc": 620, "etat de la localisation": "autre", "ID BDGEO": "2637", "horodatage": "2022-04-01 09:02:00", "distance (en metres)": 816.82, "station": "BASTILLE-RUE SAINT-ANTOINE", "marker-color": "#818181"}}, {"type": "Feature", "geometry": {"type": "Point", "coordinates": [2.314554, 48.85997]}, "properties": {"numparc": 633, "etat de la localisation": "autre", "ID BDGEO": "667", "horodatage": "2022-04-01 09:02:06", "distance (en metres)": 2592.82, "station": "HOTEL DE VILLE", "marker-color": "#818181"}}, {"type": "Feature", "geometry": {"type": "Point", "coordinates": [2.341468, 48.858681]}, "properties": {"numparc": 628, "etat de la localisation": "autre", "ID BDGEO": "10829", "horodatage": "2022-04-01 09:02:21", "distance (en metres)": 2902.72, "station": "VOLTAIRE-LEON BLUM.", "marker-color": "#818181"}}, {"type": "Feature", "geometry": {"type": "Point", "coordinates": [2.400012, 48.865005]}, "properties": {"numparc": 626, "etat de la localisation": "autre", "ID BDGEO": "3196", "horodatage": "2022-04-01 09:02:44", "distance (en metres)": 93.3, "station": "GAMBETTA-MAIRIE DU 20EME.", "marker-color": "#818181"}}, {"type": "Feature", "geometry": {"type": "Point", "coordinates": [2.374941, 48.859207]}, "properties": {"numparc": 637, "etat de la localisation": "autre", "ID BDGEO": "707", "horodatage": "2022-04-01 09:03:39", "distance (en metres)": 355.46, "station": "POPINCOURT", "marker-color": "#818181"}}, {"type": "Feature", "geometry": {"type": "Point", "coordinates": [2.296238, 48.855179]}, "properties": {"numparc": 622, "etat de la localisation": "autre", "ID BDGEO": "10829", "horodatage": "2022-04-01 09:03:39", "distance (en metres)": 6217.61, "station": "VOLTAIRE-LEON BLUM.", "marker-color": "#818181"}}, {"type": "Feature", "geometry": {"type": "Point", "coordinates": [2.296345, 48.855232]}, "properties": {"numparc": 632, "etat de la localisation": "autre", "ID BDGEO": "10829", "horodatage": "2022-04-01 09:03:56", "distance (en metres)": 6209.5, "station": "VOLTAIRE-LEON BLUM.", "marker-color": "#818181"}}, {"type": "Feature", "geometry": {"type": "Point", "coordinates": [2.296345, 48.855232]}, "properties": {"numparc": 632, "etat de la localisation": "autre", "ID BDGEO": "10829", "horodatage": "2022-04-01 09:04:06", "distance (en metres)": 6209.5, "station": "VOLTAIRE-LEON BLUM.", "marker-color": "#818181"}}, {"type": "Feature", "geometry": {"type": "Point", "coordinates": [2.296629, 48.855453]}, "properties": {"numparc": 621, "etat de la localisation": "autre", "ID BDGEO": "667", "horodatage": "2022-04-01 09:04:07", "distance (en metres)": 3905.08, "station": "HOTEL DE VILLE", "marker-color": "#818181"}}, {"type": "Feature", "geometry": {"type": "Point", "coordinates": [2.296345, 48.855232]}, "properties": {"numparc": 632, "etat de la localisation": "autre", "ID BDGEO": "10829", "horodatage": "2022-04-01 09:04:41", "distance (en metres)": 6209.5, "station": "VOLTAIRE-LEON BLUM.", "marker-color": "#818181"}}, {"type": "Feature", "geometry": {"type": "Point", "coordinates": [2.348493, 48.856827]}, "properties": {"numparc": 628, "etat de la localisation": "autre", "ID BDGEO": "10829", "horodatage": "2022-04-01 09:04:45", "distance (en metres)": 2390.17, "station": "VOLTAIRE-LEON BLUM.", "marker-color": "#818181"}}, {"type": "Feature", "geometry": {"type": "Point", "coordinates": [2.350606, 48.857845]}, "properties": {"numparc": 620, "etat de la localisation": "autre", "ID BDGEO": "2637", "horodatage": "2022-04-01 09:04:50", "distance (en metres)": 1355.7, "station": "BASTILLE-RUE SAINT-ANTOINE", "marker-color": "#818181"}}, {"type": "Feature", "geometry": {"type": "Point", "coordinates": [2.320114, 48.859245]}, "properties": {"numparc": 633, "etat de la localisation": "autre", "ID BDGEO": "667", "horodatage": "2022-04-01 09:05:03", "distance (en metres)": 2181.18, "station": "HOTEL DE VILLE", "marker-color": "#818181"}}, {"type": "Feature", "geometry": {"type": "Point", "coordinates": [2.296345, 48.855232]}, "properties": {"numparc": 632, "etat de la localisation": "autre", "ID BDGEO": "10829", "horodatage": "2022-04-01 09:05:05", "distance (en metres)": 6209.5, "station": "VOLTAIRE-LEON BLUM.", "marker-color": "#818181"}}, {"type": "Feature", "geometry": {"type": "Point", "coordinates": [2.29622, 48.855167]}, "properties": {"numparc": 622, "etat de la localisation": "autre", "ID BDGEO": "10829", "horodatage": "2022-04-01 09:05:06", "distance (en metres)": 6218.98, "station": "VOLTAIRE-LEON BLUM.", "marker-color": "#818181"}}, {"type": "Feature", "geometry": {"type": "Point", "coordinates": [2.371353, 48.857971]}, "properties": {"numparc": 637, "etat de la localisation": "autre", "ID BDGEO": "706", "horodatage": "2022-04-01 09:05:24", "distance (en metres)": 379.57, "station": "COMMANDANT LAMY", "marker-color": "#818181"}}, {"type": "Feature", "geometry": {"type": "Point", "coordinates": [2.38099, 48.85796]}, "properties": {"numparc": 634, "etat de la localisation": "autre", "ID BDGEO": "708", "horodatage": "2022-04-01 09:05:44", "distance (en metres)": 49.69, "station": "VOLTAIRE-LEON BLUM", "marker-color": "#818181"}}, {"type": "Feature", "geometry": {"type": "Point", "coordinates": [2.350284, 48.856182]}, "properties": {"numparc": 628, "etat de la localisation": "autre", "ID BDGEO": "10829", "horodatage": "2022-04-01 09:06:02", "distance (en metres)": 2264.1, "station": "VOLTAIRE-LEON BLUM.", "marker-color": "#818181"}}, {"type": "Feature", "geometry": {"type": "Point", "coordinates": [2.348828, 48.858406]}, "properties": {"numparc": 620, "etat de la localisation": "autre", "ID BDGEO": "2637", "horodatage": "2022-04-01 09:06:20", "distance (en metres)": 1499.68, "station": "BASTILLE-RUE SAINT-ANTOINE", "marker-color": "#818181"}}, {"type": "Feature", "geometry": {"type": "Point", "coordinates": [2.323398, 48.857925]}, "properties": {"numparc": 633, "etat de la localisation": "autre", "ID BDGEO": "667", "horodatage": "2022-04-01 09:06:34", "distance (en metres)": 1936.45, "station": "HOTEL DE VILLE", "marker-color": "#818181"}}, {"type": "Feature", "geometry": {"type": "Point", "coordinates": [2.295827, 48.854748]}, "properties": {"numparc": 632, "etat de la localisation": "autre", "ID BDGEO": "10829", "horodatage": "2022-04-01 09:06:35", "distance (en metres)": 6250.15, "station": "VOLTAIRE-LEON BLUM.", "marker-color": "#818181"}}, {"type": "Feature", "geometry": {"type": "Point", "coordinates": [2.388932, 48.860279]}, "properties": {"numparc": 629, "etat de la localisation": "autre", "ID BDGEO": "655", "horodatage": "2022-04-01 09:06:55", "distance (en metres)": 186.87, "station": "ROQUETTE-PERE LACHAISE", "marker-color": "#818181"}}, {"type": "Feature", "geometry": {"type": "Point", "coordinates": [2.368632, 48.857132]}, "properties": {"numparc": 637, "etat de la localisation": "autre", "ID BDGEO": "705", "horodatage": "2022-04-01 09:07:35", "distance (en metres)": 386.34, "station": "BREGUET-SABIN", "marker-color": "#818181"}}, {"type": "Feature", "geometry": {"type": "Point", "coordinates": [2.387796, 48.862537]}, "properties": {"numparc": 629, "etat de la localisation": "autre", "ID BDGEO": "653", "horodatage": "2022-04-01 09:08:00", "distance (en metres)": 71.65, "station": "AUGUSTE METIVIER", "marker-color": "#818181"}}, {"type": "Feature", "geometry": {"type": "Point", "coordinates": [2.37767, 48.860188]}, "properties": {"numparc": 634, "etat de la localisation": "autre", "ID BDGEO": "708", "horodatage": "2022-04-01 09:08:04", "distance (en metres)": 345.35, "station": "VOLTAIRE-LEON BLUM", "marker-color": "#818181"}}, {"type": "Feature", "geometry": {"type": "Point", "coordinates": [2.326529, 48.856274]}, "properties": {"numparc": 633, "etat de la localisation": "autre", "ID BDGEO": "667", "horodatage": "2022-04-01 09:08:43", "distance (en metres)": 1717.99, "station": "HOTEL DE VILLE", "marker-color": "#818181"}}, {"type": "Feature", "geometry": {"type": "Point", "coordinates": [2.356045, 48.855995]}, "properties": {"numparc": 628, "etat de la localisation": "autre", "ID BDGEO": "10829", "horodatage": "2022-04-01 09:08:58", "distance (en metres)": 1846.62, "station": "VOLTAIRE-LEON BLUM.", "marker-color": "#818181"}}, {"type": "Feature", "geometry": {"type": "Point", "coordinates": [2.374718, 48.859188]}, "properties": {"numparc": 634, "etat de la localisation": "autre", "ID BDGEO": "707", "horodatage": "2022-04-01 09:09:39", "distance (en metres)": 365.58, "station": "POPINCOURT", "marker-color": "#818181"}}, {"type": "Feature", "geometry": {"type": "Point", "coordinates": [2.392721, 48.864262]}, "properties": {"numparc": 626, "etat de la localisation": "autre", "ID BDGEO": "2960", "horodatage": "2022-04-01 09:10:06", "distance (en metres)": 63.56, "station": "MURIERS", "marker-color": "#818181"}}, {"type": "Feature", "geometry": {"type": "Point", "coordinates": [2.344478, 48.859833]}, "properties": {"numparc": 620, "etat de la localisation": "autre", "ID BDGEO": "2637", "horodatage": "2022-04-01 09:10:34", "distance (en metres)": 1854.51, "station": "BASTILLE-RUE SAINT-ANTOINE", "marker-color": "#818181"}}, {"type": "Feature", "geometry": {"type": "Point", "coordinates": [2.328911, 48.859039]}, "properties": {"numparc": 633, "etat de la localisation": "autre", "ID BDGEO": "667", "horodatage": "2022-04-01 09:10:45", "distance (en metres)": 1537.58, "station": "HOTEL DE VILLE", "marker-color": "#818181"}}, {"type": "Feature", "geometry": {"type": "Point", "coordinates": [2.296572, 48.85516]}, "properties": {"numparc": 632, "etat de la localisation": "autre", "ID BDGEO": "10829", "horodatage": "2022-04-01 09:10:58", "distance (en metres)": 6193.31, "station": "VOLTAIRE-LEON BLUM.", "marker-color": "#818181"}}, {"type": "Feature", "geometry": {"type": "Point", "coordinates": [2.365346, 48.853966]}, "properties": {"numparc": 637, "etat de la localisation": "autre", "ID BDGEO": "2637", "horodatage": "2022-04-01 09:11:40", "distance (en metres)": 194.26, "station": "BASTILLE-RUE SAINT-ANTOINE", "marker-color": "#818181"}}, {"type": "Feature", "geometry": {"type": "Point", "coordinates": [2.388221, 48.863113]}, "properties": {"numparc": 626, "etat de la localisation": "autre", "ID BDGEO": "711", "horodatage": "2022-04-01 09:11:52", "distance (en metres)": 84.9, "station": "PERE LACHAISE", "marker-color": "#818181"}}, {"type": "Feature", "geometry": {"type": "Point", "coordinates": [2.362162, 48.855083]}, "properties": {"numparc": 637, "etat de la localisation": "autre", "ID BDGEO": "2637", "horodatage": "2022-04-01 09:12:42", "distance (en metres)": 457.85, "station": "BASTILLE-RUE SAINT-ANTOINE", "marker-color": "#818181"}}, {"type": "Feature", "geometry": {"type": "Point", "coordinates": [2.340127, 48.861237]}, "properties": {"numparc": 620, "etat de la localisation": "autre", "ID BDGEO": "2637", "horodatage": "2022-04-01 09:12:56", "distance (en metres)": 2208.61, "station": "BASTILLE-RUE SAINT-ANTOINE", "marker-color": "#818181"}}, {"type": "Feature", "geometry": {"type": "Point", "coordinates": [2.385294, 48.861973]}, "properties": {"numparc": 626, "etat de la localisation": "autre", "ID BDGEO": "711", "horodatage": "2022-04-01 09:13:04", "distance (en metres)": 181.36, "station": "PERE LACHAISE", "marker-color": "#818181"}}, {"type": "Feature", "geometry": {"type": "Point", "coordinates": [2.365532, 48.853825]}, "properties": {"numparc": 628, "etat de la localisation": "autre", "ID BDGEO": "10829", "horodatage": "2022-04-01 09:13:15", "distance (en metres)": 1226.0, "station": "VOLTAIRE-LEON BLUM.", "marker-color": "#818181"}}, {"type": "Feature", "geometry": {"type": "Point", "coordinates": [2.357528, 48.856163]}, "properties": {"numparc": 637, "etat de la localisation": "autre", "ID BDGEO": "2637", "horodatage": "2022-04-01 09:13:55", "distance (en metres)": 816.24, "station": "BASTILLE-RUE SAINT-ANTOINE", "marker-color": "#818181"}}, {"type": "Feature", "geometry": {"type": "Point", "coordinates": [2.386486, 48.859936]}, "properties": {"numparc": 626, "etat de la localisation": "autre", "ID BDGEO": "709", "horodatage": "2022-04-01 09:14:02", "distance (en metres)": 164.93, "station": "SAINT-MAUR-SERVAN", "marker-color": "#818181"}}, {"type": "Feature", "geometry": {"type": "Point", "coordinates": [2.368143, 48.853378]}, "properties": {"numparc": 628, "etat de la localisation": "autre", "ID BDGEO": "10829", "horodatage": "2022-04-01 09:14:21", "distance (en metres)": 1072.7, "station": "VOLTAIRE-LEON BLUM.", "marker-color": "#818181"}}, {"type": "Feature", "geometry": {"type": "Point", "coordinates": [2.335695, 48.862659]}, "properties": {"numparc": 620, "etat de la localisation": "autre", "ID BDGEO": "2637", "horodatage": "2022-04-01 09:14:25", "distance (en metres)": 2569.08, "station": "BASTILLE-RUE SAINT-ANTOINE", "marker-color": "#818181"}}, {"type": "Feature", "geometry": {"type": "Point", "coordinates": [2.368738, 48.857216]}, "properties": {"numparc": 634, "etat de la localisation": "autre", "ID BDGEO": "705", "horodatage": "2022-04-01 09:14:35", "distance (en metres)": 388.29, "station": "BREGUET-SABIN", "marker-color": "#818181"}}, {"type": "Feature", "geometry": {"type": "Point", "coordinates": [2.303942, 48.858974]}, "properties": {"numparc": 632, "etat de la localisation": "autre", "ID BDGEO": "10829", "horodatage": "2022-04-01 09:14:54", "distance (en metres)": 5647.97, "station": "VOLTAIRE-LEON BLUM.", "marker-color": "#818181"}}, {"type": "Feature", "geometry": {"type": "Point", "coordinates": [2.331094, 48.860577]}, "properties": {"numparc": 633, "etat de la localisation": "autre", "ID BDGEO": "667", "horodatage": "2022-04-01 09:15:04", "distance (en metres)": 1403.28, "station": "HOTEL DE VILLE", "marker-color": "#818181"}}, {"type": "Feature", "geometry": {"type": "Point", "coordinates": [2.334047, 48.85994]}, "properties": {"numparc": 633, "etat de la localisation": "autre", "ID BDGEO": "667", "horodatage": "2022-04-01 09:15:49", "distance (en metres)": 1177.58, "station": "HOTEL DE VILLE", "marker-color": "#818181"}}, {"type": "Feature", "geometry": {"type": "Point", "coordinates": [2.307105, 48.859692]}, "properties": {"numparc": 632, "etat de la localisation": "autre", "ID BDGEO": "10829", "horodatage": "2022-04-01 09:16:05", "distance (en metres)": 5418.99, "station": "VOLTAIRE-LEON BLUM.", "marker-color": "#818181"}}, {"type": "Feature", "geometry": {"type": "Point", "coordinates": [2.350636, 48.8578]}, "properties": {"numparc": 637, "etat de la localisation": "autre", "ID BDGEO": "2637", "horodatage": "2022-04-01 09:16:34", "distance (en metres)": 1351.76, "station": "BASTILLE-RUE SAINT-ANTOINE", "marker-color": "#818181"}}, {"type": "Feature", "geometry": {"type": "Point", "coordinates": [2.341498, 48.858669]}, "properties": {"numparc": 633, "etat de la localisation": "autre", "ID BDGEO": "667", "horodatage": "2022-04-01 09:17:13", "distance (en metres)": 616.99, "station": "HOTEL DE VILLE", "marker-color": "#818181"}}, {"type": "Feature", "geometry": {"type": "Point", "coordinates": [2.348832, 48.858368]}, "properties": {"numparc": 637, "etat de la localisation": "autre", "ID BDGEO": "2637", "horodatage": "2022-04-01 09:17:20", "distance (en metres)": 1497.82, "station": "BASTILLE-RUE SAINT-ANTOINE", "marker-color": "#818181"}}, {"type": "Feature", "geometry": {"type": "Point", "coordinates": [2.310682, 48.860031]}, "properties": {"numparc": 632, "etat de la localisation": "autre", "ID BDGEO": "10829", "horodatage": "2022-04-01 09:18:10", "distance (en metres)": 5159.11, "station": "VOLTAIRE-LEON BLUM.", "marker-color": "#818181"}}, {"type": "Feature", "geometry": {"type": "Point", "coordinates": [2.370634, 48.853573]}, "properties": {"numparc": 628, "etat de la localisation": "autre", "ID BDGEO": "10829", "horodatage": "2022-04-01 09:18:13", "distance (en metres)": 903.65, "station": "VOLTAIRE-LEON BLUM.", "marker-color": "#818181"}}, {"type": "Feature", "geometry": {"type": "Point", "coordinates": [2.331661, 48.85881]}, "properties": {"numparc": 620, "etat de la localisation": "autre", "ID BDGEO": "2637", "horodatage": "2022-04-01 09:19:00", "distance (en metres)": 2713.72, "station": "BASTILLE-RUE SAINT-ANTOINE", "marker-color": "#818181"}}, {"type": "Feature", "geometry": {"type": "Point", "coordinates": [2.400067, 48.86504]}, "properties": {"numparc": 625, "etat de la localisation": "autre", "ID BDGEO": "3196", "horodatage": "2022-04-01 09:19:00", "distance (en metres)": 93.35, "station": "GAMBETTA-MAIRIE DU 20EME.", "marker-color": "#818181"}}, {"type": "Feature", "geometry": {"type": "Point", "coordinates": [2.31449, 48.859951]}, "properties": {"numparc": 632, "etat de la localisation": "autre", "ID BDGEO": "10829", "horodatage": "2022-04-01 09:19:28", "distance (en metres)": 4880.43, "station": "VOLTAIRE-LEON BLUM.", "marker-color": "#818181"}}, {"type": "Feature", "geometry": {"type": "Point", "coordinates": [2.348459, 48.856846]}, "properties": {"numparc": 633, "etat de la localisation": "autre", "ID BDGEO": "667", "horodatage": "2022-04-01 09:19:38", "distance (en metres)": 163.3, "station": "HOTEL DE VILLE", "marker-color": "#818181"}}, {"type": "Feature", "geometry": {"type": "Point", "coordinates": [2.344647, 48.859699]}, "properties": {"numparc": 637, "etat de la localisation": "autre", "ID BDGEO": "2637", "horodatage": "2022-04-01 09:19:43", "distance (en metres)": 1837.33, "station": "BASTILLE-RUE SAINT-ANTOINE", "marker-color": "#818181"}}, {"type": "Feature", "geometry": {"type": "Point", "coordinates": [2.327008, 48.860298]}, "properties": {"numparc": 620, "etat de la localisation": "autre", "ID BDGEO": "2637", "horodatage": "2022-04-01 09:20:18", "distance (en metres)": 3083.87, "station": "BASTILLE-RUE SAINT-ANTOINE", "marker-color": "#818181"}}, {"type": "Feature", "geometry": {"type": "Point", "coordinates": [2.36534, 48.853996]}, "properties": {"numparc": 634, "etat de la localisation": "autre", "ID BDGEO": "2637", "horodatage": "2022-04-01 09:20:44", "distance (en metres)": 196.01, "station": "BASTILLE-RUE SAINT-ANTOINE", "marker-color": "#818181"}}, {"type": "Feature", "geometry": {"type": "Point", "coordinates": [2.377571, 48.860077]}, "properties": {"numparc": 626, "etat de la localisation": "autre", "ID BDGEO": "708", "horodatage": "2022-04-01 09:21:06", "distance (en metres)": 339.95, "station": "VOLTAIRE-LEON BLUM", "marker-color": "#818181"}}, {"type": "Feature", "geometry": {"type": "Point", "coordinates": [2.362152, 48.855034]}, "properties": {"numparc": 634, "etat de la localisation": "autre", "ID BDGEO": "2637", "horodatage": "2022-04-01 09:21:36", "distance (en metres)": 456.13, "station": "BASTILLE-RUE SAINT-ANTOINE", "marker-color": "#818181"}}, {"type": "Feature", "geometry": {"type": "Point", "coordinates": [2.323736, 48.860779]}, "properties": {"numparc": 620, "etat de la localisation": "autre", "ID BDGEO": "2637", "horodatage": "2022-04-01 09:22:01", "distance (en metres)": 3328.98, "station": "BASTILLE-RUE SAINT-ANTOINE", "marker-color": "#818181"}}, {"type": "Feature", "geometry": {"type": "Point", "coordinates": [2.320092, 48.859257]}, "properties": {"numparc": 632, "etat de la localisation": "autre", "ID BDGEO": "10829", "horodatage": "2022-04-01 09:22:05", "distance (en metres)": 4467.8, "station": "VOLTAIRE-LEON BLUM.", "marker-color": "#818181"}}, {"type": "Feature", "geometry": {"type": "Point", "coordinates": [2.398885, 48.865765]}, "properties": {"numparc": 629, "etat de la localisation": "autre", "ID BDGEO": "2629", "horodatage": "2022-04-01 09:22:24", "distance (en metres)": 86.68, "station": "GAMBETTA-JAPON#", "marker-color": "#818181"}}, {"type": "Feature", "geometry": {"type": "Point", "coordinates": [2.37177, 48.854507]}, "properties": {"numparc": 628, "etat de la localisation": "autre", "ID BDGEO": "10829", "horodatage": "2022-04-01 09:22:30", "distance (en metres)": 779.49, "station": "VOLTAIRE-LEON BLUM.", "marker-color": "#818181"}}, {"type": "Feature", "geometry": {"type": "Point", "coordinates": [2.356071, 48.855911]}, "properties": {"numparc": 633, "etat de la localisation": "autre", "ID BDGEO": "666", "horodatage": "2022-04-01 09:22:38", "distance (en metres)": 107.46, "station": "RUE VIEILLE DU TEMPLE-MAIRIE DU 4e", "marker-color": "#818181"}}, {"type": "Feature", "geometry": {"type": "Point", "coordinates": [2.296242, 48.855175]}, "properties": {"numparc": 622, "etat de la localisation": "autre", "ID BDGEO": "10829", "horodatage": "2022-04-01 09:23:08", "distance (en metres)": 6217.34, "station": "VOLTAIRE-LEON BLUM.", "marker-color": "#818181"}}, {"type": "Feature", "geometry": {"type": "Point", "coordinates": [2.375426, 48.855938]}, "properties": {"numparc": 628, "etat de la localisation": "autre", "ID BDGEO": "10829", "horodatage": "2022-04-01 09:23:43", "distance (en metres)": 468.64, "station": "VOLTAIRE-LEON BLUM.", "marker-color": "#818181"}}, {"type": "Feature", "geometry": {"type": "Point", "coordinates": [2.357557, 48.856152]}, "properties": {"numparc": 634, "etat de la localisation": "autre", "ID BDGEO": "2637", "horodatage": "2022-04-01 09:23:45", "distance (en metres)": 813.78, "station": "BASTILLE-RUE SAINT-ANTOINE", "marker-color": "#818181"}}, {"type": "Feature", "geometry": {"type": "Point", "coordinates": [2.296705, 48.85511]}, "properties": {"numparc": 621, "etat de la localisation": "autre", "ID BDGEO": "667", "horodatage": "2022-04-01 09:23:53", "distance (en metres)": 3902.49, "station": "HOTEL DE VILLE", "marker-color": "#818181"}}, {"type": "Feature", "geometry": {"type": "Point", "coordinates": [2.3882, 48.86311]}, "properties": {"numparc": 625, "etat de la localisation": "autre", "ID BDGEO": "711", "horodatage": "2022-04-01 09:23:59", "distance (en metres)": 83.81, "station": "PERE LACHAISE", "marker-color": "#818181"}}, {"type": "Feature", "geometry": {"type": "Point", "coordinates": [2.371232, 48.857929]}, "properties": {"numparc": 626, "etat de la localisation": "autre", "ID BDGEO": "705", "horodatage": "2022-04-01 09:24:26", "distance (en metres)": 382.12, "station": "BREGUET-SABIN", "marker-color": "#818181"}}, {"type": "Feature", "geometry": {"type": "Point", "coordinates": [2.323424, 48.85807]}, "properties": {"numparc": 620, "etat de la localisation": "autre", "ID BDGEO": "2637", "horodatage": "2022-04-01 09:24:26", "distance (en metres)": 3289.2, "station": "BASTILLE-RUE SAINT-ANTOINE", "marker-color": "#818181"}}, {"type": "Feature", "geometry": {"type": "Point", "coordinates": [2.336048, 48.862595]}, "properties": {"numparc": 637, "etat de la localisation": "autre", "ID BDGEO": "2637", "horodatage": "2022-04-01 09:24:55", "distance (en metres)": 2542.57, "station": "BASTILLE-RUE SAINT-ANTOINE", "marker-color": "#818181"}}, {"type": "Feature", "geometry": {"type": "Point", "coordinates": [2.326566, 48.856293]}, "properties": {"numparc": 632, "etat de la localisation": "autre", "ID BDGEO": "10829", "horodatage": "2022-04-01 09:25:04", "distance (en metres)": 3995.4, "station": "VOLTAIRE-LEON BLUM.", "marker-color": "#818181"}}, {"type": "Feature", "geometry": {"type": "Point", "coordinates": [2.37831, 48.856976]}, "properties": {"numparc": 628, "etat de la localisation": "autre", "ID BDGEO": "10829", "horodatage": "2022-04-01 09:25:10", "distance (en metres)": 228.34, "station": "VOLTAIRE-LEON BLUM.", "marker-color": "#818181"}}, {"type": "Feature", "geometry": {"type": "Point", "coordinates": [2.300073, 48.857376]}, "properties": {"numparc": 621, "etat de la localisation": "autre", "ID BDGEO": "667", "horodatage": "2022-04-01 09:25:12", "distance (en metres)": 3643.52, "station": "HOTEL DE VILLE", "marker-color": "#818181"}}, {"type": "Feature", "geometry": {"type": "Point", "coordinates": [2.300073, 48.857376]}, "properties": {"numparc": 621, "etat de la localisation": "autre", "ID BDGEO": "667", "horodatage": "2022-04-01 09:25:32", "distance (en metres)": 3643.52, "station": "HOTEL DE VILLE", "marker-color": "#818181"}}, {"type": "Feature", "geometry": {"type": "Point", "coordinates": [2.385288, 48.861942]}, "properties": {"numparc": 625, "etat de la localisation": "autre", "ID BDGEO": "711", "horodatage": "2022-04-01 09:25:40", "distance (en metres)": 182.78, "station": "PERE LACHAISE", "marker-color": "#818181"}}, {"type": "Feature", "geometry": {"type": "Point", "coordinates": [2.348822, 48.858402]}, "properties": {"numparc": 634, "etat de la localisation": "autre", "ID BDGEO": "2637", "horodatage": "2022-04-01 09:25:52", "distance (en metres)": 1499.92, "station": "BASTILLE-RUE SAINT-ANTOINE", "marker-color": "#818181"}}, {"type": "Feature", "geometry": {"type": "Point", "coordinates": [2.368533, 48.857075]}, "properties": {"numparc": 626, "etat de la localisation": "autre", "ID BDGEO": "705", "horodatage": "2022-04-01 09:26:10", "distance (en metres)": 386.58, "station": "BREGUET-SABIN", "marker-color": "#818181"}}, {"type": "Feature", "geometry": {"type": "Point", "coordinates": [2.325283, 48.855682]}, "properties": {"numparc": 620, "etat de la localisation": "autre", "ID BDGEO": "2637", "horodatage": "2022-04-01 09:26:20", "distance (en metres)": 3121.32, "station": "BASTILLE-RUE SAINT-ANTOINE", "marker-color": "#818181"}}, {"type": "Feature", "geometry": {"type": "Point", "coordinates": [2.329103, 48.859028]}, "properties": {"numparc": 632, "etat de la localisation": "autre", "ID BDGEO": "10829", "horodatage": "2022-04-01 09:26:29", "distance (en metres)": 3808.1, "station": "VOLTAIRE-LEON BLUM.", "marker-color": "#818181"}}, {"type": "Feature", "geometry": {"type": "Point", "coordinates": [2.344431, 48.859791]}, "properties": {"numparc": 634, "etat de la localisation": "autre", "ID BDGEO": "2637", "horodatage": "2022-04-01 09:28:05", "distance (en metres)": 1855.85, "station": "BASTILLE-RUE SAINT-ANTOINE", "marker-color": "#818181"}}, {"type": "Feature", "geometry": {"type": "Point", "coordinates": [2.303948, 48.859001]}, "properties": {"numparc": 621, "etat de la localisation": "autre", "ID BDGEO": "667", "horodatage": "2022-04-01 09:28:20", "distance (en metres)": 3361.24, "station": "HOTEL DE VILLE", "marker-color": "#818181"}}, {"type": "Feature", "geometry": {"type": "Point", "coordinates": [2.32061, 48.856682]}, "properties": {"numparc": 620, "etat de la localisation": "autre", "ID BDGEO": "2637", "horodatage": "2022-04-01 09:28:50", "distance (en metres)": 3472.38, "station": "BASTILLE-RUE SAINT-ANTOINE", "marker-color": "#818181"}}, {"type": "Feature", "geometry": {"type": "Point", "coordinates": [2.331656, 48.85878]}, "properties": {"numparc": 637, "etat de la localisation": "autre", "ID BDGEO": "2637", "horodatage": "2022-04-01 09:29:16", "distance (en metres)": 2713.31, "station": "BASTILLE-RUE SAINT-ANTOINE", "marker-color": "#818181"}}, {"type": "Feature", "geometry": {"type": "Point", "coordinates": [2.331656, 48.85878]}, "properties": {"numparc": 637, "etat de la localisation": "autre", "ID BDGEO": "2637", "horodatage": "2022-04-01 09:29:21", "distance (en metres)": 2713.31, "station": "BASTILLE-RUE SAINT-ANTOINE", "marker-color": "#818181"}}, {"type": "Feature", "geometry": {"type": "Point", "coordinates": [2.307116, 48.859756]}, "properties": {"numparc": 621, "etat de la localisation": "autre", "ID BDGEO": "667", "horodatage": "2022-04-01 09:29:25", "distance (en metres)": 3133.74, "station": "HOTEL DE VILLE", "marker-color": "#818181"}}, {"type": "Feature", "geometry": {"type": "Point", "coordinates": [2.296772, 48.85511]}, "properties": {"numparc": 622, "etat de la localisation": "autre", "ID BDGEO": "10829", "horodatage": "2022-04-01 09:29:43", "distance (en metres)": 6178.96, "station": "VOLTAIRE-LEON BLUM.", "marker-color": "#818181"}}, {"type": "Feature", "geometry": {"type": "Point", "coordinates": [2.335652, 48.862701]}, "properties": {"numparc": 634, "etat de la localisation": "autre", "ID BDGEO": "2637", "horodatage": "2022-04-01 09:30:19", "distance (en metres)": 2573.85, "station": "BASTILLE-RUE SAINT-ANTOINE", "marker-color": "#818181"}}, {"type": "Feature", "geometry": {"type": "Point", "coordinates": [2.316941, 48.857708]}, "properties": {"numparc": 620, "etat de la localisation": "autre", "ID BDGEO": "2637", "horodatage": "2022-04-01 09:30:24", "distance (en metres)": 3752.56, "station": "BASTILLE-RUE SAINT-ANTOINE", "marker-color": "#818181"}}, {"type": "Feature", "geometry": {"type": "Point", "coordinates": [2.326955, 48.860294]}, "properties": {"numparc": 637, "etat de la localisation": "autre", "ID BDGEO": "2637", "horodatage": "2022-04-01 09:30:27", "distance (en metres)": 3087.5, "station": "BASTILLE-RUE SAINT-ANTOINE", "marker-color": "#818181"}}, {"type": "Feature", "geometry": {"type": "Point", "coordinates": [2.334017, 48.859959]}, "properties": {"numparc": 632, "etat de la localisation": "autre", "ID BDGEO": "10829", "horodatage": "2022-04-01 09:30:48", "distance (en metres)": 3454.24, "station": "VOLTAIRE-LEON BLUM.", "marker-color": "#818181"}}, {"type": "Feature", "geometry": {"type": "Point", "coordinates": [2.3717, 48.854542]}, "properties": {"numparc": 633, "etat de la localisation": "autre", "ID BDGEO": "663", "horodatage": "2022-04-01 09:30:55", "distance (en metres)": 336.4, "station": "BASTILLE-RUE SAINT-ANTOINE", "marker-color": "#818181"}}, {"type": "Feature", "geometry": {"type": "Point", "coordinates": [2.365233, 48.853966]}, "properties": {"numparc": 626, "etat de la localisation": "autre", "ID BDGEO": "2637", "horodatage": "2022-04-01 09:31:06", "distance (en metres)": 201.9, "station": "BASTILLE-RUE SAINT-ANTOINE", "marker-color": "#818181"}}, {"type": "Feature", "geometry": {"type": "Point", "coordinates": [2.310708, 48.860016]}, "properties": {"numparc": 621, "etat de la localisation": "autre", "ID BDGEO": "667", "horodatage": "2022-04-01 09:31:08", "distance (en metres)": 2873.65, "station": "HOTEL DE VILLE", "marker-color": "#818181"}}, {"type": "Feature", "geometry": {"type": "Point", "coordinates": [2.338593, 48.859154]}, "properties": {"numparc": 632, "etat de la localisation": "autre", "ID BDGEO": "10829", "horodatage": "2022-04-01 09:31:50", "distance (en metres)": 3114.93, "station": "VOLTAIRE-LEON BLUM.", "marker-color": "#818181"}}, {"type": "Feature", "geometry": {"type": "Point", "coordinates": [2.362168, 48.85503]}, "properties": {"numparc": 626, "etat de la localisation": "autre", "ID BDGEO": "2637", "horodatage": "2022-04-01 09:32:01", "distance (en metres)": 454.89, "station": "BASTILLE-RUE SAINT-ANTOINE", "marker-color": "#818181"}}, {"type": "Feature", "geometry": {"type": "Point", "coordinates": [2.387664, 48.862503]}, "properties": {"numparc": 628, "etat de la localisation": "autre", "ID BDGEO": "653", "horodatage": "2022-04-01 09:32:33", "distance (en metres)": 79.63, "station": "AUGUSTE METIVIER", "marker-color": "#818181"}}, {"type": "Feature", "geometry": {"type": "Point", "coordinates": [2.341461, 48.858696]}, "properties": {"numparc": 632, "etat de la localisation": "autre", "ID BDGEO": "10829", "horodatage": "2022-04-01 09:32:40", "distance (en metres)": 2903.3, "station": "VOLTAIRE-LEON BLUM.", "marker-color": "#818181"}}, {"type": "Feature", "geometry": {"type": "Point", "coordinates": [2.314481, 48.85994]}, "properties": {"numparc": 621, "etat de la localisation": "autre", "ID BDGEO": "667", "horodatage": "2022-04-01 09:32:47", "distance (en metres)": 2597.85, "station": "HOTEL DE VILLE", "marker-color": "#818181"}}, {"type": "Feature", "geometry": {"type": "Point", "coordinates": [2.400086, 48.86504]}, "properties": {"numparc": 636, "etat de la localisation": "autre", "ID BDGEO": "3196", "horodatage": "2022-04-01 09:33:10", "distance (en metres)": 94.34, "station": "GAMBETTA-MAIRIE DU 20EME.", "marker-color": "#818181"}}, {"type": "Feature", "geometry": {"type": "Point", "coordinates": [2.326964, 48.860317]}, "properties": {"numparc": 634, "etat de la localisation": "autre", "ID BDGEO": "2637", "horodatage": "2022-04-01 09:33:15", "distance (en metres)": 3087.52, "station": "BASTILLE-RUE SAINT-ANTOINE", "marker-color": "#818181"}}, {"type": "Feature", "geometry": {"type": "Point", "coordinates": [2.32339, 48.858135]}, "properties": {"numparc": 637, "etat de la localisation": "autre", "ID BDGEO": "2637", "horodatage": "2022-04-01 09:33:25", "distance (en metres)": 3292.84, "station": "BASTILLE-RUE SAINT-ANTOINE", "marker-color": "#818181"}}, {"type": "Feature", "geometry": {"type": "Point", "coordinates": [2.377561, 48.860123]}, "properties": {"numparc": 625, "etat de la localisation": "autre", "ID BDGEO": "708", "horodatage": "2022-04-01 09:33:30", "distance (en metres)": 344.41, "station": "VOLTAIRE-LEON BLUM", "marker-color": "#818181"}}, {"type": "Feature", "geometry": {"type": "Point", "coordinates": [2.35073, 48.857769]}, "properties": {"numparc": 626, "etat de la localisation": "autre", "ID BDGEO": "2637", "horodatage": "2022-04-01 09:34:32", "distance (en metres)": 1344.12, "station": "BASTILLE-RUE SAINT-ANTOINE", "marker-color": "#818181"}}, {"type": "Feature", "geometry": {"type": "Point", "coordinates": [2.374735, 48.859207]}, "properties": {"numparc": 625, "etat de la localisation": "autre", "ID BDGEO": "707", "horodatage": "2022-04-01 09:34:47", "distance (en metres)": 366.14, "station": "POPINCOURT", "marker-color": "#818181"}}, {"type": "Feature", "geometry": {"type": "Point", "coordinates": [2.319927, 48.859219]}, "properties": {"numparc": 621, "etat de la localisation": "autre", "ID BDGEO": "667", "horodatage": "2022-04-01 09:34:56", "distance (en metres)": 2194.64, "station": "HOTEL DE VILLE", "marker-color": "#818181"}}, {"type": "Feature", "geometry": {"type": "Point", "coordinates": [2.350329, 48.856194]}, "properties": {"numparc": 632, "etat de la localisation": "autre", "ID BDGEO": "10829", "horodatage": "2022-04-01 09:35:07", "distance (en metres)": 2260.73, "station": "VOLTAIRE-LEON BLUM.", "marker-color": "#818181"}}, {"type": "Feature", "geometry": {"type": "Point", "coordinates": [2.348831, 48.858429]}, "properties": {"numparc": 626, "etat de la localisation": "autre", "ID BDGEO": "2637", "horodatage": "2022-04-01 09:35:11", "distance (en metres)": 1500.46, "station": "BASTILLE-RUE SAINT-ANTOINE", "marker-color": "#818181"}}, {"type": "Feature", "geometry": {"type": "Point", "coordinates": [2.32537, 48.855713]}, "properties": {"numparc": 637, "etat de la localisation": "autre", "ID BDGEO": "2637", "horodatage": "2022-04-01 09:35:26", "distance (en metres)": 3115.27, "station": "BASTILLE-RUE SAINT-ANTOINE", "marker-color": "#818181"}}, {"type": "Feature", "geometry": {"type": "Point", "coordinates": [2.35039, 48.856171]}, "properties": {"numparc": 632, "etat de la localisation": "autre", "ID BDGEO": "10829", "horodatage": "2022-04-01 09:35:30", "distance (en metres)": 2256.49, "station": "VOLTAIRE-LEON BLUM.", "marker-color": "#818181"}}, {"type": "Feature", "geometry": {"type": "Point", "coordinates": [2.306172, 48.857807]}, "properties": {"numparc": 620, "etat de la localisation": "autre", "ID BDGEO": "2637", "horodatage": "2022-04-01 09:36:05", "distance (en metres)": 4536.02, "station": "BASTILLE-RUE SAINT-ANTOINE", "marker-color": "#818181"}}, {"type": "Feature", "geometry": {"type": "Point", "coordinates": [2.323696, 48.857826]}, "properties": {"numparc": 621, "etat de la localisation": "autre", "ID BDGEO": "667", "horodatage": "2022-04-01 09:36:08", "distance (en metres)": 1914.74, "station": "HOTEL DE VILLE", "marker-color": "#818181"}}, {"type": "Feature", "geometry": {"type": "Point", "coordinates": [2.325243, 48.85569]}, "properties": {"numparc": 634, "etat de la localisation": "autre", "ID BDGEO": "2637", "horodatage": "2022-04-01 09:37:03", "distance (en metres)": 3124.31, "station": "BASTILLE-RUE SAINT-ANTOINE", "marker-color": "#818181"}}, {"type": "Feature", "geometry": {"type": "Point", "coordinates": [2.326502, 48.8563]}, "properties": {"numparc": 621, "etat de la localisation": "autre", "ID BDGEO": "667", "horodatage": "2022-04-01 09:37:09", "distance (en metres)": 1719.62, "station": "HOTEL DE VILLE", "marker-color": "#818181"}}, {"type": "Feature", "geometry": {"type": "Point", "coordinates": [2.344455, 48.859806]}, "properties": {"numparc": 626, "etat de la localisation": "autre", "ID BDGEO": "2637", "horodatage": "2022-04-01 09:37:10", "distance (en metres)": 1854.89, "station": "BASTILLE-RUE SAINT-ANTOINE", "marker-color": "#818181"}}, {"type": "Feature", "geometry": {"type": "Point", "coordinates": [2.303949, 48.856998]}, "properties": {"numparc": 620, "etat de la localisation": "autre", "ID BDGEO": "2637", "horodatage": "2022-04-01 09:37:16", "distance (en metres)": 4688.93, "station": "BASTILLE-RUE SAINT-ANTOINE", "marker-color": "#818181"}}, {"type": "Feature", "geometry": {"type": "Point", "coordinates": [2.371197, 48.857948]}, "properties": {"numparc": 625, "etat de la localisation": "autre", "ID BDGEO": "705", "horodatage": "2022-04-01 09:37:26", "distance (en metres)": 384.67, "station": "BREGUET-SABIN", "marker-color": "#818181"}}, {"type": "Feature", "geometry": {"type": "Point", "coordinates": [2.388193, 48.863075]}, "properties": {"numparc": 636, "etat de la localisation": "autre", "ID BDGEO": "711", "horodatage": "2022-04-01 09:37:44", "distance (en metres)": 80.19, "station": "PERE LACHAISE", "marker-color": "#818181"}}, {"type": "Feature", "geometry": {"type": "Point", "coordinates": [2.30398, 48.859013]}, "properties": {"numparc": 622, "etat de la localisation": "autre", "ID BDGEO": "10829", "horodatage": "2022-04-01 09:37:50", "distance (en metres)": 5645.27, "station": "VOLTAIRE-LEON BLUM.", "marker-color": "#818181"}}, {"type": "Feature", "geometry": {"type": "Point", "coordinates": [2.34, 48.861275]}, "properties": {"numparc": 626, "etat de la localisation": "autre", "ID BDGEO": "2637", "horodatage": "2022-04-01 09:38:29", "distance (en metres)": 2218.82, "station": "BASTILLE-RUE SAINT-ANTOINE", "marker-color": "#818181"}}, {"type": "Feature", "geometry": {"type": "Point", "coordinates": [2.320633, 48.856674]}, "properties": {"numparc": 637, "etat de la localisation": "autre", "ID BDGEO": "2637", "horodatage": "2022-04-01 09:38:54", "distance (en metres)": 3470.63, "station": "BASTILLE-RUE SAINT-ANTOINE", "marker-color": "#818181"}}, {"type": "Feature", "geometry": {"type": "Point", "coordinates": [2.368464, 48.857044]}, "properties": {"numparc": 625, "etat de la localisation": "autre", "ID BDGEO": "705", "horodatage": "2022-04-01 09:39:03", "distance (en metres)": 387.62, "station": "BREGUET-SABIN", "marker-color": "#818181"}}, {"type": "Feature", "geometry": {"type": "Point", "coordinates": [2.389368, 48.86858]}, "properties": {"numparc": 628, "etat de la localisation": "Deviation programmee", "ID BDGEO": "2629", "horodatage": "2022-04-01 09:39:10", "distance (en metres)": 847.43, "station": "GAMBETTA-JAPON#", "marker-color": "#56FF93"}}, {"type": "Feature", "geometry": {"type": "Point", "coordinates": [2.307158, 48.859653]}, "properties": {"numparc": 622, "etat de la localisation": "autre", "ID BDGEO": "10829", "horodatage": "2022-04-01 09:39:18", "distance (en metres)": 5414.97, "station": "VOLTAIRE-LEON BLUM.", "marker-color": "#818181"}}, {"type": "Feature", "geometry": {"type": "Point", "coordinates": [2.328869, 48.859035]}, "properties": {"numparc": 621, "etat de la localisation": "autre", "ID BDGEO": "667", "horodatage": "2022-04-01 09:39:20", "distance (en metres)": 1540.6, "station": "HOTEL DE VILLE", "marker-color": "#818181"}}, {"type": "Feature", "geometry": {"type": "Point", "coordinates": [2.362196, 48.854836]}, "properties": {"numparc": 632, "etat de la localisation": "autre", "ID BDGEO": "10829", "horodatage": "2022-04-01 09:39:38", "distance (en metres)": 1425.22, "station": "VOLTAIRE-LEON BLUM.", "marker-color": "#818181"}}, {"type": "Feature", "geometry": {"type": "Point", "coordinates": [2.385329, 48.861919]}, "properties": {"numparc": 636, "etat de la localisation": "autre", "ID BDGEO": "711", "horodatage": "2022-04-01 09:39:45", "distance (en metres)": 180.72, "station": "PERE LACHAISE", "marker-color": "#818181"}}, {"type": "Feature", "geometry": {"type": "Point", "coordinates": [2.335647, 48.862663]}, "properties": {"numparc": 626, "etat de la localisation": "autre", "ID BDGEO": "2637", "horodatage": "2022-04-01 09:39:46", "distance (en metres)": 2572.46, "station": "BASTILLE-RUE SAINT-ANTOINE", "marker-color": "#818181"}}, {"type": "Feature", "geometry": {"type": "Point", "coordinates": [2.320637, 48.856678]}, "properties": {"numparc": 634, "etat de la localisation": "autre", "ID BDGEO": "2637", "horodatage": "2022-04-01 09:40:09", "distance (en metres)": 3470.38, "station": "BASTILLE-RUE SAINT-ANTOINE", "marker-color": "#818181"}}, {"type": "Feature", "geometry": {"type": "Point", "coordinates": [2.394341, 48.870003]}, "properties": {"numparc": 628, "etat de la localisation": "Deviation programmee", "ID BDGEO": "2629", "horodatage": "2022-04-01 09:40:43", "distance (en metres)": 660.42, "station": "GAMBETTA-JAPON#", "marker-color": "#56FF93"}}, {"type": "Feature", "geometry": {"type": "Point", "coordinates": [2.310707, 48.859936]}, "properties": {"numparc": 622, "etat de la localisation": "autre", "ID BDGEO": "10829", "horodatage": "2022-04-01 09:41:36", "distance (en metres)": 5156.8, "station": "VOLTAIRE-LEON BLUM.", "marker-color": "#818181"}}, {"type": "Feature", "geometry": {"type": "Point", "coordinates": [2.365548, 48.853798]}, "properties": {"numparc": 632, "etat de la localisation": "autre", "ID BDGEO": "10829", "horodatage": "2022-04-01 09:41:43", "distance (en metres)": 1226.01, "station": "VOLTAIRE-LEON BLUM.", "marker-color": "#818181"}}, {"type": "Feature", "geometry": {"type": "Point", "coordinates": [2.333985, 48.859932]}, "properties": {"numparc": 621, "etat de la localisation": "autre", "ID BDGEO": "667", "horodatage": "2022-04-01 09:42:47", "distance (en metres)": 1181.88, "station": "HOTEL DE VILLE", "marker-color": "#818181"}}, {"type": "Feature", "geometry": {"type": "Point", "coordinates": [2.368134, 48.853329]}, "properties": {"numparc": 632, "etat de la localisation": "autre", "ID BDGEO": "10829", "horodatage": "2022-04-01 09:42:47", "distance (en metres)": 1075.86, "station": "VOLTAIRE-LEON BLUM.", "marker-color": "#818181"}}, {"type": "Feature", "geometry": {"type": "Point", "coordinates": [2.365251, 48.853931]}, "properties": {"numparc": 625, "etat de la localisation": "autre", "ID BDGEO": "2637", "horodatage": "2022-04-01 09:43:07", "distance (en metres)": 199.25, "station": "BASTILLE-RUE SAINT-ANTOINE", "marker-color": "#818181"}}, {"type": "Feature", "geometry": {"type": "Point", "coordinates": [2.309623, 48.858051]}, "properties": {"numparc": 637, "etat de la localisation": "autre", "ID BDGEO": "2637", "horodatage": "2022-04-01 09:43:22", "distance (en metres)": 4288.44, "station": "BASTILLE-RUE SAINT-ANTOINE", "marker-color": "#818181"}}, {"type": "Feature", "geometry": {"type": "Point", "coordinates": [2.33853, 48.859138]}, "properties": {"numparc": 621, "etat de la localisation": "autre", "ID BDGEO": "667", "horodatage": "2022-04-01 09:43:45", "distance (en metres)": 839.25, "station": "HOTEL DE VILLE", "marker-color": "#818181"}}, {"type": "Feature", "geometry": {"type": "Point", "coordinates": [2.296177, 48.855141]}, "properties": {"numparc": 620, "etat de la localisation": "autre", "ID BDGEO": "667", "horodatage": "2022-04-01 09:44:08", "distance (en metres)": 3940.72, "station": "HOTEL DE VILLE", "marker-color": "#818181"}}, {"type": "Feature", "geometry": {"type": "Point", "coordinates": [2.306097, 48.857754]}, "properties": {"numparc": 637, "etat de la localisation": "autre", "ID BDGEO": "2637", "horodatage": "2022-04-01 09:44:24", "distance (en metres)": 4540.81, "station": "BASTILLE-RUE SAINT-ANTOINE", "marker-color": "#818181"}}, {"type": "Feature", "geometry": {"type": "Point", "coordinates": [2.319906, 48.859226]}, "properties": {"numparc": 622, "etat de la localisation": "autre", "ID BDGEO": "10829", "horodatage": "2022-04-01 09:44:25", "distance (en metres)": 4481.28, "station": "VOLTAIRE-LEON BLUM.", "marker-color": "#818181"}}, {"type": "Feature", "geometry": {"type": "Point", "coordinates": [2.341481, 48.858696]}, "properties": {"numparc": 621, "etat de la localisation": "autre", "ID BDGEO": "667", "horodatage": "2022-04-01 09:44:32", "distance (en metres)": 618.59, "station": "HOTEL DE VILLE", "marker-color": "#818181"}}, {"type": "Feature", "geometry": {"type": "Point", "coordinates": [2.39904, 48.865768]}, "properties": {"numparc": 628, "etat de la localisation": "autre", "ID BDGEO": "2629", "horodatage": "2022-04-01 09:45:11", "distance (en metres)": 78.46, "station": "GAMBETTA-JAPON#", "marker-color": "#818181"}}, {"type": "Feature", "geometry": {"type": "Point", "coordinates": [2.30389, 48.856953]}, "properties": {"numparc": 637, "etat de la localisation": "autre", "ID BDGEO": "2637", "horodatage": "2022-04-01 09:45:27", "distance (en metres)": 4692.8, "station": "BASTILLE-RUE SAINT-ANTOINE", "marker-color": "#818181"}}, {"type": "Feature", "geometry": {"type": "Point", "coordinates": [2.357453, 48.856129]}, "properties": {"numparc": 625, "etat de la localisation": "autre", "ID BDGEO": "2637", "horodatage": "2022-04-01 09:45:30", "distance (en metres)": 819.8, "station": "BASTILLE-RUE SAINT-ANTOINE", "marker-color": "#818181"}}, {"type": "Feature", "geometry": {"type": "Point", "coordinates": [2.370692, 48.853683]}, "properties": {"numparc": 632, "etat de la localisation": "autre", "ID BDGEO": "10829", "horodatage": "2022-04-01 09:45:36", "distance (en metres)": 893.6, "station": "VOLTAIRE-LEON BLUM.", "marker-color": "#818181"}}, {"type": "Feature", "geometry": {"type": "Point", "coordinates": [2.309242, 48.858074]}, "properties": {"numparc": 634, "etat de la localisation": "autre", "ID BDGEO": "2637", "horodatage": "2022-04-01 09:45:52", "distance (en metres)": 4316.42, "station": "BASTILLE-RUE SAINT-ANTOINE", "marker-color": "#818181"}}, {"type": "Feature", "geometry": {"type": "Point", "coordinates": [2.32377, 48.860706]}, "properties": {"numparc": 626, "etat de la localisation": "autre", "ID BDGEO": "2637", "horodatage": "2022-04-01 09:46:26", "distance (en metres)": 3324.56, "station": "BASTILLE-RUE SAINT-ANTOINE", "marker-color": "#818181"}}, {"type": "Feature", "geometry": {"type": "Point", "coordinates": [2.380161, 48.858292]}, "properties": {"numparc": 633, "etat de la localisation": "autre", "ID BDGEO": "657", "horodatage": "2022-04-01 09:46:27", "distance (en metres)": 82.42, "station": "VOLTAIRE-LEON BLUM", "marker-color": "#818181"}}, {"type": "Feature", "geometry": {"type": "Point", "coordinates": [2.32367, 48.857735]}, "properties": {"numparc": 622, "etat de la localisation": "autre", "ID BDGEO": "10829", "horodatage": "2022-04-01 09:46:28", "distance (en metres)": 4203.43, "station": "VOLTAIRE-LEON BLUM.", "marker-color": "#818181"}}, {"type": "Feature", "geometry": {"type": "Point", "coordinates": [2.34843, 48.85685]}, "properties": {"numparc": 621, "etat de la localisation": "autre", "ID BDGEO": "667", "horodatage": "2022-04-01 09:46:44", "distance (en metres)": 164.32, "station": "HOTEL DE VILLE", "marker-color": "#818181"}}, {"type": "Feature", "geometry": {"type": "Point", "coordinates": [2.375417, 48.855976]}, "properties": {"numparc": 632, "etat de la localisation": "autre", "ID BDGEO": "10829", "horodatage": "2022-04-01 09:47:29", "distance (en metres)": 467.31, "station": "VOLTAIRE-LEON BLUM.", "marker-color": "#818181"}}, {"type": "Feature", "geometry": {"type": "Point", "coordinates": [2.375417, 48.855976]}, "properties": {"numparc": 632, "etat de la localisation": "autre", "ID BDGEO": "10829", "horodatage": "2022-04-01 09:47:36", "distance (en metres)": 467.31, "station": "VOLTAIRE-LEON BLUM.", "marker-color": "#818181"}}, {"type": "Feature", "geometry": {"type": "Point", "coordinates": [2.30388, 48.856991]}, "properties": {"numparc": 634, "etat de la localisation": "autre", "ID BDGEO": "2637", "horodatage": "2022-04-01 09:47:47", "distance (en metres)": 4693.9, "station": "BASTILLE-RUE SAINT-ANTOINE", "marker-color": "#818181"}}, {"type": "Feature", "geometry": {"type": "Point", "coordinates": [2.400179, 48.864834]}, "properties": {"numparc": 629, "etat de la localisation": "autre", "ID BDGEO": "2629", "horodatage": "2022-04-01 09:48:23", "distance (en metres)": 56.16, "station": "GAMBETTA-JAPON#", "marker-color": "#818181"}}, {"type": "Feature", "geometry": {"type": "Point", "coordinates": [2.323421, 48.858086]}, "properties": {"numparc": 626, "etat de la localisation": "autre", "ID BDGEO": "2637", "horodatage": "2022-04-01 09:48:27", "distance (en metres)": 3289.7, "station": "BASTILLE-RUE SAINT-ANTOINE", "marker-color": "#818181"}}, {"type": "Feature", "geometry": {"type": "Point", "coordinates": [2.301951, 48.856529]}, "properties": {"numparc": 634, "etat de la localisation": "autre", "ID BDGEO": "2637", "horodatage": "2022-04-01 09:48:42", "distance (en metres)": 4830.42, "station": "BASTILLE-RUE SAINT-ANTOINE", "marker-color": "#818181"}}, {"type": "Feature", "geometry": {"type": "Point", "coordinates": [2.296353, 48.855225]}, "properties": {"numparc": 637, "etat de la localisation": "autre", "ID BDGEO": "10829", "horodatage": "2022-04-01 09:48:51", "distance (en metres)": 6208.95, "station": "VOLTAIRE-LEON BLUM.", "marker-color": "#818181"}}, {"type": "Feature", "geometry": {"type": "Point", "coordinates": [2.32647, 48.856258]}, "properties": {"numparc": 622, "etat de la localisation": "autre", "ID BDGEO": "10829", "horodatage": "2022-04-01 09:49:02", "distance (en metres)": 4002.6, "station": "VOLTAIRE-LEON BLUM.", "marker-color": "#818181"}}, {"type": "Feature", "geometry": {"type": "Point", "coordinates": [2.377768, 48.860153]}, "properties": {"numparc": 636, "etat de la localisation": "autre", "ID BDGEO": "708", "horodatage": "2022-04-01 09:49:28", "distance (en metres)": 338.05, "station": "VOLTAIRE-LEON BLUM", "marker-color": "#818181"}}, {"type": "Feature", "geometry": {"type": "Point", "coordinates": [2.325296, 48.855682]}, "properties": {"numparc": 626, "etat de la localisation": "autre", "ID BDGEO": "2637", "horodatage": "2022-04-01 09:49:31", "distance (en metres)": 3120.38, "station": "BASTILLE-RUE SAINT-ANTOINE", "marker-color": "#818181"}}, {"type": "Feature", "geometry": {"type": "Point", "coordinates": [2.299498, 48.857414]}, "properties": {"numparc": 634, "etat de la localisation": "autre", "ID BDGEO": "2637", "horodatage": "2022-04-01 09:49:58", "distance (en metres)": 5017.4, "station": "BASTILLE-RUE SAINT-ANTOINE", "marker-color": "#818181"}}, {"type": "Feature", "geometry": {"type": "Point", "coordinates": [2.296629, 48.855453]}, "properties": {"numparc": 634, "etat de la localisation": "autre", "ID BDGEO": "667", "horodatage": "2022-04-01 09:51:05", "distance (en metres)": 3905.08, "station": "HOTEL DE VILLE", "marker-color": "#818181"}}, {"type": "Feature", "geometry": {"type": "Point", "coordinates": [2.397784, 48.864925]}, "properties": {"numparc": 629, "etat de la localisation": "autre", "ID BDGEO": "2629", "horodatage": "2022-04-01 09:51:18", "distance (en metres)": 153.15, "station": "GAMBETTA-JAPON#", "marker-color": "#818181"}}, {"type": "Feature", "geometry": {"type": "Point", "coordinates": [2.37474, 48.859097]}, "properties": {"numparc": 636, "etat de la localisation": "autre", "ID BDGEO": "707", "horodatage": "2022-04-01 09:51:35", "distance (en metres)": 357.45, "station": "POPINCOURT", "marker-color": "#818181"}}, {"type": "Feature", "geometry": {"type": "Point", "coordinates": [2.378317, 48.856953]}, "properties": {"numparc": 632, "etat de la localisation": "autre", "ID BDGEO": "10829", "horodatage": "2022-04-01 09:52:02", "distance (en metres)": 228.98, "station": "VOLTAIRE-LEON BLUM.", "marker-color": "#818181"}}, {"type": "Feature", "geometry": {"type": "Point", "coordinates": [2.340158, 48.86124]}, "properties": {"numparc": 625, "etat de la localisation": "autre", "ID BDGEO": "2637", "horodatage": "2022-04-01 09:52:15", "distance (en metres)": 2206.7, "station": "BASTILLE-RUE SAINT-ANTOINE", "marker-color": "#818181"}}, {"type": "Feature", "geometry": {"type": "Point", "coordinates": [2.394944, 48.864746]}, "properties": {"numparc": 629, "etat de la localisation": "autre", "ID BDGEO": "2629", "horodatage": "2022-04-01 09:52:16", "distance (en metres)": 360.69, "station": "GAMBETTA-JAPON#", "marker-color": "#818181"}}, {"type": "Feature", "geometry": {"type": "Point", "coordinates": [2.371234, 48.857906]}, "properties": {"numparc": 636, "etat de la localisation": "autre", "ID BDGEO": "705", "horodatage": "2022-04-01 09:53:28", "distance (en metres)": 379.59, "station": "BREGUET-SABIN", "marker-color": "#818181"}}, {"type": "Feature", "geometry": {"type": "Point", "coordinates": [2.38827, 48.863064]}, "properties": {"numparc": 629, "etat de la localisation": "autre", "ID BDGEO": "2629", "horodatage": "2022-04-01 09:54:01", "distance (en metres)": 879.17, "station": "GAMBETTA-JAPON#", "marker-color": "#818181"}}, {"type": "Feature", "geometry": {"type": "Point", "coordinates": [2.328771, 48.858959]}, "properties": {"numparc": 622, "etat de la localisation": "autre", "ID BDGEO": "10829", "horodatage": "2022-04-01 09:54:26", "distance (en metres)": 3832.12, "station": "VOLTAIRE-LEON BLUM.", "marker-color": "#818181"}}, {"type": "Feature", "geometry": {"type": "Point", "coordinates": [2.335668, 48.862652]}, "properties": {"numparc": 625, "etat de la localisation": "autre", "ID BDGEO": "2637", "horodatage": "2022-04-01 09:54:38", "distance (en metres)": 2570.55, "station": "BASTILLE-RUE SAINT-ANTOINE", "marker-color": "#818181"}}, {"type": "Feature", "geometry": {"type": "Point", "coordinates": [2.368557, 48.857033]}, "properties": {"numparc": 636, "etat de la localisation": "autre", "ID BDGEO": "705", "horodatage": "2022-04-01 09:55:17", "distance (en metres)": 381.99, "station": "BREGUET-SABIN", "marker-color": "#818181"}}, {"type": "Feature", "geometry": {"type": "Point", "coordinates": [2.296177, 48.855141]}, "properties": {"numparc": 620, "etat de la localisation": "autre", "ID BDGEO": "667", "horodatage": "2022-04-01 09:55:24", "distance (en metres)": 3940.72, "station": "HOTEL DE VILLE", "marker-color": "#818181"}}, {"type": "Feature", "geometry": {"type": "Point", "coordinates": [2.385245, 48.861973]}, "properties": {"numparc": 629, "etat de la localisation": "autre", "ID BDGEO": "2629", "horodatage": "2022-04-01 09:55:46", "distance (en metres)": 1126.88, "station": "GAMBETTA-JAPON#", "marker-color": "#818181"}}, {"type": "Feature", "geometry": {"type": "Point", "coordinates": [2.33368, 48.860886]}, "properties": {"numparc": 625, "etat de la localisation": "autre", "ID BDGEO": "2637", "horodatage": "2022-04-01 09:56:40", "distance (en metres)": 2634.77, "station": "BASTILLE-RUE SAINT-ANTOINE", "marker-color": "#818181"}}, {"type": "Feature", "geometry": {"type": "Point", "coordinates": [2.384813, 48.858795]}, "properties": {"numparc": 629, "etat de la localisation": "autre", "ID BDGEO": "2629", "horodatage": "2022-04-01 09:57:14", "distance (en metres)": 1312.51, "station": "GAMBETTA-JAPON#", "marker-color": "#818181"}}, {"type": "Feature", "geometry": {"type": "Point", "coordinates": [2.296527, 48.855152]}, "properties": {"numparc": 637, "etat de la localisation": "autre", "ID BDGEO": "10829", "horodatage": "2022-04-01 09:57:41", "distance (en metres)": 6196.64, "station": "VOLTAIRE-LEON BLUM.", "marker-color": "#818181"}}, {"type": "Feature", "geometry": {"type": "Point", "coordinates": [2.306074, 48.857777]}, "properties": {"numparc": 626, "etat de la localisation": "autre", "ID BDGEO": "2637", "horodatage": "2022-04-01 09:57:44", "distance (en metres)": 4542.78, "station": "BASTILLE-RUE SAINT-ANTOINE", "marker-color": "#818181"}}, {"type": "Feature", "geometry": {"type": "Point", "coordinates": [2.331647, 48.85878]}, "properties": {"numparc": 625, "etat de la localisation": "autre", "ID BDGEO": "2637", "horodatage": "2022-04-01 09:57:51", "distance (en metres)": 2713.96, "station": "BASTILLE-RUE SAINT-ANTOINE", "marker-color": "#818181"}}, {"type": "Feature", "geometry": {"type": "Point", "coordinates": [2.388978, 48.860283]}, "properties": {"numparc": 632, "etat de la localisation": "autre", "ID BDGEO": "655", "horodatage": "2022-04-01 09:58:12", "distance (en metres)": 190.24, "station": "ROQUETTE-PERE LACHAISE", "marker-color": "#818181"}}, {"type": "Feature", "geometry": {"type": "Point", "coordinates": [2.331068, 48.860573]}, "properties": {"numparc": 622, "etat de la localisation": "autre", "ID BDGEO": "10829", "horodatage": "2022-04-01 09:58:26", "distance (en metres)": 3674.47, "station": "VOLTAIRE-LEON BLUM.", "marker-color": "#818181"}}, {"type": "Feature", "geometry": {"type": "Point", "coordinates": [2.380745, 48.857857]}, "properties": {"numparc": 629, "etat de la localisation": "autre", "ID BDGEO": "2629", "horodatage": "2022-04-01 09:58:29", "distance (en metres)": 1620.33, "station": "GAMBETTA-JAPON#", "marker-color": "#818181"}}, {"type": "Feature", "geometry": {"type": "Point", "coordinates": [2.334029, 48.859917]}, "properties": {"numparc": 622, "etat de la localisation": "autre", "ID BDGEO": "10829", "horodatage": "2022-04-01 09:59:16", "distance (en metres)": 3453.06, "station": "VOLTAIRE-LEON BLUM.", "marker-color": "#818181"}}, {"type": "Feature", "geometry": {"type": "Point", "coordinates": [2.387832, 48.862473]}, "properties": {"numparc": 632, "etat de la localisation": "autre", "ID BDGEO": "653", "horodatage": "2022-04-01 09:59:17", "distance (en metres)": 77.17, "station": "AUGUSTE METIVIER", "marker-color": "#818181"}}, {"type": "Feature", "geometry": {"type": "Point", "coordinates": [2.365246, 48.853848]}, "properties": {"numparc": 636, "etat de la localisation": "autre", "ID BDGEO": "2637", "horodatage": "2022-04-01 09:59:36", "distance (en metres)": 196.41, "station": "BASTILLE-RUE SAINT-ANTOINE", "marker-color": "#818181"}}, {"type": "Feature", "geometry": {"type": "Point", "coordinates": [2.387727, 48.862671]}, "properties": {"numparc": 632, "etat de la localisation": "Deviation programmee", "ID BDGEO": "2629", "horodatage": "2022-04-01 09:59:56", "distance (en metres)": 930.04, "station": "GAMBETTA-JAPON#", "marker-color": "#56FF93"}}, {"type": "Feature", "geometry": {"type": "Point", "coordinates": [2.296527, 48.855152]}, "properties": {"numparc": 637, "etat de la localisation": "autre", "ID BDGEO": "10829", "horodatage": "2022-04-01 10:00:06", "distance (en metres)": 6196.64, "station": "VOLTAIRE-LEON BLUM.", "marker-color": "#818181"}}, {"type": "Feature", "geometry": {"type": "Point", "coordinates": [2.34143, 48.85865]}, "properties": {"numparc": 622, "etat de la localisation": "autre", "ID BDGEO": "10829", "horodatage": "2022-04-01 10:00:56", "distance (en metres)": 2905.41, "station": "VOLTAIRE-LEON BLUM.", "marker-color": "#818181"}}, {"type": "Feature", "geometry": {"type": "Point", "coordinates": [2.299974, 48.857323]}, "properties": {"numparc": 637, "etat de la localisation": "autre", "ID BDGEO": "10829", "horodatage": "2022-04-01 10:01:32", "distance (en metres)": 5937.3, "station": "VOLTAIRE-LEON BLUM.", "marker-color": "#818181"}}, {"type": "Feature", "geometry": {"type": "Point", "coordinates": [2.296652, 48.855469]}, "properties": {"numparc": 626, "etat de la localisation": "autre", "ID BDGEO": "10829", "horodatage": "2022-04-01 10:01:36", "distance (en metres)": 6185.86, "station": "VOLTAIRE-LEON BLUM.", "marker-color": "#818181"}}, {"type": "Feature", "geometry": {"type": "Point", "coordinates": [2.36206, 48.854969]}, "properties": {"numparc": 636, "etat de la localisation": "autre", "ID BDGEO": "2637", "horodatage": "2022-04-01 10:01:58", "distance (en metres)": 459.23, "station": "BASTILLE-RUE SAINT-ANTOINE", "marker-color": "#818181"}}, {"type": "Feature", "geometry": {"type": "Point", "coordinates": [2.296177, 48.855141]}, "properties": {"numparc": 620, "etat de la localisation": "autre", "ID BDGEO": "667", "horodatage": "2022-04-01 10:02:33", "distance (en metres)": 3940.72, "station": "HOTEL DE VILLE", "marker-color": "#818181"}}, {"type": "Feature", "geometry": {"type": "Point", "coordinates": [2.296652, 48.855469]}, "properties": {"numparc": 626, "etat de la localisation": "autre", "ID BDGEO": "10829", "horodatage": "2022-04-01 10:02:45", "distance (en metres)": 6185.86, "station": "VOLTAIRE-LEON BLUM.", "marker-color": "#818181"}}, {"type": "Feature", "geometry": {"type": "Point", "coordinates": [2.374767, 48.859169]}, "properties": {"numparc": 629, "etat de la localisation": "autre", "ID BDGEO": "2629", "horodatage": "2022-04-01 10:02:52", "distance (en metres)": 1953.67, "station": "GAMBETTA-JAPON#", "marker-color": "#818181"}}, {"type": "Feature", "geometry": {"type": "Point", "coordinates": [2.325302, 48.855682]}, "properties": {"numparc": 625, "etat de la localisation": "autre", "ID BDGEO": "2637", "horodatage": "2022-04-01 10:03:04", "distance (en metres)": 3119.94, "station": "BASTILLE-RUE SAINT-ANTOINE", "marker-color": "#818181"}}, {"type": "Feature", "geometry": {"type": "Point", "coordinates": [2.357488, 48.856091]}, "properties": {"numparc": 636, "etat de la localisation": "autre", "ID BDGEO": "2637", "horodatage": "2022-04-01 10:03:50", "distance (en metres)": 815.82, "station": "BASTILLE-RUE SAINT-ANTOINE", "marker-color": "#818181"}}, {"type": "Feature", "geometry": {"type": "Point", "coordinates": [2.303953, 48.858921]}, "properties": {"numparc": 637, "etat de la localisation": "autre", "ID BDGEO": "10829", "horodatage": "2022-04-01 10:04:15", "distance (en metres)": 5647.04, "station": "VOLTAIRE-LEON BLUM.", "marker-color": "#818181"}}, {"type": "Feature", "geometry": {"type": "Point", "coordinates": [2.348474, 48.856812]}, "properties": {"numparc": 622, "etat de la localisation": "autre", "ID BDGEO": "10829", "horodatage": "2022-04-01 10:04:19", "distance (en metres)": 2391.65, "station": "VOLTAIRE-LEON BLUM.", "marker-color": "#818181"}}, {"type": "Feature", "geometry": {"type": "Point", "coordinates": [2.296177, 48.855141]}, "properties": {"numparc": 620, "etat de la localisation": "autre", "ID BDGEO": "667", "horodatage": "2022-04-01 10:04:50", "distance (en metres)": 3940.72, "station": "HOTEL DE VILLE", "marker-color": "#818181"}}, {"type": "Feature", "geometry": {"type": "Point", "coordinates": [2.320644, 48.856667]}, "properties": {"numparc": 625, "etat de la localisation": "autre", "ID BDGEO": "2637", "horodatage": "2022-04-01 10:04:58", "distance (en metres)": 3469.74, "station": "BASTILLE-RUE SAINT-ANTOINE", "marker-color": "#818181"}}, {"type": "Feature", "geometry": {"type": "Point", "coordinates": [2.350307, 48.856171]}, "properties": {"numparc": 622, "etat de la localisation": "autre", "ID BDGEO": "10829", "horodatage": "2022-04-01 10:05:12", "distance (en metres)": 2262.54, "station": "VOLTAIRE-LEON BLUM.", "marker-color": "#818181"}}, {"type": "Feature", "geometry": {"type": "Point", "coordinates": [2.307145, 48.859612]}, "properties": {"numparc": 637, "etat de la localisation": "autre", "ID BDGEO": "10829", "horodatage": "2022-04-01 10:05:31", "distance (en metres)": 5415.74, "station": "VOLTAIRE-LEON BLUM.", "marker-color": "#818181"}}, {"type": "Feature", "geometry": {"type": "Point", "coordinates": [2.350574, 48.857792]}, "properties": {"numparc": 636, "etat de la localisation": "autre", "ID BDGEO": "2637", "horodatage": "2022-04-01 10:05:34", "distance (en metres)": 1355.66, "station": "BASTILLE-RUE SAINT-ANTOINE", "marker-color": "#818181"}}, {"type": "Feature", "geometry": {"type": "Point", "coordinates": [2.371211, 48.857864]}, "properties": {"numparc": 629, "etat de la localisation": "autre", "ID BDGEO": "2629", "horodatage": "2022-04-01 10:06:21", "distance (en metres)": 2248.49, "station": "GAMBETTA-JAPON#", "marker-color": "#818181"}}, {"type": "Feature", "geometry": {"type": "Point", "coordinates": [2.348762, 48.858387]}, "properties": {"numparc": 636, "etat de la localisation": "autre", "ID BDGEO": "2637", "horodatage": "2022-04-01 10:06:43", "distance (en metres)": 1503.35, "station": "BASTILLE-RUE SAINT-ANTOINE", "marker-color": "#818181"}}, {"type": "Feature", "geometry": {"type": "Point", "coordinates": [2.296709, 48.855103]}, "properties": {"numparc": 620, "etat de la localisation": "autre", "ID BDGEO": "667", "horodatage": "2022-04-01 10:06:58", "distance (en metres)": 3902.26, "station": "HOTEL DE VILLE", "marker-color": "#818181"}}, {"type": "Feature", "geometry": {"type": "Point", "coordinates": [2.31698, 48.857693]}, "properties": {"numparc": 625, "etat de la localisation": "autre", "ID BDGEO": "2637", "horodatage": "2022-04-01 10:07:09", "distance (en metres)": 3749.51, "station": "BASTILLE-RUE SAINT-ANTOINE", "marker-color": "#818181"}}, {"type": "Feature", "geometry": {"type": "Point", "coordinates": [2.310719, 48.859901]}, "properties": {"numparc": 637, "etat de la localisation": "autre", "ID BDGEO": "10829", "horodatage": "2022-04-01 10:07:12", "distance (en metres)": 5155.76, "station": "VOLTAIRE-LEON BLUM.", "marker-color": "#818181"}}, {"type": "Feature", "geometry": {"type": "Point", "coordinates": [2.356017, 48.855877]}, "properties": {"numparc": 622, "etat de la localisation": "autre", "ID BDGEO": "10829", "horodatage": "2022-04-01 10:07:27", "distance (en metres)": 1850.17, "station": "VOLTAIRE-LEON BLUM.", "marker-color": "#818181"}}, {"type": "Feature", "geometry": {"type": "Point", "coordinates": [2.296709, 48.855103]}, "properties": {"numparc": 620, "etat de la localisation": "autre", "ID BDGEO": "667", "horodatage": "2022-04-01 10:08:17", "distance (en metres)": 3902.26, "station": "HOTEL DE VILLE", "marker-color": "#818181"}}, {"type": "Feature", "geometry": {"type": "Point", "coordinates": [2.367829, 48.853401]}, "properties": {"numparc": 629, "etat de la localisation": "autre", "ID BDGEO": "2629", "horodatage": "2022-04-01 10:08:53", "distance (en metres)": 2686.43, "station": "GAMBETTA-JAPON#", "marker-color": "#818181"}}, {"type": "Feature", "geometry": {"type": "Point", "coordinates": [2.35812, 48.855503]}, "properties": {"numparc": 622, "etat de la localisation": "autre", "ID BDGEO": "10829", "horodatage": "2022-04-01 10:08:58", "distance (en metres)": 1703.43, "station": "VOLTAIRE-LEON BLUM.", "marker-color": "#818181"}}, {"type": "Feature", "geometry": {"type": "Point", "coordinates": [2.362176, 48.854794]}, "properties": {"numparc": 622, "etat de la localisation": "autre", "ID BDGEO": "10829", "horodatage": "2022-04-01 10:10:49", "distance (en metres)": 1427.75, "station": "VOLTAIRE-LEON BLUM.", "marker-color": "#818181"}}, {"type": "Feature", "geometry": {"type": "Point", "coordinates": [2.362286, 48.854939]}, "properties": {"numparc": 629, "etat de la localisation": "autre", "ID BDGEO": "2629", "horodatage": "2022-04-01 10:11:07", "distance (en metres)": 2975.94, "station": "GAMBETTA-JAPON#", "marker-color": "#818181"}}, {"type": "Feature", "geometry": {"type": "Point", "coordinates": [2.299998, 48.857311]}, "properties": {"numparc": 620, "etat de la localisation": "autre", "ID BDGEO": "667", "horodatage": "2022-04-01 10:11:19", "distance (en metres)": 3649.14, "station": "HOTEL DE VILLE", "marker-color": "#818181"}}, {"type": "Feature", "geometry": {"type": "Point", "coordinates": [2.340105, 48.861172]}, "properties": {"numparc": 636, "etat de la localisation": "autre", "ID BDGEO": "2637", "horodatage": "2022-04-01 10:11:29", "distance (en metres)": 2207.2, "station": "BASTILLE-RUE SAINT-ANTOINE", "marker-color": "#818181"}}, {"type": "Feature", "geometry": {"type": "Point", "coordinates": [2.323665, 48.857685]}, "properties": {"numparc": 637, "etat de la localisation": "autre", "ID BDGEO": "10829", "horodatage": "2022-04-01 10:11:35", "distance (en metres)": 4203.83, "station": "VOLTAIRE-LEON BLUM.", "marker-color": "#818181"}}, {"type": "Feature", "geometry": {"type": "Point", "coordinates": [2.296652, 48.855469]}, "properties": {"numparc": 626, "etat de la localisation": "autre", "ID BDGEO": "10829", "horodatage": "2022-04-01 10:11:43", "distance (en metres)": 6185.86, "station": "VOLTAIRE-LEON BLUM.", "marker-color": "#818181"}}, {"type": "Feature", "geometry": {"type": "Point", "coordinates": [2.303899, 48.856964]}, "properties": {"numparc": 625, "etat de la localisation": "autre", "ID BDGEO": "2637", "horodatage": "2022-04-01 10:11:49", "distance (en metres)": 4692.25, "station": "BASTILLE-RUE SAINT-ANTOINE", "marker-color": "#818181"}}, {"type": "Feature", "geometry": {"type": "Point", "coordinates": [2.397609, 48.865036]}, "properties": {"numparc": 628, "etat de la localisation": "autre", "ID BDGEO": "2629", "horodatage": "2022-04-01 10:11:57", "distance (en metres)": 163.1, "station": "GAMBETTA-JAPON#", "marker-color": "#818181"}}, {"type": "Feature", "geometry": {"type": "Point", "coordinates": [2.36553, 48.85376]}, "properties": {"numparc": 622, "etat de la localisation": "autre", "ID BDGEO": "10829", "horodatage": "2022-04-01 10:12:42", "distance (en metres)": 1228.79, "station": "VOLTAIRE-LEON BLUM.", "marker-color": "#818181"}}, {"type": "Feature", "geometry": {"type": "Point", "coordinates": [2.394815, 48.864777]}, "properties": {"numparc": 628, "etat de la localisation": "autre", "ID BDGEO": "2629", "horodatage": "2022-04-01 10:12:50", "distance (en metres)": 369.48, "station": "GAMBETTA-JAPON#", "marker-color": "#818181"}}, {"type": "Feature", "geometry": {"type": "Point", "coordinates": [2.357686, 48.856049]}, "properties": {"numparc": 629, "etat de la localisation": "autre", "ID BDGEO": "2629", "horodatage": "2022-04-01 10:13:11", "distance (en metres)": 3247.8, "station": "GAMBETTA-JAPON#", "marker-color": "#818181"}}, {"type": "Feature", "geometry": {"type": "Point", "coordinates": [2.399276, 48.865623]}, "properties": {"numparc": 632, "etat de la localisation": "autre", "ID BDGEO": "2629", "horodatage": "2022-04-01 10:13:15", "distance (en metres)": 54.85, "station": "GAMBETTA-JAPON#", "marker-color": "#818181"}}, {"type": "Feature", "geometry": {"type": "Point", "coordinates": [2.326505, 48.856224]}, "properties": {"numparc": 637, "etat de la localisation": "autre", "ID BDGEO": "10829", "horodatage": "2022-04-01 10:13:42", "distance (en metres)": 4000.21, "station": "VOLTAIRE-LEON BLUM.", "marker-color": "#818181"}}, {"type": "Feature", "geometry": {"type": "Point", "coordinates": [2.392695, 48.864201]}, "properties": {"numparc": 628, "etat de la localisation": "autre", "ID BDGEO": "2629", "horodatage": "2022-04-01 10:14:02", "distance (en metres)": 533.92, "station": "GAMBETTA-JAPON#", "marker-color": "#818181"}}, {"type": "Feature", "geometry": {"type": "Point", "coordinates": [2.36813, 48.853306]}, "properties": {"numparc": 622, "etat de la localisation": "autre", "ID BDGEO": "10829", "horodatage": "2022-04-01 10:14:30", "distance (en metres)": 1077.32, "station": "VOLTAIRE-LEON BLUM.", "marker-color": "#818181"}}, {"type": "Feature", "geometry": {"type": "Point", "coordinates": [2.335665, 48.862625]}, "properties": {"numparc": 636, "etat de la localisation": "autre", "ID BDGEO": "2637", "horodatage": "2022-04-01 10:14:36", "distance (en metres)": 2569.55, "station": "BASTILLE-RUE SAINT-ANTOINE", "marker-color": "#818181"}}, {"type": "Feature", "geometry": {"type": "Point", "coordinates": [2.303967, 48.85894]}, "properties": {"numparc": 620, "etat de la localisation": "autre", "ID BDGEO": "667", "horodatage": "2022-04-01 10:14:55", "distance (en metres)": 3359.63, "station": "HOTEL DE VILLE", "marker-color": "#818181"}}, {"type": "Feature", "geometry": {"type": "Point", "coordinates": [2.296326, 48.855221]}, "properties": {"numparc": 625, "etat de la localisation": "autre", "ID BDGEO": "667", "horodatage": "2022-04-01 10:15:28", "distance (en metres)": 3929.14, "station": "HOTEL DE VILLE", "marker-color": "#818181"}}, {"type": "Feature", "geometry": {"type": "Point", "coordinates": [2.307165, 48.859627]}, "properties": {"numparc": 620, "etat de la localisation": "autre", "ID BDGEO": "667", "horodatage": "2022-04-01 10:16:39", "distance (en metres)": 3129.31, "station": "HOTEL DE VILLE", "marker-color": "#818181"}}, {"type": "Feature", "geometry": {"type": "Point", "coordinates": [2.328773, 48.859066]}, "properties": {"numparc": 637, "etat de la localisation": "autre", "ID BDGEO": "10829", "horodatage": "2022-04-01 10:16:41", "distance (en metres)": 3832.37, "station": "VOLTAIRE-LEON BLUM.", "marker-color": "#818181"}}, {"type": "Feature", "geometry": {"type": "Point", "coordinates": [2.350508, 48.857475]}, "properties": {"numparc": 629, "etat de la localisation": "autre", "ID BDGEO": "2629", "horodatage": "2022-04-01 10:17:19", "distance (en metres)": 3709.36, "station": "GAMBETTA-JAPON#", "marker-color": "#818181"}}, {"type": "Feature", "geometry": {"type": "Point", "coordinates": [2.388167, 48.86311]}, "properties": {"numparc": 628, "etat de la localisation": "autre", "ID BDGEO": "2629", "horodatage": "2022-04-01 10:17:30", "distance (en metres)": 885.01, "station": "GAMBETTA-JAPON#", "marker-color": "#818181"}}, {"type": "Feature", "geometry": {"type": "Point", "coordinates": [2.370768, 48.853607]}, "properties": {"numparc": 622, "etat de la localisation": "autre", "ID BDGEO": "10829", "horodatage": "2022-04-01 10:17:31", "distance (en metres)": 893.31, "station": "VOLTAIRE-LEON BLUM.", "marker-color": "#818181"}}, {"type": "Feature", "geometry": {"type": "Point", "coordinates": [2.310732, 48.859921]}, "properties": {"numparc": 620, "etat de la localisation": "autre", "ID BDGEO": "667", "horodatage": "2022-04-01 10:17:55", "distance (en metres)": 2871.09, "station": "HOTEL DE VILLE", "marker-color": "#818181"}}, {"type": "Feature", "geometry": {"type": "Point", "coordinates": [2.331682, 48.858772]}, "properties": {"numparc": 636, "etat de la localisation": "autre", "ID BDGEO": "2637", "horodatage": "2022-04-01 10:18:49", "distance (en metres)": 2711.27, "station": "BASTILLE-RUE SAINT-ANTOINE", "marker-color": "#818181"}}, {"type": "Feature", "geometry": {"type": "Point", "coordinates": [2.385318, 48.86195]}, "properties": {"numparc": 628, "etat de la localisation": "autre", "ID BDGEO": "2629", "horodatage": "2022-04-01 10:19:22", "distance (en metres)": 1122.66, "station": "GAMBETTA-JAPON#", "marker-color": "#818181"}}, {"type": "Feature", "geometry": {"type": "Point", "coordinates": [2.296722, 48.85503]}, "properties": {"numparc": 626, "etat de la localisation": "autre", "ID BDGEO": "10829", "horodatage": "2022-04-01 10:19:53", "distance (en metres)": 6183.07, "station": "VOLTAIRE-LEON BLUM.", "marker-color": "#818181"}}, {"type": "Feature", "geometry": {"type": "Point", "coordinates": [2.330993, 48.860565]}, "properties": {"numparc": 637, "etat de la localisation": "autre", "ID BDGEO": "10829", "horodatage": "2022-04-01 10:19:55", "distance (en metres)": 3679.87, "station": "VOLTAIRE-LEON BLUM.", "marker-color": "#818181"}}, {"type": "Feature", "geometry": {"type": "Point", "coordinates": [2.375409, 48.855957]}, "properties": {"numparc": 622, "etat de la localisation": "autre", "ID BDGEO": "10829", "horodatage": "2022-04-01 10:20:01", "distance (en metres)": 468.8, "station": "VOLTAIRE-LEON BLUM.", "marker-color": "#818181"}}, {"type": "Feature", "geometry": {"type": "Point", "coordinates": [2.386494, 48.859966]}, "properties": {"numparc": 628, "etat de la localisation": "autre", "ID BDGEO": "2629", "horodatage": "2022-04-01 10:20:20", "distance (en metres)": 1138.98, "station": "GAMBETTA-JAPON#", "marker-color": "#818181"}}, {"type": "Feature", "geometry": {"type": "Point", "coordinates": [2.333921, 48.859886]}, "properties": {"numparc": 637, "etat de la localisation": "autre", "ID BDGEO": "10829", "horodatage": "2022-04-01 10:20:49", "distance (en metres)": 3460.72, "station": "VOLTAIRE-LEON BLUM.", "marker-color": "#818181"}}, {"type": "Feature", "geometry": {"type": "Point", "coordinates": [2.378333, 48.856964]}, "properties": {"numparc": 622, "etat de la localisation": "autre", "ID BDGEO": "10829", "horodatage": "2022-04-01 10:21:11", "distance (en metres)": 227.37, "station": "VOLTAIRE-LEON BLUM.", "marker-color": "#818181"}}, {"type": "Feature", "geometry": {"type": "Point", "coordinates": [2.300047, 48.857376]}, "properties": {"numparc": 626, "etat de la localisation": "autre", "ID BDGEO": "10829", "horodatage": "2022-04-01 10:21:17", "distance (en metres)": 5931.9, "station": "VOLTAIRE-LEON BLUM.", "marker-color": "#818181"}}, {"type": "Feature", "geometry": {"type": "Point", "coordinates": [2.384773, 48.85894]}, "properties": {"numparc": 628, "etat de la localisation": "autre", "ID BDGEO": "2629", "horodatage": "2022-04-01 10:21:18", "distance (en metres)": 1306.2, "station": "GAMBETTA-JAPON#", "marker-color": "#818181"}}, {"type": "Feature", "geometry": {"type": "Point", "coordinates": [2.325279, 48.855648]}, "properties": {"numparc": 633, "etat de la localisation": "autre", "ID BDGEO": "3192", "horodatage": "2022-04-01 10:21:56", "distance (en metres)": 305.95, "station": "SOLFERINO-BELLECHASSE.", "marker-color": "#818181"}}, {"type": "Feature", "geometry": {"type": "Point", "coordinates": [2.323642, 48.857746]}, "properties": {"numparc": 620, "etat de la localisation": "autre", "ID BDGEO": "667", "horodatage": "2022-04-01 10:21:59", "distance (en metres)": 1918.78, "station": "HOTEL DE VILLE", "marker-color": "#818181"}}, {"type": "Feature", "geometry": {"type": "Point", "coordinates": [2.380735, 48.857929]}, "properties": {"numparc": 628, "etat de la localisation": "autre", "ID BDGEO": "2629", "horodatage": "2022-04-01 10:22:50", "distance (en metres)": 1616.87, "station": "GAMBETTA-JAPON#", "marker-color": "#818181"}}, {"type": "Feature", "geometry": {"type": "Point", "coordinates": [2.341448, 48.858627]}, "properties": {"numparc": 637, "etat de la localisation": "autre", "ID BDGEO": "10829", "horodatage": "2022-04-01 10:22:56", "distance (en metres)": 2904.01, "station": "VOLTAIRE-LEON BLUM.", "marker-color": "#818181"}}, {"type": "Feature", "geometry": {"type": "Point", "coordinates": [2.32647, 48.856178]}, "properties": {"numparc": 620, "etat de la localisation": "autre", "ID BDGEO": "667", "horodatage": "2022-04-01 10:23:15", "distance (en metres)": 1723.49, "station": "HOTEL DE VILLE", "marker-color": "#818181"}}, {"type": "Feature", "geometry": {"type": "Point", "coordinates": [2.303954, 48.858959]}, "properties": {"numparc": 626, "etat de la localisation": "autre", "ID BDGEO": "10829", "horodatage": "2022-04-01 10:24:11", "distance (en metres)": 5647.06, "station": "VOLTAIRE-LEON BLUM.", "marker-color": "#818181"}}, {"type": "Feature", "geometry": {"type": "Point", "coordinates": [2.315651, 48.85791]}, "properties": {"numparc": 633, "etat de la localisation": "autre", "ID BDGEO": "3192", "horodatage": "2022-04-01 10:24:52", "distance (en metres)": 562.45, "station": "SOLFERINO-BELLECHASSE.", "marker-color": "#818181"}}, {"type": "Feature", "geometry": {"type": "Point", "coordinates": [2.307173, 48.859589]}, "properties": {"numparc": 626, "etat de la localisation": "autre", "ID BDGEO": "10829", "horodatage": "2022-04-01 10:25:09", "distance (en metres)": 5413.61, "station": "VOLTAIRE-LEON BLUM.", "marker-color": "#818181"}}, {"type": "Feature", "geometry": {"type": "Point", "coordinates": [2.348548, 48.856762]}, "properties": {"numparc": 637, "etat de la localisation": "autre", "ID BDGEO": "10829", "horodatage": "2022-04-01 10:25:16", "distance (en metres)": 2386.53, "station": "VOLTAIRE-LEON BLUM.", "marker-color": "#818181"}}, {"type": "Feature", "geometry": {"type": "Point", "coordinates": [2.377511, 48.860001]}, "properties": {"numparc": 628, "etat de la localisation": "autre", "ID BDGEO": "2629", "horodatage": "2022-04-01 10:25:18", "distance (en metres)": 1733.39, "station": "GAMBETTA-JAPON#", "marker-color": "#818181"}}, {"type": "Feature", "geometry": {"type": "Point", "coordinates": [2.313902, 48.858387]}, "properties": {"numparc": 633, "etat de la localisation": "autre", "ID BDGEO": "3192", "horodatage": "2022-04-01 10:25:56", "distance (en metres)": 690.89, "station": "SOLFERINO-BELLECHASSE.", "marker-color": "#818181"}}, {"type": "Feature", "geometry": {"type": "Point", "coordinates": [2.350366, 48.856136]}, "properties": {"numparc": 637, "etat de la localisation": "autre", "ID BDGEO": "10829", "horodatage": "2022-04-01 10:26:13", "distance (en metres)": 2258.55, "station": "VOLTAIRE-LEON BLUM.", "marker-color": "#818181"}}, {"type": "Feature", "geometry": {"type": "Point", "coordinates": [2.328862, 48.859074]}, "properties": {"numparc": 620, "etat de la localisation": "autre", "ID BDGEO": "667", "horodatage": "2022-04-01 10:26:42", "distance (en metres)": 1541.45, "station": "HOTEL DE VILLE", "marker-color": "#818181"}}, {"type": "Feature", "geometry": {"type": "Point", "coordinates": [2.310661, 48.859905]}, "properties": {"numparc": 626, "etat de la localisation": "autre", "ID BDGEO": "10829", "horodatage": "2022-04-01 10:27:11", "distance (en metres)": 5160.02, "station": "VOLTAIRE-LEON BLUM.", "marker-color": "#818181"}}, {"type": "Feature", "geometry": {"type": "Point", "coordinates": [2.306189, 48.857872]}, "properties": {"numparc": 633, "etat de la localisation": "autre", "ID BDGEO": "3192", "horodatage": "2022-04-01 10:27:48", "distance (en metres)": 1254.56, "station": "SOLFERINO-BELLECHASSE.", "marker-color": "#818181"}}, {"type": "Feature", "geometry": {"type": "Point", "coordinates": [2.371172, 48.857922]}, "properties": {"numparc": 628, "etat de la localisation": "autre", "ID BDGEO": "2629", "horodatage": "2022-04-01 10:28:27", "distance (en metres)": 2248.83, "station": "GAMBETTA-JAPON#", "marker-color": "#818181"}}, {"type": "Feature", "geometry": {"type": "Point", "coordinates": [2.314458, 48.859932]}, "properties": {"numparc": 626, "etat de la localisation": "autre", "ID BDGEO": "10829", "horodatage": "2022-04-01 10:28:52", "distance (en metres)": 4882.68, "station": "VOLTAIRE-LEON BLUM.", "marker-color": "#818181"}}, {"type": "Feature", "geometry": {"type": "Point", "coordinates": [2.333959, 48.859917]}, "properties": {"numparc": 620, "etat de la localisation": "autre", "ID BDGEO": "667", "horodatage": "2022-04-01 10:29:51", "distance (en metres)": 1183.44, "station": "HOTEL DE VILLE", "marker-color": "#818181"}}, {"type": "Feature", "geometry": {"type": "Point", "coordinates": [2.301871, 48.856789]}, "properties": {"numparc": 633, "etat de la localisation": "autre", "ID BDGEO": "3192", "horodatage": "2022-04-01 10:29:57", "distance (en metres)": 1576.84, "station": "SOLFERINO-BELLECHASSE.", "marker-color": "#818181"}}, {"type": "Feature", "geometry": {"type": "Point", "coordinates": [2.397718, 48.864948]}, "properties": {"numparc": 632, "etat de la localisation": "autre", "ID BDGEO": "2629", "horodatage": "2022-04-01 10:30:20", "distance (en metres)": 157.22, "station": "GAMBETTA-JAPON#", "marker-color": "#818181"}}, {"type": "Feature", "geometry": {"type": "Point", "coordinates": [2.393466, 48.856972]}, "properties": {"numparc": 622, "etat de la localisation": "Delocalise", "ID BDGEO": "2629", "horodatage": "2022-04-01 10:30:42", "distance (en metres)": 1033.44, "station": "GAMBETTA-JAPON#", "marker-color": "#FF565E"}}, {"type": "Feature", "geometry": {"type": "Point", "coordinates": [2.36212, 48.854828]}, "properties": {"numparc": 637, "etat de la localisation": "autre", "ID BDGEO": "10829", "horodatage": "2022-04-01 10:30:55", "distance (en metres)": 1430.82, "station": "VOLTAIRE-LEON BLUM.", "marker-color": "#818181"}}, {"type": "Feature", "geometry": {"type": "Point", "coordinates": [2.313837, 48.858387]}, "properties": {"numparc": 621, "etat de la localisation": "autre", "ID BDGEO": "3192", "horodatage": "2022-04-01 10:31:13", "distance (en metres)": 695.63, "station": "SOLFERINO-BELLECHASSE.", "marker-color": "#818181"}}, {"type": "Feature", "geometry": {"type": "Point", "coordinates": [2.296715, 48.855068]}, "properties": {"numparc": 634, "etat de la localisation": "autre", "ID BDGEO": "667", "horodatage": "2022-04-01 10:31:26", "distance (en metres)": 3902.14, "station": "HOTEL DE VILLE", "marker-color": "#818181"}}, {"type": "Feature", "geometry": {"type": "Point", "coordinates": [2.296312, 48.855297]}, "properties": {"numparc": 633, "etat de la localisation": "autre", "ID BDGEO": "10829", "horodatage": "2022-04-01 10:31:34", "distance (en metres)": 6211.57, "station": "VOLTAIRE-LEON BLUM.", "marker-color": "#818181"}}, {"type": "Feature", "geometry": {"type": "Point", "coordinates": [2.306139, 48.857864]}, "properties": {"numparc": 636, "etat de la localisation": "autre", "ID BDGEO": "2637", "horodatage": "2022-04-01 10:32:03", "distance (en metres)": 4539.12, "station": "BASTILLE-RUE SAINT-ANTOINE", "marker-color": "#818181"}}, {"type": "Feature", "geometry": {"type": "Point", "coordinates": [2.323377, 48.857864]}, "properties": {"numparc": 626, "etat de la localisation": "autre", "ID BDGEO": "10829", "horodatage": "2022-04-01 10:32:20", "distance (en metres)": 4224.84, "station": "VOLTAIRE-LEON BLUM.", "marker-color": "#818181"}}, {"type": "Feature", "geometry": {"type": "Point", "coordinates": [2.365407, 48.85379]}, "properties": {"numparc": 637, "etat de la localisation": "autre", "ID BDGEO": "10829", "horodatage": "2022-04-01 10:32:28", "distance (en metres)": 1235.9, "station": "VOLTAIRE-LEON BLUM.", "marker-color": "#818181"}}, {"type": "Feature", "geometry": {"type": "Point", "coordinates": [2.34832, 48.856846]}, "properties": {"numparc": 620, "etat de la localisation": "autre", "ID BDGEO": "667", "horodatage": "2022-04-01 10:32:40", "distance (en metres)": 169.9, "station": "HOTEL DE VILLE", "marker-color": "#818181"}}, {"type": "Feature", "geometry": {"type": "Point", "coordinates": [2.29992, 48.857182]}, "properties": {"numparc": 634, "etat de la localisation": "autre", "ID BDGEO": "667", "horodatage": "2022-04-01 10:32:47", "distance (en metres)": 3655.17, "station": "HOTEL DE VILLE", "marker-color": "#818181"}}, {"type": "Feature", "geometry": {"type": "Point", "coordinates": [2.306161, 48.857735]}, "properties": {"numparc": 621, "etat de la localisation": "autre", "ID BDGEO": "3192", "horodatage": "2022-04-01 10:33:39", "distance (en metres)": 1256.99, "station": "SOLFERINO-BELLECHASSE.", "marker-color": "#818181"}}, {"type": "Feature", "geometry": {"type": "Point", "coordinates": [2.296312, 48.855297]}, "properties": {"numparc": 633, "etat de la localisation": "autre", "ID BDGEO": "10829", "horodatage": "2022-04-01 10:33:44", "distance (en metres)": 6211.57, "station": "VOLTAIRE-LEON BLUM.", "marker-color": "#818181"}}, {"type": "Feature", "geometry": {"type": "Point", "coordinates": [2.350309, 48.856152]}, "properties": {"numparc": 620, "etat de la localisation": "autre", "ID BDGEO": "667", "horodatage": "2022-04-01 10:34:15", "distance (en metres)": 206.44, "station": "HOTEL DE VILLE", "marker-color": "#818181"}}, {"type": "Feature", "geometry": {"type": "Point", "coordinates": [2.367993, 48.853329]}, "properties": {"numparc": 637, "etat de la localisation": "autre", "ID BDGEO": "10829", "horodatage": "2022-04-01 10:34:19", "distance (en metres)": 1084.98, "station": "VOLTAIRE-LEON BLUM.", "marker-color": "#818181"}}, {"type": "Feature", "geometry": {"type": "Point", "coordinates": [2.32647, 48.856236]}, "properties": {"numparc": 626, "etat de la localisation": "autre", "ID BDGEO": "10829", "horodatage": "2022-04-01 10:34:35", "distance (en metres)": 4002.71, "station": "VOLTAIRE-LEON BLUM.", "marker-color": "#818181"}}, {"type": "Feature", "geometry": {"type": "Point", "coordinates": [2.303944, 48.858921]}, "properties": {"numparc": 634, "etat de la localisation": "autre", "ID BDGEO": "667", "horodatage": "2022-04-01 10:34:50", "distance (en metres)": 3361.24, "station": "HOTEL DE VILLE", "marker-color": "#818181"}}, {"type": "Feature", "geometry": {"type": "Point", "coordinates": [2.388242, 48.863049]}, "properties": {"numparc": 632, "etat de la localisation": "autre", "ID BDGEO": "2629", "horodatage": "2022-04-01 10:34:56", "distance (en metres)": 881.61, "station": "GAMBETTA-JAPON#", "marker-color": "#818181"}}, {"type": "Feature", "geometry": {"type": "Point", "coordinates": [2.35803, 48.855488]}, "properties": {"numparc": 629, "etat de la localisation": "Delocalise", "ID BDGEO": "2629", "horodatage": "2022-04-01 10:35:39", "distance (en metres)": 3244.33, "station": "GAMBETTA-JAPON#", "marker-color": "#FF565E"}}, {"type": "Feature", "geometry": {"type": "Point", "coordinates": [2.328895, 48.859169]}, "properties": {"numparc": 626, "etat de la localisation": "autre", "ID BDGEO": "10829", "horodatage": "2022-04-01 10:36:38", "distance (en metres)": 3823.86, "station": "VOLTAIRE-LEON BLUM.", "marker-color": "#818181"}}, {"type": "Feature", "geometry": {"type": "Point", "coordinates": [2.385317, 48.861946]}, "properties": {"numparc": 632, "etat de la localisation": "autre", "ID BDGEO": "2629", "horodatage": "2022-04-01 10:36:48", "distance (en metres)": 1122.87, "station": "GAMBETTA-JAPON#", "marker-color": "#818181"}}, {"type": "Feature", "geometry": {"type": "Point", "coordinates": [2.367604, 48.853432]}, "properties": {"numparc": 628, "etat de la localisation": "autre", "ID BDGEO": "2629", "horodatage": "2022-04-01 10:36:54", "distance (en metres)": 2699.12, "station": "GAMBETTA-JAPON#", "marker-color": "#818181"}}, {"type": "Feature", "geometry": {"type": "Point", "coordinates": [2.2963, 48.855129]}, "properties": {"numparc": 636, "etat de la localisation": "autre", "ID BDGEO": "10829", "horodatage": "2022-04-01 10:37:03", "distance (en metres)": 6213.35, "station": "VOLTAIRE-LEON BLUM.", "marker-color": "#818181"}}, {"type": "Feature", "geometry": {"type": "Point", "coordinates": [2.29668, 48.855392]}, "properties": {"numparc": 621, "etat de la localisation": "autre", "ID BDGEO": "10829", "horodatage": "2022-04-01 10:37:33", "distance (en metres)": 6184.2, "station": "VOLTAIRE-LEON BLUM.", "marker-color": "#818181"}}, {"type": "Feature", "geometry": {"type": "Point", "coordinates": [2.295977, 48.85482]}, "properties": {"numparc": 636, "etat de la localisation": "autre", "ID BDGEO": "10829", "horodatage": "2022-04-01 10:37:37", "distance (en metres)": 6238.73, "station": "VOLTAIRE-LEON BLUM.", "marker-color": "#818181"}}, {"type": "Feature", "geometry": {"type": "Point", "coordinates": [2.370677, 48.853626]}, "properties": {"numparc": 637, "etat de la localisation": "autre", "ID BDGEO": "10829", "horodatage": "2022-04-01 10:38:16", "distance (en metres)": 897.86, "station": "VOLTAIRE-LEON BLUM.", "marker-color": "#818181"}}, {"type": "Feature", "geometry": {"type": "Point", "coordinates": [2.371781, 48.854462]}, "properties": {"numparc": 637, "etat de la localisation": "autre", "ID BDGEO": "10829", "horodatage": "2022-04-01 10:39:04", "distance (en metres)": 781.22, "station": "VOLTAIRE-LEON BLUM.", "marker-color": "#818181"}}, {"type": "Feature", "geometry": {"type": "Point", "coordinates": [2.384897, 48.858894]}, "properties": {"numparc": 632, "etat de la localisation": "autre", "ID BDGEO": "2629", "horodatage": "2022-04-01 10:39:13", "distance (en metres)": 1301.34, "station": "GAMBETTA-JAPON#", "marker-color": "#818181"}}, {"type": "Feature", "geometry": {"type": "Point", "coordinates": [2.365513, 48.85379]}, "properties": {"numparc": 629, "etat de la localisation": "Delocalise", "ID BDGEO": "2629", "horodatage": "2022-04-01 10:39:35", "distance (en metres)": 2815.3, "station": "GAMBETTA-JAPON#", "marker-color": "#FF565E"}}, {"type": "Feature", "geometry": {"type": "Point", "coordinates": [2.331063, 48.860603]}, "properties": {"numparc": 626, "etat de la localisation": "autre", "ID BDGEO": "10829", "horodatage": "2022-04-01 10:39:39", "distance (en metres)": 3675.11, "station": "VOLTAIRE-LEON BLUM.", "marker-color": "#818181"}}, {"type": "Feature", "geometry": {"type": "Point", "coordinates": [2.296674, 48.855099]}, "properties": {"numparc": 625, "etat de la localisation": "autre", "ID BDGEO": "667", "horodatage": "2022-04-01 10:39:42", "distance (en metres)": 3904.85, "station": "HOTEL DE VILLE", "marker-color": "#818181"}}, {"type": "Feature", "geometry": {"type": "Point", "coordinates": [2.399142, 48.865601]}, "properties": {"numparc": 622, "etat de la localisation": "autre", "ID BDGEO": "2629", "horodatage": "2022-04-01 10:40:33", "distance (en metres)": 60.64, "station": "GAMBETTA-JAPON#", "marker-color": "#818181"}}, {"type": "Feature", "geometry": {"type": "Point", "coordinates": [2.375435, 48.855862]}, "properties": {"numparc": 637, "etat de la localisation": "autre", "ID BDGEO": "10829", "horodatage": "2022-04-01 10:40:33", "distance (en metres)": 471.99, "station": "VOLTAIRE-LEON BLUM.", "marker-color": "#818181"}}, {"type": "Feature", "geometry": {"type": "Point", "coordinates": [2.362069, 48.854965]}, "properties": {"numparc": 628, "etat de la localisation": "autre", "ID BDGEO": "2629", "horodatage": "2022-04-01 10:40:42", "distance (en metres)": 2989.46, "station": "GAMBETTA-JAPON#", "marker-color": "#818181"}}, {"type": "Feature", "geometry": {"type": "Point", "coordinates": [2.307054, 48.859623]}, "properties": {"numparc": 634, "etat de la localisation": "autre", "ID BDGEO": "667", "horodatage": "2022-04-01 10:41:04", "distance (en metres)": 3137.38, "station": "HOTEL DE VILLE", "marker-color": "#818181"}}, {"type": "Feature", "geometry": {"type": "Point", "coordinates": [2.380752, 48.857883]}, "properties": {"numparc": 632, "etat de la localisation": "autre", "ID BDGEO": "2629", "horodatage": "2022-04-01 10:41:11", "distance (en metres)": 1618.37, "station": "GAMBETTA-JAPON#", "marker-color": "#818181"}}, {"type": "Feature", "geometry": {"type": "Point", "coordinates": [2.338542, 48.859158]}, "properties": {"numparc": 626, "etat de la localisation": "autre", "ID BDGEO": "10829", "horodatage": "2022-04-01 10:41:26", "distance (en metres)": 3118.68, "station": "VOLTAIRE-LEON BLUM.", "marker-color": "#818181"}}, {"type": "Feature", "geometry": {"type": "Point", "coordinates": [2.296312, 48.855297]}, "properties": {"numparc": 633, "etat de la localisation": "autre", "ID BDGEO": "10829", "horodatage": "2022-04-01 10:41:53", "distance (en metres)": 6211.57, "station": "VOLTAIRE-LEON BLUM.", "marker-color": "#818181"}}, {"type": "Feature", "geometry": {"type": "Point", "coordinates": [2.357613, 48.856094]}, "properties": {"numparc": 628, "etat de la localisation": "autre", "ID BDGEO": "2629", "horodatage": "2022-04-01 10:42:15", "distance (en metres)": 3251.26, "station": "GAMBETTA-JAPON#", "marker-color": "#818181"}}, {"type": "Feature", "geometry": {"type": "Point", "coordinates": [2.3106, 48.859879]}, "properties": {"numparc": 634, "etat de la localisation": "autre", "ID BDGEO": "667", "horodatage": "2022-04-01 10:42:29", "distance (en metres)": 2880.37, "station": "HOTEL DE VILLE", "marker-color": "#818181"}}, {"type": "Feature", "geometry": {"type": "Point", "coordinates": [2.304135, 48.858829]}, "properties": {"numparc": 625, "etat de la localisation": "autre", "ID BDGEO": "667", "horodatage": "2022-04-01 10:42:56", "distance (en metres)": 3346.97, "station": "HOTEL DE VILLE", "marker-color": "#818181"}}, {"type": "Feature", "geometry": {"type": "Point", "coordinates": [2.295977, 48.85482]}, "properties": {"numparc": 636, "etat de la localisation": "autre", "ID BDGEO": "10829", "horodatage": "2022-04-01 10:43:45", "distance (en metres)": 6238.73, "station": "VOLTAIRE-LEON BLUM.", "marker-color": "#818181"}}, {"type": "Feature", "geometry": {"type": "Point", "coordinates": [2.377612, 48.860008]}, "properties": {"numparc": 632, "etat de la localisation": "autre", "ID BDGEO": "2629", "horodatage": "2022-04-01 10:43:56", "distance (en metres)": 1726.14, "station": "GAMBETTA-JAPON#", "marker-color": "#818181"}}, {"type": "Feature", "geometry": {"type": "Point", "coordinates": [2.296755, 48.855103]}, "properties": {"numparc": 633, "etat de la localisation": "autre", "ID BDGEO": "10829", "horodatage": "2022-04-01 10:44:20", "distance (en metres)": 6180.24, "station": "VOLTAIRE-LEON BLUM.", "marker-color": "#818181"}}, {"type": "Feature", "geometry": {"type": "Point", "coordinates": [2.307249, 48.859589]}, "properties": {"numparc": 625, "etat de la localisation": "autre", "ID BDGEO": "667", "horodatage": "2022-04-01 10:44:22", "distance (en metres)": 3122.92, "station": "HOTEL DE VILLE", "marker-color": "#818181"}}, {"type": "Feature", "geometry": {"type": "Point", "coordinates": [2.348396, 48.856857]}, "properties": {"numparc": 626, "etat de la localisation": "autre", "ID BDGEO": "10829", "horodatage": "2022-04-01 10:44:50", "distance (en metres)": 2397.1, "station": "VOLTAIRE-LEON BLUM.", "marker-color": "#818181"}}, {"type": "Feature", "geometry": {"type": "Point", "coordinates": [2.319852, 48.859142]}, "properties": {"numparc": 634, "etat de la localisation": "autre", "ID BDGEO": "667", "horodatage": "2022-04-01 10:45:09", "distance (en metres)": 2199.59, "station": "HOTEL DE VILLE", "marker-color": "#818181"}}, {"type": "Feature", "geometry": {"type": "Point", "coordinates": [2.350631, 48.857464]}, "properties": {"numparc": 628, "etat de la localisation": "autre", "ID BDGEO": "667", "horodatage": "2022-04-01 10:45:19", "distance (en metres)": 80.52, "station": "HOTEL DE VILLE", "marker-color": "#818181"}}, {"type": "Feature", "geometry": {"type": "Point", "coordinates": [2.374913, 48.859028]}, "properties": {"numparc": 632, "etat de la localisation": "autre", "ID BDGEO": "2629", "horodatage": "2022-04-01 10:45:38", "distance (en metres)": 1949.2, "station": "GAMBETTA-JAPON#", "marker-color": "#818181"}}, {"type": "Feature", "geometry": {"type": "Point", "coordinates": [2.350631, 48.857464]}, "properties": {"numparc": 628, "etat de la localisation": "autre", "ID BDGEO": "667", "horodatage": "2022-04-01 10:45:52", "distance (en metres)": 80.52, "station": "HOTEL DE VILLE", "marker-color": "#818181"}}, {"type": "Feature", "geometry": {"type": "Point", "coordinates": [2.350306, 48.856213]}, "properties": {"numparc": 626, "etat de la localisation": "autre", "ID BDGEO": "10829", "horodatage": "2022-04-01 10:46:07", "distance (en metres)": 2262.22, "station": "VOLTAIRE-LEON BLUM.", "marker-color": "#818181"}}, {"type": "Feature", "geometry": {"type": "Point", "coordinates": [2.350578, 48.857826]}, "properties": {"numparc": 620, "etat de la localisation": "autre", "ID BDGEO": "667", "horodatage": "2022-04-01 10:46:10", "distance (en metres)": 54.93, "station": "HOTEL DE VILLE", "marker-color": "#818181"}}, {"type": "Feature", "geometry": {"type": "Point", "coordinates": [2.323581, 48.85767]}, "properties": {"numparc": 634, "etat de la localisation": "autre", "ID BDGEO": "667", "horodatage": "2022-04-01 10:46:19", "distance (en metres)": 1923.38, "station": "HOTEL DE VILLE", "marker-color": "#818181"}}, {"type": "Feature", "geometry": {"type": "Point", "coordinates": [2.350578, 48.857826]}, "properties": {"numparc": 620, "etat de la localisation": "autre", "ID BDGEO": "667", "horodatage": "2022-04-01 10:47:27", "distance (en metres)": 54.93, "station": "HOTEL DE VILLE", "marker-color": "#818181"}}, {"type": "Feature", "geometry": {"type": "Point", "coordinates": [2.371272, 48.857864]}, "properties": {"numparc": 632, "etat de la localisation": "autre", "ID BDGEO": "2629", "horodatage": "2022-04-01 10:47:31", "distance (en metres)": 2244.34, "station": "GAMBETTA-JAPON#", "marker-color": "#818181"}}, {"type": "Feature", "geometry": {"type": "Point", "coordinates": [2.326508, 48.85622]}, "properties": {"numparc": 634, "etat de la localisation": "autre", "ID BDGEO": "667", "horodatage": "2022-04-01 10:47:34", "distance (en metres)": 1720.18, "station": "HOTEL DE VILLE", "marker-color": "#818181"}}, {"type": "Feature", "geometry": {"type": "Point", "coordinates": [2.38103, 48.857845]}, "properties": {"numparc": 629, "etat de la localisation": "autre", "ID BDGEO": "2629", "horodatage": "2022-04-01 10:49:11", "distance (en metres)": 1603.07, "station": "GAMBETTA-JAPON#", "marker-color": "#818181"}}, {"type": "Feature", "geometry": {"type": "Point", "coordinates": [2.388969, 48.86018]}, "properties": {"numparc": 637, "etat de la localisation": "autre", "ID BDGEO": "655", "horodatage": "2022-04-01 10:49:14", "distance (en metres)": 187.17, "station": "ROQUETTE-PERE LACHAISE", "marker-color": "#818181"}}, {"type": "Feature", "geometry": {"type": "Point", "coordinates": [2.368504, 48.857002]}, "properties": {"numparc": 632, "etat de la localisation": "autre", "ID BDGEO": "2629", "horodatage": "2022-04-01 10:49:16", "distance (en metres)": 2467.95, "station": "GAMBETTA-JAPON#", "marker-color": "#818181"}}, {"type": "Feature", "geometry": {"type": "Point", "coordinates": [2.329104, 48.858978]}, "properties": {"numparc": 634, "etat de la localisation": "autre", "ID BDGEO": "667", "horodatage": "2022-04-01 10:49:17", "distance (en metres)": 1523.0, "station": "HOTEL DE VILLE", "marker-color": "#818181"}}, {"type": "Feature", "geometry": {"type": "Point", "coordinates": [2.323667, 48.857765]}, "properties": {"numparc": 625, "etat de la localisation": "autre", "ID BDGEO": "667", "horodatage": "2022-04-01 10:49:47", "distance (en metres)": 1916.92, "station": "HOTEL DE VILLE", "marker-color": "#818181"}}, {"type": "Feature", "geometry": {"type": "Point", "coordinates": [2.387768, 48.862438]}, "properties": {"numparc": 637, "etat de la localisation": "autre", "ID BDGEO": "653", "horodatage": "2022-04-01 10:50:18", "distance (en metres)": 82.51, "station": "AUGUSTE METIVIER", "marker-color": "#818181"}}, {"type": "Feature", "geometry": {"type": "Point", "coordinates": [2.397671, 48.864906]}, "properties": {"numparc": 622, "etat de la localisation": "autre", "ID BDGEO": "2629", "horodatage": "2022-04-01 10:50:46", "distance (en metres)": 161.68, "station": "GAMBETTA-JAPON#", "marker-color": "#818181"}}, {"type": "Feature", "geometry": {"type": "Point", "coordinates": [2.384974, 48.858829]}, "properties": {"numparc": 629, "etat de la localisation": "autre", "ID BDGEO": "2629", "horodatage": "2022-04-01 10:51:06", "distance (en metres)": 1300.58, "station": "GAMBETTA-JAPON#", "marker-color": "#818181"}}, {"type": "Feature", "geometry": {"type": "Point", "coordinates": [2.362213, 48.854801]}, "properties": {"numparc": 626, "etat de la localisation": "autre", "ID BDGEO": "10829", "horodatage": "2022-04-01 10:51:13", "distance (en metres)": 1424.92, "station": "VOLTAIRE-LEON BLUM.", "marker-color": "#818181"}}, {"type": "Feature", "geometry": {"type": "Point", "coordinates": [2.331069, 48.860573]}, "properties": {"numparc": 634, "etat de la localisation": "autre", "ID BDGEO": "667", "horodatage": "2022-04-01 10:51:21", "distance (en metres)": 1404.99, "station": "HOTEL DE VILLE", "marker-color": "#818181"}}, {"type": "Feature", "geometry": {"type": "Point", "coordinates": [2.29996, 48.857197]}, "properties": {"numparc": 633, "etat de la localisation": "autre", "ID BDGEO": "10829", "horodatage": "2022-04-01 10:51:34", "distance (en metres)": 5938.49, "station": "VOLTAIRE-LEON BLUM.", "marker-color": "#818181"}}, {"type": "Feature", "geometry": {"type": "Point", "coordinates": [2.394872, 48.864731]}, "properties": {"numparc": 622, "etat de la localisation": "autre", "ID BDGEO": "2629", "horodatage": "2022-04-01 10:52:04", "distance (en metres)": 366.16, "station": "GAMBETTA-JAPON#", "marker-color": "#818181"}}, {"type": "Feature", "geometry": {"type": "Point", "coordinates": [2.334045, 48.859936]}, "properties": {"numparc": 634, "etat de la localisation": "autre", "ID BDGEO": "667", "horodatage": "2022-04-01 10:52:05", "distance (en metres)": 1177.65, "station": "HOTEL DE VILLE", "marker-color": "#818181"}}, {"type": "Feature", "geometry": {"type": "Point", "coordinates": [2.394872, 48.864731]}, "properties": {"numparc": 622, "etat de la localisation": "autre", "ID BDGEO": "2629", "horodatage": "2022-04-01 10:52:31", "distance (en metres)": 366.16, "station": "GAMBETTA-JAPON#", "marker-color": "#818181"}}, {"type": "Feature", "geometry": {"type": "Point", "coordinates": [2.367701, 48.853367]}, "properties": {"numparc": 632, "etat de la localisation": "autre", "ID BDGEO": "2629", "horodatage": "2022-04-01 10:53:00", "distance (en metres)": 2696.46, "station": "GAMBETTA-JAPON#", "marker-color": "#818181"}}, {"type": "Feature", "geometry": {"type": "Point", "coordinates": [2.338606, 48.859104]}, "properties": {"numparc": 634, "etat de la localisation": "autre", "ID BDGEO": "667", "horodatage": "2022-04-01 10:53:09", "distance (en metres)": 833.17, "station": "HOTEL DE VILLE", "marker-color": "#818181"}}, {"type": "Feature", "geometry": {"type": "Point", "coordinates": [2.365524, 48.853806]}, "properties": {"numparc": 626, "etat de la localisation": "autre", "ID BDGEO": "10829", "horodatage": "2022-04-01 10:53:30", "distance (en metres)": 1227.32, "station": "VOLTAIRE-LEON BLUM.", "marker-color": "#818181"}}, {"type": "Feature", "geometry": {"type": "Point", "coordinates": [2.392645, 48.864185]}, "properties": {"numparc": 622, "etat de la localisation": "autre", "ID BDGEO": "2629", "horodatage": "2022-04-01 10:53:38", "distance (en metres)": 537.88, "station": "GAMBETTA-JAPON#", "marker-color": "#818181"}}, {"type": "Feature", "geometry": {"type": "Point", "coordinates": [2.388952, 48.860245]}, "properties": {"numparc": 629, "etat de la localisation": "Delocalise", "ID BDGEO": "655", "horodatage": "2022-04-01 10:53:48", "distance (en metres)": 187.41, "station": "ROQUETTE-PERE LACHAISE", "marker-color": "#FF565E"}}, {"type": "Feature", "geometry": {"type": "Point", "coordinates": [2.341451, 48.858631]}, "properties": {"numparc": 634, "etat de la localisation": "autre", "ID BDGEO": "667", "horodatage": "2022-04-01 10:54:15", "distance (en metres)": 619.89, "station": "HOTEL DE VILLE", "marker-color": "#818181"}}, {"type": "Feature", "geometry": {"type": "Point", "coordinates": [2.365274, 48.853848]}, "properties": {"numparc": 632, "etat de la localisation": "autre", "ID BDGEO": "2629", "horodatage": "2022-04-01 10:54:29", "distance (en metres)": 2828.04, "station": "GAMBETTA-JAPON#", "marker-color": "#818181"}}, {"type": "Feature", "geometry": {"type": "Point", "coordinates": [2.38777, 48.86256]}, "properties": {"numparc": 629, "etat de la localisation": "Delocalise", "ID BDGEO": "653", "horodatage": "2022-04-01 10:54:37", "distance (en metres)": 70.26, "station": "AUGUSTE METIVIER", "marker-color": "#FF565E"}}, {"type": "Feature", "geometry": {"type": "Point", "coordinates": [2.303984, 48.858868]}, "properties": {"numparc": 633, "etat de la localisation": "autre", "ID BDGEO": "10829", "horodatage": "2022-04-01 10:54:37", "distance (en metres)": 5644.66, "station": "VOLTAIRE-LEON BLUM.", "marker-color": "#818181"}}, {"type": "Feature", "geometry": {"type": "Point", "coordinates": [2.388208, 48.863029]}, "properties": {"numparc": 622, "etat de la localisation": "autre", "ID BDGEO": "2629", "horodatage": "2022-04-01 10:55:02", "distance (en metres)": 884.6, "station": "GAMBETTA-JAPON#", "marker-color": "#818181"}}, {"type": "Feature", "geometry": {"type": "Point", "coordinates": [2.368128, 48.853374]}, "properties": {"numparc": 626, "etat de la localisation": "autre", "ID BDGEO": "10829", "horodatage": "2022-04-01 10:55:19", "distance (en metres)": 1073.87, "station": "VOLTAIRE-LEON BLUM.", "marker-color": "#818181"}}, {"type": "Feature", "geometry": {"type": "Point", "coordinates": [2.307168, 48.859581]}, "properties": {"numparc": 633, "etat de la localisation": "autre", "ID BDGEO": "10829", "horodatage": "2022-04-01 10:55:40", "distance (en metres)": 5413.95, "station": "VOLTAIRE-LEON BLUM.", "marker-color": "#818181"}}, {"type": "Feature", "geometry": {"type": "Point", "coordinates": [2.341174, 48.8587]}, "properties": {"numparc": 625, "etat de la localisation": "autre", "ID BDGEO": "667", "horodatage": "2022-04-01 10:56:41", "distance (en metres)": 640.93, "station": "HOTEL DE VILLE", "marker-color": "#818181"}}, {"type": "Feature", "geometry": {"type": "Point", "coordinates": [2.29668, 48.855392]}, "properties": {"numparc": 621, "etat de la localisation": "autre", "ID BDGEO": "10829", "horodatage": "2022-04-01 10:56:54", "distance (en metres)": 6184.2, "station": "VOLTAIRE-LEON BLUM.", "marker-color": "#818181"}}, {"type": "Feature", "geometry": {"type": "Point", "coordinates": [2.347901, 48.856949]}, "properties": {"numparc": 634, "etat de la localisation": "autre", "ID BDGEO": "667", "horodatage": "2022-04-01 10:56:58", "distance (en metres)": 184.31, "station": "HOTEL DE VILLE", "marker-color": "#818181"}}, {"type": "Feature", "geometry": {"type": "Point", "coordinates": [2.29668, 48.855392]}, "properties": {"numparc": 621, "etat de la localisation": "autre", "ID BDGEO": "10829", "horodatage": "2022-04-01 10:57:11", "distance (en metres)": 6184.2, "station": "VOLTAIRE-LEON BLUM.", "marker-color": "#818181"}}, {"type": "Feature", "geometry": {"type": "Point", "coordinates": [2.355968, 48.855915]}, "properties": {"numparc": 628, "etat de la localisation": "autre", "ID BDGEO": "666", "horodatage": "2022-04-01 10:57:19", "distance (en metres)": 114.68, "station": "RUE VIEILLE DU TEMPLE-MAIRIE DU 4e", "marker-color": "#818181"}}, {"type": "Feature", "geometry": {"type": "Point", "coordinates": [2.310728, 48.859898]}, "properties": {"numparc": 633, "etat de la localisation": "autre", "ID BDGEO": "10829", "horodatage": "2022-04-01 10:57:22", "distance (en metres)": 5155.08, "station": "VOLTAIRE-LEON BLUM.", "marker-color": "#818181"}}, {"type": "Feature", "geometry": {"type": "Point", "coordinates": [2.357473, 48.85603]}, "properties": {"numparc": 632, "etat de la localisation": "autre", "ID BDGEO": "2629", "horodatage": "2022-04-01 10:57:28", "distance (en metres)": 3263.26, "station": "GAMBETTA-JAPON#", "marker-color": "#818181"}}, {"type": "Feature", "geometry": {"type": "Point", "coordinates": [2.38533, 48.861935]}, "properties": {"numparc": 622, "etat de la localisation": "autre", "ID BDGEO": "2629", "horodatage": "2022-04-01 10:57:47", "distance (en metres)": 1122.4, "station": "GAMBETTA-JAPON#", "marker-color": "#818181"}}, {"type": "Feature", "geometry": {"type": "Point", "coordinates": [2.370686, 48.853676]}, "properties": {"numparc": 626, "etat de la localisation": "autre", "ID BDGEO": "10829", "horodatage": "2022-04-01 10:58:16", "distance (en metres)": 894.41, "station": "VOLTAIRE-LEON BLUM.", "marker-color": "#818181"}}, {"type": "Feature", "geometry": {"type": "Point", "coordinates": [2.314547, 48.859917]}, "properties": {"numparc": 633, "etat de la localisation": "autre", "ID BDGEO": "10829", "horodatage": "2022-04-01 10:58:26", "distance (en metres)": 4876.08, "station": "VOLTAIRE-LEON BLUM.", "marker-color": "#818181"}}, {"type": "Feature", "geometry": {"type": "Point", "coordinates": [2.386508, 48.859921]}, "properties": {"numparc": 622, "etat de la localisation": "autre", "ID BDGEO": "2629", "horodatage": "2022-04-01 10:58:51", "distance (en metres)": 1140.75, "station": "GAMBETTA-JAPON#", "marker-color": "#818181"}}, {"type": "Feature", "geometry": {"type": "Point", "coordinates": [2.371757, 48.854553]}, "properties": {"numparc": 626, "etat de la localisation": "autre", "ID BDGEO": "10829", "horodatage": "2022-04-01 10:59:03", "distance (en metres)": 777.9, "station": "VOLTAIRE-LEON BLUM.", "marker-color": "#818181"}}, {"type": "Feature", "geometry": {"type": "Point", "coordinates": [2.350252, 48.856178]}, "properties": {"numparc": 634, "etat de la localisation": "autre", "ID BDGEO": "667", "horodatage": "2022-04-01 10:59:52", "distance (en metres)": 202.89, "station": "HOTEL DE VILLE", "marker-color": "#818181"}}, {"type": "Feature", "geometry": {"type": "Point", "coordinates": [2.320001, 48.859203]}, "properties": {"numparc": 633, "etat de la localisation": "autre", "ID BDGEO": "10829", "horodatage": "2022-04-01 11:00:13", "distance (en metres)": 4474.26, "station": "VOLTAIRE-LEON BLUM.", "marker-color": "#818181"}}, {"type": "Feature", "geometry": {"type": "Point", "coordinates": [2.3849, 48.858837]}, "properties": {"numparc": 622, "etat de la localisation": "autre", "ID BDGEO": "2629", "horodatage": "2022-04-01 11:00:15", "distance (en metres)": 1304.63, "station": "GAMBETTA-JAPON#", "marker-color": "#818181"}}, {"type": "Feature", "geometry": {"type": "Point", "coordinates": [2.350583, 48.857422]}, "properties": {"numparc": 632, "etat de la localisation": "autre", "ID BDGEO": "667", "horodatage": "2022-04-01 11:00:41", "distance (en metres)": 81.65, "station": "HOTEL DE VILLE", "marker-color": "#818181"}}, {"type": "Feature", "geometry": {"type": "Point", "coordinates": [2.375467, 48.855904]}, "properties": {"numparc": 626, "etat de la localisation": "autre", "ID BDGEO": "10829", "horodatage": "2022-04-01 11:01:22", "distance (en metres)": 467.74, "station": "VOLTAIRE-LEON BLUM.", "marker-color": "#818181"}}, {"type": "Feature", "geometry": {"type": "Point", "coordinates": [2.323717, 48.857758]}, "properties": {"numparc": 633, "etat de la localisation": "autre", "ID BDGEO": "10829", "horodatage": "2022-04-01 11:01:35", "distance (en metres)": 4199.97, "station": "VOLTAIRE-LEON BLUM.", "marker-color": "#818181"}}, {"type": "Feature", "geometry": {"type": "Point", "coordinates": [2.350172, 48.856216]}, "properties": {"numparc": 625, "etat de la localisation": "autre", "ID BDGEO": "2629", "horodatage": "2022-04-01 11:01:35", "distance (en metres)": 3768.28, "station": "GAMBETTA-JAPON#", "marker-color": "#818181"}}, {"type": "Feature", "geometry": {"type": "Point", "coordinates": [2.296634, 48.855114]}, "properties": {"numparc": 621, "etat de la localisation": "autre", "ID BDGEO": "10829", "horodatage": "2022-04-01 11:01:50", "distance (en metres)": 6189.03, "station": "VOLTAIRE-LEON BLUM.", "marker-color": "#818181"}}, {"type": "Feature", "geometry": {"type": "Point", "coordinates": [2.380891, 48.857838]}, "properties": {"numparc": 622, "etat de la localisation": "autre", "ID BDGEO": "2629", "horodatage": "2022-04-01 11:02:01", "distance (en metres)": 1612.22, "station": "GAMBETTA-JAPON#", "marker-color": "#818181"}}, {"type": "Feature", "geometry": {"type": "Point", "coordinates": [2.378394, 48.856899]}, "properties": {"numparc": 626, "etat de la localisation": "autre", "ID BDGEO": "10829", "horodatage": "2022-04-01 11:02:34", "distance (en metres)": 226.7, "station": "VOLTAIRE-LEON BLUM.", "marker-color": "#818181"}}, {"type": "Feature", "geometry": {"type": "Point", "coordinates": [2.299993, 48.857265]}, "properties": {"numparc": 621, "etat de la localisation": "autre", "ID BDGEO": "10829", "horodatage": "2022-04-01 11:03:20", "distance (en metres)": 5935.98, "station": "VOLTAIRE-LEON BLUM.", "marker-color": "#818181"}}, {"type": "Feature", "geometry": {"type": "Point", "coordinates": [2.326455, 48.856266]}, "properties": {"numparc": 633, "etat de la localisation": "autre", "ID BDGEO": "10829", "horodatage": "2022-04-01 11:03:44", "distance (en metres)": 4003.64, "station": "VOLTAIRE-LEON BLUM.", "marker-color": "#818181"}}, {"type": "Feature", "geometry": {"type": "Point", "coordinates": [2.399149, 48.865566]}, "properties": {"numparc": 637, "etat de la localisation": "autre", "ID BDGEO": "2629", "horodatage": "2022-04-01 11:03:50", "distance (en metres)": 58.04, "station": "GAMBETTA-JAPON#", "marker-color": "#818181"}}, {"type": "Feature", "geometry": {"type": "Point", "coordinates": [2.370654, 48.853497]}, "properties": {"numparc": 628, "etat de la localisation": "autre", "ID BDGEO": "663", "horodatage": "2022-04-01 11:04:53", "distance (en metres)": 232.32, "station": "BASTILLE-RUE SAINT-ANTOINE", "marker-color": "#818181"}}, {"type": "Feature", "geometry": {"type": "Point", "coordinates": [2.377578, 48.860085]}, "properties": {"numparc": 622, "etat de la localisation": "autre", "ID BDGEO": "2629", "horodatage": "2022-04-01 11:05:08", "distance (en metres)": 1725.63, "station": "GAMBETTA-JAPON#", "marker-color": "#818181"}}, {"type": "Feature", "geometry": {"type": "Point", "coordinates": [2.303956, 48.858818]}, "properties": {"numparc": 621, "etat de la localisation": "autre", "ID BDGEO": "10829", "horodatage": "2022-04-01 11:05:19", "distance (en metres)": 5646.59, "station": "VOLTAIRE-LEON BLUM.", "marker-color": "#818181"}}, {"type": "Feature", "geometry": {"type": "Point", "coordinates": [2.328829, 48.859028]}, "properties": {"numparc": 633, "etat de la localisation": "autre", "ID BDGEO": "10829", "horodatage": "2022-04-01 11:05:26", "distance (en metres)": 3828.13, "station": "VOLTAIRE-LEON BLUM.", "marker-color": "#818181"}}, {"type": "Feature", "geometry": {"type": "Point", "coordinates": [2.310751, 48.859882]}, "properties": {"numparc": 621, "etat de la localisation": "autre", "ID BDGEO": "10829", "horodatage": "2022-04-01 11:07:00", "distance (en metres)": 5153.34, "station": "VOLTAIRE-LEON BLUM.", "marker-color": "#818181"}}, {"type": "Feature", "geometry": {"type": "Point", "coordinates": [2.37486, 48.8592]}, "properties": {"numparc": 622, "etat de la localisation": "autre", "ID BDGEO": "2629", "horodatage": "2022-04-01 11:07:01", "distance (en metres)": 1946.11, "station": "GAMBETTA-JAPON#", "marker-color": "#818181"}}, {"type": "Feature", "geometry": {"type": "Point", "coordinates": [2.375431, 48.855911]}, "properties": {"numparc": 628, "etat de la localisation": "autre", "ID BDGEO": "659", "horodatage": "2022-04-01 11:07:31", "distance (en metres)": 359.68, "station": "POPINCOURT", "marker-color": "#818181"}}, {"type": "Feature", "geometry": {"type": "Point", "coordinates": [2.388973, 48.860245]}, "properties": {"numparc": 626, "etat de la localisation": "autre", "ID BDGEO": "655", "horodatage": "2022-04-01 11:07:52", "distance (en metres)": 188.91, "station": "ROQUETTE-PERE LACHAISE", "marker-color": "#818181"}}, {"type": "Feature", "geometry": {"type": "Point", "coordinates": [2.3783, 48.85696]}, "properties": {"numparc": 628, "etat de la localisation": "autre", "ID BDGEO": "657", "horodatage": "2022-04-01 11:08:35", "distance (en metres)": 224.38, "station": "VOLTAIRE-LEON BLUM", "marker-color": "#818181"}}, {"type": "Feature", "geometry": {"type": "Point", "coordinates": [2.387842, 48.862518]}, "properties": {"numparc": 626, "etat de la localisation": "autre", "ID BDGEO": "653", "horodatage": "2022-04-01 11:08:49", "distance (en metres)": 72.18, "station": "AUGUSTE METIVIER", "marker-color": "#818181"}}, {"type": "Feature", "geometry": {"type": "Point", "coordinates": [2.331079, 48.860603]}, "properties": {"numparc": 633, "etat de la localisation": "autre", "ID BDGEO": "10829", "horodatage": "2022-04-01 11:08:52", "distance (en metres)": 3673.94, "station": "VOLTAIRE-LEON BLUM.", "marker-color": "#818181"}}, {"type": "Feature", "geometry": {"type": "Point", "coordinates": [2.314512, 48.859936]}, "properties": {"numparc": 621, "etat de la localisation": "autre", "ID BDGEO": "10829", "horodatage": "2022-04-01 11:09:07", "distance (en metres)": 4878.74, "station": "VOLTAIRE-LEON BLUM.", "marker-color": "#818181"}}, {"type": "Feature", "geometry": {"type": "Point", "coordinates": [2.387806, 48.862587]}, "properties": {"numparc": 626, "etat de la localisation": "autre", "ID BDGEO": "653", "horodatage": "2022-04-01 11:09:20", "distance (en metres)": 66.4, "station": "AUGUSTE METIVIER", "marker-color": "#818181"}}, {"type": "Feature", "geometry": {"type": "Point", "coordinates": [2.371274, 48.857895]}, "properties": {"numparc": 622, "etat de la localisation": "autre", "ID BDGEO": "2629", "horodatage": "2022-04-01 11:09:28", "distance (en metres)": 2242.96, "station": "GAMBETTA-JAPON#", "marker-color": "#818181"}}, {"type": "Feature", "geometry": {"type": "Point", "coordinates": [2.350324, 48.856236]}, "properties": {"numparc": 632, "etat de la localisation": "Delocalise", "ID BDGEO": "667", "horodatage": "2022-04-01 11:09:52", "distance (en metres)": 197.41, "station": "HOTEL DE VILLE", "marker-color": "#FF565E"}}, {"type": "Feature", "geometry": {"type": "Point", "coordinates": [2.338588, 48.859123]}, "properties": {"numparc": 633, "etat de la localisation": "autre", "ID BDGEO": "10829", "horodatage": "2022-04-01 11:10:22", "distance (en metres)": 3115.15, "station": "VOLTAIRE-LEON BLUM.", "marker-color": "#818181"}}, {"type": "Feature", "geometry": {"type": "Point", "coordinates": [2.350756, 48.857735]}, "properties": {"numparc": 634, "etat de la localisation": "autre", "ID BDGEO": "667", "horodatage": "2022-04-01 11:10:38", "distance (en metres)": 70.74, "station": "HOTEL DE VILLE", "marker-color": "#818181"}}, {"type": "Feature", "geometry": {"type": "Point", "coordinates": [2.368604, 48.857052]}, "properties": {"numparc": 622, "etat de la localisation": "autre", "ID BDGEO": "2629", "horodatage": "2022-04-01 11:11:23", "distance (en metres)": 2459.11, "station": "GAMBETTA-JAPON#", "marker-color": "#818181"}}, {"type": "Feature", "geometry": {"type": "Point", "coordinates": [2.320045, 48.859245]}, "properties": {"numparc": 621, "etat de la localisation": "autre", "ID BDGEO": "10829", "horodatage": "2022-04-01 11:11:37", "distance (en metres)": 4471.19, "station": "VOLTAIRE-LEON BLUM.", "marker-color": "#818181"}}, {"type": "Feature", "geometry": {"type": "Point", "coordinates": [2.325404, 48.85569]}, "properties": {"numparc": 620, "etat de la localisation": "autre", "ID BDGEO": "3192", "horodatage": "2022-04-01 11:12:57", "distance (en metres)": 306.24, "station": "SOLFERINO-BELLECHASSE.", "marker-color": "#818181"}}, {"type": "Feature", "geometry": {"type": "Point", "coordinates": [2.348446, 48.85685]}, "properties": {"numparc": 633, "etat de la localisation": "autre", "ID BDGEO": "10829", "horodatage": "2022-04-01 11:13:22", "distance (en metres)": 2393.5, "station": "VOLTAIRE-LEON BLUM.", "marker-color": "#818181"}}, {"type": "Feature", "geometry": {"type": "Point", "coordinates": [2.323685, 48.857784]}, "properties": {"numparc": 621, "etat de la localisation": "autre", "ID BDGEO": "10829", "horodatage": "2022-04-01 11:13:27", "distance (en metres)": 4202.32, "station": "VOLTAIRE-LEON BLUM.", "marker-color": "#818181"}}, {"type": "Feature", "geometry": {"type": "Point", "coordinates": [2.388913, 48.860287]}, "properties": {"numparc": 628, "etat de la localisation": "autre", "ID BDGEO": "655", "horodatage": "2022-04-01 11:13:47", "distance (en metres)": 185.72, "station": "ROQUETTE-PERE LACHAISE", "marker-color": "#818181"}}, {"type": "Feature", "geometry": {"type": "Point", "coordinates": [2.367542, 48.853367]}, "properties": {"numparc": 622, "etat de la localisation": "autre", "ID BDGEO": "2629", "horodatage": "2022-04-01 11:14:06", "distance (en metres)": 2706.6, "station": "GAMBETTA-JAPON#", "marker-color": "#818181"}}, {"type": "Feature", "geometry": {"type": "Point", "coordinates": [2.367442, 48.853386]}, "properties": {"numparc": 622, "etat de la localisation": "autre", "ID BDGEO": "2629", "horodatage": "2022-04-01 11:14:25", "distance (en metres)": 2711.96, "station": "GAMBETTA-JAPON#", "marker-color": "#818181"}}, {"type": "Feature", "geometry": {"type": "Point", "coordinates": [2.326388, 48.85619]}, "properties": {"numparc": 621, "etat de la localisation": "autre", "ID BDGEO": "10829", "horodatage": "2022-04-01 11:14:36", "distance (en metres)": 4008.94, "station": "VOLTAIRE-LEON BLUM.", "marker-color": "#818181"}}, {"type": "Feature", "geometry": {"type": "Point", "coordinates": [2.326388, 48.85619]}, "properties": {"numparc": 621, "etat de la localisation": "autre", "ID BDGEO": "10829", "horodatage": "2022-04-01 11:14:39", "distance (en metres)": 4008.94, "station": "VOLTAIRE-LEON BLUM.", "marker-color": "#818181"}}, {"type": "Feature", "geometry": {"type": "Point", "coordinates": [2.387852, 48.862469]}, "properties": {"numparc": 628, "etat de la localisation": "autre", "ID BDGEO": "653", "horodatage": "2022-04-01 11:14:45", "distance (en metres)": 77.02, "station": "AUGUSTE METIVIER", "marker-color": "#818181"}}, {"type": "Feature", "geometry": {"type": "Point", "coordinates": [2.365234, 48.853886]}, "properties": {"numparc": 622, "etat de la localisation": "autre", "ID BDGEO": "2629", "horodatage": "2022-04-01 11:15:29", "distance (en metres)": 2828.75, "station": "GAMBETTA-JAPON#", "marker-color": "#818181"}}, {"type": "Feature", "geometry": {"type": "Point", "coordinates": [2.362083, 48.854961]}, "properties": {"numparc": 622, "etat de la localisation": "autre", "ID BDGEO": "2629", "horodatage": "2022-04-01 11:16:31", "distance (en metres)": 2988.68, "station": "GAMBETTA-JAPON#", "marker-color": "#818181"}}, {"type": "Feature", "geometry": {"type": "Point", "coordinates": [2.328876, 48.859035]}, "properties": {"numparc": 621, "etat de la localisation": "autre", "ID BDGEO": "10829", "horodatage": "2022-04-01 11:17:23", "distance (en metres)": 3824.72, "station": "VOLTAIRE-LEON BLUM.", "marker-color": "#818181"}}, {"type": "Feature", "geometry": {"type": "Point", "coordinates": [2.357472, 48.856117]}, "properties": {"numparc": 622, "etat de la localisation": "autre", "ID BDGEO": "2629", "horodatage": "2022-04-01 11:18:23", "distance (en metres)": 3260.27, "station": "GAMBETTA-JAPON#", "marker-color": "#818181"}}, {"type": "Feature", "geometry": {"type": "Point", "coordinates": [2.358076, 48.855492]}, "properties": {"numparc": 633, "etat de la localisation": "autre", "ID BDGEO": "10829", "horodatage": "2022-04-01 11:18:39", "distance (en metres)": 1706.8, "station": "VOLTAIRE-LEON BLUM.", "marker-color": "#818181"}}, {"type": "Feature", "geometry": {"type": "Point", "coordinates": [2.309751, 48.857899]}, "properties": {"numparc": 620, "etat de la localisation": "autre", "ID BDGEO": "3192", "horodatage": "2022-04-01 11:19:13", "distance (en metres)": 993.96, "station": "SOLFERINO-BELLECHASSE.", "marker-color": "#818181"}}, {"type": "Feature", "geometry": {"type": "Point", "coordinates": [2.296829, 48.855083]}, "properties": {"numparc": 636, "etat de la localisation": "autre", "ID BDGEO": "10829", "horodatage": "2022-04-01 11:19:25", "distance (en metres)": 6174.95, "station": "VOLTAIRE-LEON BLUM.", "marker-color": "#818181"}}, {"type": "Feature", "geometry": {"type": "Point", "coordinates": [2.306294, 48.857677]}, "properties": {"numparc": 620, "etat de la localisation": "autre", "ID BDGEO": "3192", "horodatage": "2022-04-01 11:20:10", "distance (en metres)": 1247.48, "station": "SOLFERINO-BELLECHASSE.", "marker-color": "#818181"}}, {"type": "Feature", "geometry": {"type": "Point", "coordinates": [2.350565, 48.857483]}, "properties": {"numparc": 622, "etat de la localisation": "autre", "ID BDGEO": "667", "horodatage": "2022-04-01 11:20:31", "distance (en metres)": 75.67, "station": "HOTEL DE VILLE", "marker-color": "#818181"}}, {"type": "Feature", "geometry": {"type": "Point", "coordinates": [2.29991, 48.857239]}, "properties": {"numparc": 636, "etat de la localisation": "autre", "ID BDGEO": "10829", "horodatage": "2022-04-01 11:20:54", "distance (en metres)": 5942.08, "station": "VOLTAIRE-LEON BLUM.", "marker-color": "#818181"}}, {"type": "Feature", "geometry": {"type": "Point", "coordinates": [2.362179, 48.854839]}, "properties": {"numparc": 633, "etat de la localisation": "autre", "ID BDGEO": "10829", "horodatage": "2022-04-01 11:21:01", "distance (en metres)": 1426.32, "station": "VOLTAIRE-LEON BLUM.", "marker-color": "#818181"}}, {"type": "Feature", "geometry": {"type": "Point", "coordinates": [2.303943, 48.856865]}, "properties": {"numparc": 620, "etat de la localisation": "autre", "ID BDGEO": "3192", "horodatage": "2022-04-01 11:21:08", "distance (en metres)": 1425.13, "station": "SOLFERINO-BELLECHASSE.", "marker-color": "#818181"}}, {"type": "Feature", "geometry": {"type": "Point", "coordinates": [2.350493, 48.857475]}, "properties": {"numparc": 622, "etat de la localisation": "autre", "ID BDGEO": "667", "horodatage": "2022-04-01 11:22:16", "distance (en metres)": 72.88, "station": "HOTEL DE VILLE", "marker-color": "#818181"}}, {"type": "Feature", "geometry": {"type": "Point", "coordinates": [2.375471, 48.855911]}, "properties": {"numparc": 632, "etat de la localisation": "autre", "ID BDGEO": "659", "horodatage": "2022-04-01 11:23:13", "distance (en metres)": 360.12, "station": "POPINCOURT", "marker-color": "#818181"}}, {"type": "Feature", "geometry": {"type": "Point", "coordinates": [2.299709, 48.857555]}, "properties": {"numparc": 620, "etat de la localisation": "autre", "ID BDGEO": "3192", "horodatage": "2022-04-01 11:23:23", "distance (en metres)": 1729.4, "station": "SOLFERINO-BELLECHASSE.", "marker-color": "#818181"}}, {"type": "Feature", "geometry": {"type": "Point", "coordinates": [2.34849, 48.85685]}, "properties": {"numparc": 621, "etat de la localisation": "autre", "ID BDGEO": "10829", "horodatage": "2022-04-01 11:23:50", "distance (en metres)": 2390.28, "station": "VOLTAIRE-LEON BLUM.", "marker-color": "#818181"}}, {"type": "Feature", "geometry": {"type": "Point", "coordinates": [2.365479, 48.853802]}, "properties": {"numparc": 633, "etat de la localisation": "autre", "ID BDGEO": "10829", "horodatage": "2022-04-01 11:23:52", "distance (en metres)": 1230.54, "station": "VOLTAIRE-LEON BLUM.", "marker-color": "#818181"}}, {"type": "Feature", "geometry": {"type": "Point", "coordinates": [2.303938, 48.858948]}, "properties": {"numparc": 636, "etat de la localisation": "autre", "ID BDGEO": "10829", "horodatage": "2022-04-01 11:24:09", "distance (en metres)": 5648.2, "station": "VOLTAIRE-LEON BLUM.", "marker-color": "#818181"}}, {"type": "Feature", "geometry": {"type": "Point", "coordinates": [2.29633, 48.855278]}, "properties": {"numparc": 620, "etat de la localisation": "autre", "ID BDGEO": "10829", "horodatage": "2022-04-01 11:24:20", "distance (en metres)": 6210.36, "station": "VOLTAIRE-LEON BLUM.", "marker-color": "#818181"}}, {"type": "Feature", "geometry": {"type": "Point", "coordinates": [2.378383, 48.856911]}, "properties": {"numparc": 632, "etat de la localisation": "autre", "ID BDGEO": "657", "horodatage": "2022-04-01 11:24:29", "distance (en metres)": 221.47, "station": "VOLTAIRE-LEON BLUM", "marker-color": "#818181"}}, {"type": "Feature", "geometry": {"type": "Point", "coordinates": [2.350256, 48.856228]}, "properties": {"numparc": 621, "etat de la localisation": "autre", "ID BDGEO": "10829", "horodatage": "2022-04-01 11:24:53", "distance (en metres)": 2265.74, "station": "VOLTAIRE-LEON BLUM.", "marker-color": "#818181"}}, {"type": "Feature", "geometry": {"type": "Point", "coordinates": [2.29633, 48.855278]}, "properties": {"numparc": 620, "etat de la localisation": "autre", "ID BDGEO": "10829", "horodatage": "2022-04-01 11:25:09", "distance (en metres)": 6210.36, "station": "VOLTAIRE-LEON BLUM.", "marker-color": "#818181"}}, {"type": "Feature", "geometry": {"type": "Point", "coordinates": [2.399322, 48.865818]}, "properties": {"numparc": 626, "etat de la localisation": "autre", "ID BDGEO": "2629", "horodatage": "2022-04-01 11:25:10", "distance (en metres)": 69.97, "station": "GAMBETTA-JAPON#", "marker-color": "#818181"}}, {"type": "Feature", "geometry": {"type": "Point", "coordinates": [2.397702, 48.864964]}, "properties": {"numparc": 637, "etat de la localisation": "autre", "ID BDGEO": "2629", "horodatage": "2022-04-01 11:25:21", "distance (en metres)": 157.97, "station": "GAMBETTA-JAPON#", "marker-color": "#818181"}}, {"type": "Feature", "geometry": {"type": "Point", "coordinates": [2.307184, 48.859589]}, "properties": {"numparc": 636, "etat de la localisation": "autre", "ID BDGEO": "10829", "horodatage": "2022-04-01 11:25:34", "distance (en metres)": 5412.81, "station": "VOLTAIRE-LEON BLUM.", "marker-color": "#818181"}}, {"type": "Feature", "geometry": {"type": "Point", "coordinates": [2.368074, 48.853336]}, "properties": {"numparc": 633, "etat de la localisation": "autre", "ID BDGEO": "10829", "horodatage": "2022-04-01 11:25:44", "distance (en metres)": 1079.35, "station": "VOLTAIRE-LEON BLUM.", "marker-color": "#818181"}}, {"type": "Feature", "geometry": {"type": "Point", "coordinates": [2.394879, 48.864811]}, "properties": {"numparc": 637, "etat de la localisation": "autre", "ID BDGEO": "2629", "horodatage": "2022-04-01 11:26:25", "distance (en metres)": 364.28, "station": "GAMBETTA-JAPON#", "marker-color": "#818181"}}, {"type": "Feature", "geometry": {"type": "Point", "coordinates": [2.31444, 48.85994]}, "properties": {"numparc": 636, "etat de la localisation": "autre", "ID BDGEO": "10829", "horodatage": "2022-04-01 11:29:21", "distance (en metres)": 4884.02, "station": "VOLTAIRE-LEON BLUM.", "marker-color": "#818181"}}, {"type": "Feature", "geometry": {"type": "Point", "coordinates": [2.370708, 48.853401]}, "properties": {"numparc": 633, "etat de la localisation": "autre", "ID BDGEO": "10829", "horodatage": "2022-04-01 11:29:33", "distance (en metres)": 909.33, "station": "VOLTAIRE-LEON BLUM.", "marker-color": "#818181"}}, {"type": "Feature", "geometry": {"type": "Point", "coordinates": [2.36549, 48.853725]}, "properties": {"numparc": 621, "etat de la localisation": "autre", "ID BDGEO": "10829", "horodatage": "2022-04-01 11:29:41", "distance (en metres)": 1232.93, "station": "VOLTAIRE-LEON BLUM.", "marker-color": "#818181"}}, {"type": "Feature", "geometry": {"type": "Point", "coordinates": [2.371875, 48.854244]}, "properties": {"numparc": 633, "etat de la localisation": "autre", "ID BDGEO": "10829", "horodatage": "2022-04-01 11:30:27", "distance (en metres)": 787.29, "station": "VOLTAIRE-LEON BLUM.", "marker-color": "#818181"}}, {"type": "Feature", "geometry": {"type": "Point", "coordinates": [2.394219, 48.86993]}, "properties": {"numparc": 628, "etat de la localisation": "Deviation programmee", "ID BDGEO": "712", "horodatage": "2022-04-01 11:30:40", "distance (en metres)": 568.73, "station": "MARTIN NADAUD", "marker-color": "#56FF93"}}, {"type": "Feature", "geometry": {"type": "Point", "coordinates": [2.387823, 48.862526]}, "properties": {"numparc": 632, "etat de la localisation": "autre", "ID BDGEO": "653", "horodatage": "2022-04-01 11:30:43", "distance (en metres)": 71.96, "station": "AUGUSTE METIVIER", "marker-color": "#818181"}}, {"type": "Feature", "geometry": {"type": "Point", "coordinates": [2.325433, 48.855648]}, "properties": {"numparc": 634, "etat de la localisation": "autre", "ID BDGEO": "3192", "horodatage": "2022-04-01 11:30:46", "distance (en metres)": 311.35, "station": "SOLFERINO-BELLECHASSE.", "marker-color": "#818181"}}, {"type": "Feature", "geometry": {"type": "Point", "coordinates": [2.388336, 48.863174]}, "properties": {"numparc": 637, "etat de la localisation": "autre", "ID BDGEO": "2629", "horodatage": "2022-04-01 11:31:00", "distance (en metres)": 871.15, "station": "GAMBETTA-JAPON#", "marker-color": "#818181"}}, {"type": "Feature", "geometry": {"type": "Point", "coordinates": [2.367949, 48.853306]}, "properties": {"numparc": 621, "etat de la localisation": "autre", "ID BDGEO": "10829", "horodatage": "2022-04-01 11:31:26", "distance (en metres)": 1089.02, "station": "VOLTAIRE-LEON BLUM.", "marker-color": "#818181"}}, {"type": "Feature", "geometry": {"type": "Point", "coordinates": [2.319893, 48.859234]}, "properties": {"numparc": 636, "etat de la localisation": "autre", "ID BDGEO": "10829", "horodatage": "2022-04-01 11:31:42", "distance (en metres)": 4482.27, "station": "VOLTAIRE-LEON BLUM.", "marker-color": "#818181"}}, {"type": "Feature", "geometry": {"type": "Point", "coordinates": [2.375472, 48.855755]}, "properties": {"numparc": 633, "etat de la localisation": "autre", "ID BDGEO": "10829", "horodatage": "2022-04-01 11:32:02", "distance (en metres)": 475.34, "station": "VOLTAIRE-LEON BLUM.", "marker-color": "#818181"}}, {"type": "Feature", "geometry": {"type": "Point", "coordinates": [2.397027, 48.866779]}, "properties": {"numparc": 628, "etat de la localisation": "Deviation programmee", "ID BDGEO": "3196", "horodatage": "2022-04-01 11:32:40", "distance (en metres)": 201.61, "station": "GAMBETTA-MAIRIE DU 20EME.", "marker-color": "#56FF93"}}, {"type": "Feature", "geometry": {"type": "Point", "coordinates": [2.320583, 48.856564]}, "properties": {"numparc": 634, "etat de la localisation": "autre", "ID BDGEO": "3192", "horodatage": "2022-04-01 11:32:53", "distance (en metres)": 262.87, "station": "SOLFERINO-BELLECHASSE.", "marker-color": "#818181"}}, {"type": "Feature", "geometry": {"type": "Point", "coordinates": [2.397027, 48.866779]}, "properties": {"numparc": 628, "etat de la localisation": "Deviation programmee", "ID BDGEO": "3196", "horodatage": "2022-04-01 11:32:54", "distance (en metres)": 201.61, "station": "GAMBETTA-MAIRIE DU 20EME.", "marker-color": "#56FF93"}}, {"type": "Feature", "geometry": {"type": "Point", "coordinates": [2.385402, 48.862057]}, "properties": {"numparc": 637, "etat de la localisation": "autre", "ID BDGEO": "2629", "horodatage": "2022-04-01 11:32:57", "distance (en metres)": 1113.0, "station": "GAMBETTA-JAPON#", "marker-color": "#818181"}}, {"type": "Feature", "geometry": {"type": "Point", "coordinates": [2.378307, 48.856827]}, "properties": {"numparc": 633, "etat de la localisation": "autre", "ID BDGEO": "10829", "horodatage": "2022-04-01 11:33:21", "distance (en metres)": 236.13, "station": "VOLTAIRE-LEON BLUM.", "marker-color": "#818181"}}, {"type": "Feature", "geometry": {"type": "Point", "coordinates": [2.370742, 48.853634]}, "properties": {"numparc": 621, "etat de la localisation": "autre", "ID BDGEO": "10829", "horodatage": "2022-04-01 11:34:11", "distance (en metres)": 893.36, "station": "VOLTAIRE-LEON BLUM.", "marker-color": "#818181"}}, {"type": "Feature", "geometry": {"type": "Point", "coordinates": [2.350232, 48.85619]}, "properties": {"numparc": 622, "etat de la localisation": "autre", "ID BDGEO": "667", "horodatage": "2022-04-01 11:34:17", "distance (en metres)": 201.43, "station": "HOTEL DE VILLE", "marker-color": "#818181"}}, {"type": "Feature", "geometry": {"type": "Point", "coordinates": [2.317026, 48.857605]}, "properties": {"numparc": 634, "etat de la localisation": "autre", "ID BDGEO": "3192", "horodatage": "2022-04-01 11:34:23", "distance (en metres)": 464.59, "station": "SOLFERINO-BELLECHASSE.", "marker-color": "#818181"}}, {"type": "Feature", "geometry": {"type": "Point", "coordinates": [2.386535, 48.859974]}, "properties": {"numparc": 637, "etat de la localisation": "autre", "ID BDGEO": "2629", "horodatage": "2022-04-01 11:34:43", "distance (en metres)": 1135.98, "station": "GAMBETTA-JAPON#", "marker-color": "#818181"}}, {"type": "Feature", "geometry": {"type": "Point", "coordinates": [2.313911, 48.858292]}, "properties": {"numparc": 634, "etat de la localisation": "autre", "ID BDGEO": "3192", "horodatage": "2022-04-01 11:35:26", "distance (en metres)": 689.8, "station": "SOLFERINO-BELLECHASSE.", "marker-color": "#818181"}}, {"type": "Feature", "geometry": {"type": "Point", "coordinates": [2.323697, 48.857761]}, "properties": {"numparc": 636, "etat de la localisation": "autre", "ID BDGEO": "10829", "horodatage": "2022-04-01 11:35:36", "distance (en metres)": 4201.44, "station": "VOLTAIRE-LEON BLUM.", "marker-color": "#818181"}}, {"type": "Feature", "geometry": {"type": "Point", "coordinates": [2.384869, 48.858932]}, "properties": {"numparc": 637, "etat de la localisation": "autre", "ID BDGEO": "2629", "horodatage": "2022-04-01 11:36:10", "distance (en metres)": 1300.74, "station": "GAMBETTA-JAPON#", "marker-color": "#818181"}}, {"type": "Feature", "geometry": {"type": "Point", "coordinates": [2.375513, 48.855919]}, "properties": {"numparc": 621, "etat de la localisation": "autre", "ID BDGEO": "10829", "horodatage": "2022-04-01 11:36:12", "distance (en metres)": 463.97, "station": "VOLTAIRE-LEON BLUM.", "marker-color": "#818181"}}, {"type": "Feature", "geometry": {"type": "Point", "coordinates": [2.399819, 48.865364]}, "properties": {"numparc": 629, "etat de la localisation": "autre", "ID BDGEO": "3196", "horodatage": "2022-04-01 11:36:59", "distance (en metres)": 56.68, "station": "GAMBETTA-MAIRIE DU 20EME.", "marker-color": "#818181"}}, {"type": "Feature", "geometry": {"type": "Point", "coordinates": [2.296698, 48.855015]}, "properties": {"numparc": 620, "etat de la localisation": "autre", "ID BDGEO": "10829", "horodatage": "2022-04-01 11:37:05", "distance (en metres)": 6184.9, "station": "VOLTAIRE-LEON BLUM.", "marker-color": "#818181"}}, {"type": "Feature", "geometry": {"type": "Point", "coordinates": [2.378182, 48.856884]}, "properties": {"numparc": 621, "etat de la localisation": "autre", "ID BDGEO": "10829", "horodatage": "2022-04-01 11:37:13", "distance (en metres)": 241.24, "station": "VOLTAIRE-LEON BLUM.", "marker-color": "#818181"}}, {"type": "Feature", "geometry": {"type": "Point", "coordinates": [2.326435, 48.856174]}, "properties": {"numparc": 636, "etat de la localisation": "autre", "ID BDGEO": "10829", "horodatage": "2022-04-01 11:37:29", "distance (en metres)": 4005.57, "station": "VOLTAIRE-LEON BLUM.", "marker-color": "#818181"}}, {"type": "Feature", "geometry": {"type": "Point", "coordinates": [2.358088, 48.855438]}, "properties": {"numparc": 622, "etat de la localisation": "autre", "ID BDGEO": "666", "horodatage": "2022-04-01 11:37:33", "distance (en metres)": 90.37, "station": "RUE VIEILLE DU TEMPLE-MAIRIE DU 4e", "marker-color": "#818181"}}, {"type": "Feature", "geometry": {"type": "Point", "coordinates": [2.306172, 48.857723]}, "properties": {"numparc": 634, "etat de la localisation": "autre", "ID BDGEO": "3192", "horodatage": "2022-04-01 11:37:36", "distance (en metres)": 1256.23, "station": "SOLFERINO-BELLECHASSE.", "marker-color": "#818181"}}, {"type": "Feature", "geometry": {"type": "Point", "coordinates": [2.303813, 48.85693]}, "properties": {"numparc": 634, "etat de la localisation": "autre", "ID BDGEO": "3192", "horodatage": "2022-04-01 11:38:20", "distance (en metres)": 1433.93, "station": "SOLFERINO-BELLECHASSE.", "marker-color": "#818181"}}, {"type": "Feature", "geometry": {"type": "Point", "coordinates": [2.296698, 48.855015]}, "properties": {"numparc": 620, "etat de la localisation": "autre", "ID BDGEO": "10829", "horodatage": "2022-04-01 11:38:39", "distance (en metres)": 6184.9, "station": "VOLTAIRE-LEON BLUM.", "marker-color": "#818181"}}, {"type": "Feature", "geometry": {"type": "Point", "coordinates": [2.32906, 48.858971]}, "properties": {"numparc": 636, "etat de la localisation": "autre", "ID BDGEO": "10829", "horodatage": "2022-04-01 11:38:43", "distance (en metres)": 3811.03, "station": "VOLTAIRE-LEON BLUM.", "marker-color": "#818181"}}, {"type": "Feature", "geometry": {"type": "Point", "coordinates": [2.399902, 48.865364]}, "properties": {"numparc": 628, "etat de la localisation": "autre", "ID BDGEO": "3196", "horodatage": "2022-04-01 11:38:51", "distance (en metres)": 61.97, "station": "GAMBETTA-MAIRIE DU 20EME.", "marker-color": "#818181"}}, {"type": "Feature", "geometry": {"type": "Point", "coordinates": [2.380809, 48.85791]}, "properties": {"numparc": 637, "etat de la localisation": "autre", "ID BDGEO": "2629", "horodatage": "2022-04-01 11:39:19", "distance (en metres)": 1613.27, "station": "GAMBETTA-JAPON#", "marker-color": "#818181"}}, {"type": "Feature", "geometry": {"type": "Point", "coordinates": [2.299985, 48.857277]}, "properties": {"numparc": 620, "etat de la localisation": "autre", "ID BDGEO": "10829", "horodatage": "2022-04-01 11:39:48", "distance (en metres)": 5936.55, "station": "VOLTAIRE-LEON BLUM.", "marker-color": "#818181"}}, {"type": "Feature", "geometry": {"type": "Point", "coordinates": [2.394867, 48.864788]}, "properties": {"numparc": 626, "etat de la localisation": "autre", "ID BDGEO": "2629", "horodatage": "2022-04-01 11:40:11", "distance (en metres)": 365.53, "station": "GAMBETTA-JAPON#", "marker-color": "#818181"}}, {"type": "Feature", "geometry": {"type": "Point", "coordinates": [2.299475, 48.857456]}, "properties": {"numparc": 634, "etat de la localisation": "autre", "ID BDGEO": "3192", "horodatage": "2022-04-01 11:40:54", "distance (en metres)": 1746.93, "station": "SOLFERINO-BELLECHASSE.", "marker-color": "#818181"}}, {"type": "Feature", "geometry": {"type": "Point", "coordinates": [2.377617, 48.860085]}, "properties": {"numparc": 637, "etat de la localisation": "autre", "ID BDGEO": "2629", "horodatage": "2022-04-01 11:41:29", "distance (en metres)": 1722.95, "station": "GAMBETTA-JAPON#", "marker-color": "#818181"}}, {"type": "Feature", "geometry": {"type": "Point", "coordinates": [2.388958, 48.860271]}, "properties": {"numparc": 633, "etat de la localisation": "autre", "ID BDGEO": "655", "horodatage": "2022-04-01 11:41:42", "distance (en metres)": 188.51, "station": "ROQUETTE-PERE LACHAISE", "marker-color": "#818181"}}, {"type": "Feature", "geometry": {"type": "Point", "coordinates": [2.296299, 48.855213]}, "properties": {"numparc": 634, "etat de la localisation": "autre", "ID BDGEO": "10829", "horodatage": "2022-04-01 11:42:10", "distance (en metres)": 6212.97, "station": "VOLTAIRE-LEON BLUM.", "marker-color": "#818181"}}, {"type": "Feature", "geometry": {"type": "Point", "coordinates": [2.333973, 48.859886]}, "properties": {"numparc": 636, "etat de la localisation": "autre", "ID BDGEO": "10829", "horodatage": "2022-04-01 11:42:15", "distance (en metres)": 3456.93, "station": "VOLTAIRE-LEON BLUM.", "marker-color": "#818181"}}, {"type": "Feature", "geometry": {"type": "Point", "coordinates": [2.388243, 48.863068]}, "properties": {"numparc": 626, "etat de la localisation": "autre", "ID BDGEO": "2629", "horodatage": "2022-04-01 11:42:31", "distance (en metres)": 880.94, "station": "GAMBETTA-JAPON#", "marker-color": "#818181"}}, {"type": "Feature", "geometry": {"type": "Point", "coordinates": [2.388243, 48.863068]}, "properties": {"numparc": 626, "etat de la localisation": "autre", "ID BDGEO": "2629", "horodatage": "2022-04-01 11:42:34", "distance (en metres)": 880.94, "station": "GAMBETTA-JAPON#", "marker-color": "#818181"}}, {"type": "Feature", "geometry": {"type": "Point", "coordinates": [2.374826, 48.859188]}, "properties": {"numparc": 637, "etat de la localisation": "autre", "ID BDGEO": "2629", "horodatage": "2022-04-01 11:42:39", "distance (en metres)": 1948.89, "station": "GAMBETTA-JAPON#", "marker-color": "#818181"}}, {"type": "Feature", "geometry": {"type": "Point", "coordinates": [2.387813, 48.862545]}, "properties": {"numparc": 633, "etat de la localisation": "autre", "ID BDGEO": "653", "horodatage": "2022-04-01 11:42:49", "distance (en metres)": 70.34, "station": "AUGUSTE METIVIER", "marker-color": "#818181"}}, {"type": "Feature", "geometry": {"type": "Point", "coordinates": [2.303958, 48.858994]}, "properties": {"numparc": 620, "etat de la localisation": "autre", "ID BDGEO": "10829", "horodatage": "2022-04-01 11:43:01", "distance (en metres)": 5646.84, "station": "VOLTAIRE-LEON BLUM.", "marker-color": "#818181"}}, {"type": "Feature", "geometry": {"type": "Point", "coordinates": [2.387813, 48.862545]}, "properties": {"numparc": 633, "etat de la localisation": "autre", "ID BDGEO": "653", "horodatage": "2022-04-01 11:43:03", "distance (en metres)": 70.34, "station": "AUGUSTE METIVIER", "marker-color": "#818181"}}, {"type": "Feature", "geometry": {"type": "Point", "coordinates": [2.338499, 48.859161]}, "properties": {"numparc": 636, "etat de la localisation": "autre", "ID BDGEO": "10829", "horodatage": "2022-04-01 11:43:20", "distance (en metres)": 3121.84, "station": "VOLTAIRE-LEON BLUM.", "marker-color": "#818181"}}, {"type": "Feature", "geometry": {"type": "Point", "coordinates": [2.29584, 48.854771]}, "properties": {"numparc": 634, "etat de la localisation": "autre", "ID BDGEO": "10829", "horodatage": "2022-04-01 11:43:29", "distance (en metres)": 6249.04, "station": "VOLTAIRE-LEON BLUM.", "marker-color": "#818181"}}, {"type": "Feature", "geometry": {"type": "Point", "coordinates": [2.368126, 48.853302]}, "properties": {"numparc": 622, "etat de la localisation": "autre", "ID BDGEO": "663", "horodatage": "2022-04-01 11:44:14", "distance (en metres)": 46.65, "station": "BASTILLE-RUE SAINT-ANTOINE", "marker-color": "#818181"}}, {"type": "Feature", "geometry": {"type": "Point", "coordinates": [2.385329, 48.861946]}, "properties": {"numparc": 626, "etat de la localisation": "autre", "ID BDGEO": "2629", "horodatage": "2022-04-01 11:44:24", "distance (en metres)": 1122.05, "station": "GAMBETTA-JAPON#", "marker-color": "#818181"}}, {"type": "Feature", "geometry": {"type": "Point", "coordinates": [2.371298, 48.857941]}, "properties": {"numparc": 637, "etat de la localisation": "autre", "ID BDGEO": "2629", "horodatage": "2022-04-01 11:44:25", "distance (en metres)": 2239.46, "station": "GAMBETTA-JAPON#", "marker-color": "#818181"}}, {"type": "Feature", "geometry": {"type": "Point", "coordinates": [2.341417, 48.858627]}, "properties": {"numparc": 636, "etat de la localisation": "autre", "ID BDGEO": "10829", "horodatage": "2022-04-01 11:44:27", "distance (en metres)": 2906.28, "station": "VOLTAIRE-LEON BLUM.", "marker-color": "#818181"}}, {"type": "Feature", "geometry": {"type": "Point", "coordinates": [2.307156, 48.859634]}, "properties": {"numparc": 620, "etat de la localisation": "autre", "ID BDGEO": "10829", "horodatage": "2022-04-01 11:44:37", "distance (en metres)": 5415.03, "station": "VOLTAIRE-LEON BLUM.", "marker-color": "#818181"}}, {"type": "Feature", "geometry": {"type": "Point", "coordinates": [2.388999, 48.860233]}, "properties": {"numparc": 621, "etat de la localisation": "autre", "ID BDGEO": "655", "horodatage": "2022-04-01 11:45:07", "distance (en metres)": 190.49, "station": "ROQUETTE-PERE LACHAISE", "marker-color": "#818181"}}, {"type": "Feature", "geometry": {"type": "Point", "coordinates": [2.29584, 48.854771]}, "properties": {"numparc": 634, "etat de la localisation": "autre", "ID BDGEO": "10829", "horodatage": "2022-04-01 11:45:10", "distance (en metres)": 6249.04, "station": "VOLTAIRE-LEON BLUM.", "marker-color": "#818181"}}, {"type": "Feature", "geometry": {"type": "Point", "coordinates": [2.348444, 48.856846]}, "properties": {"numparc": 636, "etat de la localisation": "autre", "ID BDGEO": "10829", "horodatage": "2022-04-01 11:45:53", "distance (en metres)": 2393.66, "station": "VOLTAIRE-LEON BLUM.", "marker-color": "#818181"}}, {"type": "Feature", "geometry": {"type": "Point", "coordinates": [2.387736, 48.862553]}, "properties": {"numparc": 621, "etat de la localisation": "autre", "ID BDGEO": "653", "horodatage": "2022-04-01 11:46:08", "distance (en metres)": 72.2, "station": "AUGUSTE METIVIER", "marker-color": "#818181"}}, {"type": "Feature", "geometry": {"type": "Point", "coordinates": [2.384883, 48.859169]}, "properties": {"numparc": 626, "etat de la localisation": "autre", "ID BDGEO": "2629", "horodatage": "2022-04-01 11:46:20", "distance (en metres)": 1285.81, "station": "GAMBETTA-JAPON#", "marker-color": "#818181"}}, {"type": "Feature", "geometry": {"type": "Point", "coordinates": [2.368606, 48.857059]}, "properties": {"numparc": 637, "etat de la localisation": "autre", "ID BDGEO": "2629", "horodatage": "2022-04-01 11:46:26", "distance (en metres)": 2458.65, "station": "GAMBETTA-JAPON#", "marker-color": "#818181"}}, {"type": "Feature", "geometry": {"type": "Point", "coordinates": [2.350317, 48.856174]}, "properties": {"numparc": 636, "etat de la localisation": "autre", "ID BDGEO": "10829", "horodatage": "2022-04-01 11:46:52", "distance (en metres)": 2261.77, "station": "VOLTAIRE-LEON BLUM.", "marker-color": "#818181"}}, {"type": "Feature", "geometry": {"type": "Point", "coordinates": [2.370732, 48.853638]}, "properties": {"numparc": 622, "etat de la localisation": "autre", "ID BDGEO": "663", "horodatage": "2022-04-01 11:47:09", "distance (en metres)": 239.76, "station": "BASTILLE-RUE SAINT-ANTOINE", "marker-color": "#818181"}}, {"type": "Feature", "geometry": {"type": "Point", "coordinates": [2.38075, 48.858192]}, "properties": {"numparc": 626, "etat de la localisation": "autre", "ID BDGEO": "2629", "horodatage": "2022-04-01 11:47:59", "distance (en metres)": 1601.32, "station": "GAMBETTA-JAPON#", "marker-color": "#818181"}}, {"type": "Feature", "geometry": {"type": "Point", "coordinates": [2.319929, 48.859131]}, "properties": {"numparc": 620, "etat de la localisation": "autre", "ID BDGEO": "10829", "horodatage": "2022-04-01 11:48:21", "distance (en metres)": 4479.27, "station": "VOLTAIRE-LEON BLUM.", "marker-color": "#818181"}}, {"type": "Feature", "geometry": {"type": "Point", "coordinates": [2.355949, 48.855865]}, "properties": {"numparc": 636, "etat de la localisation": "autre", "ID BDGEO": "10829", "horodatage": "2022-04-01 11:49:51", "distance (en metres)": 1855.28, "station": "VOLTAIRE-LEON BLUM.", "marker-color": "#818181"}}, {"type": "Feature", "geometry": {"type": "Point", "coordinates": [2.399939, 48.865105]}, "properties": {"numparc": 629, "etat de la localisation": "autre", "ID BDGEO": "3196", "horodatage": "2022-04-01 11:49:52", "distance (en metres)": 81.62, "station": "GAMBETTA-MAIRIE DU 20EME.", "marker-color": "#818181"}}, {"type": "Feature", "geometry": {"type": "Point", "coordinates": [2.326462, 48.856159]}, "properties": {"numparc": 620, "etat de la localisation": "autre", "ID BDGEO": "10829", "horodatage": "2022-04-01 11:50:19", "distance (en metres)": 4003.68, "station": "VOLTAIRE-LEON BLUM.", "marker-color": "#818181"}}, {"type": "Feature", "geometry": {"type": "Point", "coordinates": [2.375461, 48.855934]}, "properties": {"numparc": 622, "etat de la localisation": "autre", "ID BDGEO": "659", "horodatage": "2022-04-01 11:50:45", "distance (en metres)": 357.49, "station": "POPINCOURT", "marker-color": "#818181"}}, {"type": "Feature", "geometry": {"type": "Point", "coordinates": [2.377679, 48.860107]}, "properties": {"numparc": 626, "etat de la localisation": "autre", "ID BDGEO": "2629", "horodatage": "2022-04-01 11:50:55", "distance (en metres)": 1717.81, "station": "GAMBETTA-JAPON#", "marker-color": "#818181"}}, {"type": "Feature", "geometry": {"type": "Point", "coordinates": [2.367651, 48.853367]}, "properties": {"numparc": 637, "etat de la localisation": "autre", "ID BDGEO": "2629", "horodatage": "2022-04-01 11:51:19", "distance (en metres)": 2699.65, "station": "GAMBETTA-JAPON#", "marker-color": "#818181"}}, {"type": "Feature", "geometry": {"type": "Point", "coordinates": [2.399964, 48.865192]}, "properties": {"numparc": 632, "etat de la localisation": "autre", "ID BDGEO": "3196", "horodatage": "2022-04-01 11:51:25", "distance (en metres)": 76.4, "station": "GAMBETTA-MAIRIE DU 20EME.", "marker-color": "#818181"}}, {"type": "Feature", "geometry": {"type": "Point", "coordinates": [2.399964, 48.865192]}, "properties": {"numparc": 632, "etat de la localisation": "autre", "ID BDGEO": "3196", "horodatage": "2022-04-01 11:51:31", "distance (en metres)": 76.4, "station": "GAMBETTA-MAIRIE DU 20EME.", "marker-color": "#818181"}}, {"type": "Feature", "geometry": {"type": "Point", "coordinates": [2.362092, 48.854736]}, "properties": {"numparc": 636, "etat de la localisation": "autre", "ID BDGEO": "10829", "horodatage": "2022-04-01 11:52:24", "distance (en metres)": 1435.24, "station": "VOLTAIRE-LEON BLUM.", "marker-color": "#818181"}}, {"type": "Feature", "geometry": {"type": "Point", "coordinates": [2.362092, 48.854736]}, "properties": {"numparc": 636, "etat de la localisation": "autre", "ID BDGEO": "10829", "horodatage": "2022-04-01 11:52:34", "distance (en metres)": 1435.24, "station": "VOLTAIRE-LEON BLUM.", "marker-color": "#818181"}}, {"type": "Feature", "geometry": {"type": "Point", "coordinates": [2.32902, 48.858959]}, "properties": {"numparc": 620, "etat de la localisation": "autre", "ID BDGEO": "10829", "horodatage": "2022-04-01 11:52:35", "distance (en metres)": 3813.91, "station": "VOLTAIRE-LEON BLUM.", "marker-color": "#818181"}}, {"type": "Feature", "geometry": {"type": "Point", "coordinates": [2.365316, 48.853889]}, "properties": {"numparc": 637, "etat de la localisation": "autre", "ID BDGEO": "2629", "horodatage": "2022-04-01 11:52:52", "distance (en metres)": 2823.19, "station": "GAMBETTA-JAPON#", "marker-color": "#818181"}}, {"type": "Feature", "geometry": {"type": "Point", "coordinates": [2.378351, 48.85693]}, "properties": {"numparc": 622, "etat de la localisation": "autre", "ID BDGEO": "657", "horodatage": "2022-04-01 11:53:21", "distance (en metres)": 222.56, "station": "VOLTAIRE-LEON BLUM", "marker-color": "#818181"}}, {"type": "Feature", "geometry": {"type": "Point", "coordinates": [2.374816, 48.859112]}, "properties": {"numparc": 626, "etat de la localisation": "autre", "ID BDGEO": "2629", "horodatage": "2022-04-01 11:53:32", "distance (en metres)": 1952.54, "station": "GAMBETTA-JAPON#", "marker-color": "#818181"}}, {"type": "Feature", "geometry": {"type": "Point", "coordinates": [2.371274, 48.857773]}, "properties": {"numparc": 626, "etat de la localisation": "autre", "ID BDGEO": "2629", "horodatage": "2022-04-01 11:54:39", "distance (en metres)": 2247.97, "station": "GAMBETTA-JAPON#", "marker-color": "#818181"}}, {"type": "Feature", "geometry": {"type": "Point", "coordinates": [2.399902, 48.865364]}, "properties": {"numparc": 628, "etat de la localisation": "autre", "ID BDGEO": "3196", "horodatage": "2022-04-01 11:54:50", "distance (en metres)": 61.97, "station": "GAMBETTA-MAIRIE DU 20EME.", "marker-color": "#818181"}}, {"type": "Feature", "geometry": {"type": "Point", "coordinates": [2.362095, 48.854931]}, "properties": {"numparc": 637, "etat de la localisation": "autre", "ID BDGEO": "2629", "horodatage": "2022-04-01 11:54:59", "distance (en metres)": 2989.16, "station": "GAMBETTA-JAPON#", "marker-color": "#818181"}}, {"type": "Feature", "geometry": {"type": "Point", "coordinates": [2.365438, 48.853741]}, "properties": {"numparc": 636, "etat de la localisation": "autre", "ID BDGEO": "10829", "horodatage": "2022-04-01 11:55:12", "distance (en metres)": 1235.83, "station": "VOLTAIRE-LEON BLUM.", "marker-color": "#818181"}}, {"type": "Feature", "geometry": {"type": "Point", "coordinates": [2.362038, 48.854961]}, "properties": {"numparc": 637, "etat de la localisation": "autre", "ID BDGEO": "2629", "horodatage": "2022-04-01 11:55:23", "distance (en metres)": 2991.72, "station": "GAMBETTA-JAPON#", "marker-color": "#818181"}}, {"type": "Feature", "geometry": {"type": "Point", "coordinates": [2.388289, 48.86298]}, "properties": {"numparc": 629, "etat de la localisation": "autre", "ID BDGEO": "711", "horodatage": "2022-04-01 11:55:33", "distance (en metres)": 75.09, "station": "PERE LACHAISE", "marker-color": "#818181"}}, {"type": "Feature", "geometry": {"type": "Point", "coordinates": [2.368601, 48.856888]}, "properties": {"numparc": 626, "etat de la localisation": "autre", "ID BDGEO": "2629", "horodatage": "2022-04-01 11:55:51", "distance (en metres)": 2466.15, "station": "GAMBETTA-JAPON#", "marker-color": "#818181"}}, {"type": "Feature", "geometry": {"type": "Point", "coordinates": [2.388242, 48.862968]}, "properties": {"numparc": 629, "etat de la localisation": "autre", "ID BDGEO": "711", "horodatage": "2022-04-01 11:55:55", "distance (en metres)": 72.03, "station": "PERE LACHAISE", "marker-color": "#818181"}}, {"type": "Feature", "geometry": {"type": "Point", "coordinates": [2.368083, 48.853306]}, "properties": {"numparc": 636, "etat de la localisation": "autre", "ID BDGEO": "10829", "horodatage": "2022-04-01 11:56:10", "distance (en metres)": 1080.35, "station": "VOLTAIRE-LEON BLUM.", "marker-color": "#818181"}}, {"type": "Feature", "geometry": {"type": "Point", "coordinates": [2.34146, 48.858681]}, "properties": {"numparc": 620, "etat de la localisation": "autre", "ID BDGEO": "10829", "horodatage": "2022-04-01 11:56:12", "distance (en metres)": 2903.32, "station": "VOLTAIRE-LEON BLUM.", "marker-color": "#818181"}}, {"type": "Feature", "geometry": {"type": "Point", "coordinates": [2.357582, 48.856071]}, "properties": {"numparc": 637, "etat de la localisation": "autre", "ID BDGEO": "2629", "horodatage": "2022-04-01 11:56:55", "distance (en metres)": 3254.21, "station": "GAMBETTA-JAPON#", "marker-color": "#818181"}}, {"type": "Feature", "geometry": {"type": "Point", "coordinates": [2.348524, 48.856785]}, "properties": {"numparc": 620, "etat de la localisation": "autre", "ID BDGEO": "10829", "horodatage": "2022-04-01 11:57:22", "distance (en metres)": 2388.14, "station": "VOLTAIRE-LEON BLUM.", "marker-color": "#818181"}}, {"type": "Feature", "geometry": {"type": "Point", "coordinates": [2.350067, 48.856243]}, "properties": {"numparc": 620, "etat de la localisation": "autre", "ID BDGEO": "10829", "horodatage": "2022-04-01 11:58:21", "distance (en metres)": 2279.39, "station": "VOLTAIRE-LEON BLUM.", "marker-color": "#818181"}}, {"type": "Feature", "geometry": {"type": "Point", "coordinates": [2.296754, 48.855061]}, "properties": {"numparc": 634, "etat de la localisation": "autre", "ID BDGEO": "10829", "horodatage": "2022-04-01 11:58:55", "distance (en metres)": 6180.57, "station": "VOLTAIRE-LEON BLUM.", "marker-color": "#818181"}}, {"type": "Feature", "geometry": {"type": "Point", "coordinates": [2.370673, 48.853756]}, "properties": {"numparc": 636, "etat de la localisation": "autre", "ID BDGEO": "10829", "horodatage": "2022-04-01 11:59:10", "distance (en metres)": 890.64, "station": "VOLTAIRE-LEON BLUM.", "marker-color": "#818181"}}, {"type": "Feature", "geometry": {"type": "Point", "coordinates": [2.367614, 48.853405]}, "properties": {"numparc": 626, "etat de la localisation": "autre", "ID BDGEO": "2629", "horodatage": "2022-04-01 11:59:35", "distance (en metres)": 2699.93, "station": "GAMBETTA-JAPON#", "marker-color": "#818181"}}, {"type": "Feature", "geometry": {"type": "Point", "coordinates": [2.400044, 48.864971]}, "properties": {"numparc": 628, "etat de la localisation": "autre", "ID BDGEO": "3196", "horodatage": "2022-04-01 11:59:46", "distance (en metres)": 97.7, "station": "GAMBETTA-MAIRIE DU 20EME.", "marker-color": "#818181"}}, {"type": "Feature", "geometry": {"type": "Point", "coordinates": [2.350621, 48.857483]}, "properties": {"numparc": 637, "etat de la localisation": "autre", "ID BDGEO": "2629", "horodatage": "2022-04-01 11:59:59", "distance (en metres)": 3701.12, "station": "GAMBETTA-JAPON#", "marker-color": "#818181"}}, {"type": "Feature", "geometry": {"type": "Point", "coordinates": [2.388917, 48.860279]}, "properties": {"numparc": 622, "etat de la localisation": "autre", "ID BDGEO": "655", "horodatage": "2022-04-01 12:00:19", "distance (en metres)": 185.8, "station": "ROQUETTE-PERE LACHAISE", "marker-color": "#818181"}}, {"type": "Feature", "geometry": {"type": "Point", "coordinates": [2.371605, 48.854652]}, "properties": {"numparc": 636, "etat de la localisation": "autre", "ID BDGEO": "10829", "horodatage": "2022-04-01 12:00:35", "distance (en metres)": 782.63, "station": "VOLTAIRE-LEON BLUM.", "marker-color": "#818181"}}, {"type": "Feature", "geometry": {"type": "Point", "coordinates": [2.387747, 48.86253]}, "properties": {"numparc": 622, "etat de la localisation": "autre", "ID BDGEO": "653", "horodatage": "2022-04-01 12:01:14", "distance (en metres)": 74.04, "station": "AUGUSTE METIVIER", "marker-color": "#818181"}}, {"type": "Feature", "geometry": {"type": "Point", "coordinates": [2.30003, 48.857342]}, "properties": {"numparc": 634, "etat de la localisation": "autre", "ID BDGEO": "10829", "horodatage": "2022-04-01 12:01:44", "distance (en metres)": 5933.18, "station": "VOLTAIRE-LEON BLUM.", "marker-color": "#818181"}}, {"type": "Feature", "geometry": {"type": "Point", "coordinates": [2.375325, 48.856087]}, "properties": {"numparc": 636, "etat de la localisation": "autre", "ID BDGEO": "10829", "horodatage": "2022-04-01 12:02:06", "distance (en metres)": 468.02, "station": "VOLTAIRE-LEON BLUM.", "marker-color": "#818181"}}, {"type": "Feature", "geometry": {"type": "Point", "coordinates": [2.37822, 48.857113]}, "properties": {"numparc": 636, "etat de la localisation": "autre", "ID BDGEO": "10829", "horodatage": "2022-04-01 12:03:13", "distance (en metres)": 228.29, "station": "VOLTAIRE-LEON BLUM.", "marker-color": "#818181"}}, {"type": "Feature", "geometry": {"type": "Point", "coordinates": [2.399891, 48.865387]}, "properties": {"numparc": 633, "etat de la localisation": "autre", "ID BDGEO": "3196", "horodatage": "2022-04-01 12:03:23", "distance (en metres)": 60.08, "station": "GAMBETTA-MAIRIE DU 20EME.", "marker-color": "#818181"}}, {"type": "Feature", "geometry": {"type": "Point", "coordinates": [2.362134, 48.854954]}, "properties": {"numparc": 626, "etat de la localisation": "autre", "ID BDGEO": "2629", "horodatage": "2022-04-01 12:03:36", "distance (en metres)": 2985.56, "station": "GAMBETTA-JAPON#", "marker-color": "#818181"}}, {"type": "Feature", "geometry": {"type": "Point", "coordinates": [2.362134, 48.854954]}, "properties": {"numparc": 626, "etat de la localisation": "autre", "ID BDGEO": "2629", "horodatage": "2022-04-01 12:03:42", "distance (en metres)": 2985.56, "station": "GAMBETTA-JAPON#", "marker-color": "#818181"}}, {"type": "Feature", "geometry": {"type": "Point", "coordinates": [2.303954, 48.858974]}, "properties": {"numparc": 634, "etat de la localisation": "autre", "ID BDGEO": "10829", "horodatage": "2022-04-01 12:04:03", "distance (en metres)": 5647.1, "station": "VOLTAIRE-LEON BLUM.", "marker-color": "#818181"}}, {"type": "Feature", "geometry": {"type": "Point", "coordinates": [2.349474, 48.856506]}, "properties": {"numparc": 637, "etat de la localisation": "Delocalise", "ID BDGEO": "2629", "horodatage": "2022-04-01 12:04:11", "distance (en metres)": 3809.13, "station": "GAMBETTA-JAPON#", "marker-color": "#FF565E"}}, {"type": "Feature", "geometry": {"type": "Point", "coordinates": [2.349474, 48.856506]}, "properties": {"numparc": 637, "etat de la localisation": "Delocalise", "ID BDGEO": "2629", "horodatage": "2022-04-01 12:04:14", "distance (en metres)": 3809.13, "station": "GAMBETTA-JAPON#", "marker-color": "#FF565E"}}, {"type": "Feature", "geometry": {"type": "Point", "coordinates": [2.362148, 48.854801]}, "properties": {"numparc": 620, "etat de la localisation": "autre", "ID BDGEO": "10829", "horodatage": "2022-04-01 12:04:24", "distance (en metres)": 1429.53, "station": "VOLTAIRE-LEON BLUM.", "marker-color": "#818181"}}, {"type": "Feature", "geometry": {"type": "Point", "coordinates": [2.399964, 48.865192]}, "properties": {"numparc": 632, "etat de la localisation": "autre", "ID BDGEO": "3196", "horodatage": "2022-04-01 12:04:30", "distance (en metres)": 76.4, "station": "GAMBETTA-MAIRIE DU 20EME.", "marker-color": "#818181"}}, {"type": "Feature", "geometry": {"type": "Point", "coordinates": [2.399263, 48.865852]}, "properties": {"numparc": 621, "etat de la localisation": "autre", "ID BDGEO": "10827", "horodatage": "2022-04-01 12:05:04", "distance (en metres)": 5041.35, "station": "PONT ROYAL.", "marker-color": "#818181"}}, {"type": "Feature", "geometry": {"type": "Point", "coordinates": [2.307137, 48.859623]}, "properties": {"numparc": 634, "etat de la localisation": "autre", "ID BDGEO": "10829", "horodatage": "2022-04-01 12:05:15", "distance (en metres)": 5416.38, "station": "VOLTAIRE-LEON BLUM.", "marker-color": "#818181"}}, {"type": "Feature", "geometry": {"type": "Point", "coordinates": [2.357543, 48.856106]}, "properties": {"numparc": 626, "etat de la localisation": "autre", "ID BDGEO": "2629", "horodatage": "2022-04-01 12:05:20", "distance (en metres)": 3255.73, "station": "GAMBETTA-JAPON#", "marker-color": "#818181"}}, {"type": "Feature", "geometry": {"type": "Point", "coordinates": [2.377631, 48.860073]}, "properties": {"numparc": 629, "etat de la localisation": "autre", "ID BDGEO": "708", "horodatage": "2022-04-01 12:05:51", "distance (en metres)": 336.91, "station": "VOLTAIRE-LEON BLUM", "marker-color": "#818181"}}, {"type": "Feature", "geometry": {"type": "Point", "coordinates": [2.388292, 48.863071]}, "properties": {"numparc": 628, "etat de la localisation": "autre", "ID BDGEO": "711", "horodatage": "2022-04-01 12:06:57", "distance (en metres)": 83.55, "station": "PERE LACHAISE", "marker-color": "#818181"}}, {"type": "Feature", "geometry": {"type": "Point", "coordinates": [2.365482, 48.853767]}, "properties": {"numparc": 620, "etat de la localisation": "autre", "ID BDGEO": "10829", "horodatage": "2022-04-01 12:06:57", "distance (en metres)": 1231.73, "station": "VOLTAIRE-LEON BLUM.", "marker-color": "#818181"}}, {"type": "Feature", "geometry": {"type": "Point", "coordinates": [2.352727, 48.857285]}, "properties": {"numparc": 626, "etat de la localisation": "autre", "ID BDGEO": "667", "horodatage": "2022-04-01 12:07:24", "distance (en metres)": 223.25, "station": "HOTEL DE VILLE", "marker-color": "#818181"}}, {"type": "Feature", "geometry": {"type": "Point", "coordinates": [2.310682, 48.860016]}, "properties": {"numparc": 634, "etat de la localisation": "autre", "ID BDGEO": "10829", "horodatage": "2022-04-01 12:07:24", "distance (en metres)": 5159.04, "station": "VOLTAIRE-LEON BLUM.", "marker-color": "#818181"}}, {"type": "Feature", "geometry": {"type": "Point", "coordinates": [2.374777, 48.859219]}, "properties": {"numparc": 629, "etat de la localisation": "autre", "ID BDGEO": "707", "horodatage": "2022-04-01 12:07:33", "distance (en metres)": 364.83, "station": "POPINCOURT", "marker-color": "#818181"}}, {"type": "Feature", "geometry": {"type": "Point", "coordinates": [2.368083, 48.853302]}, "properties": {"numparc": 620, "etat de la localisation": "autre", "ID BDGEO": "10829", "horodatage": "2022-04-01 12:07:40", "distance (en metres)": 1080.55, "station": "VOLTAIRE-LEON BLUM.", "marker-color": "#818181"}}, {"type": "Feature", "geometry": {"type": "Point", "coordinates": [2.399814, 48.865536]}, "properties": {"numparc": 621, "etat de la localisation": "autre", "ID BDGEO": "10827", "horodatage": "2022-04-01 12:08:07", "distance (en metres)": 5077.53, "station": "PONT ROYAL.", "marker-color": "#818181"}}, {"type": "Feature", "geometry": {"type": "Point", "coordinates": [2.400066, 48.864975]}, "properties": {"numparc": 632, "etat de la localisation": "autre", "ID BDGEO": "3196", "horodatage": "2022-04-01 12:08:20", "distance (en metres)": 98.47, "station": "GAMBETTA-MAIRIE DU 20EME.", "marker-color": "#818181"}}, {"type": "Feature", "geometry": {"type": "Point", "coordinates": [2.371242, 48.857922]}, "properties": {"numparc": 629, "etat de la localisation": "autre", "ID BDGEO": "705", "horodatage": "2022-04-01 12:08:33", "distance (en metres)": 381.16, "station": "BREGUET-SABIN", "marker-color": "#818181"}}, {"type": "Feature", "geometry": {"type": "Point", "coordinates": [2.399959, 48.865299]}, "properties": {"numparc": 633, "etat de la localisation": "autre", "ID BDGEO": "3196", "horodatage": "2022-04-01 12:08:58", "distance (en metres)": 69.19, "station": "GAMBETTA-MAIRIE DU 20EME.", "marker-color": "#818181"}}, {"type": "Feature", "geometry": {"type": "Point", "coordinates": [2.314469, 48.859951]}, "properties": {"numparc": 634, "etat de la localisation": "autre", "ID BDGEO": "10829", "horodatage": "2022-04-01 12:09:08", "distance (en metres)": 4881.96, "station": "VOLTAIRE-LEON BLUM.", "marker-color": "#818181"}}, {"type": "Feature", "geometry": {"type": "Point", "coordinates": [2.388906, 48.860321]}, "properties": {"numparc": 636, "etat de la localisation": "autre", "ID BDGEO": "655", "horodatage": "2022-04-01 12:09:42", "distance (en metres)": 186.22, "station": "ROQUETTE-PERE LACHAISE", "marker-color": "#818181"}}, {"type": "Feature", "geometry": {"type": "Point", "coordinates": [2.368572, 48.857082]}, "properties": {"numparc": 629, "etat de la localisation": "autre", "ID BDGEO": "705", "horodatage": "2022-04-01 12:09:48", "distance (en metres)": 385.24, "station": "BREGUET-SABIN", "marker-color": "#818181"}}, {"type": "Feature", "geometry": {"type": "Point", "coordinates": [2.399959, 48.865299]}, "properties": {"numparc": 633, "etat de la localisation": "autre", "ID BDGEO": "3196", "horodatage": "2022-04-01 12:10:13", "distance (en metres)": 69.19, "station": "GAMBETTA-MAIRIE DU 20EME.", "marker-color": "#818181"}}, {"type": "Feature", "geometry": {"type": "Point", "coordinates": [2.370741, 48.853603]}, "properties": {"numparc": 620, "etat de la localisation": "autre", "ID BDGEO": "10829", "horodatage": "2022-04-01 12:10:24", "distance (en metres)": 895.23, "station": "VOLTAIRE-LEON BLUM.", "marker-color": "#818181"}}, {"type": "Feature", "geometry": {"type": "Point", "coordinates": [2.387775, 48.862606]}, "properties": {"numparc": 636, "etat de la localisation": "autre", "ID BDGEO": "653", "horodatage": "2022-04-01 12:10:37", "distance (en metres)": 65.64, "station": "AUGUSTE METIVIER", "marker-color": "#818181"}}, {"type": "Feature", "geometry": {"type": "Point", "coordinates": [2.371864, 48.854443]}, "properties": {"numparc": 620, "etat de la localisation": "autre", "ID BDGEO": "10829", "horodatage": "2022-04-01 12:11:05", "distance (en metres)": 776.94, "station": "VOLTAIRE-LEON BLUM.", "marker-color": "#818181"}}, {"type": "Feature", "geometry": {"type": "Point", "coordinates": [2.319872, 48.859234]}, "properties": {"numparc": 634, "etat de la localisation": "autre", "ID BDGEO": "10829", "horodatage": "2022-04-01 12:11:14", "distance (en metres)": 4483.8, "station": "VOLTAIRE-LEON BLUM.", "marker-color": "#818181"}}, {"type": "Feature", "geometry": {"type": "Point", "coordinates": [2.358017, 48.855453]}, "properties": {"numparc": 637, "etat de la localisation": "Delocalise", "ID BDGEO": "2629", "horodatage": "2022-04-01 12:12:31", "distance (en metres)": 3246.51, "station": "GAMBETTA-JAPON#", "marker-color": "#FF565E"}}, {"type": "Feature", "geometry": {"type": "Point", "coordinates": [2.392729, 48.864258]}, "properties": {"numparc": 632, "etat de la localisation": "autre", "ID BDGEO": "2960", "horodatage": "2022-04-01 12:13:11", "distance (en metres)": 63.95, "station": "MURIERS", "marker-color": "#818181"}}, {"type": "Feature", "geometry": {"type": "Point", "coordinates": [2.378383, 48.856888]}, "properties": {"numparc": 620, "etat de la localisation": "autre", "ID BDGEO": "10829", "horodatage": "2022-04-01 12:13:23", "distance (en metres)": 228.0, "station": "VOLTAIRE-LEON BLUM.", "marker-color": "#818181"}}, {"type": "Feature", "geometry": {"type": "Point", "coordinates": [2.323538, 48.85775]}, "properties": {"numparc": 634, "etat de la localisation": "autre", "ID BDGEO": "10829", "horodatage": "2022-04-01 12:14:03", "distance (en metres)": 4213.07, "station": "VOLTAIRE-LEON BLUM.", "marker-color": "#818181"}}, {"type": "Feature", "geometry": {"type": "Point", "coordinates": [2.399959, 48.865299]}, "properties": {"numparc": 633, "etat de la localisation": "autre", "ID BDGEO": "3196", "horodatage": "2022-04-01 12:14:17", "distance (en metres)": 69.19, "station": "GAMBETTA-MAIRIE DU 20EME.", "marker-color": "#818181"}}, {"type": "Feature", "geometry": {"type": "Point", "coordinates": [2.388243, 48.863079]}, "properties": {"numparc": 632, "etat de la localisation": "autre", "ID BDGEO": "711", "horodatage": "2022-04-01 12:15:05", "distance (en metres)": 82.37, "station": "PERE LACHAISE", "marker-color": "#818181"}}, {"type": "Feature", "geometry": {"type": "Point", "coordinates": [2.362093, 48.854813]}, "properties": {"numparc": 637, "etat de la localisation": "autre", "ID BDGEO": "2629", "horodatage": "2022-04-01 12:15:08", "distance (en metres)": 2994.39, "station": "GAMBETTA-JAPON#", "marker-color": "#818181"}}, {"type": "Feature", "geometry": {"type": "Point", "coordinates": [2.326331, 48.856171]}, "properties": {"numparc": 634, "etat de la localisation": "autre", "ID BDGEO": "10829", "horodatage": "2022-04-01 12:15:09", "distance (en metres)": 4013.2, "station": "VOLTAIRE-LEON BLUM.", "marker-color": "#818181"}}, {"type": "Feature", "geometry": {"type": "Point", "coordinates": [2.377592, 48.860077]}, "properties": {"numparc": 628, "etat de la localisation": "autre", "ID BDGEO": "708", "horodatage": "2022-04-01 12:16:25", "distance (en metres)": 339.0, "station": "VOLTAIRE-LEON BLUM", "marker-color": "#818181"}}, {"type": "Feature", "geometry": {"type": "Point", "coordinates": [2.38545, 48.861874]}, "properties": {"numparc": 632, "etat de la localisation": "autre", "ID BDGEO": "711", "horodatage": "2022-04-01 12:16:53", "distance (en metres)": 174.16, "station": "PERE LACHAISE", "marker-color": "#818181"}}, {"type": "Feature", "geometry": {"type": "Point", "coordinates": [2.388608, 48.868591]}, "properties": {"numparc": 636, "etat de la localisation": "Deviation programmee", "ID BDGEO": "2629", "horodatage": "2022-04-01 12:17:08", "distance (en metres)": 898.38, "station": "GAMBETTA-JAPON#", "marker-color": "#56FF93"}}, {"type": "Feature", "geometry": {"type": "Point", "coordinates": [2.32905, 48.85907]}, "properties": {"numparc": 634, "etat de la localisation": "autre", "ID BDGEO": "10829", "horodatage": "2022-04-01 12:17:16", "distance (en metres)": 3812.13, "station": "VOLTAIRE-LEON BLUM.", "marker-color": "#818181"}}, {"type": "Feature", "geometry": {"type": "Point", "coordinates": [2.386566, 48.859882]}, "properties": {"numparc": 632, "etat de la localisation": "autre", "ID BDGEO": "710", "horodatage": "2022-04-01 12:17:49", "distance (en metres)": 163.07, "station": "ROQUETTE-PERE LACHAISE", "marker-color": "#818181"}}, {"type": "Feature", "geometry": {"type": "Point", "coordinates": [2.368044, 48.853374]}, "properties": {"numparc": 637, "etat de la localisation": "autre", "ID BDGEO": "2629", "horodatage": "2022-04-01 12:18:31", "distance (en metres)": 2674.22, "station": "GAMBETTA-JAPON#", "marker-color": "#818181"}}, {"type": "Feature", "geometry": {"type": "Point", "coordinates": [2.365282, 48.854012]}, "properties": {"numparc": 629, "etat de la localisation": "autre", "ID BDGEO": "2637", "horodatage": "2022-04-01 12:18:31", "distance (en metres)": 200.58, "station": "BASTILLE-RUE SAINT-ANTOINE", "marker-color": "#818181"}}, {"type": "Feature", "geometry": {"type": "Point", "coordinates": [2.371236, 48.85791]}, "properties": {"numparc": 628, "etat de la localisation": "autre", "ID BDGEO": "705", "horodatage": "2022-04-01 12:18:45", "distance (en metres)": 379.98, "station": "BREGUET-SABIN", "marker-color": "#818181"}}, {"type": "Feature", "geometry": {"type": "Point", "coordinates": [2.296741, 48.855068]}, "properties": {"numparc": 625, "etat de la localisation": "autre", "ID BDGEO": "10829", "horodatage": "2022-04-01 12:18:51", "distance (en metres)": 6181.46, "station": "VOLTAIRE-LEON BLUM.", "marker-color": "#818181"}}, {"type": "Feature", "geometry": {"type": "Point", "coordinates": [2.399714, 48.865528]}, "properties": {"numparc": 622, "etat de la localisation": "autre", "ID BDGEO": "3196", "horodatage": "2022-04-01 12:19:09", "distance (en metres)": 42.33, "station": "GAMBETTA-MAIRIE DU 20EME.", "marker-color": "#818181"}}, {"type": "Feature", "geometry": {"type": "Point", "coordinates": [2.362105, 48.85508]}, "properties": {"numparc": 629, "etat de la localisation": "autre", "ID BDGEO": "2637", "horodatage": "2022-04-01 12:19:38", "distance (en metres)": 461.43, "station": "BASTILLE-RUE SAINT-ANTOINE", "marker-color": "#818181"}}, {"type": "Feature", "geometry": {"type": "Point", "coordinates": [2.331075, 48.860584]}, "properties": {"numparc": 634, "etat de la localisation": "autre", "ID BDGEO": "10829", "horodatage": "2022-04-01 12:19:58", "distance (en metres)": 3674.07, "station": "VOLTAIRE-LEON BLUM.", "marker-color": "#818181"}}, {"type": "Feature", "geometry": {"type": "Point", "coordinates": [2.368641, 48.857044]}, "properties": {"numparc": 628, "etat de la localisation": "autre", "ID BDGEO": "705", "horodatage": "2022-04-01 12:20:36", "distance (en metres)": 378.7, "station": "BREGUET-SABIN", "marker-color": "#818181"}}, {"type": "Feature", "geometry": {"type": "Point", "coordinates": [2.334038, 48.859924]}, "properties": {"numparc": 634, "etat de la localisation": "autre", "ID BDGEO": "10829", "horodatage": "2022-04-01 12:20:43", "distance (en metres)": 3452.45, "station": "VOLTAIRE-LEON BLUM.", "marker-color": "#818181"}}, {"type": "Feature", "geometry": {"type": "Point", "coordinates": [2.300017, 48.857319]}, "properties": {"numparc": 625, "etat de la localisation": "autre", "ID BDGEO": "10829", "horodatage": "2022-04-01 12:21:17", "distance (en metres)": 5934.15, "station": "VOLTAIRE-LEON BLUM.", "marker-color": "#818181"}}, {"type": "Feature", "geometry": {"type": "Point", "coordinates": [2.357522, 48.856159]}, "properties": {"numparc": 629, "etat de la localisation": "autre", "ID BDGEO": "2637", "horodatage": "2022-04-01 12:21:21", "distance (en metres)": 816.48, "station": "BASTILLE-RUE SAINT-ANTOINE", "marker-color": "#818181"}}, {"type": "Feature", "geometry": {"type": "Point", "coordinates": [2.388839, 48.860371]}, "properties": {"numparc": 620, "etat de la localisation": "autre", "ID BDGEO": "655", "horodatage": "2022-04-01 12:21:22", "distance (en metres)": 183.1, "station": "ROQUETTE-PERE LACHAISE", "marker-color": "#818181"}}, {"type": "Feature", "geometry": {"type": "Point", "coordinates": [2.387582, 48.86253]}, "properties": {"numparc": 620, "etat de la localisation": "autre", "ID BDGEO": "653", "horodatage": "2022-04-01 12:22:09", "distance (en metres)": 80.47, "station": "AUGUSTE METIVIER", "marker-color": "#818181"}}, {"type": "Feature", "geometry": {"type": "Point", "coordinates": [2.341478, 48.858646]}, "properties": {"numparc": 634, "etat de la localisation": "autre", "ID BDGEO": "10829", "horodatage": "2022-04-01 12:22:17", "distance (en metres)": 2901.88, "station": "VOLTAIRE-LEON BLUM.", "marker-color": "#818181"}}, {"type": "Feature", "geometry": {"type": "Point", "coordinates": [2.355977, 48.855846]}, "properties": {"numparc": 626, "etat de la localisation": "autre", "ID BDGEO": "666", "horodatage": "2022-04-01 12:23:47", "distance (en metres)": 116.02, "station": "RUE VIEILLE DU TEMPLE-MAIRIE DU 4e", "marker-color": "#818181"}}, {"type": "Feature", "geometry": {"type": "Point", "coordinates": [2.34828, 48.856865]}, "properties": {"numparc": 634, "etat de la localisation": "autre", "ID BDGEO": "10829", "horodatage": "2022-04-01 12:24:14", "distance (en metres)": 2405.55, "station": "VOLTAIRE-LEON BLUM.", "marker-color": "#818181"}}, {"type": "Feature", "geometry": {"type": "Point", "coordinates": [2.371794, 48.854439]}, "properties": {"numparc": 637, "etat de la localisation": "Delocalise", "ID BDGEO": "2629", "horodatage": "2022-04-01 12:24:19", "distance (en metres)": 2377.47, "station": "GAMBETTA-JAPON#", "marker-color": "#FF565E"}}, {"type": "Feature", "geometry": {"type": "Point", "coordinates": [2.303985, 48.858955]}, "properties": {"numparc": 625, "etat de la localisation": "autre", "ID BDGEO": "10829", "horodatage": "2022-04-01 12:24:24", "distance (en metres)": 5644.77, "station": "VOLTAIRE-LEON BLUM.", "marker-color": "#818181"}}, {"type": "Feature", "geometry": {"type": "Point", "coordinates": [2.35183, 48.857452]}, "properties": {"numparc": 629, "etat de la localisation": "autre", "ID BDGEO": "2637", "horodatage": "2022-04-01 12:24:40", "distance (en metres)": 1256.33, "station": "BASTILLE-RUE SAINT-ANTOINE", "marker-color": "#818181"}}, {"type": "Feature", "geometry": {"type": "Point", "coordinates": [2.358087, 48.855434]}, "properties": {"numparc": 626, "etat de la localisation": "autre", "ID BDGEO": "666", "horodatage": "2022-04-01 12:25:25", "distance (en metres)": 90.71, "station": "RUE VIEILLE DU TEMPLE-MAIRIE DU 4e", "marker-color": "#818181"}}, {"type": "Feature", "geometry": {"type": "Point", "coordinates": [2.350237, 48.856186]}, "properties": {"numparc": 634, "etat de la localisation": "autre", "ID BDGEO": "10829", "horodatage": "2022-04-01 12:25:29", "distance (en metres)": 2267.51, "station": "VOLTAIRE-LEON BLUM.", "marker-color": "#818181"}}, {"type": "Feature", "geometry": {"type": "Point", "coordinates": [2.375335, 48.855991]}, "properties": {"numparc": 637, "etat de la localisation": "Delocalise", "ID BDGEO": "2629", "horodatage": "2022-04-01 12:25:45", "distance (en metres)": 2066.71, "station": "GAMBETTA-JAPON#", "marker-color": "#FF565E"}}, {"type": "Feature", "geometry": {"type": "Point", "coordinates": [2.307199, 48.859524]}, "properties": {"numparc": 625, "etat de la localisation": "autre", "ID BDGEO": "10829", "horodatage": "2022-04-01 12:25:52", "distance (en metres)": 5411.46, "station": "VOLTAIRE-LEON BLUM.", "marker-color": "#818181"}}, {"type": "Feature", "geometry": {"type": "Point", "coordinates": [2.374801, 48.859119]}, "properties": {"numparc": 632, "etat de la localisation": "autre", "ID BDGEO": "707", "horodatage": "2022-04-01 12:25:52", "distance (en metres)": 355.92, "station": "POPINCOURT", "marker-color": "#818181"}}, {"type": "Feature", "geometry": {"type": "Point", "coordinates": [2.398848, 48.865871]}, "properties": {"numparc": 636, "etat de la localisation": "autre", "ID BDGEO": "2629", "horodatage": "2022-04-01 12:26:30", "distance (en metres)": 96.52, "station": "GAMBETTA-JAPON#", "marker-color": "#818181"}}, {"type": "Feature", "geometry": {"type": "Point", "coordinates": [2.350702, 48.857765]}, "properties": {"numparc": 629, "etat de la localisation": "autre", "ID BDGEO": "2637", "horodatage": "2022-04-01 12:26:38", "distance (en metres)": 1345.86, "station": "BASTILLE-RUE SAINT-ANTOINE", "marker-color": "#818181"}}, {"type": "Feature", "geometry": {"type": "Point", "coordinates": [2.34995, 48.858021]}, "properties": {"numparc": 629, "etat de la localisation": "autre", "ID BDGEO": "2637", "horodatage": "2022-04-01 12:27:06", "distance (en metres)": 1407.5, "station": "BASTILLE-RUE SAINT-ANTOINE", "marker-color": "#818181"}}, {"type": "Feature", "geometry": {"type": "Point", "coordinates": [2.310768, 48.85981]}, "properties": {"numparc": 625, "etat de la localisation": "autre", "ID BDGEO": "10829", "horodatage": "2022-04-01 12:27:17", "distance (en metres)": 5151.76, "station": "VOLTAIRE-LEON BLUM.", "marker-color": "#818181"}}, {"type": "Feature", "geometry": {"type": "Point", "coordinates": [2.353046, 48.855606]}, "properties": {"numparc": 634, "etat de la localisation": "autre", "ID BDGEO": "10829", "horodatage": "2022-04-01 12:27:28", "distance (en metres)": 2069.59, "station": "VOLTAIRE-LEON BLUM.", "marker-color": "#818181"}}, {"type": "Feature", "geometry": {"type": "Point", "coordinates": [2.365257, 48.853985]}, "properties": {"numparc": 628, "etat de la localisation": "autre", "ID BDGEO": "2637", "horodatage": "2022-04-01 12:28:03", "distance (en metres)": 201.08, "station": "BASTILLE-RUE SAINT-ANTOINE", "marker-color": "#818181"}}, {"type": "Feature", "geometry": {"type": "Point", "coordinates": [2.381024, 48.857826]}, "properties": {"numparc": 637, "etat de la localisation": "autre", "ID BDGEO": "2629", "horodatage": "2022-04-01 12:28:20", "distance (en metres)": 1604.55, "station": "GAMBETTA-JAPON#", "marker-color": "#818181"}}, {"type": "Feature", "geometry": {"type": "Point", "coordinates": [2.36856, 48.857018]}, "properties": {"numparc": 632, "etat de la localisation": "autre", "ID BDGEO": "705", "horodatage": "2022-04-01 12:28:30", "distance (en metres)": 380.6, "station": "BREGUET-SABIN", "marker-color": "#818181"}}, {"type": "Feature", "geometry": {"type": "Point", "coordinates": [2.355939, 48.855877]}, "properties": {"numparc": 634, "etat de la localisation": "autre", "ID BDGEO": "10829", "horodatage": "2022-04-01 12:28:46", "distance (en metres)": 1855.85, "station": "VOLTAIRE-LEON BLUM.", "marker-color": "#818181"}}, {"type": "Feature", "geometry": {"type": "Point", "coordinates": [2.314468, 48.859917]}, "properties": {"numparc": 625, "etat de la localisation": "autre", "ID BDGEO": "10829", "horodatage": "2022-04-01 12:29:03", "distance (en metres)": 4881.87, "station": "VOLTAIRE-LEON BLUM.", "marker-color": "#818181"}}, {"type": "Feature", "geometry": {"type": "Point", "coordinates": [2.384935, 48.858829]}, "properties": {"numparc": 637, "etat de la localisation": "autre", "ID BDGEO": "2629", "horodatage": "2022-04-01 12:29:58", "distance (en metres)": 1302.97, "station": "GAMBETTA-JAPON#", "marker-color": "#818181"}}, {"type": "Feature", "geometry": {"type": "Point", "coordinates": [2.362015, 48.855015]}, "properties": {"numparc": 628, "etat de la localisation": "autre", "ID BDGEO": "2637", "horodatage": "2022-04-01 12:30:02", "distance (en metres)": 464.33, "station": "BASTILLE-RUE SAINT-ANTOINE", "marker-color": "#818181"}}, {"type": "Feature", "geometry": {"type": "Point", "coordinates": [2.368126, 48.853336]}, "properties": {"numparc": 626, "etat de la localisation": "autre", "ID BDGEO": "663", "horodatage": "2022-04-01 12:30:58", "distance (en metres)": 46.58, "station": "BASTILLE-RUE SAINT-ANTOINE", "marker-color": "#818181"}}, {"type": "Feature", "geometry": {"type": "Point", "coordinates": [2.362151, 48.854847]}, "properties": {"numparc": 634, "etat de la localisation": "autre", "ID BDGEO": "10829", "horodatage": "2022-04-01 12:31:06", "distance (en metres)": 1428.12, "station": "VOLTAIRE-LEON BLUM.", "marker-color": "#818181"}}, {"type": "Feature", "geometry": {"type": "Point", "coordinates": [2.319846, 48.859207]}, "properties": {"numparc": 625, "etat de la localisation": "autre", "ID BDGEO": "10829", "horodatage": "2022-04-01 12:31:45", "distance (en metres)": 4485.6, "station": "VOLTAIRE-LEON BLUM.", "marker-color": "#818181"}}, {"type": "Feature", "geometry": {"type": "Point", "coordinates": [2.357484, 48.856117]}, "properties": {"numparc": 628, "etat de la localisation": "autre", "ID BDGEO": "2637", "horodatage": "2022-04-01 12:31:49", "distance (en metres)": 817.22, "station": "BASTILLE-RUE SAINT-ANTOINE", "marker-color": "#818181"}}, {"type": "Feature", "geometry": {"type": "Point", "coordinates": [2.397661, 48.864964]}, "properties": {"numparc": 636, "etat de la localisation": "autre", "ID BDGEO": "2629", "horodatage": "2022-04-01 12:32:10", "distance (en metres)": 160.9, "station": "GAMBETTA-JAPON#", "marker-color": "#818181"}}, {"type": "Feature", "geometry": {"type": "Point", "coordinates": [2.397661, 48.864964]}, "properties": {"numparc": 636, "etat de la localisation": "autre", "ID BDGEO": "2629", "horodatage": "2022-04-01 12:32:14", "distance (en metres)": 160.9, "station": "GAMBETTA-JAPON#", "marker-color": "#818181"}}, {"type": "Feature", "geometry": {"type": "Point", "coordinates": [2.344471, 48.859798]}, "properties": {"numparc": 629, "etat de la localisation": "autre", "ID BDGEO": "2637", "horodatage": "2022-04-01 12:32:21", "distance (en metres)": 1853.48, "station": "BASTILLE-RUE SAINT-ANTOINE", "marker-color": "#818181"}}, {"type": "Feature", "geometry": {"type": "Point", "coordinates": [2.36544, 48.853832]}, "properties": {"numparc": 634, "etat de la localisation": "autre", "ID BDGEO": "10829", "horodatage": "2022-04-01 12:32:35", "distance (en metres)": 1231.96, "station": "VOLTAIRE-LEON BLUM.", "marker-color": "#818181"}}, {"type": "Feature", "geometry": {"type": "Point", "coordinates": [2.394767, 48.864777]}, "properties": {"numparc": 636, "etat de la localisation": "autre", "ID BDGEO": "2629", "horodatage": "2022-04-01 12:33:16", "distance (en metres)": 372.94, "station": "GAMBETTA-JAPON#", "marker-color": "#818181"}}, {"type": "Feature", "geometry": {"type": "Point", "coordinates": [2.340139, 48.861233]}, "properties": {"numparc": 629, "etat de la localisation": "autre", "ID BDGEO": "2637", "horodatage": "2022-04-01 12:33:32", "distance (en metres)": 2207.64, "station": "BASTILLE-RUE SAINT-ANTOINE", "marker-color": "#818181"}}, {"type": "Feature", "geometry": {"type": "Point", "coordinates": [2.323555, 48.857708]}, "properties": {"numparc": 625, "etat de la localisation": "autre", "ID BDGEO": "10829", "horodatage": "2022-04-01 12:33:43", "distance (en metres)": 4211.85, "station": "VOLTAIRE-LEON BLUM.", "marker-color": "#818181"}}, {"type": "Feature", "geometry": {"type": "Point", "coordinates": [2.350713, 48.857796]}, "properties": {"numparc": 628, "etat de la localisation": "autre", "ID BDGEO": "2637", "horodatage": "2022-04-01 12:33:46", "distance (en metres)": 1346.38, "station": "BASTILLE-RUE SAINT-ANTOINE", "marker-color": "#818181"}}, {"type": "Feature", "geometry": {"type": "Point", "coordinates": [2.370747, 48.853725]}, "properties": {"numparc": 626, "etat de la localisation": "autre", "ID BDGEO": "663", "horodatage": "2022-04-01 12:33:51", "distance (en metres)": 242.44, "station": "BASTILLE-RUE SAINT-ANTOINE", "marker-color": "#818181"}}, {"type": "Feature", "geometry": {"type": "Point", "coordinates": [2.392722, 48.86425]}, "properties": {"numparc": 636, "etat de la localisation": "autre", "ID BDGEO": "2629", "horodatage": "2022-04-01 12:33:57", "distance (en metres)": 530.79, "station": "GAMBETTA-JAPON#", "marker-color": "#818181"}}, {"type": "Feature", "geometry": {"type": "Point", "coordinates": [2.367907, 48.853455]}, "properties": {"numparc": 634, "etat de la localisation": "autre", "ID BDGEO": "10829", "horodatage": "2022-04-01 12:34:03", "distance (en metres)": 1084.16, "station": "VOLTAIRE-LEON BLUM.", "marker-color": "#818181"}}, {"type": "Feature", "geometry": {"type": "Point", "coordinates": [2.399963, 48.865299]}, "properties": {"numparc": 633, "etat de la localisation": "autre", "ID BDGEO": "3196", "horodatage": "2022-04-01 12:34:37", "distance (en metres)": 69.43, "station": "GAMBETTA-MAIRIE DU 20EME.", "marker-color": "#818181"}}, {"type": "Feature", "geometry": {"type": "Point", "coordinates": [2.399855, 48.865463]}, "properties": {"numparc": 621, "etat de la localisation": "autre", "ID BDGEO": "3196", "horodatage": "2022-04-01 12:34:39", "distance (en metres)": 54.33, "station": "GAMBETTA-MAIRIE DU 20EME.", "marker-color": "#818181"}}, {"type": "Feature", "geometry": {"type": "Point", "coordinates": [2.371818, 48.85458]}, "properties": {"numparc": 626, "etat de la localisation": "autre", "ID BDGEO": "663", "horodatage": "2022-04-01 12:34:42", "distance (en metres)": 346.01, "station": "BASTILLE-RUE SAINT-ANTOINE", "marker-color": "#818181"}}, {"type": "Feature", "geometry": {"type": "Point", "coordinates": [2.387708, 48.862518]}, "properties": {"numparc": 637, "etat de la localisation": "Delocalise", "ID BDGEO": "653", "horodatage": "2022-04-01 12:34:43", "distance (en metres)": 76.54, "station": "AUGUSTE METIVIER", "marker-color": "#FF565E"}}, {"type": "Feature", "geometry": {"type": "Point", "coordinates": [2.365252, 48.853973]}, "properties": {"numparc": 632, "etat de la localisation": "autre", "ID BDGEO": "2637", "horodatage": "2022-04-01 12:34:50", "distance (en metres)": 200.93, "station": "BASTILLE-RUE SAINT-ANTOINE", "marker-color": "#818181"}}, {"type": "Feature", "geometry": {"type": "Point", "coordinates": [2.326347, 48.856136]}, "properties": {"numparc": 625, "etat de la localisation": "autre", "ID BDGEO": "10829", "horodatage": "2022-04-01 12:35:04", "distance (en metres)": 4012.2, "station": "VOLTAIRE-LEON BLUM.", "marker-color": "#818181"}}, {"type": "Feature", "geometry": {"type": "Point", "coordinates": [2.387681, 48.862625]}, "properties": {"numparc": 637, "etat de la localisation": "Delocalise", "ID BDGEO": "653", "horodatage": "2022-04-01 12:35:23", "distance (en metres)": 67.64, "station": "AUGUSTE METIVIER", "marker-color": "#FF565E"}}, {"type": "Feature", "geometry": {"type": "Point", "coordinates": [2.34889, 48.858356]}, "properties": {"numparc": 628, "etat de la localisation": "autre", "ID BDGEO": "2637", "horodatage": "2022-04-01 12:35:49", "distance (en metres)": 1493.4, "station": "BASTILLE-RUE SAINT-ANTOINE", "marker-color": "#818181"}}, {"type": "Feature", "geometry": {"type": "Point", "coordinates": [2.335747, 48.862679]}, "properties": {"numparc": 629, "etat de la localisation": "autre", "ID BDGEO": "2637", "horodatage": "2022-04-01 12:35:53", "distance (en metres)": 2566.47, "station": "BASTILLE-RUE SAINT-ANTOINE", "marker-color": "#818181"}}, {"type": "Feature", "geometry": {"type": "Point", "coordinates": [2.370701, 48.853622]}, "properties": {"numparc": 634, "etat de la localisation": "autre", "ID BDGEO": "10829", "horodatage": "2022-04-01 12:36:00", "distance (en metres)": 896.58, "station": "VOLTAIRE-LEON BLUM.", "marker-color": "#818181"}}, {"type": "Feature", "geometry": {"type": "Point", "coordinates": [2.362287, 48.854961]}, "properties": {"numparc": 632, "etat de la localisation": "autre", "ID BDGEO": "2637", "horodatage": "2022-04-01 12:36:00", "distance (en metres)": 443.77, "station": "BASTILLE-RUE SAINT-ANTOINE", "marker-color": "#818181"}}, {"type": "Feature", "geometry": {"type": "Point", "coordinates": [2.375417, 48.856049]}, "properties": {"numparc": 626, "etat de la localisation": "autre", "ID BDGEO": "659", "horodatage": "2022-04-01 12:36:11", "distance (en metres)": 344.43, "station": "POPINCOURT", "marker-color": "#818181"}}, {"type": "Feature", "geometry": {"type": "Point", "coordinates": [2.378381, 48.85704]}, "properties": {"numparc": 626, "etat de la localisation": "autre", "ID BDGEO": "657", "horodatage": "2022-04-01 12:37:10", "distance (en metres)": 215.22, "station": "VOLTAIRE-LEON BLUM", "marker-color": "#818181"}}, {"type": "Feature", "geometry": {"type": "Point", "coordinates": [2.328893, 48.859047]}, "properties": {"numparc": 625, "etat de la localisation": "autre", "ID BDGEO": "10829", "horodatage": "2022-04-01 12:37:31", "distance (en metres)": 3823.53, "station": "VOLTAIRE-LEON BLUM.", "marker-color": "#818181"}}, {"type": "Feature", "geometry": {"type": "Point", "coordinates": [2.394822, 48.869759]}, "properties": {"numparc": 620, "etat de la localisation": "Deviation programmee", "ID BDGEO": "712", "horodatage": "2022-04-01 12:37:49", "distance (en metres)": 545.25, "station": "MARTIN NADAUD", "marker-color": "#56FF93"}}, {"type": "Feature", "geometry": {"type": "Point", "coordinates": [2.400062, 48.865025]}, "properties": {"numparc": 633, "etat de la localisation": "autre", "ID BDGEO": "3196", "horodatage": "2022-04-01 12:37:51", "distance (en metres)": 94.28, "station": "GAMBETTA-MAIRIE DU 20EME.", "marker-color": "#818181"}}, {"type": "Feature", "geometry": {"type": "Point", "coordinates": [2.394822, 48.869759]}, "properties": {"numparc": 620, "etat de la localisation": "Deviation programmee", "ID BDGEO": "712", "horodatage": "2022-04-01 12:37:52", "distance (en metres)": 545.25, "station": "MARTIN NADAUD", "marker-color": "#56FF93"}}, {"type": "Feature", "geometry": {"type": "Point", "coordinates": [2.333664, 48.860909]}, "properties": {"numparc": 629, "etat de la localisation": "autre", "ID BDGEO": "2637", "horodatage": "2022-04-01 12:37:55", "distance (en metres)": 2636.69, "station": "BASTILLE-RUE SAINT-ANTOINE", "marker-color": "#818181"}}, {"type": "Feature", "geometry": {"type": "Point", "coordinates": [2.357687, 48.856071]}, "properties": {"numparc": 632, "etat de la localisation": "autre", "ID BDGEO": "2637", "horodatage": "2022-04-01 12:38:03", "distance (en metres)": 801.56, "station": "BASTILLE-RUE SAINT-ANTOINE", "marker-color": "#818181"}}, {"type": "Feature", "geometry": {"type": "Point", "coordinates": [2.331053, 48.860577]}, "properties": {"numparc": 625, "etat de la localisation": "autre", "ID BDGEO": "10829", "horodatage": "2022-04-01 12:38:40", "distance (en metres)": 3675.6, "station": "VOLTAIRE-LEON BLUM.", "marker-color": "#818181"}}, {"type": "Feature", "geometry": {"type": "Point", "coordinates": [2.334008, 48.859943]}, "properties": {"numparc": 625, "etat de la localisation": "autre", "ID BDGEO": "10829", "horodatage": "2022-04-01 12:39:28", "distance (en metres)": 3454.79, "station": "VOLTAIRE-LEON BLUM.", "marker-color": "#818181"}}, {"type": "Feature", "geometry": {"type": "Point", "coordinates": [2.331674, 48.858829]}, "properties": {"numparc": 629, "etat de la localisation": "autre", "ID BDGEO": "2637", "horodatage": "2022-04-01 12:40:05", "distance (en metres)": 2713.27, "station": "BASTILLE-RUE SAINT-ANTOINE", "marker-color": "#818181"}}, {"type": "Feature", "geometry": {"type": "Point", "coordinates": [2.338572, 48.859138]}, "properties": {"numparc": 625, "etat de la localisation": "autre", "ID BDGEO": "10829", "horodatage": "2022-04-01 12:40:33", "distance (en metres)": 3116.39, "station": "VOLTAIRE-LEON BLUM.", "marker-color": "#818181"}}, {"type": "Feature", "geometry": {"type": "Point", "coordinates": [2.392725, 48.864235]}, "properties": {"numparc": 633, "etat de la localisation": "autre", "ID BDGEO": "2960", "horodatage": "2022-04-01 12:41:00", "distance (en metres)": 62.75, "station": "MURIERS", "marker-color": "#818181"}}, {"type": "Feature", "geometry": {"type": "Point", "coordinates": [2.34143, 48.858681]}, "properties": {"numparc": 625, "etat de la localisation": "autre", "ID BDGEO": "10829", "horodatage": "2022-04-01 12:41:46", "distance (en metres)": 2905.52, "station": "VOLTAIRE-LEON BLUM.", "marker-color": "#818181"}}, {"type": "Feature", "geometry": {"type": "Point", "coordinates": [2.399919, 48.865322]}, "properties": {"numparc": 621, "etat de la localisation": "autre", "ID BDGEO": "3196", "horodatage": "2022-04-01 12:41:49", "distance (en metres)": 65.36, "station": "GAMBETTA-MAIRIE DU 20EME.", "marker-color": "#818181"}}, {"type": "Feature", "geometry": {"type": "Point", "coordinates": [2.344625, 48.859764]}, "properties": {"numparc": 628, "etat de la localisation": "autre", "ID BDGEO": "2637", "horodatage": "2022-04-01 12:41:57", "distance (en metres)": 1841.62, "station": "BASTILLE-RUE SAINT-ANTOINE", "marker-color": "#818181"}}, {"type": "Feature", "geometry": {"type": "Point", "coordinates": [2.388244, 48.863049]}, "properties": {"numparc": 633, "etat de la localisation": "autre", "ID BDGEO": "711", "horodatage": "2022-04-01 12:42:15", "distance (en metres)": 79.51, "station": "PERE LACHAISE", "marker-color": "#818181"}}, {"type": "Feature", "geometry": {"type": "Point", "coordinates": [2.323778, 48.86076]}, "properties": {"numparc": 629, "etat de la localisation": "autre", "ID BDGEO": "2637", "horodatage": "2022-04-01 12:42:47", "distance (en metres)": 3325.48, "station": "BASTILLE-RUE SAINT-ANTOINE", "marker-color": "#818181"}}, {"type": "Feature", "geometry": {"type": "Point", "coordinates": [2.399855, 48.865383]}, "properties": {"numparc": 622, "etat de la localisation": "autre", "ID BDGEO": "3196", "horodatage": "2022-04-01 12:42:50", "distance (en metres)": 57.93, "station": "GAMBETTA-MAIRIE DU 20EME.", "marker-color": "#818181"}}, {"type": "Feature", "geometry": {"type": "Point", "coordinates": [2.399855, 48.865383]}, "properties": {"numparc": 622, "etat de la localisation": "autre", "ID BDGEO": "3196", "horodatage": "2022-04-01 12:43:00", "distance (en metres)": 57.93, "station": "GAMBETTA-MAIRIE DU 20EME.", "marker-color": "#818181"}}, {"type": "Feature", "geometry": {"type": "Point", "coordinates": [2.39814, 48.865372]}, "properties": {"numparc": 620, "etat de la localisation": "Deviation programmee", "ID BDGEO": "5527", "horodatage": "2022-04-01 12:43:31", "distance (en metres)": 55.39, "station": "GAMBETTA", "marker-color": "#56FF93"}}, {"type": "Feature", "geometry": {"type": "Point", "coordinates": [2.35059, 48.85783]}, "properties": {"numparc": 632, "etat de la localisation": "autre", "ID BDGEO": "2637", "horodatage": "2022-04-01 12:43:56", "distance (en metres)": 1356.15, "station": "BASTILLE-RUE SAINT-ANTOINE", "marker-color": "#818181"}}, {"type": "Feature", "geometry": {"type": "Point", "coordinates": [2.385341, 48.861927]}, "properties": {"numparc": 633, "etat de la localisation": "autre", "ID BDGEO": "711", "horodatage": "2022-04-01 12:43:56", "distance (en metres)": 179.62, "station": "PERE LACHAISE", "marker-color": "#818181"}}, {"type": "Feature", "geometry": {"type": "Point", "coordinates": [2.348471, 48.856846]}, "properties": {"numparc": 625, "etat de la localisation": "autre", "ID BDGEO": "10829", "horodatage": "2022-04-01 12:44:03", "distance (en metres)": 2391.69, "station": "VOLTAIRE-LEON BLUM.", "marker-color": "#818181"}}, {"type": "Feature", "geometry": {"type": "Point", "coordinates": [2.340064, 48.861248]}, "properties": {"numparc": 628, "etat de la localisation": "autre", "ID BDGEO": "2637", "horodatage": "2022-04-01 12:44:12", "distance (en metres)": 2213.34, "station": "BASTILLE-RUE SAINT-ANTOINE", "marker-color": "#818181"}}, {"type": "Feature", "geometry": {"type": "Point", "coordinates": [2.323407, 48.858139]}, "properties": {"numparc": 629, "etat de la localisation": "autre", "ID BDGEO": "2637", "horodatage": "2022-04-01 12:44:40", "distance (en metres)": 3291.68, "station": "BASTILLE-RUE SAINT-ANTOINE", "marker-color": "#818181"}}, {"type": "Feature", "geometry": {"type": "Point", "coordinates": [2.350314, 48.856213]}, "properties": {"numparc": 625, "etat de la localisation": "autre", "ID BDGEO": "10829", "horodatage": "2022-04-01 12:45:10", "distance (en metres)": 2261.65, "station": "VOLTAIRE-LEON BLUM.", "marker-color": "#818181"}}, {"type": "Feature", "geometry": {"type": "Point", "coordinates": [2.386387, 48.859962]}, "properties": {"numparc": 633, "etat de la localisation": "autre", "ID BDGEO": "709", "horodatage": "2022-04-01 12:45:12", "distance (en metres)": 162.42, "station": "SAINT-MAUR-SERVAN", "marker-color": "#818181"}}, {"type": "Feature", "geometry": {"type": "Point", "coordinates": [2.386653, 48.859592]}, "properties": {"numparc": 633, "etat de la localisation": "autre", "ID BDGEO": "709", "horodatage": "2022-04-01 12:45:35", "distance (en metres)": 149.03, "station": "SAINT-MAUR-SERVAN", "marker-color": "#818181"}}, {"type": "Feature", "geometry": {"type": "Point", "coordinates": [2.388907, 48.860363]}, "properties": {"numparc": 626, "etat de la localisation": "autre", "ID BDGEO": "655", "horodatage": "2022-04-01 12:45:50", "distance (en metres)": 187.59, "station": "ROQUETTE-PERE LACHAISE", "marker-color": "#818181"}}, {"type": "Feature", "geometry": {"type": "Point", "coordinates": [2.371275, 48.857872]}, "properties": {"numparc": 636, "etat de la localisation": "autre", "ID BDGEO": "2629", "horodatage": "2022-04-01 12:46:26", "distance (en metres)": 2243.83, "station": "GAMBETTA-JAPON#", "marker-color": "#818181"}}, {"type": "Feature", "geometry": {"type": "Point", "coordinates": [2.33568, 48.862671]}, "properties": {"numparc": 628, "etat de la localisation": "autre", "ID BDGEO": "2637", "horodatage": "2022-04-01 12:46:40", "distance (en metres)": 2570.61, "station": "BASTILLE-RUE SAINT-ANTOINE", "marker-color": "#818181"}}, {"type": "Feature", "geometry": {"type": "Point", "coordinates": [2.325339, 48.855682]}, "properties": {"numparc": 629, "etat de la localisation": "autre", "ID BDGEO": "2637", "horodatage": "2022-04-01 12:46:47", "distance (en metres)": 3117.24, "station": "BASTILLE-RUE SAINT-ANTOINE", "marker-color": "#818181"}}, {"type": "Feature", "geometry": {"type": "Point", "coordinates": [2.33568, 48.862671]}, "properties": {"numparc": 628, "etat de la localisation": "autre", "ID BDGEO": "2637", "horodatage": "2022-04-01 12:46:51", "distance (en metres)": 2570.61, "station": "BASTILLE-RUE SAINT-ANTOINE", "marker-color": "#818181"}}, {"type": "Feature", "geometry": {"type": "Point", "coordinates": [2.387761, 48.86261]}, "properties": {"numparc": 626, "etat de la localisation": "autre", "ID BDGEO": "653", "horodatage": "2022-04-01 12:46:51", "distance (en metres)": 65.8, "station": "AUGUSTE METIVIER", "marker-color": "#818181"}}, {"type": "Feature", "geometry": {"type": "Point", "coordinates": [2.348975, 48.858353]}, "properties": {"numparc": 632, "etat de la localisation": "autre", "ID BDGEO": "2637", "horodatage": "2022-04-01 12:47:27", "distance (en metres)": 1487.48, "station": "BASTILLE-RUE SAINT-ANTOINE", "marker-color": "#818181"}}, {"type": "Feature", "geometry": {"type": "Point", "coordinates": [2.356033, 48.855778]}, "properties": {"numparc": 625, "etat de la localisation": "autre", "ID BDGEO": "10829", "horodatage": "2022-04-01 12:48:44", "distance (en metres)": 1850.36, "station": "VOLTAIRE-LEON BLUM.", "marker-color": "#818181"}}, {"type": "Feature", "geometry": {"type": "Point", "coordinates": [2.333646, 48.860867]}, "properties": {"numparc": 628, "etat de la localisation": "autre", "ID BDGEO": "2637", "horodatage": "2022-04-01 12:49:06", "distance (en metres)": 2636.43, "station": "BASTILLE-RUE SAINT-ANTOINE", "marker-color": "#818181"}}, {"type": "Feature", "geometry": {"type": "Point", "coordinates": [2.388641, 48.860031]}, "properties": {"numparc": 634, "etat de la localisation": "autre", "ID BDGEO": "655", "horodatage": "2022-04-01 12:49:16", "distance (en metres)": 161.0, "station": "ROQUETTE-PERE LACHAISE", "marker-color": "#818181"}}, {"type": "Feature", "geometry": {"type": "Point", "coordinates": [2.320619, 48.856739]}, "properties": {"numparc": 629, "etat de la localisation": "autre", "ID BDGEO": "2637", "horodatage": "2022-04-01 12:50:02", "distance (en metres)": 3472.42, "station": "BASTILLE-RUE SAINT-ANTOINE", "marker-color": "#818181"}}, {"type": "Feature", "geometry": {"type": "Point", "coordinates": [2.358062, 48.855312]}, "properties": {"numparc": 625, "etat de la localisation": "autre", "ID BDGEO": "10829", "horodatage": "2022-04-01 12:50:02", "distance (en metres)": 1711.01, "station": "VOLTAIRE-LEON BLUM.", "marker-color": "#818181"}}, {"type": "Feature", "geometry": {"type": "Point", "coordinates": [2.387636, 48.862316]}, "properties": {"numparc": 634, "etat de la localisation": "autre", "ID BDGEO": "653", "horodatage": "2022-04-01 12:50:32", "distance (en metres)": 98.89, "station": "AUGUSTE METIVIER", "marker-color": "#818181"}}, {"type": "Feature", "geometry": {"type": "Point", "coordinates": [2.387576, 48.862503]}, "properties": {"numparc": 634, "etat de la localisation": "autre", "ID BDGEO": "653", "horodatage": "2022-04-01 12:51:22", "distance (en metres)": 83.15, "station": "AUGUSTE METIVIER", "marker-color": "#818181"}}, {"type": "Feature", "geometry": {"type": "Point", "coordinates": [2.399967, 48.865231]}, "properties": {"numparc": 622, "etat de la localisation": "autre", "ID BDGEO": "3196", "horodatage": "2022-04-01 12:51:38", "distance (en metres)": 73.96, "station": "GAMBETTA-MAIRIE DU 20EME.", "marker-color": "#818181"}}, {"type": "Feature", "geometry": {"type": "Point", "coordinates": [2.399967, 48.865231]}, "properties": {"numparc": 622, "etat de la localisation": "autre", "ID BDGEO": "3196", "horodatage": "2022-04-01 12:51:58", "distance (en metres)": 73.96, "station": "GAMBETTA-MAIRIE DU 20EME.", "marker-color": "#818181"}}, {"type": "Feature", "geometry": {"type": "Point", "coordinates": [2.362144, 48.854599]}, "properties": {"numparc": 625, "etat de la localisation": "autre", "ID BDGEO": "10829", "horodatage": "2022-04-01 12:52:09", "distance (en metres)": 1435.33, "station": "VOLTAIRE-LEON BLUM.", "marker-color": "#818181"}}, {"type": "Feature", "geometry": {"type": "Point", "coordinates": [2.388279, 48.86306]}, "properties": {"numparc": 621, "etat de la localisation": "autre", "ID BDGEO": "711", "horodatage": "2022-04-01 12:52:25", "distance (en metres)": 81.96, "station": "PERE LACHAISE", "marker-color": "#818181"}}, {"type": "Feature", "geometry": {"type": "Point", "coordinates": [2.323833, 48.860809]}, "properties": {"numparc": 628, "etat de la localisation": "autre", "ID BDGEO": "2637", "horodatage": "2022-04-01 12:52:32", "distance (en metres)": 3322.96, "station": "BASTILLE-RUE SAINT-ANTOINE", "marker-color": "#818181"}}, {"type": "Feature", "geometry": {"type": "Point", "coordinates": [2.371233, 48.857906]}, "properties": {"numparc": 633, "etat de la localisation": "autre", "ID BDGEO": "705", "horodatage": "2022-04-01 12:52:32", "distance (en metres)": 379.6, "station": "BREGUET-SABIN", "marker-color": "#818181"}}, {"type": "Feature", "geometry": {"type": "Point", "coordinates": [2.344439, 48.859821]}, "properties": {"numparc": 632, "etat de la localisation": "autre", "ID BDGEO": "2637", "horodatage": "2022-04-01 12:52:42", "distance (en metres)": 1856.63, "station": "BASTILLE-RUE SAINT-ANTOINE", "marker-color": "#818181"}}, {"type": "Feature", "geometry": {"type": "Point", "coordinates": [2.316951, 48.857754]}, "properties": {"numparc": 629, "etat de la localisation": "autre", "ID BDGEO": "2637", "horodatage": "2022-04-01 12:53:31", "distance (en metres)": 3752.5, "station": "BASTILLE-RUE SAINT-ANTOINE", "marker-color": "#818181"}}, {"type": "Feature", "geometry": {"type": "Point", "coordinates": [2.365569, 48.853748]}, "properties": {"numparc": 625, "etat de la localisation": "autre", "ID BDGEO": "10829", "horodatage": "2022-04-01 12:53:43", "distance (en metres)": 1226.61, "station": "VOLTAIRE-LEON BLUM.", "marker-color": "#818181"}}, {"type": "Feature", "geometry": {"type": "Point", "coordinates": [2.368511, 48.857018]}, "properties": {"numparc": 633, "etat de la localisation": "autre", "ID BDGEO": "705", "horodatage": "2022-04-01 12:54:10", "distance (en metres)": 383.1, "station": "BREGUET-SABIN", "marker-color": "#818181"}}, {"type": "Feature", "geometry": {"type": "Point", "coordinates": [2.385369, 48.861908]}, "properties": {"numparc": 621, "etat de la localisation": "autre", "ID BDGEO": "711", "horodatage": "2022-04-01 12:54:18", "distance (en metres)": 178.37, "station": "PERE LACHAISE", "marker-color": "#818181"}}, {"type": "Feature", "geometry": {"type": "Point", "coordinates": [2.400121, 48.864967]}, "properties": {"numparc": 622, "etat de la localisation": "autre", "ID BDGEO": "3196", "horodatage": "2022-04-01 12:54:34", "distance (en metres)": 101.85, "station": "GAMBETTA-MAIRIE DU 20EME.", "marker-color": "#818181"}}, {"type": "Feature", "geometry": {"type": "Point", "coordinates": [2.399875, 48.865395]}, "properties": {"numparc": 620, "etat de la localisation": "autre", "ID BDGEO": "3196", "horodatage": "2022-04-01 12:54:40", "distance (en metres)": 58.65, "station": "GAMBETTA-MAIRIE DU 20EME.", "marker-color": "#818181"}}, {"type": "Feature", "geometry": {"type": "Point", "coordinates": [2.340052, 48.861267]}, "properties": {"numparc": 632, "etat de la localisation": "autre", "ID BDGEO": "2637", "horodatage": "2022-04-01 12:54:48", "distance (en metres)": 2215.0, "station": "BASTILLE-RUE SAINT-ANTOINE", "marker-color": "#818181"}}, {"type": "Feature", "geometry": {"type": "Point", "coordinates": [2.386514, 48.859886]}, "properties": {"numparc": 621, "etat de la localisation": "autre", "ID BDGEO": "709", "horodatage": "2022-04-01 12:55:29", "distance (en metres)": 162.32, "station": "SAINT-MAUR-SERVAN", "marker-color": "#818181"}}, {"type": "Feature", "geometry": {"type": "Point", "coordinates": [2.36819, 48.853367]}, "properties": {"numparc": 625, "etat de la localisation": "autre", "ID BDGEO": "10829", "horodatage": "2022-04-01 12:55:35", "distance (en metres)": 1070.25, "station": "VOLTAIRE-LEON BLUM.", "marker-color": "#818181"}}, {"type": "Feature", "geometry": {"type": "Point", "coordinates": [2.325341, 48.855644]}, "properties": {"numparc": 628, "etat de la localisation": "autre", "ID BDGEO": "2637", "horodatage": "2022-04-01 12:55:49", "distance (en metres)": 3116.74, "station": "BASTILLE-RUE SAINT-ANTOINE", "marker-color": "#818181"}}, {"type": "Feature", "geometry": {"type": "Point", "coordinates": [2.36819, 48.853367]}, "properties": {"numparc": 625, "etat de la localisation": "autre", "ID BDGEO": "10829", "horodatage": "2022-04-01 12:56:00", "distance (en metres)": 1070.25, "station": "VOLTAIRE-LEON BLUM.", "marker-color": "#818181"}}, {"type": "Feature", "geometry": {"type": "Point", "coordinates": [2.309509, 48.858067]}, "properties": {"numparc": 629, "etat de la localisation": "autre", "ID BDGEO": "2637", "horodatage": "2022-04-01 12:56:45", "distance (en metres)": 4296.93, "station": "BASTILLE-RUE SAINT-ANTOINE", "marker-color": "#818181"}}, {"type": "Feature", "geometry": {"type": "Point", "coordinates": [2.306134, 48.857792]}, "properties": {"numparc": 629, "etat de la localisation": "autre", "ID BDGEO": "2637", "horodatage": "2022-04-01 12:57:37", "distance (en metres)": 4538.59, "station": "BASTILLE-RUE SAINT-ANTOINE", "marker-color": "#818181"}}, {"type": "Feature", "geometry": {"type": "Point", "coordinates": [2.357534, 48.856106]}, "properties": {"numparc": 636, "etat de la localisation": "autre", "ID BDGEO": "2629", "horodatage": "2022-04-01 12:57:55", "distance (en metres)": 3256.36, "station": "GAMBETTA-JAPON#", "marker-color": "#818181"}}, {"type": "Feature", "geometry": {"type": "Point", "coordinates": [2.370698, 48.85368]}, "properties": {"numparc": 625, "etat de la localisation": "autre", "ID BDGEO": "10829", "horodatage": "2022-04-01 12:58:25", "distance (en metres)": 893.45, "station": "VOLTAIRE-LEON BLUM.", "marker-color": "#818181"}}, {"type": "Feature", "geometry": {"type": "Point", "coordinates": [2.303836, 48.856976]}, "properties": {"numparc": 629, "etat de la localisation": "autre", "ID BDGEO": "2637", "horodatage": "2022-04-01 12:58:34", "distance (en metres)": 4696.95, "station": "BASTILLE-RUE SAINT-ANTOINE", "marker-color": "#818181"}}, {"type": "Feature", "geometry": {"type": "Point", "coordinates": [2.392668, 48.864208]}, "properties": {"numparc": 622, "etat de la localisation": "autre", "ID BDGEO": "2960", "horodatage": "2022-04-01 12:59:44", "distance (en metres)": 57.83, "station": "MURIERS", "marker-color": "#818181"}}, {"type": "Feature", "geometry": {"type": "Point", "coordinates": [2.399872, 48.865417]}, "properties": {"numparc": 620, "etat de la localisation": "autre", "ID BDGEO": "3196", "horodatage": "2022-04-01 13:00:18", "distance (en metres)": 57.39, "station": "GAMBETTA-MAIRIE DU 20EME.", "marker-color": "#818181"}}, {"type": "Feature", "geometry": {"type": "Point", "coordinates": [2.362072, 48.854996]}, "properties": {"numparc": 633, "etat de la localisation": "autre", "ID BDGEO": "2637", "horodatage": "2022-04-01 13:00:20", "distance (en metres)": 459.66, "station": "BASTILLE-RUE SAINT-ANTOINE", "marker-color": "#818181"}}, {"type": "Feature", "geometry": {"type": "Point", "coordinates": [2.375396, 48.85603]}, "properties": {"numparc": 625, "etat de la localisation": "autre", "ID BDGEO": "10829", "horodatage": "2022-04-01 13:00:38", "distance (en metres)": 466.06, "station": "VOLTAIRE-LEON BLUM.", "marker-color": "#818181"}}, {"type": "Feature", "geometry": {"type": "Point", "coordinates": [2.299459, 48.857391]}, "properties": {"numparc": 629, "etat de la localisation": "autre", "ID BDGEO": "2637", "horodatage": "2022-04-01 13:01:18", "distance (en metres)": 5020.02, "station": "BASTILLE-RUE SAINT-ANTOINE", "marker-color": "#818181"}}, {"type": "Feature", "geometry": {"type": "Point", "coordinates": [2.37826, 48.857098]}, "properties": {"numparc": 625, "etat de la localisation": "autre", "ID BDGEO": "10829", "horodatage": "2022-04-01 13:01:29", "distance (en metres)": 226.21, "station": "VOLTAIRE-LEON BLUM.", "marker-color": "#818181"}}, {"type": "Feature", "geometry": {"type": "Point", "coordinates": [2.357553, 48.856125]}, "properties": {"numparc": 633, "etat de la localisation": "autre", "ID BDGEO": "2637", "horodatage": "2022-04-01 13:02:17", "distance (en metres)": 812.9, "station": "BASTILLE-RUE SAINT-ANTOINE", "marker-color": "#818181"}}, {"type": "Feature", "geometry": {"type": "Point", "coordinates": [2.296597, 48.85545]}, "properties": {"numparc": 629, "etat de la localisation": "autre", "ID BDGEO": "10829", "horodatage": "2022-04-01 13:02:22", "distance (en metres)": 6189.98, "station": "VOLTAIRE-LEON BLUM.", "marker-color": "#818181"}}, {"type": "Feature", "geometry": {"type": "Point", "coordinates": [2.399835, 48.865559]}, "properties": {"numparc": 637, "etat de la localisation": "autre", "ID BDGEO": "3196", "horodatage": "2022-04-01 13:02:43", "distance (en metres)": 50.31, "station": "GAMBETTA-MAIRIE DU 20EME.", "marker-color": "#818181"}}, {"type": "Feature", "geometry": {"type": "Point", "coordinates": [2.388212, 48.863129]}, "properties": {"numparc": 622, "etat de la localisation": "autre", "ID BDGEO": "711", "horodatage": "2022-04-01 13:02:53", "distance (en metres)": 86.09, "station": "PERE LACHAISE", "marker-color": "#818181"}}, {"type": "Feature", "geometry": {"type": "Point", "coordinates": [2.350321, 48.856274]}, "properties": {"numparc": 636, "etat de la localisation": "Delocalise", "ID BDGEO": "667", "horodatage": "2022-04-01 13:03:19", "distance (en metres)": 193.2, "station": "HOTEL DE VILLE", "marker-color": "#FF565E"}}, {"type": "Feature", "geometry": {"type": "Point", "coordinates": [2.374861, 48.859104]}, "properties": {"numparc": 621, "etat de la localisation": "autre", "ID BDGEO": "707", "horodatage": "2022-04-01 13:03:33", "distance (en metres)": 351.57, "station": "POPINCOURT", "marker-color": "#818181"}}, {"type": "Feature", "geometry": {"type": "Point", "coordinates": [2.350649, 48.8578]}, "properties": {"numparc": 633, "etat de la localisation": "autre", "ID BDGEO": "2637", "horodatage": "2022-04-01 13:03:58", "distance (en metres)": 1350.87, "station": "BASTILLE-RUE SAINT-ANTOINE", "marker-color": "#818181"}}, {"type": "Feature", "geometry": {"type": "Point", "coordinates": [2.399891, 48.865398]}, "properties": {"numparc": 620, "etat de la localisation": "autre", "ID BDGEO": "3196", "horodatage": "2022-04-01 13:04:16", "distance (en metres)": 59.52, "station": "GAMBETTA-MAIRIE DU 20EME.", "marker-color": "#818181"}}, {"type": "Feature", "geometry": {"type": "Point", "coordinates": [2.350639, 48.8578]}, "properties": {"numparc": 633, "etat de la localisation": "autre", "ID BDGEO": "2637", "horodatage": "2022-04-01 13:04:21", "distance (en metres)": 1351.55, "station": "BASTILLE-RUE SAINT-ANTOINE", "marker-color": "#818181"}}, {"type": "Feature", "geometry": {"type": "Point", "coordinates": [2.385264, 48.862003]}, "properties": {"numparc": 622, "etat de la localisation": "autre", "ID BDGEO": "711", "horodatage": "2022-04-01 13:05:03", "distance (en metres)": 182.53, "station": "PERE LACHAISE", "marker-color": "#818181"}}, {"type": "Feature", "geometry": {"type": "Point", "coordinates": [2.371267, 48.857941]}, "properties": {"numparc": 621, "etat de la localisation": "autre", "ID BDGEO": "706", "horodatage": "2022-04-01 13:05:26", "distance (en metres)": 382.44, "station": "COMMANDANT LAMY", "marker-color": "#818181"}}, {"type": "Feature", "geometry": {"type": "Point", "coordinates": [2.348835, 48.858395]}, "properties": {"numparc": 633, "etat de la localisation": "autre", "ID BDGEO": "2637", "horodatage": "2022-04-01 13:05:28", "distance (en metres)": 1498.73, "station": "BASTILLE-RUE SAINT-ANTOINE", "marker-color": "#818181"}}, {"type": "Feature", "geometry": {"type": "Point", "coordinates": [2.323405, 48.858116]}, "properties": {"numparc": 632, "etat de la localisation": "autre", "ID BDGEO": "2637", "horodatage": "2022-04-01 13:05:49", "distance (en metres)": 3291.4, "station": "BASTILLE-RUE SAINT-ANTOINE", "marker-color": "#818181"}}, {"type": "Feature", "geometry": {"type": "Point", "coordinates": [2.394006, 48.869797]}, "properties": {"numparc": 634, "etat de la localisation": "Deviation programmee", "ID BDGEO": "712", "horodatage": "2022-04-01 13:06:07", "distance (en metres)": 556.47, "station": "MARTIN NADAUD", "marker-color": "#56FF93"}}, {"type": "Feature", "geometry": {"type": "Point", "coordinates": [2.386435, 48.859936]}, "properties": {"numparc": 622, "etat de la localisation": "autre", "ID BDGEO": "709", "horodatage": "2022-04-01 13:06:08", "distance (en metres)": 162.44, "station": "SAINT-MAUR-SERVAN", "marker-color": "#818181"}}, {"type": "Feature", "geometry": {"type": "Point", "coordinates": [2.394006, 48.869797]}, "properties": {"numparc": 634, "etat de la localisation": "Deviation programmee", "ID BDGEO": "712", "horodatage": "2022-04-01 13:06:10", "distance (en metres)": 556.47, "station": "MARTIN NADAUD", "marker-color": "#56FF93"}}, {"type": "Feature", "geometry": {"type": "Point", "coordinates": [2.399842, 48.865429]}, "properties": {"numparc": 620, "etat de la localisation": "autre", "ID BDGEO": "3196", "horodatage": "2022-04-01 13:06:58", "distance (en metres)": 54.86, "station": "GAMBETTA-MAIRIE DU 20EME.", "marker-color": "#818181"}}, {"type": "Feature", "geometry": {"type": "Point", "coordinates": [2.399842, 48.865429]}, "properties": {"numparc": 620, "etat de la localisation": "autre", "ID BDGEO": "3196", "horodatage": "2022-04-01 13:07:11", "distance (en metres)": 54.86, "station": "GAMBETTA-MAIRIE DU 20EME.", "marker-color": "#818181"}}, {"type": "Feature", "geometry": {"type": "Point", "coordinates": [2.35817, 48.855614]}, "properties": {"numparc": 636, "etat de la localisation": "autre", "ID BDGEO": "666", "horodatage": "2022-04-01 13:07:33", "distance (en metres)": 77.54, "station": "RUE VIEILLE DU TEMPLE-MAIRIE DU 4e", "marker-color": "#818181"}}, {"type": "Feature", "geometry": {"type": "Point", "coordinates": [2.400094, 48.865013]}, "properties": {"numparc": 620, "etat de la localisation": "autre", "ID BDGEO": "3196", "horodatage": "2022-04-01 13:07:54", "distance (en metres)": 96.84, "station": "GAMBETTA-MAIRIE DU 20EME.", "marker-color": "#818181"}}, {"type": "Feature", "geometry": {"type": "Point", "coordinates": [2.388782, 48.86034]}, "properties": {"numparc": 625, "etat de la localisation": "autre", "ID BDGEO": "655", "horodatage": "2022-04-01 13:07:57", "distance (en metres)": 178.11, "station": "ROQUETTE-PERE LACHAISE", "marker-color": "#818181"}}, {"type": "Feature", "geometry": {"type": "Point", "coordinates": [2.296591, 48.855492]}, "properties": {"numparc": 628, "etat de la localisation": "autre", "ID BDGEO": "10829", "horodatage": "2022-04-01 13:08:17", "distance (en metres)": 6190.21, "station": "VOLTAIRE-LEON BLUM.", "marker-color": "#818181"}}, {"type": "Feature", "geometry": {"type": "Point", "coordinates": [2.387774, 48.862495]}, "properties": {"numparc": 625, "etat de la localisation": "autre", "ID BDGEO": "653", "horodatage": "2022-04-01 13:08:59", "distance (en metres)": 76.55, "station": "AUGUSTE METIVIER", "marker-color": "#818181"}}, {"type": "Feature", "geometry": {"type": "Point", "coordinates": [2.296738, 48.855129]}, "properties": {"numparc": 629, "etat de la localisation": "autre", "ID BDGEO": "10829", "horodatage": "2022-04-01 13:09:02", "distance (en metres)": 6181.35, "station": "VOLTAIRE-LEON BLUM.", "marker-color": "#818181"}}, {"type": "Feature", "geometry": {"type": "Point", "coordinates": [2.344465, 48.859802]}, "properties": {"numparc": 633, "etat de la localisation": "autre", "ID BDGEO": "2637", "horodatage": "2022-04-01 13:09:46", "distance (en metres)": 1854.05, "station": "BASTILLE-RUE SAINT-ANTOINE", "marker-color": "#818181"}}, {"type": "Feature", "geometry": {"type": "Point", "coordinates": [2.387725, 48.862602]}, "properties": {"numparc": 625, "etat de la localisation": "autre", "ID BDGEO": "653", "horodatage": "2022-04-01 13:09:55", "distance (en metres)": 67.91, "station": "AUGUSTE METIVIER", "marker-color": "#818181"}}, {"type": "Feature", "geometry": {"type": "Point", "coordinates": [2.320588, 48.856625]}, "properties": {"numparc": 632, "etat de la localisation": "autre", "ID BDGEO": "2637", "horodatage": "2022-04-01 13:09:57", "distance (en metres)": 3473.3, "station": "BASTILLE-RUE SAINT-ANTOINE", "marker-color": "#818181"}}, {"type": "Feature", "geometry": {"type": "Point", "coordinates": [2.295681, 48.854733]}, "properties": {"numparc": 628, "etat de la localisation": "autre", "ID BDGEO": "10829", "horodatage": "2022-04-01 13:10:00", "distance (en metres)": 6260.9, "station": "VOLTAIRE-LEON BLUM.", "marker-color": "#818181"}}, {"type": "Feature", "geometry": {"type": "Point", "coordinates": [2.300018, 48.857319]}, "properties": {"numparc": 629, "etat de la localisation": "autre", "ID BDGEO": "10829", "horodatage": "2022-04-01 13:10:41", "distance (en metres)": 5934.08, "station": "VOLTAIRE-LEON BLUM.", "marker-color": "#818181"}}, {"type": "Feature", "geometry": {"type": "Point", "coordinates": [2.399792, 48.865479]}, "properties": {"numparc": 637, "etat de la localisation": "autre", "ID BDGEO": "3196", "horodatage": "2022-04-01 13:11:07", "distance (en metres)": 49.42, "station": "GAMBETTA-MAIRIE DU 20EME.", "marker-color": "#818181"}}, {"type": "Feature", "geometry": {"type": "Point", "coordinates": [2.316984, 48.857723]}, "properties": {"numparc": 632, "etat de la localisation": "autre", "ID BDGEO": "2637", "horodatage": "2022-04-01 13:11:23", "distance (en metres)": 3749.67, "station": "BASTILLE-RUE SAINT-ANTOINE", "marker-color": "#818181"}}, {"type": "Feature", "geometry": {"type": "Point", "coordinates": [2.399836, 48.865261]}, "properties": {"numparc": 634, "etat de la localisation": "autre", "ID BDGEO": "3196", "horodatage": "2022-04-01 13:11:47", "distance (en metres)": 64.32, "station": "GAMBETTA-MAIRIE DU 20EME.", "marker-color": "#818181"}}, {"type": "Feature", "geometry": {"type": "Point", "coordinates": [2.399183, 48.864445]}, "properties": {"numparc": 626, "etat de la localisation": "autre", "ID BDGEO": "2629", "horodatage": "2022-04-01 13:12:02", "distance (en metres)": 103.17, "station": "GAMBETTA-JAPON#", "marker-color": "#818181"}}, {"type": "Feature", "geometry": {"type": "Point", "coordinates": [2.303998, 48.858913]}, "properties": {"numparc": 629, "etat de la localisation": "autre", "ID BDGEO": "10829", "horodatage": "2022-04-01 13:12:17", "distance (en metres)": 5643.73, "station": "VOLTAIRE-LEON BLUM.", "marker-color": "#818181"}}, {"type": "Feature", "geometry": {"type": "Point", "coordinates": [2.365329, 48.853992]}, "properties": {"numparc": 621, "etat de la localisation": "autre", "ID BDGEO": "2637", "horodatage": "2022-04-01 13:12:19", "distance (en metres)": 196.58, "station": "BASTILLE-RUE SAINT-ANTOINE", "marker-color": "#818181"}}, {"type": "Feature", "geometry": {"type": "Point", "coordinates": [2.377574, 48.860016]}, "properties": {"numparc": 622, "etat de la localisation": "autre", "ID BDGEO": "708", "horodatage": "2022-04-01 13:12:21", "distance (en metres)": 334.52, "station": "VOLTAIRE-LEON BLUM", "marker-color": "#818181"}}, {"type": "Feature", "geometry": {"type": "Point", "coordinates": [2.313845, 48.858452]}, "properties": {"numparc": 632, "etat de la localisation": "autre", "ID BDGEO": "2637", "horodatage": "2022-04-01 13:12:58", "distance (en metres)": 3988.28, "station": "BASTILLE-RUE SAINT-ANTOINE", "marker-color": "#818181"}}, {"type": "Feature", "geometry": {"type": "Point", "coordinates": [2.307152, 48.85965]}, "properties": {"numparc": 629, "etat de la localisation": "autre", "ID BDGEO": "10829", "horodatage": "2022-04-01 13:13:42", "distance (en metres)": 5415.39, "station": "VOLTAIRE-LEON BLUM.", "marker-color": "#818181"}}, {"type": "Feature", "geometry": {"type": "Point", "coordinates": [2.40007, 48.864975]}, "properties": {"numparc": 637, "etat de la localisation": "autre", "ID BDGEO": "3196", "horodatage": "2022-04-01 13:13:45", "distance (en metres)": 98.67, "station": "GAMBETTA-MAIRIE DU 20EME.", "marker-color": "#818181"}}, {"type": "Feature", "geometry": {"type": "Point", "coordinates": [2.388241, 48.86306]}, "properties": {"numparc": 620, "etat de la localisation": "autre", "ID BDGEO": "711", "horodatage": "2022-04-01 13:13:54", "distance (en metres)": 80.49, "station": "PERE LACHAISE", "marker-color": "#818181"}}, {"type": "Feature", "geometry": {"type": "Point", "coordinates": [2.36211, 48.854996]}, "properties": {"numparc": 621, "etat de la localisation": "autre", "ID BDGEO": "2637", "horodatage": "2022-04-01 13:14:08", "distance (en metres)": 457.14, "station": "BASTILLE-RUE SAINT-ANTOINE", "marker-color": "#818181"}}, {"type": "Feature", "geometry": {"type": "Point", "coordinates": [2.37073, 48.853683]}, "properties": {"numparc": 636, "etat de la localisation": "autre", "ID BDGEO": "663", "horodatage": "2022-04-01 13:15:01", "distance (en metres)": 240.39, "station": "BASTILLE-RUE SAINT-ANTOINE", "marker-color": "#818181"}}, {"type": "Feature", "geometry": {"type": "Point", "coordinates": [2.310728, 48.859985]}, "properties": {"numparc": 629, "etat de la localisation": "autre", "ID BDGEO": "10829", "horodatage": "2022-04-01 13:15:11", "distance (en metres)": 5155.52, "station": "VOLTAIRE-LEON BLUM.", "marker-color": "#818181"}}, {"type": "Feature", "geometry": {"type": "Point", "coordinates": [2.371236, 48.857872]}, "properties": {"numparc": 622, "etat de la localisation": "autre", "ID BDGEO": "705", "horodatage": "2022-04-01 13:15:22", "distance (en metres)": 375.81, "station": "BREGUET-SABIN", "marker-color": "#818181"}}, {"type": "Feature", "geometry": {"type": "Point", "coordinates": [2.309529, 48.858047]}, "properties": {"numparc": 632, "etat de la localisation": "autre", "ID BDGEO": "2637", "horodatage": "2022-04-01 13:15:35", "distance (en metres)": 4295.22, "station": "BASTILLE-RUE SAINT-ANTOINE", "marker-color": "#818181"}}, {"type": "Feature", "geometry": {"type": "Point", "coordinates": [2.385334, 48.861942]}, "properties": {"numparc": 620, "etat de la localisation": "autre", "ID BDGEO": "711", "horodatage": "2022-04-01 13:15:50", "distance (en metres)": 179.57, "station": "PERE LACHAISE", "marker-color": "#818181"}}, {"type": "Feature", "geometry": {"type": "Point", "coordinates": [2.371878, 48.854481]}, "properties": {"numparc": 636, "etat de la localisation": "autre", "ID BDGEO": "663", "horodatage": "2022-04-01 13:16:06", "distance (en metres)": 345.78, "station": "BASTILLE-RUE SAINT-ANTOINE", "marker-color": "#818181"}}, {"type": "Feature", "geometry": {"type": "Point", "coordinates": [2.357529, 48.856136]}, "properties": {"numparc": 621, "etat de la localisation": "autre", "ID BDGEO": "2637", "horodatage": "2022-04-01 13:16:18", "distance (en metres)": 815.02, "station": "BASTILLE-RUE SAINT-ANTOINE", "marker-color": "#818181"}}, {"type": "Feature", "geometry": {"type": "Point", "coordinates": [2.306128, 48.857807]}, "properties": {"numparc": 632, "etat de la localisation": "autre", "ID BDGEO": "2637", "horodatage": "2022-04-01 13:16:28", "distance (en metres)": 4539.21, "station": "BASTILLE-RUE SAINT-ANTOINE", "marker-color": "#818181"}}, {"type": "Feature", "geometry": {"type": "Point", "coordinates": [2.335723, 48.862617]}, "properties": {"numparc": 633, "etat de la localisation": "autre", "ID BDGEO": "2637", "horodatage": "2022-04-01 13:16:54", "distance (en metres)": 2565.33, "station": "BASTILLE-RUE SAINT-ANTOINE", "marker-color": "#818181"}}, {"type": "Feature", "geometry": {"type": "Point", "coordinates": [2.37546, 48.855942]}, "properties": {"numparc": 636, "etat de la localisation": "autre", "ID BDGEO": "659", "horodatage": "2022-04-01 13:17:27", "distance (en metres)": 356.64, "station": "POPINCOURT", "marker-color": "#818181"}}, {"type": "Feature", "geometry": {"type": "Point", "coordinates": [2.368515, 48.857082]}, "properties": {"numparc": 622, "etat de la localisation": "autre", "ID BDGEO": "705", "horodatage": "2022-04-01 13:17:31", "distance (en metres)": 388.1, "station": "BREGUET-SABIN", "marker-color": "#818181"}}, {"type": "Feature", "geometry": {"type": "Point", "coordinates": [2.386451, 48.859974]}, "properties": {"numparc": 620, "etat de la localisation": "autre", "ID BDGEO": "709", "horodatage": "2022-04-01 13:17:46", "distance (en metres)": 166.41, "station": "SAINT-MAUR-SERVAN", "marker-color": "#818181"}}, {"type": "Feature", "geometry": {"type": "Point", "coordinates": [2.295812, 48.854782]}, "properties": {"numparc": 628, "etat de la localisation": "autre", "ID BDGEO": "10829", "horodatage": "2022-04-01 13:18:01", "distance (en metres)": 6251.03, "station": "VOLTAIRE-LEON BLUM.", "marker-color": "#818181"}}, {"type": "Feature", "geometry": {"type": "Point", "coordinates": [2.388179, 48.863045]}, "properties": {"numparc": 637, "etat de la localisation": "autre", "ID BDGEO": "711", "horodatage": "2022-04-01 13:18:20", "distance (en metres)": 76.73, "station": "PERE LACHAISE", "marker-color": "#818181"}}, {"type": "Feature", "geometry": {"type": "Point", "coordinates": [2.319894, 48.859234]}, "properties": {"numparc": 629, "etat de la localisation": "autre", "ID BDGEO": "10829", "horodatage": "2022-04-01 13:18:24", "distance (en metres)": 4482.18, "station": "VOLTAIRE-LEON BLUM.", "marker-color": "#818181"}}, {"type": "Feature", "geometry": {"type": "Point", "coordinates": [2.350622, 48.857796]}, "properties": {"numparc": 621, "etat de la localisation": "autre", "ID BDGEO": "2637", "horodatage": "2022-04-01 13:19:02", "distance (en metres)": 1352.56, "station": "BASTILLE-RUE SAINT-ANTOINE", "marker-color": "#818181"}}, {"type": "Feature", "geometry": {"type": "Point", "coordinates": [2.407327, 48.849525]}, "properties": {"numparc": 626, "etat de la localisation": "autre", "ID BDGEO": "4538", "horodatage": "2022-04-01 13:19:23", "distance (en metres)": 50.49, "station": "LAGNY SORTIE", "marker-color": "#818181"}}, {"type": "Feature", "geometry": {"type": "Point", "coordinates": [2.323666, 48.8578]}, "properties": {"numparc": 629, "etat de la localisation": "autre", "ID BDGEO": "10829", "horodatage": "2022-04-01 13:19:28", "distance (en metres)": 4203.7, "station": "VOLTAIRE-LEON BLUM.", "marker-color": "#818181"}}, {"type": "Feature", "geometry": {"type": "Point", "coordinates": [2.296829, 48.855175]}, "properties": {"numparc": 628, "etat de la localisation": "autre", "ID BDGEO": "10829", "horodatage": "2022-04-01 13:19:38", "distance (en metres)": 6174.44, "station": "VOLTAIRE-LEON BLUM.", "marker-color": "#818181"}}, {"type": "Feature", "geometry": {"type": "Point", "coordinates": [2.296687, 48.855442]}, "properties": {"numparc": 632, "etat de la localisation": "autre", "ID BDGEO": "10829", "horodatage": "2022-04-01 13:21:04", "distance (en metres)": 6183.45, "station": "VOLTAIRE-LEON BLUM.", "marker-color": "#818181"}}, {"type": "Feature", "geometry": {"type": "Point", "coordinates": [2.326478, 48.856236]}, "properties": {"numparc": 629, "etat de la localisation": "autre", "ID BDGEO": "10829", "horodatage": "2022-04-01 13:21:30", "distance (en metres)": 4002.12, "station": "VOLTAIRE-LEON BLUM.", "marker-color": "#818181"}}, {"type": "Feature", "geometry": {"type": "Point", "coordinates": [2.365258, 48.85392]}, "properties": {"numparc": 622, "etat de la localisation": "autre", "ID BDGEO": "2637", "horodatage": "2022-04-01 13:21:35", "distance (en metres)": 198.32, "station": "BASTILLE-RUE SAINT-ANTOINE", "marker-color": "#818181"}}, {"type": "Feature", "geometry": {"type": "Point", "coordinates": [2.300051, 48.857346]}, "properties": {"numparc": 628, "etat de la localisation": "autre", "ID BDGEO": "10829", "horodatage": "2022-04-01 13:21:44", "distance (en metres)": 5931.64, "station": "VOLTAIRE-LEON BLUM.", "marker-color": "#818181"}}, {"type": "Feature", "geometry": {"type": "Point", "coordinates": [2.344455, 48.859806]}, "properties": {"numparc": 621, "etat de la localisation": "autre", "ID BDGEO": "2637", "horodatage": "2022-04-01 13:22:41", "distance (en metres)": 1854.89, "station": "BASTILLE-RUE SAINT-ANTOINE", "marker-color": "#818181"}}, {"type": "Feature", "geometry": {"type": "Point", "coordinates": [2.385277, 48.862007]}, "properties": {"numparc": 637, "etat de la localisation": "autre", "ID BDGEO": "711", "horodatage": "2022-04-01 13:23:11", "distance (en metres)": 181.49, "station": "PERE LACHAISE", "marker-color": "#818181"}}, {"type": "Feature", "geometry": {"type": "Point", "coordinates": [2.329149, 48.858936]}, "properties": {"numparc": 629, "etat de la localisation": "autre", "ID BDGEO": "10829", "horodatage": "2022-04-01 13:23:21", "distance (en metres)": 3804.4, "station": "VOLTAIRE-LEON BLUM.", "marker-color": "#818181"}}, {"type": "Feature", "geometry": {"type": "Point", "coordinates": [2.36209, 48.85503]}, "properties": {"numparc": 622, "etat de la localisation": "autre", "ID BDGEO": "2637", "horodatage": "2022-04-01 13:23:29", "distance (en metres)": 460.05, "station": "BASTILLE-RUE SAINT-ANTOINE", "marker-color": "#818181"}}, {"type": "Feature", "geometry": {"type": "Point", "coordinates": [2.386374, 48.859909]}, "properties": {"numparc": 637, "etat de la localisation": "autre", "ID BDGEO": "709", "horodatage": "2022-04-01 13:24:02", "distance (en metres)": 157.27, "station": "SAINT-MAUR-SERVAN", "marker-color": "#818181"}}, {"type": "Feature", "geometry": {"type": "Point", "coordinates": [2.340267, 48.86121]}, "properties": {"numparc": 621, "etat de la localisation": "autre", "ID BDGEO": "2637", "horodatage": "2022-04-01 13:24:06", "distance (en metres)": 2198.04, "station": "BASTILLE-RUE SAINT-ANTOINE", "marker-color": "#818181"}}, {"type": "Feature", "geometry": {"type": "Point", "coordinates": [2.304003, 48.859016]}, "properties": {"numparc": 628, "etat de la localisation": "autre", "ID BDGEO": "10829", "horodatage": "2022-04-01 13:24:09", "distance (en metres)": 5643.61, "station": "VOLTAIRE-LEON BLUM.", "marker-color": "#818181"}}, {"type": "Feature", "geometry": {"type": "Point", "coordinates": [2.399836, 48.865261]}, "properties": {"numparc": 634, "etat de la localisation": "autre", "ID BDGEO": "3196", "horodatage": "2022-04-01 13:24:31", "distance (en metres)": 64.32, "station": "GAMBETTA-MAIRIE DU 20EME.", "marker-color": "#818181"}}, {"type": "Feature", "geometry": {"type": "Point", "coordinates": [2.307187, 48.859642]}, "properties": {"numparc": 628, "etat de la localisation": "autre", "ID BDGEO": "10829", "horodatage": "2022-04-01 13:25:20", "distance (en metres)": 5412.79, "station": "VOLTAIRE-LEON BLUM.", "marker-color": "#818181"}}, {"type": "Feature", "geometry": {"type": "Point", "coordinates": [2.399925, 48.865021]}, "properties": {"numparc": 634, "etat de la localisation": "autre", "ID BDGEO": "3196", "horodatage": "2022-04-01 13:25:23", "distance (en metres)": 87.85, "station": "GAMBETTA-MAIRIE DU 20EME.", "marker-color": "#818181"}}, {"type": "Feature", "geometry": {"type": "Point", "coordinates": [2.37482, 48.859119]}, "properties": {"numparc": 620, "etat de la localisation": "autre", "ID BDGEO": "707", "horodatage": "2022-04-01 13:25:30", "distance (en metres)": 354.91, "station": "POPINCOURT", "marker-color": "#818181"}}, {"type": "Feature", "geometry": {"type": "Point", "coordinates": [2.357534, 48.856144]}, "properties": {"numparc": 622, "etat de la localisation": "autre", "ID BDGEO": "2637", "horodatage": "2022-04-01 13:25:31", "distance (en metres)": 815.01, "station": "BASTILLE-RUE SAINT-ANTOINE", "marker-color": "#818181"}}, {"type": "Feature", "geometry": {"type": "Point", "coordinates": [2.35751, 48.856148]}, "properties": {"numparc": 622, "etat de la localisation": "autre", "ID BDGEO": "2637", "horodatage": "2022-04-01 13:25:45", "distance (en metres)": 816.78, "station": "BASTILLE-RUE SAINT-ANTOINE", "marker-color": "#818181"}}, {"type": "Feature", "geometry": {"type": "Point", "coordinates": [2.296814, 48.855232]}, "properties": {"numparc": 632, "etat de la localisation": "autre", "ID BDGEO": "10829", "horodatage": "2022-04-01 13:25:52", "distance (en metres)": 6175.23, "station": "VOLTAIRE-LEON BLUM.", "marker-color": "#818181"}}, {"type": "Feature", "geometry": {"type": "Point", "coordinates": [2.310763, 48.859962]}, "properties": {"numparc": 628, "etat de la localisation": "autre", "ID BDGEO": "10829", "horodatage": "2022-04-01 13:26:44", "distance (en metres)": 5152.86, "station": "VOLTAIRE-LEON BLUM.", "marker-color": "#818181"}}, {"type": "Feature", "geometry": {"type": "Point", "coordinates": [2.368428, 48.857018]}, "properties": {"numparc": 620, "etat de la localisation": "autre", "ID BDGEO": "705", "horodatage": "2022-04-01 13:27:51", "distance (en metres)": 387.35, "station": "BREGUET-SABIN", "marker-color": "#818181"}}, {"type": "Feature", "geometry": {"type": "Point", "coordinates": [2.31451, 48.859962]}, "properties": {"numparc": 628, "etat de la localisation": "autre", "ID BDGEO": "10829", "horodatage": "2022-04-01 13:27:55", "distance (en metres)": 4879.02, "station": "VOLTAIRE-LEON BLUM.", "marker-color": "#818181"}}, {"type": "Feature", "geometry": {"type": "Point", "coordinates": [2.338553, 48.859146]}, "properties": {"numparc": 629, "etat de la localisation": "autre", "ID BDGEO": "10829", "horodatage": "2022-04-01 13:28:02", "distance (en metres)": 3117.82, "station": "VOLTAIRE-LEON BLUM.", "marker-color": "#818181"}}, {"type": "Feature", "geometry": {"type": "Point", "coordinates": [2.335705, 48.86269]}, "properties": {"numparc": 621, "etat de la localisation": "autre", "ID BDGEO": "2637", "horodatage": "2022-04-01 13:28:14", "distance (en metres)": 2569.8, "station": "BASTILLE-RUE SAINT-ANTOINE", "marker-color": "#818181"}}, {"type": "Feature", "geometry": {"type": "Point", "coordinates": [2.350606, 48.857826]}, "properties": {"numparc": 622, "etat de la localisation": "autre", "ID BDGEO": "2637", "horodatage": "2022-04-01 13:28:35", "distance (en metres)": 1354.91, "station": "BASTILLE-RUE SAINT-ANTOINE", "marker-color": "#818181"}}, {"type": "Feature", "geometry": {"type": "Point", "coordinates": [2.341405, 48.858662]}, "properties": {"numparc": 629, "etat de la localisation": "autre", "ID BDGEO": "10829", "horodatage": "2022-04-01 13:28:51", "distance (en metres)": 2907.28, "station": "VOLTAIRE-LEON BLUM.", "marker-color": "#818181"}}, {"type": "Feature", "geometry": {"type": "Point", "coordinates": [2.348812, 48.858406]}, "properties": {"numparc": 622, "etat de la localisation": "autre", "ID BDGEO": "2637", "horodatage": "2022-04-01 13:29:47", "distance (en metres)": 1500.76, "station": "BASTILLE-RUE SAINT-ANTOINE", "marker-color": "#818181"}}, {"type": "Feature", "geometry": {"type": "Point", "coordinates": [2.319935, 48.859291]}, "properties": {"numparc": 628, "etat de la localisation": "autre", "ID BDGEO": "10829", "horodatage": "2022-04-01 13:30:10", "distance (en metres)": 4479.4, "station": "VOLTAIRE-LEON BLUM.", "marker-color": "#818181"}}, {"type": "Feature", "geometry": {"type": "Point", "coordinates": [2.387694, 48.862633]}, "properties": {"numparc": 636, "etat de la localisation": "autre", "ID BDGEO": "653", "horodatage": "2022-04-01 13:30:49", "distance (en metres)": 66.4, "station": "AUGUSTE METIVIER", "marker-color": "#818181"}}, {"type": "Feature", "geometry": {"type": "Point", "coordinates": [2.387694, 48.862633]}, "properties": {"numparc": 636, "etat de la localisation": "autre", "ID BDGEO": "653", "horodatage": "2022-04-01 13:30:56", "distance (en metres)": 66.4, "station": "AUGUSTE METIVIER", "marker-color": "#818181"}}, {"type": "Feature", "geometry": {"type": "Point", "coordinates": [2.348451, 48.856873]}, "properties": {"numparc": 629, "etat de la localisation": "autre", "ID BDGEO": "10829", "horodatage": "2022-04-01 13:31:06", "distance (en metres)": 2393.01, "station": "VOLTAIRE-LEON BLUM.", "marker-color": "#818181"}}, {"type": "Feature", "geometry": {"type": "Point", "coordinates": [2.333674, 48.860897]}, "properties": {"numparc": 621, "etat de la localisation": "autre", "ID BDGEO": "2637", "horodatage": "2022-04-01 13:31:07", "distance (en metres)": 2635.59, "station": "BASTILLE-RUE SAINT-ANTOINE", "marker-color": "#818181"}}, {"type": "Feature", "geometry": {"type": "Point", "coordinates": [2.377577, 48.860081]}, "properties": {"numparc": 637, "etat de la localisation": "autre", "ID BDGEO": "708", "horodatage": "2022-04-01 13:31:08", "distance (en metres)": 340.01, "station": "VOLTAIRE-LEON BLUM", "marker-color": "#818181"}}, {"type": "Feature", "geometry": {"type": "Point", "coordinates": [2.388232, 48.863121]}, "properties": {"numparc": 634, "etat de la localisation": "autre", "ID BDGEO": "711", "horodatage": "2022-04-01 13:31:11", "distance (en metres)": 86.03, "station": "PERE LACHAISE", "marker-color": "#818181"}}, {"type": "Feature", "geometry": {"type": "Point", "coordinates": [2.388232, 48.863121]}, "properties": {"numparc": 634, "etat de la localisation": "autre", "ID BDGEO": "711", "horodatage": "2022-04-01 13:31:46", "distance (en metres)": 86.03, "station": "PERE LACHAISE", "marker-color": "#818181"}}, {"type": "Feature", "geometry": {"type": "Point", "coordinates": [2.350306, 48.856236]}, "properties": {"numparc": 629, "etat de la localisation": "autre", "ID BDGEO": "10829", "horodatage": "2022-04-01 13:31:56", "distance (en metres)": 2262.02, "station": "VOLTAIRE-LEON BLUM.", "marker-color": "#818181"}}, {"type": "Feature", "geometry": {"type": "Point", "coordinates": [2.323669, 48.857819]}, "properties": {"numparc": 628, "etat de la localisation": "autre", "ID BDGEO": "10829", "horodatage": "2022-04-01 13:32:03", "distance (en metres)": 4203.48, "station": "VOLTAIRE-LEON BLUM.", "marker-color": "#818181"}}, {"type": "Feature", "geometry": {"type": "Point", "coordinates": [2.344435, 48.85984]}, "properties": {"numparc": 622, "etat de la localisation": "autre", "ID BDGEO": "2637", "horodatage": "2022-04-01 13:32:14", "distance (en metres)": 1857.73, "station": "BASTILLE-RUE SAINT-ANTOINE", "marker-color": "#818181"}}, {"type": "Feature", "geometry": {"type": "Point", "coordinates": [2.365258, 48.853954]}, "properties": {"numparc": 620, "etat de la localisation": "autre", "ID BDGEO": "2637", "horodatage": "2022-04-01 13:33:16", "distance (en metres)": 199.72, "station": "BASTILLE-RUE SAINT-ANTOINE", "marker-color": "#818181"}}, {"type": "Feature", "geometry": {"type": "Point", "coordinates": [2.303982, 48.858986]}, "properties": {"numparc": 632, "etat de la localisation": "autre", "ID BDGEO": "10829", "horodatage": "2022-04-01 13:33:21", "distance (en metres)": 5645.07, "station": "VOLTAIRE-LEON BLUM.", "marker-color": "#818181"}}, {"type": "Feature", "geometry": {"type": "Point", "coordinates": [2.326425, 48.85622]}, "properties": {"numparc": 628, "etat de la localisation": "autre", "ID BDGEO": "10829", "horodatage": "2022-04-01 13:33:26", "distance (en metres)": 4006.07, "station": "VOLTAIRE-LEON BLUM.", "marker-color": "#818181"}}, {"type": "Feature", "geometry": {"type": "Point", "coordinates": [2.371257, 48.857922]}, "properties": {"numparc": 637, "etat de la localisation": "autre", "ID BDGEO": "705", "horodatage": "2022-04-01 13:33:27", "distance (en metres)": 380.97, "station": "BREGUET-SABIN", "marker-color": "#818181"}}, {"type": "Feature", "geometry": {"type": "Point", "coordinates": [2.304201, 48.859051]}, "properties": {"numparc": 632, "etat de la localisation": "autre", "ID BDGEO": "10829", "horodatage": "2022-04-01 13:34:07", "distance (en metres)": 5629.22, "station": "VOLTAIRE-LEON BLUM.", "marker-color": "#818181"}}, {"type": "Feature", "geometry": {"type": "Point", "coordinates": [2.340103, 48.861263]}, "properties": {"numparc": 622, "etat de la localisation": "autre", "ID BDGEO": "2637", "horodatage": "2022-04-01 13:34:24", "distance (en metres)": 2211.41, "station": "BASTILLE-RUE SAINT-ANTOINE", "marker-color": "#818181"}}, {"type": "Feature", "geometry": {"type": "Point", "coordinates": [2.399906, 48.865234]}, "properties": {"numparc": 625, "etat de la localisation": "autre", "ID BDGEO": "3196", "horodatage": "2022-04-01 13:34:38", "distance (en metres)": 70.16, "station": "GAMBETTA-MAIRIE DU 20EME.", "marker-color": "#818181"}}, {"type": "Feature", "geometry": {"type": "Point", "coordinates": [2.306059, 48.857746]}, "properties": {"numparc": 633, "etat de la localisation": "autre", "ID BDGEO": "2637", "horodatage": "2022-04-01 13:34:53", "distance (en metres)": 4543.5, "station": "BASTILLE-RUE SAINT-ANTOINE", "marker-color": "#818181"}}, {"type": "Feature", "geometry": {"type": "Point", "coordinates": [2.327101, 48.860279]}, "properties": {"numparc": 621, "etat de la localisation": "autre", "ID BDGEO": "2637", "horodatage": "2022-04-01 13:34:55", "distance (en metres)": 3076.75, "station": "BASTILLE-RUE SAINT-ANTOINE", "marker-color": "#818181"}}, {"type": "Feature", "geometry": {"type": "Point", "coordinates": [2.36856, 48.857075]}, "properties": {"numparc": 637, "etat de la localisation": "autre", "ID BDGEO": "705", "horodatage": "2022-04-01 13:34:57", "distance (en metres)": 385.22, "station": "BREGUET-SABIN", "marker-color": "#818181"}}, {"type": "Feature", "geometry": {"type": "Point", "coordinates": [2.36211, 48.855061]}, "properties": {"numparc": 620, "etat de la localisation": "autre", "ID BDGEO": "2637", "horodatage": "2022-04-01 13:35:06", "distance (en metres)": 460.19, "station": "BASTILLE-RUE SAINT-ANTOINE", "marker-color": "#818181"}}, {"type": "Feature", "geometry": {"type": "Point", "coordinates": [2.307161, 48.859669]}, "properties": {"numparc": 632, "etat de la localisation": "autre", "ID BDGEO": "10829", "horodatage": "2022-04-01 13:35:12", "distance (en metres)": 5414.8, "station": "VOLTAIRE-LEON BLUM.", "marker-color": "#818181"}}, {"type": "Feature", "geometry": {"type": "Point", "coordinates": [2.385301, 48.862278]}, "properties": {"numparc": 634, "etat de la localisation": "autre", "ID BDGEO": "711", "horodatage": "2022-04-01 13:35:14", "distance (en metres)": 174.12, "station": "PERE LACHAISE", "marker-color": "#818181"}}, {"type": "Feature", "geometry": {"type": "Point", "coordinates": [2.355947, 48.855957]}, "properties": {"numparc": 629, "etat de la localisation": "autre", "ID BDGEO": "10829", "horodatage": "2022-04-01 13:35:41", "distance (en metres)": 1854.23, "station": "VOLTAIRE-LEON BLUM.", "marker-color": "#818181"}}, {"type": "Feature", "geometry": {"type": "Point", "coordinates": [2.357523, 48.856155]}, "properties": {"numparc": 620, "etat de la localisation": "autre", "ID BDGEO": "2637", "horodatage": "2022-04-01 13:36:19", "distance (en metres)": 816.25, "station": "BASTILLE-RUE SAINT-ANTOINE", "marker-color": "#818181"}}, {"type": "Feature", "geometry": {"type": "Point", "coordinates": [2.335708, 48.86269]}, "properties": {"numparc": 622, "etat de la localisation": "autre", "ID BDGEO": "2637", "horodatage": "2022-04-01 13:36:31", "distance (en metres)": 2569.6, "station": "BASTILLE-RUE SAINT-ANTOINE", "marker-color": "#818181"}}, {"type": "Feature", "geometry": {"type": "Point", "coordinates": [2.323846, 48.860744]}, "properties": {"numparc": 621, "etat de la localisation": "autre", "ID BDGEO": "2637", "horodatage": "2022-04-01 13:36:39", "distance (en metres)": 3320.22, "station": "BASTILLE-RUE SAINT-ANTOINE", "marker-color": "#818181"}}, {"type": "Feature", "geometry": {"type": "Point", "coordinates": [2.303804, 48.85693]}, "properties": {"numparc": 633, "etat de la localisation": "autre", "ID BDGEO": "2637", "horodatage": "2022-04-01 13:37:07", "distance (en metres)": 4698.85, "station": "BASTILLE-RUE SAINT-ANTOINE", "marker-color": "#818181"}}, {"type": "Feature", "geometry": {"type": "Point", "coordinates": [2.314507, 48.859951]}, "properties": {"numparc": 632, "etat de la localisation": "autre", "ID BDGEO": "10829", "horodatage": "2022-04-01 13:37:22", "distance (en metres)": 4879.19, "station": "VOLTAIRE-LEON BLUM.", "marker-color": "#818181"}}, {"type": "Feature", "geometry": {"type": "Point", "coordinates": [2.323494, 48.85815]}, "properties": {"numparc": 621, "etat de la localisation": "autre", "ID BDGEO": "2637", "horodatage": "2022-04-01 13:38:29", "distance (en metres)": 3285.61, "station": "BASTILLE-RUE SAINT-ANTOINE", "marker-color": "#818181"}}, {"type": "Feature", "geometry": {"type": "Point", "coordinates": [2.362149, 48.854836]}, "properties": {"numparc": 629, "etat de la localisation": "autre", "ID BDGEO": "10829", "horodatage": "2022-04-01 13:38:33", "distance (en metres)": 1428.56, "station": "VOLTAIRE-LEON BLUM.", "marker-color": "#818181"}}, {"type": "Feature", "geometry": {"type": "Point", "coordinates": [2.362149, 48.854836]}, "properties": {"numparc": 629, "etat de la localisation": "autre", "ID BDGEO": "10829", "horodatage": "2022-04-01 13:38:49", "distance (en metres)": 1428.56, "station": "VOLTAIRE-LEON BLUM.", "marker-color": "#818181"}}, {"type": "Feature", "geometry": {"type": "Point", "coordinates": [2.365294, 48.853935]}, "properties": {"numparc": 637, "etat de la localisation": "autre", "ID BDGEO": "2637", "horodatage": "2022-04-01 13:38:57", "distance (en metres)": 196.48, "station": "BASTILLE-RUE SAINT-ANTOINE", "marker-color": "#818181"}}, {"type": "Feature", "geometry": {"type": "Point", "coordinates": [2.334031, 48.859917]}, "properties": {"numparc": 628, "etat de la localisation": "autre", "ID BDGEO": "10829", "horodatage": "2022-04-01 13:38:59", "distance (en metres)": 3452.9, "station": "VOLTAIRE-LEON BLUM.", "marker-color": "#818181"}}, {"type": "Feature", "geometry": {"type": "Point", "coordinates": [2.333665, 48.860886]}, "properties": {"numparc": 622, "etat de la localisation": "autre", "ID BDGEO": "2637", "horodatage": "2022-04-01 13:39:19", "distance (en metres)": 2635.81, "station": "BASTILLE-RUE SAINT-ANTOINE", "marker-color": "#818181"}}, {"type": "Feature", "geometry": {"type": "Point", "coordinates": [2.319897, 48.859272]}, "properties": {"numparc": 632, "etat de la localisation": "autre", "ID BDGEO": "10829", "horodatage": "2022-04-01 13:39:21", "distance (en metres)": 4482.12, "station": "VOLTAIRE-LEON BLUM.", "marker-color": "#818181"}}, {"type": "Feature", "geometry": {"type": "Point", "coordinates": [2.348842, 48.85841]}, "properties": {"numparc": 620, "etat de la localisation": "autre", "ID BDGEO": "2637", "horodatage": "2022-04-01 13:39:42", "distance (en metres)": 1498.9, "station": "BASTILLE-RUE SAINT-ANTOINE", "marker-color": "#818181"}}, {"type": "Feature", "geometry": {"type": "Point", "coordinates": [2.338611, 48.859142]}, "properties": {"numparc": 628, "etat de la localisation": "autre", "ID BDGEO": "10829", "horodatage": "2022-04-01 13:40:00", "distance (en metres)": 3113.57, "station": "VOLTAIRE-LEON BLUM.", "marker-color": "#818181"}}, {"type": "Feature", "geometry": {"type": "Point", "coordinates": [2.399906, 48.865234]}, "properties": {"numparc": 625, "etat de la localisation": "autre", "ID BDGEO": "3196", "horodatage": "2022-04-01 13:40:01", "distance (en metres)": 70.16, "station": "GAMBETTA-MAIRIE DU 20EME.", "marker-color": "#818181"}}, {"type": "Feature", "geometry": {"type": "Point", "coordinates": [2.325467, 48.855736]}, "properties": {"numparc": 621, "etat de la localisation": "autre", "ID BDGEO": "2637", "horodatage": "2022-04-01 13:40:11", "distance (en metres)": 3108.41, "station": "BASTILLE-RUE SAINT-ANTOINE", "marker-color": "#818181"}}, {"type": "Feature", "geometry": {"type": "Point", "coordinates": [2.362086, 48.855011]}, "properties": {"numparc": 637, "etat de la localisation": "autre", "ID BDGEO": "2637", "horodatage": "2022-04-01 13:40:11", "distance (en metres)": 459.43, "station": "BASTILLE-RUE SAINT-ANTOINE", "marker-color": "#818181"}}, {"type": "Feature", "geometry": {"type": "Point", "coordinates": [2.365475, 48.853813]}, "properties": {"numparc": 629, "etat de la localisation": "autre", "ID BDGEO": "10829", "horodatage": "2022-04-01 13:40:23", "distance (en metres)": 1230.35, "station": "VOLTAIRE-LEON BLUM.", "marker-color": "#818181"}}, {"type": "Feature", "geometry": {"type": "Point", "coordinates": [2.299525, 48.857399]}, "properties": {"numparc": 633, "etat de la localisation": "autre", "ID BDGEO": "2637", "horodatage": "2022-04-01 13:40:24", "distance (en metres)": 5015.28, "station": "BASTILLE-RUE SAINT-ANTOINE", "marker-color": "#818181"}}, {"type": "Feature", "geometry": {"type": "Point", "coordinates": [2.40004, 48.865005]}, "properties": {"numparc": 625, "etat de la localisation": "autre", "ID BDGEO": "3196", "horodatage": "2022-04-01 13:40:52", "distance (en metres)": 94.69, "station": "GAMBETTA-MAIRIE DU 20EME.", "marker-color": "#818181"}}, {"type": "Feature", "geometry": {"type": "Point", "coordinates": [2.341666, 48.858627]}, "properties": {"numparc": 628, "etat de la localisation": "autre", "ID BDGEO": "10829", "horodatage": "2022-04-01 13:41:20", "distance (en metres)": 2888.08, "station": "VOLTAIRE-LEON BLUM.", "marker-color": "#818181"}}, {"type": "Feature", "geometry": {"type": "Point", "coordinates": [2.323686, 48.857819]}, "properties": {"numparc": 632, "etat de la localisation": "autre", "ID BDGEO": "10829", "horodatage": "2022-04-01 13:41:29", "distance (en metres)": 4202.24, "station": "VOLTAIRE-LEON BLUM.", "marker-color": "#818181"}}, {"type": "Feature", "geometry": {"type": "Point", "coordinates": [2.296659, 48.855457]}, "properties": {"numparc": 633, "etat de la localisation": "autre", "ID BDGEO": "10829", "horodatage": "2022-04-01 13:41:35", "distance (en metres)": 6185.41, "station": "VOLTAIRE-LEON BLUM.", "marker-color": "#818181"}}, {"type": "Feature", "geometry": {"type": "Point", "coordinates": [2.331659, 48.858822]}, "properties": {"numparc": 622, "etat de la localisation": "autre", "ID BDGEO": "2637", "horodatage": "2022-04-01 13:41:51", "distance (en metres)": 2714.14, "station": "BASTILLE-RUE SAINT-ANTOINE", "marker-color": "#818181"}}, {"type": "Feature", "geometry": {"type": "Point", "coordinates": [2.357543, 48.856129]}, "properties": {"numparc": 637, "etat de la localisation": "autre", "ID BDGEO": "2637", "horodatage": "2022-04-01 13:41:59", "distance (en metres)": 813.74, "station": "BASTILLE-RUE SAINT-ANTOINE", "marker-color": "#818181"}}, {"type": "Feature", "geometry": {"type": "Point", "coordinates": [2.368082, 48.853378]}, "properties": {"numparc": 629, "etat de la localisation": "autre", "ID BDGEO": "10829", "horodatage": "2022-04-01 13:42:08", "distance (en metres)": 1076.66, "station": "VOLTAIRE-LEON BLUM.", "marker-color": "#818181"}}, {"type": "Feature", "geometry": {"type": "Point", "coordinates": [2.377629, 48.86005]}, "properties": {"numparc": 634, "etat de la localisation": "autre", "ID BDGEO": "708", "horodatage": "2022-04-01 13:42:42", "distance (en metres)": 335.0, "station": "VOLTAIRE-LEON BLUM", "marker-color": "#818181"}}, {"type": "Feature", "geometry": {"type": "Point", "coordinates": [2.320619, 48.856674]}, "properties": {"numparc": 621, "etat de la localisation": "autre", "ID BDGEO": "2637", "horodatage": "2022-04-01 13:42:54", "distance (en metres)": 3471.64, "station": "BASTILLE-RUE SAINT-ANTOINE", "marker-color": "#818181"}}, {"type": "Feature", "geometry": {"type": "Point", "coordinates": [2.344482, 48.859859]}, "properties": {"numparc": 620, "etat de la localisation": "autre", "ID BDGEO": "2637", "horodatage": "2022-04-01 13:42:55", "distance (en metres)": 1855.41, "station": "BASTILLE-RUE SAINT-ANTOINE", "marker-color": "#818181"}}, {"type": "Feature", "geometry": {"type": "Point", "coordinates": [2.326411, 48.856247]}, "properties": {"numparc": 632, "etat de la localisation": "autre", "ID BDGEO": "10829", "horodatage": "2022-04-01 13:43:01", "distance (en metres)": 4006.96, "station": "VOLTAIRE-LEON BLUM.", "marker-color": "#818181"}}, {"type": "Feature", "geometry": {"type": "Point", "coordinates": [2.348485, 48.856846]}, "properties": {"numparc": 628, "etat de la localisation": "autre", "ID BDGEO": "10829", "horodatage": "2022-04-01 13:43:48", "distance (en metres)": 2390.66, "station": "VOLTAIRE-LEON BLUM.", "marker-color": "#818181"}}, {"type": "Feature", "geometry": {"type": "Point", "coordinates": [2.317014, 48.857716]}, "properties": {"numparc": 621, "etat de la localisation": "autre", "ID BDGEO": "2637", "horodatage": "2022-04-01 13:44:21", "distance (en metres)": 3747.37, "station": "BASTILLE-RUE SAINT-ANTOINE", "marker-color": "#818181"}}, {"type": "Feature", "geometry": {"type": "Point", "coordinates": [2.374814, 48.859161]}, "properties": {"numparc": 634, "etat de la localisation": "autre", "ID BDGEO": "707", "horodatage": "2022-04-01 13:44:33", "distance (en metres)": 358.46, "station": "POPINCOURT", "marker-color": "#818181"}}, {"type": "Feature", "geometry": {"type": "Point", "coordinates": [2.350718, 48.857815]}, "properties": {"numparc": 637, "etat de la localisation": "autre", "ID BDGEO": "2637", "horodatage": "2022-04-01 13:44:38", "distance (en metres)": 1346.83, "station": "BASTILLE-RUE SAINT-ANTOINE", "marker-color": "#818181"}}, {"type": "Feature", "geometry": {"type": "Point", "coordinates": [2.350199, 48.856209]}, "properties": {"numparc": 628, "etat de la localisation": "autre", "ID BDGEO": "10829", "horodatage": "2022-04-01 13:44:47", "distance (en metres)": 2270.06, "station": "VOLTAIRE-LEON BLUM.", "marker-color": "#818181"}}, {"type": "Feature", "geometry": {"type": "Point", "coordinates": [2.37078, 48.853653]}, "properties": {"numparc": 629, "etat de la localisation": "autre", "ID BDGEO": "10829", "horodatage": "2022-04-01 13:45:06", "distance (en metres)": 889.88, "station": "VOLTAIRE-LEON BLUM.", "marker-color": "#818181"}}, {"type": "Feature", "geometry": {"type": "Point", "coordinates": [2.392658, 48.86422]}, "properties": {"numparc": 625, "etat de la localisation": "autre", "ID BDGEO": "2960", "horodatage": "2022-04-01 13:45:49", "distance (en metres)": 57.57, "station": "MURIERS", "marker-color": "#818181"}}, {"type": "Feature", "geometry": {"type": "Point", "coordinates": [2.348775, 48.858452]}, "properties": {"numparc": 637, "etat de la localisation": "autre", "ID BDGEO": "2637", "horodatage": "2022-04-01 13:45:58", "distance (en metres)": 1505.21, "station": "BASTILLE-RUE SAINT-ANTOINE", "marker-color": "#818181"}}, {"type": "Feature", "geometry": {"type": "Point", "coordinates": [2.371816, 48.854523]}, "properties": {"numparc": 629, "etat de la localisation": "autre", "ID BDGEO": "10829", "horodatage": "2022-04-01 13:46:02", "distance (en metres)": 775.72, "station": "VOLTAIRE-LEON BLUM.", "marker-color": "#818181"}}, {"type": "Feature", "geometry": {"type": "Point", "coordinates": [2.313924, 48.858452]}, "properties": {"numparc": 621, "etat de la localisation": "autre", "ID BDGEO": "2637", "horodatage": "2022-04-01 13:46:16", "distance (en metres)": 3982.55, "station": "BASTILLE-RUE SAINT-ANTOINE", "marker-color": "#818181"}}, {"type": "Feature", "geometry": {"type": "Point", "coordinates": [2.323411, 48.85812]}, "properties": {"numparc": 622, "etat de la localisation": "autre", "ID BDGEO": "2637", "horodatage": "2022-04-01 13:46:33", "distance (en metres)": 3291.04, "station": "BASTILLE-RUE SAINT-ANTOINE", "marker-color": "#818181"}}, {"type": "Feature", "geometry": {"type": "Point", "coordinates": [2.328902, 48.859169]}, "properties": {"numparc": 632, "etat de la localisation": "autre", "ID BDGEO": "10829", "horodatage": "2022-04-01 13:46:38", "distance (en metres)": 3823.35, "station": "VOLTAIRE-LEON BLUM.", "marker-color": "#818181"}}, {"type": "Feature", "geometry": {"type": "Point", "coordinates": [2.371274, 48.857948]}, "properties": {"numparc": 634, "etat de la localisation": "autre", "ID BDGEO": "706", "horodatage": "2022-04-01 13:46:39", "distance (en metres)": 382.56, "station": "COMMANDANT LAMY", "marker-color": "#818181"}}, {"type": "Feature", "geometry": {"type": "Point", "coordinates": [2.375399, 48.855991]}, "properties": {"numparc": 629, "etat de la localisation": "autre", "ID BDGEO": "10829", "horodatage": "2022-04-01 13:47:19", "distance (en metres)": 467.72, "station": "VOLTAIRE-LEON BLUM.", "marker-color": "#818181"}}, {"type": "Feature", "geometry": {"type": "Point", "coordinates": [2.333696, 48.860886]}, "properties": {"numparc": 620, "etat de la localisation": "autre", "ID BDGEO": "2637", "horodatage": "2022-04-01 13:47:37", "distance (en metres)": 2633.66, "station": "BASTILLE-RUE SAINT-ANTOINE", "marker-color": "#818181"}}, {"type": "Feature", "geometry": {"type": "Point", "coordinates": [2.355981, 48.855953]}, "properties": {"numparc": 628, "etat de la localisation": "autre", "ID BDGEO": "10829", "horodatage": "2022-04-01 13:47:41", "distance (en metres)": 1851.79, "station": "VOLTAIRE-LEON BLUM.", "marker-color": "#818181"}}, {"type": "Feature", "geometry": {"type": "Point", "coordinates": [2.368529, 48.857143]}, "properties": {"numparc": 634, "etat de la localisation": "autre", "ID BDGEO": "705", "horodatage": "2022-04-01 13:47:56", "distance (en metres)": 392.36, "station": "BREGUET-SABIN", "marker-color": "#818181"}}, {"type": "Feature", "geometry": {"type": "Point", "coordinates": [2.378291, 48.857025]}, "properties": {"numparc": 629, "etat de la localisation": "autre", "ID BDGEO": "10829", "horodatage": "2022-04-01 13:48:34", "distance (en metres)": 227.29, "station": "VOLTAIRE-LEON BLUM.", "marker-color": "#818181"}}, {"type": "Feature", "geometry": {"type": "Point", "coordinates": [2.309678, 48.858231]}, "properties": {"numparc": 621, "etat de la localisation": "autre", "ID BDGEO": "2637", "horodatage": "2022-04-01 13:48:37", "distance (en metres)": 4286.96, "station": "BASTILLE-RUE SAINT-ANTOINE", "marker-color": "#818181"}}, {"type": "Feature", "geometry": {"type": "Point", "coordinates": [2.331013, 48.860603]}, "properties": {"numparc": 632, "etat de la localisation": "autre", "ID BDGEO": "10829", "horodatage": "2022-04-01 13:48:47", "distance (en metres)": 3678.76, "station": "VOLTAIRE-LEON BLUM.", "marker-color": "#818181"}}, {"type": "Feature", "geometry": {"type": "Point", "coordinates": [2.388197, 48.863113]}, "properties": {"numparc": 625, "etat de la localisation": "autre", "ID BDGEO": "711", "horodatage": "2022-04-01 13:48:52", "distance (en metres)": 84.08, "station": "PERE LACHAISE", "marker-color": "#818181"}}, {"type": "Feature", "geometry": {"type": "Point", "coordinates": [2.344466, 48.859844]}, "properties": {"numparc": 637, "etat de la localisation": "autre", "ID BDGEO": "2637", "horodatage": "2022-04-01 13:49:22", "distance (en metres)": 1855.81, "station": "BASTILLE-RUE SAINT-ANTOINE", "marker-color": "#818181"}}, {"type": "Feature", "geometry": {"type": "Point", "coordinates": [2.333961, 48.859951]}, "properties": {"numparc": 632, "etat de la localisation": "autre", "ID BDGEO": "10829", "horodatage": "2022-04-01 13:49:40", "distance (en metres)": 3458.27, "station": "VOLTAIRE-LEON BLUM.", "marker-color": "#818181"}}, {"type": "Feature", "geometry": {"type": "Point", "coordinates": [2.306137, 48.857872]}, "properties": {"numparc": 621, "etat de la localisation": "autre", "ID BDGEO": "2637", "horodatage": "2022-04-01 13:49:45", "distance (en metres)": 4539.36, "station": "BASTILLE-RUE SAINT-ANTOINE", "marker-color": "#818181"}}, {"type": "Feature", "geometry": {"type": "Point", "coordinates": [2.320571, 48.856682]}, "properties": {"numparc": 622, "etat de la localisation": "autre", "ID BDGEO": "2637", "horodatage": "2022-04-01 13:49:56", "distance (en metres)": 3475.23, "station": "BASTILLE-RUE SAINT-ANTOINE", "marker-color": "#818181"}}, {"type": "Feature", "geometry": {"type": "Point", "coordinates": [2.331621, 48.858788]}, "properties": {"numparc": 620, "etat de la localisation": "autre", "ID BDGEO": "2637", "horodatage": "2022-04-01 13:50:08", "distance (en metres)": 2716.0, "station": "BASTILLE-RUE SAINT-ANTOINE", "marker-color": "#818181"}}, {"type": "Feature", "geometry": {"type": "Point", "coordinates": [2.362191, 48.854836]}, "properties": {"numparc": 628, "etat de la localisation": "autre", "ID BDGEO": "10829", "horodatage": "2022-04-01 13:50:29", "distance (en metres)": 1425.57, "station": "VOLTAIRE-LEON BLUM.", "marker-color": "#818181"}}, {"type": "Feature", "geometry": {"type": "Point", "coordinates": [2.340106, 48.861279]}, "properties": {"numparc": 637, "etat de la localisation": "autre", "ID BDGEO": "2637", "horodatage": "2022-04-01 13:50:36", "distance (en metres)": 2211.88, "station": "BASTILLE-RUE SAINT-ANTOINE", "marker-color": "#818181"}}, {"type": "Feature", "geometry": {"type": "Point", "coordinates": [2.407225, 48.84935]}, "properties": {"numparc": 623, "etat de la localisation": "autre", "ID BDGEO": "4538", "horodatage": "2022-04-01 13:50:39", "distance (en metres)": 61.74, "station": "LAGNY SORTIE", "marker-color": "#818181"}}, {"type": "Feature", "geometry": {"type": "Point", "coordinates": [2.38534, 48.861958]}, "properties": {"numparc": 625, "etat de la localisation": "autre", "ID BDGEO": "711", "horodatage": "2022-04-01 13:50:41", "distance (en metres)": 178.64, "station": "PERE LACHAISE", "marker-color": "#818181"}}, {"type": "Feature", "geometry": {"type": "Point", "coordinates": [2.385351, 48.861942]}, "properties": {"numparc": 625, "etat de la localisation": "autre", "ID BDGEO": "711", "horodatage": "2022-04-01 13:51:09", "distance (en metres)": 178.4, "station": "PERE LACHAISE", "marker-color": "#818181"}}, {"type": "Feature", "geometry": {"type": "Point", "coordinates": [2.338542, 48.859154]}, "properties": {"numparc": 632, "etat de la localisation": "autre", "ID BDGEO": "10829", "horodatage": "2022-04-01 13:51:19", "distance (en metres)": 3118.66, "station": "VOLTAIRE-LEON BLUM.", "marker-color": "#818181"}}, {"type": "Feature", "geometry": {"type": "Point", "coordinates": [2.365522, 48.853825]}, "properties": {"numparc": 628, "etat de la localisation": "autre", "ID BDGEO": "10829", "horodatage": "2022-04-01 13:51:59", "distance (en metres)": 1226.68, "station": "VOLTAIRE-LEON BLUM.", "marker-color": "#818181"}}, {"type": "Feature", "geometry": {"type": "Point", "coordinates": [2.386531, 48.859898]}, "properties": {"numparc": 625, "etat de la localisation": "autre", "ID BDGEO": "709", "horodatage": "2022-04-01 13:52:01", "distance (en metres)": 164.1, "station": "SAINT-MAUR-SERVAN", "marker-color": "#818181"}}, {"type": "Feature", "geometry": {"type": "Point", "coordinates": [2.341414, 48.858677]}, "properties": {"numparc": 632, "etat de la localisation": "autre", "ID BDGEO": "10829", "horodatage": "2022-04-01 13:52:13", "distance (en metres)": 2906.67, "station": "VOLTAIRE-LEON BLUM.", "marker-color": "#818181"}}, {"type": "Feature", "geometry": {"type": "Point", "coordinates": [2.327047, 48.86031]}, "properties": {"numparc": 620, "etat de la localisation": "autre", "ID BDGEO": "2637", "horodatage": "2022-04-01 13:52:18", "distance (en metres)": 3081.42, "station": "BASTILLE-RUE SAINT-ANTOINE", "marker-color": "#818181"}}, {"type": "Feature", "geometry": {"type": "Point", "coordinates": [2.368131, 48.853367]}, "properties": {"numparc": 628, "etat de la localisation": "autre", "ID BDGEO": "10829", "horodatage": "2022-04-01 13:52:54", "distance (en metres)": 1074.08, "station": "VOLTAIRE-LEON BLUM.", "marker-color": "#818181"}}, {"type": "Feature", "geometry": {"type": "Point", "coordinates": [2.365357, 48.854012]}, "properties": {"numparc": 634, "etat de la localisation": "autre", "ID BDGEO": "2637", "horodatage": "2022-04-01 13:52:59", "distance (en metres)": 195.58, "station": "BASTILLE-RUE SAINT-ANTOINE", "marker-color": "#818181"}}, {"type": "Feature", "geometry": {"type": "Point", "coordinates": [2.33566, 48.862713]}, "properties": {"numparc": 637, "etat de la localisation": "autre", "ID BDGEO": "2637", "horodatage": "2022-04-01 13:52:59", "distance (en metres)": 2573.84, "station": "BASTILLE-RUE SAINT-ANTOINE", "marker-color": "#818181"}}, {"type": "Feature", "geometry": {"type": "Point", "coordinates": [2.296647, 48.855465]}, "properties": {"numparc": 621, "etat de la localisation": "autre", "ID BDGEO": "10829", "horodatage": "2022-04-01 13:53:25", "distance (en metres)": 6186.25, "station": "VOLTAIRE-LEON BLUM.", "marker-color": "#818181"}}, {"type": "Feature", "geometry": {"type": "Point", "coordinates": [2.399723, 48.865444]}, "properties": {"numparc": 636, "etat de la localisation": "autre", "ID BDGEO": "3196", "horodatage": "2022-04-01 13:53:26", "distance (en metres)": 46.25, "station": "GAMBETTA-MAIRIE DU 20EME.", "marker-color": "#818181"}}, {"type": "Feature", "geometry": {"type": "Point", "coordinates": [2.362208, 48.855053]}, "properties": {"numparc": 634, "etat de la localisation": "autre", "ID BDGEO": "2637", "horodatage": "2022-04-01 13:54:09", "distance (en metres)": 453.36, "station": "BASTILLE-RUE SAINT-ANTOINE", "marker-color": "#818181"}}, {"type": "Feature", "geometry": {"type": "Point", "coordinates": [2.348486, 48.856831]}, "properties": {"numparc": 632, "etat de la localisation": "autre", "ID BDGEO": "10829", "horodatage": "2022-04-01 13:54:11", "distance (en metres)": 2390.68, "station": "VOLTAIRE-LEON BLUM.", "marker-color": "#818181"}}, {"type": "Feature", "geometry": {"type": "Point", "coordinates": [2.30597, 48.857826]}, "properties": {"numparc": 622, "etat de la localisation": "autre", "ID BDGEO": "2637", "horodatage": "2022-04-01 13:55:08", "distance (en metres)": 4550.94, "station": "BASTILLE-RUE SAINT-ANTOINE", "marker-color": "#818181"}}, {"type": "Feature", "geometry": {"type": "Point", "coordinates": [2.370732, 48.853687]}, "properties": {"numparc": 628, "etat de la localisation": "autre", "ID BDGEO": "10829", "horodatage": "2022-04-01 13:55:24", "distance (en metres)": 890.88, "station": "VOLTAIRE-LEON BLUM.", "marker-color": "#818181"}}, {"type": "Feature", "geometry": {"type": "Point", "coordinates": [2.350275, 48.856171]}, "properties": {"numparc": 632, "etat de la localisation": "autre", "ID BDGEO": "10829", "horodatage": "2022-04-01 13:55:26", "distance (en metres)": 2264.87, "station": "VOLTAIRE-LEON BLUM.", "marker-color": "#818181"}}, {"type": "Feature", "geometry": {"type": "Point", "coordinates": [2.38888, 48.860336]}, "properties": {"numparc": 629, "etat de la localisation": "autre", "ID BDGEO": "655", "horodatage": "2022-04-01 13:55:50", "distance (en metres)": 184.86, "station": "ROQUETTE-PERE LACHAISE", "marker-color": "#818181"}}, {"type": "Feature", "geometry": {"type": "Point", "coordinates": [2.323418, 48.858101]}, "properties": {"numparc": 620, "etat de la localisation": "autre", "ID BDGEO": "2637", "horodatage": "2022-04-01 13:55:58", "distance (en metres)": 3290.2, "station": "BASTILLE-RUE SAINT-ANTOINE", "marker-color": "#818181"}}, {"type": "Feature", "geometry": {"type": "Point", "coordinates": [2.357593, 48.856205]}, "properties": {"numparc": 634, "etat de la localisation": "autre", "ID BDGEO": "2637", "horodatage": "2022-04-01 13:56:00", "distance (en metres)": 813.72, "station": "BASTILLE-RUE SAINT-ANTOINE", "marker-color": "#818181"}}, {"type": "Feature", "geometry": {"type": "Point", "coordinates": [2.303971, 48.858974]}, "properties": {"numparc": 633, "etat de la localisation": "autre", "ID BDGEO": "10829", "horodatage": "2022-04-01 13:56:05", "distance (en metres)": 5645.84, "station": "VOLTAIRE-LEON BLUM.", "marker-color": "#818181"}}, {"type": "Feature", "geometry": {"type": "Point", "coordinates": [2.377565, 48.860107]}, "properties": {"numparc": 625, "etat de la localisation": "autre", "ID BDGEO": "708", "horodatage": "2022-04-01 13:56:39", "distance (en metres)": 342.89, "station": "VOLTAIRE-LEON BLUM", "marker-color": "#818181"}}, {"type": "Feature", "geometry": {"type": "Point", "coordinates": [2.387752, 48.862583]}, "properties": {"numparc": 629, "etat de la localisation": "autre", "ID BDGEO": "653", "horodatage": "2022-04-01 13:56:46", "distance (en metres)": 68.69, "station": "AUGUSTE METIVIER", "marker-color": "#818181"}}, {"type": "Feature", "geometry": {"type": "Point", "coordinates": [2.307157, 48.859638]}, "properties": {"numparc": 633, "etat de la localisation": "autre", "ID BDGEO": "10829", "horodatage": "2022-04-01 13:57:00", "distance (en metres)": 5414.97, "station": "VOLTAIRE-LEON BLUM.", "marker-color": "#818181"}}, {"type": "Feature", "geometry": {"type": "Point", "coordinates": [2.3754, 48.855976]}, "properties": {"numparc": 628, "etat de la localisation": "autre", "ID BDGEO": "10829", "horodatage": "2022-04-01 13:57:31", "distance (en metres)": 468.42, "station": "VOLTAIRE-LEON BLUM.", "marker-color": "#818181"}}, {"type": "Feature", "geometry": {"type": "Point", "coordinates": [2.325313, 48.855713]}, "properties": {"numparc": 620, "etat de la localisation": "autre", "ID BDGEO": "2637", "horodatage": "2022-04-01 13:57:43", "distance (en metres)": 3119.42, "station": "BASTILLE-RUE SAINT-ANTOINE", "marker-color": "#818181"}}, {"type": "Feature", "geometry": {"type": "Point", "coordinates": [2.355968, 48.855919]}, "properties": {"numparc": 632, "etat de la localisation": "autre", "ID BDGEO": "10829", "horodatage": "2022-04-01 13:57:47", "distance (en metres)": 1853.19, "station": "VOLTAIRE-LEON BLUM.", "marker-color": "#818181"}}, {"type": "Feature", "geometry": {"type": "Point", "coordinates": [2.399813, 48.865147]}, "properties": {"numparc": 636, "etat de la localisation": "autre", "ID BDGEO": "3196", "horodatage": "2022-04-01 13:58:38", "distance (en metres)": 71.9, "station": "GAMBETTA-MAIRIE DU 20EME.", "marker-color": "#818181"}}, {"type": "Feature", "geometry": {"type": "Point", "coordinates": [2.296647, 48.855465]}, "properties": {"numparc": 621, "etat de la localisation": "autre", "ID BDGEO": "10829", "horodatage": "2022-04-01 13:58:39", "distance (en metres)": 6186.25, "station": "VOLTAIRE-LEON BLUM.", "marker-color": "#818181"}}, {"type": "Feature", "geometry": {"type": "Point", "coordinates": [2.350764, 48.857864]}, "properties": {"numparc": 634, "etat de la localisation": "autre", "ID BDGEO": "2637", "horodatage": "2022-04-01 13:58:56", "distance (en metres)": 1345.79, "station": "BASTILLE-RUE SAINT-ANTOINE", "marker-color": "#818181"}}, {"type": "Feature", "geometry": {"type": "Point", "coordinates": [2.371217, 48.857952]}, "properties": {"numparc": 625, "etat de la localisation": "autre", "ID BDGEO": "705", "horodatage": "2022-04-01 13:59:29", "distance (en metres)": 384.82, "station": "BREGUET-SABIN", "marker-color": "#818181"}}, {"type": "Feature", "geometry": {"type": "Point", "coordinates": [2.371217, 48.857952]}, "properties": {"numparc": 625, "etat de la localisation": "autre", "ID BDGEO": "705", "horodatage": "2022-04-01 13:59:36", "distance (en metres)": 384.82, "station": "BREGUET-SABIN", "marker-color": "#818181"}}, {"type": "Feature", "geometry": {"type": "Point", "coordinates": [2.314476, 48.859951]}, "properties": {"numparc": 633, "etat de la localisation": "autre", "ID BDGEO": "10829", "horodatage": "2022-04-01 13:59:49", "distance (en metres)": 4881.45, "station": "VOLTAIRE-LEON BLUM.", "marker-color": "#818181"}}, {"type": "Feature", "geometry": {"type": "Point", "coordinates": [2.348862, 48.858467]}, "properties": {"numparc": 634, "etat de la localisation": "autre", "ID BDGEO": "2637", "horodatage": "2022-04-01 14:00:06", "distance (en metres)": 1499.98, "station": "BASTILLE-RUE SAINT-ANTOINE", "marker-color": "#818181"}}, {"type": "Feature", "geometry": {"type": "Point", "coordinates": [2.378308, 48.856979]}, "properties": {"numparc": 628, "etat de la localisation": "autre", "ID BDGEO": "10829", "horodatage": "2022-04-01 14:00:21", "distance (en metres)": 228.28, "station": "VOLTAIRE-LEON BLUM.", "marker-color": "#818181"}}, {"type": "Feature", "geometry": {"type": "Point", "coordinates": [2.299575, 48.857506]}, "properties": {"numparc": 622, "etat de la localisation": "autre", "ID BDGEO": "2637", "horodatage": "2022-04-01 14:00:33", "distance (en metres)": 5012.73, "station": "BASTILLE-RUE SAINT-ANTOINE", "marker-color": "#818181"}}, {"type": "Feature", "geometry": {"type": "Point", "coordinates": [2.368478, 48.857071]}, "properties": {"numparc": 625, "etat de la localisation": "autre", "ID BDGEO": "705", "horodatage": "2022-04-01 14:00:58", "distance (en metres)": 389.04, "station": "BREGUET-SABIN", "marker-color": "#818181"}}, {"type": "Feature", "geometry": {"type": "Point", "coordinates": [2.296685, 48.855076]}, "properties": {"numparc": 621, "etat de la localisation": "autre", "ID BDGEO": "10829", "horodatage": "2022-04-01 14:01:30", "distance (en metres)": 6185.51, "station": "VOLTAIRE-LEON BLUM.", "marker-color": "#818181"}}, {"type": "Feature", "geometry": {"type": "Point", "coordinates": [2.316936, 48.857723]}, "properties": {"numparc": 620, "etat de la localisation": "autre", "ID BDGEO": "2637", "horodatage": "2022-04-01 14:01:39", "distance (en metres)": 3753.14, "station": "BASTILLE-RUE SAINT-ANTOINE", "marker-color": "#818181"}}, {"type": "Feature", "geometry": {"type": "Point", "coordinates": [2.296651, 48.855515]}, "properties": {"numparc": 622, "etat de la localisation": "autre", "ID BDGEO": "10829", "horodatage": "2022-04-01 14:01:50", "distance (en metres)": 6185.73, "station": "VOLTAIRE-LEON BLUM.", "marker-color": "#818181"}}, {"type": "Feature", "geometry": {"type": "Point", "coordinates": [2.296651, 48.855515]}, "properties": {"numparc": 622, "etat de la localisation": "autre", "ID BDGEO": "10829", "horodatage": "2022-04-01 14:02:09", "distance (en metres)": 6185.73, "station": "VOLTAIRE-LEON BLUM.", "marker-color": "#818181"}}, {"type": "Feature", "geometry": {"type": "Point", "coordinates": [2.325332, 48.855755]}, "properties": {"numparc": 637, "etat de la localisation": "autre", "ID BDGEO": "2637", "horodatage": "2022-04-01 14:02:34", "distance (en metres)": 3118.46, "station": "BASTILLE-RUE SAINT-ANTOINE", "marker-color": "#818181"}}, {"type": "Feature", "geometry": {"type": "Point", "coordinates": [2.392709, 48.864269]}, "properties": {"numparc": 636, "etat de la localisation": "autre", "ID BDGEO": "2960", "horodatage": "2022-04-01 14:02:40", "distance (en metres)": 63.1, "station": "MURIERS", "marker-color": "#818181"}}, {"type": "Feature", "geometry": {"type": "Point", "coordinates": [2.344557, 48.859856]}, "properties": {"numparc": 634, "etat de la localisation": "autre", "ID BDGEO": "2637", "horodatage": "2022-04-01 14:03:22", "distance (en metres)": 1850.19, "station": "BASTILLE-RUE SAINT-ANTOINE", "marker-color": "#818181"}}, {"type": "Feature", "geometry": {"type": "Point", "coordinates": [2.313933, 48.858433]}, "properties": {"numparc": 620, "etat de la localisation": "autre", "ID BDGEO": "2637", "horodatage": "2022-04-01 14:03:41", "distance (en metres)": 3981.6, "station": "BASTILLE-RUE SAINT-ANTOINE", "marker-color": "#818181"}}, {"type": "Feature", "geometry": {"type": "Point", "coordinates": [2.31692, 48.857895]}, "properties": {"numparc": 637, "etat de la localisation": "autre", "ID BDGEO": "2637", "horodatage": "2022-04-01 14:04:41", "distance (en metres)": 3756.85, "station": "BASTILLE-RUE SAINT-ANTOINE", "marker-color": "#818181"}}, {"type": "Feature", "geometry": {"type": "Point", "coordinates": [2.326463, 48.85627]}, "properties": {"numparc": 633, "etat de la localisation": "autre", "ID BDGEO": "10829", "horodatage": "2022-04-01 14:04:48", "distance (en metres)": 4003.04, "station": "VOLTAIRE-LEON BLUM.", "marker-color": "#818181"}}, {"type": "Feature", "geometry": {"type": "Point", "coordinates": [2.362144, 48.854839]}, "properties": {"numparc": 632, "etat de la localisation": "autre", "ID BDGEO": "10829", "horodatage": "2022-04-01 14:04:53", "distance (en metres)": 1428.81, "station": "VOLTAIRE-LEON BLUM.", "marker-color": "#818181"}}, {"type": "Feature", "geometry": {"type": "Point", "coordinates": [2.388196, 48.863159]}, "properties": {"numparc": 636, "etat de la localisation": "autre", "ID BDGEO": "711", "horodatage": "2022-04-01 14:05:03", "distance (en metres)": 88.6, "station": "PERE LACHAISE", "marker-color": "#818181"}}, {"type": "Feature", "geometry": {"type": "Point", "coordinates": [2.3395, 48.8615]}, "properties": {"numparc": 634, "etat de la localisation": "autre", "ID BDGEO": "2637", "horodatage": "2022-04-01 14:05:12", "distance (en metres)": 2262.37, "station": "BASTILLE-RUE SAINT-ANTOINE", "marker-color": "#818181"}}, {"type": "Feature", "geometry": {"type": "Point", "coordinates": [2.303948, 48.85902]}, "properties": {"numparc": 621, "etat de la localisation": "autre", "ID BDGEO": "10829", "horodatage": "2022-04-01 14:05:17", "distance (en metres)": 5647.64, "station": "VOLTAIRE-LEON BLUM.", "marker-color": "#818181"}}, {"type": "Feature", "geometry": {"type": "Point", "coordinates": [2.388196, 48.863159]}, "properties": {"numparc": 636, "etat de la localisation": "autre", "ID BDGEO": "711", "horodatage": "2022-04-01 14:05:26", "distance (en metres)": 88.6, "station": "PERE LACHAISE", "marker-color": "#818181"}}, {"type": "Feature", "geometry": {"type": "Point", "coordinates": [2.365213, 48.853832]}, "properties": {"numparc": 625, "etat de la localisation": "autre", "ID BDGEO": "2637", "horodatage": "2022-04-01 14:05:51", "distance (en metres)": 198.18, "station": "BASTILLE-RUE SAINT-ANTOINE", "marker-color": "#818181"}}, {"type": "Feature", "geometry": {"type": "Point", "coordinates": [2.296651, 48.855515]}, "properties": {"numparc": 622, "etat de la localisation": "autre", "ID BDGEO": "10829", "horodatage": "2022-04-01 14:06:01", "distance (en metres)": 6185.73, "station": "VOLTAIRE-LEON BLUM.", "marker-color": "#818181"}}, {"type": "Feature", "geometry": {"type": "Point", "coordinates": [2.3096, 48.85815]}, "properties": {"numparc": 620, "etat de la localisation": "autre", "ID BDGEO": "2637", "horodatage": "2022-04-01 14:06:16", "distance (en metres)": 4291.48, "station": "BASTILLE-RUE SAINT-ANTOINE", "marker-color": "#818181"}}, {"type": "Feature", "geometry": {"type": "Point", "coordinates": [2.362097, 48.854988]}, "properties": {"numparc": 625, "etat de la localisation": "autre", "ID BDGEO": "2637", "horodatage": "2022-04-01 14:06:47", "distance (en metres)": 457.64, "station": "BASTILLE-RUE SAINT-ANTOINE", "marker-color": "#818181"}}, {"type": "Feature", "geometry": {"type": "Point", "coordinates": [2.365455, 48.853863]}, "properties": {"numparc": 632, "etat de la localisation": "autre", "ID BDGEO": "10829", "horodatage": "2022-04-01 14:07:06", "distance (en metres)": 1229.7, "station": "VOLTAIRE-LEON BLUM.", "marker-color": "#818181"}}, {"type": "Feature", "geometry": {"type": "Point", "coordinates": [2.306078, 48.857872]}, "properties": {"numparc": 620, "etat de la localisation": "autre", "ID BDGEO": "2637", "horodatage": "2022-04-01 14:07:13", "distance (en metres)": 4543.66, "station": "BASTILLE-RUE SAINT-ANTOINE", "marker-color": "#818181"}}, {"type": "Feature", "geometry": {"type": "Point", "coordinates": [2.30715, 48.859715]}, "properties": {"numparc": 621, "etat de la localisation": "autre", "ID BDGEO": "10829", "horodatage": "2022-04-01 14:07:18", "distance (en metres)": 5415.81, "station": "VOLTAIRE-LEON BLUM.", "marker-color": "#818181"}}, {"type": "Feature", "geometry": {"type": "Point", "coordinates": [2.309625, 48.858135]}, "properties": {"numparc": 637, "etat de la localisation": "autre", "ID BDGEO": "2637", "horodatage": "2022-04-01 14:07:34", "distance (en metres)": 4289.47, "station": "BASTILLE-RUE SAINT-ANTOINE", "marker-color": "#818181"}}, {"type": "Feature", "geometry": {"type": "Point", "coordinates": [2.303903, 48.857044]}, "properties": {"numparc": 620, "etat de la localisation": "autre", "ID BDGEO": "2637", "horodatage": "2022-04-01 14:07:57", "distance (en metres)": 4692.73, "station": "BASTILLE-RUE SAINT-ANTOINE", "marker-color": "#818181"}}, {"type": "Feature", "geometry": {"type": "Point", "coordinates": [2.357538, 48.856205]}, "properties": {"numparc": 625, "etat de la localisation": "autre", "ID BDGEO": "2637", "horodatage": "2022-04-01 14:08:46", "distance (en metres)": 817.41, "station": "BASTILLE-RUE SAINT-ANTOINE", "marker-color": "#818181"}}, {"type": "Feature", "geometry": {"type": "Point", "coordinates": [2.38892, 48.868511]}, "properties": {"numparc": 629, "etat de la localisation": "Deviation programmee", "ID BDGEO": "2960", "horodatage": "2022-04-01 14:08:57", "distance (en metres)": 543.46, "station": "MURIERS", "marker-color": "#56FF93"}}, {"type": "Feature", "geometry": {"type": "Point", "coordinates": [2.385316, 48.861996]}, "properties": {"numparc": 636, "etat de la localisation": "autre", "ID BDGEO": "711", "horodatage": "2022-04-01 14:09:00", "distance (en metres)": 179.1, "station": "PERE LACHAISE", "marker-color": "#818181"}}, {"type": "Feature", "geometry": {"type": "Point", "coordinates": [2.368092, 48.853401]}, "properties": {"numparc": 632, "etat de la localisation": "autre", "ID BDGEO": "10829", "horodatage": "2022-04-01 14:09:03", "distance (en metres)": 1074.84, "station": "VOLTAIRE-LEON BLUM.", "marker-color": "#818181"}}, {"type": "Feature", "geometry": {"type": "Point", "coordinates": [2.335884, 48.862686]}, "properties": {"numparc": 634, "etat de la localisation": "autre", "ID BDGEO": "2637", "horodatage": "2022-04-01 14:09:23", "distance (en metres)": 2557.67, "station": "BASTILLE-RUE SAINT-ANTOINE", "marker-color": "#818181"}}, {"type": "Feature", "geometry": {"type": "Point", "coordinates": [2.388865, 48.86034]}, "properties": {"numparc": 628, "etat de la localisation": "autre", "ID BDGEO": "655", "horodatage": "2022-04-01 14:09:55", "distance (en metres)": 183.92, "station": "ROQUETTE-PERE LACHAISE", "marker-color": "#818181"}}, {"type": "Feature", "geometry": {"type": "Point", "coordinates": [2.310717, 48.859993]}, "properties": {"numparc": 621, "etat de la localisation": "autre", "ID BDGEO": "10829", "horodatage": "2022-04-01 14:09:57", "distance (en metres)": 5156.36, "station": "VOLTAIRE-LEON BLUM.", "marker-color": "#818181"}}, {"type": "Feature", "geometry": {"type": "Point", "coordinates": [2.301956, 48.856476]}, "properties": {"numparc": 620, "etat de la localisation": "autre", "ID BDGEO": "2637", "horodatage": "2022-04-01 14:10:10", "distance (en metres)": 4829.61, "station": "BASTILLE-RUE SAINT-ANTOINE", "marker-color": "#818181"}}, {"type": "Feature", "geometry": {"type": "Point", "coordinates": [2.350669, 48.857944]}, "properties": {"numparc": 625, "etat de la localisation": "autre", "ID BDGEO": "2637", "horodatage": "2022-04-01 14:10:27", "distance (en metres)": 1355.61, "station": "BASTILLE-RUE SAINT-ANTOINE", "marker-color": "#818181"}}, {"type": "Feature", "geometry": {"type": "Point", "coordinates": [2.399938, 48.865467]}, "properties": {"numparc": 631, "etat de la localisation": "autre", "ID BDGEO": "3196", "horodatage": "2022-04-01 14:10:51", "distance (en metres)": 59.97, "station": "GAMBETTA-MAIRIE DU 20EME.", "marker-color": "#818181"}}, {"type": "Feature", "geometry": {"type": "Point", "coordinates": [2.296736, 48.855114]}, "properties": {"numparc": 622, "etat de la localisation": "autre", "ID BDGEO": "10829", "horodatage": "2022-04-01 14:10:53", "distance (en metres)": 6181.57, "station": "VOLTAIRE-LEON BLUM.", "marker-color": "#818181"}}, {"type": "Feature", "geometry": {"type": "Point", "coordinates": [2.296736, 48.855114]}, "properties": {"numparc": 622, "etat de la localisation": "autre", "ID BDGEO": "10829", "horodatage": "2022-04-01 14:11:46", "distance (en metres)": 6181.57, "station": "VOLTAIRE-LEON BLUM.", "marker-color": "#818181"}}, {"type": "Feature", "geometry": {"type": "Point", "coordinates": [2.387755, 48.862579]}, "properties": {"numparc": 628, "etat de la localisation": "autre", "ID BDGEO": "653", "horodatage": "2022-04-01 14:11:49", "distance (en metres)": 68.94, "station": "AUGUSTE METIVIER", "marker-color": "#818181"}}, {"type": "Feature", "geometry": {"type": "Point", "coordinates": [2.348835, 48.858471]}, "properties": {"numparc": 625, "etat de la localisation": "autre", "ID BDGEO": "2637", "horodatage": "2022-04-01 14:11:54", "distance (en metres)": 1501.97, "station": "BASTILLE-RUE SAINT-ANTOINE", "marker-color": "#818181"}}, {"type": "Feature", "geometry": {"type": "Point", "coordinates": [2.296349, 48.855213]}, "properties": {"numparc": 620, "etat de la localisation": "autre", "ID BDGEO": "10829", "horodatage": "2022-04-01 14:12:10", "distance (en metres)": 6209.31, "station": "VOLTAIRE-LEON BLUM.", "marker-color": "#818181"}}, {"type": "Feature", "geometry": {"type": "Point", "coordinates": [2.338565, 48.859142]}, "properties": {"numparc": 633, "etat de la localisation": "autre", "ID BDGEO": "10829", "horodatage": "2022-04-01 14:12:32", "distance (en metres)": 3116.92, "station": "VOLTAIRE-LEON BLUM.", "marker-color": "#818181"}}, {"type": "Feature", "geometry": {"type": "Point", "coordinates": [2.299496, 48.857441]}, "properties": {"numparc": 637, "etat de la localisation": "autre", "ID BDGEO": "2637", "horodatage": "2022-04-01 14:12:38", "distance (en metres)": 5017.83, "station": "BASTILLE-RUE SAINT-ANTOINE", "marker-color": "#818181"}}, {"type": "Feature", "geometry": {"type": "Point", "coordinates": [2.371792, 48.854549]}, "properties": {"numparc": 632, "etat de la localisation": "autre", "ID BDGEO": "10829", "horodatage": "2022-04-01 14:13:28", "distance (en metres)": 775.84, "station": "VOLTAIRE-LEON BLUM.", "marker-color": "#818181"}}, {"type": "Feature", "geometry": {"type": "Point", "coordinates": [2.319985, 48.859226]}, "properties": {"numparc": 621, "etat de la localisation": "autre", "ID BDGEO": "10829", "horodatage": "2022-04-01 14:13:29", "distance (en metres)": 4475.51, "station": "VOLTAIRE-LEON BLUM.", "marker-color": "#818181"}}, {"type": "Feature", "geometry": {"type": "Point", "coordinates": [2.331652, 48.858807]}, "properties": {"numparc": 634, "etat de la localisation": "autre", "ID BDGEO": "2637", "horodatage": "2022-04-01 14:13:30", "distance (en metres)": 2714.27, "station": "BASTILLE-RUE SAINT-ANTOINE", "marker-color": "#818181"}}, {"type": "Feature", "geometry": {"type": "Point", "coordinates": [2.296736, 48.855114]}, "properties": {"numparc": 622, "etat de la localisation": "autre", "ID BDGEO": "10829", "horodatage": "2022-04-01 14:13:30", "distance (en metres)": 6181.57, "station": "VOLTAIRE-LEON BLUM.", "marker-color": "#818181"}}, {"type": "Feature", "geometry": {"type": "Point", "coordinates": [2.296657, 48.855434]}, "properties": {"numparc": 637, "etat de la localisation": "autre", "ID BDGEO": "10829", "horodatage": "2022-04-01 14:13:58", "distance (en metres)": 6185.66, "station": "VOLTAIRE-LEON BLUM.", "marker-color": "#818181"}}, {"type": "Feature", "geometry": {"type": "Point", "coordinates": [2.296736, 48.855114]}, "properties": {"numparc": 622, "etat de la localisation": "autre", "ID BDGEO": "10829", "horodatage": "2022-04-01 14:14:07", "distance (en metres)": 6181.57, "station": "VOLTAIRE-LEON BLUM.", "marker-color": "#818181"}}, {"type": "Feature", "geometry": {"type": "Point", "coordinates": [2.296736, 48.855114]}, "properties": {"numparc": 622, "etat de la localisation": "autre", "ID BDGEO": "10829", "horodatage": "2022-04-01 14:14:43", "distance (en metres)": 6181.57, "station": "VOLTAIRE-LEON BLUM.", "marker-color": "#818181"}}, {"type": "Feature", "geometry": {"type": "Point", "coordinates": [2.375392, 48.855988]}, "properties": {"numparc": 632, "etat de la localisation": "autre", "ID BDGEO": "10829", "horodatage": "2022-04-01 14:14:53", "distance (en metres)": 468.38, "station": "VOLTAIRE-LEON BLUM.", "marker-color": "#818181"}}, {"type": "Feature", "geometry": {"type": "Point", "coordinates": [2.323595, 48.85783]}, "properties": {"numparc": 621, "etat de la localisation": "autre", "ID BDGEO": "10829", "horodatage": "2022-04-01 14:15:22", "distance (en metres)": 4208.89, "station": "VOLTAIRE-LEON BLUM.", "marker-color": "#818181"}}, {"type": "Feature", "geometry": {"type": "Point", "coordinates": [2.378299, 48.85701]}, "properties": {"numparc": 632, "etat de la localisation": "autre", "ID BDGEO": "10829", "horodatage": "2022-04-01 14:16:15", "distance (en metres)": 227.45, "station": "VOLTAIRE-LEON BLUM.", "marker-color": "#818181"}}, {"type": "Feature", "geometry": {"type": "Point", "coordinates": [2.300061, 48.857311]}, "properties": {"numparc": 622, "etat de la localisation": "autre", "ID BDGEO": "10829", "horodatage": "2022-04-01 14:16:18", "distance (en metres)": 5930.95, "station": "VOLTAIRE-LEON BLUM.", "marker-color": "#818181"}}, {"type": "Feature", "geometry": {"type": "Point", "coordinates": [2.377542, 48.860016]}, "properties": {"numparc": 636, "etat de la localisation": "autre", "ID BDGEO": "708", "horodatage": "2022-04-01 14:16:37", "distance (en metres)": 336.01, "station": "VOLTAIRE-LEON BLUM", "marker-color": "#818181"}}, {"type": "Feature", "geometry": {"type": "Point", "coordinates": [2.39991, 48.865372]}, "properties": {"numparc": 631, "etat de la localisation": "autre", "ID BDGEO": "3196", "horodatage": "2022-04-01 14:17:03", "distance (en metres)": 62.09, "station": "GAMBETTA-MAIRIE DU 20EME.", "marker-color": "#818181"}}, {"type": "Feature", "geometry": {"type": "Point", "coordinates": [2.326518, 48.856277]}, "properties": {"numparc": 621, "etat de la localisation": "autre", "ID BDGEO": "10829", "horodatage": "2022-04-01 14:17:40", "distance (en metres)": 3998.98, "station": "VOLTAIRE-LEON BLUM.", "marker-color": "#818181"}}, {"type": "Feature", "geometry": {"type": "Point", "coordinates": [2.344441, 48.859856]}, "properties": {"numparc": 625, "etat de la localisation": "autre", "ID BDGEO": "2637", "horodatage": "2022-04-01 14:17:52", "distance (en metres)": 1858.0, "station": "BASTILLE-RUE SAINT-ANTOINE", "marker-color": "#818181"}}, {"type": "Feature", "geometry": {"type": "Point", "coordinates": [2.325312, 48.855648]}, "properties": {"numparc": 634, "etat de la localisation": "autre", "ID BDGEO": "2637", "horodatage": "2022-04-01 14:18:00", "distance (en metres)": 3118.89, "station": "BASTILLE-RUE SAINT-ANTOINE", "marker-color": "#818181"}}, {"type": "Feature", "geometry": {"type": "Point", "coordinates": [2.296657, 48.855434]}, "properties": {"numparc": 637, "etat de la localisation": "autre", "ID BDGEO": "10829", "horodatage": "2022-04-01 14:18:22", "distance (en metres)": 6185.66, "station": "VOLTAIRE-LEON BLUM.", "marker-color": "#818181"}}, {"type": "Feature", "geometry": {"type": "Point", "coordinates": [2.344226, 48.859917]}, "properties": {"numparc": 625, "etat de la localisation": "autre", "ID BDGEO": "2637", "horodatage": "2022-04-01 14:18:27", "distance (en metres)": 1875.13, "station": "BASTILLE-RUE SAINT-ANTOINE", "marker-color": "#818181"}}, {"type": "Feature", "geometry": {"type": "Point", "coordinates": [2.303978, 48.858986]}, "properties": {"numparc": 622, "etat de la localisation": "autre", "ID BDGEO": "10829", "horodatage": "2022-04-01 14:18:46", "distance (en metres)": 5645.36, "station": "VOLTAIRE-LEON BLUM.", "marker-color": "#818181"}}, {"type": "Feature", "geometry": {"type": "Point", "coordinates": [2.355964, 48.855862]}, "properties": {"numparc": 633, "etat de la localisation": "autre", "ID BDGEO": "10829", "horodatage": "2022-04-01 14:18:48", "distance (en metres)": 1854.24, "station": "VOLTAIRE-LEON BLUM.", "marker-color": "#818181"}}, {"type": "Feature", "geometry": {"type": "Point", "coordinates": [2.340015, 48.861191]}, "properties": {"numparc": 625, "etat de la localisation": "autre", "ID BDGEO": "2637", "horodatage": "2022-04-01 14:19:52", "distance (en metres)": 2214.1, "station": "BASTILLE-RUE SAINT-ANTOINE", "marker-color": "#818181"}}, {"type": "Feature", "geometry": {"type": "Point", "coordinates": [2.399858, 48.865364]}, "properties": {"numparc": 631, "etat de la localisation": "autre", "ID BDGEO": "3196", "horodatage": "2022-04-01 14:20:06", "distance (en metres)": 59.15, "station": "GAMBETTA-MAIRIE DU 20EME.", "marker-color": "#818181"}}, {"type": "Feature", "geometry": {"type": "Point", "coordinates": [2.307148, 48.859657]}, "properties": {"numparc": 622, "etat de la localisation": "autre", "ID BDGEO": "10829", "horodatage": "2022-04-01 14:20:18", "distance (en metres)": 5415.71, "station": "VOLTAIRE-LEON BLUM.", "marker-color": "#818181"}}, {"type": "Feature", "geometry": {"type": "Point", "coordinates": [2.399787, 48.865547]}, "properties": {"numparc": 629, "etat de la localisation": "autre", "ID BDGEO": "3196", "horodatage": "2022-04-01 14:21:02", "distance (en metres)": 47.06, "station": "GAMBETTA-MAIRIE DU 20EME.", "marker-color": "#818181"}}, {"type": "Feature", "geometry": {"type": "Point", "coordinates": [2.335742, 48.862625]}, "properties": {"numparc": 625, "etat de la localisation": "autre", "ID BDGEO": "2637", "horodatage": "2022-04-01 14:21:11", "distance (en metres)": 2564.4, "station": "BASTILLE-RUE SAINT-ANTOINE", "marker-color": "#818181"}}, {"type": "Feature", "geometry": {"type": "Point", "coordinates": [2.310699, 48.859947]}, "properties": {"numparc": 622, "etat de la localisation": "autre", "ID BDGEO": "10829", "horodatage": "2022-04-01 14:21:53", "distance (en metres)": 5157.45, "station": "VOLTAIRE-LEON BLUM.", "marker-color": "#818181"}}, {"type": "Feature", "geometry": {"type": "Point", "coordinates": [2.331088, 48.860634]}, "properties": {"numparc": 621, "etat de la localisation": "autre", "ID BDGEO": "10829", "horodatage": "2022-04-01 14:22:32", "distance (en metres)": 3673.57, "station": "VOLTAIRE-LEON BLUM.", "marker-color": "#818181"}}, {"type": "Feature", "geometry": {"type": "Point", "coordinates": [2.364513, 48.853962]}, "properties": {"numparc": 633, "etat de la localisation": "autre", "ID BDGEO": "10829", "horodatage": "2022-04-01 14:22:50", "distance (en metres)": 1290.45, "station": "VOLTAIRE-LEON BLUM.", "marker-color": "#818181"}}, {"type": "Feature", "geometry": {"type": "Point", "coordinates": [2.320763, 48.856689]}, "properties": {"numparc": 634, "etat de la localisation": "autre", "ID BDGEO": "2637", "horodatage": "2022-04-01 14:22:58", "distance (en metres)": 3461.35, "station": "BASTILLE-RUE SAINT-ANTOINE", "marker-color": "#818181"}}, {"type": "Feature", "geometry": {"type": "Point", "coordinates": [2.29671, 48.855156]}, "properties": {"numparc": 620, "etat de la localisation": "autre", "ID BDGEO": "10829", "horodatage": "2022-04-01 14:23:43", "distance (en metres)": 6183.24, "station": "VOLTAIRE-LEON BLUM.", "marker-color": "#818181"}}, {"type": "Feature", "geometry": {"type": "Point", "coordinates": [2.314511, 48.85994]}, "properties": {"numparc": 622, "etat de la localisation": "autre", "ID BDGEO": "10829", "horodatage": "2022-04-01 14:23:49", "distance (en metres)": 4878.83, "station": "VOLTAIRE-LEON BLUM.", "marker-color": "#818181"}}, {"type": "Feature", "geometry": {"type": "Point", "coordinates": [2.338586, 48.859138]}, "properties": {"numparc": 621, "etat de la localisation": "autre", "ID BDGEO": "10829", "horodatage": "2022-04-01 14:24:12", "distance (en metres)": 3115.36, "station": "VOLTAIRE-LEON BLUM.", "marker-color": "#818181"}}, {"type": "Feature", "geometry": {"type": "Point", "coordinates": [2.296729, 48.85516]}, "properties": {"numparc": 620, "etat de la localisation": "autre", "ID BDGEO": "10829", "horodatage": "2022-04-01 14:24:13", "distance (en metres)": 6181.82, "station": "VOLTAIRE-LEON BLUM.", "marker-color": "#818181"}}, {"type": "Feature", "geometry": {"type": "Point", "coordinates": [2.388854, 48.86031]}, "properties": {"numparc": 632, "etat de la localisation": "autre", "ID BDGEO": "655", "horodatage": "2022-04-01 14:25:05", "distance (en metres)": 182.22, "station": "ROQUETTE-PERE LACHAISE", "marker-color": "#818181"}}, {"type": "Feature", "geometry": {"type": "Point", "coordinates": [2.33165, 48.858799]}, "properties": {"numparc": 625, "etat de la localisation": "autre", "ID BDGEO": "2637", "horodatage": "2022-04-01 14:25:06", "distance (en metres)": 2714.22, "station": "BASTILLE-RUE SAINT-ANTOINE", "marker-color": "#818181"}}, {"type": "Feature", "geometry": {"type": "Point", "coordinates": [2.400123, 48.864971]}, "properties": {"numparc": 631, "etat de la localisation": "autre", "ID BDGEO": "3196", "horodatage": "2022-04-01 14:25:14", "distance (en metres)": 101.64, "station": "GAMBETTA-MAIRIE DU 20EME.", "marker-color": "#818181"}}, {"type": "Feature", "geometry": {"type": "Point", "coordinates": [2.399957, 48.865299]}, "properties": {"numparc": 629, "etat de la localisation": "autre", "ID BDGEO": "3196", "horodatage": "2022-04-01 14:25:36", "distance (en metres)": 69.06, "station": "GAMBETTA-MAIRIE DU 20EME.", "marker-color": "#818181"}}, {"type": "Feature", "geometry": {"type": "Point", "coordinates": [2.341456, 48.858681]}, "properties": {"numparc": 621, "etat de la localisation": "autre", "ID BDGEO": "10829", "horodatage": "2022-04-01 14:25:36", "distance (en metres)": 2903.62, "station": "VOLTAIRE-LEON BLUM.", "marker-color": "#818181"}}, {"type": "Feature", "geometry": {"type": "Point", "coordinates": [2.365233, 48.853897]}, "properties": {"numparc": 636, "etat de la localisation": "autre", "ID BDGEO": "2637", "horodatage": "2022-04-01 14:25:39", "distance (en metres)": 199.15, "station": "BASTILLE-RUE SAINT-ANTOINE", "marker-color": "#818181"}}, {"type": "Feature", "geometry": {"type": "Point", "coordinates": [2.30001, 48.857311]}, "properties": {"numparc": 620, "etat de la localisation": "autre", "ID BDGEO": "10829", "horodatage": "2022-04-01 14:25:49", "distance (en metres)": 5934.68, "station": "VOLTAIRE-LEON BLUM.", "marker-color": "#818181"}}, {"type": "Feature", "geometry": {"type": "Point", "coordinates": [2.31991, 48.85928]}, "properties": {"numparc": 622, "etat de la localisation": "autre", "ID BDGEO": "10829", "horodatage": "2022-04-01 14:26:00", "distance (en metres)": 4481.19, "station": "VOLTAIRE-LEON BLUM.", "marker-color": "#818181"}}, {"type": "Feature", "geometry": {"type": "Point", "coordinates": [2.387477, 48.862499]}, "properties": {"numparc": 632, "etat de la localisation": "autre", "ID BDGEO": "653", "horodatage": "2022-04-01 14:26:04", "distance (en metres)": 87.84, "station": "AUGUSTE METIVIER", "marker-color": "#818181"}}, {"type": "Feature", "geometry": {"type": "Point", "coordinates": [2.362125, 48.855061]}, "properties": {"numparc": 636, "etat de la localisation": "autre", "ID BDGEO": "2637", "horodatage": "2022-04-01 14:26:40", "distance (en metres)": 459.2, "station": "BASTILLE-RUE SAINT-ANTOINE", "marker-color": "#818181"}}, {"type": "Feature", "geometry": {"type": "Point", "coordinates": [2.371835, 48.854488]}, "properties": {"numparc": 633, "etat de la localisation": "autre", "ID BDGEO": "10829", "horodatage": "2022-04-01 14:27:29", "distance (en metres)": 776.33, "station": "VOLTAIRE-LEON BLUM.", "marker-color": "#818181"}}, {"type": "Feature", "geometry": {"type": "Point", "coordinates": [2.394249, 48.870026]}, "properties": {"numparc": 628, "etat de la localisation": "Deviation programmee", "ID BDGEO": "712", "horodatage": "2022-04-01 14:27:47", "distance (en metres)": 578.94, "station": "MARTIN NADAUD", "marker-color": "#56FF93"}}, {"type": "Feature", "geometry": {"type": "Point", "coordinates": [2.323759, 48.860668]}, "properties": {"numparc": 625, "etat de la localisation": "autre", "ID BDGEO": "2637", "horodatage": "2022-04-01 14:27:53", "distance (en metres)": 3324.29, "station": "BASTILLE-RUE SAINT-ANTOINE", "marker-color": "#818181"}}, {"type": "Feature", "geometry": {"type": "Point", "coordinates": [2.348463, 48.856838]}, "properties": {"numparc": 621, "etat de la localisation": "autre", "ID BDGEO": "10829", "horodatage": "2022-04-01 14:28:02", "distance (en metres)": 2392.31, "station": "VOLTAIRE-LEON BLUM.", "marker-color": "#818181"}}, {"type": "Feature", "geometry": {"type": "Point", "coordinates": [2.30619, 48.85767]}, "properties": {"numparc": 634, "etat de la localisation": "autre", "ID BDGEO": "2637", "horodatage": "2022-04-01 14:28:26", "distance (en metres)": 4533.04, "station": "BASTILLE-RUE SAINT-ANTOINE", "marker-color": "#818181"}}, {"type": "Feature", "geometry": {"type": "Point", "coordinates": [2.357532, 48.856121]}, "properties": {"numparc": 636, "etat de la localisation": "autre", "ID BDGEO": "2637", "horodatage": "2022-04-01 14:28:33", "distance (en metres)": 814.15, "station": "BASTILLE-RUE SAINT-ANTOINE", "marker-color": "#818181"}}, {"type": "Feature", "geometry": {"type": "Point", "coordinates": [2.32366, 48.857788]}, "properties": {"numparc": 622, "etat de la localisation": "autre", "ID BDGEO": "10829", "horodatage": "2022-04-01 14:29:09", "distance (en metres)": 4204.15, "station": "VOLTAIRE-LEON BLUM.", "marker-color": "#818181"}}, {"type": "Feature", "geometry": {"type": "Point", "coordinates": [2.350336, 48.856167]}, "properties": {"numparc": 621, "etat de la localisation": "autre", "ID BDGEO": "10829", "horodatage": "2022-04-01 14:29:12", "distance (en metres)": 2260.45, "station": "VOLTAIRE-LEON BLUM.", "marker-color": "#818181"}}, {"type": "Feature", "geometry": {"type": "Point", "coordinates": [2.303987, 48.858982]}, "properties": {"numparc": 620, "etat de la localisation": "autre", "ID BDGEO": "10829", "horodatage": "2022-04-01 14:29:18", "distance (en metres)": 5644.69, "station": "VOLTAIRE-LEON BLUM.", "marker-color": "#818181"}}, {"type": "Feature", "geometry": {"type": "Point", "coordinates": [2.30195, 48.856461]}, "properties": {"numparc": 634, "etat de la localisation": "autre", "ID BDGEO": "2637", "horodatage": "2022-04-01 14:29:57", "distance (en metres)": 4829.93, "station": "BASTILLE-RUE SAINT-ANTOINE", "marker-color": "#818181"}}, {"type": "Feature", "geometry": {"type": "Point", "coordinates": [2.378335, 48.856949]}, "properties": {"numparc": 633, "etat de la localisation": "autre", "ID BDGEO": "10829", "horodatage": "2022-04-01 14:30:12", "distance (en metres)": 228.0, "station": "VOLTAIRE-LEON BLUM.", "marker-color": "#818181"}}, {"type": "Feature", "geometry": {"type": "Point", "coordinates": [2.326533, 48.856281]}, "properties": {"numparc": 622, "etat de la localisation": "autre", "ID BDGEO": "10829", "horodatage": "2022-04-01 14:30:24", "distance (en metres)": 3997.87, "station": "VOLTAIRE-LEON BLUM.", "marker-color": "#818181"}}, {"type": "Feature", "geometry": {"type": "Point", "coordinates": [2.307168, 48.859623]}, "properties": {"numparc": 620, "etat de la localisation": "autre", "ID BDGEO": "10829", "horodatage": "2022-04-01 14:30:30", "distance (en metres)": 5414.11, "station": "VOLTAIRE-LEON BLUM.", "marker-color": "#818181"}}, {"type": "Feature", "geometry": {"type": "Point", "coordinates": [2.325225, 48.85569]}, "properties": {"numparc": 625, "etat de la localisation": "autre", "ID BDGEO": "2637", "horodatage": "2022-04-01 14:30:31", "distance (en metres)": 3125.61, "station": "BASTILLE-RUE SAINT-ANTOINE", "marker-color": "#818181"}}, {"type": "Feature", "geometry": {"type": "Point", "coordinates": [2.299505, 48.857399]}, "properties": {"numparc": 634, "etat de la localisation": "autre", "ID BDGEO": "2637", "horodatage": "2022-04-01 14:31:17", "distance (en metres)": 5016.74, "station": "BASTILLE-RUE SAINT-ANTOINE", "marker-color": "#818181"}}, {"type": "Feature", "geometry": {"type": "Point", "coordinates": [2.356001, 48.8559]}, "properties": {"numparc": 621, "etat de la localisation": "autre", "ID BDGEO": "10829", "horodatage": "2022-04-01 14:31:47", "distance (en metres)": 1851.05, "station": "VOLTAIRE-LEON BLUM.", "marker-color": "#818181"}}, {"type": "Feature", "geometry": {"type": "Point", "coordinates": [2.348923, 48.858345]}, "properties": {"numparc": 636, "etat de la localisation": "autre", "ID BDGEO": "2637", "horodatage": "2022-04-01 14:31:52", "distance (en metres)": 1490.68, "station": "BASTILLE-RUE SAINT-ANTOINE", "marker-color": "#818181"}}, {"type": "Feature", "geometry": {"type": "Point", "coordinates": [2.310739, 48.859947]}, "properties": {"numparc": 620, "etat de la localisation": "autre", "ID BDGEO": "10829", "horodatage": "2022-04-01 14:32:28", "distance (en metres)": 5154.53, "station": "VOLTAIRE-LEON BLUM.", "marker-color": "#818181"}}, {"type": "Feature", "geometry": {"type": "Point", "coordinates": [2.329109, 48.859039]}, "properties": {"numparc": 622, "etat de la localisation": "autre", "ID BDGEO": "10829", "horodatage": "2022-04-01 14:32:37", "distance (en metres)": 3807.7, "station": "VOLTAIRE-LEON BLUM.", "marker-color": "#818181"}}, {"type": "Feature", "geometry": {"type": "Point", "coordinates": [2.358073, 48.855484]}, "properties": {"numparc": 621, "etat de la localisation": "autre", "ID BDGEO": "10829", "horodatage": "2022-04-01 14:32:50", "distance (en metres)": 1707.15, "station": "VOLTAIRE-LEON BLUM.", "marker-color": "#818181"}}, {"type": "Feature", "geometry": {"type": "Point", "coordinates": [2.320555, 48.856628]}, "properties": {"numparc": 625, "etat de la localisation": "autre", "ID BDGEO": "2637", "horodatage": "2022-04-01 14:32:52", "distance (en metres)": 3475.75, "station": "BASTILLE-RUE SAINT-ANTOINE", "marker-color": "#818181"}}, {"type": "Feature", "geometry": {"type": "Point", "coordinates": [2.296721, 48.85503]}, "properties": {"numparc": 637, "etat de la localisation": "autre", "ID BDGEO": "10829", "horodatage": "2022-04-01 14:33:01", "distance (en metres)": 6183.14, "station": "VOLTAIRE-LEON BLUM.", "marker-color": "#818181"}}, {"type": "Feature", "geometry": {"type": "Point", "coordinates": [2.354034, 48.856895]}, "properties": {"numparc": 623, "etat de la localisation": "autre", "ID BDGEO": "666", "horodatage": "2022-04-01 14:33:05", "distance (en metres)": 266.34, "station": "RUE VIEILLE DU TEMPLE-MAIRIE DU 4e", "marker-color": "#818181"}}, {"type": "Feature", "geometry": {"type": "Point", "coordinates": [2.399724, 48.865578]}, "properties": {"numparc": 628, "etat de la localisation": "autre", "ID BDGEO": "3196", "horodatage": "2022-04-01 14:33:16", "distance (en metres)": 41.97, "station": "GAMBETTA-MAIRIE DU 20EME.", "marker-color": "#818181"}}, {"type": "Feature", "geometry": {"type": "Point", "coordinates": [2.350589, 48.8578]}, "properties": {"numparc": 623, "etat de la localisation": "autre", "ID BDGEO": "667", "horodatage": "2022-04-01 14:33:56", "distance (en metres)": 56.7, "station": "HOTEL DE VILLE", "marker-color": "#818181"}}, {"type": "Feature", "geometry": {"type": "Point", "coordinates": [2.316954, 48.857697]}, "properties": {"numparc": 625, "etat de la localisation": "autre", "ID BDGEO": "2637", "horodatage": "2022-04-01 14:34:23", "distance (en metres)": 3751.46, "station": "BASTILLE-RUE SAINT-ANTOINE", "marker-color": "#818181"}}, {"type": "Feature", "geometry": {"type": "Point", "coordinates": [2.314504, 48.859951]}, "properties": {"numparc": 620, "etat de la localisation": "autre", "ID BDGEO": "10829", "horodatage": "2022-04-01 14:34:32", "distance (en metres)": 4879.41, "station": "VOLTAIRE-LEON BLUM.", "marker-color": "#818181"}}, {"type": "Feature", "geometry": {"type": "Point", "coordinates": [2.400038, 48.865055]}, "properties": {"numparc": 629, "etat de la localisation": "autre", "ID BDGEO": "3196", "horodatage": "2022-04-01 14:34:38", "distance (en metres)": 90.64, "station": "GAMBETTA-MAIRIE DU 20EME.", "marker-color": "#818181"}}, {"type": "Feature", "geometry": {"type": "Point", "coordinates": [2.36216, 48.854759]}, "properties": {"numparc": 621, "etat de la localisation": "autre", "ID BDGEO": "10829", "horodatage": "2022-04-01 14:34:45", "distance (en metres)": 1429.8, "station": "VOLTAIRE-LEON BLUM.", "marker-color": "#818181"}}, {"type": "Feature", "geometry": {"type": "Point", "coordinates": [2.34455, 48.859745]}, "properties": {"numparc": 636, "etat de la localisation": "autre", "ID BDGEO": "2637", "horodatage": "2022-04-01 14:34:49", "distance (en metres)": 1845.85, "station": "BASTILLE-RUE SAINT-ANTOINE", "marker-color": "#818181"}}, {"type": "Feature", "geometry": {"type": "Point", "coordinates": [2.300002, 48.857246]}, "properties": {"numparc": 637, "etat de la localisation": "autre", "ID BDGEO": "10829", "horodatage": "2022-04-01 14:34:58", "distance (en metres)": 5935.34, "station": "VOLTAIRE-LEON BLUM.", "marker-color": "#818181"}}, {"type": "Feature", "geometry": {"type": "Point", "coordinates": [2.388231, 48.863113]}, "properties": {"numparc": 631, "etat de la localisation": "autre", "ID BDGEO": "711", "horodatage": "2022-04-01 14:35:45", "distance (en metres)": 85.26, "station": "PERE LACHAISE", "marker-color": "#818181"}}, {"type": "Feature", "geometry": {"type": "Point", "coordinates": [2.334095, 48.860004]}, "properties": {"numparc": 622, "etat de la localisation": "autre", "ID BDGEO": "10829", "horodatage": "2022-04-01 14:36:08", "distance (en metres)": 3448.89, "station": "VOLTAIRE-LEON BLUM.", "marker-color": "#818181"}}, {"type": "Feature", "geometry": {"type": "Point", "coordinates": [2.365458, 48.853718]}, "properties": {"numparc": 621, "etat de la localisation": "autre", "ID BDGEO": "10829", "horodatage": "2022-04-01 14:36:26", "distance (en metres)": 1235.41, "station": "VOLTAIRE-LEON BLUM.", "marker-color": "#818181"}}, {"type": "Feature", "geometry": {"type": "Point", "coordinates": [2.365484, 48.85371]}, "properties": {"numparc": 621, "etat de la localisation": "autre", "ID BDGEO": "10829", "horodatage": "2022-04-01 14:36:47", "distance (en metres)": 1233.97, "station": "VOLTAIRE-LEON BLUM.", "marker-color": "#818181"}}, {"type": "Feature", "geometry": {"type": "Point", "coordinates": [2.309613, 48.857998]}, "properties": {"numparc": 625, "etat de la localisation": "autre", "ID BDGEO": "2637", "horodatage": "2022-04-01 14:36:51", "distance (en metres)": 4288.44, "station": "BASTILLE-RUE SAINT-ANTOINE", "marker-color": "#818181"}}, {"type": "Feature", "geometry": {"type": "Point", "coordinates": [2.340092, 48.861179]}, "properties": {"numparc": 636, "etat de la localisation": "autre", "ID BDGEO": "2637", "horodatage": "2022-04-01 14:37:13", "distance (en metres)": 2208.42, "station": "BASTILLE-RUE SAINT-ANTOINE", "marker-color": "#818181"}}, {"type": "Feature", "geometry": {"type": "Point", "coordinates": [2.303924, 48.858948]}, "properties": {"numparc": 637, "etat de la localisation": "autre", "ID BDGEO": "10829", "horodatage": "2022-04-01 14:37:28", "distance (en metres)": 5649.21, "station": "VOLTAIRE-LEON BLUM.", "marker-color": "#818181"}}, {"type": "Feature", "geometry": {"type": "Point", "coordinates": [2.306098, 48.85767]}, "properties": {"numparc": 625, "etat de la localisation": "autre", "ID BDGEO": "2637", "horodatage": "2022-04-01 14:37:46", "distance (en metres)": 4539.73, "station": "BASTILLE-RUE SAINT-ANTOINE", "marker-color": "#818181"}}, {"type": "Feature", "geometry": {"type": "Point", "coordinates": [2.368067, 48.853283]}, "properties": {"numparc": 621, "etat de la localisation": "autre", "ID BDGEO": "10829", "horodatage": "2022-04-01 14:38:10", "distance (en metres)": 1082.58, "station": "VOLTAIRE-LEON BLUM.", "marker-color": "#818181"}}, {"type": "Feature", "geometry": {"type": "Point", "coordinates": [2.305536, 48.857456]}, "properties": {"numparc": 625, "etat de la localisation": "autre", "ID BDGEO": "2637", "horodatage": "2022-04-01 14:38:16", "distance (en metres)": 4578.15, "station": "BASTILLE-RUE SAINT-ANTOINE", "marker-color": "#818181"}}, {"type": "Feature", "geometry": {"type": "Point", "coordinates": [2.341443, 48.858616]}, "properties": {"numparc": 622, "etat de la localisation": "autre", "ID BDGEO": "10829", "horodatage": "2022-04-01 14:38:27", "distance (en metres)": 2904.34, "station": "VOLTAIRE-LEON BLUM.", "marker-color": "#818181"}}, {"type": "Feature", "geometry": {"type": "Point", "coordinates": [2.307132, 48.859646]}, "properties": {"numparc": 637, "etat de la localisation": "autre", "ID BDGEO": "10829", "horodatage": "2022-04-01 14:38:30", "distance (en metres)": 5416.84, "station": "VOLTAIRE-LEON BLUM.", "marker-color": "#818181"}}, {"type": "Feature", "geometry": {"type": "Point", "coordinates": [2.323673, 48.857731]}, "properties": {"numparc": 620, "etat de la localisation": "autre", "ID BDGEO": "10829", "horodatage": "2022-04-01 14:38:39", "distance (en metres)": 4203.21, "station": "VOLTAIRE-LEON BLUM.", "marker-color": "#818181"}}, {"type": "Feature", "geometry": {"type": "Point", "coordinates": [2.326536, 48.856133]}, "properties": {"numparc": 620, "etat de la localisation": "autre", "ID BDGEO": "10829", "horodatage": "2022-04-01 14:40:50", "distance (en metres)": 3998.42, "station": "VOLTAIRE-LEON BLUM.", "marker-color": "#818181"}}, {"type": "Feature", "geometry": {"type": "Point", "coordinates": [2.370677, 48.853645]}, "properties": {"numparc": 621, "etat de la localisation": "autre", "ID BDGEO": "10829", "horodatage": "2022-04-01 14:41:00", "distance (en metres)": 896.75, "station": "VOLTAIRE-LEON BLUM.", "marker-color": "#818181"}}, {"type": "Feature", "geometry": {"type": "Point", "coordinates": [2.314482, 48.859966]}, "properties": {"numparc": 637, "etat de la localisation": "autre", "ID BDGEO": "10829", "horodatage": "2022-04-01 14:41:07", "distance (en metres)": 4881.1, "station": "VOLTAIRE-LEON BLUM.", "marker-color": "#818181"}}, {"type": "Feature", "geometry": {"type": "Point", "coordinates": [2.348433, 48.856812]}, "properties": {"numparc": 622, "etat de la localisation": "autre", "ID BDGEO": "10829", "horodatage": "2022-04-01 14:41:42", "distance (en metres)": 2394.65, "station": "VOLTAIRE-LEON BLUM.", "marker-color": "#818181"}}, {"type": "Feature", "geometry": {"type": "Point", "coordinates": [2.385317, 48.861961]}, "properties": {"numparc": 631, "etat de la localisation": "autre", "ID BDGEO": "711", "horodatage": "2022-04-01 14:41:59", "distance (en metres)": 180.11, "station": "PERE LACHAISE", "marker-color": "#818181"}}, {"type": "Feature", "geometry": {"type": "Point", "coordinates": [2.371784, 48.854507]}, "properties": {"numparc": 621, "etat de la localisation": "autre", "ID BDGEO": "10829", "horodatage": "2022-04-01 14:41:59", "distance (en metres)": 778.59, "station": "VOLTAIRE-LEON BLUM.", "marker-color": "#818181"}}, {"type": "Feature", "geometry": {"type": "Point", "coordinates": [2.333669, 48.86087]}, "properties": {"numparc": 636, "etat de la localisation": "autre", "ID BDGEO": "2637", "horodatage": "2022-04-01 14:42:15", "distance (en metres)": 2634.98, "station": "BASTILLE-RUE SAINT-ANTOINE", "marker-color": "#818181"}}, {"type": "Feature", "geometry": {"type": "Point", "coordinates": [2.296666, 48.855446]}, "properties": {"numparc": 625, "etat de la localisation": "autre", "ID BDGEO": "10829", "horodatage": "2022-04-01 14:42:27", "distance (en metres)": 6184.96, "station": "VOLTAIRE-LEON BLUM.", "marker-color": "#818181"}}, {"type": "Feature", "geometry": {"type": "Point", "coordinates": [2.388949, 48.860252]}, "properties": {"numparc": 633, "etat de la localisation": "autre", "ID BDGEO": "655", "horodatage": "2022-04-01 14:42:45", "distance (en metres)": 187.38, "station": "ROQUETTE-PERE LACHAISE", "marker-color": "#818181"}}, {"type": "Feature", "geometry": {"type": "Point", "coordinates": [2.375425, 48.855972]}, "properties": {"numparc": 621, "etat de la localisation": "autre", "ID BDGEO": "10829", "horodatage": "2022-04-01 14:43:12", "distance (en metres)": 466.97, "station": "VOLTAIRE-LEON BLUM.", "marker-color": "#818181"}}, {"type": "Feature", "geometry": {"type": "Point", "coordinates": [2.386534, 48.859886]}, "properties": {"numparc": 631, "etat de la localisation": "autre", "ID BDGEO": "709", "horodatage": "2022-04-01 14:43:23", "distance (en metres)": 163.34, "station": "SAINT-MAUR-SERVAN", "marker-color": "#818181"}}, {"type": "Feature", "geometry": {"type": "Point", "coordinates": [2.350318, 48.856136]}, "properties": {"numparc": 622, "etat de la localisation": "autre", "ID BDGEO": "10829", "horodatage": "2022-04-01 14:43:26", "distance (en metres)": 2262.06, "station": "VOLTAIRE-LEON BLUM.", "marker-color": "#818181"}}, {"type": "Feature", "geometry": {"type": "Point", "coordinates": [2.399724, 48.865578]}, "properties": {"numparc": 628, "etat de la localisation": "autre", "ID BDGEO": "3196", "horodatage": "2022-04-01 14:43:55", "distance (en metres)": 41.97, "station": "GAMBETTA-MAIRIE DU 20EME.", "marker-color": "#818181"}}, {"type": "Feature", "geometry": {"type": "Point", "coordinates": [2.38777, 48.862522]}, "properties": {"numparc": 633, "etat de la localisation": "autre", "ID BDGEO": "653", "horodatage": "2022-04-01 14:44:19", "distance (en metres)": 74.02, "station": "AUGUSTE METIVIER", "marker-color": "#818181"}}, {"type": "Feature", "geometry": {"type": "Point", "coordinates": [2.378356, 48.856922]}, "properties": {"numparc": 621, "etat de la localisation": "autre", "ID BDGEO": "10829", "horodatage": "2022-04-01 14:44:24", "distance (en metres)": 227.96, "station": "VOLTAIRE-LEON BLUM.", "marker-color": "#818181"}}, {"type": "Feature", "geometry": {"type": "Point", "coordinates": [2.400049, 48.865173]}, "properties": {"numparc": 628, "etat de la localisation": "autre", "ID BDGEO": "3196", "horodatage": "2022-04-01 14:44:30", "distance (en metres)": 82.59, "station": "GAMBETTA-MAIRIE DU 20EME.", "marker-color": "#818181"}}, {"type": "Feature", "geometry": {"type": "Point", "coordinates": [2.323662, 48.85775]}, "properties": {"numparc": 637, "etat de la localisation": "autre", "ID BDGEO": "10829", "horodatage": "2022-04-01 14:44:33", "distance (en metres)": 4204.01, "station": "VOLTAIRE-LEON BLUM.", "marker-color": "#818181"}}, {"type": "Feature", "geometry": {"type": "Point", "coordinates": [2.329187, 48.858948]}, "properties": {"numparc": 620, "etat de la localisation": "autre", "ID BDGEO": "10829", "horodatage": "2022-04-01 14:44:39", "distance (en metres)": 3801.67, "station": "VOLTAIRE-LEON BLUM.", "marker-color": "#818181"}}, {"type": "Feature", "geometry": {"type": "Point", "coordinates": [2.394039, 48.869835]}, "properties": {"numparc": 632, "etat de la localisation": "Deviation programmee", "ID BDGEO": "4539", "horodatage": "2022-04-01 14:45:25", "distance (en metres)": 2428.66, "station": "LAGNY ENTREE", "marker-color": "#56FF93"}}, {"type": "Feature", "geometry": {"type": "Point", "coordinates": [2.326428, 48.856213]}, "properties": {"numparc": 637, "etat de la localisation": "autre", "ID BDGEO": "10829", "horodatage": "2022-04-01 14:45:49", "distance (en metres)": 4005.9, "station": "VOLTAIRE-LEON BLUM.", "marker-color": "#818181"}}, {"type": "Feature", "geometry": {"type": "Point", "coordinates": [2.327029, 48.86021]}, "properties": {"numparc": 636, "etat de la localisation": "autre", "ID BDGEO": "2637", "horodatage": "2022-04-01 14:45:57", "distance (en metres)": 3079.93, "station": "BASTILLE-RUE SAINT-ANTOINE", "marker-color": "#818181"}}, {"type": "Feature", "geometry": {"type": "Point", "coordinates": [2.355582, 48.855896]}, "properties": {"numparc": 622, "etat de la localisation": "autre", "ID BDGEO": "10829", "horodatage": "2022-04-01 14:46:58", "distance (en metres)": 1881.53, "station": "VOLTAIRE-LEON BLUM.", "marker-color": "#818181"}}, {"type": "Feature", "geometry": {"type": "Point", "coordinates": [2.400049, 48.865173]}, "properties": {"numparc": 628, "etat de la localisation": "autre", "ID BDGEO": "3196", "horodatage": "2022-04-01 14:47:01", "distance (en metres)": 82.59, "station": "GAMBETTA-MAIRIE DU 20EME.", "marker-color": "#818181"}}, {"type": "Feature", "geometry": {"type": "Point", "coordinates": [2.296708, 48.855061]}, "properties": {"numparc": 634, "etat de la localisation": "autre", "ID BDGEO": "10829", "horodatage": "2022-04-01 14:47:16", "distance (en metres)": 6183.91, "station": "VOLTAIRE-LEON BLUM.", "marker-color": "#818181"}}, {"type": "Feature", "geometry": {"type": "Point", "coordinates": [2.334022, 48.859909]}, "properties": {"numparc": 620, "etat de la localisation": "autre", "ID BDGEO": "10829", "horodatage": "2022-04-01 14:47:47", "distance (en metres)": 3453.5, "station": "VOLTAIRE-LEON BLUM.", "marker-color": "#818181"}}, {"type": "Feature", "geometry": {"type": "Point", "coordinates": [2.400049, 48.865173]}, "properties": {"numparc": 628, "etat de la localisation": "autre", "ID BDGEO": "3196", "horodatage": "2022-04-01 14:47:51", "distance (en metres)": 82.59, "station": "GAMBETTA-MAIRIE DU 20EME.", "marker-color": "#818181"}}, {"type": "Feature", "geometry": {"type": "Point", "coordinates": [2.358132, 48.855442]}, "properties": {"numparc": 622, "etat de la localisation": "autre", "ID BDGEO": "10829", "horodatage": "2022-04-01 14:48:02", "distance (en metres)": 1703.63, "station": "VOLTAIRE-LEON BLUM.", "marker-color": "#818181"}}, {"type": "Feature", "geometry": {"type": "Point", "coordinates": [2.300041, 48.8573]}, "properties": {"numparc": 634, "etat de la localisation": "autre", "ID BDGEO": "10829", "horodatage": "2022-04-01 14:48:33", "distance (en metres)": 5932.43, "station": "VOLTAIRE-LEON BLUM.", "marker-color": "#818181"}}, {"type": "Feature", "geometry": {"type": "Point", "coordinates": [2.338586, 48.859085]}, "properties": {"numparc": 620, "etat de la localisation": "autre", "ID BDGEO": "10829", "horodatage": "2022-04-01 14:48:52", "distance (en metres)": 3115.1, "station": "VOLTAIRE-LEON BLUM.", "marker-color": "#818181"}}, {"type": "Feature", "geometry": {"type": "Point", "coordinates": [2.323373, 48.858021]}, "properties": {"numparc": 636, "etat de la localisation": "autre", "ID BDGEO": "2637", "horodatage": "2022-04-01 14:49:33", "distance (en metres)": 3292.0, "station": "BASTILLE-RUE SAINT-ANTOINE", "marker-color": "#818181"}}, {"type": "Feature", "geometry": {"type": "Point", "coordinates": [2.362198, 48.854767]}, "properties": {"numparc": 622, "etat de la localisation": "autre", "ID BDGEO": "10829", "horodatage": "2022-04-01 14:49:50", "distance (en metres)": 1426.88, "station": "VOLTAIRE-LEON BLUM.", "marker-color": "#818181"}}, {"type": "Feature", "geometry": {"type": "Point", "coordinates": [2.379648, 48.859039]}, "properties": {"numparc": 631, "etat de la localisation": "autre", "ID BDGEO": "708", "horodatage": "2022-04-01 14:50:05", "distance (en metres)": 162.21, "station": "VOLTAIRE-LEON BLUM", "marker-color": "#818181"}}, {"type": "Feature", "geometry": {"type": "Point", "coordinates": [2.331002, 48.860577]}, "properties": {"numparc": 637, "etat de la localisation": "autre", "ID BDGEO": "10829", "horodatage": "2022-04-01 14:50:31", "distance (en metres)": 3679.31, "station": "VOLTAIRE-LEON BLUM.", "marker-color": "#818181"}}, {"type": "Feature", "geometry": {"type": "Point", "coordinates": [2.303969, 48.858971]}, "properties": {"numparc": 634, "etat de la localisation": "autre", "ID BDGEO": "10829", "horodatage": "2022-04-01 14:50:47", "distance (en metres)": 5645.99, "station": "VOLTAIRE-LEON BLUM.", "marker-color": "#818181"}}, {"type": "Feature", "geometry": {"type": "Point", "coordinates": [2.400049, 48.865173]}, "properties": {"numparc": 628, "etat de la localisation": "autre", "ID BDGEO": "3196", "horodatage": "2022-04-01 14:51:12", "distance (en metres)": 82.59, "station": "GAMBETTA-MAIRIE DU 20EME.", "marker-color": "#818181"}}, {"type": "Feature", "geometry": {"type": "Point", "coordinates": [2.325361, 48.855671]}, "properties": {"numparc": 636, "etat de la localisation": "autre", "ID BDGEO": "2637", "horodatage": "2022-04-01 14:51:15", "distance (en metres)": 3115.53, "station": "BASTILLE-RUE SAINT-ANTOINE", "marker-color": "#818181"}}, {"type": "Feature", "geometry": {"type": "Point", "coordinates": [2.333822, 48.859924]}, "properties": {"numparc": 637, "etat de la localisation": "autre", "ID BDGEO": "10829", "horodatage": "2022-04-01 14:51:22", "distance (en metres)": 3468.22, "station": "VOLTAIRE-LEON BLUM.", "marker-color": "#818181"}}, {"type": "Feature", "geometry": {"type": "Point", "coordinates": [2.348418, 48.856796]}, "properties": {"numparc": 620, "etat de la localisation": "autre", "ID BDGEO": "10829", "horodatage": "2022-04-01 14:51:23", "distance (en metres)": 2395.83, "station": "VOLTAIRE-LEON BLUM.", "marker-color": "#818181"}}, {"type": "Feature", "geometry": {"type": "Point", "coordinates": [2.377513, 48.860092]}, "properties": {"numparc": 631, "etat de la localisation": "autre", "ID BDGEO": "708", "horodatage": "2022-04-01 14:51:27", "distance (en metres)": 343.93, "station": "VOLTAIRE-LEON BLUM", "marker-color": "#818181"}}, {"type": "Feature", "geometry": {"type": "Point", "coordinates": [2.400112, 48.864956]}, "properties": {"numparc": 628, "etat de la localisation": "autre", "ID BDGEO": "3196", "horodatage": "2022-04-01 14:51:47", "distance (en metres)": 102.31, "station": "GAMBETTA-MAIRIE DU 20EME.", "marker-color": "#818181"}}, {"type": "Feature", "geometry": {"type": "Point", "coordinates": [2.307165, 48.859612]}, "properties": {"numparc": 634, "etat de la localisation": "autre", "ID BDGEO": "10829", "horodatage": "2022-04-01 14:52:02", "distance (en metres)": 5414.29, "station": "VOLTAIRE-LEON BLUM.", "marker-color": "#818181"}}, {"type": "Feature", "geometry": {"type": "Point", "coordinates": [2.338396, 48.859127]}, "properties": {"numparc": 637, "etat de la localisation": "autre", "ID BDGEO": "10829", "horodatage": "2022-04-01 14:52:24", "distance (en metres)": 3129.19, "station": "VOLTAIRE-LEON BLUM.", "marker-color": "#818181"}}, {"type": "Feature", "geometry": {"type": "Point", "coordinates": [2.310766, 48.859879]}, "properties": {"numparc": 634, "etat de la localisation": "autre", "ID BDGEO": "10829", "horodatage": "2022-04-01 14:53:06", "distance (en metres)": 5152.22, "station": "VOLTAIRE-LEON BLUM.", "marker-color": "#818181"}}, {"type": "Feature", "geometry": {"type": "Point", "coordinates": [2.368115, 48.853256]}, "properties": {"numparc": 622, "etat de la localisation": "autre", "ID BDGEO": "10829", "horodatage": "2022-04-01 14:53:25", "distance (en metres)": 1080.89, "station": "VOLTAIRE-LEON BLUM.", "marker-color": "#818181"}}, {"type": "Feature", "geometry": {"type": "Point", "coordinates": [2.350332, 48.856144]}, "properties": {"numparc": 620, "etat de la localisation": "autre", "ID BDGEO": "10829", "horodatage": "2022-04-01 14:53:26", "distance (en metres)": 2260.96, "station": "VOLTAIRE-LEON BLUM.", "marker-color": "#818181"}}, {"type": "Feature", "geometry": {"type": "Point", "coordinates": [2.34145, 48.858631]}, "properties": {"numparc": 637, "etat de la localisation": "autre", "ID BDGEO": "10829", "horodatage": "2022-04-01 14:53:34", "distance (en metres)": 2903.89, "station": "VOLTAIRE-LEON BLUM.", "marker-color": "#818181"}}, {"type": "Feature", "geometry": {"type": "Point", "coordinates": [2.399968, 48.865276]}, "properties": {"numparc": 632, "etat de la localisation": "autre", "ID BDGEO": "3196", "horodatage": "2022-04-01 14:53:41", "distance (en metres)": 71.1, "station": "GAMBETTA-MAIRIE DU 20EME.", "marker-color": "#818181"}}, {"type": "Feature", "geometry": {"type": "Point", "coordinates": [2.371225, 48.857899]}, "properties": {"numparc": 631, "etat de la localisation": "autre", "ID BDGEO": "705", "horodatage": "2022-04-01 14:53:44", "distance (en metres)": 378.87, "station": "BREGUET-SABIN", "marker-color": "#818181"}}, {"type": "Feature", "geometry": {"type": "Point", "coordinates": [2.314472, 48.859921]}, "properties": {"numparc": 634, "etat de la localisation": "autre", "ID BDGEO": "10829", "horodatage": "2022-04-01 14:54:34", "distance (en metres)": 4881.59, "station": "VOLTAIRE-LEON BLUM.", "marker-color": "#818181"}}, {"type": "Feature", "geometry": {"type": "Point", "coordinates": [2.320597, 48.856548]}, "properties": {"numparc": 636, "etat de la localisation": "autre", "ID BDGEO": "2637", "horodatage": "2022-04-01 14:54:46", "distance (en metres)": 3471.76, "station": "BASTILLE-RUE SAINT-ANTOINE", "marker-color": "#818181"}}, {"type": "Feature", "geometry": {"type": "Point", "coordinates": [2.388954, 48.860245]}, "properties": {"numparc": 621, "etat de la localisation": "autre", "ID BDGEO": "655", "horodatage": "2022-04-01 14:55:25", "distance (en metres)": 187.55, "station": "ROQUETTE-PERE LACHAISE", "marker-color": "#818181"}}, {"type": "Feature", "geometry": {"type": "Point", "coordinates": [2.317008, 48.857647]}, "properties": {"numparc": 636, "etat de la localisation": "autre", "ID BDGEO": "2637", "horodatage": "2022-04-01 14:55:43", "distance (en metres)": 3746.81, "station": "BASTILLE-RUE SAINT-ANTOINE", "marker-color": "#818181"}}, {"type": "Feature", "geometry": {"type": "Point", "coordinates": [2.380987, 48.857906]}, "properties": {"numparc": 629, "etat de la localisation": "autre", "ID BDGEO": "708", "horodatage": "2022-04-01 14:55:47", "distance (en metres)": 46.04, "station": "VOLTAIRE-LEON BLUM", "marker-color": "#818181"}}, {"type": "Feature", "geometry": {"type": "Point", "coordinates": [2.399968, 48.865276]}, "properties": {"numparc": 632, "etat de la localisation": "autre", "ID BDGEO": "3196", "horodatage": "2022-04-01 14:56:12", "distance (en metres)": 71.1, "station": "GAMBETTA-MAIRIE DU 20EME.", "marker-color": "#818181"}}, {"type": "Feature", "geometry": {"type": "Point", "coordinates": [2.370787, 48.853603]}, "properties": {"numparc": 622, "etat de la localisation": "autre", "ID BDGEO": "10829", "horodatage": "2022-04-01 14:56:13", "distance (en metres)": 892.37, "station": "VOLTAIRE-LEON BLUM.", "marker-color": "#818181"}}, {"type": "Feature", "geometry": {"type": "Point", "coordinates": [2.356067, 48.855824]}, "properties": {"numparc": 620, "etat de la localisation": "autre", "ID BDGEO": "10829", "horodatage": "2022-04-01 14:56:19", "distance (en metres)": 1847.27, "station": "VOLTAIRE-LEON BLUM.", "marker-color": "#818181"}}, {"type": "Feature", "geometry": {"type": "Point", "coordinates": [2.348483, 48.856804]}, "properties": {"numparc": 637, "etat de la localisation": "autre", "ID BDGEO": "10829", "horodatage": "2022-04-01 14:56:36", "distance (en metres)": 2391.03, "station": "VOLTAIRE-LEON BLUM.", "marker-color": "#818181"}}, {"type": "Feature", "geometry": {"type": "Point", "coordinates": [2.319952, 48.859253]}, "properties": {"numparc": 634, "etat de la localisation": "autre", "ID BDGEO": "10829", "horodatage": "2022-04-01 14:56:43", "distance (en metres)": 4478.02, "station": "VOLTAIRE-LEON BLUM.", "marker-color": "#818181"}}, {"type": "Feature", "geometry": {"type": "Point", "coordinates": [2.38777, 48.862469]}, "properties": {"numparc": 621, "etat de la localisation": "autre", "ID BDGEO": "653", "horodatage": "2022-04-01 14:56:57", "distance (en metres)": 79.36, "station": "AUGUSTE METIVIER", "marker-color": "#818181"}}, {"type": "Feature", "geometry": {"type": "Point", "coordinates": [2.350288, 48.856163]}, "properties": {"numparc": 637, "etat de la localisation": "autre", "ID BDGEO": "10829", "horodatage": "2022-04-01 14:57:55", "distance (en metres)": 2264.0, "station": "VOLTAIRE-LEON BLUM.", "marker-color": "#818181"}}, {"type": "Feature", "geometry": {"type": "Point", "coordinates": [2.309684, 48.857964]}, "properties": {"numparc": 636, "etat de la localisation": "autre", "ID BDGEO": "2637", "horodatage": "2022-04-01 14:58:12", "distance (en metres)": 4282.82, "station": "BASTILLE-RUE SAINT-ANTOINE", "marker-color": "#818181"}}, {"type": "Feature", "geometry": {"type": "Point", "coordinates": [2.323626, 48.857807]}, "properties": {"numparc": 634, "etat de la localisation": "autre", "ID BDGEO": "10829", "horodatage": "2022-04-01 14:58:34", "distance (en metres)": 4206.62, "station": "VOLTAIRE-LEON BLUM.", "marker-color": "#818181"}}, {"type": "Feature", "geometry": {"type": "Point", "coordinates": [2.362229, 48.854778]}, "properties": {"numparc": 620, "etat de la localisation": "autre", "ID BDGEO": "10829", "horodatage": "2022-04-01 14:58:35", "distance (en metres)": 1424.38, "station": "VOLTAIRE-LEON BLUM.", "marker-color": "#818181"}}, {"type": "Feature", "geometry": {"type": "Point", "coordinates": [2.37545, 48.855949]}, "properties": {"numparc": 622, "etat de la localisation": "autre", "ID BDGEO": "10829", "horodatage": "2022-04-01 14:58:40", "distance (en metres)": 466.51, "station": "VOLTAIRE-LEON BLUM.", "marker-color": "#818181"}}, {"type": "Feature", "geometry": {"type": "Point", "coordinates": [2.296699, 48.855068]}, "properties": {"numparc": 625, "etat de la localisation": "autre", "ID BDGEO": "10829", "horodatage": "2022-04-01 14:58:41", "distance (en metres)": 6184.53, "station": "VOLTAIRE-LEON BLUM.", "marker-color": "#818181"}}, {"type": "Feature", "geometry": {"type": "Point", "coordinates": [2.323626, 48.857807]}, "properties": {"numparc": 634, "etat de la localisation": "autre", "ID BDGEO": "10829", "horodatage": "2022-04-01 14:59:00", "distance (en metres)": 4206.62, "station": "VOLTAIRE-LEON BLUM.", "marker-color": "#818181"}}, {"type": "Feature", "geometry": {"type": "Point", "coordinates": [2.306221, 48.857712]}, "properties": {"numparc": 636, "etat de la localisation": "autre", "ID BDGEO": "2637", "horodatage": "2022-04-01 14:59:14", "distance (en metres)": 4531.29, "station": "BASTILLE-RUE SAINT-ANTOINE", "marker-color": "#818181"}}, {"type": "Feature", "geometry": {"type": "Point", "coordinates": [2.377706, 48.860123]}, "properties": {"numparc": 629, "etat de la localisation": "autre", "ID BDGEO": "708", "horodatage": "2022-04-01 15:00:00", "distance (en metres)": 337.98, "station": "VOLTAIRE-LEON BLUM", "marker-color": "#818181"}}, {"type": "Feature", "geometry": {"type": "Point", "coordinates": [2.355972, 48.855843]}, "properties": {"numparc": 637, "etat de la localisation": "autre", "ID BDGEO": "10829", "horodatage": "2022-04-01 15:00:16", "distance (en metres)": 1853.9, "station": "VOLTAIRE-LEON BLUM.", "marker-color": "#818181"}}, {"type": "Feature", "geometry": {"type": "Point", "coordinates": [2.378357, 48.856983]}, "properties": {"numparc": 622, "etat de la localisation": "autre", "ID BDGEO": "10829", "horodatage": "2022-04-01 15:00:16", "distance (en metres)": 224.88, "station": "VOLTAIRE-LEON BLUM.", "marker-color": "#818181"}}, {"type": "Feature", "geometry": {"type": "Point", "coordinates": [2.326447, 48.856224]}, "properties": {"numparc": 634, "etat de la localisation": "autre", "ID BDGEO": "10829", "horodatage": "2022-04-01 15:00:34", "distance (en metres)": 4004.44, "station": "VOLTAIRE-LEON BLUM.", "marker-color": "#818181"}}, {"type": "Feature", "geometry": {"type": "Point", "coordinates": [2.365294, 48.853848]}, "properties": {"numparc": 631, "etat de la localisation": "autre", "ID BDGEO": "2637", "horodatage": "2022-04-01 15:00:37", "distance (en metres)": 193.09, "station": "BASTILLE-RUE SAINT-ANTOINE", "marker-color": "#818181"}}, {"type": "Feature", "geometry": {"type": "Point", "coordinates": [2.388236, 48.863083]}, "properties": {"numparc": 628, "etat de la localisation": "autre", "ID BDGEO": "711", "horodatage": "2022-04-01 15:00:47", "distance (en metres)": 82.48, "station": "PERE LACHAISE", "marker-color": "#818181"}}, {"type": "Feature", "geometry": {"type": "Point", "coordinates": [2.36551, 48.853725]}, "properties": {"numparc": 620, "etat de la localisation": "autre", "ID BDGEO": "10829", "horodatage": "2022-04-01 15:01:00", "distance (en metres)": 1231.57, "station": "VOLTAIRE-LEON BLUM.", "marker-color": "#818181"}}, {"type": "Feature", "geometry": {"type": "Point", "coordinates": [2.300062, 48.857304]}, "properties": {"numparc": 625, "etat de la localisation": "autre", "ID BDGEO": "10829", "horodatage": "2022-04-01 15:01:15", "distance (en metres)": 5930.89, "station": "VOLTAIRE-LEON BLUM.", "marker-color": "#818181"}}, {"type": "Feature", "geometry": {"type": "Point", "coordinates": [2.303872, 48.856949]}, "properties": {"numparc": 636, "etat de la localisation": "autre", "ID BDGEO": "2637", "horodatage": "2022-04-01 15:01:18", "distance (en metres)": 4694.06, "station": "BASTILLE-RUE SAINT-ANTOINE", "marker-color": "#818181"}}, {"type": "Feature", "geometry": {"type": "Point", "coordinates": [2.302626, 48.856133]}, "properties": {"numparc": 623, "etat de la localisation": "autre", "ID BDGEO": "681", "horodatage": "2022-04-01 15:01:55", "distance (en metres)": 555.52, "station": "INVALIDES-LA TOUR MAUBOURG", "marker-color": "#818181"}}, {"type": "Feature", "geometry": {"type": "Point", "coordinates": [2.362174, 48.85479]}, "properties": {"numparc": 637, "etat de la localisation": "autre", "ID BDGEO": "10829", "horodatage": "2022-04-01 15:02:31", "distance (en metres)": 1427.99, "station": "VOLTAIRE-LEON BLUM.", "marker-color": "#818181"}}, {"type": "Feature", "geometry": {"type": "Point", "coordinates": [2.374815, 48.859142]}, "properties": {"numparc": 629, "etat de la localisation": "autre", "ID BDGEO": "707", "horodatage": "2022-04-01 15:02:33", "distance (en metres)": 356.93, "station": "POPINCOURT", "marker-color": "#818181"}}, {"type": "Feature", "geometry": {"type": "Point", "coordinates": [2.362174, 48.85479]}, "properties": {"numparc": 637, "etat de la localisation": "autre", "ID BDGEO": "10829", "horodatage": "2022-04-01 15:02:36", "distance (en metres)": 1427.99, "station": "VOLTAIRE-LEON BLUM.", "marker-color": "#818181"}}, {"type": "Feature", "geometry": {"type": "Point", "coordinates": [2.362105, 48.854954]}, "properties": {"numparc": 631, "etat de la localisation": "autre", "ID BDGEO": "2637", "horodatage": "2022-04-01 15:02:37", "distance (en metres)": 455.54, "station": "BASTILLE-RUE SAINT-ANTOINE", "marker-color": "#818181"}}, {"type": "Feature", "geometry": {"type": "Point", "coordinates": [2.304021, 48.858932]}, "properties": {"numparc": 625, "etat de la localisation": "autre", "ID BDGEO": "10829", "horodatage": "2022-04-01 15:03:06", "distance (en metres)": 5642.1, "station": "VOLTAIRE-LEON BLUM.", "marker-color": "#818181"}}, {"type": "Feature", "geometry": {"type": "Point", "coordinates": [2.38503, 48.86755]}, "properties": {"numparc": 621, "etat de la localisation": "Deviation programmee", "ID BDGEO": "711", "horodatage": "2022-04-01 15:03:08", "distance (en metres)": 599.87, "station": "PERE LACHAISE", "marker-color": "#56FF93"}}, {"type": "Feature", "geometry": {"type": "Point", "coordinates": [2.329025, 48.858982]}, "properties": {"numparc": 634, "etat de la localisation": "autre", "ID BDGEO": "10829", "horodatage": "2022-04-01 15:03:13", "distance (en metres)": 3813.63, "station": "VOLTAIRE-LEON BLUM.", "marker-color": "#818181"}}, {"type": "Feature", "geometry": {"type": "Point", "coordinates": [2.329025, 48.858982]}, "properties": {"numparc": 634, "etat de la localisation": "autre", "ID BDGEO": "10829", "horodatage": "2022-04-01 15:03:16", "distance (en metres)": 3813.63, "station": "VOLTAIRE-LEON BLUM.", "marker-color": "#818181"}}, {"type": "Feature", "geometry": {"type": "Point", "coordinates": [2.357524, 48.856083]}, "properties": {"numparc": 631, "etat de la localisation": "autre", "ID BDGEO": "2637", "horodatage": "2022-04-01 15:03:48", "distance (en metres)": 813.06, "station": "BASTILLE-RUE SAINT-ANTOINE", "marker-color": "#818181"}}, {"type": "Feature", "geometry": {"type": "Point", "coordinates": [2.299542, 48.857388]}, "properties": {"numparc": 636, "etat de la localisation": "autre", "ID BDGEO": "2637", "horodatage": "2022-04-01 15:04:00", "distance (en metres)": 5013.94, "station": "BASTILLE-RUE SAINT-ANTOINE", "marker-color": "#818181"}}, {"type": "Feature", "geometry": {"type": "Point", "coordinates": [2.399968, 48.865276]}, "properties": {"numparc": 632, "etat de la localisation": "autre", "ID BDGEO": "3196", "horodatage": "2022-04-01 15:04:03", "distance (en metres)": 71.1, "station": "GAMBETTA-MAIRIE DU 20EME.", "marker-color": "#818181"}}, {"type": "Feature", "geometry": {"type": "Point", "coordinates": [2.307214, 48.859631]}, "properties": {"numparc": 625, "etat de la localisation": "autre", "ID BDGEO": "10829", "horodatage": "2022-04-01 15:04:10", "distance (en metres)": 5410.78, "station": "VOLTAIRE-LEON BLUM.", "marker-color": "#818181"}}, {"type": "Feature", "geometry": {"type": "Point", "coordinates": [2.370715, 48.853691]}, "properties": {"numparc": 620, "etat de la localisation": "autre", "ID BDGEO": "10829", "horodatage": "2022-04-01 15:04:26", "distance (en metres)": 891.73, "station": "VOLTAIRE-LEON BLUM.", "marker-color": "#818181"}}, {"type": "Feature", "geometry": {"type": "Point", "coordinates": [2.365526, 48.85376]}, "properties": {"numparc": 637, "etat de la localisation": "autre", "ID BDGEO": "10829", "horodatage": "2022-04-01 15:04:34", "distance (en metres)": 1229.06, "station": "VOLTAIRE-LEON BLUM.", "marker-color": "#818181"}}, {"type": "Feature", "geometry": {"type": "Point", "coordinates": [2.2962, 48.855095]}, "properties": {"numparc": 623, "etat de la localisation": "autre", "ID BDGEO": "10829", "horodatage": "2022-04-01 15:04:34", "distance (en metres)": 6220.84, "station": "VOLTAIRE-LEON BLUM.", "marker-color": "#818181"}}, {"type": "Feature", "geometry": {"type": "Point", "coordinates": [2.371268, 48.857906]}, "properties": {"numparc": 629, "etat de la localisation": "autre", "ID BDGEO": "705", "horodatage": "2022-04-01 15:04:36", "distance (en metres)": 379.15, "station": "BREGUET-SABIN", "marker-color": "#818181"}}, {"type": "Feature", "geometry": {"type": "Point", "coordinates": [2.296285, 48.855194]}, "properties": {"numparc": 636, "etat de la localisation": "autre", "ID BDGEO": "10829", "horodatage": "2022-04-01 15:05:08", "distance (en metres)": 6214.1, "station": "VOLTAIRE-LEON BLUM.", "marker-color": "#818181"}}, {"type": "Feature", "geometry": {"type": "Point", "coordinates": [2.371758, 48.854572]}, "properties": {"numparc": 620, "etat de la localisation": "autre", "ID BDGEO": "10829", "horodatage": "2022-04-01 15:05:12", "distance (en metres)": 776.83, "station": "VOLTAIRE-LEON BLUM.", "marker-color": "#818181"}}, {"type": "Feature", "geometry": {"type": "Point", "coordinates": [2.368536, 48.857059]}, "properties": {"numparc": 629, "etat de la localisation": "autre", "ID BDGEO": "705", "horodatage": "2022-04-01 15:05:46", "distance (en metres)": 385.2, "station": "BREGUET-SABIN", "marker-color": "#818181"}}, {"type": "Feature", "geometry": {"type": "Point", "coordinates": [2.400072, 48.86499]}, "properties": {"numparc": 632, "etat de la localisation": "autre", "ID BDGEO": "3196", "horodatage": "2022-04-01 15:05:46", "distance (en metres)": 97.53, "station": "GAMBETTA-MAIRIE DU 20EME.", "marker-color": "#818181"}}, {"type": "Feature", "geometry": {"type": "Point", "coordinates": [2.310728, 48.85994]}, "properties": {"numparc": 625, "etat de la localisation": "autre", "ID BDGEO": "10829", "horodatage": "2022-04-01 15:05:51", "distance (en metres)": 5155.29, "station": "VOLTAIRE-LEON BLUM.", "marker-color": "#818181"}}, {"type": "Feature", "geometry": {"type": "Point", "coordinates": [2.400095, 48.864956]}, "properties": {"numparc": 632, "etat de la localisation": "autre", "ID BDGEO": "3196", "horodatage": "2022-04-01 15:06:00", "distance (en metres)": 101.47, "station": "GAMBETTA-MAIRIE DU 20EME.", "marker-color": "#818181"}}, {"type": "Feature", "geometry": {"type": "Point", "coordinates": [2.368065, 48.853302]}, "properties": {"numparc": 637, "etat de la localisation": "autre", "ID BDGEO": "10829", "horodatage": "2022-04-01 15:06:09", "distance (en metres)": 1081.71, "station": "VOLTAIRE-LEON BLUM.", "marker-color": "#818181"}}, {"type": "Feature", "geometry": {"type": "Point", "coordinates": [2.385219, 48.862259]}, "properties": {"numparc": 628, "etat de la localisation": "autre", "ID BDGEO": "711", "horodatage": "2022-04-01 15:06:17", "distance (en metres)": 180.32, "station": "PERE LACHAISE", "marker-color": "#818181"}}, {"type": "Feature", "geometry": {"type": "Point", "coordinates": [2.35069, 48.857769]}, "properties": {"numparc": 631, "etat de la localisation": "autre", "ID BDGEO": "2637", "horodatage": "2022-04-01 15:06:22", "distance (en metres)": 1346.84, "station": "BASTILLE-RUE SAINT-ANTOINE", "marker-color": "#818181"}}, {"type": "Feature", "geometry": {"type": "Point", "coordinates": [2.296185, 48.855129]}, "properties": {"numparc": 636, "etat de la localisation": "autre", "ID BDGEO": "10829", "horodatage": "2022-04-01 15:06:33", "distance (en metres)": 6221.75, "station": "VOLTAIRE-LEON BLUM.", "marker-color": "#818181"}}, {"type": "Feature", "geometry": {"type": "Point", "coordinates": [2.331074, 48.860527]}, "properties": {"numparc": 634, "etat de la localisation": "autre", "ID BDGEO": "10829", "horodatage": "2022-04-01 15:06:49", "distance (en metres)": 3673.62, "station": "VOLTAIRE-LEON BLUM.", "marker-color": "#818181"}}, {"type": "Feature", "geometry": {"type": "Point", "coordinates": [2.375352, 48.856068]}, "properties": {"numparc": 620, "etat de la localisation": "autre", "ID BDGEO": "10829", "horodatage": "2022-04-01 15:06:54", "distance (en metres)": 467.14, "station": "VOLTAIRE-LEON BLUM.", "marker-color": "#818181"}}, {"type": "Feature", "geometry": {"type": "Point", "coordinates": [2.296642, 48.855106]}, "properties": {"numparc": 623, "etat de la localisation": "autre", "ID BDGEO": "10829", "horodatage": "2022-04-01 15:06:56", "distance (en metres)": 6188.48, "station": "VOLTAIRE-LEON BLUM.", "marker-color": "#818181"}}, {"type": "Feature", "geometry": {"type": "Point", "coordinates": [2.334013, 48.859882]}, "properties": {"numparc": 634, "etat de la localisation": "autre", "ID BDGEO": "10829", "horodatage": "2022-04-01 15:07:43", "distance (en metres)": 3453.98, "station": "VOLTAIRE-LEON BLUM.", "marker-color": "#818181"}}, {"type": "Feature", "geometry": {"type": "Point", "coordinates": [2.34883, 48.858353]}, "properties": {"numparc": 631, "etat de la localisation": "autre", "ID BDGEO": "2637", "horodatage": "2022-04-01 15:07:54", "distance (en metres)": 1497.3, "station": "BASTILLE-RUE SAINT-ANTOINE", "marker-color": "#818181"}}, {"type": "Feature", "geometry": {"type": "Point", "coordinates": [2.314523, 48.859928]}, "properties": {"numparc": 625, "etat de la localisation": "autre", "ID BDGEO": "10829", "horodatage": "2022-04-01 15:07:57", "distance (en metres)": 4877.9, "station": "VOLTAIRE-LEON BLUM.", "marker-color": "#818181"}}, {"type": "Feature", "geometry": {"type": "Point", "coordinates": [2.378287, 48.857044]}, "properties": {"numparc": 620, "etat de la localisation": "autre", "ID BDGEO": "10829", "horodatage": "2022-04-01 15:08:11", "distance (en metres)": 226.69, "station": "VOLTAIRE-LEON BLUM.", "marker-color": "#818181"}}, {"type": "Feature", "geometry": {"type": "Point", "coordinates": [2.370711, 48.853619]}, "properties": {"numparc": 637, "etat de la localisation": "autre", "ID BDGEO": "10829", "horodatage": "2022-04-01 15:08:58", "distance (en metres)": 896.18, "station": "VOLTAIRE-LEON BLUM.", "marker-color": "#818181"}}, {"type": "Feature", "geometry": {"type": "Point", "coordinates": [2.338598, 48.859074]}, "properties": {"numparc": 634, "etat de la localisation": "autre", "ID BDGEO": "10829", "horodatage": "2022-04-01 15:09:28", "distance (en metres)": 3114.17, "station": "VOLTAIRE-LEON BLUM.", "marker-color": "#818181"}}, {"type": "Feature", "geometry": {"type": "Point", "coordinates": [2.371815, 48.854485]}, "properties": {"numparc": 637, "etat de la localisation": "autre", "ID BDGEO": "10829", "horodatage": "2022-04-01 15:09:45", "distance (en metres)": 777.82, "station": "VOLTAIRE-LEON BLUM.", "marker-color": "#818181"}}, {"type": "Feature", "geometry": {"type": "Point", "coordinates": [2.385789, 48.859005]}, "properties": {"numparc": 622, "etat de la localisation": "autre", "ID BDGEO": "656", "horodatage": "2022-04-01 15:09:49", "distance (en metres)": 70.38, "station": "SAINT-MAUR-SERVAN", "marker-color": "#818181"}}, {"type": "Feature", "geometry": {"type": "Point", "coordinates": [2.319945, 48.859211]}, "properties": {"numparc": 625, "etat de la localisation": "autre", "ID BDGEO": "10829", "horodatage": "2022-04-01 15:10:05", "distance (en metres)": 4478.37, "station": "VOLTAIRE-LEON BLUM.", "marker-color": "#818181"}}, {"type": "Feature", "geometry": {"type": "Point", "coordinates": [2.392713, 48.864231]}, "properties": {"numparc": 632, "etat de la localisation": "autre", "ID BDGEO": "2960", "horodatage": "2022-04-01 15:10:36", "distance (en metres)": 61.79, "station": "MURIERS", "marker-color": "#818181"}}, {"type": "Feature", "geometry": {"type": "Point", "coordinates": [2.365278, 48.853901]}, "properties": {"numparc": 629, "etat de la localisation": "autre", "ID BDGEO": "2637", "horodatage": "2022-04-01 15:11:13", "distance (en metres)": 196.2, "station": "BASTILLE-RUE SAINT-ANTOINE", "marker-color": "#818181"}}, {"type": "Feature", "geometry": {"type": "Point", "coordinates": [2.380152, 48.858028]}, "properties": {"numparc": 628, "etat de la localisation": "Delocalise", "ID BDGEO": "708", "horodatage": "2022-04-01 15:11:26", "distance (en metres)": 44.62, "station": "VOLTAIRE-LEON BLUM", "marker-color": "#FF565E"}}, {"type": "Feature", "geometry": {"type": "Point", "coordinates": [2.34552, 48.859406]}, "properties": {"numparc": 631, "etat de la localisation": "autre", "ID BDGEO": "2637", "horodatage": "2022-04-01 15:11:34", "distance (en metres)": 1765.8, "station": "BASTILLE-RUE SAINT-ANTOINE", "marker-color": "#818181"}}, {"type": "Feature", "geometry": {"type": "Point", "coordinates": [2.341391, 48.858627]}, "properties": {"numparc": 634, "etat de la localisation": "autre", "ID BDGEO": "10829", "horodatage": "2022-04-01 15:11:40", "distance (en metres)": 2908.18, "station": "VOLTAIRE-LEON BLUM.", "marker-color": "#818181"}}, {"type": "Feature", "geometry": {"type": "Point", "coordinates": [2.296714, 48.855118]}, "properties": {"numparc": 623, "etat de la localisation": "autre", "ID BDGEO": "10829", "horodatage": "2022-04-01 15:11:56", "distance (en metres)": 6183.16, "station": "VOLTAIRE-LEON BLUM.", "marker-color": "#818181"}}, {"type": "Feature", "geometry": {"type": "Point", "coordinates": [2.323705, 48.857773]}, "properties": {"numparc": 625, "etat de la localisation": "autre", "ID BDGEO": "10829", "horodatage": "2022-04-01 15:12:28", "distance (en metres)": 4200.86, "station": "VOLTAIRE-LEON BLUM.", "marker-color": "#818181"}}, {"type": "Feature", "geometry": {"type": "Point", "coordinates": [2.344429, 48.859756]}, "properties": {"numparc": 631, "etat de la localisation": "autre", "ID BDGEO": "2637", "horodatage": "2022-04-01 15:12:40", "distance (en metres)": 1854.49, "station": "BASTILLE-RUE SAINT-ANTOINE", "marker-color": "#818181"}}, {"type": "Feature", "geometry": {"type": "Point", "coordinates": [2.39262, 48.869335]}, "properties": {"numparc": 621, "etat de la localisation": "Deviation programmee", "ID BDGEO": "712", "horodatage": "2022-04-01 15:12:58", "distance (en metres)": 534.28, "station": "MARTIN NADAUD", "marker-color": "#56FF93"}}, {"type": "Feature", "geometry": {"type": "Point", "coordinates": [2.300043, 48.857334]}, "properties": {"numparc": 623, "etat de la localisation": "autre", "ID BDGEO": "10829", "horodatage": "2022-04-01 15:13:04", "distance (en metres)": 5932.23, "station": "VOLTAIRE-LEON BLUM.", "marker-color": "#818181"}}, {"type": "Feature", "geometry": {"type": "Point", "coordinates": [2.378359, 48.856953]}, "properties": {"numparc": 637, "etat de la localisation": "autre", "ID BDGEO": "10829", "horodatage": "2022-04-01 15:13:06", "distance (en metres)": 226.23, "station": "VOLTAIRE-LEON BLUM.", "marker-color": "#818181"}}, {"type": "Feature", "geometry": {"type": "Point", "coordinates": [2.362141, 48.854977]}, "properties": {"numparc": 629, "etat de la localisation": "autre", "ID BDGEO": "2637", "horodatage": "2022-04-01 15:13:08", "distance (en metres)": 454.19, "station": "BASTILLE-RUE SAINT-ANTOINE", "marker-color": "#818181"}}, {"type": "Feature", "geometry": {"type": "Point", "coordinates": [2.326524, 48.856277]}, "properties": {"numparc": 625, "etat de la localisation": "autre", "ID BDGEO": "10829", "horodatage": "2022-04-01 15:13:35", "distance (en metres)": 3998.55, "station": "VOLTAIRE-LEON BLUM.", "marker-color": "#818181"}}, {"type": "Feature", "geometry": {"type": "Point", "coordinates": [2.348423, 48.856785]}, "properties": {"numparc": 634, "etat de la localisation": "autre", "ID BDGEO": "10829", "horodatage": "2022-04-01 15:13:47", "distance (en metres)": 2395.52, "station": "VOLTAIRE-LEON BLUM.", "marker-color": "#818181"}}, {"type": "Feature", "geometry": {"type": "Point", "coordinates": [2.348423, 48.856785]}, "properties": {"numparc": 634, "etat de la localisation": "autre", "ID BDGEO": "10829", "horodatage": "2022-04-01 15:14:12", "distance (en metres)": 2395.52, "station": "VOLTAIRE-LEON BLUM.", "marker-color": "#818181"}}, {"type": "Feature", "geometry": {"type": "Point", "coordinates": [2.357553, 48.856113]}, "properties": {"numparc": 629, "etat de la localisation": "autre", "ID BDGEO": "2637", "horodatage": "2022-04-01 15:14:14", "distance (en metres)": 812.4, "station": "BASTILLE-RUE SAINT-ANTOINE", "marker-color": "#818181"}}, {"type": "Feature", "geometry": {"type": "Point", "coordinates": [2.340137, 48.861191]}, "properties": {"numparc": 631, "etat de la localisation": "autre", "ID BDGEO": "2637", "horodatage": "2022-04-01 15:14:44", "distance (en metres)": 2205.9, "station": "BASTILLE-RUE SAINT-ANTOINE", "marker-color": "#818181"}}, {"type": "Feature", "geometry": {"type": "Point", "coordinates": [2.303988, 48.858963]}, "properties": {"numparc": 623, "etat de la localisation": "autre", "ID BDGEO": "10829", "horodatage": "2022-04-01 15:14:49", "distance (en metres)": 5644.58, "station": "VOLTAIRE-LEON BLUM.", "marker-color": "#818181"}}, {"type": "Feature", "geometry": {"type": "Point", "coordinates": [2.340028, 48.861225]}, "properties": {"numparc": 631, "etat de la localisation": "autre", "ID BDGEO": "2637", "horodatage": "2022-04-01 15:15:03", "distance (en metres)": 2214.73, "station": "BASTILLE-RUE SAINT-ANTOINE", "marker-color": "#818181"}}, {"type": "Feature", "geometry": {"type": "Point", "coordinates": [2.394062, 48.869862]}, "properties": {"numparc": 621, "etat de la localisation": "Deviation programmee", "ID BDGEO": "712", "horodatage": "2022-04-01 15:15:22", "distance (en metres)": 562.9, "station": "MARTIN NADAUD", "marker-color": "#56FF93"}}, {"type": "Feature", "geometry": {"type": "Point", "coordinates": [2.350294, 48.856133]}, "properties": {"numparc": 634, "etat de la localisation": "autre", "ID BDGEO": "10829", "horodatage": "2022-04-01 15:15:31", "distance (en metres)": 2263.83, "station": "VOLTAIRE-LEON BLUM.", "marker-color": "#818181"}}, {"type": "Feature", "geometry": {"type": "Point", "coordinates": [2.329049, 48.858978]}, "properties": {"numparc": 625, "etat de la localisation": "autre", "ID BDGEO": "10829", "horodatage": "2022-04-01 15:15:39", "distance (en metres)": 3811.86, "station": "VOLTAIRE-LEON BLUM.", "marker-color": "#818181"}}, {"type": "Feature", "geometry": {"type": "Point", "coordinates": [2.307186, 48.859615]}, "properties": {"numparc": 623, "etat de la localisation": "autre", "ID BDGEO": "10829", "horodatage": "2022-04-01 15:15:53", "distance (en metres)": 5412.78, "station": "VOLTAIRE-LEON BLUM.", "marker-color": "#818181"}}, {"type": "Feature", "geometry": {"type": "Point", "coordinates": [2.388283, 48.86311]}, "properties": {"numparc": 632, "etat de la localisation": "autre", "ID BDGEO": "711", "horodatage": "2022-04-01 15:16:24", "distance (en metres)": 86.79, "station": "PERE LACHAISE", "marker-color": "#818181"}}, {"type": "Feature", "geometry": {"type": "Point", "coordinates": [2.371207, 48.857841]}, "properties": {"numparc": 628, "etat de la localisation": "autre", "ID BDGEO": "705", "horodatage": "2022-04-01 15:16:29", "distance (en metres)": 372.86, "station": "BREGUET-SABIN", "marker-color": "#818181"}}, {"type": "Feature", "geometry": {"type": "Point", "coordinates": [2.350756, 48.857792]}, "properties": {"numparc": 629, "etat de la localisation": "autre", "ID BDGEO": "2637", "horodatage": "2022-04-01 15:16:59", "distance (en metres)": 1343.31, "station": "BASTILLE-RUE SAINT-ANTOINE", "marker-color": "#818181"}}, {"type": "Feature", "geometry": {"type": "Point", "coordinates": [2.356055, 48.855721]}, "properties": {"numparc": 634, "etat de la localisation": "autre", "ID BDGEO": "10829", "horodatage": "2022-04-01 15:17:28", "distance (en metres)": 1849.58, "station": "VOLTAIRE-LEON BLUM.", "marker-color": "#818181"}}, {"type": "Feature", "geometry": {"type": "Point", "coordinates": [2.310714, 48.859951]}, "properties": {"numparc": 623, "etat de la localisation": "autre", "ID BDGEO": "10829", "horodatage": "2022-04-01 15:17:36", "distance (en metres)": 5156.38, "station": "VOLTAIRE-LEON BLUM.", "marker-color": "#818181"}}, {"type": "Feature", "geometry": {"type": "Point", "coordinates": [2.368464, 48.857018]}, "properties": {"numparc": 628, "etat de la localisation": "autre", "ID BDGEO": "705", "horodatage": "2022-04-01 15:17:52", "distance (en metres)": 385.5, "station": "BREGUET-SABIN", "marker-color": "#818181"}}, {"type": "Feature", "geometry": {"type": "Point", "coordinates": [2.348904, 48.858368]}, "properties": {"numparc": 629, "etat de la localisation": "autre", "ID BDGEO": "2637", "horodatage": "2022-04-01 15:18:23", "distance (en metres)": 1492.94, "station": "BASTILLE-RUE SAINT-ANTOINE", "marker-color": "#818181"}}, {"type": "Feature", "geometry": {"type": "Point", "coordinates": [2.331104, 48.860546]}, "properties": {"numparc": 625, "etat de la localisation": "autre", "ID BDGEO": "10829", "horodatage": "2022-04-01 15:18:36", "distance (en metres)": 3671.6, "station": "VOLTAIRE-LEON BLUM.", "marker-color": "#818181"}}, {"type": "Feature", "geometry": {"type": "Point", "coordinates": [2.333723, 48.86087]}, "properties": {"numparc": 631, "etat de la localisation": "autre", "ID BDGEO": "2637", "horodatage": "2022-04-01 15:19:38", "distance (en metres)": 2631.23, "station": "BASTILLE-RUE SAINT-ANTOINE", "marker-color": "#818181"}}, {"type": "Feature", "geometry": {"type": "Point", "coordinates": [2.31448, 48.859951]}, "properties": {"numparc": 623, "etat de la localisation": "autre", "ID BDGEO": "10829", "horodatage": "2022-04-01 15:19:46", "distance (en metres)": 4881.16, "station": "VOLTAIRE-LEON BLUM.", "marker-color": "#818181"}}, {"type": "Feature", "geometry": {"type": "Point", "coordinates": [2.357985, 48.85535]}, "properties": {"numparc": 634, "etat de la localisation": "autre", "ID BDGEO": "10829", "horodatage": "2022-04-01 15:20:05", "distance (en metres)": 1715.87, "station": "VOLTAIRE-LEON BLUM.", "marker-color": "#818181"}}, {"type": "Feature", "geometry": {"type": "Point", "coordinates": [2.296185, 48.855129]}, "properties": {"numparc": 636, "etat de la localisation": "autre", "ID BDGEO": "10829", "horodatage": "2022-04-01 15:21:49", "distance (en metres)": 6221.75, "station": "VOLTAIRE-LEON BLUM.", "marker-color": "#818181"}}, {"type": "Feature", "geometry": {"type": "Point", "coordinates": [2.319907, 48.859203]}, "properties": {"numparc": 623, "etat de la localisation": "autre", "ID BDGEO": "10829", "horodatage": "2022-04-01 15:21:51", "distance (en metres)": 4481.12, "station": "VOLTAIRE-LEON BLUM.", "marker-color": "#818181"}}, {"type": "Feature", "geometry": {"type": "Point", "coordinates": [2.341429, 48.858646]}, "properties": {"numparc": 625, "etat de la localisation": "autre", "ID BDGEO": "10829", "horodatage": "2022-04-01 15:21:58", "distance (en metres)": 2905.47, "station": "VOLTAIRE-LEON BLUM.", "marker-color": "#818181"}}, {"type": "Feature", "geometry": {"type": "Point", "coordinates": [2.365196, 48.853882]}, "properties": {"numparc": 628, "etat de la localisation": "autre", "ID BDGEO": "2637", "horodatage": "2022-04-01 15:21:58", "distance (en metres)": 201.12, "station": "BASTILLE-RUE SAINT-ANTOINE", "marker-color": "#818181"}}, {"type": "Feature", "geometry": {"type": "Point", "coordinates": [2.331683, 48.858803]}, "properties": {"numparc": 631, "etat de la localisation": "autre", "ID BDGEO": "2637", "horodatage": "2022-04-01 15:22:11", "distance (en metres)": 2711.97, "station": "BASTILLE-RUE SAINT-ANTOINE", "marker-color": "#818181"}}, {"type": "Feature", "geometry": {"type": "Point", "coordinates": [2.387559, 48.862984]}, "properties": {"numparc": 632, "etat de la localisation": "autre", "ID BDGEO": "711", "horodatage": "2022-04-01 15:22:30", "distance (en metres)": 60.77, "station": "PERE LACHAISE", "marker-color": "#818181"}}, {"type": "Feature", "geometry": {"type": "Point", "coordinates": [2.344534, 48.859783]}, "properties": {"numparc": 629, "etat de la localisation": "autre", "ID BDGEO": "2637", "horodatage": "2022-04-01 15:22:41", "distance (en metres)": 1848.58, "station": "BASTILLE-RUE SAINT-ANTOINE", "marker-color": "#818181"}}, {"type": "Feature", "geometry": {"type": "Point", "coordinates": [2.327031, 48.860268]}, "properties": {"numparc": 631, "etat de la localisation": "autre", "ID BDGEO": "2637", "horodatage": "2022-04-01 15:23:22", "distance (en metres)": 3081.39, "station": "BASTILLE-RUE SAINT-ANTOINE", "marker-color": "#818181"}}, {"type": "Feature", "geometry": {"type": "Point", "coordinates": [2.362081, 48.854996]}, "properties": {"numparc": 628, "etat de la localisation": "autre", "ID BDGEO": "2637", "horodatage": "2022-04-01 15:23:41", "distance (en metres)": 459.05, "station": "BASTILLE-RUE SAINT-ANTOINE", "marker-color": "#818181"}}, {"type": "Feature", "geometry": {"type": "Point", "coordinates": [2.388923, 48.860287]}, "properties": {"numparc": 622, "etat de la localisation": "autre", "ID BDGEO": "655", "horodatage": "2022-04-01 15:23:48", "distance (en metres)": 186.44, "station": "ROQUETTE-PERE LACHAISE", "marker-color": "#818181"}}, {"type": "Feature", "geometry": {"type": "Point", "coordinates": [2.362001, 48.854782]}, "properties": {"numparc": 634, "etat de la localisation": "autre", "ID BDGEO": "10829", "horodatage": "2022-04-01 15:23:57", "distance (en metres)": 1440.49, "station": "VOLTAIRE-LEON BLUM.", "marker-color": "#818181"}}, {"type": "Feature", "geometry": {"type": "Point", "coordinates": [2.323667, 48.857769]}, "properties": {"numparc": 623, "etat de la localisation": "autre", "ID BDGEO": "10829", "horodatage": "2022-04-01 15:24:01", "distance (en metres)": 4203.63, "station": "VOLTAIRE-LEON BLUM.", "marker-color": "#818181"}}, {"type": "Feature", "geometry": {"type": "Point", "coordinates": [2.340158, 48.861221]}, "properties": {"numparc": 629, "etat de la localisation": "autre", "ID BDGEO": "2637", "horodatage": "2022-04-01 15:24:17", "distance (en metres)": 2205.85, "station": "BASTILLE-RUE SAINT-ANTOINE", "marker-color": "#818181"}}, {"type": "Feature", "geometry": {"type": "Point", "coordinates": [2.296679, 48.855042]}, "properties": {"numparc": 636, "etat de la localisation": "autre", "ID BDGEO": "10829", "horodatage": "2022-04-01 15:24:18", "distance (en metres)": 6186.14, "station": "VOLTAIRE-LEON BLUM.", "marker-color": "#818181"}}, {"type": "Feature", "geometry": {"type": "Point", "coordinates": [2.348475, 48.856831]}, "properties": {"numparc": 625, "etat de la localisation": "autre", "ID BDGEO": "10829", "horodatage": "2022-04-01 15:24:47", "distance (en metres)": 2391.48, "station": "VOLTAIRE-LEON BLUM.", "marker-color": "#818181"}}, {"type": "Feature", "geometry": {"type": "Point", "coordinates": [2.387098, 48.863251]}, "properties": {"numparc": 632, "etat de la localisation": "autre", "ID BDGEO": "711", "horodatage": "2022-04-01 15:24:47", "distance (en metres)": 99.14, "station": "PERE LACHAISE", "marker-color": "#818181"}}, {"type": "Feature", "geometry": {"type": "Point", "coordinates": [2.387761, 48.862495]}, "properties": {"numparc": 622, "etat de la localisation": "autre", "ID BDGEO": "653", "horodatage": "2022-04-01 15:24:50", "distance (en metres)": 76.96, "station": "AUGUSTE METIVIER", "marker-color": "#818181"}}, {"type": "Feature", "geometry": {"type": "Point", "coordinates": [2.323772, 48.860767]}, "properties": {"numparc": 631, "etat de la localisation": "autre", "ID BDGEO": "2637", "horodatage": "2022-04-01 15:25:06", "distance (en metres)": 3326.11, "station": "BASTILLE-RUE SAINT-ANTOINE", "marker-color": "#818181"}}, {"type": "Feature", "geometry": {"type": "Point", "coordinates": [2.326488, 48.856316]}, "properties": {"numparc": 623, "etat de la localisation": "autre", "ID BDGEO": "10829", "horodatage": "2022-04-01 15:25:20", "distance (en metres)": 4000.99, "station": "VOLTAIRE-LEON BLUM.", "marker-color": "#818181"}}, {"type": "Feature", "geometry": {"type": "Point", "coordinates": [2.299929, 48.857235]}, "properties": {"numparc": 636, "etat de la localisation": "autre", "ID BDGEO": "10829", "horodatage": "2022-04-01 15:25:43", "distance (en metres)": 5940.71, "station": "VOLTAIRE-LEON BLUM.", "marker-color": "#818181"}}, {"type": "Feature", "geometry": {"type": "Point", "coordinates": [2.357518, 48.856106]}, "properties": {"numparc": 628, "etat de la localisation": "autre", "ID BDGEO": "2637", "horodatage": "2022-04-01 15:25:54", "distance (en metres)": 814.44, "station": "BASTILLE-RUE SAINT-ANTOINE", "marker-color": "#818181"}}, {"type": "Feature", "geometry": {"type": "Point", "coordinates": [2.357518, 48.856106]}, "properties": {"numparc": 628, "etat de la localisation": "autre", "ID BDGEO": "2637", "horodatage": "2022-04-01 15:25:59", "distance (en metres)": 814.44, "station": "BASTILLE-RUE SAINT-ANTOINE", "marker-color": "#818181"}}, {"type": "Feature", "geometry": {"type": "Point", "coordinates": [2.350323, 48.856174]}, "properties": {"numparc": 625, "etat de la localisation": "autre", "ID BDGEO": "10829", "horodatage": "2022-04-01 15:26:07", "distance (en metres)": 2261.34, "station": "VOLTAIRE-LEON BLUM.", "marker-color": "#818181"}}, {"type": "Feature", "geometry": {"type": "Point", "coordinates": [2.365235, 48.853725]}, "properties": {"numparc": 634, "etat de la localisation": "autre", "ID BDGEO": "10829", "horodatage": "2022-04-01 15:26:18", "distance (en metres)": 1250.25, "station": "VOLTAIRE-LEON BLUM.", "marker-color": "#818181"}}, {"type": "Feature", "geometry": {"type": "Point", "coordinates": [2.335881, 48.862591]}, "properties": {"numparc": 629, "etat de la localisation": "autre", "ID BDGEO": "2637", "horodatage": "2022-04-01 15:26:26", "distance (en metres)": 2553.56, "station": "BASTILLE-RUE SAINT-ANTOINE", "marker-color": "#818181"}}, {"type": "Feature", "geometry": {"type": "Point", "coordinates": [2.335865, 48.862595]}, "properties": {"numparc": 629, "etat de la localisation": "autre", "ID BDGEO": "2637", "horodatage": "2022-04-01 15:26:46", "distance (en metres)": 2554.8, "station": "BASTILLE-RUE SAINT-ANTOINE", "marker-color": "#818181"}}, {"type": "Feature", "geometry": {"type": "Point", "coordinates": [2.323503, 48.858086]}, "properties": {"numparc": 631, "etat de la localisation": "autre", "ID BDGEO": "2637", "horodatage": "2022-04-01 15:26:52", "distance (en metres)": 3283.78, "station": "BASTILLE-RUE SAINT-ANTOINE", "marker-color": "#818181"}}, {"type": "Feature", "geometry": {"type": "Point", "coordinates": [2.368009, 48.853313]}, "properties": {"numparc": 634, "etat de la localisation": "autre", "ID BDGEO": "10829", "horodatage": "2022-04-01 15:27:25", "distance (en metres)": 1084.74, "station": "VOLTAIRE-LEON BLUM.", "marker-color": "#818181"}}, {"type": "Feature", "geometry": {"type": "Point", "coordinates": [2.328945, 48.85902]}, "properties": {"numparc": 623, "etat de la localisation": "autre", "ID BDGEO": "10829", "horodatage": "2022-04-01 15:27:32", "distance (en metres)": 3819.63, "station": "VOLTAIRE-LEON BLUM.", "marker-color": "#818181"}}, {"type": "Feature", "geometry": {"type": "Point", "coordinates": [2.325348, 48.855648]}, "properties": {"numparc": 631, "etat de la localisation": "autre", "ID BDGEO": "2637", "horodatage": "2022-04-01 15:27:58", "distance (en metres)": 3116.27, "station": "BASTILLE-RUE SAINT-ANTOINE", "marker-color": "#818181"}}, {"type": "Feature", "geometry": {"type": "Point", "coordinates": [2.303978, 48.858959]}, "properties": {"numparc": 636, "etat de la localisation": "autre", "ID BDGEO": "10829", "horodatage": "2022-04-01 15:28:18", "distance (en metres)": 5645.3, "station": "VOLTAIRE-LEON BLUM.", "marker-color": "#818181"}}, {"type": "Feature", "geometry": {"type": "Point", "coordinates": [2.388882, 48.860306]}, "properties": {"numparc": 620, "etat de la localisation": "autre", "ID BDGEO": "655", "horodatage": "2022-04-01 15:28:29", "distance (en metres)": 184.07, "station": "ROQUETTE-PERE LACHAISE", "marker-color": "#818181"}}, {"type": "Feature", "geometry": {"type": "Point", "coordinates": [2.388773, 48.860229]}, "properties": {"numparc": 637, "etat de la localisation": "autre", "ID BDGEO": "655", "horodatage": "2022-04-01 15:29:31", "distance (en metres)": 174.26, "station": "ROQUETTE-PERE LACHAISE", "marker-color": "#818181"}}, {"type": "Feature", "geometry": {"type": "Point", "coordinates": [2.320562, 48.856632]}, "properties": {"numparc": 631, "etat de la localisation": "autre", "ID BDGEO": "2637", "horodatage": "2022-04-01 15:29:55", "distance (en metres)": 3475.3, "station": "BASTILLE-RUE SAINT-ANTOINE", "marker-color": "#818181"}}, {"type": "Feature", "geometry": {"type": "Point", "coordinates": [2.307142, 48.859665]}, "properties": {"numparc": 636, "etat de la localisation": "autre", "ID BDGEO": "10829", "horodatage": "2022-04-01 15:29:56", "distance (en metres)": 5416.18, "station": "VOLTAIRE-LEON BLUM.", "marker-color": "#818181"}}, {"type": "Feature", "geometry": {"type": "Point", "coordinates": [2.370698, 48.8536]}, "properties": {"numparc": 634, "etat de la localisation": "autre", "ID BDGEO": "10829", "horodatage": "2022-04-01 15:30:01", "distance (en metres)": 898.11, "station": "VOLTAIRE-LEON BLUM.", "marker-color": "#818181"}}, {"type": "Feature", "geometry": {"type": "Point", "coordinates": [2.331652, 48.858772]}, "properties": {"numparc": 629, "etat de la localisation": "autre", "ID BDGEO": "2637", "horodatage": "2022-04-01 15:30:19", "distance (en metres)": 2713.41, "station": "BASTILLE-RUE SAINT-ANTOINE", "marker-color": "#818181"}}, {"type": "Feature", "geometry": {"type": "Point", "coordinates": [2.348784, 48.85836]}, "properties": {"numparc": 628, "etat de la localisation": "autre", "ID BDGEO": "2637", "horodatage": "2022-04-01 15:30:51", "distance (en metres)": 1500.74, "station": "BASTILLE-RUE SAINT-ANTOINE", "marker-color": "#818181"}}, {"type": "Feature", "geometry": {"type": "Point", "coordinates": [2.371806, 48.854454]}, "properties": {"numparc": 634, "etat de la localisation": "autre", "ID BDGEO": "10829", "horodatage": "2022-04-01 15:30:51", "distance (en metres)": 780.05, "station": "VOLTAIRE-LEON BLUM.", "marker-color": "#818181"}}, {"type": "Feature", "geometry": {"type": "Point", "coordinates": [2.327003, 48.860245]}, "properties": {"numparc": 629, "etat de la localisation": "autre", "ID BDGEO": "2637", "horodatage": "2022-04-01 15:31:34", "distance (en metres)": 3082.73, "station": "BASTILLE-RUE SAINT-ANTOINE", "marker-color": "#818181"}}, {"type": "Feature", "geometry": {"type": "Point", "coordinates": [2.36217, 48.854801]}, "properties": {"numparc": 625, "etat de la localisation": "autre", "ID BDGEO": "10829", "horodatage": "2022-04-01 15:31:40", "distance (en metres)": 1427.97, "station": "VOLTAIRE-LEON BLUM.", "marker-color": "#818181"}}, {"type": "Feature", "geometry": {"type": "Point", "coordinates": [2.310668, 48.859985]}, "properties": {"numparc": 636, "etat de la localisation": "autre", "ID BDGEO": "10829", "horodatage": "2022-04-01 15:31:43", "distance (en metres)": 5159.91, "station": "VOLTAIRE-LEON BLUM.", "marker-color": "#818181"}}, {"type": "Feature", "geometry": {"type": "Point", "coordinates": [2.375468, 48.855923]}, "properties": {"numparc": 634, "etat de la localisation": "autre", "ID BDGEO": "10829", "horodatage": "2022-04-01 15:32:13", "distance (en metres)": 466.69, "station": "VOLTAIRE-LEON BLUM.", "marker-color": "#818181"}}, {"type": "Feature", "geometry": {"type": "Point", "coordinates": [2.323787, 48.860718]}, "properties": {"numparc": 629, "etat de la localisation": "autre", "ID BDGEO": "2637", "horodatage": "2022-04-01 15:32:39", "distance (en metres)": 3323.67, "station": "BASTILLE-RUE SAINT-ANTOINE", "marker-color": "#818181"}}, {"type": "Feature", "geometry": {"type": "Point", "coordinates": [2.338545, 48.859154]}, "properties": {"numparc": 623, "etat de la localisation": "autre", "ID BDGEO": "10829", "horodatage": "2022-04-01 15:32:57", "distance (en metres)": 3118.44, "station": "VOLTAIRE-LEON BLUM.", "marker-color": "#818181"}}, {"type": "Feature", "geometry": {"type": "Point", "coordinates": [2.387758, 48.862507]}, "properties": {"numparc": 620, "etat de la localisation": "autre", "ID BDGEO": "653", "horodatage": "2022-04-01 15:33:19", "distance (en metres)": 75.92, "station": "AUGUSTE METIVIER", "marker-color": "#818181"}}, {"type": "Feature", "geometry": {"type": "Point", "coordinates": [2.378358, 48.856941]}, "properties": {"numparc": 634, "etat de la localisation": "autre", "ID BDGEO": "10829", "horodatage": "2022-04-01 15:33:24", "distance (en metres)": 226.88, "station": "VOLTAIRE-LEON BLUM.", "marker-color": "#818181"}}, {"type": "Feature", "geometry": {"type": "Point", "coordinates": [2.341426, 48.8587]}, "properties": {"numparc": 623, "etat de la localisation": "autre", "ID BDGEO": "10829", "horodatage": "2022-04-01 15:33:47", "distance (en metres)": 2905.88, "station": "VOLTAIRE-LEON BLUM.", "marker-color": "#818181"}}, {"type": "Feature", "geometry": {"type": "Point", "coordinates": [2.344407, 48.859737]}, "properties": {"numparc": 628, "etat de la localisation": "autre", "ID BDGEO": "2637", "horodatage": "2022-04-01 15:33:48", "distance (en metres)": 1855.15, "station": "BASTILLE-RUE SAINT-ANTOINE", "marker-color": "#818181"}}, {"type": "Feature", "geometry": {"type": "Point", "coordinates": [2.323473, 48.858074]}, "properties": {"numparc": 629, "etat de la localisation": "autre", "ID BDGEO": "2637", "horodatage": "2022-04-01 15:33:50", "distance (en metres)": 3285.74, "station": "BASTILLE-RUE SAINT-ANTOINE", "marker-color": "#818181"}}, {"type": "Feature", "geometry": {"type": "Point", "coordinates": [2.365396, 48.85379]}, "properties": {"numparc": 625, "etat de la localisation": "autre", "ID BDGEO": "10829", "horodatage": "2022-04-01 15:33:57", "distance (en metres)": 1236.65, "station": "VOLTAIRE-LEON BLUM.", "marker-color": "#818181"}}, {"type": "Feature", "geometry": {"type": "Point", "coordinates": [2.309442, 48.857998]}, "properties": {"numparc": 631, "etat de la localisation": "autre", "ID BDGEO": "2637", "horodatage": "2022-04-01 15:34:06", "distance (en metres)": 4300.86, "station": "BASTILLE-RUE SAINT-ANTOINE", "marker-color": "#818181"}}, {"type": "Feature", "geometry": {"type": "Point", "coordinates": [2.400069, 48.864983]}, "properties": {"numparc": 621, "etat de la localisation": "autre", "ID BDGEO": "3196", "horodatage": "2022-04-01 15:34:09", "distance (en metres)": 98.0, "station": "GAMBETTA-MAIRIE DU 20EME.", "marker-color": "#818181"}}, {"type": "Feature", "geometry": {"type": "Point", "coordinates": [2.319851, 48.859104]}, "properties": {"numparc": 636, "etat de la localisation": "autre", "ID BDGEO": "10829", "horodatage": "2022-04-01 15:34:18", "distance (en metres)": 4484.87, "station": "VOLTAIRE-LEON BLUM.", "marker-color": "#818181"}}, {"type": "Feature", "geometry": {"type": "Point", "coordinates": [2.387833, 48.862431]}, "properties": {"numparc": 637, "etat de la localisation": "autre", "ID BDGEO": "653", "horodatage": "2022-04-01 15:34:31", "distance (en metres)": 81.47, "station": "AUGUSTE METIVIER", "marker-color": "#818181"}}, {"type": "Feature", "geometry": {"type": "Point", "coordinates": [2.306107, 48.857773]}, "properties": {"numparc": 631, "etat de la localisation": "autre", "ID BDGEO": "2637", "horodatage": "2022-04-01 15:35:02", "distance (en metres)": 4540.32, "station": "BASTILLE-RUE SAINT-ANTOINE", "marker-color": "#818181"}}, {"type": "Feature", "geometry": {"type": "Point", "coordinates": [2.305989, 48.857765]}, "properties": {"numparc": 631, "etat de la localisation": "autre", "ID BDGEO": "2637", "horodatage": "2022-04-01 15:35:29", "distance (en metres)": 4548.81, "station": "BASTILLE-RUE SAINT-ANTOINE", "marker-color": "#818181"}}, {"type": "Feature", "geometry": {"type": "Point", "coordinates": [2.325475, 48.855701]}, "properties": {"numparc": 629, "etat de la localisation": "autre", "ID BDGEO": "2637", "horodatage": "2022-04-01 15:35:36", "distance (en metres)": 3107.51, "station": "BASTILLE-RUE SAINT-ANTOINE", "marker-color": "#818181"}}, {"type": "Feature", "geometry": {"type": "Point", "coordinates": [2.347939, 48.856991]}, "properties": {"numparc": 623, "etat de la localisation": "autre", "ID BDGEO": "10829", "horodatage": "2022-04-01 15:35:47", "distance (en metres)": 2429.87, "station": "VOLTAIRE-LEON BLUM.", "marker-color": "#818181"}}, {"type": "Feature", "geometry": {"type": "Point", "coordinates": [2.323642, 48.857708]}, "properties": {"numparc": 636, "etat de la localisation": "autre", "ID BDGEO": "10829", "horodatage": "2022-04-01 15:35:49", "distance (en metres)": 4205.49, "station": "VOLTAIRE-LEON BLUM.", "marker-color": "#818181"}}, {"type": "Feature", "geometry": {"type": "Point", "coordinates": [2.34011, 48.861183]}, "properties": {"numparc": 628, "etat de la localisation": "autre", "ID BDGEO": "2637", "horodatage": "2022-04-01 15:36:10", "distance (en metres)": 2207.38, "station": "BASTILLE-RUE SAINT-ANTOINE", "marker-color": "#818181"}}, {"type": "Feature", "geometry": {"type": "Point", "coordinates": [2.380033, 48.858315]}, "properties": {"numparc": 632, "etat de la localisation": "Delocalise", "ID BDGEO": "708", "horodatage": "2022-04-01 15:36:55", "distance (en metres)": 76.96, "station": "VOLTAIRE-LEON BLUM", "marker-color": "#FF565E"}}, {"type": "Feature", "geometry": {"type": "Point", "coordinates": [2.303754, 48.857002]}, "properties": {"numparc": 631, "etat de la localisation": "autre", "ID BDGEO": "2637", "horodatage": "2022-04-01 15:37:08", "distance (en metres)": 4703.18, "station": "BASTILLE-RUE SAINT-ANTOINE", "marker-color": "#818181"}}, {"type": "Feature", "geometry": {"type": "Point", "coordinates": [2.348395, 48.856857]}, "properties": {"numparc": 623, "etat de la localisation": "autre", "ID BDGEO": "10829", "horodatage": "2022-04-01 15:37:11", "distance (en metres)": 2397.17, "station": "VOLTAIRE-LEON BLUM.", "marker-color": "#818181"}}, {"type": "Feature", "geometry": {"type": "Point", "coordinates": [2.380097, 48.858253]}, "properties": {"numparc": 632, "etat de la localisation": "Delocalise", "ID BDGEO": "708", "horodatage": "2022-04-01 15:37:41", "distance (en metres)": 68.88, "station": "VOLTAIRE-LEON BLUM", "marker-color": "#FF565E"}}, {"type": "Feature", "geometry": {"type": "Point", "coordinates": [2.32651, 48.856228]}, "properties": {"numparc": 636, "etat de la localisation": "autre", "ID BDGEO": "10829", "horodatage": "2022-04-01 15:38:07", "distance (en metres)": 3999.82, "station": "VOLTAIRE-LEON BLUM.", "marker-color": "#818181"}}, {"type": "Feature", "geometry": {"type": "Point", "coordinates": [2.32651, 48.856228]}, "properties": {"numparc": 636, "etat de la localisation": "autre", "ID BDGEO": "10829", "horodatage": "2022-04-01 15:38:11", "distance (en metres)": 3999.82, "station": "VOLTAIRE-LEON BLUM.", "marker-color": "#818181"}}, {"type": "Feature", "geometry": {"type": "Point", "coordinates": [2.350285, 48.85619]}, "properties": {"numparc": 623, "etat de la localisation": "autre", "ID BDGEO": "10829", "horodatage": "2022-04-01 15:38:28", "distance (en metres)": 2263.96, "station": "VOLTAIRE-LEON BLUM.", "marker-color": "#818181"}}, {"type": "Feature", "geometry": {"type": "Point", "coordinates": [2.388236, 48.863113]}, "properties": {"numparc": 633, "etat de la localisation": "autre", "ID BDGEO": "711", "horodatage": "2022-04-01 15:38:42", "distance (en metres)": 85.43, "station": "PERE LACHAISE", "marker-color": "#818181"}}, {"type": "Feature", "geometry": {"type": "Point", "coordinates": [2.320596, 48.856609]}, "properties": {"numparc": 629, "etat de la localisation": "autre", "ID BDGEO": "2637", "horodatage": "2022-04-01 15:38:56", "distance (en metres)": 3472.54, "station": "BASTILLE-RUE SAINT-ANTOINE", "marker-color": "#818181"}}, {"type": "Feature", "geometry": {"type": "Point", "coordinates": [2.299694, 48.857632]}, "properties": {"numparc": 631, "etat de la localisation": "autre", "ID BDGEO": "2637", "horodatage": "2022-04-01 15:39:00", "distance (en metres)": 5005.39, "station": "BASTILLE-RUE SAINT-ANTOINE", "marker-color": "#818181"}}, {"type": "Feature", "geometry": {"type": "Point", "coordinates": [2.375487, 48.855911]}, "properties": {"numparc": 625, "etat de la localisation": "autre", "ID BDGEO": "10829", "horodatage": "2022-04-01 15:39:49", "distance (en metres)": 466.05, "station": "VOLTAIRE-LEON BLUM.", "marker-color": "#818181"}}, {"type": "Feature", "geometry": {"type": "Point", "coordinates": [2.316977, 48.857685]}, "properties": {"numparc": 629, "etat de la localisation": "autre", "ID BDGEO": "2637", "horodatage": "2022-04-01 15:40:26", "distance (en metres)": 3749.61, "station": "BASTILLE-RUE SAINT-ANTOINE", "marker-color": "#818181"}}, {"type": "Feature", "geometry": {"type": "Point", "coordinates": [2.296342, 48.855225]}, "properties": {"numparc": 631, "etat de la localisation": "autre", "ID BDGEO": "10829", "horodatage": "2022-04-01 15:40:30", "distance (en metres)": 6209.77, "station": "VOLTAIRE-LEON BLUM.", "marker-color": "#818181"}}, {"type": "Feature", "geometry": {"type": "Point", "coordinates": [2.378347, 48.856976]}, "properties": {"numparc": 625, "etat de la localisation": "autre", "ID BDGEO": "10829", "horodatage": "2022-04-01 15:41:14", "distance (en metres)": 225.9, "station": "VOLTAIRE-LEON BLUM.", "marker-color": "#818181"}}, {"type": "Feature", "geometry": {"type": "Point", "coordinates": [2.33572, 48.862625]}, "properties": {"numparc": 628, "etat de la localisation": "autre", "ID BDGEO": "2637", "horodatage": "2022-04-01 15:41:22", "distance (en metres)": 2565.87, "station": "BASTILLE-RUE SAINT-ANTOINE", "marker-color": "#818181"}}, {"type": "Feature", "geometry": {"type": "Point", "coordinates": [2.329014, 48.858971]}, "properties": {"numparc": 636, "etat de la localisation": "autre", "ID BDGEO": "10829", "horodatage": "2022-04-01 15:41:44", "distance (en metres)": 3814.39, "station": "VOLTAIRE-LEON BLUM.", "marker-color": "#818181"}}, {"type": "Feature", "geometry": {"type": "Point", "coordinates": [2.355313, 48.856007]}, "properties": {"numparc": 623, "etat de la localisation": "autre", "ID BDGEO": "10829", "horodatage": "2022-04-01 15:41:47", "distance (en metres)": 1899.7, "station": "VOLTAIRE-LEON BLUM.", "marker-color": "#818181"}}, {"type": "Feature", "geometry": {"type": "Point", "coordinates": [2.355773, 48.855942]}, "properties": {"numparc": 623, "etat de la localisation": "autre", "ID BDGEO": "10829", "horodatage": "2022-04-01 15:42:12", "distance (en metres)": 1867.07, "station": "VOLTAIRE-LEON BLUM.", "marker-color": "#818181"}}, {"type": "Feature", "geometry": {"type": "Point", "coordinates": [2.355865, 48.855927]}, "properties": {"numparc": 623, "etat de la localisation": "autre", "ID BDGEO": "10829", "horodatage": "2022-04-01 15:42:28", "distance (en metres)": 1860.57, "station": "VOLTAIRE-LEON BLUM.", "marker-color": "#818181"}}, {"type": "Feature", "geometry": {"type": "Point", "coordinates": [2.377778, 48.860104]}, "properties": {"numparc": 632, "etat de la localisation": "autre", "ID BDGEO": "708", "horodatage": "2022-04-01 15:43:01", "distance (en metres)": 333.15, "station": "VOLTAIRE-LEON BLUM", "marker-color": "#818181"}}, {"type": "Feature", "geometry": {"type": "Point", "coordinates": [2.385589, 48.867638]}, "properties": {"numparc": 620, "etat de la localisation": "Deviation programmee", "ID BDGEO": "711", "horodatage": "2022-04-01 15:43:10", "distance (en metres)": 597.42, "station": "PERE LACHAISE", "marker-color": "#56FF93"}}, {"type": "Feature", "geometry": {"type": "Point", "coordinates": [2.309739, 48.858017]}, "properties": {"numparc": 629, "etat de la localisation": "autre", "ID BDGEO": "2637", "horodatage": "2022-04-01 15:43:20", "distance (en metres)": 4279.55, "station": "BASTILLE-RUE SAINT-ANTOINE", "marker-color": "#818181"}}, {"type": "Feature", "geometry": {"type": "Point", "coordinates": [2.358062, 48.855572]}, "properties": {"numparc": 623, "etat de la localisation": "autre", "ID BDGEO": "10829", "horodatage": "2022-04-01 15:43:47", "distance (en metres)": 1706.46, "station": "VOLTAIRE-LEON BLUM.", "marker-color": "#818181"}}, {"type": "Feature", "geometry": {"type": "Point", "coordinates": [2.296203, 48.855125]}, "properties": {"numparc": 631, "etat de la localisation": "autre", "ID BDGEO": "10829", "horodatage": "2022-04-01 15:44:06", "distance (en metres)": 6220.46, "station": "VOLTAIRE-LEON BLUM.", "marker-color": "#818181"}}, {"type": "Feature", "geometry": {"type": "Point", "coordinates": [2.331092, 48.860538]}, "properties": {"numparc": 636, "etat de la localisation": "autre", "ID BDGEO": "10829", "horodatage": "2022-04-01 15:44:10", "distance (en metres)": 3672.42, "station": "VOLTAIRE-LEON BLUM.", "marker-color": "#818181"}}, {"type": "Feature", "geometry": {"type": "Point", "coordinates": [2.306175, 48.857777]}, "properties": {"numparc": 629, "etat de la localisation": "autre", "ID BDGEO": "2637", "horodatage": "2022-04-01 15:44:13", "distance (en metres)": 4535.42, "station": "BASTILLE-RUE SAINT-ANTOINE", "marker-color": "#818181"}}, {"type": "Feature", "geometry": {"type": "Point", "coordinates": [2.296203, 48.855125]}, "properties": {"numparc": 631, "etat de la localisation": "autre", "ID BDGEO": "10829", "horodatage": "2022-04-01 15:44:15", "distance (en metres)": 6220.46, "station": "VOLTAIRE-LEON BLUM.", "marker-color": "#818181"}}, {"type": "Feature", "geometry": {"type": "Point", "coordinates": [2.388689, 48.86018]}, "properties": {"numparc": 634, "etat de la localisation": "autre", "ID BDGEO": "655", "horodatage": "2022-04-01 15:44:41", "distance (en metres)": 167.08, "station": "ROQUETTE-PERE LACHAISE", "marker-color": "#818181"}}, {"type": "Feature", "geometry": {"type": "Point", "coordinates": [2.333991, 48.859943]}, "properties": {"numparc": 636, "etat de la localisation": "autre", "ID BDGEO": "10829", "horodatage": "2022-04-01 15:44:57", "distance (en metres)": 3456.02, "station": "VOLTAIRE-LEON BLUM.", "marker-color": "#818181"}}, {"type": "Feature", "geometry": {"type": "Point", "coordinates": [2.303866, 48.856998]}, "properties": {"numparc": 629, "etat de la localisation": "autre", "ID BDGEO": "2637", "horodatage": "2022-04-01 15:45:07", "distance (en metres)": 4695.0, "station": "BASTILLE-RUE SAINT-ANTOINE", "marker-color": "#818181"}}, {"type": "Feature", "geometry": {"type": "Point", "coordinates": [2.362121, 48.854874]}, "properties": {"numparc": 623, "etat de la localisation": "autre", "ID BDGEO": "10829", "horodatage": "2022-04-01 15:45:28", "distance (en metres)": 1429.54, "station": "VOLTAIRE-LEON BLUM.", "marker-color": "#818181"}}, {"type": "Feature", "geometry": {"type": "Point", "coordinates": [2.387704, 48.862453]}, "properties": {"numparc": 634, "etat de la localisation": "autre", "ID BDGEO": "653", "horodatage": "2022-04-01 15:45:47", "distance (en metres)": 83.02, "station": "AUGUSTE METIVIER", "marker-color": "#818181"}}, {"type": "Feature", "geometry": {"type": "Point", "coordinates": [2.301938, 48.856617]}, "properties": {"numparc": 629, "etat de la localisation": "autre", "ID BDGEO": "2637", "horodatage": "2022-04-01 15:46:00", "distance (en metres)": 4832.09, "station": "BASTILLE-RUE SAINT-ANTOINE", "marker-color": "#818181"}}, {"type": "Feature", "geometry": {"type": "Point", "coordinates": [2.34145, 48.858704]}, "properties": {"numparc": 636, "etat de la localisation": "autre", "ID BDGEO": "10829", "horodatage": "2022-04-01 15:46:25", "distance (en metres)": 2904.13, "station": "VOLTAIRE-LEON BLUM.", "marker-color": "#818181"}}, {"type": "Feature", "geometry": {"type": "Point", "coordinates": [2.299516, 48.857433]}, "properties": {"numparc": 629, "etat de la localisation": "autre", "ID BDGEO": "2637", "horodatage": "2022-04-01 15:47:18", "distance (en metres)": 5016.29, "station": "BASTILLE-RUE SAINT-ANTOINE", "marker-color": "#818181"}}, {"type": "Feature", "geometry": {"type": "Point", "coordinates": [2.365361, 48.853695]}, "properties": {"numparc": 623, "etat de la localisation": "autre", "ID BDGEO": "10829", "horodatage": "2022-04-01 15:47:33", "distance (en metres)": 1242.95, "station": "VOLTAIRE-LEON BLUM.", "marker-color": "#818181"}}, {"type": "Feature", "geometry": {"type": "Point", "coordinates": [2.348489, 48.856823]}, "properties": {"numparc": 636, "etat de la localisation": "autre", "ID BDGEO": "10829", "horodatage": "2022-04-01 15:48:28", "distance (en metres)": 2390.49, "station": "VOLTAIRE-LEON BLUM.", "marker-color": "#818181"}}, {"type": "Feature", "geometry": {"type": "Point", "coordinates": [2.29623, 48.855137]}, "properties": {"numparc": 629, "etat de la localisation": "autre", "ID BDGEO": "10829", "horodatage": "2022-04-01 15:48:28", "distance (en metres)": 6218.42, "station": "VOLTAIRE-LEON BLUM.", "marker-color": "#818181"}}, {"type": "Feature", "geometry": {"type": "Point", "coordinates": [2.29623, 48.855137]}, "properties": {"numparc": 629, "etat de la localisation": "autre", "ID BDGEO": "10829", "horodatage": "2022-04-01 15:48:49", "distance (en metres)": 6218.42, "station": "VOLTAIRE-LEON BLUM.", "marker-color": "#818181"}}, {"type": "Feature", "geometry": {"type": "Point", "coordinates": [2.323798, 48.86076]}, "properties": {"numparc": 628, "etat de la localisation": "autre", "ID BDGEO": "2637", "horodatage": "2022-04-01 15:48:51", "distance (en metres)": 3324.06, "station": "BASTILLE-RUE SAINT-ANTOINE", "marker-color": "#818181"}}, {"type": "Feature", "geometry": {"type": "Point", "coordinates": [2.296654, 48.855061]}, "properties": {"numparc": 631, "etat de la localisation": "autre", "ID BDGEO": "10829", "horodatage": "2022-04-01 15:48:53", "distance (en metres)": 6187.86, "station": "VOLTAIRE-LEON BLUM.", "marker-color": "#818181"}}, {"type": "Feature", "geometry": {"type": "Point", "coordinates": [2.368, 48.853317]}, "properties": {"numparc": 623, "etat de la localisation": "autre", "ID BDGEO": "10829", "horodatage": "2022-04-01 15:49:20", "distance (en metres)": 1085.12, "station": "VOLTAIRE-LEON BLUM.", "marker-color": "#818181"}}, {"type": "Feature", "geometry": {"type": "Point", "coordinates": [2.350304, 48.856178]}, "properties": {"numparc": 636, "etat de la localisation": "autre", "ID BDGEO": "10829", "horodatage": "2022-04-01 15:49:44", "distance (en metres)": 2262.69, "station": "VOLTAIRE-LEON BLUM.", "marker-color": "#818181"}}, {"type": "Feature", "geometry": {"type": "Point", "coordinates": [2.300059, 48.857388]}, "properties": {"numparc": 631, "etat de la localisation": "autre", "ID BDGEO": "10829", "horodatage": "2022-04-01 15:50:27", "distance (en metres)": 5931.0, "station": "VOLTAIRE-LEON BLUM.", "marker-color": "#818181"}}, {"type": "Feature", "geometry": {"type": "Point", "coordinates": [2.304014, 48.858967]}, "properties": {"numparc": 631, "etat de la localisation": "autre", "ID BDGEO": "10829", "horodatage": "2022-04-01 15:52:14", "distance (en metres)": 5642.68, "station": "VOLTAIRE-LEON BLUM.", "marker-color": "#818181"}}, {"type": "Feature", "geometry": {"type": "Point", "coordinates": [2.304014, 48.858967]}, "properties": {"numparc": 631, "etat de la localisation": "autre", "ID BDGEO": "10829", "horodatage": "2022-04-01 15:52:21", "distance (en metres)": 5642.68, "station": "VOLTAIRE-LEON BLUM.", "marker-color": "#818181"}}, {"type": "Feature", "geometry": {"type": "Point", "coordinates": [2.371711, 48.854561]}, "properties": {"numparc": 623, "etat de la localisation": "autre", "ID BDGEO": "10829", "horodatage": "2022-04-01 15:52:39", "distance (en metres)": 780.47, "station": "VOLTAIRE-LEON BLUM.", "marker-color": "#818181"}}, {"type": "Feature", "geometry": {"type": "Point", "coordinates": [2.388928, 48.860287]}, "properties": {"numparc": 625, "etat de la localisation": "autre", "ID BDGEO": "655", "horodatage": "2022-04-01 15:52:54", "distance (en metres)": 186.79, "station": "ROQUETTE-PERE LACHAISE", "marker-color": "#818181"}}, {"type": "Feature", "geometry": {"type": "Point", "coordinates": [2.32531, 48.855667]}, "properties": {"numparc": 628, "etat de la localisation": "autre", "ID BDGEO": "2637", "horodatage": "2022-04-01 15:53:12", "distance (en metres)": 3119.21, "station": "BASTILLE-RUE SAINT-ANTOINE", "marker-color": "#818181"}}, {"type": "Feature", "geometry": {"type": "Point", "coordinates": [2.355828, 48.855843]}, "properties": {"numparc": 636, "etat de la localisation": "autre", "ID BDGEO": "10829", "horodatage": "2022-04-01 15:53:26", "distance (en metres)": 1864.36, "station": "VOLTAIRE-LEON BLUM.", "marker-color": "#818181"}}, {"type": "Feature", "geometry": {"type": "Point", "coordinates": [2.3072, 48.859642]}, "properties": {"numparc": 631, "etat de la localisation": "autre", "ID BDGEO": "10829", "horodatage": "2022-04-01 15:53:31", "distance (en metres)": 5411.85, "station": "VOLTAIRE-LEON BLUM.", "marker-color": "#818181"}}, {"type": "Feature", "geometry": {"type": "Point", "coordinates": [2.375404, 48.855972]}, "properties": {"numparc": 623, "etat de la localisation": "autre", "ID BDGEO": "10829", "horodatage": "2022-04-01 15:53:50", "distance (en metres)": 468.36, "station": "VOLTAIRE-LEON BLUM.", "marker-color": "#818181"}}, {"type": "Feature", "geometry": {"type": "Point", "coordinates": [2.387752, 48.862492]}, "properties": {"numparc": 625, "etat de la localisation": "autre", "ID BDGEO": "653", "horodatage": "2022-04-01 15:54:03", "distance (en metres)": 77.64, "station": "AUGUSTE METIVIER", "marker-color": "#818181"}}, {"type": "Feature", "geometry": {"type": "Point", "coordinates": [2.387752, 48.862492]}, "properties": {"numparc": 625, "etat de la localisation": "autre", "ID BDGEO": "653", "horodatage": "2022-04-01 15:54:26", "distance (en metres)": 77.64, "station": "AUGUSTE METIVIER", "marker-color": "#818181"}}, {"type": "Feature", "geometry": {"type": "Point", "coordinates": [2.358075, 48.855457]}, "properties": {"numparc": 636, "etat de la localisation": "autre", "ID BDGEO": "10829", "horodatage": "2022-04-01 15:54:32", "distance (en metres)": 1707.48, "station": "VOLTAIRE-LEON BLUM.", "marker-color": "#818181"}}, {"type": "Feature", "geometry": {"type": "Point", "coordinates": [2.31074, 48.85994]}, "properties": {"numparc": 631, "etat de la localisation": "autre", "ID BDGEO": "10829", "horodatage": "2022-04-01 15:55:03", "distance (en metres)": 5154.42, "station": "VOLTAIRE-LEON BLUM.", "marker-color": "#818181"}}, {"type": "Feature", "geometry": {"type": "Point", "coordinates": [2.378306, 48.856979]}, "properties": {"numparc": 623, "etat de la localisation": "autre", "ID BDGEO": "10829", "horodatage": "2022-04-01 15:55:14", "distance (en metres)": 228.42, "station": "VOLTAIRE-LEON BLUM.", "marker-color": "#818181"}}, {"type": "Feature", "geometry": {"type": "Point", "coordinates": [2.388303, 48.863106]}, "properties": {"numparc": 621, "etat de la localisation": "autre", "ID BDGEO": "711", "horodatage": "2022-04-01 15:56:09", "distance (en metres)": 87.2, "station": "PERE LACHAISE", "marker-color": "#818181"}}, {"type": "Feature", "geometry": {"type": "Point", "coordinates": [2.362216, 48.854824]}, "properties": {"numparc": 636, "etat de la localisation": "autre", "ID BDGEO": "10829", "horodatage": "2022-04-01 15:56:21", "distance (en metres)": 1424.09, "station": "VOLTAIRE-LEON BLUM.", "marker-color": "#818181"}}, {"type": "Feature", "geometry": {"type": "Point", "coordinates": [2.371177, 48.85791]}, "properties": {"numparc": 633, "etat de la localisation": "autre", "ID BDGEO": "705", "horodatage": "2022-04-01 15:56:39", "distance (en metres)": 380.78, "station": "BREGUET-SABIN", "marker-color": "#818181"}}, {"type": "Feature", "geometry": {"type": "Point", "coordinates": [2.3936, 48.869698]}, "properties": {"numparc": 620, "etat de la localisation": "Deviation programmee", "ID BDGEO": "712", "horodatage": "2022-04-01 15:56:48", "distance (en metres)": 551.53, "station": "MARTIN NADAUD", "marker-color": "#56FF93"}}, {"type": "Feature", "geometry": {"type": "Point", "coordinates": [2.29623, 48.855137]}, "properties": {"numparc": 629, "etat de la localisation": "autre", "ID BDGEO": "10829", "horodatage": "2022-04-01 15:56:58", "distance (en metres)": 6218.42, "station": "VOLTAIRE-LEON BLUM.", "marker-color": "#818181"}}, {"type": "Feature", "geometry": {"type": "Point", "coordinates": [2.314502, 48.859921]}, "properties": {"numparc": 631, "etat de la localisation": "autre", "ID BDGEO": "10829", "horodatage": "2022-04-01 15:57:10", "distance (en metres)": 4879.4, "station": "VOLTAIRE-LEON BLUM.", "marker-color": "#818181"}}, {"type": "Feature", "geometry": {"type": "Point", "coordinates": [2.316951, 48.857719]}, "properties": {"numparc": 628, "etat de la localisation": "autre", "ID BDGEO": "2637", "horodatage": "2022-04-01 15:57:25", "distance (en metres)": 3752.0, "station": "BASTILLE-RUE SAINT-ANTOINE", "marker-color": "#818181"}}, {"type": "Feature", "geometry": {"type": "Point", "coordinates": [2.394378, 48.869942]}, "properties": {"numparc": 620, "etat de la localisation": "Deviation programmee", "ID BDGEO": "712", "horodatage": "2022-04-01 15:57:40", "distance (en metres)": 568.5, "station": "MARTIN NADAUD", "marker-color": "#56FF93"}}, {"type": "Feature", "geometry": {"type": "Point", "coordinates": [2.365531, 48.853802]}, "properties": {"numparc": 636, "etat de la localisation": "autre", "ID BDGEO": "10829", "horodatage": "2022-04-01 15:58:15", "distance (en metres)": 1227.0, "station": "VOLTAIRE-LEON BLUM.", "marker-color": "#818181"}}, {"type": "Feature", "geometry": {"type": "Point", "coordinates": [2.365269, 48.853844]}, "properties": {"numparc": 632, "etat de la localisation": "autre", "ID BDGEO": "2637", "horodatage": "2022-04-01 15:58:56", "distance (en metres)": 194.68, "station": "BASTILLE-RUE SAINT-ANTOINE", "marker-color": "#818181"}}, {"type": "Feature", "geometry": {"type": "Point", "coordinates": [2.400114, 48.864914]}, "properties": {"numparc": 622, "etat de la localisation": "autre", "ID BDGEO": "3196", "horodatage": "2022-04-01 15:59:09", "distance (en metres)": 105.87, "station": "GAMBETTA-MAIRIE DU 20EME.", "marker-color": "#818181"}}, {"type": "Feature", "geometry": {"type": "Point", "coordinates": [2.31991, 48.859169]}, "properties": {"numparc": 631, "etat de la localisation": "autre", "ID BDGEO": "10829", "horodatage": "2022-04-01 15:59:10", "distance (en metres)": 4480.77, "station": "VOLTAIRE-LEON BLUM.", "marker-color": "#818181"}}, {"type": "Feature", "geometry": {"type": "Point", "coordinates": [2.296738, 48.855061]}, "properties": {"numparc": 629, "etat de la localisation": "autre", "ID BDGEO": "10829", "horodatage": "2022-04-01 15:59:23", "distance (en metres)": 6181.73, "station": "VOLTAIRE-LEON BLUM.", "marker-color": "#818181"}}, {"type": "Feature", "geometry": {"type": "Point", "coordinates": [2.392178, 48.869213]}, "properties": {"numparc": 637, "etat de la localisation": "Deviation programmee", "ID BDGEO": "712", "horodatage": "2022-04-01 15:59:33", "distance (en metres)": 534.67, "station": "MARTIN NADAUD", "marker-color": "#56FF93"}}, {"type": "Feature", "geometry": {"type": "Point", "coordinates": [2.313865, 48.85841]}, "properties": {"numparc": 628, "etat de la localisation": "autre", "ID BDGEO": "2637", "horodatage": "2022-04-01 15:59:40", "distance (en metres)": 3986.16, "station": "BASTILLE-RUE SAINT-ANTOINE", "marker-color": "#818181"}}, {"type": "Feature", "geometry": {"type": "Point", "coordinates": [2.368116, 48.853321]}, "properties": {"numparc": 636, "etat de la localisation": "autre", "ID BDGEO": "10829", "horodatage": "2022-04-01 15:59:49", "distance (en metres)": 1077.43, "station": "VOLTAIRE-LEON BLUM.", "marker-color": "#818181"}}, {"type": "Feature", "geometry": {"type": "Point", "coordinates": [2.362057, 48.85498]}, "properties": {"numparc": 632, "etat de la localisation": "autre", "ID BDGEO": "2637", "horodatage": "2022-04-01 15:59:54", "distance (en metres)": 459.96, "station": "BASTILLE-RUE SAINT-ANTOINE", "marker-color": "#818181"}}, {"type": "Feature", "geometry": {"type": "Point", "coordinates": [2.32367, 48.857731]}, "properties": {"numparc": 631, "etat de la localisation": "autre", "ID BDGEO": "10829", "horodatage": "2022-04-01 16:00:22", "distance (en metres)": 4203.44, "station": "VOLTAIRE-LEON BLUM.", "marker-color": "#818181"}}, {"type": "Feature", "geometry": {"type": "Point", "coordinates": [2.397957, 48.865578]}, "properties": {"numparc": 620, "etat de la localisation": "Deviation programmee", "ID BDGEO": "5527", "horodatage": "2022-04-01 16:00:48", "distance (en metres)": 74.72, "station": "GAMBETTA", "marker-color": "#56FF93"}}, {"type": "Feature", "geometry": {"type": "Point", "coordinates": [2.299947, 48.857265]}, "properties": {"numparc": 629, "etat de la localisation": "autre", "ID BDGEO": "10829", "horodatage": "2022-04-01 16:01:11", "distance (en metres)": 5939.34, "station": "VOLTAIRE-LEON BLUM.", "marker-color": "#818181"}}, {"type": "Feature", "geometry": {"type": "Point", "coordinates": [2.357445, 48.856079]}, "properties": {"numparc": 632, "etat de la localisation": "autre", "ID BDGEO": "2637", "horodatage": "2022-04-01 16:01:14", "distance (en metres)": 818.24, "station": "BASTILLE-RUE SAINT-ANTOINE", "marker-color": "#818181"}}, {"type": "Feature", "geometry": {"type": "Point", "coordinates": [2.385488, 48.86187]}, "properties": {"numparc": 621, "etat de la localisation": "Deviation programmee", "ID BDGEO": "711", "horodatage": "2022-04-01 16:01:56", "distance (en metres)": 171.72, "station": "PERE LACHAISE", "marker-color": "#56FF93"}}, {"type": "Feature", "geometry": {"type": "Point", "coordinates": [2.309687, 48.858082]}, "properties": {"numparc": 628, "etat de la localisation": "autre", "ID BDGEO": "2637", "horodatage": "2022-04-01 16:02:14", "distance (en metres)": 4284.23, "station": "BASTILLE-RUE SAINT-ANTOINE", "marker-color": "#818181"}}, {"type": "Feature", "geometry": {"type": "Point", "coordinates": [2.326496, 48.8563]}, "properties": {"numparc": 631, "etat de la localisation": "autre", "ID BDGEO": "10829", "horodatage": "2022-04-01 16:02:38", "distance (en metres)": 4000.49, "station": "VOLTAIRE-LEON BLUM.", "marker-color": "#818181"}}, {"type": "Feature", "geometry": {"type": "Point", "coordinates": [2.303947, 48.858921]}, "properties": {"numparc": 629, "etat de la localisation": "autre", "ID BDGEO": "10829", "horodatage": "2022-04-01 16:03:15", "distance (en metres)": 5647.48, "station": "VOLTAIRE-LEON BLUM.", "marker-color": "#818181"}}, {"type": "Feature", "geometry": {"type": "Point", "coordinates": [2.306174, 48.857773]}, "properties": {"numparc": 628, "etat de la localisation": "autre", "ID BDGEO": "2637", "horodatage": "2022-04-01 16:03:23", "distance (en metres)": 4535.45, "station": "BASTILLE-RUE SAINT-ANTOINE", "marker-color": "#818181"}}, {"type": "Feature", "geometry": {"type": "Point", "coordinates": [2.350751, 48.857864]}, "properties": {"numparc": 632, "etat de la localisation": "autre", "ID BDGEO": "2637", "horodatage": "2022-04-01 16:03:43", "distance (en metres)": 1346.67, "station": "BASTILLE-RUE SAINT-ANTOINE", "marker-color": "#818181"}}, {"type": "Feature", "geometry": {"type": "Point", "coordinates": [2.307164, 48.859524]}, "properties": {"numparc": 629, "etat de la localisation": "autre", "ID BDGEO": "10829", "horodatage": "2022-04-01 16:04:19", "distance (en metres)": 5414.03, "station": "VOLTAIRE-LEON BLUM.", "marker-color": "#818181"}}, {"type": "Feature", "geometry": {"type": "Point", "coordinates": [2.365247, 48.85392]}, "properties": {"numparc": 633, "etat de la localisation": "autre", "ID BDGEO": "2637", "horodatage": "2022-04-01 16:04:31", "distance (en metres)": 199.07, "station": "BASTILLE-RUE SAINT-ANTOINE", "marker-color": "#818181"}}, {"type": "Feature", "geometry": {"type": "Point", "coordinates": [2.329093, 48.858982]}, "properties": {"numparc": 631, "etat de la localisation": "autre", "ID BDGEO": "10829", "horodatage": "2022-04-01 16:04:39", "distance (en metres)": 3808.66, "station": "VOLTAIRE-LEON BLUM.", "marker-color": "#818181"}}, {"type": "Feature", "geometry": {"type": "Point", "coordinates": [2.370722, 48.853611]}, "properties": {"numparc": 636, "etat de la localisation": "autre", "ID BDGEO": "10829", "horodatage": "2022-04-01 16:04:47", "distance (en metres)": 895.95, "station": "VOLTAIRE-LEON BLUM.", "marker-color": "#818181"}}, {"type": "Feature", "geometry": {"type": "Point", "coordinates": [2.329215, 48.85915]}, "properties": {"numparc": 631, "etat de la localisation": "autre", "ID BDGEO": "10829", "horodatage": "2022-04-01 16:05:02", "distance (en metres)": 3800.39, "station": "VOLTAIRE-LEON BLUM.", "marker-color": "#818181"}}, {"type": "Feature", "geometry": {"type": "Point", "coordinates": [2.348762, 48.858345]}, "properties": {"numparc": 632, "etat de la localisation": "autre", "ID BDGEO": "2637", "horodatage": "2022-04-01 16:05:06", "distance (en metres)": 1501.59, "station": "BASTILLE-RUE SAINT-ANTOINE", "marker-color": "#818181"}}, {"type": "Feature", "geometry": {"type": "Point", "coordinates": [2.329215, 48.85915]}, "properties": {"numparc": 631, "etat de la localisation": "autre", "ID BDGEO": "10829", "horodatage": "2022-04-01 16:05:14", "distance (en metres)": 3800.39, "station": "VOLTAIRE-LEON BLUM.", "marker-color": "#818181"}}, {"type": "Feature", "geometry": {"type": "Point", "coordinates": [2.310723, 48.859852]}, "properties": {"numparc": 629, "etat de la localisation": "autre", "ID BDGEO": "10829", "horodatage": "2022-04-01 16:05:35", "distance (en metres)": 5155.23, "station": "VOLTAIRE-LEON BLUM.", "marker-color": "#818181"}}, {"type": "Feature", "geometry": {"type": "Point", "coordinates": [2.30197, 48.856621]}, "properties": {"numparc": 628, "etat de la localisation": "autre", "ID BDGEO": "2637", "horodatage": "2022-04-01 16:05:41", "distance (en metres)": 4829.79, "station": "BASTILLE-RUE SAINT-ANTOINE", "marker-color": "#818181"}}, {"type": "Feature", "geometry": {"type": "Point", "coordinates": [2.388888, 48.860291]}, "properties": {"numparc": 623, "etat de la localisation": "autre", "ID BDGEO": "655", "horodatage": "2022-04-01 16:06:00", "distance (en metres)": 184.06, "station": "ROQUETTE-PERE LACHAISE", "marker-color": "#818181"}}, {"type": "Feature", "geometry": {"type": "Point", "coordinates": [2.344425, 48.859787]}, "properties": {"numparc": 632, "etat de la localisation": "autre", "ID BDGEO": "2637", "horodatage": "2022-04-01 16:06:13", "distance (en metres)": 1856.08, "station": "BASTILLE-RUE SAINT-ANTOINE", "marker-color": "#818181"}}, {"type": "Feature", "geometry": {"type": "Point", "coordinates": [2.362112, 48.855026]}, "properties": {"numparc": 633, "etat de la localisation": "autre", "ID BDGEO": "2637", "horodatage": "2022-04-01 16:06:28", "distance (en metres)": 458.42, "station": "BASTILLE-RUE SAINT-ANTOINE", "marker-color": "#818181"}}, {"type": "Feature", "geometry": {"type": "Point", "coordinates": [2.392784, 48.864197]}, "properties": {"numparc": 622, "etat de la localisation": "autre", "ID BDGEO": "2960", "horodatage": "2022-04-01 16:06:40", "distance (en metres)": 65.57, "station": "MURIERS", "marker-color": "#818181"}}, {"type": "Feature", "geometry": {"type": "Point", "coordinates": [2.375458, 48.855904]}, "properties": {"numparc": 636, "etat de la localisation": "autre", "ID BDGEO": "10829", "horodatage": "2022-04-01 16:06:41", "distance (en metres)": 468.33, "station": "VOLTAIRE-LEON BLUM.", "marker-color": "#818181"}}, {"type": "Feature", "geometry": {"type": "Point", "coordinates": [2.29966, 48.857494]}, "properties": {"numparc": 628, "etat de la localisation": "autre", "ID BDGEO": "2637", "horodatage": "2022-04-01 16:06:52", "distance (en metres)": 5006.43, "station": "BASTILLE-RUE SAINT-ANTOINE", "marker-color": "#818181"}}, {"type": "Feature", "geometry": {"type": "Point", "coordinates": [2.314483, 48.859924]}, "properties": {"numparc": 629, "etat de la localisation": "autre", "ID BDGEO": "10829", "horodatage": "2022-04-01 16:06:52", "distance (en metres)": 4880.81, "station": "VOLTAIRE-LEON BLUM.", "marker-color": "#818181"}}, {"type": "Feature", "geometry": {"type": "Point", "coordinates": [2.340125, 48.86124]}, "properties": {"numparc": 632, "etat de la localisation": "autre", "ID BDGEO": "2637", "horodatage": "2022-04-01 16:08:00", "distance (en metres)": 2208.9, "station": "BASTILLE-RUE SAINT-ANTOINE", "marker-color": "#818181"}}, {"type": "Feature", "geometry": {"type": "Point", "coordinates": [2.331094, 48.860561]}, "properties": {"numparc": 631, "etat de la localisation": "autre", "ID BDGEO": "10829", "horodatage": "2022-04-01 16:08:00", "distance (en metres)": 3672.47, "station": "VOLTAIRE-LEON BLUM.", "marker-color": "#818181"}}, {"type": "Feature", "geometry": {"type": "Point", "coordinates": [2.296403, 48.855263]}, "properties": {"numparc": 628, "etat de la localisation": "autre", "ID BDGEO": "10829", "horodatage": "2022-04-01 16:08:10", "distance (en metres)": 6205.11, "station": "VOLTAIRE-LEON BLUM.", "marker-color": "#818181"}}, {"type": "Feature", "geometry": {"type": "Point", "coordinates": [2.378354, 48.85696]}, "properties": {"numparc": 636, "etat de la localisation": "autre", "ID BDGEO": "10829", "horodatage": "2022-04-01 16:08:11", "distance (en metres)": 226.18, "station": "VOLTAIRE-LEON BLUM.", "marker-color": "#818181"}}, {"type": "Feature", "geometry": {"type": "Point", "coordinates": [2.387555, 48.862389]}, "properties": {"numparc": 623, "etat de la localisation": "autre", "ID BDGEO": "653", "horodatage": "2022-04-01 16:08:16", "distance (en metres)": 94.65, "station": "AUGUSTE METIVIER", "marker-color": "#818181"}}, {"type": "Feature", "geometry": {"type": "Point", "coordinates": [2.334018, 48.859901]}, "properties": {"numparc": 631, "etat de la localisation": "autre", "ID BDGEO": "10829", "horodatage": "2022-04-01 16:08:56", "distance (en metres)": 3453.75, "station": "VOLTAIRE-LEON BLUM.", "marker-color": "#818181"}}, {"type": "Feature", "geometry": {"type": "Point", "coordinates": [2.335658, 48.862617]}, "properties": {"numparc": 632, "etat de la localisation": "autre", "ID BDGEO": "2637", "horodatage": "2022-04-01 16:09:10", "distance (en metres)": 2569.67, "station": "BASTILLE-RUE SAINT-ANTOINE", "marker-color": "#818181"}}, {"type": "Feature", "geometry": {"type": "Point", "coordinates": [2.295805, 48.854759]}, "properties": {"numparc": 628, "etat de la localisation": "autre", "ID BDGEO": "10829", "horodatage": "2022-04-01 16:09:11", "distance (en metres)": 6251.68, "station": "VOLTAIRE-LEON BLUM.", "marker-color": "#818181"}}, {"type": "Feature", "geometry": {"type": "Point", "coordinates": [2.31985, 48.859169]}, "properties": {"numparc": 629, "etat de la localisation": "autre", "ID BDGEO": "10829", "horodatage": "2022-04-01 16:09:17", "distance (en metres)": 4485.17, "station": "VOLTAIRE-LEON BLUM.", "marker-color": "#818181"}}, {"type": "Feature", "geometry": {"type": "Point", "coordinates": [2.350647, 48.857796]}, "properties": {"numparc": 633, "etat de la localisation": "autre", "ID BDGEO": "2637", "horodatage": "2022-04-01 16:09:42", "distance (en metres)": 1350.86, "station": "BASTILLE-RUE SAINT-ANTOINE", "marker-color": "#818181"}}, {"type": "Feature", "geometry": {"type": "Point", "coordinates": [2.400024, 48.864994]}, "properties": {"numparc": 620, "etat de la localisation": "autre", "ID BDGEO": "3196", "horodatage": "2022-04-01 16:10:02", "distance (en metres)": 94.84, "station": "GAMBETTA-MAIRIE DU 20EME.", "marker-color": "#818181"}}, {"type": "Feature", "geometry": {"type": "Point", "coordinates": [2.400088, 48.865219]}, "properties": {"numparc": 637, "etat de la localisation": "autre", "ID BDGEO": "3196", "horodatage": "2022-04-01 16:10:13", "distance (en metres)": 81.94, "station": "GAMBETTA-MAIRIE DU 20EME.", "marker-color": "#818181"}}, {"type": "Feature", "geometry": {"type": "Point", "coordinates": [2.338572, 48.859104]}, "properties": {"numparc": 631, "etat de la localisation": "autre", "ID BDGEO": "10829", "horodatage": "2022-04-01 16:10:15", "distance (en metres)": 3116.22, "station": "VOLTAIRE-LEON BLUM.", "marker-color": "#818181"}}, {"type": "Feature", "geometry": {"type": "Point", "coordinates": [2.377544, 48.860054]}, "properties": {"numparc": 621, "etat de la localisation": "autre", "ID BDGEO": "708", "horodatage": "2022-04-01 16:10:38", "distance (en metres)": 339.2, "station": "VOLTAIRE-LEON BLUM", "marker-color": "#818181"}}, {"type": "Feature", "geometry": {"type": "Point", "coordinates": [2.34144, 48.858646]}, "properties": {"numparc": 631, "etat de la localisation": "autre", "ID BDGEO": "10829", "horodatage": "2022-04-01 16:12:06", "distance (en metres)": 2904.66, "station": "VOLTAIRE-LEON BLUM.", "marker-color": "#818181"}}, {"type": "Feature", "geometry": {"type": "Point", "coordinates": [2.323699, 48.857765]}, "properties": {"numparc": 629, "etat de la localisation": "autre", "ID BDGEO": "10829", "horodatage": "2022-04-01 16:12:11", "distance (en metres)": 4201.3, "station": "VOLTAIRE-LEON BLUM.", "marker-color": "#818181"}}, {"type": "Feature", "geometry": {"type": "Point", "coordinates": [2.333739, 48.860867]}, "properties": {"numparc": 632, "etat de la localisation": "autre", "ID BDGEO": "2637", "horodatage": "2022-04-01 16:12:12", "distance (en metres)": 2629.99, "station": "BASTILLE-RUE SAINT-ANTOINE", "marker-color": "#818181"}}, {"type": "Feature", "geometry": {"type": "Point", "coordinates": [2.400088, 48.865219]}, "properties": {"numparc": 637, "etat de la localisation": "autre", "ID BDGEO": "3196", "horodatage": "2022-04-01 16:12:33", "distance (en metres)": 81.94, "station": "GAMBETTA-MAIRIE DU 20EME.", "marker-color": "#818181"}}, {"type": "Feature", "geometry": {"type": "Point", "coordinates": [2.371221, 48.857857]}, "properties": {"numparc": 621, "etat de la localisation": "autre", "ID BDGEO": "705", "horodatage": "2022-04-01 16:12:36", "distance (en metres)": 374.34, "station": "BREGUET-SABIN", "marker-color": "#818181"}}, {"type": "Feature", "geometry": {"type": "Point", "coordinates": [2.385909, 48.867741]}, "properties": {"numparc": 625, "etat de la localisation": "Deviation programmee", "ID BDGEO": "2960", "horodatage": "2022-04-01 16:12:37", "distance (en metres)": 602.21, "station": "MURIERS", "marker-color": "#56FF93"}}, {"type": "Feature", "geometry": {"type": "Point", "coordinates": [2.38634, 48.867844]}, "properties": {"numparc": 625, "etat de la localisation": "Deviation programmee", "ID BDGEO": "2960", "horodatage": "2022-04-01 16:13:18", "distance (en metres)": 587.79, "station": "MURIERS", "marker-color": "#56FF93"}}, {"type": "Feature", "geometry": {"type": "Point", "coordinates": [2.326488, 48.856224]}, "properties": {"numparc": 629, "etat de la localisation": "autre", "ID BDGEO": "10829", "horodatage": "2022-04-01 16:13:20", "distance (en metres)": 4001.45, "station": "VOLTAIRE-LEON BLUM.", "marker-color": "#818181"}}, {"type": "Feature", "geometry": {"type": "Point", "coordinates": [2.368497, 48.857052]}, "properties": {"numparc": 621, "etat de la localisation": "autre", "ID BDGEO": "705", "horodatage": "2022-04-01 16:13:41", "distance (en metres)": 386.56, "station": "BREGUET-SABIN", "marker-color": "#818181"}}, {"type": "Feature", "geometry": {"type": "Point", "coordinates": [2.388854, 48.860287]}, "properties": {"numparc": 636, "etat de la localisation": "autre", "ID BDGEO": "655", "horodatage": "2022-04-01 16:13:53", "distance (en metres)": 181.56, "station": "ROQUETTE-PERE LACHAISE", "marker-color": "#818181"}}, {"type": "Feature", "geometry": {"type": "Point", "coordinates": [2.344411, 48.859821]}, "properties": {"numparc": 633, "etat de la localisation": "autre", "ID BDGEO": "2637", "horodatage": "2022-04-01 16:14:12", "distance (en metres)": 1858.52, "station": "BASTILLE-RUE SAINT-ANTOINE", "marker-color": "#818181"}}, {"type": "Feature", "geometry": {"type": "Point", "coordinates": [2.387731, 48.862488]}, "properties": {"numparc": 636, "etat de la localisation": "autre", "ID BDGEO": "653", "horodatage": "2022-04-01 16:15:06", "distance (en metres)": 78.71, "station": "AUGUSTE METIVIER", "marker-color": "#818181"}}, {"type": "Feature", "geometry": {"type": "Point", "coordinates": [2.329032, 48.858978]}, "properties": {"numparc": 629, "etat de la localisation": "autre", "ID BDGEO": "10829", "horodatage": "2022-04-01 16:15:34", "distance (en metres)": 3813.11, "station": "VOLTAIRE-LEON BLUM.", "marker-color": "#818181"}}, {"type": "Feature", "geometry": {"type": "Point", "coordinates": [2.388258, 48.863083]}, "properties": {"numparc": 622, "etat de la localisation": "autre", "ID BDGEO": "711", "horodatage": "2022-04-01 16:15:54", "distance (en metres)": 83.3, "station": "PERE LACHAISE", "marker-color": "#818181"}}, {"type": "Feature", "geometry": {"type": "Point", "coordinates": [2.340111, 48.861256]}, "properties": {"numparc": 633, "etat de la localisation": "autre", "ID BDGEO": "2637", "horodatage": "2022-04-01 16:16:18", "distance (en metres)": 2210.53, "station": "BASTILLE-RUE SAINT-ANTOINE", "marker-color": "#818181"}}, {"type": "Feature", "geometry": {"type": "Point", "coordinates": [2.348451, 48.856823]}, "properties": {"numparc": 631, "etat de la localisation": "autre", "ID BDGEO": "10829", "horodatage": "2022-04-01 16:16:21", "distance (en metres)": 2393.28, "station": "VOLTAIRE-LEON BLUM.", "marker-color": "#818181"}}, {"type": "Feature", "geometry": {"type": "Point", "coordinates": [2.386828, 48.867966]}, "properties": {"numparc": 625, "etat de la localisation": "Deviation programmee", "ID BDGEO": "2960", "horodatage": "2022-04-01 16:17:14", "distance (en metres)": 573.84, "station": "MURIERS", "marker-color": "#56FF93"}}, {"type": "Feature", "geometry": {"type": "Point", "coordinates": [2.350163, 48.856236]}, "properties": {"numparc": 631, "etat de la localisation": "autre", "ID BDGEO": "10829", "horodatage": "2022-04-01 16:17:27", "distance (en metres)": 2272.45, "station": "VOLTAIRE-LEON BLUM.", "marker-color": "#818181"}}, {"type": "Feature", "geometry": {"type": "Point", "coordinates": [2.335701, 48.862675]}, "properties": {"numparc": 633, "etat de la localisation": "autre", "ID BDGEO": "2637", "horodatage": "2022-04-01 16:18:18", "distance (en metres)": 2569.38, "station": "BASTILLE-RUE SAINT-ANTOINE", "marker-color": "#818181"}}, {"type": "Feature", "geometry": {"type": "Point", "coordinates": [2.331065, 48.860565]}, "properties": {"numparc": 629, "etat de la localisation": "autre", "ID BDGEO": "10829", "horodatage": "2022-04-01 16:18:29", "distance (en metres)": 3674.62, "station": "VOLTAIRE-LEON BLUM.", "marker-color": "#818181"}}, {"type": "Feature", "geometry": {"type": "Point", "coordinates": [2.323623, 48.858116]}, "properties": {"numparc": 632, "etat de la localisation": "autre", "ID BDGEO": "2637", "horodatage": "2022-04-01 16:18:38", "distance (en metres)": 3275.67, "station": "BASTILLE-RUE SAINT-ANTOINE", "marker-color": "#818181"}}, {"type": "Feature", "geometry": {"type": "Point", "coordinates": [2.400152, 48.865002]}, "properties": {"numparc": 637, "etat de la localisation": "autre", "ID BDGEO": "3196", "horodatage": "2022-04-01 16:19:11", "distance (en metres)": 100.76, "station": "GAMBETTA-MAIRIE DU 20EME.", "marker-color": "#818181"}}, {"type": "Feature", "geometry": {"type": "Point", "coordinates": [2.365311, 48.85392]}, "properties": {"numparc": 621, "etat de la localisation": "autre", "ID BDGEO": "2637", "horodatage": "2022-04-01 16:19:32", "distance (en metres)": 194.71, "station": "BASTILLE-RUE SAINT-ANTOINE", "marker-color": "#818181"}}, {"type": "Feature", "geometry": {"type": "Point", "coordinates": [2.32531, 48.855644]}, "properties": {"numparc": 632, "etat de la localisation": "autre", "ID BDGEO": "2637", "horodatage": "2022-04-01 16:19:44", "distance (en metres)": 3119.0, "station": "BASTILLE-RUE SAINT-ANTOINE", "marker-color": "#818181"}}, {"type": "Feature", "geometry": {"type": "Point", "coordinates": [2.356014, 48.855835]}, "properties": {"numparc": 631, "etat de la localisation": "autre", "ID BDGEO": "10829", "horodatage": "2022-04-01 16:20:41", "distance (en metres)": 1850.96, "station": "VOLTAIRE-LEON BLUM.", "marker-color": "#818181"}}, {"type": "Feature", "geometry": {"type": "Point", "coordinates": [2.362165, 48.85503]}, "properties": {"numparc": 621, "etat de la localisation": "autre", "ID BDGEO": "2637", "horodatage": "2022-04-01 16:21:12", "distance (en metres)": 455.1, "station": "BASTILLE-RUE SAINT-ANTOINE", "marker-color": "#818181"}}, {"type": "Feature", "geometry": {"type": "Point", "coordinates": [2.358124, 48.855492]}, "properties": {"numparc": 631, "etat de la localisation": "autre", "ID BDGEO": "10829", "horodatage": "2022-04-01 16:21:52", "distance (en metres)": 1703.34, "station": "VOLTAIRE-LEON BLUM.", "marker-color": "#818181"}}, {"type": "Feature", "geometry": {"type": "Point", "coordinates": [2.320651, 48.856659]}, "properties": {"numparc": 632, "etat de la localisation": "autre", "ID BDGEO": "2637", "horodatage": "2022-04-01 16:22:09", "distance (en metres)": 3469.13, "station": "BASTILLE-RUE SAINT-ANTOINE", "marker-color": "#818181"}}, {"type": "Feature", "geometry": {"type": "Point", "coordinates": [2.399184, 48.865574]}, "properties": {"numparc": 634, "etat de la localisation": "autre", "ID BDGEO": "2", "horodatage": "2022-04-01 16:22:24", "distance (en metres)": 53.06, "station": "GAMBETTA-JAPON", "marker-color": "#818181"}}, {"type": "Feature", "geometry": {"type": "Point", "coordinates": [2.357528, 48.856094]}, "properties": {"numparc": 621, "etat de la localisation": "autre", "ID BDGEO": "2637", "horodatage": "2022-04-01 16:22:27", "distance (en metres)": 813.28, "station": "BASTILLE-RUE SAINT-ANTOINE", "marker-color": "#818181"}}, {"type": "Feature", "geometry": {"type": "Point", "coordinates": [2.341444, 48.858631]}, "properties": {"numparc": 629, "etat de la localisation": "autre", "ID BDGEO": "10829", "horodatage": "2022-04-01 16:22:43", "distance (en metres)": 2904.32, "station": "VOLTAIRE-LEON BLUM.", "marker-color": "#818181"}}, {"type": "Feature", "geometry": {"type": "Point", "coordinates": [2.295805, 48.854759]}, "properties": {"numparc": 628, "etat de la localisation": "autre", "ID BDGEO": "10829", "horodatage": "2022-04-01 16:23:08", "distance (en metres)": 6251.68, "station": "VOLTAIRE-LEON BLUM.", "marker-color": "#818181"}}, {"type": "Feature", "geometry": {"type": "Point", "coordinates": [2.399922, 48.865219]}, "properties": {"numparc": 634, "etat de la localisation": "autre", "ID BDGEO": "3196", "horodatage": "2022-04-01 16:23:37", "distance (en metres)": 72.14, "station": "GAMBETTA-MAIRIE DU 20EME.", "marker-color": "#818181"}}, {"type": "Feature", "geometry": {"type": "Point", "coordinates": [2.36218, 48.854801]}, "properties": {"numparc": 631, "etat de la localisation": "autre", "ID BDGEO": "10829", "horodatage": "2022-04-01 16:23:58", "distance (en metres)": 1427.26, "station": "VOLTAIRE-LEON BLUM.", "marker-color": "#818181"}}, {"type": "Feature", "geometry": {"type": "Point", "coordinates": [2.35064, 48.85775]}, "properties": {"numparc": 621, "etat de la localisation": "autre", "ID BDGEO": "2637", "horodatage": "2022-04-01 16:24:26", "distance (en metres)": 1349.45, "station": "BASTILLE-RUE SAINT-ANTOINE", "marker-color": "#818181"}}, {"type": "Feature", "geometry": {"type": "Point", "coordinates": [2.35064, 48.85775]}, "properties": {"numparc": 621, "etat de la localisation": "autre", "ID BDGEO": "2637", "horodatage": "2022-04-01 16:24:38", "distance (en metres)": 1349.45, "station": "BASTILLE-RUE SAINT-ANTOINE", "marker-color": "#818181"}}, {"type": "Feature", "geometry": {"type": "Point", "coordinates": [2.296803, 48.855003]}, "properties": {"numparc": 628, "etat de la localisation": "autre", "ID BDGEO": "10829", "horodatage": "2022-04-01 16:25:15", "distance (en metres)": 6177.3, "station": "VOLTAIRE-LEON BLUM.", "marker-color": "#818181"}}, {"type": "Feature", "geometry": {"type": "Point", "coordinates": [2.36552, 48.85379]}, "properties": {"numparc": 631, "etat de la localisation": "autre", "ID BDGEO": "10829", "horodatage": "2022-04-01 16:25:49", "distance (en metres)": 1228.21, "station": "VOLTAIRE-LEON BLUM.", "marker-color": "#818181"}}, {"type": "Feature", "geometry": {"type": "Point", "coordinates": [2.387332, 48.867996]}, "properties": {"numparc": 623, "etat de la localisation": "Deviation programmee", "ID BDGEO": "2960", "horodatage": "2022-04-01 16:25:52", "distance (en metres)": 553.32, "station": "MURIERS", "marker-color": "#56FF93"}}, {"type": "Feature", "geometry": {"type": "Point", "coordinates": [2.34811, 48.856915]}, "properties": {"numparc": 629, "etat de la localisation": "autre", "ID BDGEO": "10829", "horodatage": "2022-04-01 16:25:59", "distance (en metres)": 2417.72, "station": "VOLTAIRE-LEON BLUM.", "marker-color": "#818181"}}, {"type": "Feature", "geometry": {"type": "Point", "coordinates": [2.348829, 48.858376]}, "properties": {"numparc": 621, "etat de la localisation": "autre", "ID BDGEO": "2637", "horodatage": "2022-04-01 16:26:06", "distance (en metres)": 1498.33, "station": "BASTILLE-RUE SAINT-ANTOINE", "marker-color": "#818181"}}, {"type": "Feature", "geometry": {"type": "Point", "coordinates": [2.32352, 48.858078]}, "properties": {"numparc": 633, "etat de la localisation": "autre", "ID BDGEO": "2637", "horodatage": "2022-04-01 16:26:33", "distance (en metres)": 3282.42, "station": "BASTILLE-RUE SAINT-ANTOINE", "marker-color": "#818181"}}, {"type": "Feature", "geometry": {"type": "Point", "coordinates": [2.348449, 48.856819]}, "properties": {"numparc": 629, "etat de la localisation": "autre", "ID BDGEO": "10829", "horodatage": "2022-04-01 16:26:44", "distance (en metres)": 2393.44, "station": "VOLTAIRE-LEON BLUM.", "marker-color": "#818181"}}, {"type": "Feature", "geometry": {"type": "Point", "coordinates": [2.368069, 48.853333]}, "properties": {"numparc": 631, "etat de la localisation": "autre", "ID BDGEO": "10829", "horodatage": "2022-04-01 16:27:02", "distance (en metres)": 1079.87, "station": "VOLTAIRE-LEON BLUM.", "marker-color": "#818181"}}, {"type": "Feature", "geometry": {"type": "Point", "coordinates": [2.309751, 48.858017]}, "properties": {"numparc": 632, "etat de la localisation": "autre", "ID BDGEO": "2637", "horodatage": "2022-04-01 16:27:11", "distance (en metres)": 4278.68, "station": "BASTILLE-RUE SAINT-ANTOINE", "marker-color": "#818181"}}, {"type": "Feature", "geometry": {"type": "Point", "coordinates": [2.300069, 48.857197]}, "properties": {"numparc": 628, "etat de la localisation": "autre", "ID BDGEO": "10829", "horodatage": "2022-04-01 16:27:23", "distance (en metres)": 5930.5, "station": "VOLTAIRE-LEON BLUM.", "marker-color": "#818181"}}, {"type": "Feature", "geometry": {"type": "Point", "coordinates": [2.344435, 48.859791]}, "properties": {"numparc": 621, "etat de la localisation": "autre", "ID BDGEO": "2637", "horodatage": "2022-04-01 16:27:26", "distance (en metres)": 1855.58, "station": "BASTILLE-RUE SAINT-ANTOINE", "marker-color": "#818181"}}, {"type": "Feature", "geometry": {"type": "Point", "coordinates": [2.350276, 48.856136]}, "properties": {"numparc": 629, "etat de la localisation": "autre", "ID BDGEO": "10829", "horodatage": "2022-04-01 16:28:02", "distance (en metres)": 2265.12, "station": "VOLTAIRE-LEON BLUM.", "marker-color": "#818181"}}, {"type": "Feature", "geometry": {"type": "Point", "coordinates": [2.325328, 48.855663]}, "properties": {"numparc": 633, "etat de la localisation": "autre", "ID BDGEO": "2637", "horodatage": "2022-04-01 16:28:08", "distance (en metres)": 3117.85, "station": "BASTILLE-RUE SAINT-ANTOINE", "marker-color": "#818181"}}, {"type": "Feature", "geometry": {"type": "Point", "coordinates": [2.370734, 48.853657]}, "properties": {"numparc": 631, "etat de la localisation": "autre", "ID BDGEO": "10829", "horodatage": "2022-04-01 16:28:41", "distance (en metres)": 892.53, "station": "VOLTAIRE-LEON BLUM.", "marker-color": "#818181"}}, {"type": "Feature", "geometry": {"type": "Point", "coordinates": [2.350492, 48.856071]}, "properties": {"numparc": 629, "etat de la localisation": "autre", "ID BDGEO": "10829", "horodatage": "2022-04-01 16:28:42", "distance (en metres)": 2250.0, "station": "VOLTAIRE-LEON BLUM.", "marker-color": "#818181"}}, {"type": "Feature", "geometry": {"type": "Point", "coordinates": [2.388777, 48.868401]}, "properties": {"numparc": 623, "etat de la localisation": "Deviation programmee", "ID BDGEO": "2960", "horodatage": "2022-04-01 16:29:21", "distance (en metres)": 536.62, "station": "MURIERS", "marker-color": "#56FF93"}}, {"type": "Feature", "geometry": {"type": "Point", "coordinates": [2.303928, 48.856884]}, "properties": {"numparc": 632, "etat de la localisation": "autre", "ID BDGEO": "2637", "horodatage": "2022-04-01 16:29:24", "distance (en metres)": 4689.38, "station": "BASTILLE-RUE SAINT-ANTOINE", "marker-color": "#818181"}}, {"type": "Feature", "geometry": {"type": "Point", "coordinates": [2.388325, 48.863113]}, "properties": {"numparc": 620, "etat de la localisation": "autre", "ID BDGEO": "711", "horodatage": "2022-04-01 16:29:24", "distance (en metres)": 88.78, "station": "PERE LACHAISE", "marker-color": "#818181"}}, {"type": "Feature", "geometry": {"type": "Point", "coordinates": [2.371875, 48.854485]}, "properties": {"numparc": 631, "etat de la localisation": "autre", "ID BDGEO": "10829", "horodatage": "2022-04-01 16:29:26", "distance (en metres)": 773.97, "station": "VOLTAIRE-LEON BLUM.", "marker-color": "#818181"}}, {"type": "Feature", "geometry": {"type": "Point", "coordinates": [2.340123, 48.861206]}, "properties": {"numparc": 621, "etat de la localisation": "autre", "ID BDGEO": "2637", "horodatage": "2022-04-01 16:29:40", "distance (en metres)": 2207.52, "station": "BASTILLE-RUE SAINT-ANTOINE", "marker-color": "#818181"}}, {"type": "Feature", "geometry": {"type": "Point", "coordinates": [2.30399, 48.858898]}, "properties": {"numparc": 628, "etat de la localisation": "autre", "ID BDGEO": "10829", "horodatage": "2022-04-01 16:29:44", "distance (en metres)": 5644.29, "station": "VOLTAIRE-LEON BLUM.", "marker-color": "#818181"}}, {"type": "Feature", "geometry": {"type": "Point", "coordinates": [2.400086, 48.864983]}, "properties": {"numparc": 634, "etat de la localisation": "autre", "ID BDGEO": "3196", "horodatage": "2022-04-01 16:29:49", "distance (en metres)": 98.85, "station": "GAMBETTA-MAIRIE DU 20EME.", "marker-color": "#818181"}}, {"type": "Feature", "geometry": {"type": "Point", "coordinates": [2.301971, 48.8564]}, "properties": {"numparc": 632, "etat de la localisation": "autre", "ID BDGEO": "2637", "horodatage": "2022-04-01 16:30:18", "distance (en metres)": 4827.9, "station": "BASTILLE-RUE SAINT-ANTOINE", "marker-color": "#818181"}}, {"type": "Feature", "geometry": {"type": "Point", "coordinates": [2.375447, 48.855927]}, "properties": {"numparc": 631, "etat de la localisation": "autre", "ID BDGEO": "10829", "horodatage": "2022-04-01 16:30:34", "distance (en metres)": 467.86, "station": "VOLTAIRE-LEON BLUM.", "marker-color": "#818181"}}, {"type": "Feature", "geometry": {"type": "Point", "coordinates": [2.307136, 48.859592]}, "properties": {"numparc": 628, "etat de la localisation": "autre", "ID BDGEO": "10829", "horodatage": "2022-04-01 16:31:00", "distance (en metres)": 5416.33, "station": "VOLTAIRE-LEON BLUM.", "marker-color": "#818181"}}, {"type": "Feature", "geometry": {"type": "Point", "coordinates": [2.320609, 48.85667]}, "properties": {"numparc": 633, "etat de la localisation": "autre", "ID BDGEO": "2637", "horodatage": "2022-04-01 16:31:20", "distance (en metres)": 3472.32, "station": "BASTILLE-RUE SAINT-ANTOINE", "marker-color": "#818181"}}, {"type": "Feature", "geometry": {"type": "Point", "coordinates": [2.299627, 48.857452]}, "properties": {"numparc": 632, "etat de la localisation": "autre", "ID BDGEO": "2637", "horodatage": "2022-04-01 16:31:23", "distance (en metres)": 5008.39, "station": "BASTILLE-RUE SAINT-ANTOINE", "marker-color": "#818181"}}, {"type": "Feature", "geometry": {"type": "Point", "coordinates": [2.33566, 48.862644]}, "properties": {"numparc": 621, "etat de la localisation": "autre", "ID BDGEO": "2637", "horodatage": "2022-04-01 16:31:47", "distance (en metres)": 2570.74, "station": "BASTILLE-RUE SAINT-ANTOINE", "marker-color": "#818181"}}, {"type": "Feature", "geometry": {"type": "Point", "coordinates": [2.356014, 48.855789]}, "properties": {"numparc": 629, "etat de la localisation": "autre", "ID BDGEO": "10829", "horodatage": "2022-04-01 16:31:50", "distance (en metres)": 1851.59, "station": "VOLTAIRE-LEON BLUM.", "marker-color": "#818181"}}, {"type": "Feature", "geometry": {"type": "Point", "coordinates": [2.378338, 48.856953]}, "properties": {"numparc": 631, "etat de la localisation": "autre", "ID BDGEO": "10829", "horodatage": "2022-04-01 16:32:24", "distance (en metres)": 227.6, "station": "VOLTAIRE-LEON BLUM.", "marker-color": "#818181"}}, {"type": "Feature", "geometry": {"type": "Point", "coordinates": [2.316951, 48.857731]}, "properties": {"numparc": 633, "etat de la localisation": "autre", "ID BDGEO": "2637", "horodatage": "2022-04-01 16:32:27", "distance (en metres)": 3752.16, "station": "BASTILLE-RUE SAINT-ANTOINE", "marker-color": "#818181"}}, {"type": "Feature", "geometry": {"type": "Point", "coordinates": [2.296273, 48.855175]}, "properties": {"numparc": 632, "etat de la localisation": "autre", "ID BDGEO": "10829", "horodatage": "2022-04-01 16:32:32", "distance (en metres)": 6215.07, "station": "VOLTAIRE-LEON BLUM.", "marker-color": "#818181"}}, {"type": "Feature", "geometry": {"type": "Point", "coordinates": [2.358107, 48.855453]}, "properties": {"numparc": 629, "etat de la localisation": "autre", "ID BDGEO": "10829", "horodatage": "2022-04-01 16:32:52", "distance (en metres)": 1705.22, "station": "VOLTAIRE-LEON BLUM.", "marker-color": "#818181"}}, {"type": "Feature", "geometry": {"type": "Point", "coordinates": [2.314476, 48.859924]}, "properties": {"numparc": 628, "etat de la localisation": "autre", "ID BDGEO": "10829", "horodatage": "2022-04-01 16:33:37", "distance (en metres)": 4881.31, "station": "VOLTAIRE-LEON BLUM.", "marker-color": "#818181"}}, {"type": "Feature", "geometry": {"type": "Point", "coordinates": [2.388007, 48.863083]}, "properties": {"numparc": 620, "etat de la localisation": "autre", "ID BDGEO": "711", "horodatage": "2022-04-01 16:33:46", "distance (en metres)": 75.45, "station": "PERE LACHAISE", "marker-color": "#818181"}}, {"type": "Feature", "geometry": {"type": "Point", "coordinates": [2.362154, 48.854763]}, "properties": {"numparc": 629, "etat de la localisation": "autre", "ID BDGEO": "10829", "horodatage": "2022-04-01 16:34:23", "distance (en metres)": 1430.12, "station": "VOLTAIRE-LEON BLUM.", "marker-color": "#818181"}}, {"type": "Feature", "geometry": {"type": "Point", "coordinates": [2.398931, 48.865765]}, "properties": {"numparc": 625, "etat de la localisation": "autre", "ID BDGEO": "2", "horodatage": "2022-04-01 16:34:24", "distance (en metres)": 80.63, "station": "GAMBETTA-JAPON", "marker-color": "#818181"}}, {"type": "Feature", "geometry": {"type": "Point", "coordinates": [2.333719, 48.860832]}, "properties": {"numparc": 621, "etat de la localisation": "autre", "ID BDGEO": "2637", "horodatage": "2022-04-01 16:34:28", "distance (en metres)": 2630.15, "station": "BASTILLE-RUE SAINT-ANTOINE", "marker-color": "#818181"}}, {"type": "Feature", "geometry": {"type": "Point", "coordinates": [2.386198, 48.867748]}, "properties": {"numparc": 636, "etat de la localisation": "Deviation programmee", "ID BDGEO": "2960", "horodatage": "2022-04-01 16:34:42", "distance (en metres)": 587.55, "station": "MURIERS", "marker-color": "#56FF93"}}, {"type": "Feature", "geometry": {"type": "Point", "coordinates": [2.362287, 48.854736]}, "properties": {"numparc": 629, "etat de la localisation": "autre", "ID BDGEO": "10829", "horodatage": "2022-04-01 16:34:43", "distance (en metres)": 1421.4, "station": "VOLTAIRE-LEON BLUM.", "marker-color": "#818181"}}, {"type": "Feature", "geometry": {"type": "Point", "coordinates": [2.377537, 48.860023]}, "properties": {"numparc": 622, "etat de la localisation": "autre", "ID BDGEO": "708", "horodatage": "2022-04-01 16:35:10", "distance (en metres)": 336.9, "station": "VOLTAIRE-LEON BLUM", "marker-color": "#818181"}}, {"type": "Feature", "geometry": {"type": "Point", "coordinates": [2.386398, 48.867821]}, "properties": {"numparc": 636, "etat de la localisation": "Deviation programmee", "ID BDGEO": "2960", "horodatage": "2022-04-01 16:35:33", "distance (en metres)": 583.0, "station": "MURIERS", "marker-color": "#56FF93"}}, {"type": "Feature", "geometry": {"type": "Point", "coordinates": [2.30961, 48.858028]}, "properties": {"numparc": 633, "etat de la localisation": "autre", "ID BDGEO": "2637", "horodatage": "2022-04-01 16:35:37", "distance (en metres)": 4289.08, "station": "BASTILLE-RUE SAINT-ANTOINE", "marker-color": "#818181"}}, {"type": "Feature", "geometry": {"type": "Point", "coordinates": [2.319911, 48.859234]}, "properties": {"numparc": 628, "etat de la localisation": "autre", "ID BDGEO": "10829", "horodatage": "2022-04-01 16:35:58", "distance (en metres)": 4480.94, "station": "VOLTAIRE-LEON BLUM.", "marker-color": "#818181"}}, {"type": "Feature", "geometry": {"type": "Point", "coordinates": [2.365461, 48.853672]}, "properties": {"numparc": 629, "etat de la localisation": "autre", "ID BDGEO": "10829", "horodatage": "2022-04-01 16:36:16", "distance (en metres)": 1237.11, "station": "VOLTAIRE-LEON BLUM.", "marker-color": "#818181"}}, {"type": "Feature", "geometry": {"type": "Point", "coordinates": [2.374792, 48.859058]}, "properties": {"numparc": 622, "etat de la localisation": "autre", "ID BDGEO": "707", "horodatage": "2022-04-01 16:36:33", "distance (en metres)": 351.76, "station": "POPINCOURT", "marker-color": "#818181"}}, {"type": "Feature", "geometry": {"type": "Point", "coordinates": [2.306132, 48.857761]}, "properties": {"numparc": 633, "etat de la localisation": "autre", "ID BDGEO": "2637", "horodatage": "2022-04-01 16:36:51", "distance (en metres)": 4538.36, "station": "BASTILLE-RUE SAINT-ANTOINE", "marker-color": "#818181"}}, {"type": "Feature", "geometry": {"type": "Point", "coordinates": [2.367998, 48.853245]}, "properties": {"numparc": 629, "etat de la localisation": "autre", "ID BDGEO": "10829", "horodatage": "2022-04-01 16:37:33", "distance (en metres)": 1089.04, "station": "VOLTAIRE-LEON BLUM.", "marker-color": "#818181"}}, {"type": "Feature", "geometry": {"type": "Point", "coordinates": [2.399634, 48.865276]}, "properties": {"numparc": 625, "etat de la localisation": "autre", "ID BDGEO": "3196", "horodatage": "2022-04-01 16:37:41", "distance (en metres)": 52.42, "station": "GAMBETTA-MAIRIE DU 20EME.", "marker-color": "#818181"}}, {"type": "Feature", "geometry": {"type": "Point", "coordinates": [2.296273, 48.855175]}, "properties": {"numparc": 632, "etat de la localisation": "autre", "ID BDGEO": "10829", "horodatage": "2022-04-01 16:38:17", "distance (en metres)": 6215.07, "station": "VOLTAIRE-LEON BLUM.", "marker-color": "#818181"}}, {"type": "Feature", "geometry": {"type": "Point", "coordinates": [2.371171, 48.85791]}, "properties": {"numparc": 622, "etat de la localisation": "autre", "ID BDGEO": "705", "horodatage": "2022-04-01 16:38:22", "distance (en metres)": 380.86, "station": "BREGUET-SABIN", "marker-color": "#818181"}}, {"type": "Feature", "geometry": {"type": "Point", "coordinates": [2.303858, 48.856953]}, "properties": {"numparc": 633, "etat de la localisation": "autre", "ID BDGEO": "2637", "horodatage": "2022-04-01 16:38:41", "distance (en metres)": 4695.13, "station": "BASTILLE-RUE SAINT-ANTOINE", "marker-color": "#818181"}}, {"type": "Feature", "geometry": {"type": "Point", "coordinates": [2.323659, 48.857761]}, "properties": {"numparc": 628, "etat de la localisation": "autre", "ID BDGEO": "10829", "horodatage": "2022-04-01 16:38:48", "distance (en metres)": 4204.23, "station": "VOLTAIRE-LEON BLUM.", "marker-color": "#818181"}}, {"type": "Feature", "geometry": {"type": "Point", "coordinates": [2.323429, 48.858021]}, "properties": {"numparc": 621, "etat de la localisation": "autre", "ID BDGEO": "2637", "horodatage": "2022-04-01 16:39:27", "distance (en metres)": 3287.95, "station": "BASTILLE-RUE SAINT-ANTOINE", "marker-color": "#818181"}}, {"type": "Feature", "geometry": {"type": "Point", "coordinates": [2.385458, 48.861938]}, "properties": {"numparc": 620, "etat de la localisation": "autre", "ID BDGEO": "711", "horodatage": "2022-04-01 16:39:27", "distance (en metres)": 171.11, "station": "PERE LACHAISE", "marker-color": "#818181"}}, {"type": "Feature", "geometry": {"type": "Point", "coordinates": [2.387173, 48.868004]}, "properties": {"numparc": 636, "etat de la localisation": "Deviation programmee", "ID BDGEO": "2960", "horodatage": "2022-04-01 16:39:49", "distance (en metres)": 561.11, "station": "MURIERS", "marker-color": "#56FF93"}}, {"type": "Feature", "geometry": {"type": "Point", "coordinates": [2.296701, 48.854992]}, "properties": {"numparc": 632, "etat de la localisation": "autre", "ID BDGEO": "10829", "horodatage": "2022-04-01 16:40:07", "distance (en metres)": 6184.82, "station": "VOLTAIRE-LEON BLUM.", "marker-color": "#818181"}}, {"type": "Feature", "geometry": {"type": "Point", "coordinates": [2.326474, 48.85627]}, "properties": {"numparc": 628, "etat de la localisation": "autre", "ID BDGEO": "10829", "horodatage": "2022-04-01 16:40:19", "distance (en metres)": 4002.25, "station": "VOLTAIRE-LEON BLUM.", "marker-color": "#818181"}}, {"type": "Feature", "geometry": {"type": "Point", "coordinates": [2.368523, 48.857048]}, "properties": {"numparc": 622, "etat de la localisation": "autre", "ID BDGEO": "705", "horodatage": "2022-04-01 16:40:26", "distance (en metres)": 384.94, "station": "BREGUET-SABIN", "marker-color": "#818181"}}, {"type": "Feature", "geometry": {"type": "Point", "coordinates": [2.370694, 48.853668]}, "properties": {"numparc": 629, "etat de la localisation": "autre", "ID BDGEO": "10829", "horodatage": "2022-04-01 16:40:30", "distance (en metres)": 894.36, "station": "VOLTAIRE-LEON BLUM.", "marker-color": "#818181"}}, {"type": "Feature", "geometry": {"type": "Point", "coordinates": [2.393054, 48.864292]}, "properties": {"numparc": 634, "etat de la localisation": "autre", "ID BDGEO": "2960", "horodatage": "2022-04-01 16:40:31", "distance (en metres)": 87.57, "station": "MURIERS", "marker-color": "#818181"}}, {"type": "Feature", "geometry": {"type": "Point", "coordinates": [2.29961, 48.857475]}, "properties": {"numparc": 633, "etat de la localisation": "autre", "ID BDGEO": "2637", "horodatage": "2022-04-01 16:40:46", "distance (en metres)": 5009.88, "station": "BASTILLE-RUE SAINT-ANTOINE", "marker-color": "#818181"}}, {"type": "Feature", "geometry": {"type": "Point", "coordinates": [2.3253, 48.855648]}, "properties": {"numparc": 621, "etat de la localisation": "autre", "ID BDGEO": "2637", "horodatage": "2022-04-01 16:41:13", "distance (en metres)": 3119.76, "station": "BASTILLE-RUE SAINT-ANTOINE", "marker-color": "#818181"}}, {"type": "Feature", "geometry": {"type": "Point", "coordinates": [2.300084, 48.857353]}, "properties": {"numparc": 632, "etat de la localisation": "autre", "ID BDGEO": "10829", "horodatage": "2022-04-01 16:41:23", "distance (en metres)": 5929.21, "station": "VOLTAIRE-LEON BLUM.", "marker-color": "#818181"}}, {"type": "Feature", "geometry": {"type": "Point", "coordinates": [2.296276, 48.855194]}, "properties": {"numparc": 633, "etat de la localisation": "autre", "ID BDGEO": "10829", "horodatage": "2022-04-01 16:41:58", "distance (en metres)": 6214.74, "station": "VOLTAIRE-LEON BLUM.", "marker-color": "#818181"}}, {"type": "Feature", "geometry": {"type": "Point", "coordinates": [2.386501, 48.859921]}, "properties": {"numparc": 620, "etat de la localisation": "autre", "ID BDGEO": "709", "horodatage": "2022-04-01 16:42:11", "distance (en metres)": 164.43, "station": "SAINT-MAUR-SERVAN", "marker-color": "#818181"}}, {"type": "Feature", "geometry": {"type": "Point", "coordinates": [2.375415, 48.855904]}, "properties": {"numparc": 629, "etat de la localisation": "autre", "ID BDGEO": "10829", "horodatage": "2022-04-01 16:42:31", "distance (en metres)": 471.11, "station": "VOLTAIRE-LEON BLUM.", "marker-color": "#818181"}}, {"type": "Feature", "geometry": {"type": "Point", "coordinates": [2.388683, 48.863312]}, "properties": {"numparc": 637, "etat de la localisation": "autre", "ID BDGEO": "4539", "horodatage": "2022-04-01 16:42:44", "distance (en metres)": 2027.15, "station": "LAGNY ENTREE", "marker-color": "#818181"}}, {"type": "Feature", "geometry": {"type": "Point", "coordinates": [2.295914, 48.854828]}, "properties": {"numparc": 633, "etat de la localisation": "autre", "ID BDGEO": "10829", "horodatage": "2022-04-01 16:42:47", "distance (en metres)": 6243.3, "station": "VOLTAIRE-LEON BLUM.", "marker-color": "#818181"}}, {"type": "Feature", "geometry": {"type": "Point", "coordinates": [2.386963, 48.859367]}, "properties": {"numparc": 631, "etat de la localisation": "autre", "ID BDGEO": "655", "horodatage": "2022-04-01 16:43:19", "distance (en metres)": 67.36, "station": "ROQUETTE-PERE LACHAISE", "marker-color": "#818181"}}, {"type": "Feature", "geometry": {"type": "Point", "coordinates": [2.328932, 48.859016]}, "properties": {"numparc": 628, "etat de la localisation": "autre", "ID BDGEO": "10829", "horodatage": "2022-04-01 16:43:29", "distance (en metres)": 3820.56, "station": "VOLTAIRE-LEON BLUM.", "marker-color": "#818181"}}, {"type": "Feature", "geometry": {"type": "Point", "coordinates": [2.387182, 48.859432]}, "properties": {"numparc": 631, "etat de la localisation": "autre", "ID BDGEO": "655", "horodatage": "2022-04-01 16:43:50", "distance (en metres)": 72.33, "station": "ROQUETTE-PERE LACHAISE", "marker-color": "#818181"}}, {"type": "Feature", "geometry": {"type": "Point", "coordinates": [2.378299, 48.856918]}, "properties": {"numparc": 629, "etat de la localisation": "autre", "ID BDGEO": "10829", "horodatage": "2022-04-01 16:44:11", "distance (en metres)": 231.87, "station": "VOLTAIRE-LEON BLUM.", "marker-color": "#818181"}}, {"type": "Feature", "geometry": {"type": "Point", "coordinates": [2.30394, 48.859024]}, "properties": {"numparc": 632, "etat de la localisation": "autre", "ID BDGEO": "10829", "horodatage": "2022-04-01 16:44:13", "distance (en metres)": 5648.23, "station": "VOLTAIRE-LEON BLUM.", "marker-color": "#818181"}}, {"type": "Feature", "geometry": {"type": "Point", "coordinates": [2.320582, 48.85656]}, "properties": {"numparc": 621, "etat de la localisation": "autre", "ID BDGEO": "2637", "horodatage": "2022-04-01 16:44:53", "distance (en metres)": 3472.98, "station": "BASTILLE-RUE SAINT-ANTOINE", "marker-color": "#818181"}}, {"type": "Feature", "geometry": {"type": "Point", "coordinates": [2.365222, 48.853889]}, "properties": {"numparc": 622, "etat de la localisation": "autre", "ID BDGEO": "2637", "horodatage": "2022-04-01 16:45:04", "distance (en metres)": 199.61, "station": "BASTILLE-RUE SAINT-ANTOINE", "marker-color": "#818181"}}, {"type": "Feature", "geometry": {"type": "Point", "coordinates": [2.307137, 48.859623]}, "properties": {"numparc": 632, "etat de la localisation": "autre", "ID BDGEO": "10829", "horodatage": "2022-04-01 16:46:01", "distance (en metres)": 5416.38, "station": "VOLTAIRE-LEON BLUM.", "marker-color": "#818181"}}, {"type": "Feature", "geometry": {"type": "Point", "coordinates": [2.399981, 48.865265]}, "properties": {"numparc": 623, "etat de la localisation": "autre", "ID BDGEO": "3196", "horodatage": "2022-04-01 16:46:07", "distance (en metres)": 72.61, "station": "GAMBETTA-MAIRIE DU 20EME.", "marker-color": "#818181"}}, {"type": "Feature", "geometry": {"type": "Point", "coordinates": [2.316981, 48.857647]}, "properties": {"numparc": 621, "etat de la localisation": "autre", "ID BDGEO": "2637", "horodatage": "2022-04-01 16:46:25", "distance (en metres)": 3748.77, "station": "BASTILLE-RUE SAINT-ANTOINE", "marker-color": "#818181"}}, {"type": "Feature", "geometry": {"type": "Point", "coordinates": [2.38587, 48.862202]}, "properties": {"numparc": 637, "etat de la localisation": "autre", "ID BDGEO": "4539", "horodatage": "2022-04-01 16:46:34", "distance (en metres)": 2087.41, "station": "LAGNY ENTREE", "marker-color": "#818181"}}, {"type": "Feature", "geometry": {"type": "Point", "coordinates": [2.362066, 48.854973]}, "properties": {"numparc": 622, "etat de la localisation": "autre", "ID BDGEO": "2637", "horodatage": "2022-04-01 16:46:50", "distance (en metres)": 459.01, "station": "BASTILLE-RUE SAINT-ANTOINE", "marker-color": "#818181"}}, {"type": "Feature", "geometry": {"type": "Point", "coordinates": [2.310698, 48.859921]}, "properties": {"numparc": 632, "etat de la localisation": "autre", "ID BDGEO": "10829", "horodatage": "2022-04-01 16:47:30", "distance (en metres)": 5157.39, "station": "VOLTAIRE-LEON BLUM.", "marker-color": "#818181"}}, {"type": "Feature", "geometry": {"type": "Point", "coordinates": [2.334041, 48.859909]}, "properties": {"numparc": 628, "etat de la localisation": "autre", "ID BDGEO": "10829", "horodatage": "2022-04-01 16:47:46", "distance (en metres)": 3452.12, "station": "VOLTAIRE-LEON BLUM.", "marker-color": "#818181"}}, {"type": "Feature", "geometry": {"type": "Point", "coordinates": [2.387672, 48.862488]}, "properties": {"numparc": 631, "etat de la localisation": "autre", "ID BDGEO": "653", "horodatage": "2022-04-01 16:48:13", "distance (en metres)": 80.8, "station": "AUGUSTE METIVIER", "marker-color": "#818181"}}, {"type": "Feature", "geometry": {"type": "Point", "coordinates": [2.38834, 48.86319]}, "properties": {"numparc": 634, "etat de la localisation": "autre", "ID BDGEO": "711", "horodatage": "2022-04-01 16:48:23", "distance (en metres)": 96.58, "station": "PERE LACHAISE", "marker-color": "#818181"}}, {"type": "Feature", "geometry": {"type": "Point", "coordinates": [2.309672, 48.858074]}, "properties": {"numparc": 621, "etat de la localisation": "autre", "ID BDGEO": "2637", "horodatage": "2022-04-01 16:48:48", "distance (en metres)": 4285.2, "station": "BASTILLE-RUE SAINT-ANTOINE", "marker-color": "#818181"}}, {"type": "Feature", "geometry": {"type": "Point", "coordinates": [2.338634, 48.859085]}, "properties": {"numparc": 628, "etat de la localisation": "autre", "ID BDGEO": "10829", "horodatage": "2022-04-01 16:48:53", "distance (en metres)": 3111.59, "station": "VOLTAIRE-LEON BLUM.", "marker-color": "#818181"}}, {"type": "Feature", "geometry": {"type": "Point", "coordinates": [2.357515, 48.85611]}, "properties": {"numparc": 622, "etat de la localisation": "autre", "ID BDGEO": "2637", "horodatage": "2022-04-01 16:49:03", "distance (en metres)": 814.8, "station": "BASTILLE-RUE SAINT-ANTOINE", "marker-color": "#818181"}}, {"type": "Feature", "geometry": {"type": "Point", "coordinates": [2.392765, 48.864258]}, "properties": {"numparc": 625, "etat de la localisation": "autre", "ID BDGEO": "2960", "horodatage": "2022-04-01 16:49:04", "distance (en metres)": 66.39, "station": "MURIERS", "marker-color": "#818181"}}, {"type": "Feature", "geometry": {"type": "Point", "coordinates": [2.314455, 48.859909]}, "properties": {"numparc": 632, "etat de la localisation": "autre", "ID BDGEO": "10829", "horodatage": "2022-04-01 16:49:38", "distance (en metres)": 4882.77, "station": "VOLTAIRE-LEON BLUM.", "marker-color": "#818181"}}, {"type": "Feature", "geometry": {"type": "Point", "coordinates": [2.306121, 48.857765]}, "properties": {"numparc": 621, "etat de la localisation": "autre", "ID BDGEO": "2637", "horodatage": "2022-04-01 16:49:58", "distance (en metres)": 4539.2, "station": "BASTILLE-RUE SAINT-ANTOINE", "marker-color": "#818181"}}, {"type": "Feature", "geometry": {"type": "Point", "coordinates": [2.295914, 48.854828]}, "properties": {"numparc": 633, "etat de la localisation": "autre", "ID BDGEO": "10829", "horodatage": "2022-04-01 16:50:18", "distance (en metres)": 6243.3, "station": "VOLTAIRE-LEON BLUM.", "marker-color": "#818181"}}, {"type": "Feature", "geometry": {"type": "Point", "coordinates": [2.341453, 48.858639]}, "properties": {"numparc": 628, "etat de la localisation": "autre", "ID BDGEO": "10829", "horodatage": "2022-04-01 16:50:24", "distance (en metres)": 2903.68, "station": "VOLTAIRE-LEON BLUM.", "marker-color": "#818181"}}, {"type": "Feature", "geometry": {"type": "Point", "coordinates": [2.377603, 48.860081]}, "properties": {"numparc": 620, "etat de la localisation": "autre", "ID BDGEO": "708", "horodatage": "2022-04-01 16:50:27", "distance (en metres)": 338.84, "station": "VOLTAIRE-LEON BLUM", "marker-color": "#818181"}}, {"type": "Feature", "geometry": {"type": "Point", "coordinates": [2.385035, 48.85894]}, "properties": {"numparc": 637, "etat de la localisation": "autre", "ID BDGEO": "4539", "horodatage": "2022-04-01 16:50:34", "distance (en metres)": 1919.68, "station": "LAGNY ENTREE", "marker-color": "#818181"}}, {"type": "Feature", "geometry": {"type": "Point", "coordinates": [2.350569, 48.857788]}, "properties": {"numparc": 622, "etat de la localisation": "autre", "ID BDGEO": "2637", "horodatage": "2022-04-01 16:51:43", "distance (en metres)": 1355.84, "station": "BASTILLE-RUE SAINT-ANTOINE", "marker-color": "#818181"}}, {"type": "Feature", "geometry": {"type": "Point", "coordinates": [2.303828, 48.856945]}, "properties": {"numparc": 621, "etat de la localisation": "autre", "ID BDGEO": "2637", "horodatage": "2022-04-01 16:51:58", "distance (en metres)": 4697.24, "station": "BASTILLE-RUE SAINT-ANTOINE", "marker-color": "#818181"}}, {"type": "Feature", "geometry": {"type": "Point", "coordinates": [2.319843, 48.859127]}, "properties": {"numparc": 632, "etat de la localisation": "autre", "ID BDGEO": "10829", "horodatage": "2022-04-01 16:52:29", "distance (en metres)": 4485.53, "station": "VOLTAIRE-LEON BLUM.", "marker-color": "#818181"}}, {"type": "Feature", "geometry": {"type": "Point", "coordinates": [2.37482, 48.859093]}, "properties": {"numparc": 620, "etat de la localisation": "autre", "ID BDGEO": "707", "horodatage": "2022-04-01 16:52:41", "distance (en metres)": 352.87, "station": "POPINCOURT", "marker-color": "#818181"}}, {"type": "Feature", "geometry": {"type": "Point", "coordinates": [2.348505, 48.856812]}, "properties": {"numparc": 628, "etat de la localisation": "autre", "ID BDGEO": "10829", "horodatage": "2022-04-01 16:53:10", "distance (en metres)": 2389.39, "station": "VOLTAIRE-LEON BLUM.", "marker-color": "#818181"}}, {"type": "Feature", "geometry": {"type": "Point", "coordinates": [2.348797, 48.858356]}, "properties": {"numparc": 622, "etat de la localisation": "autre", "ID BDGEO": "2637", "horodatage": "2022-04-01 16:53:35", "distance (en metres)": 1499.69, "station": "BASTILLE-RUE SAINT-ANTOINE", "marker-color": "#818181"}}, {"type": "Feature", "geometry": {"type": "Point", "coordinates": [2.323635, 48.857712]}, "properties": {"numparc": 632, "etat de la localisation": "autre", "ID BDGEO": "10829", "horodatage": "2022-04-01 16:54:11", "distance (en metres)": 4205.99, "station": "VOLTAIRE-LEON BLUM.", "marker-color": "#818181"}}, {"type": "Feature", "geometry": {"type": "Point", "coordinates": [2.371231, 48.857864]}, "properties": {"numparc": 620, "etat de la localisation": "autre", "ID BDGEO": "705", "horodatage": "2022-04-01 16:54:33", "distance (en metres)": 375.04, "station": "BREGUET-SABIN", "marker-color": "#818181"}}, {"type": "Feature", "geometry": {"type": "Point", "coordinates": [2.385502, 48.862183]}, "properties": {"numparc": 634, "etat de la localisation": "autre", "ID BDGEO": "711", "horodatage": "2022-04-01 16:54:45", "distance (en metres)": 161.07, "station": "PERE LACHAISE", "marker-color": "#818181"}}, {"type": "Feature", "geometry": {"type": "Point", "coordinates": [2.299503, 48.857468]}, "properties": {"numparc": 621, "etat de la localisation": "autre", "ID BDGEO": "2637", "horodatage": "2022-04-01 16:54:46", "distance (en metres)": 5017.58, "station": "BASTILLE-RUE SAINT-ANTOINE", "marker-color": "#818181"}}, {"type": "Feature", "geometry": {"type": "Point", "coordinates": [2.388778, 48.860317]}, "properties": {"numparc": 629, "etat de la localisation": "autre", "ID BDGEO": "655", "horodatage": "2022-04-01 16:54:48", "distance (en metres)": 177.1, "station": "ROQUETTE-PERE LACHAISE", "marker-color": "#818181"}}, {"type": "Feature", "geometry": {"type": "Point", "coordinates": [2.350375, 48.856136]}, "properties": {"numparc": 628, "etat de la localisation": "autre", "ID BDGEO": "10829", "horodatage": "2022-04-01 16:54:56", "distance (en metres)": 2257.91, "station": "VOLTAIRE-LEON BLUM.", "marker-color": "#818181"}}, {"type": "Feature", "geometry": {"type": "Point", "coordinates": [2.38774, 48.862469]}, "properties": {"numparc": 629, "etat de la localisation": "autre", "ID BDGEO": "653", "horodatage": "2022-04-01 16:55:43", "distance (en metres)": 80.31, "station": "AUGUSTE METIVIER", "marker-color": "#818181"}}, {"type": "Feature", "geometry": {"type": "Point", "coordinates": [2.386565, 48.859962]}, "properties": {"numparc": 634, "etat de la localisation": "autre", "ID BDGEO": "710", "horodatage": "2022-04-01 16:55:45", "distance (en metres)": 160.81, "station": "ROQUETTE-PERE LACHAISE", "marker-color": "#818181"}}, {"type": "Feature", "geometry": {"type": "Point", "coordinates": [2.36842, 48.85704]}, "properties": {"numparc": 620, "etat de la localisation": "autre", "ID BDGEO": "705", "horodatage": "2022-04-01 16:55:52", "distance (en metres)": 389.58, "station": "BREGUET-SABIN", "marker-color": "#818181"}}, {"type": "Feature", "geometry": {"type": "Point", "coordinates": [2.396964, 48.866749]}, "properties": {"numparc": 636, "etat de la localisation": "Deviation programmee", "ID BDGEO": "3196", "horodatage": "2022-04-01 16:55:55", "distance (en metres)": 203.08, "station": "GAMBETTA-MAIRIE DU 20EME.", "marker-color": "#56FF93"}}, {"type": "Feature", "geometry": {"type": "Point", "coordinates": [2.344431, 48.859818]}, "properties": {"numparc": 622, "etat de la localisation": "autre", "ID BDGEO": "2637", "horodatage": "2022-04-01 16:56:00", "distance (en metres)": 1857.0, "station": "BASTILLE-RUE SAINT-ANTOINE", "marker-color": "#818181"}}, {"type": "Feature", "geometry": {"type": "Point", "coordinates": [2.36842, 48.85704]}, "properties": {"numparc": 620, "etat de la localisation": "autre", "ID BDGEO": "705", "horodatage": "2022-04-01 16:56:12", "distance (en metres)": 389.58, "station": "BREGUET-SABIN", "marker-color": "#818181"}}, {"type": "Feature", "geometry": {"type": "Point", "coordinates": [2.326455, 48.856236]}, "properties": {"numparc": 632, "etat de la localisation": "autre", "ID BDGEO": "10829", "horodatage": "2022-04-01 16:56:22", "distance (en metres)": 4003.79, "station": "VOLTAIRE-LEON BLUM.", "marker-color": "#818181"}}, {"type": "Feature", "geometry": {"type": "Point", "coordinates": [2.328909, 48.859028]}, "properties": {"numparc": 632, "etat de la localisation": "autre", "ID BDGEO": "10829", "horodatage": "2022-04-01 16:57:41", "distance (en metres)": 3822.29, "station": "VOLTAIRE-LEON BLUM.", "marker-color": "#818181"}}, {"type": "Feature", "geometry": {"type": "Point", "coordinates": [2.296757, 48.855103]}, "properties": {"numparc": 633, "etat de la localisation": "autre", "ID BDGEO": "10829", "horodatage": "2022-04-01 16:57:49", "distance (en metres)": 6180.1, "station": "VOLTAIRE-LEON BLUM.", "marker-color": "#818181"}}, {"type": "Feature", "geometry": {"type": "Point", "coordinates": [2.355999, 48.855911]}, "properties": {"numparc": 628, "etat de la localisation": "autre", "ID BDGEO": "10829", "horodatage": "2022-04-01 16:58:41", "distance (en metres)": 1851.04, "station": "VOLTAIRE-LEON BLUM.", "marker-color": "#818181"}}, {"type": "Feature", "geometry": {"type": "Point", "coordinates": [2.388268, 48.863148]}, "properties": {"numparc": 625, "etat de la localisation": "autre", "ID BDGEO": "711", "horodatage": "2022-04-01 16:58:46", "distance (en metres)": 89.91, "station": "PERE LACHAISE", "marker-color": "#818181"}}, {"type": "Feature", "geometry": {"type": "Point", "coordinates": [2.399981, 48.865265]}, "properties": {"numparc": 623, "etat de la localisation": "autre", "ID BDGEO": "3196", "horodatage": "2022-04-01 16:58:50", "distance (en metres)": 72.61, "station": "GAMBETTA-MAIRIE DU 20EME.", "marker-color": "#818181"}}, {"type": "Feature", "geometry": {"type": "Point", "coordinates": [2.340112, 48.861221]}, "properties": {"numparc": 622, "etat de la localisation": "autre", "ID BDGEO": "2637", "horodatage": "2022-04-01 16:59:11", "distance (en metres)": 2208.93, "station": "BASTILLE-RUE SAINT-ANTOINE", "marker-color": "#818181"}}, {"type": "Feature", "geometry": {"type": "Point", "coordinates": [2.371254, 48.857887]}, "properties": {"numparc": 637, "etat de la localisation": "autre", "ID BDGEO": "4539", "horodatage": "2022-04-01 16:59:18", "distance (en metres)": 2786.4, "station": "LAGNY ENTREE", "marker-color": "#818181"}}, {"type": "Feature", "geometry": {"type": "Point", "coordinates": [2.388186, 48.863132]}, "properties": {"numparc": 625, "etat de la localisation": "autre", "ID BDGEO": "711", "horodatage": "2022-04-01 16:59:28", "distance (en metres)": 85.61, "station": "PERE LACHAISE", "marker-color": "#818181"}}, {"type": "Feature", "geometry": {"type": "Point", "coordinates": [2.300033, 48.85733]}, "properties": {"numparc": 633, "etat de la localisation": "autre", "ID BDGEO": "10829", "horodatage": "2022-04-01 16:59:30", "distance (en metres)": 5932.97, "station": "VOLTAIRE-LEON BLUM.", "marker-color": "#818181"}}, {"type": "Feature", "geometry": {"type": "Point", "coordinates": [2.400084, 48.864975]}, "properties": {"numparc": 623, "etat de la localisation": "autre", "ID BDGEO": "3196", "horodatage": "2022-04-01 16:59:40", "distance (en metres)": 99.37, "station": "GAMBETTA-MAIRIE DU 20EME.", "marker-color": "#818181"}}, {"type": "Feature", "geometry": {"type": "Point", "coordinates": [2.358095, 48.855499]}, "properties": {"numparc": 628, "etat de la localisation": "autre", "ID BDGEO": "10829", "horodatage": "2022-04-01 16:59:54", "distance (en metres)": 1705.3, "station": "VOLTAIRE-LEON BLUM.", "marker-color": "#818181"}}, {"type": "Feature", "geometry": {"type": "Point", "coordinates": [2.365199, 48.85392]}, "properties": {"numparc": 620, "etat de la localisation": "autre", "ID BDGEO": "2637", "horodatage": "2022-04-01 17:00:22", "distance (en metres)": 202.35, "station": "BASTILLE-RUE SAINT-ANTOINE", "marker-color": "#818181"}}, {"type": "Feature", "geometry": {"type": "Point", "coordinates": [2.39997, 48.865211]}, "properties": {"numparc": 636, "etat de la localisation": "autre", "ID BDGEO": "3196", "horodatage": "2022-04-01 17:00:59", "distance (en metres)": 75.42, "station": "GAMBETTA-MAIRIE DU 20EME.", "marker-color": "#818181"}}, {"type": "Feature", "geometry": {"type": "Point", "coordinates": [2.36218, 48.854797]}, "properties": {"numparc": 628, "etat de la localisation": "autre", "ID BDGEO": "10829", "horodatage": "2022-04-01 17:01:55", "distance (en metres)": 1427.36, "station": "VOLTAIRE-LEON BLUM.", "marker-color": "#818181"}}, {"type": "Feature", "geometry": {"type": "Point", "coordinates": [2.362037, 48.855022]}, "properties": {"numparc": 620, "etat de la localisation": "autre", "ID BDGEO": "2637", "horodatage": "2022-04-01 17:01:59", "distance (en metres)": 463.23, "station": "BASTILLE-RUE SAINT-ANTOINE", "marker-color": "#818181"}}, {"type": "Feature", "geometry": {"type": "Point", "coordinates": [2.331076, 48.860584]}, "properties": {"numparc": 632, "etat de la localisation": "autre", "ID BDGEO": "10829", "horodatage": "2022-04-01 17:01:59", "distance (en metres)": 3674.0, "station": "VOLTAIRE-LEON BLUM.", "marker-color": "#818181"}}, {"type": "Feature", "geometry": {"type": "Point", "coordinates": [2.385372, 48.861958]}, "properties": {"numparc": 625, "etat de la localisation": "autre", "ID BDGEO": "711", "horodatage": "2022-04-01 17:02:49", "distance (en metres)": 176.41, "station": "PERE LACHAISE", "marker-color": "#818181"}}, {"type": "Feature", "geometry": {"type": "Point", "coordinates": [2.334024, 48.859928]}, "properties": {"numparc": 632, "etat de la localisation": "autre", "ID BDGEO": "10829", "horodatage": "2022-04-01 17:02:52", "distance (en metres)": 3453.51, "station": "VOLTAIRE-LEON BLUM.", "marker-color": "#818181"}}, {"type": "Feature", "geometry": {"type": "Point", "coordinates": [2.3357, 48.862637]}, "properties": {"numparc": 622, "etat de la localisation": "autre", "ID BDGEO": "2637", "horodatage": "2022-04-01 17:02:58", "distance (en metres)": 2567.72, "station": "BASTILLE-RUE SAINT-ANTOINE", "marker-color": "#818181"}}, {"type": "Feature", "geometry": {"type": "Point", "coordinates": [2.303961, 48.858963]}, "properties": {"numparc": 633, "etat de la localisation": "autre", "ID BDGEO": "10829", "horodatage": "2022-04-01 17:03:06", "distance (en metres)": 5646.55, "station": "VOLTAIRE-LEON BLUM.", "marker-color": "#818181"}}, {"type": "Feature", "geometry": {"type": "Point", "coordinates": [2.338581, 48.859146]}, "properties": {"numparc": 632, "etat de la localisation": "autre", "ID BDGEO": "10829", "horodatage": "2022-04-01 17:03:57", "distance (en metres)": 3115.76, "station": "VOLTAIRE-LEON BLUM.", "marker-color": "#818181"}}, {"type": "Feature", "geometry": {"type": "Point", "coordinates": [2.386503, 48.859905]}, "properties": {"numparc": 625, "etat de la localisation": "autre", "ID BDGEO": "709", "horodatage": "2022-04-01 17:04:06", "distance (en metres)": 163.29, "station": "SAINT-MAUR-SERVAN", "marker-color": "#818181"}}, {"type": "Feature", "geometry": {"type": "Point", "coordinates": [2.39997, 48.865211]}, "properties": {"numparc": 636, "etat de la localisation": "autre", "ID BDGEO": "3196", "horodatage": "2022-04-01 17:04:08", "distance (en metres)": 75.42, "station": "GAMBETTA-MAIRIE DU 20EME.", "marker-color": "#818181"}}, {"type": "Feature", "geometry": {"type": "Point", "coordinates": [2.307186, 48.859657]}, "properties": {"numparc": 633, "etat de la localisation": "autre", "ID BDGEO": "10829", "horodatage": "2022-04-01 17:04:11", "distance (en metres)": 5412.94, "station": "VOLTAIRE-LEON BLUM.", "marker-color": "#818181"}}, {"type": "Feature", "geometry": {"type": "Point", "coordinates": [2.357486, 48.856155]}, "properties": {"numparc": 620, "etat de la localisation": "autre", "ID BDGEO": "2637", "horodatage": "2022-04-01 17:04:13", "distance (en metres)": 818.74, "station": "BASTILLE-RUE SAINT-ANTOINE", "marker-color": "#818181"}}, {"type": "Feature", "geometry": {"type": "Point", "coordinates": [2.365474, 48.853718]}, "properties": {"numparc": 628, "etat de la localisation": "autre", "ID BDGEO": "10829", "horodatage": "2022-04-01 17:04:46", "distance (en metres)": 1234.33, "station": "VOLTAIRE-LEON BLUM.", "marker-color": "#818181"}}, {"type": "Feature", "geometry": {"type": "Point", "coordinates": [2.367615, 48.853394]}, "properties": {"numparc": 637, "etat de la localisation": "autre", "ID BDGEO": "10851", "horodatage": "2022-04-01 17:05:06", "distance (en metres)": 2770.02, "station": "PONT ROYAL#", "marker-color": "#818181"}}, {"type": "Feature", "geometry": {"type": "Point", "coordinates": [2.341376, 48.858677]}, "properties": {"numparc": 632, "etat de la localisation": "autre", "ID BDGEO": "10829", "horodatage": "2022-04-01 17:05:18", "distance (en metres)": 2909.44, "station": "VOLTAIRE-LEON BLUM.", "marker-color": "#818181"}}, {"type": "Feature", "geometry": {"type": "Point", "coordinates": [2.371151, 48.857864]}, "properties": {"numparc": 634, "etat de la localisation": "autre", "ID BDGEO": "705", "horodatage": "2022-04-01 17:05:33", "distance (en metres)": 376.15, "station": "BREGUET-SABIN", "marker-color": "#818181"}}, {"type": "Feature", "geometry": {"type": "Point", "coordinates": [2.333728, 48.860867]}, "properties": {"numparc": 622, "etat de la localisation": "autre", "ID BDGEO": "2637", "horodatage": "2022-04-01 17:05:58", "distance (en metres)": 2630.75, "station": "BASTILLE-RUE SAINT-ANTOINE", "marker-color": "#818181"}}, {"type": "Feature", "geometry": {"type": "Point", "coordinates": [2.365333, 48.853878]}, "properties": {"numparc": 637, "etat de la localisation": "autre", "ID BDGEO": "10851", "horodatage": "2022-04-01 17:06:08", "distance (en metres)": 2594.62, "station": "PONT ROYAL#", "marker-color": "#818181"}}, {"type": "Feature", "geometry": {"type": "Point", "coordinates": [2.368059, 48.853333]}, "properties": {"numparc": 628, "etat de la localisation": "autre", "ID BDGEO": "10829", "horodatage": "2022-04-01 17:06:08", "distance (en metres)": 1080.52, "station": "VOLTAIRE-LEON BLUM.", "marker-color": "#818181"}}, {"type": "Feature", "geometry": {"type": "Point", "coordinates": [2.350679, 48.857792]}, "properties": {"numparc": 620, "etat de la localisation": "autre", "ID BDGEO": "2637", "horodatage": "2022-04-01 17:06:44", "distance (en metres)": 1348.53, "station": "BASTILLE-RUE SAINT-ANTOINE", "marker-color": "#818181"}}, {"type": "Feature", "geometry": {"type": "Point", "coordinates": [2.314522, 48.859924]}, "properties": {"numparc": 633, "etat de la localisation": "autre", "ID BDGEO": "10829", "horodatage": "2022-04-01 17:06:47", "distance (en metres)": 4877.95, "station": "VOLTAIRE-LEON BLUM.", "marker-color": "#818181"}}, {"type": "Feature", "geometry": {"type": "Point", "coordinates": [2.368414, 48.857018]}, "properties": {"numparc": 634, "etat de la localisation": "autre", "ID BDGEO": "705", "horodatage": "2022-04-01 17:07:11", "distance (en metres)": 388.08, "station": "BREGUET-SABIN", "marker-color": "#818181"}}, {"type": "Feature", "geometry": {"type": "Point", "coordinates": [2.39997, 48.865211]}, "properties": {"numparc": 636, "etat de la localisation": "autre", "ID BDGEO": "3196", "horodatage": "2022-04-01 17:07:24", "distance (en metres)": 75.42, "station": "GAMBETTA-MAIRIE DU 20EME.", "marker-color": "#818181"}}, {"type": "Feature", "geometry": {"type": "Point", "coordinates": [2.37072, 48.853672]}, "properties": {"numparc": 628, "etat de la localisation": "autre", "ID BDGEO": "10829", "horodatage": "2022-04-01 17:07:36", "distance (en metres)": 892.52, "station": "VOLTAIRE-LEON BLUM.", "marker-color": "#818181"}}, {"type": "Feature", "geometry": {"type": "Point", "coordinates": [2.362052, 48.854988]}, "properties": {"numparc": 637, "etat de la localisation": "autre", "ID BDGEO": "10851", "horodatage": "2022-04-01 17:07:42", "distance (en metres)": 2329.84, "station": "PONT ROYAL#", "marker-color": "#818181"}}, {"type": "Feature", "geometry": {"type": "Point", "coordinates": [2.348474, 48.856823]}, "properties": {"numparc": 632, "etat de la localisation": "autre", "ID BDGEO": "10829", "horodatage": "2022-04-01 17:07:53", "distance (en metres)": 2391.59, "station": "VOLTAIRE-LEON BLUM.", "marker-color": "#818181"}}, {"type": "Feature", "geometry": {"type": "Point", "coordinates": [2.331656, 48.858791]}, "properties": {"numparc": 622, "etat de la localisation": "autre", "ID BDGEO": "2637", "horodatage": "2022-04-01 17:08:02", "distance (en metres)": 2713.6, "station": "BASTILLE-RUE SAINT-ANTOINE", "marker-color": "#818181"}}, {"type": "Feature", "geometry": {"type": "Point", "coordinates": [2.400073, 48.864975]}, "properties": {"numparc": 636, "etat de la localisation": "autre", "ID BDGEO": "3196", "horodatage": "2022-04-01 17:08:09", "distance (en metres)": 98.82, "station": "GAMBETTA-MAIRIE DU 20EME.", "marker-color": "#818181"}}, {"type": "Feature", "geometry": {"type": "Point", "coordinates": [2.357433, 48.856136]}, "properties": {"numparc": 637, "etat de la localisation": "autre", "ID BDGEO": "10851", "horodatage": "2022-04-01 17:08:43", "distance (en metres)": 1970.45, "station": "PONT ROYAL#", "marker-color": "#818181"}}, {"type": "Feature", "geometry": {"type": "Point", "coordinates": [2.350165, 48.856243]}, "properties": {"numparc": 632, "etat de la localisation": "autre", "ID BDGEO": "10829", "horodatage": "2022-04-01 17:08:51", "distance (en metres)": 2272.24, "station": "VOLTAIRE-LEON BLUM.", "marker-color": "#818181"}}, {"type": "Feature", "geometry": {"type": "Point", "coordinates": [2.348837, 48.858372]}, "properties": {"numparc": 620, "etat de la localisation": "autre", "ID BDGEO": "2637", "horodatage": "2022-04-01 17:08:54", "distance (en metres)": 1497.64, "station": "BASTILLE-RUE SAINT-ANTOINE", "marker-color": "#818181"}}, {"type": "Feature", "geometry": {"type": "Point", "coordinates": [2.371312, 48.854343]}, "properties": {"numparc": 628, "etat de la localisation": "autre", "ID BDGEO": "10829", "horodatage": "2022-04-01 17:08:58", "distance (en metres)": 817.64, "station": "VOLTAIRE-LEON BLUM.", "marker-color": "#818181"}}, {"type": "Feature", "geometry": {"type": "Point", "coordinates": [2.388227, 48.863087]}, "properties": {"numparc": 623, "etat de la localisation": "autre", "ID BDGEO": "711", "horodatage": "2022-04-01 17:09:13", "distance (en metres)": 82.52, "station": "PERE LACHAISE", "marker-color": "#818181"}}, {"type": "Feature", "geometry": {"type": "Point", "coordinates": [2.31999, 48.859188]}, "properties": {"numparc": 633, "etat de la localisation": "autre", "ID BDGEO": "10829", "horodatage": "2022-04-01 17:09:16", "distance (en metres)": 4475.0, "station": "VOLTAIRE-LEON BLUM.", "marker-color": "#818181"}}, {"type": "Feature", "geometry": {"type": "Point", "coordinates": [2.327035, 48.860233]}, "properties": {"numparc": 622, "etat de la localisation": "autre", "ID BDGEO": "2637", "horodatage": "2022-04-01 17:09:30", "distance (en metres)": 3080.14, "station": "BASTILLE-RUE SAINT-ANTOINE", "marker-color": "#818181"}}, {"type": "Feature", "geometry": {"type": "Point", "coordinates": [2.377627, 48.860085]}, "properties": {"numparc": 625, "etat de la localisation": "autre", "ID BDGEO": "708", "horodatage": "2022-04-01 17:09:55", "distance (en metres)": 338.1, "station": "VOLTAIRE-LEON BLUM", "marker-color": "#818181"}}, {"type": "Feature", "geometry": {"type": "Point", "coordinates": [2.323782, 48.860725]}, "properties": {"numparc": 622, "etat de la localisation": "autre", "ID BDGEO": "2637", "horodatage": "2022-04-01 17:11:04", "distance (en metres)": 3324.24, "station": "BASTILLE-RUE SAINT-ANTOINE", "marker-color": "#818181"}}, {"type": "Feature", "geometry": {"type": "Point", "coordinates": [2.350628, 48.857784]}, "properties": {"numparc": 637, "etat de la localisation": "autre", "ID BDGEO": "10851", "horodatage": "2022-04-01 17:11:11", "distance (en metres)": 1443.66, "station": "PONT ROYAL#", "marker-color": "#818181"}}, {"type": "Feature", "geometry": {"type": "Point", "coordinates": [2.387454, 48.868141]}, "properties": {"numparc": 629, "etat de la localisation": "Deviation programmee", "ID BDGEO": "2960", "horodatage": "2022-04-01 17:11:30", "distance (en metres)": 560.97, "station": "MURIERS", "marker-color": "#56FF93"}}, {"type": "Feature", "geometry": {"type": "Point", "coordinates": [2.374808, 48.859154]}, "properties": {"numparc": 625, "etat de la localisation": "autre", "ID BDGEO": "707", "horodatage": "2022-04-01 17:11:31", "distance (en metres)": 358.18, "station": "POPINCOURT", "marker-color": "#818181"}}, {"type": "Feature", "geometry": {"type": "Point", "coordinates": [2.358071, 48.855518]}, "properties": {"numparc": 632, "etat de la localisation": "autre", "ID BDGEO": "10829", "horodatage": "2022-04-01 17:11:51", "distance (en metres)": 1706.71, "station": "VOLTAIRE-LEON BLUM.", "marker-color": "#818181"}}, {"type": "Feature", "geometry": {"type": "Point", "coordinates": [2.365269, 48.854015]}, "properties": {"numparc": 634, "etat de la localisation": "autre", "ID BDGEO": "2637", "horodatage": "2022-04-01 17:12:02", "distance (en metres)": 201.62, "station": "BASTILLE-RUE SAINT-ANTOINE", "marker-color": "#818181"}}, {"type": "Feature", "geometry": {"type": "Point", "coordinates": [2.385352, 48.861958]}, "properties": {"numparc": 623, "etat de la localisation": "autre", "ID BDGEO": "711", "horodatage": "2022-04-01 17:12:04", "distance (en metres)": 177.81, "station": "PERE LACHAISE", "marker-color": "#818181"}}, {"type": "Feature", "geometry": {"type": "Point", "coordinates": [2.375432, 48.855942]}, "properties": {"numparc": 628, "etat de la localisation": "autre", "ID BDGEO": "10829", "horodatage": "2022-04-01 17:12:13", "distance (en metres)": 468.06, "station": "VOLTAIRE-LEON BLUM.", "marker-color": "#818181"}}, {"type": "Feature", "geometry": {"type": "Point", "coordinates": [2.323707, 48.857773]}, "properties": {"numparc": 633, "etat de la localisation": "autre", "ID BDGEO": "10829", "horodatage": "2022-04-01 17:12:40", "distance (en metres)": 4200.7, "station": "VOLTAIRE-LEON BLUM.", "marker-color": "#818181"}}, {"type": "Feature", "geometry": {"type": "Point", "coordinates": [2.348799, 48.858383]}, "properties": {"numparc": 637, "etat de la localisation": "autre", "ID BDGEO": "10851", "horodatage": "2022-04-01 17:12:53", "distance (en metres)": 1299.3, "station": "PONT ROYAL#", "marker-color": "#818181"}}, {"type": "Feature", "geometry": {"type": "Point", "coordinates": [2.323411, 48.858086]}, "properties": {"numparc": 622, "etat de la localisation": "autre", "ID BDGEO": "2637", "horodatage": "2022-04-01 17:13:10", "distance (en metres)": 3290.42, "station": "BASTILLE-RUE SAINT-ANTOINE", "marker-color": "#818181"}}, {"type": "Feature", "geometry": {"type": "Point", "coordinates": [2.386489, 48.859882]}, "properties": {"numparc": 623, "etat de la localisation": "autre", "ID BDGEO": "709", "horodatage": "2022-04-01 17:13:26", "distance (en metres)": 160.74, "station": "SAINT-MAUR-SERVAN", "marker-color": "#818181"}}, {"type": "Feature", "geometry": {"type": "Point", "coordinates": [2.378374, 48.856991]}, "properties": {"numparc": 628, "etat de la localisation": "autre", "ID BDGEO": "10829", "horodatage": "2022-04-01 17:13:26", "distance (en metres)": 223.38, "station": "VOLTAIRE-LEON BLUM.", "marker-color": "#818181"}}, {"type": "Feature", "geometry": {"type": "Point", "coordinates": [2.394567, 48.869881]}, "properties": {"numparc": 631, "etat de la localisation": "Deviation programmee", "ID BDGEO": "712", "horodatage": "2022-04-01 17:13:27", "distance (en metres)": 560.27, "station": "MARTIN NADAUD", "marker-color": "#56FF93"}}, {"type": "Feature", "geometry": {"type": "Point", "coordinates": [2.37124, 48.857922]}, "properties": {"numparc": 625, "etat de la localisation": "autre", "ID BDGEO": "705", "horodatage": "2022-04-01 17:13:28", "distance (en metres)": 381.19, "station": "BREGUET-SABIN", "marker-color": "#818181"}}, {"type": "Feature", "geometry": {"type": "Point", "coordinates": [2.36202, 48.854881]}, "properties": {"numparc": 632, "etat de la localisation": "autre", "ID BDGEO": "10829", "horodatage": "2022-04-01 17:13:39", "distance (en metres)": 1436.55, "station": "VOLTAIRE-LEON BLUM.", "marker-color": "#818181"}}, {"type": "Feature", "geometry": {"type": "Point", "coordinates": [2.362082, 48.855022]}, "properties": {"numparc": 634, "etat de la localisation": "autre", "ID BDGEO": "2637", "horodatage": "2022-04-01 17:13:57", "distance (en metres)": 460.24, "station": "BASTILLE-RUE SAINT-ANTOINE", "marker-color": "#818181"}}, {"type": "Feature", "geometry": {"type": "Point", "coordinates": [2.388164, 48.863098]}, "properties": {"numparc": 636, "etat de la localisation": "autre", "ID BDGEO": "4539", "horodatage": "2022-04-01 17:14:01", "distance (en metres)": 2035.56, "station": "LAGNY ENTREE", "marker-color": "#818181"}}, {"type": "Feature", "geometry": {"type": "Point", "coordinates": [2.388164, 48.863098]}, "properties": {"numparc": 636, "etat de la localisation": "autre", "ID BDGEO": "4539", "horodatage": "2022-04-01 17:14:07", "distance (en metres)": 2035.56, "station": "LAGNY ENTREE", "marker-color": "#818181"}}, {"type": "Feature", "geometry": {"type": "Point", "coordinates": [2.34008, 48.861225]}, "properties": {"numparc": 620, "etat de la localisation": "autre", "ID BDGEO": "2637", "horodatage": "2022-04-01 17:14:14", "distance (en metres)": 2211.25, "station": "BASTILLE-RUE SAINT-ANTOINE", "marker-color": "#818181"}}, {"type": "Feature", "geometry": {"type": "Point", "coordinates": [2.326502, 48.856339]}, "properties": {"numparc": 633, "etat de la localisation": "autre", "ID BDGEO": "10829", "horodatage": "2022-04-01 17:14:38", "distance (en metres)": 3999.86, "station": "VOLTAIRE-LEON BLUM.", "marker-color": "#818181"}}, {"type": "Feature", "geometry": {"type": "Point", "coordinates": [2.32522, 48.855682]}, "properties": {"numparc": 622, "etat de la localisation": "autre", "ID BDGEO": "2637", "horodatage": "2022-04-01 17:15:14", "distance (en metres)": 3125.9, "station": "BASTILLE-RUE SAINT-ANTOINE", "marker-color": "#818181"}}, {"type": "Feature", "geometry": {"type": "Point", "coordinates": [2.344408, 48.859756]}, "properties": {"numparc": 637, "etat de la localisation": "autre", "ID BDGEO": "10851", "horodatage": "2022-04-01 17:15:17", "distance (en metres)": 959.71, "station": "PONT ROYAL#", "marker-color": "#818181"}}, {"type": "Feature", "geometry": {"type": "Point", "coordinates": [2.365478, 48.853806]}, "properties": {"numparc": 632, "etat de la localisation": "autre", "ID BDGEO": "10829", "horodatage": "2022-04-01 17:15:24", "distance (en metres)": 1230.45, "station": "VOLTAIRE-LEON BLUM.", "marker-color": "#818181"}}, {"type": "Feature", "geometry": {"type": "Point", "coordinates": [2.385294, 48.861969]}, "properties": {"numparc": 636, "etat de la localisation": "autre", "ID BDGEO": "4539", "horodatage": "2022-04-01 17:15:51", "distance (en metres)": 2102.54, "station": "LAGNY ENTREE", "marker-color": "#818181"}}, {"type": "Feature", "geometry": {"type": "Point", "coordinates": [2.357424, 48.856129]}, "properties": {"numparc": 634, "etat de la localisation": "autre", "ID BDGEO": "2637", "horodatage": "2022-04-01 17:16:05", "distance (en metres)": 821.76, "station": "BASTILLE-RUE SAINT-ANTOINE", "marker-color": "#818181"}}, {"type": "Feature", "geometry": {"type": "Point", "coordinates": [2.393212, 48.869572]}, "properties": {"numparc": 629, "etat de la localisation": "Deviation programmee", "ID BDGEO": "712", "horodatage": "2022-04-01 17:16:11", "distance (en metres)": 545.16, "station": "MARTIN NADAUD", "marker-color": "#56FF93"}}, {"type": "Feature", "geometry": {"type": "Point", "coordinates": [2.367886, 48.853394]}, "properties": {"numparc": 632, "etat de la localisation": "autre", "ID BDGEO": "10829", "horodatage": "2022-04-01 17:16:28", "distance (en metres)": 1088.61, "station": "VOLTAIRE-LEON BLUM.", "marker-color": "#818181"}}, {"type": "Feature", "geometry": {"type": "Point", "coordinates": [2.32897, 48.859039]}, "properties": {"numparc": 633, "etat de la localisation": "autre", "ID BDGEO": "10829", "horodatage": "2022-04-01 17:16:30", "distance (en metres)": 3817.87, "station": "VOLTAIRE-LEON BLUM.", "marker-color": "#818181"}}, {"type": "Feature", "geometry": {"type": "Point", "coordinates": [2.398941, 48.865685]}, "properties": {"numparc": 631, "etat de la localisation": "autre", "ID BDGEO": "2", "horodatage": "2022-04-01 17:16:57", "distance (en metres)": 74.67, "station": "GAMBETTA-JAPON", "marker-color": "#818181"}}, {"type": "Feature", "geometry": {"type": "Point", "coordinates": [2.394109, 48.869949]}, "properties": {"numparc": 629, "etat de la localisation": "Deviation programmee", "ID BDGEO": "712", "horodatage": "2022-04-01 17:17:03", "distance (en metres)": 572.0, "station": "MARTIN NADAUD", "marker-color": "#56FF93"}}, {"type": "Feature", "geometry": {"type": "Point", "coordinates": [2.335684, 48.862637]}, "properties": {"numparc": 620, "etat de la localisation": "autre", "ID BDGEO": "2637", "horodatage": "2022-04-01 17:18:08", "distance (en metres)": 2568.79, "station": "BASTILLE-RUE SAINT-ANTOINE", "marker-color": "#818181"}}, {"type": "Feature", "geometry": {"type": "Point", "coordinates": [2.370683, 48.853706]}, "properties": {"numparc": 632, "etat de la localisation": "autre", "ID BDGEO": "10829", "horodatage": "2022-04-01 17:18:11", "distance (en metres)": 892.84, "station": "VOLTAIRE-LEON BLUM.", "marker-color": "#818181"}}, {"type": "Feature", "geometry": {"type": "Point", "coordinates": [2.350487, 48.857853]}, "properties": {"numparc": 634, "etat de la localisation": "autre", "ID BDGEO": "2637", "horodatage": "2022-04-01 17:18:19", "distance (en metres)": 1364.09, "station": "BASTILLE-RUE SAINT-ANTOINE", "marker-color": "#818181"}}, {"type": "Feature", "geometry": {"type": "Point", "coordinates": [2.38491, 48.858868]}, "properties": {"numparc": 636, "etat de la localisation": "autre", "ID BDGEO": "4539", "horodatage": "2022-04-01 17:18:22", "distance (en metres)": 1923.22, "station": "LAGNY ENTREE", "marker-color": "#818181"}}, {"type": "Feature", "geometry": {"type": "Point", "coordinates": [2.316911, 48.857689]}, "properties": {"numparc": 622, "etat de la localisation": "autre", "ID BDGEO": "2637", "horodatage": "2022-04-01 17:18:42", "distance (en metres)": 3754.46, "station": "BASTILLE-RUE SAINT-ANTOINE", "marker-color": "#818181"}}, {"type": "Feature", "geometry": {"type": "Point", "coordinates": [2.371772, 48.854557]}, "properties": {"numparc": 632, "etat de la localisation": "autre", "ID BDGEO": "10829", "horodatage": "2022-04-01 17:18:58", "distance (en metres)": 776.73, "station": "VOLTAIRE-LEON BLUM.", "marker-color": "#818181"}}, {"type": "Feature", "geometry": {"type": "Point", "coordinates": [2.348679, 48.858425]}, "properties": {"numparc": 634, "etat de la localisation": "autre", "ID BDGEO": "2637", "horodatage": "2022-04-01 17:19:00", "distance (en metres)": 1510.57, "station": "BASTILLE-RUE SAINT-ANTOINE", "marker-color": "#818181"}}, {"type": "Feature", "geometry": {"type": "Point", "coordinates": [2.377558, 48.860077]}, "properties": {"numparc": 623, "etat de la localisation": "autre", "ID BDGEO": "708", "horodatage": "2022-04-01 17:19:26", "distance (en metres)": 340.55, "station": "VOLTAIRE-LEON BLUM", "marker-color": "#818181"}}, {"type": "Feature", "geometry": {"type": "Point", "coordinates": [2.365243, 48.853905]}, "properties": {"numparc": 625, "etat de la localisation": "autre", "ID BDGEO": "2637", "horodatage": "2022-04-01 17:19:36", "distance (en metres)": 198.75, "station": "BASTILLE-RUE SAINT-ANTOINE", "marker-color": "#818181"}}, {"type": "Feature", "geometry": {"type": "Point", "coordinates": [2.380782, 48.857792]}, "properties": {"numparc": 636, "etat de la localisation": "autre", "ID BDGEO": "4539", "horodatage": "2022-04-01 17:19:52", "distance (en metres)": 2133.87, "station": "LAGNY ENTREE", "marker-color": "#818181"}}, {"type": "Feature", "geometry": {"type": "Point", "coordinates": [2.331064, 48.860573]}, "properties": {"numparc": 633, "etat de la localisation": "autre", "ID BDGEO": "10829", "horodatage": "2022-04-01 17:19:55", "distance (en metres)": 3674.76, "station": "VOLTAIRE-LEON BLUM.", "marker-color": "#818181"}}, {"type": "Feature", "geometry": {"type": "Point", "coordinates": [2.375411, 48.855972]}, "properties": {"numparc": 632, "etat de la localisation": "autre", "ID BDGEO": "10829", "horodatage": "2022-04-01 17:20:29", "distance (en metres)": 467.89, "station": "VOLTAIRE-LEON BLUM.", "marker-color": "#818181"}}, {"type": "Feature", "geometry": {"type": "Point", "coordinates": [2.334009, 48.859924]}, "properties": {"numparc": 633, "etat de la localisation": "autre", "ID BDGEO": "10829", "horodatage": "2022-04-01 17:20:48", "distance (en metres)": 3454.57, "station": "VOLTAIRE-LEON BLUM.", "marker-color": "#818181"}}, {"type": "Feature", "geometry": {"type": "Point", "coordinates": [2.333607, 48.860809]}, "properties": {"numparc": 620, "etat de la localisation": "autre", "ID BDGEO": "2637", "horodatage": "2022-04-01 17:21:02", "distance (en metres)": 2637.12, "station": "BASTILLE-RUE SAINT-ANTOINE", "marker-color": "#818181"}}, {"type": "Feature", "geometry": {"type": "Point", "coordinates": [2.313893, 48.858463]}, "properties": {"numparc": 622, "etat de la localisation": "autre", "ID BDGEO": "2637", "horodatage": "2022-04-01 17:21:09", "distance (en metres)": 3984.98, "station": "BASTILLE-RUE SAINT-ANTOINE", "marker-color": "#818181"}}, {"type": "Feature", "geometry": {"type": "Point", "coordinates": [2.39977, 48.865463]}, "properties": {"numparc": 631, "etat de la localisation": "autre", "ID BDGEO": "4539", "horodatage": "2022-04-01 17:21:11", "distance (en metres)": 1825.43, "station": "LAGNY ENTREE", "marker-color": "#818181"}}, {"type": "Feature", "geometry": {"type": "Point", "coordinates": [2.344352, 48.859806]}, "properties": {"numparc": 634, "etat de la localisation": "autre", "ID BDGEO": "2637", "horodatage": "2022-04-01 17:21:40", "distance (en metres)": 1861.83, "station": "BASTILLE-RUE SAINT-ANTOINE", "marker-color": "#818181"}}, {"type": "Feature", "geometry": {"type": "Point", "coordinates": [2.362099, 48.854996]}, "properties": {"numparc": 625, "etat de la localisation": "autre", "ID BDGEO": "2637", "horodatage": "2022-04-01 17:21:41", "distance (en metres)": 457.86, "station": "BASTILLE-RUE SAINT-ANTOINE", "marker-color": "#818181"}}, {"type": "Feature", "geometry": {"type": "Point", "coordinates": [2.378282, 48.856987]}, "properties": {"numparc": 632, "etat de la localisation": "autre", "ID BDGEO": "10829", "horodatage": "2022-04-01 17:22:12", "distance (en metres)": 229.64, "station": "VOLTAIRE-LEON BLUM.", "marker-color": "#818181"}}, {"type": "Feature", "geometry": {"type": "Point", "coordinates": [2.34147, 48.858665]}, "properties": {"numparc": 633, "etat de la localisation": "autre", "ID BDGEO": "10829", "horodatage": "2022-04-01 17:22:28", "distance (en metres)": 2902.53, "station": "VOLTAIRE-LEON BLUM.", "marker-color": "#818181"}}, {"type": "Feature", "geometry": {"type": "Point", "coordinates": [2.371193, 48.857899]}, "properties": {"numparc": 623, "etat de la localisation": "autre", "ID BDGEO": "705", "horodatage": "2022-04-01 17:22:37", "distance (en metres)": 379.31, "station": "BREGUET-SABIN", "marker-color": "#818181"}}, {"type": "Feature", "geometry": {"type": "Point", "coordinates": [2.388834, 48.860325]}, "properties": {"numparc": 628, "etat de la localisation": "autre", "ID BDGEO": "655", "horodatage": "2022-04-01 17:22:42", "distance (en metres)": 181.27, "station": "ROQUETTE-PERE LACHAISE", "marker-color": "#818181"}}, {"type": "Feature", "geometry": {"type": "Point", "coordinates": [2.377591, 48.860058]}, "properties": {"numparc": 636, "etat de la localisation": "autre", "ID BDGEO": "4539", "horodatage": "2022-04-01 17:22:50", "distance (en metres)": 2454.47, "station": "LAGNY ENTREE", "marker-color": "#818181"}}, {"type": "Feature", "geometry": {"type": "Point", "coordinates": [2.309682, 48.858074]}, "properties": {"numparc": 622, "etat de la localisation": "autre", "ID BDGEO": "2637", "horodatage": "2022-04-01 17:23:25", "distance (en metres)": 4284.48, "station": "BASTILLE-RUE SAINT-ANTOINE", "marker-color": "#818181"}}, {"type": "Feature", "geometry": {"type": "Point", "coordinates": [2.357507, 48.856136]}, "properties": {"numparc": 625, "etat de la localisation": "autre", "ID BDGEO": "2637", "horodatage": "2022-04-01 17:23:45", "distance (en metres)": 816.5, "station": "BASTILLE-RUE SAINT-ANTOINE", "marker-color": "#818181"}}, {"type": "Feature", "geometry": {"type": "Point", "coordinates": [2.3316, 48.858757]}, "properties": {"numparc": 620, "etat de la localisation": "autre", "ID BDGEO": "2637", "horodatage": "2022-04-01 17:23:45", "distance (en metres)": 2716.74, "station": "BASTILLE-RUE SAINT-ANTOINE", "marker-color": "#818181"}}, {"type": "Feature", "geometry": {"type": "Point", "coordinates": [2.387716, 48.862556]}, "properties": {"numparc": 628, "etat de la localisation": "autre", "ID BDGEO": "653", "horodatage": "2022-04-01 17:23:50", "distance (en metres)": 72.58, "station": "AUGUSTE METIVIER", "marker-color": "#818181"}}, {"type": "Feature", "geometry": {"type": "Point", "coordinates": [2.333718, 48.86092]}, "properties": {"numparc": 637, "etat de la localisation": "autre", "ID BDGEO": "2626", "horodatage": "2022-04-01 17:23:58", "distance (en metres)": 2805.36, "station": "CHAMP DE MARS#", "marker-color": "#818181"}}, {"type": "Feature", "geometry": {"type": "Point", "coordinates": [2.306136, 48.857761]}, "properties": {"numparc": 622, "etat de la localisation": "autre", "ID BDGEO": "2637", "horodatage": "2022-04-01 17:24:39", "distance (en metres)": 4538.08, "station": "BASTILLE-RUE SAINT-ANTOINE", "marker-color": "#818181"}}, {"type": "Feature", "geometry": {"type": "Point", "coordinates": [2.368471, 48.857059]}, "properties": {"numparc": 623, "etat de la localisation": "autre", "ID BDGEO": "705", "horodatage": "2022-04-01 17:24:42", "distance (en metres)": 388.49, "station": "BREGUET-SABIN", "marker-color": "#818181"}}, {"type": "Feature", "geometry": {"type": "Point", "coordinates": [2.348498, 48.856812]}, "properties": {"numparc": 633, "etat de la localisation": "autre", "ID BDGEO": "10829", "horodatage": "2022-04-01 17:24:50", "distance (en metres)": 2389.89, "station": "VOLTAIRE-LEON BLUM.", "marker-color": "#818181"}}, {"type": "Feature", "geometry": {"type": "Point", "coordinates": [2.398782, 48.865566]}, "properties": {"numparc": 629, "etat de la localisation": "autre", "ID BDGEO": "2", "horodatage": "2022-04-01 17:24:55", "distance (en metres)": 78.74, "station": "GAMBETTA-JAPON", "marker-color": "#818181"}}, {"type": "Feature", "geometry": {"type": "Point", "coordinates": [2.327004, 48.860256]}, "properties": {"numparc": 620, "etat de la localisation": "autre", "ID BDGEO": "2637", "horodatage": "2022-04-01 17:24:57", "distance (en metres)": 3082.98, "station": "BASTILLE-RUE SAINT-ANTOINE", "marker-color": "#818181"}}, {"type": "Feature", "geometry": {"type": "Point", "coordinates": [2.39977, 48.865463]}, "properties": {"numparc": 631, "etat de la localisation": "autre", "ID BDGEO": "4539", "horodatage": "2022-04-01 17:25:32", "distance (en metres)": 1825.43, "station": "LAGNY ENTREE", "marker-color": "#818181"}}, {"type": "Feature", "geometry": {"type": "Point", "coordinates": [2.335976, 48.862549]}, "properties": {"numparc": 634, "etat de la localisation": "autre", "ID BDGEO": "2637", "horodatage": "2022-04-01 17:26:09", "distance (en metres)": 2545.32, "station": "BASTILLE-RUE SAINT-ANTOINE", "marker-color": "#818181"}}, {"type": "Feature", "geometry": {"type": "Point", "coordinates": [2.350352, 48.856152]}, "properties": {"numparc": 633, "etat de la localisation": "autre", "ID BDGEO": "10829", "horodatage": "2022-04-01 17:26:15", "distance (en metres)": 2259.43, "station": "VOLTAIRE-LEON BLUM.", "marker-color": "#818181"}}, {"type": "Feature", "geometry": {"type": "Point", "coordinates": [2.350722, 48.857773]}, "properties": {"numparc": 625, "etat de la localisation": "autre", "ID BDGEO": "2637", "horodatage": "2022-04-01 17:26:23", "distance (en metres)": 1344.82, "station": "BASTILLE-RUE SAINT-ANTOINE", "marker-color": "#818181"}}, {"type": "Feature", "geometry": {"type": "Point", "coordinates": [2.303923, 48.856964]}, "properties": {"numparc": 622, "etat de la localisation": "autre", "ID BDGEO": "2637", "horodatage": "2022-04-01 17:26:28", "distance (en metres)": 4690.51, "station": "BASTILLE-RUE SAINT-ANTOINE", "marker-color": "#818181"}}, {"type": "Feature", "geometry": {"type": "Point", "coordinates": [2.323784, 48.860703]}, "properties": {"numparc": 620, "etat de la localisation": "autre", "ID BDGEO": "2637", "horodatage": "2022-04-01 17:26:53", "distance (en metres)": 3323.46, "station": "BASTILLE-RUE SAINT-ANTOINE", "marker-color": "#818181"}}, {"type": "Feature", "geometry": {"type": "Point", "coordinates": [2.368485, 48.857037]}, "properties": {"numparc": 636, "etat de la localisation": "autre", "ID BDGEO": "10851", "horodatage": "2022-04-01 17:27:01", "distance (en metres)": 2744.95, "station": "PONT ROYAL#", "marker-color": "#818181"}}, {"type": "Feature", "geometry": {"type": "Point", "coordinates": [2.301911, 48.856522]}, "properties": {"numparc": 622, "etat de la localisation": "autre", "ID BDGEO": "2637", "horodatage": "2022-04-01 17:27:29", "distance (en metres)": 4833.26, "station": "BASTILLE-RUE SAINT-ANTOINE", "marker-color": "#818181"}}, {"type": "Feature", "geometry": {"type": "Point", "coordinates": [2.348798, 48.858368]}, "properties": {"numparc": 625, "etat de la localisation": "autre", "ID BDGEO": "2637", "horodatage": "2022-04-01 17:27:43", "distance (en metres)": 1500.11, "station": "BASTILLE-RUE SAINT-ANTOINE", "marker-color": "#818181"}}, {"type": "Feature", "geometry": {"type": "Point", "coordinates": [2.301908, 48.856522]}, "properties": {"numparc": 622, "etat de la localisation": "autre", "ID BDGEO": "2637", "horodatage": "2022-04-01 17:27:46", "distance (en metres)": 4833.48, "station": "BASTILLE-RUE SAINT-ANTOINE", "marker-color": "#818181"}}, {"type": "Feature", "geometry": {"type": "Point", "coordinates": [2.333674, 48.860912]}, "properties": {"numparc": 634, "etat de la localisation": "autre", "ID BDGEO": "2637", "horodatage": "2022-04-01 17:28:25", "distance (en metres)": 2636.13, "station": "BASTILLE-RUE SAINT-ANTOINE", "marker-color": "#818181"}}, {"type": "Feature", "geometry": {"type": "Point", "coordinates": [2.388911, 48.860252]}, "properties": {"numparc": 632, "etat de la localisation": "autre", "ID BDGEO": "655", "horodatage": "2022-04-01 17:28:37", "distance (en metres)": 184.68, "station": "ROQUETTE-PERE LACHAISE", "marker-color": "#818181"}}, {"type": "Feature", "geometry": {"type": "Point", "coordinates": [2.355983, 48.855896]}, "properties": {"numparc": 633, "etat de la localisation": "autre", "ID BDGEO": "10829", "horodatage": "2022-04-01 17:28:53", "distance (en metres)": 1852.4, "station": "VOLTAIRE-LEON BLUM.", "marker-color": "#818181"}}, {"type": "Feature", "geometry": {"type": "Point", "coordinates": [2.344408, 48.859772]}, "properties": {"numparc": 625, "etat de la localisation": "autre", "ID BDGEO": "2637", "horodatage": "2022-04-01 17:29:04", "distance (en metres)": 1856.56, "station": "BASTILLE-RUE SAINT-ANTOINE", "marker-color": "#818181"}}, {"type": "Feature", "geometry": {"type": "Point", "coordinates": [2.32352, 48.858082]}, "properties": {"numparc": 620, "etat de la localisation": "autre", "ID BDGEO": "2637", "horodatage": "2022-04-01 17:29:10", "distance (en metres)": 3282.49, "station": "BASTILLE-RUE SAINT-ANTOINE", "marker-color": "#818181"}}, {"type": "Feature", "geometry": {"type": "Point", "coordinates": [2.344408, 48.859772]}, "properties": {"numparc": 625, "etat de la localisation": "autre", "ID BDGEO": "2637", "horodatage": "2022-04-01 17:29:11", "distance (en metres)": 1856.56, "station": "BASTILLE-RUE SAINT-ANTOINE", "marker-color": "#818181"}}, {"type": "Feature", "geometry": {"type": "Point", "coordinates": [2.33165, 48.858829]}, "properties": {"numparc": 634, "etat de la localisation": "autre", "ID BDGEO": "2637", "horodatage": "2022-04-01 17:29:31", "distance (en metres)": 2714.98, "station": "BASTILLE-RUE SAINT-ANTOINE", "marker-color": "#818181"}}, {"type": "Feature", "geometry": {"type": "Point", "coordinates": [2.387777, 48.862469]}, "properties": {"numparc": 632, "etat de la localisation": "autre", "ID BDGEO": "653", "horodatage": "2022-04-01 17:29:35", "distance (en metres)": 79.14, "station": "AUGUSTE METIVIER", "marker-color": "#818181"}}, {"type": "Feature", "geometry": {"type": "Point", "coordinates": [2.29953, 48.857441]}, "properties": {"numparc": 622, "etat de la localisation": "autre", "ID BDGEO": "2637", "horodatage": "2022-04-01 17:29:40", "distance (en metres)": 5015.34, "station": "BASTILLE-RUE SAINT-ANTOINE", "marker-color": "#818181"}}, {"type": "Feature", "geometry": {"type": "Point", "coordinates": [2.365386, 48.854099]}, "properties": {"numparc": 623, "etat de la localisation": "autre", "ID BDGEO": "2637", "horodatage": "2022-04-01 17:29:58", "distance (en metres)": 197.93, "station": "BASTILLE-RUE SAINT-ANTOINE", "marker-color": "#818181"}}, {"type": "Feature", "geometry": {"type": "Point", "coordinates": [2.387729, 48.862568]}, "properties": {"numparc": 632, "etat de la localisation": "autre", "ID BDGEO": "653", "horodatage": "2022-04-01 17:30:14", "distance (en metres)": 71.01, "station": "AUGUSTE METIVIER", "marker-color": "#818181"}}, {"type": "Feature", "geometry": {"type": "Point", "coordinates": [2.325335, 48.855682]}, "properties": {"numparc": 620, "etat de la localisation": "autre", "ID BDGEO": "2637", "horodatage": "2022-04-01 17:30:14", "distance (en metres)": 3117.53, "station": "BASTILLE-RUE SAINT-ANTOINE", "marker-color": "#818181"}}, {"type": "Feature", "geometry": {"type": "Point", "coordinates": [2.400116, 48.86499]}, "properties": {"numparc": 631, "etat de la localisation": "autre", "ID BDGEO": "4539", "horodatage": "2022-04-01 17:30:49", "distance (en metres)": 1767.67, "station": "LAGNY ENTREE", "marker-color": "#818181"}}, {"type": "Feature", "geometry": {"type": "Point", "coordinates": [2.326975, 48.860275]}, "properties": {"numparc": 634, "etat de la localisation": "autre", "ID BDGEO": "2637", "horodatage": "2022-04-01 17:30:50", "distance (en metres)": 3085.56, "station": "BASTILLE-RUE SAINT-ANTOINE", "marker-color": "#818181"}}, {"type": "Feature", "geometry": {"type": "Point", "coordinates": [2.340094, 48.861217]}, "properties": {"numparc": 625, "etat de la localisation": "autre", "ID BDGEO": "2637", "horodatage": "2022-04-01 17:30:52", "distance (en metres)": 2209.96, "station": "BASTILLE-RUE SAINT-ANTOINE", "marker-color": "#818181"}}, {"type": "Feature", "geometry": {"type": "Point", "coordinates": [2.296374, 48.855259]}, "properties": {"numparc": 622, "etat de la localisation": "autre", "ID BDGEO": "10829", "horodatage": "2022-04-01 17:31:00", "distance (en metres)": 6207.24, "station": "VOLTAIRE-LEON BLUM.", "marker-color": "#818181"}}, {"type": "Feature", "geometry": {"type": "Point", "coordinates": [2.362199, 48.85482]}, "properties": {"numparc": 633, "etat de la localisation": "autre", "ID BDGEO": "10829", "horodatage": "2022-04-01 17:31:34", "distance (en metres)": 1425.4, "station": "VOLTAIRE-LEON BLUM.", "marker-color": "#818181"}}, {"type": "Feature", "geometry": {"type": "Point", "coordinates": [2.362124, 48.855087]}, "properties": {"numparc": 623, "etat de la localisation": "autre", "ID BDGEO": "2637", "horodatage": "2022-04-01 17:31:55", "distance (en metres)": 460.54, "station": "BASTILLE-RUE SAINT-ANTOINE", "marker-color": "#818181"}}, {"type": "Feature", "geometry": {"type": "Point", "coordinates": [2.367619, 48.853466]}, "properties": {"numparc": 636, "etat de la localisation": "autre", "ID BDGEO": "10851", "horodatage": "2022-04-01 17:32:23", "distance (en metres)": 2768.0, "station": "PONT ROYAL#", "marker-color": "#818181"}}, {"type": "Feature", "geometry": {"type": "Point", "coordinates": [2.334007, 48.859989]}, "properties": {"numparc": 637, "etat de la localisation": "autre", "ID BDGEO": "2626", "horodatage": "2022-04-01 17:32:33", "distance (en metres)": 2803.22, "station": "CHAMP DE MARS#", "marker-color": "#818181"}}, {"type": "Feature", "geometry": {"type": "Point", "coordinates": [2.323727, 48.860741]}, "properties": {"numparc": 634, "etat de la localisation": "autre", "ID BDGEO": "2637", "horodatage": "2022-04-01 17:32:33", "distance (en metres)": 3328.57, "station": "BASTILLE-RUE SAINT-ANTOINE", "marker-color": "#818181"}}, {"type": "Feature", "geometry": {"type": "Point", "coordinates": [2.365532, 48.85376]}, "properties": {"numparc": 633, "etat de la localisation": "autre", "ID BDGEO": "10829", "horodatage": "2022-04-01 17:33:13", "distance (en metres)": 1228.66, "station": "VOLTAIRE-LEON BLUM.", "marker-color": "#818181"}}, {"type": "Feature", "geometry": {"type": "Point", "coordinates": [2.385717, 48.867615]}, "properties": {"numparc": 632, "etat de la localisation": "Deviation programmee", "ID BDGEO": "711", "horodatage": "2022-04-01 17:33:17", "distance (en metres)": 592.64, "station": "PERE LACHAISE", "marker-color": "#56FF93"}}, {"type": "Feature", "geometry": {"type": "Point", "coordinates": [2.365532, 48.85376]}, "properties": {"numparc": 633, "etat de la localisation": "autre", "ID BDGEO": "10829", "horodatage": "2022-04-01 17:33:28", "distance (en metres)": 1228.66, "station": "VOLTAIRE-LEON BLUM.", "marker-color": "#818181"}}, {"type": "Feature", "geometry": {"type": "Point", "coordinates": [2.296707, 48.855083]}, "properties": {"numparc": 622, "etat de la localisation": "autre", "ID BDGEO": "10829", "horodatage": "2022-04-01 17:33:47", "distance (en metres)": 6183.87, "station": "VOLTAIRE-LEON BLUM.", "marker-color": "#818181"}}, {"type": "Feature", "geometry": {"type": "Point", "coordinates": [2.357499, 48.856144]}, "properties": {"numparc": 623, "etat de la localisation": "autre", "ID BDGEO": "2637", "horodatage": "2022-04-01 17:33:54", "distance (en metres)": 817.37, "station": "BASTILLE-RUE SAINT-ANTOINE", "marker-color": "#818181"}}, {"type": "Feature", "geometry": {"type": "Point", "coordinates": [2.338621, 48.859146]}, "properties": {"numparc": 637, "etat de la localisation": "autre", "ID BDGEO": "2626", "horodatage": "2022-04-01 17:34:01", "distance (en metres)": 3119.06, "station": "CHAMP DE MARS#", "marker-color": "#818181"}}, {"type": "Feature", "geometry": {"type": "Point", "coordinates": [2.36792, 48.853348]}, "properties": {"numparc": 633, "etat de la localisation": "autre", "ID BDGEO": "10829", "horodatage": "2022-04-01 17:34:33", "distance (en metres)": 1088.75, "station": "VOLTAIRE-LEON BLUM.", "marker-color": "#818181"}}, {"type": "Feature", "geometry": {"type": "Point", "coordinates": [2.335703, 48.862625]}, "properties": {"numparc": 625, "etat de la localisation": "autre", "ID BDGEO": "2637", "horodatage": "2022-04-01 17:34:58", "distance (en metres)": 2567.01, "station": "BASTILLE-RUE SAINT-ANTOINE", "marker-color": "#818181"}}, {"type": "Feature", "geometry": {"type": "Point", "coordinates": [2.323399, 48.858128]}, "properties": {"numparc": 634, "etat de la localisation": "autre", "ID BDGEO": "2637", "horodatage": "2022-04-01 17:35:17", "distance (en metres)": 3292.04, "station": "BASTILLE-RUE SAINT-ANTOINE", "marker-color": "#818181"}}, {"type": "Feature", "geometry": {"type": "Point", "coordinates": [2.362188, 48.854973]}, "properties": {"numparc": 636, "etat de la localisation": "autre", "ID BDGEO": "10851", "horodatage": "2022-04-01 17:35:20", "distance (en metres)": 2339.9, "station": "PONT ROYAL#", "marker-color": "#818181"}}, {"type": "Feature", "geometry": {"type": "Point", "coordinates": [2.299896, 48.857193]}, "properties": {"numparc": 622, "etat de la localisation": "autre", "ID BDGEO": "10829", "horodatage": "2022-04-01 17:35:20", "distance (en metres)": 5943.17, "station": "VOLTAIRE-LEON BLUM.", "marker-color": "#818181"}}, {"type": "Feature", "geometry": {"type": "Point", "coordinates": [2.350557, 48.857822]}, "properties": {"numparc": 623, "etat de la localisation": "autre", "ID BDGEO": "2637", "horodatage": "2022-04-01 17:35:25", "distance (en metres)": 1358.07, "station": "BASTILLE-RUE SAINT-ANTOINE", "marker-color": "#818181"}}, {"type": "Feature", "geometry": {"type": "Point", "coordinates": [2.370696, 48.853664]}, "properties": {"numparc": 633, "etat de la localisation": "autre", "ID BDGEO": "10829", "horodatage": "2022-04-01 17:36:15", "distance (en metres)": 894.45, "station": "VOLTAIRE-LEON BLUM.", "marker-color": "#818181"}}, {"type": "Feature", "geometry": {"type": "Point", "coordinates": [2.348573, 48.856808]}, "properties": {"numparc": 637, "etat de la localisation": "autre", "ID BDGEO": "2626", "horodatage": "2022-04-01 17:36:26", "distance (en metres)": 3817.25, "station": "CHAMP DE MARS#", "marker-color": "#818181"}}, {"type": "Feature", "geometry": {"type": "Point", "coordinates": [2.316907, 48.857651]}, "properties": {"numparc": 620, "etat de la localisation": "autre", "ID BDGEO": "2637", "horodatage": "2022-04-01 17:36:40", "distance (en metres)": 3754.2, "station": "BASTILLE-RUE SAINT-ANTOINE", "marker-color": "#818181"}}, {"type": "Feature", "geometry": {"type": "Point", "coordinates": [2.393774, 48.869823]}, "properties": {"numparc": 628, "etat de la localisation": "Deviation programmee", "ID BDGEO": "2629", "horodatage": "2022-04-01 17:37:04", "distance (en metres)": 671.18, "station": "GAMBETTA-JAPON#", "marker-color": "#56FF93"}}, {"type": "Feature", "geometry": {"type": "Point", "coordinates": [2.348816, 48.858387]}, "properties": {"numparc": 623, "etat de la localisation": "autre", "ID BDGEO": "2637", "horodatage": "2022-04-01 17:37:06", "distance (en metres)": 1499.7, "station": "BASTILLE-RUE SAINT-ANTOINE", "marker-color": "#818181"}}, {"type": "Feature", "geometry": {"type": "Point", "coordinates": [2.325335, 48.855701]}, "properties": {"numparc": 634, "etat de la localisation": "autre", "ID BDGEO": "2637", "horodatage": "2022-04-01 17:37:14", "distance (en metres)": 3117.71, "station": "BASTILLE-RUE SAINT-ANTOINE", "marker-color": "#818181"}}, {"type": "Feature", "geometry": {"type": "Point", "coordinates": [2.38528, 48.862038]}, "properties": {"numparc": 631, "etat de la localisation": "autre", "ID BDGEO": "4539", "horodatage": "2022-04-01 17:37:16", "distance (en metres)": 2108.23, "station": "LAGNY ENTREE", "marker-color": "#818181"}}, {"type": "Feature", "geometry": {"type": "Point", "coordinates": [2.357541, 48.856121]}, "properties": {"numparc": 636, "etat de la localisation": "autre", "ID BDGEO": "10851", "horodatage": "2022-04-01 17:37:32", "distance (en metres)": 1978.52, "station": "PONT ROYAL#", "marker-color": "#818181"}}, {"type": "Feature", "geometry": {"type": "Point", "coordinates": [2.375429, 48.855965]}, "properties": {"numparc": 633, "etat de la localisation": "autre", "ID BDGEO": "10829", "horodatage": "2022-04-01 17:38:02", "distance (en metres)": 467.1, "station": "VOLTAIRE-LEON BLUM.", "marker-color": "#818181"}}, {"type": "Feature", "geometry": {"type": "Point", "coordinates": [2.30393, 48.858963]}, "properties": {"numparc": 622, "etat de la localisation": "autre", "ID BDGEO": "10829", "horodatage": "2022-04-01 17:39:06", "distance (en metres)": 5648.81, "station": "VOLTAIRE-LEON BLUM.", "marker-color": "#818181"}}, {"type": "Feature", "geometry": {"type": "Point", "coordinates": [2.378295, 48.857018]}, "properties": {"numparc": 633, "etat de la localisation": "autre", "ID BDGEO": "10829", "horodatage": "2022-04-01 17:39:11", "distance (en metres)": 227.37, "station": "VOLTAIRE-LEON BLUM.", "marker-color": "#818181"}}, {"type": "Feature", "geometry": {"type": "Point", "coordinates": [2.344435, 48.859821]}, "properties": {"numparc": 623, "etat de la localisation": "autre", "ID BDGEO": "2637", "horodatage": "2022-04-01 17:39:24", "distance (en metres)": 1856.9, "station": "BASTILLE-RUE SAINT-ANTOINE", "marker-color": "#818181"}}, {"type": "Feature", "geometry": {"type": "Point", "coordinates": [2.386475, 48.859962]}, "properties": {"numparc": 631, "etat de la localisation": "autre", "ID BDGEO": "4539", "horodatage": "2022-04-01 17:39:43", "distance (en metres)": 1896.45, "station": "LAGNY ENTREE", "marker-color": "#818181"}}, {"type": "Feature", "geometry": {"type": "Point", "coordinates": [2.35062, 48.857807]}, "properties": {"numparc": 636, "etat de la localisation": "autre", "ID BDGEO": "10851", "horodatage": "2022-04-01 17:39:51", "distance (en metres)": 1442.56, "station": "PONT ROYAL#", "marker-color": "#818181"}}, {"type": "Feature", "geometry": {"type": "Point", "coordinates": [2.307176, 48.85955]}, "properties": {"numparc": 622, "etat de la localisation": "autre", "ID BDGEO": "10829", "horodatage": "2022-04-01 17:40:05", "distance (en metres)": 5413.24, "station": "VOLTAIRE-LEON BLUM.", "marker-color": "#818181"}}, {"type": "Feature", "geometry": {"type": "Point", "coordinates": [2.309607, 48.858059]}, "properties": {"numparc": 620, "etat de la localisation": "autre", "ID BDGEO": "2637", "horodatage": "2022-04-01 17:40:28", "distance (en metres)": 4289.71, "station": "BASTILLE-RUE SAINT-ANTOINE", "marker-color": "#818181"}}, {"type": "Feature", "geometry": {"type": "Point", "coordinates": [2.386605, 48.859787]}, "properties": {"numparc": 631, "etat de la localisation": "autre", "ID BDGEO": "4539", "horodatage": "2022-04-01 17:40:40", "distance (en metres)": 1877.23, "station": "LAGNY ENTREE", "marker-color": "#818181"}}, {"type": "Feature", "geometry": {"type": "Point", "coordinates": [2.327017, 48.860264]}, "properties": {"numparc": 625, "etat de la localisation": "autre", "ID BDGEO": "2637", "horodatage": "2022-04-01 17:40:50", "distance (en metres)": 3082.26, "station": "BASTILLE-RUE SAINT-ANTOINE", "marker-color": "#818181"}}, {"type": "Feature", "geometry": {"type": "Point", "coordinates": [2.320693, 48.856613]}, "properties": {"numparc": 634, "etat de la localisation": "autre", "ID BDGEO": "2637", "horodatage": "2022-04-01 17:41:00", "distance (en metres)": 3465.53, "station": "BASTILLE-RUE SAINT-ANTOINE", "marker-color": "#818181"}}, {"type": "Feature", "geometry": {"type": "Point", "coordinates": [2.348828, 48.85836]}, "properties": {"numparc": 636, "etat de la localisation": "autre", "ID BDGEO": "10851", "horodatage": "2022-04-01 17:41:12", "distance (en metres)": 1301.86, "station": "PONT ROYAL#", "marker-color": "#818181"}}, {"type": "Feature", "geometry": {"type": "Point", "coordinates": [2.310727, 48.859898]}, "properties": {"numparc": 622, "etat de la localisation": "autre", "ID BDGEO": "10829", "horodatage": "2022-04-01 17:41:17", "distance (en metres)": 5155.17, "station": "VOLTAIRE-LEON BLUM.", "marker-color": "#818181"}}, {"type": "Feature", "geometry": {"type": "Point", "coordinates": [2.340129, 48.861225]}, "properties": {"numparc": 623, "etat de la localisation": "autre", "ID BDGEO": "2637", "horodatage": "2022-04-01 17:41:31", "distance (en metres)": 2207.97, "station": "BASTILLE-RUE SAINT-ANTOINE", "marker-color": "#818181"}}, {"type": "Feature", "geometry": {"type": "Point", "coordinates": [2.306122, 48.8578]}, "properties": {"numparc": 620, "etat de la localisation": "autre", "ID BDGEO": "2637", "horodatage": "2022-04-01 17:41:32", "distance (en metres)": 4539.55, "station": "BASTILLE-RUE SAINT-ANTOINE", "marker-color": "#818181"}}, {"type": "Feature", "geometry": {"type": "Point", "coordinates": [2.391557, 48.869179]}, "properties": {"numparc": 632, "etat de la localisation": "Deviation programmee", "ID BDGEO": "712", "horodatage": "2022-04-01 17:42:14", "distance (en metres)": 552.26, "station": "MARTIN NADAUD", "marker-color": "#56FF93"}}, {"type": "Feature", "geometry": {"type": "Point", "coordinates": [2.362142, 48.854855]}, "properties": {"numparc": 637, "etat de la localisation": "autre", "ID BDGEO": "4538", "horodatage": "2022-04-01 17:43:25", "distance (en metres)": 3316.9, "station": "LAGNY SORTIE", "marker-color": "#818181"}}, {"type": "Feature", "geometry": {"type": "Point", "coordinates": [2.344454, 48.85981]}, "properties": {"numparc": 636, "etat de la localisation": "autre", "ID BDGEO": "10851", "horodatage": "2022-04-01 17:43:29", "distance (en metres)": 962.54, "station": "PONT ROYAL#", "marker-color": "#818181"}}, {"type": "Feature", "geometry": {"type": "Point", "coordinates": [2.303826, 48.856968]}, "properties": {"numparc": 620, "etat de la localisation": "autre", "ID BDGEO": "2637", "horodatage": "2022-04-01 17:43:47", "distance (en metres)": 4697.6, "station": "BASTILLE-RUE SAINT-ANTOINE", "marker-color": "#818181"}}, {"type": "Feature", "geometry": {"type": "Point", "coordinates": [2.399736, 48.865623]}, "properties": {"numparc": 621, "etat de la localisation": "autre", "ID BDGEO": "2624", "horodatage": "2022-04-01 17:43:48", "distance (en metres)": 1669.49, "station": "VOLTAIRE-LEON BLUM.", "marker-color": "#818181"}}, {"type": "Feature", "geometry": {"type": "Point", "coordinates": [2.319912, 48.859234]}, "properties": {"numparc": 622, "etat de la localisation": "autre", "ID BDGEO": "10829", "horodatage": "2022-04-01 17:44:07", "distance (en metres)": 4480.87, "station": "VOLTAIRE-LEON BLUM.", "marker-color": "#818181"}}, {"type": "Feature", "geometry": {"type": "Point", "coordinates": [2.385074, 48.858932]}, "properties": {"numparc": 631, "etat de la localisation": "autre", "ID BDGEO": "4539", "horodatage": "2022-04-01 17:44:25", "distance (en metres)": 1916.82, "station": "LAGNY ENTREE", "marker-color": "#818181"}}, {"type": "Feature", "geometry": {"type": "Point", "coordinates": [2.394264, 48.870041]}, "properties": {"numparc": 632, "etat de la localisation": "Deviation programmee", "ID BDGEO": "712", "horodatage": "2022-04-01 17:44:41", "distance (en metres)": 580.48, "station": "MARTIN NADAUD", "marker-color": "#56FF93"}}, {"type": "Feature", "geometry": {"type": "Point", "coordinates": [2.323492, 48.858105]}, "properties": {"numparc": 625, "etat de la localisation": "autre", "ID BDGEO": "2637", "horodatage": "2022-04-01 17:44:43", "distance (en metres)": 3284.92, "station": "BASTILLE-RUE SAINT-ANTOINE", "marker-color": "#818181"}}, {"type": "Feature", "geometry": {"type": "Point", "coordinates": [2.301929, 48.856567]}, "properties": {"numparc": 620, "etat de la localisation": "autre", "ID BDGEO": "2637", "horodatage": "2022-04-01 17:44:58", "distance (en metres)": 4832.33, "station": "BASTILLE-RUE SAINT-ANTOINE", "marker-color": "#818181"}}, {"type": "Feature", "geometry": {"type": "Point", "coordinates": [2.399099, 48.865608]}, "properties": {"numparc": 628, "etat de la localisation": "autre", "ID BDGEO": "2629", "horodatage": "2022-04-01 17:45:10", "distance (en metres)": 63.68, "station": "GAMBETTA-JAPON#", "marker-color": "#818181"}}, {"type": "Feature", "geometry": {"type": "Point", "coordinates": [2.36587, 48.853703]}, "properties": {"numparc": 637, "etat de la localisation": "autre", "ID BDGEO": "4538", "horodatage": "2022-04-01 17:45:21", "distance (en metres)": 3027.59, "station": "LAGNY SORTIE", "marker-color": "#818181"}}, {"type": "Feature", "geometry": {"type": "Point", "coordinates": [2.387838, 48.862579]}, "properties": {"numparc": 633, "etat de la localisation": "autre", "ID BDGEO": "653", "horodatage": "2022-04-01 17:45:32", "distance (en metres)": 66.11, "station": "AUGUSTE METIVIER", "marker-color": "#818181"}}, {"type": "Feature", "geometry": {"type": "Point", "coordinates": [2.299449, 48.857426]}, "properties": {"numparc": 620, "etat de la localisation": "autre", "ID BDGEO": "2637", "horodatage": "2022-04-01 17:46:04", "distance (en metres)": 5021.1, "station": "BASTILLE-RUE SAINT-ANTOINE", "marker-color": "#818181"}}, {"type": "Feature", "geometry": {"type": "Point", "coordinates": [2.335748, 48.862686]}, "properties": {"numparc": 623, "etat de la localisation": "autre", "ID BDGEO": "2637", "horodatage": "2022-04-01 17:46:18", "distance (en metres)": 2566.76, "station": "BASTILLE-RUE SAINT-ANTOINE", "marker-color": "#818181"}}, {"type": "Feature", "geometry": {"type": "Point", "coordinates": [2.368116, 48.853363]}, "properties": {"numparc": 637, "etat de la localisation": "autre", "ID BDGEO": "4538", "horodatage": "2022-04-01 17:46:19", "distance (en metres)": 2859.61, "station": "LAGNY SORTIE", "marker-color": "#818181"}}, {"type": "Feature", "geometry": {"type": "Point", "coordinates": [2.323729, 48.857815]}, "properties": {"numparc": 622, "etat de la localisation": "autre", "ID BDGEO": "10829", "horodatage": "2022-04-01 17:46:32", "distance (en metres)": 4199.08, "station": "VOLTAIRE-LEON BLUM.", "marker-color": "#818181"}}, {"type": "Feature", "geometry": {"type": "Point", "coordinates": [2.380991, 48.857903]}, "properties": {"numparc": 631, "etat de la localisation": "autre", "ID BDGEO": "4539", "horodatage": "2022-04-01 17:46:36", "distance (en metres)": 2125.14, "station": "LAGNY ENTREE", "marker-color": "#818181"}}, {"type": "Feature", "geometry": {"type": "Point", "coordinates": [2.385305, 48.864925]}, "properties": {"numparc": 633, "etat de la localisation": "Deviation programmee", "ID BDGEO": "711", "horodatage": "2022-04-01 17:46:38", "distance (en metres)": 325.8, "station": "PERE LACHAISE", "marker-color": "#56FF93"}}, {"type": "Feature", "geometry": {"type": "Point", "coordinates": [2.325345, 48.855671]}, "properties": {"numparc": 625, "etat de la localisation": "autre", "ID BDGEO": "2637", "horodatage": "2022-04-01 17:46:39", "distance (en metres)": 3116.69, "station": "BASTILLE-RUE SAINT-ANTOINE", "marker-color": "#818181"}}, {"type": "Feature", "geometry": {"type": "Point", "coordinates": [2.309647, 48.857994]}, "properties": {"numparc": 634, "etat de la localisation": "autre", "ID BDGEO": "2637", "horodatage": "2022-04-01 17:47:02", "distance (en metres)": 4285.92, "station": "BASTILLE-RUE SAINT-ANTOINE", "marker-color": "#818181"}}, {"type": "Feature", "geometry": {"type": "Point", "coordinates": [2.380909, 48.857899]}, "properties": {"numparc": 631, "etat de la localisation": "autre", "ID BDGEO": "4539", "horodatage": "2022-04-01 17:47:20", "distance (en metres)": 2130.4, "station": "LAGNY ENTREE", "marker-color": "#818181"}}, {"type": "Feature", "geometry": {"type": "Point", "coordinates": [2.296346, 48.855259]}, "properties": {"numparc": 620, "etat de la localisation": "autre", "ID BDGEO": "10829", "horodatage": "2022-04-01 17:47:26", "distance (en metres)": 6209.29, "station": "VOLTAIRE-LEON BLUM.", "marker-color": "#818181"}}, {"type": "Feature", "geometry": {"type": "Point", "coordinates": [2.306053, 48.857735]}, "properties": {"numparc": 634, "etat de la localisation": "autre", "ID BDGEO": "2637", "horodatage": "2022-04-01 17:47:59", "distance (en metres)": 4543.79, "station": "BASTILLE-RUE SAINT-ANTOINE", "marker-color": "#818181"}}, {"type": "Feature", "geometry": {"type": "Point", "coordinates": [2.371763, 48.854538]}, "properties": {"numparc": 637, "etat de la localisation": "autre", "ID BDGEO": "4538", "horodatage": "2022-04-01 17:48:30", "distance (en metres)": 2618.41, "station": "LAGNY SORTIE", "marker-color": "#818181"}}, {"type": "Feature", "geometry": {"type": "Point", "coordinates": [2.326522, 48.856293]}, "properties": {"numparc": 622, "etat de la localisation": "autre", "ID BDGEO": "10829", "horodatage": "2022-04-01 17:48:51", "distance (en metres)": 3998.61, "station": "VOLTAIRE-LEON BLUM.", "marker-color": "#818181"}}, {"type": "Feature", "geometry": {"type": "Point", "coordinates": [2.331665, 48.858803]}, "properties": {"numparc": 623, "etat de la localisation": "autre", "ID BDGEO": "2637", "horodatage": "2022-04-01 17:48:54", "distance (en metres)": 2713.24, "station": "BASTILLE-RUE SAINT-ANTOINE", "marker-color": "#818181"}}, {"type": "Feature", "geometry": {"type": "Point", "coordinates": [2.303985, 48.856937]}, "properties": {"numparc": 634, "etat de la localisation": "autre", "ID BDGEO": "2637", "horodatage": "2022-04-01 17:49:13", "distance (en metres)": 4685.72, "station": "BASTILLE-RUE SAINT-ANTOINE", "marker-color": "#818181"}}, {"type": "Feature", "geometry": {"type": "Point", "coordinates": [2.375419, 48.855999]}, "properties": {"numparc": 637, "etat de la localisation": "autre", "ID BDGEO": "4538", "horodatage": "2022-04-01 17:49:32", "distance (en metres)": 2398.1, "station": "LAGNY SORTIE", "marker-color": "#818181"}}, {"type": "Feature", "geometry": {"type": "Point", "coordinates": [2.32709, 48.860294]}, "properties": {"numparc": 623, "etat de la localisation": "autre", "ID BDGEO": "2637", "horodatage": "2022-04-01 17:50:04", "distance (en metres)": 3077.96, "station": "BASTILLE-RUE SAINT-ANTOINE", "marker-color": "#818181"}}, {"type": "Feature", "geometry": {"type": "Point", "coordinates": [2.316939, 48.85767]}, "properties": {"numparc": 625, "etat de la localisation": "autre", "ID BDGEO": "2637", "horodatage": "2022-04-01 17:50:24", "distance (en metres)": 3752.14, "station": "BASTILLE-RUE SAINT-ANTOINE", "marker-color": "#818181"}}, {"type": "Feature", "geometry": {"type": "Point", "coordinates": [2.301989, 48.856472]}, "properties": {"numparc": 634, "etat de la localisation": "autre", "ID BDGEO": "2637", "horodatage": "2022-04-01 17:50:32", "distance (en metres)": 4827.16, "station": "BASTILLE-RUE SAINT-ANTOINE", "marker-color": "#818181"}}, {"type": "Feature", "geometry": {"type": "Point", "coordinates": [2.377147, 48.859951]}, "properties": {"numparc": 631, "etat de la localisation": "autre", "ID BDGEO": "4539", "horodatage": "2022-04-01 17:50:57", "distance (en metres)": 2477.86, "station": "LAGNY ENTREE", "marker-color": "#818181"}}, {"type": "Feature", "geometry": {"type": "Point", "coordinates": [2.329, 48.858978]}, "properties": {"numparc": 622, "etat de la localisation": "autre", "ID BDGEO": "10829", "horodatage": "2022-04-01 17:51:13", "distance (en metres)": 3815.45, "station": "VOLTAIRE-LEON BLUM.", "marker-color": "#818181"}}, {"type": "Feature", "geometry": {"type": "Point", "coordinates": [2.399095, 48.8657]}, "properties": {"numparc": 632, "etat de la localisation": "autre", "ID BDGEO": "2", "horodatage": "2022-04-01 17:51:49", "distance (en metres)": 66.82, "station": "GAMBETTA-JAPON", "marker-color": "#818181"}}, {"type": "Feature", "geometry": {"type": "Point", "coordinates": [2.37825, 48.856964]}, "properties": {"numparc": 637, "etat de la localisation": "autre", "ID BDGEO": "4538", "horodatage": "2022-04-01 17:52:09", "distance (en metres)": 2236.09, "station": "LAGNY SORTIE", "marker-color": "#818181"}}, {"type": "Feature", "geometry": {"type": "Point", "coordinates": [2.296581, 48.8554]}, "properties": {"numparc": 634, "etat de la localisation": "autre", "ID BDGEO": "10829", "horodatage": "2022-04-01 17:52:31", "distance (en metres)": 6191.39, "station": "VOLTAIRE-LEON BLUM.", "marker-color": "#818181"}}, {"type": "Feature", "geometry": {"type": "Point", "coordinates": [2.33373, 48.860943]}, "properties": {"numparc": 636, "etat de la localisation": "autre", "ID BDGEO": "2626", "horodatage": "2022-04-01 17:52:31", "distance (en metres)": 2806.81, "station": "CHAMP DE MARS#", "marker-color": "#818181"}}, {"type": "Feature", "geometry": {"type": "Point", "coordinates": [2.323454, 48.858067]}, "properties": {"numparc": 623, "etat de la localisation": "autre", "ID BDGEO": "2637", "horodatage": "2022-04-01 17:52:49", "distance (en metres)": 3286.98, "station": "BASTILLE-RUE SAINT-ANTOINE", "marker-color": "#818181"}}, {"type": "Feature", "geometry": {"type": "Point", "coordinates": [2.400121, 48.86496]}, "properties": {"numparc": 629, "etat de la localisation": "autre", "ID BDGEO": "2629", "horodatage": "2022-04-01 17:52:56", "distance (en metres)": 41.96, "station": "GAMBETTA-JAPON#", "marker-color": "#818181"}}, {"type": "Feature", "geometry": {"type": "Point", "coordinates": [2.331083, 48.860573]}, "properties": {"numparc": 622, "etat de la localisation": "autre", "ID BDGEO": "10829", "horodatage": "2022-04-01 17:54:26", "distance (en metres)": 3673.37, "station": "VOLTAIRE-LEON BLUM.", "marker-color": "#818181"}}, {"type": "Feature", "geometry": {"type": "Point", "coordinates": [2.37126, 48.857895]}, "properties": {"numparc": 631, "etat de la localisation": "autre", "ID BDGEO": "4539", "horodatage": "2022-04-01 17:54:26", "distance (en metres)": 2786.26, "station": "LAGNY ENTREE", "marker-color": "#818181"}}, {"type": "Feature", "geometry": {"type": "Point", "coordinates": [2.397768, 48.865032]}, "properties": {"numparc": 629, "etat de la localisation": "autre", "ID BDGEO": "2629", "horodatage": "2022-04-01 17:54:46", "distance (en metres)": 151.71, "station": "GAMBETTA-JAPON#", "marker-color": "#818181"}}, {"type": "Feature", "geometry": {"type": "Point", "coordinates": [2.381007, 48.857769]}, "properties": {"numparc": 637, "etat de la localisation": "autre", "ID BDGEO": "4538", "horodatage": "2022-04-01 17:55:04", "distance (en metres)": 2084.92, "station": "LAGNY SORTIE", "marker-color": "#818181"}}, {"type": "Feature", "geometry": {"type": "Point", "coordinates": [2.309655, 48.858044]}, "properties": {"numparc": 625, "etat de la localisation": "autre", "ID BDGEO": "2637", "horodatage": "2022-04-01 17:55:06", "distance (en metres)": 4286.02, "station": "BASTILLE-RUE SAINT-ANTOINE", "marker-color": "#818181"}}, {"type": "Feature", "geometry": {"type": "Point", "coordinates": [2.334089, 48.85997]}, "properties": {"numparc": 622, "etat de la localisation": "autre", "ID BDGEO": "10829", "horodatage": "2022-04-01 17:55:25", "distance (en metres)": 3449.07, "station": "VOLTAIRE-LEON BLUM.", "marker-color": "#818181"}}, {"type": "Feature", "geometry": {"type": "Point", "coordinates": [2.394957, 48.864841]}, "properties": {"numparc": 629, "etat de la localisation": "autre", "ID BDGEO": "2629", "horodatage": "2022-04-01 17:55:39", "distance (en metres)": 358.16, "station": "GAMBETTA-JAPON#", "marker-color": "#818181"}}, {"type": "Feature", "geometry": {"type": "Point", "coordinates": [2.306227, 48.857796]}, "properties": {"numparc": 625, "etat de la localisation": "autre", "ID BDGEO": "2637", "horodatage": "2022-04-01 17:56:06", "distance (en metres)": 4531.88, "station": "BASTILLE-RUE SAINT-ANTOINE", "marker-color": "#818181"}}, {"type": "Feature", "geometry": {"type": "Point", "coordinates": [2.391726, 48.869213]}, "properties": {"numparc": 633, "etat de la localisation": "Deviation programmee", "ID BDGEO": "712", "horodatage": "2022-04-01 17:56:18", "distance (en metres)": 549.6, "station": "MARTIN NADAUD", "marker-color": "#56FF93"}}, {"type": "Feature", "geometry": {"type": "Point", "coordinates": [2.368584, 48.857044]}, "properties": {"numparc": 631, "etat de la localisation": "autre", "ID BDGEO": "10851", "horodatage": "2022-04-01 17:56:26", "distance (en metres)": 2752.0, "station": "PONT ROYAL#", "marker-color": "#818181"}}, {"type": "Feature", "geometry": {"type": "Point", "coordinates": [2.338617, 48.859138]}, "properties": {"numparc": 622, "etat de la localisation": "autre", "ID BDGEO": "10829", "horodatage": "2022-04-01 17:56:27", "distance (en metres)": 3113.1, "station": "VOLTAIRE-LEON BLUM.", "marker-color": "#818181"}}, {"type": "Feature", "geometry": {"type": "Point", "coordinates": [2.316962, 48.857723]}, "properties": {"numparc": 623, "etat de la localisation": "autre", "ID BDGEO": "2637", "horodatage": "2022-04-01 17:56:34", "distance (en metres)": 3751.26, "station": "BASTILLE-RUE SAINT-ANTOINE", "marker-color": "#818181"}}, {"type": "Feature", "geometry": {"type": "Point", "coordinates": [2.388323, 48.863091]}, "properties": {"numparc": 629, "etat de la localisation": "autre", "ID BDGEO": "2629", "horodatage": "2022-04-01 17:56:58", "distance (en metres)": 874.61, "station": "GAMBETTA-JAPON#", "marker-color": "#818181"}}, {"type": "Feature", "geometry": {"type": "Point", "coordinates": [2.384908, 48.858788]}, "properties": {"numparc": 637, "etat de la localisation": "autre", "ID BDGEO": "4538", "horodatage": "2022-04-01 17:57:04", "distance (en metres)": 1887.41, "station": "LAGNY SORTIE", "marker-color": "#818181"}}, {"type": "Feature", "geometry": {"type": "Point", "coordinates": [2.303865, 48.856968]}, "properties": {"numparc": 625, "etat de la localisation": "autre", "ID BDGEO": "2637", "horodatage": "2022-04-01 17:57:15", "distance (en metres)": 4694.77, "station": "BASTILLE-RUE SAINT-ANTOINE", "marker-color": "#818181"}}, {"type": "Feature", "geometry": {"type": "Point", "coordinates": [2.341498, 48.858673]}, "properties": {"numparc": 622, "etat de la localisation": "autre", "ID BDGEO": "10829", "horodatage": "2022-04-01 17:57:46", "distance (en metres)": 2900.52, "station": "VOLTAIRE-LEON BLUM.", "marker-color": "#818181"}}, {"type": "Feature", "geometry": {"type": "Point", "coordinates": [2.296501, 48.855301]}, "properties": {"numparc": 620, "etat de la localisation": "autre", "ID BDGEO": "10829", "horodatage": "2022-04-01 17:58:28", "distance (en metres)": 6197.75, "station": "VOLTAIRE-LEON BLUM.", "marker-color": "#818181"}}, {"type": "Feature", "geometry": {"type": "Point", "coordinates": [2.367622, 48.853401]}, "properties": {"numparc": 631, "etat de la localisation": "autre", "ID BDGEO": "10851", "horodatage": "2022-04-01 17:58:59", "distance (en metres)": 2770.26, "station": "PONT ROYAL#", "marker-color": "#818181"}}, {"type": "Feature", "geometry": {"type": "Point", "coordinates": [2.367622, 48.853401]}, "properties": {"numparc": 631, "etat de la localisation": "autre", "ID BDGEO": "10851", "horodatage": "2022-04-01 17:59:02", "distance (en metres)": 2770.26, "station": "PONT ROYAL#", "marker-color": "#818181"}}, {"type": "Feature", "geometry": {"type": "Point", "coordinates": [2.334044, 48.859951]}, "properties": {"numparc": 636, "etat de la localisation": "autre", "ID BDGEO": "2626", "horodatage": "2022-04-01 17:59:39", "distance (en metres)": 2805.02, "station": "CHAMP DE MARS#", "marker-color": "#818181"}}, {"type": "Feature", "geometry": {"type": "Point", "coordinates": [2.365278, 48.853951]}, "properties": {"numparc": 631, "etat de la localisation": "autre", "ID BDGEO": "10851", "horodatage": "2022-04-01 17:59:48", "distance (en metres)": 2588.47, "station": "PONT ROYAL#", "marker-color": "#818181"}}, {"type": "Feature", "geometry": {"type": "Point", "coordinates": [2.388879, 48.860191]}, "properties": {"numparc": 637, "etat de la localisation": "autre", "ID BDGEO": "4538", "horodatage": "2022-04-01 17:59:58", "distance (en metres)": 1746.31, "station": "LAGNY SORTIE", "marker-color": "#818181"}}, {"type": "Feature", "geometry": {"type": "Point", "coordinates": [2.385471, 48.861973]}, "properties": {"numparc": 629, "etat de la localisation": "autre", "ID BDGEO": "2629", "horodatage": "2022-04-01 18:00:03", "distance (en metres)": 1111.26, "station": "GAMBETTA-JAPON#", "marker-color": "#818181"}}, {"type": "Feature", "geometry": {"type": "Point", "coordinates": [2.306095, 48.857769]}, "properties": {"numparc": 623, "etat de la localisation": "autre", "ID BDGEO": "2637", "horodatage": "2022-04-01 18:00:10", "distance (en metres)": 4541.15, "station": "BASTILLE-RUE SAINT-ANTOINE", "marker-color": "#818181"}}, {"type": "Feature", "geometry": {"type": "Point", "coordinates": [2.29957, 48.857418]}, "properties": {"numparc": 625, "etat de la localisation": "autre", "ID BDGEO": "2637", "horodatage": "2022-04-01 18:00:17", "distance (en metres)": 5012.19, "station": "BASTILLE-RUE SAINT-ANTOINE", "marker-color": "#818181"}}, {"type": "Feature", "geometry": {"type": "Point", "coordinates": [2.34847, 48.856834]}, "properties": {"numparc": 622, "etat de la localisation": "autre", "ID BDGEO": "10829", "horodatage": "2022-04-01 18:00:27", "distance (en metres)": 2391.82, "station": "VOLTAIRE-LEON BLUM.", "marker-color": "#818181"}}, {"type": "Feature", "geometry": {"type": "Point", "coordinates": [2.362114, 48.855003]}, "properties": {"numparc": 631, "etat de la localisation": "autre", "ID BDGEO": "10851", "horodatage": "2022-04-01 18:00:49", "distance (en metres)": 2333.77, "station": "PONT ROYAL#", "marker-color": "#818181"}}, {"type": "Feature", "geometry": {"type": "Point", "coordinates": [2.35036, 48.856178]}, "properties": {"numparc": 622, "etat de la localisation": "autre", "ID BDGEO": "10829", "horodatage": "2022-04-01 18:01:16", "distance (en metres)": 2258.61, "station": "VOLTAIRE-LEON BLUM.", "marker-color": "#818181"}}, {"type": "Feature", "geometry": {"type": "Point", "coordinates": [2.387753, 48.862461]}, "properties": {"numparc": 637, "etat de la localisation": "autre", "ID BDGEO": "4538", "horodatage": "2022-04-01 18:01:19", "distance (en metres)": 1979.23, "station": "LAGNY SORTIE", "marker-color": "#818181"}}, {"type": "Feature", "geometry": {"type": "Point", "coordinates": [2.299972, 48.857258]}, "properties": {"numparc": 620, "etat de la localisation": "autre", "ID BDGEO": "10829", "horodatage": "2022-04-01 18:01:23", "distance (en metres)": 5937.52, "station": "VOLTAIRE-LEON BLUM.", "marker-color": "#818181"}}, {"type": "Feature", "geometry": {"type": "Point", "coordinates": [2.303916, 48.856953]}, "properties": {"numparc": 623, "etat de la localisation": "autre", "ID BDGEO": "2637", "horodatage": "2022-04-01 18:01:23", "distance (en metres)": 4690.91, "station": "BASTILLE-RUE SAINT-ANTOINE", "marker-color": "#818181"}}, {"type": "Feature", "geometry": {"type": "Point", "coordinates": [2.296653, 48.855446]}, "properties": {"numparc": 625, "etat de la localisation": "autre", "ID BDGEO": "10829", "horodatage": "2022-04-01 18:01:33", "distance (en metres)": 6185.9, "station": "VOLTAIRE-LEON BLUM.", "marker-color": "#818181"}}, {"type": "Feature", "geometry": {"type": "Point", "coordinates": [2.387753, 48.862461]}, "properties": {"numparc": 637, "etat de la localisation": "autre", "ID BDGEO": "4538", "horodatage": "2022-04-01 18:01:50", "distance (en metres)": 1979.23, "station": "LAGNY SORTIE", "marker-color": "#818181"}}, {"type": "Feature", "geometry": {"type": "Point", "coordinates": [2.384964, 48.858898]}, "properties": {"numparc": 629, "etat de la localisation": "autre", "ID BDGEO": "2629", "horodatage": "2022-04-01 18:02:08", "distance (en metres)": 1297.0, "station": "GAMBETTA-JAPON#", "marker-color": "#818181"}}, {"type": "Feature", "geometry": {"type": "Point", "coordinates": [2.302006, 48.856594]}, "properties": {"numparc": 623, "etat de la localisation": "autre", "ID BDGEO": "2637", "horodatage": "2022-04-01 18:02:23", "distance (en metres)": 4826.94, "station": "BASTILLE-RUE SAINT-ANTOINE", "marker-color": "#818181"}}, {"type": "Feature", "geometry": {"type": "Point", "coordinates": [2.34147, 48.858677]}, "properties": {"numparc": 636, "etat de la localisation": "autre", "ID BDGEO": "2626", "horodatage": "2022-04-01 18:02:24", "distance (en metres)": 3318.27, "station": "CHAMP DE MARS#", "marker-color": "#818181"}}, {"type": "Feature", "geometry": {"type": "Point", "coordinates": [2.357505, 48.856113]}, "properties": {"numparc": 631, "etat de la localisation": "autre", "ID BDGEO": "10851", "horodatage": "2022-04-01 18:02:35", "distance (en metres)": 1976.18, "station": "PONT ROYAL#", "marker-color": "#818181"}}, {"type": "Feature", "geometry": {"type": "Point", "coordinates": [2.380877, 48.85791]}, "properties": {"numparc": 629, "etat de la localisation": "autre", "ID BDGEO": "2629", "horodatage": "2022-04-01 18:03:37", "distance (en metres)": 1608.99, "station": "GAMBETTA-JAPON#", "marker-color": "#818181"}}, {"type": "Feature", "geometry": {"type": "Point", "coordinates": [2.356005, 48.855869]}, "properties": {"numparc": 622, "etat de la localisation": "autre", "ID BDGEO": "10829", "horodatage": "2022-04-01 18:03:39", "distance (en metres)": 1851.16, "station": "VOLTAIRE-LEON BLUM.", "marker-color": "#818181"}}, {"type": "Feature", "geometry": {"type": "Point", "coordinates": [2.304008, 48.858997]}, "properties": {"numparc": 620, "etat de la localisation": "autre", "ID BDGEO": "10829", "horodatage": "2022-04-01 18:04:14", "distance (en metres)": 5643.19, "station": "VOLTAIRE-LEON BLUM.", "marker-color": "#818181"}}, {"type": "Feature", "geometry": {"type": "Point", "coordinates": [2.296765, 48.85553]}, "properties": {"numparc": 623, "etat de la localisation": "autre", "ID BDGEO": "10829", "horodatage": "2022-04-01 18:04:15", "distance (en metres)": 6177.31, "station": "VOLTAIRE-LEON BLUM.", "marker-color": "#818181"}}, {"type": "Feature", "geometry": {"type": "Point", "coordinates": [2.296765, 48.85553]}, "properties": {"numparc": 623, "etat de la localisation": "autre", "ID BDGEO": "10829", "horodatage": "2022-04-01 18:04:30", "distance (en metres)": 6177.31, "station": "VOLTAIRE-LEON BLUM.", "marker-color": "#818181"}}, {"type": "Feature", "geometry": {"type": "Point", "coordinates": [2.358111, 48.855488]}, "properties": {"numparc": 622, "etat de la localisation": "autre", "ID BDGEO": "10829", "horodatage": "2022-04-01 18:04:35", "distance (en metres)": 1704.35, "station": "VOLTAIRE-LEON BLUM.", "marker-color": "#818181"}}, {"type": "Feature", "geometry": {"type": "Point", "coordinates": [2.350651, 48.857784]}, "properties": {"numparc": 631, "etat de la localisation": "autre", "ID BDGEO": "10851", "horodatage": "2022-04-01 18:05:01", "distance (en metres)": 1445.32, "station": "PONT ROYAL#", "marker-color": "#818181"}}, {"type": "Feature", "geometry": {"type": "Point", "coordinates": [2.399903, 48.865398]}, "properties": {"numparc": 633, "etat de la localisation": "autre", "ID BDGEO": "3196", "horodatage": "2022-04-01 18:05:13", "distance (en metres)": 60.33, "station": "GAMBETTA-MAIRIE DU 20EME.", "marker-color": "#818181"}}, {"type": "Feature", "geometry": {"type": "Point", "coordinates": [2.296653, 48.855446]}, "properties": {"numparc": 625, "etat de la localisation": "autre", "ID BDGEO": "10829", "horodatage": "2022-04-01 18:05:31", "distance (en metres)": 6185.9, "station": "VOLTAIRE-LEON BLUM.", "marker-color": "#818181"}}, {"type": "Feature", "geometry": {"type": "Point", "coordinates": [2.397647, 48.865005]}, "properties": {"numparc": 628, "etat de la localisation": "autre", "ID BDGEO": "2629", "horodatage": "2022-04-01 18:05:36", "distance (en metres)": 160.97, "station": "GAMBETTA-JAPON#", "marker-color": "#818181"}}, {"type": "Feature", "geometry": {"type": "Point", "coordinates": [2.307185, 48.859669]}, "properties": {"numparc": 620, "etat de la localisation": "autre", "ID BDGEO": "10829", "horodatage": "2022-04-01 18:05:40", "distance (en metres)": 5413.06, "station": "VOLTAIRE-LEON BLUM.", "marker-color": "#818181"}}, {"type": "Feature", "geometry": {"type": "Point", "coordinates": [2.348809, 48.858356]}, "properties": {"numparc": 631, "etat de la localisation": "autre", "ID BDGEO": "10851", "horodatage": "2022-04-01 18:05:53", "distance (en metres)": 1300.57, "station": "PONT ROYAL#", "marker-color": "#818181"}}, {"type": "Feature", "geometry": {"type": "Point", "coordinates": [2.350354, 48.85619]}, "properties": {"numparc": 636, "etat de la localisation": "autre", "ID BDGEO": "2626", "horodatage": "2022-04-01 18:05:54", "distance (en metres)": 3944.3, "station": "CHAMP DE MARS#", "marker-color": "#818181"}}, {"type": "Feature", "geometry": {"type": "Point", "coordinates": [2.377627, 48.860046]}, "properties": {"numparc": 629, "etat de la localisation": "autre", "ID BDGEO": "2629", "horodatage": "2022-04-01 18:05:56", "distance (en metres)": 1723.69, "station": "GAMBETTA-JAPON#", "marker-color": "#818181"}}, {"type": "Feature", "geometry": {"type": "Point", "coordinates": [2.361491, 48.854996]}, "properties": {"numparc": 622, "etat de la localisation": "autre", "ID BDGEO": "10829", "horodatage": "2022-04-01 18:06:13", "distance (en metres)": 1471.42, "station": "VOLTAIRE-LEON BLUM.", "marker-color": "#818181"}}, {"type": "Feature", "geometry": {"type": "Point", "coordinates": [2.394823, 48.864792]}, "properties": {"numparc": 628, "etat de la localisation": "autre", "ID BDGEO": "2629", "horodatage": "2022-04-01 18:06:53", "distance (en metres)": 368.64, "station": "GAMBETTA-JAPON#", "marker-color": "#818181"}}, {"type": "Feature", "geometry": {"type": "Point", "coordinates": [2.310747, 48.859943]}, "properties": {"numparc": 620, "etat de la localisation": "autre", "ID BDGEO": "10829", "horodatage": "2022-04-01 18:06:54", "distance (en metres)": 5153.93, "station": "VOLTAIRE-LEON BLUM.", "marker-color": "#818181"}}, {"type": "Feature", "geometry": {"type": "Point", "coordinates": [2.361491, 48.854996]}, "properties": {"numparc": 622, "etat de la localisation": "autre", "ID BDGEO": "10829", "horodatage": "2022-04-01 18:07:28", "distance (en metres)": 1471.42, "station": "VOLTAIRE-LEON BLUM.", "marker-color": "#818181"}}, {"type": "Feature", "geometry": {"type": "Point", "coordinates": [2.374751, 48.859169]}, "properties": {"numparc": 629, "etat de la localisation": "autre", "ID BDGEO": "2629", "horodatage": "2022-04-01 18:07:31", "distance (en metres)": 1954.77, "station": "GAMBETTA-JAPON#", "marker-color": "#818181"}}, {"type": "Feature", "geometry": {"type": "Point", "coordinates": [2.344407, 48.859756]}, "properties": {"numparc": 631, "etat de la localisation": "autre", "ID BDGEO": "10851", "horodatage": "2022-04-01 18:07:48", "distance (en metres)": 959.64, "station": "PONT ROYAL#", "marker-color": "#818181"}}, {"type": "Feature", "geometry": {"type": "Point", "coordinates": [2.399736, 48.865623]}, "properties": {"numparc": 621, "etat de la localisation": "autre", "ID BDGEO": "2624", "horodatage": "2022-04-01 18:07:55", "distance (en metres)": 1669.49, "station": "VOLTAIRE-LEON BLUM.", "marker-color": "#818181"}}, {"type": "Feature", "geometry": {"type": "Point", "coordinates": [2.31451, 48.859947]}, "properties": {"numparc": 620, "etat de la localisation": "autre", "ID BDGEO": "10829", "horodatage": "2022-04-01 18:08:15", "distance (en metres)": 4878.94, "station": "VOLTAIRE-LEON BLUM.", "marker-color": "#818181"}}, {"type": "Feature", "geometry": {"type": "Point", "coordinates": [2.296653, 48.855446]}, "properties": {"numparc": 625, "etat de la localisation": "autre", "ID BDGEO": "10829", "horodatage": "2022-04-01 18:08:18", "distance (en metres)": 6185.9, "station": "VOLTAIRE-LEON BLUM.", "marker-color": "#818181"}}, {"type": "Feature", "geometry": {"type": "Point", "coordinates": [2.31451, 48.859947]}, "properties": {"numparc": 620, "etat de la localisation": "autre", "ID BDGEO": "10829", "horodatage": "2022-04-01 18:08:21", "distance (en metres)": 4878.94, "station": "VOLTAIRE-LEON BLUM.", "marker-color": "#818181"}}, {"type": "Feature", "geometry": {"type": "Point", "coordinates": [2.388194, 48.863102]}, "properties": {"numparc": 628, "etat de la localisation": "autre", "ID BDGEO": "2629", "horodatage": "2022-04-01 18:08:43", "distance (en metres)": 883.33, "station": "GAMBETTA-JAPON#", "marker-color": "#818181"}}, {"type": "Feature", "geometry": {"type": "Point", "coordinates": [2.371241, 48.857933]}, "properties": {"numparc": 629, "etat de la localisation": "autre", "ID BDGEO": "2629", "horodatage": "2022-04-01 18:09:29", "distance (en metres)": 2243.66, "station": "GAMBETTA-JAPON#", "marker-color": "#818181"}}, {"type": "Feature", "geometry": {"type": "Point", "coordinates": [2.340084, 48.861217]}, "properties": {"numparc": 631, "etat de la localisation": "autre", "ID BDGEO": "10851", "horodatage": "2022-04-01 18:09:36", "distance (en metres)": 643.88, "station": "PONT ROYAL#", "marker-color": "#818181"}}, {"type": "Feature", "geometry": {"type": "Point", "coordinates": [2.319945, 48.859253]}, "properties": {"numparc": 620, "etat de la localisation": "autre", "ID BDGEO": "10829", "horodatage": "2022-04-01 18:10:18", "distance (en metres)": 4478.52, "station": "VOLTAIRE-LEON BLUM.", "marker-color": "#818181"}}, {"type": "Feature", "geometry": {"type": "Point", "coordinates": [2.385387, 48.861961]}, "properties": {"numparc": 628, "etat de la localisation": "autre", "ID BDGEO": "2629", "horodatage": "2022-04-01 18:10:40", "distance (en metres)": 1117.49, "station": "GAMBETTA-JAPON#", "marker-color": "#818181"}}, {"type": "Feature", "geometry": {"type": "Point", "coordinates": [2.386497, 48.859901]}, "properties": {"numparc": 628, "etat de la localisation": "autre", "ID BDGEO": "2629", "horodatage": "2022-04-01 18:11:51", "distance (en metres)": 1142.55, "station": "GAMBETTA-JAPON#", "marker-color": "#818181"}}, {"type": "Feature", "geometry": {"type": "Point", "coordinates": [2.393883, 48.869846]}, "properties": {"numparc": 637, "etat de la localisation": "Deviation programmee", "ID BDGEO": "712", "horodatage": "2022-04-01 18:11:52", "distance (en metres)": 563.49, "station": "MARTIN NADAUD", "marker-color": "#56FF93"}}, {"type": "Feature", "geometry": {"type": "Point", "coordinates": [2.323666, 48.857765]}, "properties": {"numparc": 620, "etat de la localisation": "autre", "ID BDGEO": "10829", "horodatage": "2022-04-01 18:12:17", "distance (en metres)": 4203.7, "station": "VOLTAIRE-LEON BLUM.", "marker-color": "#818181"}}, {"type": "Feature", "geometry": {"type": "Point", "coordinates": [2.362664, 48.854507]}, "properties": {"numparc": 636, "etat de la localisation": "Deviation programmee", "ID BDGEO": "4538", "horodatage": "2022-04-01 18:12:23", "distance (en metres)": 3272.93, "station": "LAGNY SORTIE", "marker-color": "#56FF93"}}, {"type": "Feature", "geometry": {"type": "Point", "coordinates": [2.362664, 48.854507]}, "properties": {"numparc": 636, "etat de la localisation": "Deviation programmee", "ID BDGEO": "4538", "horodatage": "2022-04-01 18:12:29", "distance (en metres)": 3272.93, "station": "LAGNY SORTIE", "marker-color": "#56FF93"}}, {"type": "Feature", "geometry": {"type": "Point", "coordinates": [2.400006, 48.864994]}, "properties": {"numparc": 621, "etat de la localisation": "autre", "ID BDGEO": "3196", "horodatage": "2022-04-01 18:13:02", "distance (en metres)": 93.96, "station": "GAMBETTA-MAIRIE DU 20EME.", "marker-color": "#818181"}}, {"type": "Feature", "geometry": {"type": "Point", "coordinates": [2.384916, 48.858826]}, "properties": {"numparc": 628, "etat de la localisation": "autre", "ID BDGEO": "2629", "horodatage": "2022-04-01 18:13:17", "distance (en metres)": 1304.35, "station": "GAMBETTA-JAPON#", "marker-color": "#818181"}}, {"type": "Feature", "geometry": {"type": "Point", "coordinates": [2.335678, 48.86261]}, "properties": {"numparc": 631, "etat de la localisation": "autre", "ID BDGEO": "10851", "horodatage": "2022-04-01 18:13:32", "distance (en metres)": 391.95, "station": "PONT ROYAL#", "marker-color": "#818181"}}, {"type": "Feature", "geometry": {"type": "Point", "coordinates": [2.367647, 48.853497]}, "properties": {"numparc": 629, "etat de la localisation": "autre", "ID BDGEO": "2629", "horodatage": "2022-04-01 18:13:53", "distance (en metres)": 2692.86, "station": "GAMBETTA-JAPON#", "marker-color": "#818181"}}, {"type": "Feature", "geometry": {"type": "Point", "coordinates": [2.326521, 48.856346]}, "properties": {"numparc": 620, "etat de la localisation": "autre", "ID BDGEO": "10829", "horodatage": "2022-04-01 18:14:25", "distance (en metres)": 3998.44, "station": "VOLTAIRE-LEON BLUM.", "marker-color": "#818181"}}, {"type": "Feature", "geometry": {"type": "Point", "coordinates": [2.296773, 48.85511]}, "properties": {"numparc": 634, "etat de la localisation": "autre", "ID BDGEO": "10829", "horodatage": "2022-04-01 18:14:36", "distance (en metres)": 6178.89, "station": "VOLTAIRE-LEON BLUM.", "marker-color": "#818181"}}, {"type": "Feature", "geometry": {"type": "Point", "coordinates": [2.365244, 48.853943]}, "properties": {"numparc": 629, "etat de la localisation": "autre", "ID BDGEO": "2629", "horodatage": "2022-04-01 18:14:41", "distance (en metres)": 2825.25, "station": "GAMBETTA-JAPON#", "marker-color": "#818181"}}, {"type": "Feature", "geometry": {"type": "Point", "coordinates": [2.365509, 48.85379]}, "properties": {"numparc": 636, "etat de la localisation": "autre", "ID BDGEO": "4538", "horodatage": "2022-04-01 18:14:51", "distance (en metres)": 3055.12, "station": "LAGNY SORTIE", "marker-color": "#818181"}}, {"type": "Feature", "geometry": {"type": "Point", "coordinates": [2.380746, 48.857899]}, "properties": {"numparc": 628, "etat de la localisation": "autre", "ID BDGEO": "2629", "horodatage": "2022-04-01 18:14:55", "distance (en metres)": 1617.9, "station": "GAMBETTA-JAPON#", "marker-color": "#818181"}}, {"type": "Feature", "geometry": {"type": "Point", "coordinates": [2.362074, 48.855038]}, "properties": {"numparc": 629, "etat de la localisation": "autre", "ID BDGEO": "2629", "horodatage": "2022-04-01 18:15:34", "distance (en metres)": 2986.04, "station": "GAMBETTA-JAPON#", "marker-color": "#818181"}}, {"type": "Feature", "geometry": {"type": "Point", "coordinates": [2.33365, 48.860809]}, "properties": {"numparc": 631, "etat de la localisation": "autre", "ID BDGEO": "2629", "horodatage": "2022-04-01 18:15:55", "distance (en metres)": 4864.98, "station": "GAMBETTA-JAPON#", "marker-color": "#818181"}}, {"type": "Feature", "geometry": {"type": "Point", "coordinates": [2.367978, 48.853355]}, "properties": {"numparc": 636, "etat de la localisation": "autre", "ID BDGEO": "4538", "horodatage": "2022-04-01 18:16:19", "distance (en metres)": 2869.49, "station": "LAGNY SORTIE", "marker-color": "#818181"}}, {"type": "Feature", "geometry": {"type": "Point", "coordinates": [2.328889, 48.859077]}, "properties": {"numparc": 620, "etat de la localisation": "autre", "ID BDGEO": "10829", "horodatage": "2022-04-01 18:16:27", "distance (en metres)": 3823.94, "station": "VOLTAIRE-LEON BLUM.", "marker-color": "#818181"}}, {"type": "Feature", "geometry": {"type": "Point", "coordinates": [2.304081, 48.858974]}, "properties": {"numparc": 634, "etat de la localisation": "autre", "ID BDGEO": "10829", "horodatage": "2022-04-01 18:17:47", "distance (en metres)": 5637.8, "station": "VOLTAIRE-LEON BLUM.", "marker-color": "#818181"}}, {"type": "Feature", "geometry": {"type": "Point", "coordinates": [2.37085, 48.853596]}, "properties": {"numparc": 636, "etat de la localisation": "autre", "ID BDGEO": "4538", "horodatage": "2022-04-01 18:18:14", "distance (en metres)": 2665.51, "station": "LAGNY SORTIE", "marker-color": "#818181"}}, {"type": "Feature", "geometry": {"type": "Point", "coordinates": [2.352788, 48.85733]}, "properties": {"numparc": 629, "etat de la localisation": "autre", "ID BDGEO": "10831", "horodatage": "2022-04-01 18:18:16", "distance (en metres)": 1997.59, "station": "VOLTAIRE-LEON BLUM", "marker-color": "#818181"}}, {"type": "Feature", "geometry": {"type": "Point", "coordinates": [2.331106, 48.860573]}, "properties": {"numparc": 620, "etat de la localisation": "autre", "ID BDGEO": "10829", "horodatage": "2022-04-01 18:18:27", "distance (en metres)": 3671.7, "station": "VOLTAIRE-LEON BLUM.", "marker-color": "#818181"}}, {"type": "Feature", "geometry": {"type": "Point", "coordinates": [2.334296, 48.859848]}, "properties": {"numparc": 631, "etat de la localisation": "autre", "ID BDGEO": "2626", "horodatage": "2022-04-01 18:18:43", "distance (en metres)": 2820.84, "station": "CHAMP DE MARS#", "marker-color": "#818181"}}, {"type": "Feature", "geometry": {"type": "Point", "coordinates": [2.307271, 48.859669]}, "properties": {"numparc": 634, "etat de la localisation": "autre", "ID BDGEO": "10829", "horodatage": "2022-04-01 18:18:48", "distance (en metres)": 5406.77, "station": "VOLTAIRE-LEON BLUM.", "marker-color": "#818181"}}, {"type": "Feature", "geometry": {"type": "Point", "coordinates": [2.385338, 48.861984]}, "properties": {"numparc": 621, "etat de la localisation": "autre", "ID BDGEO": "711", "horodatage": "2022-04-01 18:18:56", "distance (en metres)": 177.9, "station": "PERE LACHAISE", "marker-color": "#818181"}}, {"type": "Feature", "geometry": {"type": "Point", "coordinates": [2.372019, 48.854408]}, "properties": {"numparc": 636, "etat de la localisation": "autre", "ID BDGEO": "4538", "horodatage": "2022-04-01 18:19:03", "distance (en metres)": 2597.2, "station": "LAGNY SORTIE", "marker-color": "#818181"}}, {"type": "Feature", "geometry": {"type": "Point", "coordinates": [2.400156, 48.865051]}, "properties": {"numparc": 637, "etat de la localisation": "autre", "ID BDGEO": "3196", "horodatage": "2022-04-01 18:19:15", "distance (en metres)": 97.26, "station": "GAMBETTA-MAIRIE DU 20EME.", "marker-color": "#818181"}}, {"type": "Feature", "geometry": {"type": "Point", "coordinates": [2.375532, 48.855949]}, "properties": {"numparc": 636, "etat de la localisation": "autre", "ID BDGEO": "4538", "horodatage": "2022-04-01 18:20:22", "distance (en metres)": 2388.61, "station": "LAGNY SORTIE", "marker-color": "#818181"}}, {"type": "Feature", "geometry": {"type": "Point", "coordinates": [2.371194, 48.85788]}, "properties": {"numparc": 628, "etat de la localisation": "autre", "ID BDGEO": "2629", "horodatage": "2022-04-01 18:20:32", "distance (en metres)": 2249.04, "station": "GAMBETTA-JAPON#", "marker-color": "#818181"}}, {"type": "Feature", "geometry": {"type": "Point", "coordinates": [2.334004, 48.859886]}, "properties": {"numparc": 620, "etat de la localisation": "autre", "ID BDGEO": "10829", "horodatage": "2022-04-01 18:20:42", "distance (en metres)": 3454.66, "station": "VOLTAIRE-LEON BLUM.", "marker-color": "#818181"}}, {"type": "Feature", "geometry": {"type": "Point", "coordinates": [2.378335, 48.857037]}, "properties": {"numparc": 636, "etat de la localisation": "autre", "ID BDGEO": "4538", "horodatage": "2022-04-01 18:21:30", "distance (en metres)": 2233.15, "station": "LAGNY SORTIE", "marker-color": "#818181"}}, {"type": "Feature", "geometry": {"type": "Point", "coordinates": [2.338594, 48.859089]}, "properties": {"numparc": 620, "etat de la localisation": "autre", "ID BDGEO": "10829", "horodatage": "2022-04-01 18:21:55", "distance (en metres)": 3114.54, "station": "VOLTAIRE-LEON BLUM.", "marker-color": "#818181"}}, {"type": "Feature", "geometry": {"type": "Point", "coordinates": [2.368473, 48.857029]}, "properties": {"numparc": 628, "etat de la localisation": "autre", "ID BDGEO": "2629", "horodatage": "2022-04-01 18:22:06", "distance (en metres)": 2468.95, "station": "GAMBETTA-JAPON#", "marker-color": "#818181"}}, {"type": "Feature", "geometry": {"type": "Point", "coordinates": [2.338554, 48.8591]}, "properties": {"numparc": 631, "etat de la localisation": "autre", "ID BDGEO": "2626", "horodatage": "2022-04-01 18:22:26", "distance (en metres)": 3113.45, "station": "CHAMP DE MARS#", "marker-color": "#818181"}}, {"type": "Feature", "geometry": {"type": "Point", "coordinates": [2.320088, 48.859394]}, "properties": {"numparc": 634, "etat de la localisation": "autre", "ID BDGEO": "10829", "horodatage": "2022-04-01 18:22:35", "distance (en metres)": 4468.65, "station": "VOLTAIRE-LEON BLUM.", "marker-color": "#818181"}}, {"type": "Feature", "geometry": {"type": "Point", "coordinates": [2.381104, 48.857933]}, "properties": {"numparc": 636, "etat de la localisation": "autre", "ID BDGEO": "4538", "horodatage": "2022-04-01 18:22:58", "distance (en metres)": 2086.29, "station": "LAGNY SORTIE", "marker-color": "#818181"}}, {"type": "Feature", "geometry": {"type": "Point", "coordinates": [2.341455, 48.858639]}, "properties": {"numparc": 620, "etat de la localisation": "autre", "ID BDGEO": "10829", "horodatage": "2022-04-01 18:23:19", "distance (en metres)": 2903.54, "station": "VOLTAIRE-LEON BLUM.", "marker-color": "#818181"}}, {"type": "Feature", "geometry": {"type": "Point", "coordinates": [2.323811, 48.857807]}, "properties": {"numparc": 634, "etat de la localisation": "autre", "ID BDGEO": "10829", "horodatage": "2022-04-01 18:23:56", "distance (en metres)": 4193.09, "station": "VOLTAIRE-LEON BLUM.", "marker-color": "#818181"}}, {"type": "Feature", "geometry": {"type": "Point", "coordinates": [2.296591, 48.855186]}, "properties": {"numparc": 625, "etat de la localisation": "Delocalise", "ID BDGEO": "10829", "horodatage": "2022-04-01 18:24:00", "distance (en metres)": 6191.77, "station": "VOLTAIRE-LEON BLUM.", "marker-color": "#FF565E"}}, {"type": "Feature", "geometry": {"type": "Point", "coordinates": [2.397703, 48.865013]}, "properties": {"numparc": 632, "etat de la localisation": "autre", "ID BDGEO": "2629", "horodatage": "2022-04-01 18:24:07", "distance (en metres)": 156.78, "station": "GAMBETTA-JAPON#", "marker-color": "#818181"}}, {"type": "Feature", "geometry": {"type": "Point", "coordinates": [2.384837, 48.858849]}, "properties": {"numparc": 636, "etat de la localisation": "autre", "ID BDGEO": "4538", "horodatage": "2022-04-01 18:24:15", "distance (en metres)": 1895.4, "station": "LAGNY SORTIE", "marker-color": "#818181"}}, {"type": "Feature", "geometry": {"type": "Point", "coordinates": [2.348455, 48.856834]}, "properties": {"numparc": 620, "etat de la localisation": "autre", "ID BDGEO": "10829", "horodatage": "2022-04-01 18:25:00", "distance (en metres)": 2392.92, "station": "VOLTAIRE-LEON BLUM.", "marker-color": "#818181"}}, {"type": "Feature", "geometry": {"type": "Point", "coordinates": [2.394871, 48.864811]}, "properties": {"numparc": 632, "etat de la localisation": "autre", "ID BDGEO": "2629", "horodatage": "2022-04-01 18:25:03", "distance (en metres)": 364.87, "station": "GAMBETTA-JAPON#", "marker-color": "#818181"}}, {"type": "Feature", "geometry": {"type": "Point", "coordinates": [2.300078, 48.857327]}, "properties": {"numparc": 625, "etat de la localisation": "autre", "ID BDGEO": "10829", "horodatage": "2022-04-01 18:25:20", "distance (en metres)": 5929.69, "station": "VOLTAIRE-LEON BLUM.", "marker-color": "#818181"}}, {"type": "Feature", "geometry": {"type": "Point", "coordinates": [2.392726, 48.864231]}, "properties": {"numparc": 632, "etat de la localisation": "autre", "ID BDGEO": "2629", "horodatage": "2022-04-01 18:25:46", "distance (en metres)": 530.96, "station": "GAMBETTA-JAPON#", "marker-color": "#818181"}}, {"type": "Feature", "geometry": {"type": "Point", "coordinates": [2.350344, 48.856174]}, "properties": {"numparc": 620, "etat de la localisation": "autre", "ID BDGEO": "10829", "horodatage": "2022-04-01 18:25:57", "distance (en metres)": 2259.81, "station": "VOLTAIRE-LEON BLUM.", "marker-color": "#818181"}}, {"type": "Feature", "geometry": {"type": "Point", "coordinates": [2.348366, 48.856827]}, "properties": {"numparc": 631, "etat de la localisation": "autre", "ID BDGEO": "2626", "horodatage": "2022-04-01 18:26:05", "distance (en metres)": 3802.25, "station": "CHAMP DE MARS#", "marker-color": "#818181"}}, {"type": "Feature", "geometry": {"type": "Point", "coordinates": [2.326631, 48.856236]}, "properties": {"numparc": 634, "etat de la localisation": "autre", "ID BDGEO": "10829", "horodatage": "2022-04-01 18:26:08", "distance (en metres)": 3990.93, "station": "VOLTAIRE-LEON BLUM.", "marker-color": "#818181"}}, {"type": "Feature", "geometry": {"type": "Point", "coordinates": [2.36764, 48.853477]}, "properties": {"numparc": 628, "etat de la localisation": "autre", "ID BDGEO": "2629", "horodatage": "2022-04-01 18:26:19", "distance (en metres)": 2694.34, "station": "GAMBETTA-JAPON#", "marker-color": "#818181"}}, {"type": "Feature", "geometry": {"type": "Point", "coordinates": [2.388972, 48.86034]}, "properties": {"numparc": 636, "etat de la localisation": "autre", "ID BDGEO": "4538", "horodatage": "2022-04-01 18:26:48", "distance (en metres)": 1752.17, "station": "LAGNY SORTIE", "marker-color": "#818181"}}, {"type": "Feature", "geometry": {"type": "Point", "coordinates": [2.35024, 48.856182]}, "properties": {"numparc": 631, "etat de la localisation": "autre", "ID BDGEO": "2626", "horodatage": "2022-04-01 18:27:08", "distance (en metres)": 3935.93, "station": "CHAMP DE MARS#", "marker-color": "#818181"}}, {"type": "Feature", "geometry": {"type": "Point", "coordinates": [2.388246, 48.863113]}, "properties": {"numparc": 632, "etat de la localisation": "autre", "ID BDGEO": "2629", "horodatage": "2022-04-01 18:27:16", "distance (en metres)": 879.32, "station": "GAMBETTA-JAPON#", "marker-color": "#818181"}}, {"type": "Feature", "geometry": {"type": "Point", "coordinates": [2.374857, 48.859093]}, "properties": {"numparc": 621, "etat de la localisation": "autre", "ID BDGEO": "707", "horodatage": "2022-04-01 18:27:32", "distance (en metres)": 350.9, "station": "POPINCOURT", "marker-color": "#818181"}}, {"type": "Feature", "geometry": {"type": "Point", "coordinates": [2.329249, 48.858978]}, "properties": {"numparc": 634, "etat de la localisation": "autre", "ID BDGEO": "10829", "horodatage": "2022-04-01 18:27:40", "distance (en metres)": 3797.25, "station": "VOLTAIRE-LEON BLUM.", "marker-color": "#818181"}}, {"type": "Feature", "geometry": {"type": "Point", "coordinates": [2.361991, 48.855015]}, "properties": {"numparc": 628, "etat de la localisation": "autre", "ID BDGEO": "2629", "horodatage": "2022-04-01 18:27:48", "distance (en metres)": 2992.62, "station": "GAMBETTA-JAPON#", "marker-color": "#818181"}}, {"type": "Feature", "geometry": {"type": "Point", "coordinates": [2.387703, 48.862473]}, "properties": {"numparc": 636, "etat de la localisation": "autre", "ID BDGEO": "4538", "horodatage": "2022-04-01 18:27:54", "distance (en metres)": 1982.71, "station": "LAGNY SORTIE", "marker-color": "#818181"}}, {"type": "Feature", "geometry": {"type": "Point", "coordinates": [2.304013, 48.85894]}, "properties": {"numparc": 625, "etat de la localisation": "autre", "ID BDGEO": "10829", "horodatage": "2022-04-01 18:28:02", "distance (en metres)": 5642.69, "station": "VOLTAIRE-LEON BLUM.", "marker-color": "#818181"}}, {"type": "Feature", "geometry": {"type": "Point", "coordinates": [2.355389, 48.85416]}, "properties": {"numparc": 620, "etat de la localisation": "Deviation programmee", "ID BDGEO": "10829", "horodatage": "2022-04-01 18:28:21", "distance (en metres)": 1927.39, "station": "VOLTAIRE-LEON BLUM.", "marker-color": "#56FF93"}}, {"type": "Feature", "geometry": {"type": "Point", "coordinates": [2.296764, 48.85553]}, "properties": {"numparc": 623, "etat de la localisation": "autre", "ID BDGEO": "10829", "horodatage": "2022-04-01 18:29:02", "distance (en metres)": 6177.4, "station": "VOLTAIRE-LEON BLUM.", "marker-color": "#818181"}}, {"type": "Feature", "geometry": {"type": "Point", "coordinates": [2.307182, 48.85965]}, "properties": {"numparc": 625, "etat de la localisation": "autre", "ID BDGEO": "10829", "horodatage": "2022-04-01 18:29:04", "distance (en metres)": 5413.19, "station": "VOLTAIRE-LEON BLUM.", "marker-color": "#818181"}}, {"type": "Feature", "geometry": {"type": "Point", "coordinates": [2.385308, 48.861973]}, "properties": {"numparc": 632, "etat de la localisation": "autre", "ID BDGEO": "2629", "horodatage": "2022-04-01 18:29:13", "distance (en metres)": 1122.52, "station": "GAMBETTA-JAPON#", "marker-color": "#818181"}}, {"type": "Feature", "geometry": {"type": "Point", "coordinates": [2.371286, 48.857918]}, "properties": {"numparc": 621, "etat de la localisation": "autre", "ID BDGEO": "706", "horodatage": "2022-04-01 18:29:20", "distance (en metres)": 379.8, "station": "COMMANDANT LAMY", "marker-color": "#818181"}}, {"type": "Feature", "geometry": {"type": "Point", "coordinates": [2.357443, 48.856129]}, "properties": {"numparc": 628, "etat de la localisation": "autre", "ID BDGEO": "2629", "horodatage": "2022-04-01 18:29:39", "distance (en metres)": 3261.87, "station": "GAMBETTA-JAPON#", "marker-color": "#818181"}}, {"type": "Feature", "geometry": {"type": "Point", "coordinates": [2.310731, 48.859974]}, "properties": {"numparc": 625, "etat de la localisation": "autre", "ID BDGEO": "10829", "horodatage": "2022-04-01 18:30:10", "distance (en metres)": 5155.25, "station": "VOLTAIRE-LEON BLUM.", "marker-color": "#818181"}}, {"type": "Feature", "geometry": {"type": "Point", "coordinates": [2.354038, 48.856907]}, "properties": {"numparc": 628, "etat de la localisation": "autre", "ID BDGEO": "10829", "horodatage": "2022-04-01 18:30:33", "distance (en metres)": 1984.58, "station": "VOLTAIRE-LEON BLUM.", "marker-color": "#818181"}}, {"type": "Feature", "geometry": {"type": "Point", "coordinates": [2.358327, 48.853107]}, "properties": {"numparc": 620, "etat de la localisation": "Deviation programmee", "ID BDGEO": "10829", "horodatage": "2022-04-01 18:30:45", "distance (en metres)": 1749.78, "station": "VOLTAIRE-LEON BLUM.", "marker-color": "#56FF93"}}, {"type": "Feature", "geometry": {"type": "Point", "coordinates": [2.334058, 48.859879]}, "properties": {"numparc": 634, "etat de la localisation": "autre", "ID BDGEO": "10829", "horodatage": "2022-04-01 18:31:07", "distance (en metres)": 3450.66, "station": "VOLTAIRE-LEON BLUM.", "marker-color": "#818181"}}, {"type": "Feature", "geometry": {"type": "Point", "coordinates": [2.384997, 48.85886]}, "properties": {"numparc": 632, "etat de la localisation": "autre", "ID BDGEO": "2629", "horodatage": "2022-04-01 18:31:10", "distance (en metres)": 1297.32, "station": "GAMBETTA-JAPON#", "marker-color": "#818181"}}, {"type": "Feature", "geometry": {"type": "Point", "coordinates": [2.314499, 48.859951]}, "properties": {"numparc": 625, "etat de la localisation": "autre", "ID BDGEO": "10829", "horodatage": "2022-04-01 18:32:12", "distance (en metres)": 4879.78, "station": "VOLTAIRE-LEON BLUM.", "marker-color": "#818181"}}, {"type": "Feature", "geometry": {"type": "Point", "coordinates": [2.350642, 48.857475]}, "properties": {"numparc": 628, "etat de la localisation": "autre", "ID BDGEO": "10829", "horodatage": "2022-04-01 18:32:21", "distance (en metres)": 2230.59, "station": "VOLTAIRE-LEON BLUM.", "marker-color": "#818181"}}, {"type": "Feature", "geometry": {"type": "Point", "coordinates": [2.380922, 48.857864]}, "properties": {"numparc": 632, "etat de la localisation": "autre", "ID BDGEO": "2629", "horodatage": "2022-04-01 18:32:38", "distance (en metres)": 1608.75, "station": "GAMBETTA-JAPON#", "marker-color": "#818181"}}, {"type": "Feature", "geometry": {"type": "Point", "coordinates": [2.341488, 48.858654]}, "properties": {"numparc": 634, "etat de la localisation": "autre", "ID BDGEO": "10829", "horodatage": "2022-04-01 18:32:50", "distance (en metres)": 2901.19, "station": "VOLTAIRE-LEON BLUM.", "marker-color": "#818181"}}, {"type": "Feature", "geometry": {"type": "Point", "coordinates": [2.319911, 48.859234]}, "properties": {"numparc": 625, "etat de la localisation": "autre", "ID BDGEO": "10829", "horodatage": "2022-04-01 18:34:08", "distance (en metres)": 4480.94, "station": "VOLTAIRE-LEON BLUM.", "marker-color": "#818181"}}, {"type": "Feature", "geometry": {"type": "Point", "coordinates": [2.365487, 48.853779]}, "properties": {"numparc": 620, "etat de la localisation": "autre", "ID BDGEO": "10829", "horodatage": "2022-04-01 18:34:49", "distance (en metres)": 1230.92, "station": "VOLTAIRE-LEON BLUM.", "marker-color": "#818181"}}, {"type": "Feature", "geometry": {"type": "Point", "coordinates": [2.365142, 48.853554]}, "properties": {"numparc": 631, "etat de la localisation": "autre", "ID BDGEO": "4538", "horodatage": "2022-04-01 18:34:57", "distance (en metres)": 3078.06, "station": "LAGNY SORTIE", "marker-color": "#818181"}}, {"type": "Feature", "geometry": {"type": "Point", "coordinates": [2.34841, 48.856846]}, "properties": {"numparc": 634, "etat de la localisation": "autre", "ID BDGEO": "10829", "horodatage": "2022-04-01 18:35:06", "distance (en metres)": 2396.15, "station": "VOLTAIRE-LEON BLUM.", "marker-color": "#818181"}}, {"type": "Feature", "geometry": {"type": "Point", "coordinates": [2.377711, 48.86013]}, "properties": {"numparc": 632, "etat de la localisation": "autre", "ID BDGEO": "2629", "horodatage": "2022-04-01 18:35:21", "distance (en metres)": 1714.76, "station": "GAMBETTA-JAPON#", "marker-color": "#818181"}}, {"type": "Feature", "geometry": {"type": "Point", "coordinates": [2.365195, 48.853889]}, "properties": {"numparc": 621, "etat de la localisation": "autre", "ID BDGEO": "2637", "horodatage": "2022-04-01 18:35:24", "distance (en metres)": 201.46, "station": "BASTILLE-RUE SAINT-ANTOINE", "marker-color": "#818181"}}, {"type": "Feature", "geometry": {"type": "Point", "coordinates": [2.348476, 48.856827]}, "properties": {"numparc": 634, "etat de la localisation": "autre", "ID BDGEO": "10829", "horodatage": "2022-04-01 18:35:31", "distance (en metres)": 2391.43, "station": "VOLTAIRE-LEON BLUM.", "marker-color": "#818181"}}, {"type": "Feature", "geometry": {"type": "Point", "coordinates": [2.323668, 48.857754]}, "properties": {"numparc": 625, "etat de la localisation": "autre", "ID BDGEO": "10829", "horodatage": "2022-04-01 18:35:36", "distance (en metres)": 4203.57, "station": "VOLTAIRE-LEON BLUM.", "marker-color": "#818181"}}, {"type": "Feature", "geometry": {"type": "Point", "coordinates": [2.296687, 48.85508]}, "properties": {"numparc": 623, "etat de la localisation": "autre", "ID BDGEO": "10829", "horodatage": "2022-04-01 18:35:40", "distance (en metres)": 6185.35, "station": "VOLTAIRE-LEON BLUM.", "marker-color": "#818181"}}, {"type": "Feature", "geometry": {"type": "Point", "coordinates": [2.362084, 48.854958]}, "properties": {"numparc": 621, "etat de la localisation": "autre", "ID BDGEO": "2637", "horodatage": "2022-04-01 18:36:28", "distance (en metres)": 457.12, "station": "BASTILLE-RUE SAINT-ANTOINE", "marker-color": "#818181"}}, {"type": "Feature", "geometry": {"type": "Point", "coordinates": [2.350373, 48.856182]}, "properties": {"numparc": 634, "etat de la localisation": "autre", "ID BDGEO": "10829", "horodatage": "2022-04-01 18:36:32", "distance (en metres)": 2257.62, "station": "VOLTAIRE-LEON BLUM.", "marker-color": "#818181"}}, {"type": "Feature", "geometry": {"type": "Point", "coordinates": [2.326524, 48.856232]}, "properties": {"numparc": 625, "etat de la localisation": "autre", "ID BDGEO": "10829", "horodatage": "2022-04-01 18:36:48", "distance (en metres)": 3998.78, "station": "VOLTAIRE-LEON BLUM.", "marker-color": "#818181"}}, {"type": "Feature", "geometry": {"type": "Point", "coordinates": [2.368118, 48.853336]}, "properties": {"numparc": 631, "etat de la localisation": "autre", "ID BDGEO": "4538", "horodatage": "2022-04-01 18:36:53", "distance (en metres)": 2859.06, "station": "LAGNY SORTIE", "marker-color": "#818181"}}, {"type": "Feature", "geometry": {"type": "Point", "coordinates": [2.300062, 48.857327]}, "properties": {"numparc": 623, "etat de la localisation": "autre", "ID BDGEO": "10829", "horodatage": "2022-04-01 18:37:29", "distance (en metres)": 5930.86, "station": "VOLTAIRE-LEON BLUM.", "marker-color": "#818181"}}, {"type": "Feature", "geometry": {"type": "Point", "coordinates": [2.370707, 48.853706]}, "properties": {"numparc": 620, "etat de la localisation": "autre", "ID BDGEO": "10829", "horodatage": "2022-04-01 18:37:40", "distance (en metres)": 891.34, "station": "VOLTAIRE-LEON BLUM.", "marker-color": "#818181"}}, {"type": "Feature", "geometry": {"type": "Point", "coordinates": [2.388268, 48.863079]}, "properties": {"numparc": 637, "etat de la localisation": "autre", "ID BDGEO": "711", "horodatage": "2022-04-01 18:38:02", "distance (en metres)": 83.32, "station": "PERE LACHAISE", "marker-color": "#818181"}}, {"type": "Feature", "geometry": {"type": "Point", "coordinates": [2.368476, 48.857018]}, "properties": {"numparc": 632, "etat de la localisation": "autre", "ID BDGEO": "2629", "horodatage": "2022-04-01 18:38:10", "distance (en metres)": 2469.23, "station": "GAMBETTA-JAPON#", "marker-color": "#818181"}}, {"type": "Feature", "geometry": {"type": "Point", "coordinates": [2.371848, 48.854542]}, "properties": {"numparc": 620, "etat de la localisation": "autre", "ID BDGEO": "10829", "horodatage": "2022-04-01 18:38:37", "distance (en metres)": 772.64, "station": "VOLTAIRE-LEON BLUM.", "marker-color": "#818181"}}, {"type": "Feature", "geometry": {"type": "Point", "coordinates": [2.357537, 48.85611]}, "properties": {"numparc": 621, "etat de la localisation": "autre", "ID BDGEO": "2637", "horodatage": "2022-04-01 18:38:37", "distance (en metres)": 813.32, "station": "BASTILLE-RUE SAINT-ANTOINE", "marker-color": "#818181"}}, {"type": "Feature", "geometry": {"type": "Point", "coordinates": [2.304006, 48.858982]}, "properties": {"numparc": 623, "etat de la localisation": "autre", "ID BDGEO": "10829", "horodatage": "2022-04-01 18:39:06", "distance (en metres)": 5643.3, "station": "VOLTAIRE-LEON BLUM.", "marker-color": "#818181"}}, {"type": "Feature", "geometry": {"type": "Point", "coordinates": [2.329083, 48.85894]}, "properties": {"numparc": 625, "etat de la localisation": "autre", "ID BDGEO": "10829", "horodatage": "2022-04-01 18:39:23", "distance (en metres)": 3809.25, "station": "VOLTAIRE-LEON BLUM.", "marker-color": "#818181"}}, {"type": "Feature", "geometry": {"type": "Point", "coordinates": [2.385369, 48.861942]}, "properties": {"numparc": 637, "etat de la localisation": "autre", "ID BDGEO": "711", "horodatage": "2022-04-01 18:39:54", "distance (en metres)": 177.14, "station": "PERE LACHAISE", "marker-color": "#818181"}}, {"type": "Feature", "geometry": {"type": "Point", "coordinates": [2.375452, 48.855991]}, "properties": {"numparc": 620, "etat de la localisation": "autre", "ID BDGEO": "10829", "horodatage": "2022-04-01 18:40:17", "distance (en metres)": 464.26, "station": "VOLTAIRE-LEON BLUM.", "marker-color": "#818181"}}, {"type": "Feature", "geometry": {"type": "Point", "coordinates": [2.307168, 48.859699]}, "properties": {"numparc": 623, "etat de la localisation": "autre", "ID BDGEO": "10829", "horodatage": "2022-04-01 18:40:28", "distance (en metres)": 5414.42, "station": "VOLTAIRE-LEON BLUM.", "marker-color": "#818181"}}, {"type": "Feature", "geometry": {"type": "Point", "coordinates": [2.386484, 48.859913]}, "properties": {"numparc": 637, "etat de la localisation": "autre", "ID BDGEO": "709", "horodatage": "2022-04-01 18:41:04", "distance (en metres)": 162.96, "station": "SAINT-MAUR-SERVAN", "marker-color": "#818181"}}, {"type": "Feature", "geometry": {"type": "Point", "coordinates": [2.367604, 48.853374]}, "properties": {"numparc": 632, "etat de la localisation": "autre", "ID BDGEO": "2629", "horodatage": "2022-04-01 18:41:08", "distance (en metres)": 2702.23, "station": "GAMBETTA-JAPON#", "marker-color": "#818181"}}, {"type": "Feature", "geometry": {"type": "Point", "coordinates": [2.378331, 48.856995]}, "properties": {"numparc": 620, "etat de la localisation": "autre", "ID BDGEO": "10829", "horodatage": "2022-04-01 18:41:28", "distance (en metres)": 226.04, "station": "VOLTAIRE-LEON BLUM.", "marker-color": "#818181"}}, {"type": "Feature", "geometry": {"type": "Point", "coordinates": [2.350734, 48.857742]}, "properties": {"numparc": 621, "etat de la localisation": "autre", "ID BDGEO": "2637", "horodatage": "2022-04-01 18:41:42", "distance (en metres)": 1342.75, "station": "BASTILLE-RUE SAINT-ANTOINE", "marker-color": "#818181"}}, {"type": "Feature", "geometry": {"type": "Point", "coordinates": [2.365265, 48.853905]}, "properties": {"numparc": 632, "etat de la localisation": "autre", "ID BDGEO": "2629", "horodatage": "2022-04-01 18:41:50", "distance (en metres)": 2825.77, "station": "GAMBETTA-JAPON#", "marker-color": "#818181"}}, {"type": "Feature", "geometry": {"type": "Point", "coordinates": [2.33111, 48.860577]}, "properties": {"numparc": 625, "etat de la localisation": "autre", "ID BDGEO": "10829", "horodatage": "2022-04-01 18:42:22", "distance (en metres)": 3671.44, "station": "VOLTAIRE-LEON BLUM.", "marker-color": "#818181"}}, {"type": "Feature", "geometry": {"type": "Point", "coordinates": [2.37835, 48.856972]}, "properties": {"numparc": 631, "etat de la localisation": "autre", "ID BDGEO": "4538", "horodatage": "2022-04-01 18:42:26", "distance (en metres)": 2229.54, "station": "LAGNY SORTIE", "marker-color": "#818181"}}, {"type": "Feature", "geometry": {"type": "Point", "coordinates": [2.362133, 48.855007]}, "properties": {"numparc": 632, "etat de la localisation": "autre", "ID BDGEO": "2629", "horodatage": "2022-04-01 18:42:50", "distance (en metres)": 2983.34, "station": "GAMBETTA-JAPON#", "marker-color": "#818181"}}, {"type": "Feature", "geometry": {"type": "Point", "coordinates": [2.314494, 48.859951]}, "properties": {"numparc": 623, "etat de la localisation": "autre", "ID BDGEO": "10829", "horodatage": "2022-04-01 18:43:03", "distance (en metres)": 4880.15, "station": "VOLTAIRE-LEON BLUM.", "marker-color": "#818181"}}, {"type": "Feature", "geometry": {"type": "Point", "coordinates": [2.407665, 48.849457]}, "properties": {"numparc": 629, "etat de la localisation": "autre", "ID BDGEO": "710", "horodatage": "2022-04-01 18:43:20", "distance (en metres)": 1838.31, "station": "ROQUETTE-PERE LACHAISE", "marker-color": "#818181"}}, {"type": "Feature", "geometry": {"type": "Point", "coordinates": [2.338549, 48.859146]}, "properties": {"numparc": 625, "etat de la localisation": "autre", "ID BDGEO": "10829", "horodatage": "2022-04-01 18:44:00", "distance (en metres)": 3118.12, "station": "VOLTAIRE-LEON BLUM.", "marker-color": "#818181"}}, {"type": "Feature", "geometry": {"type": "Point", "coordinates": [2.381083, 48.857849]}, "properties": {"numparc": 631, "etat de la localisation": "autre", "ID BDGEO": "4538", "horodatage": "2022-04-01 18:44:01", "distance (en metres)": 2083.67, "station": "LAGNY SORTIE", "marker-color": "#818181"}}, {"type": "Feature", "geometry": {"type": "Point", "coordinates": [2.397682, 48.865059]}, "properties": {"numparc": 633, "etat de la localisation": "autre", "ID BDGEO": "2629", "horodatage": "2022-04-01 18:44:03", "distance (en metres)": 157.43, "station": "GAMBETTA-JAPON#", "marker-color": "#818181"}}, {"type": "Feature", "geometry": {"type": "Point", "coordinates": [2.397682, 48.865059]}, "properties": {"numparc": 633, "etat de la localisation": "autre", "ID BDGEO": "2629", "horodatage": "2022-04-01 18:44:08", "distance (en metres)": 157.43, "station": "GAMBETTA-JAPON#", "marker-color": "#818181"}}, {"type": "Feature", "geometry": {"type": "Point", "coordinates": [2.357545, 48.856106]}, "properties": {"numparc": 632, "etat de la localisation": "autre", "ID BDGEO": "2629", "horodatage": "2022-04-01 18:44:32", "distance (en metres)": 3255.59, "station": "GAMBETTA-JAPON#", "marker-color": "#818181"}}, {"type": "Feature", "geometry": {"type": "Point", "coordinates": [2.362181, 48.854813]}, "properties": {"numparc": 622, "etat de la localisation": "autre", "ID BDGEO": "10829", "horodatage": "2022-04-01 18:44:48", "distance (en metres)": 1426.89, "station": "VOLTAIRE-LEON BLUM.", "marker-color": "#818181"}}, {"type": "Feature", "geometry": {"type": "Point", "coordinates": [2.34146, 48.858681]}, "properties": {"numparc": 625, "etat de la localisation": "autre", "ID BDGEO": "10829", "horodatage": "2022-04-01 18:44:51", "distance (en metres)": 2903.32, "station": "VOLTAIRE-LEON BLUM.", "marker-color": "#818181"}}, {"type": "Feature", "geometry": {"type": "Point", "coordinates": [2.362181, 48.854813]}, "properties": {"numparc": 622, "etat de la localisation": "autre", "ID BDGEO": "10829", "horodatage": "2022-04-01 18:44:55", "distance (en metres)": 1426.89, "station": "VOLTAIRE-LEON BLUM.", "marker-color": "#818181"}}, {"type": "Feature", "geometry": {"type": "Point", "coordinates": [2.394847, 48.864906]}, "properties": {"numparc": 633, "etat de la localisation": "autre", "ID BDGEO": "2629", "horodatage": "2022-04-01 18:45:03", "distance (en metres)": 365.26, "station": "GAMBETTA-JAPON#", "marker-color": "#818181"}}, {"type": "Feature", "geometry": {"type": "Point", "coordinates": [2.319923, 48.859268]}, "properties": {"numparc": 623, "etat de la localisation": "autre", "ID BDGEO": "10829", "horodatage": "2022-04-01 18:45:09", "distance (en metres)": 4480.2, "station": "VOLTAIRE-LEON BLUM.", "marker-color": "#818181"}}, {"type": "Feature", "geometry": {"type": "Point", "coordinates": [2.344473, 48.859776]}, "properties": {"numparc": 621, "etat de la localisation": "autre", "ID BDGEO": "2637", "horodatage": "2022-04-01 18:45:19", "distance (en metres)": 1852.36, "station": "BASTILLE-RUE SAINT-ANTOINE", "marker-color": "#818181"}}, {"type": "Feature", "geometry": {"type": "Point", "coordinates": [2.365517, 48.853786]}, "properties": {"numparc": 622, "etat de la localisation": "autre", "ID BDGEO": "10829", "horodatage": "2022-04-01 18:46:45", "distance (en metres)": 1228.58, "station": "VOLTAIRE-LEON BLUM.", "marker-color": "#818181"}}, {"type": "Feature", "geometry": {"type": "Point", "coordinates": [2.352726, 48.857277]}, "properties": {"numparc": 632, "etat de la localisation": "autre", "ID BDGEO": "667", "horodatage": "2022-04-01 18:46:46", "distance (en metres)": 223.48, "station": "HOTEL DE VILLE", "marker-color": "#818181"}}, {"type": "Feature", "geometry": {"type": "Point", "coordinates": [2.377643, 48.860016]}, "properties": {"numparc": 637, "etat de la localisation": "autre", "ID BDGEO": "708", "horodatage": "2022-04-01 18:46:55", "distance (en metres)": 331.36, "station": "VOLTAIRE-LEON BLUM", "marker-color": "#818181"}}, {"type": "Feature", "geometry": {"type": "Point", "coordinates": [2.323687, 48.857796]}, "properties": {"numparc": 623, "etat de la localisation": "autre", "ID BDGEO": "10829", "horodatage": "2022-04-01 18:47:13", "distance (en metres)": 4202.16, "station": "VOLTAIRE-LEON BLUM.", "marker-color": "#818181"}}, {"type": "Feature", "geometry": {"type": "Point", "coordinates": [2.340141, 48.861214]}, "properties": {"numparc": 621, "etat de la localisation": "autre", "ID BDGEO": "2637", "horodatage": "2022-04-01 18:47:17", "distance (en metres)": 2206.65, "station": "BASTILLE-RUE SAINT-ANTOINE", "marker-color": "#818181"}}, {"type": "Feature", "geometry": {"type": "Point", "coordinates": [2.388231, 48.863068]}, "properties": {"numparc": 633, "etat de la localisation": "autre", "ID BDGEO": "2629", "horodatage": "2022-04-01 18:47:22", "distance (en metres)": 881.78, "station": "GAMBETTA-JAPON#", "marker-color": "#818181"}}, {"type": "Feature", "geometry": {"type": "Point", "coordinates": [2.348459, 48.856827]}, "properties": {"numparc": 625, "etat de la localisation": "autre", "ID BDGEO": "10829", "horodatage": "2022-04-01 18:47:43", "distance (en metres)": 2392.66, "station": "VOLTAIRE-LEON BLUM.", "marker-color": "#818181"}}, {"type": "Feature", "geometry": {"type": "Point", "coordinates": [2.370718, 48.853615]}, "properties": {"numparc": 634, "etat de la localisation": "autre", "ID BDGEO": "10829", "horodatage": "2022-04-01 18:47:51", "distance (en metres)": 895.97, "station": "VOLTAIRE-LEON BLUM.", "marker-color": "#818181"}}, {"type": "Feature", "geometry": {"type": "Point", "coordinates": [2.38892, 48.860344]}, "properties": {"numparc": 620, "etat de la localisation": "autre", "ID BDGEO": "655", "horodatage": "2022-04-01 18:47:53", "distance (en metres)": 187.91, "station": "ROQUETTE-PERE LACHAISE", "marker-color": "#818181"}}, {"type": "Feature", "geometry": {"type": "Point", "coordinates": [2.389007, 48.860241]}, "properties": {"numparc": 631, "etat de la localisation": "autre", "ID BDGEO": "4538", "horodatage": "2022-04-01 18:47:56", "distance (en metres)": 1742.93, "station": "LAGNY SORTIE", "marker-color": "#818181"}}, {"type": "Feature", "geometry": {"type": "Point", "coordinates": [2.368134, 48.853367]}, "properties": {"numparc": 622, "etat de la localisation": "autre", "ID BDGEO": "10829", "horodatage": "2022-04-01 18:48:04", "distance (en metres)": 1073.88, "station": "VOLTAIRE-LEON BLUM.", "marker-color": "#818181"}}, {"type": "Feature", "geometry": {"type": "Point", "coordinates": [2.368134, 48.853367]}, "properties": {"numparc": 622, "etat de la localisation": "autre", "ID BDGEO": "10829", "horodatage": "2022-04-01 18:48:08", "distance (en metres)": 1073.88, "station": "VOLTAIRE-LEON BLUM.", "marker-color": "#818181"}}, {"type": "Feature", "geometry": {"type": "Point", "coordinates": [2.400018, 48.86507]}, "properties": {"numparc": 636, "etat de la localisation": "autre", "ID BDGEO": "3196", "horodatage": "2022-04-01 18:48:25", "distance (en metres)": 88.41, "station": "GAMBETTA-MAIRIE DU 20EME.", "marker-color": "#818181"}}, {"type": "Feature", "geometry": {"type": "Point", "coordinates": [2.32651, 48.856266]}, "properties": {"numparc": 623, "etat de la localisation": "autre", "ID BDGEO": "10829", "horodatage": "2022-04-01 18:48:34", "distance (en metres)": 3999.63, "station": "VOLTAIRE-LEON BLUM.", "marker-color": "#818181"}}, {"type": "Feature", "geometry": {"type": "Point", "coordinates": [2.371798, 48.854443]}, "properties": {"numparc": 634, "etat de la localisation": "autre", "ID BDGEO": "10829", "horodatage": "2022-04-01 18:48:51", "distance (en metres)": 781.16, "station": "VOLTAIRE-LEON BLUM.", "marker-color": "#818181"}}, {"type": "Feature", "geometry": {"type": "Point", "coordinates": [2.407105, 48.850182]}, "properties": {"numparc": 629, "etat de la localisation": "autre", "ID BDGEO": "673", "horodatage": "2022-04-01 18:48:51", "distance (en metres)": 5609.23, "station": "PONT DU CARROUSEL-QUAI VOLTAIRE", "marker-color": "#818181"}}, {"type": "Feature", "geometry": {"type": "Point", "coordinates": [2.350264, 48.856174]}, "properties": {"numparc": 625, "etat de la localisation": "autre", "ID BDGEO": "10829", "horodatage": "2022-04-01 18:48:54", "distance (en metres)": 2265.63, "station": "VOLTAIRE-LEON BLUM.", "marker-color": "#818181"}}, {"type": "Feature", "geometry": {"type": "Point", "coordinates": [2.387769, 48.862518]}, "properties": {"numparc": 620, "etat de la localisation": "autre", "ID BDGEO": "653", "horodatage": "2022-04-01 18:49:00", "distance (en metres)": 74.43, "station": "AUGUSTE METIVIER", "marker-color": "#818181"}}, {"type": "Feature", "geometry": {"type": "Point", "coordinates": [2.407105, 48.850182]}, "properties": {"numparc": 629, "etat de la localisation": "autre", "ID BDGEO": "673", "horodatage": "2022-04-01 18:49:00", "distance (en metres)": 5609.23, "station": "PONT DU CARROUSEL-QUAI VOLTAIRE", "marker-color": "#818181"}}, {"type": "Feature", "geometry": {"type": "Point", "coordinates": [2.350264, 48.856174]}, "properties": {"numparc": 625, "etat de la localisation": "autre", "ID BDGEO": "10829", "horodatage": "2022-04-01 18:49:02", "distance (en metres)": 2265.63, "station": "VOLTAIRE-LEON BLUM.", "marker-color": "#818181"}}, {"type": "Feature", "geometry": {"type": "Point", "coordinates": [2.387857, 48.862408]}, "properties": {"numparc": 631, "etat de la localisation": "autre", "ID BDGEO": "4538", "horodatage": "2022-04-01 18:49:03", "distance (en metres)": 1969.66, "station": "LAGNY SORTIE", "marker-color": "#818181"}}, {"type": "Feature", "geometry": {"type": "Point", "coordinates": [2.385378, 48.861935]}, "properties": {"numparc": 633, "etat de la localisation": "autre", "ID BDGEO": "2629", "horodatage": "2022-04-01 18:49:18", "distance (en metres)": 1119.1, "station": "GAMBETTA-JAPON#", "marker-color": "#818181"}}, {"type": "Feature", "geometry": {"type": "Point", "coordinates": [2.335709, 48.862625]}, "properties": {"numparc": 621, "etat de la localisation": "autre", "ID BDGEO": "2637", "horodatage": "2022-04-01 18:49:22", "distance (en metres)": 2566.6, "station": "BASTILLE-RUE SAINT-ANTOINE", "marker-color": "#818181"}}, {"type": "Feature", "geometry": {"type": "Point", "coordinates": [2.387808, 48.862511]}, "properties": {"numparc": 631, "etat de la localisation": "autre", "ID BDGEO": "4538", "horodatage": "2022-04-01 18:49:25", "distance (en metres)": 1980.3, "station": "LAGNY SORTIE", "marker-color": "#818181"}}, {"type": "Feature", "geometry": {"type": "Point", "coordinates": [2.371303, 48.857891]}, "properties": {"numparc": 637, "etat de la localisation": "autre", "ID BDGEO": "706", "horodatage": "2022-04-01 18:49:32", "distance (en metres)": 377.01, "station": "COMMANDANT LAMY", "marker-color": "#818181"}}, {"type": "Feature", "geometry": {"type": "Point", "coordinates": [2.375453, 48.855915]}, "properties": {"numparc": 634, "etat de la localisation": "autre", "ID BDGEO": "10829", "horodatage": "2022-04-01 18:50:15", "distance (en metres)": 468.06, "station": "VOLTAIRE-LEON BLUM.", "marker-color": "#818181"}}, {"type": "Feature", "geometry": {"type": "Point", "coordinates": [2.386546, 48.859947]}, "properties": {"numparc": 633, "etat de la localisation": "autre", "ID BDGEO": "2629", "horodatage": "2022-04-01 18:50:20", "distance (en metres)": 1136.84, "station": "GAMBETTA-JAPON#", "marker-color": "#818181"}}, {"type": "Feature", "geometry": {"type": "Point", "coordinates": [2.368617, 48.857082]}, "properties": {"numparc": 637, "etat de la localisation": "autre", "ID BDGEO": "705", "horodatage": "2022-04-01 18:51:07", "distance (en metres)": 383.0, "station": "BREGUET-SABIN", "marker-color": "#818181"}}, {"type": "Feature", "geometry": {"type": "Point", "coordinates": [2.378326, 48.856972]}, "properties": {"numparc": 634, "etat de la localisation": "autre", "ID BDGEO": "10829", "horodatage": "2022-04-01 18:51:18", "distance (en metres)": 227.47, "station": "VOLTAIRE-LEON BLUM.", "marker-color": "#818181"}}, {"type": "Feature", "geometry": {"type": "Point", "coordinates": [2.384886, 48.858917]}, "properties": {"numparc": 633, "etat de la localisation": "autre", "ID BDGEO": "2629", "horodatage": "2022-04-01 18:51:22", "distance (en metres)": 1300.62, "station": "GAMBETTA-JAPON#", "marker-color": "#818181"}}, {"type": "Feature", "geometry": {"type": "Point", "coordinates": [2.329038, 48.858959]}, "properties": {"numparc": 623, "etat de la localisation": "autre", "ID BDGEO": "10829", "horodatage": "2022-04-01 18:51:34", "distance (en metres)": 3812.61, "station": "VOLTAIRE-LEON BLUM.", "marker-color": "#818181"}}, {"type": "Feature", "geometry": {"type": "Point", "coordinates": [2.331712, 48.858765]}, "properties": {"numparc": 621, "etat de la localisation": "autre", "ID BDGEO": "2637", "horodatage": "2022-04-01 18:53:00", "distance (en metres)": 2708.94, "station": "BASTILLE-RUE SAINT-ANTOINE", "marker-color": "#818181"}}, {"type": "Feature", "geometry": {"type": "Point", "coordinates": [2.375477, 48.855961]}, "properties": {"numparc": 628, "etat de la localisation": "autre", "ID BDGEO": "659", "horodatage": "2022-04-01 18:53:20", "distance (en metres)": 354.73, "station": "POPINCOURT", "marker-color": "#818181"}}, {"type": "Feature", "geometry": {"type": "Point", "coordinates": [2.380748, 48.857895]}, "properties": {"numparc": 633, "etat de la localisation": "autre", "ID BDGEO": "2629", "horodatage": "2022-04-01 18:54:23", "distance (en metres)": 1617.98, "station": "GAMBETTA-JAPON#", "marker-color": "#818181"}}, {"type": "Feature", "geometry": {"type": "Point", "coordinates": [2.331086, 48.860577]}, "properties": {"numparc": 623, "etat de la localisation": "autre", "ID BDGEO": "10829", "horodatage": "2022-04-01 18:54:31", "distance (en metres)": 3673.2, "station": "VOLTAIRE-LEON BLUM.", "marker-color": "#818181"}}, {"type": "Feature", "geometry": {"type": "Point", "coordinates": [2.323766, 48.860718]}, "properties": {"numparc": 621, "etat de la localisation": "autre", "ID BDGEO": "2637", "horodatage": "2022-04-01 18:55:01", "distance (en metres)": 3325.16, "station": "BASTILLE-RUE SAINT-ANTOINE", "marker-color": "#818181"}}, {"type": "Feature", "geometry": {"type": "Point", "coordinates": [2.380748, 48.857895]}, "properties": {"numparc": 633, "etat de la localisation": "autre", "ID BDGEO": "2629", "horodatage": "2022-04-01 18:55:36", "distance (en metres)": 1617.98, "station": "GAMBETTA-JAPON#", "marker-color": "#818181"}}, {"type": "Feature", "geometry": {"type": "Point", "coordinates": [2.334025, 48.859928]}, "properties": {"numparc": 623, "etat de la localisation": "autre", "ID BDGEO": "10829", "horodatage": "2022-04-01 18:55:46", "distance (en metres)": 3453.44, "station": "VOLTAIRE-LEON BLUM.", "marker-color": "#818181"}}, {"type": "Feature", "geometry": {"type": "Point", "coordinates": [2.362715, 48.854481]}, "properties": {"numparc": 625, "etat de la localisation": "Delocalise", "ID BDGEO": "10829", "horodatage": "2022-04-01 18:55:47", "distance (en metres)": 1398.43, "station": "VOLTAIRE-LEON BLUM.", "marker-color": "#FF565E"}}, {"type": "Feature", "geometry": {"type": "Point", "coordinates": [2.350322, 48.856228]}, "properties": {"numparc": 632, "etat de la localisation": "autre", "ID BDGEO": "667", "horodatage": "2022-04-01 18:57:10", "distance (en metres)": 198.22, "station": "HOTEL DE VILLE", "marker-color": "#818181"}}, {"type": "Feature", "geometry": {"type": "Point", "coordinates": [2.365534, 48.853718]}, "properties": {"numparc": 625, "etat de la localisation": "autre", "ID BDGEO": "10829", "horodatage": "2022-04-01 18:57:12", "distance (en metres)": 1230.25, "station": "VOLTAIRE-LEON BLUM.", "marker-color": "#818181"}}, {"type": "Feature", "geometry": {"type": "Point", "coordinates": [2.388889, 48.860302]}, "properties": {"numparc": 634, "etat de la localisation": "autre", "ID BDGEO": "655", "horodatage": "2022-04-01 18:57:17", "distance (en metres)": 184.47, "station": "ROQUETTE-PERE LACHAISE", "marker-color": "#818181"}}, {"type": "Feature", "geometry": {"type": "Point", "coordinates": [2.33858, 48.859158]}, "properties": {"numparc": 623, "etat de la localisation": "autre", "ID BDGEO": "10829", "horodatage": "2022-04-01 18:57:26", "distance (en metres)": 3115.91, "station": "VOLTAIRE-LEON BLUM.", "marker-color": "#818181"}}, {"type": "Feature", "geometry": {"type": "Point", "coordinates": [2.393997, 48.869854]}, "properties": {"numparc": 620, "etat de la localisation": "Deviation programmee", "ID BDGEO": "4539", "horodatage": "2022-04-01 18:57:26", "distance (en metres)": 2431.84, "station": "LAGNY ENTREE", "marker-color": "#56FF93"}}, {"type": "Feature", "geometry": {"type": "Point", "coordinates": [2.36225, 48.854877]}, "properties": {"numparc": 637, "etat de la localisation": "autre", "ID BDGEO": "2637", "horodatage": "2022-04-01 18:57:28", "distance (en metres)": 442.4, "station": "BASTILLE-RUE SAINT-ANTOINE", "marker-color": "#818181"}}, {"type": "Feature", "geometry": {"type": "Point", "coordinates": [2.365546, 48.853714]}, "properties": {"numparc": 625, "etat de la localisation": "autre", "ID BDGEO": "10829", "horodatage": "2022-04-01 18:57:32", "distance (en metres)": 1229.6, "station": "VOLTAIRE-LEON BLUM.", "marker-color": "#818181"}}, {"type": "Feature", "geometry": {"type": "Point", "coordinates": [2.388206, 48.863094]}, "properties": {"numparc": 636, "etat de la localisation": "autre", "ID BDGEO": "711", "horodatage": "2022-04-01 18:58:06", "distance (en metres)": 82.52, "station": "PERE LACHAISE", "marker-color": "#818181"}}, {"type": "Feature", "geometry": {"type": "Point", "coordinates": [2.325381, 48.855675]}, "properties": {"numparc": 621, "etat de la localisation": "autre", "ID BDGEO": "2637", "horodatage": "2022-04-01 18:58:08", "distance (en metres)": 3114.1, "station": "BASTILLE-RUE SAINT-ANTOINE", "marker-color": "#818181"}}, {"type": "Feature", "geometry": {"type": "Point", "coordinates": [2.387788, 48.862514]}, "properties": {"numparc": 634, "etat de la localisation": "autre", "ID BDGEO": "653", "horodatage": "2022-04-01 18:58:09", "distance (en metres)": 74.19, "station": "AUGUSTE METIVIER", "marker-color": "#818181"}}, {"type": "Feature", "geometry": {"type": "Point", "coordinates": [2.394282, 48.869987]}, "properties": {"numparc": 631, "etat de la localisation": "Delocalise", "ID BDGEO": "712", "horodatage": "2022-04-01 18:58:24", "distance (en metres)": 574.42, "station": "MARTIN NADAUD", "marker-color": "#FF565E"}}, {"type": "Feature", "geometry": {"type": "Point", "coordinates": [2.368096, 48.853268]}, "properties": {"numparc": 625, "etat de la localisation": "autre", "ID BDGEO": "10829", "horodatage": "2022-04-01 18:58:25", "distance (en metres)": 1081.5, "station": "VOLTAIRE-LEON BLUM.", "marker-color": "#818181"}}, {"type": "Feature", "geometry": {"type": "Point", "coordinates": [2.341474, 48.858677]}, "properties": {"numparc": 623, "etat de la localisation": "autre", "ID BDGEO": "10829", "horodatage": "2022-04-01 18:58:30", "distance (en metres)": 2902.28, "station": "VOLTAIRE-LEON BLUM.", "marker-color": "#818181"}}, {"type": "Feature", "geometry": {"type": "Point", "coordinates": [2.368096, 48.853268]}, "properties": {"numparc": 625, "etat de la localisation": "autre", "ID BDGEO": "10829", "horodatage": "2022-04-01 18:58:43", "distance (en metres)": 1081.5, "station": "VOLTAIRE-LEON BLUM.", "marker-color": "#818181"}}, {"type": "Feature", "geometry": {"type": "Point", "coordinates": [2.387787, 48.862541]}, "properties": {"numparc": 622, "etat de la localisation": "autre", "ID BDGEO": "653", "horodatage": "2022-04-01 18:58:58", "distance (en metres)": 71.56, "station": "AUGUSTE METIVIER", "marker-color": "#818181"}}, {"type": "Feature", "geometry": {"type": "Point", "coordinates": [2.387787, 48.862541]}, "properties": {"numparc": 622, "etat de la localisation": "autre", "ID BDGEO": "653", "horodatage": "2022-04-01 18:59:14", "distance (en metres)": 71.56, "station": "AUGUSTE METIVIER", "marker-color": "#818181"}}, {"type": "Feature", "geometry": {"type": "Point", "coordinates": [2.39794, 48.865604]}, "properties": {"numparc": 620, "etat de la localisation": "Deviation programmee", "ID BDGEO": "4539", "horodatage": "2022-04-01 18:59:39", "distance (en metres)": 1884.85, "station": "LAGNY ENTREE", "marker-color": "#56FF93"}}, {"type": "Feature", "geometry": {"type": "Point", "coordinates": [2.35756, 48.856071]}, "properties": {"numparc": 637, "etat de la localisation": "autre", "ID BDGEO": "2637", "horodatage": "2022-04-01 18:59:40", "distance (en metres)": 810.14, "station": "BASTILLE-RUE SAINT-ANTOINE", "marker-color": "#818181"}}, {"type": "Feature", "geometry": {"type": "Point", "coordinates": [2.320601, 48.856522]}, "properties": {"numparc": 621, "etat de la localisation": "autre", "ID BDGEO": "2637", "horodatage": "2022-04-01 19:00:53", "distance (en metres)": 3471.16, "station": "BASTILLE-RUE SAINT-ANTOINE", "marker-color": "#818181"}}, {"type": "Feature", "geometry": {"type": "Point", "coordinates": [2.39897, 48.865749]}, "properties": {"numparc": 620, "etat de la localisation": "autre", "ID BDGEO": "4539", "horodatage": "2022-04-01 19:00:58", "distance (en metres)": 1874.01, "station": "LAGNY ENTREE", "marker-color": "#818181"}}, {"type": "Feature", "geometry": {"type": "Point", "coordinates": [2.370711, 48.853626]}, "properties": {"numparc": 625, "etat de la localisation": "autre", "ID BDGEO": "10829", "horodatage": "2022-04-01 19:01:27", "distance (en metres)": 895.73, "station": "VOLTAIRE-LEON BLUM.", "marker-color": "#818181"}}, {"type": "Feature", "geometry": {"type": "Point", "coordinates": [2.348483, 48.856846]}, "properties": {"numparc": 623, "etat de la localisation": "autre", "ID BDGEO": "10829", "horodatage": "2022-04-01 19:01:55", "distance (en metres)": 2390.8, "station": "VOLTAIRE-LEON BLUM.", "marker-color": "#818181"}}, {"type": "Feature", "geometry": {"type": "Point", "coordinates": [2.316943, 48.8577]}, "properties": {"numparc": 621, "etat de la localisation": "autre", "ID BDGEO": "2637", "horodatage": "2022-04-01 19:02:28", "distance (en metres)": 3752.3, "station": "BASTILLE-RUE SAINT-ANTOINE", "marker-color": "#818181"}}, {"type": "Feature", "geometry": {"type": "Point", "coordinates": [2.371793, 48.854481]}, "properties": {"numparc": 625, "etat de la localisation": "autre", "ID BDGEO": "10829", "horodatage": "2022-04-01 19:02:31", "distance (en metres)": 779.43, "station": "VOLTAIRE-LEON BLUM.", "marker-color": "#818181"}}, {"type": "Feature", "geometry": {"type": "Point", "coordinates": [2.387739, 48.862461]}, "properties": {"numparc": 628, "etat de la localisation": "autre", "ID BDGEO": "653", "horodatage": "2022-04-01 19:02:39", "distance (en metres)": 81.1, "station": "AUGUSTE METIVIER", "marker-color": "#818181"}}, {"type": "Feature", "geometry": {"type": "Point", "coordinates": [2.350329, 48.85619]}, "properties": {"numparc": 623, "etat de la localisation": "autre", "ID BDGEO": "10829", "horodatage": "2022-04-01 19:03:09", "distance (en metres)": 2260.76, "station": "VOLTAIRE-LEON BLUM.", "marker-color": "#818181"}}, {"type": "Feature", "geometry": {"type": "Point", "coordinates": [2.380906, 48.857895]}, "properties": {"numparc": 636, "etat de la localisation": "autre", "ID BDGEO": "708", "horodatage": "2022-04-01 19:03:18", "distance (en metres)": 40.44, "station": "VOLTAIRE-LEON BLUM", "marker-color": "#818181"}}, {"type": "Feature", "geometry": {"type": "Point", "coordinates": [2.350764, 48.857735]}, "properties": {"numparc": 637, "etat de la localisation": "autre", "ID BDGEO": "2637", "horodatage": "2022-04-01 19:03:30", "distance (en metres)": 1340.39, "station": "BASTILLE-RUE SAINT-ANTOINE", "marker-color": "#818181"}}, {"type": "Feature", "geometry": {"type": "Point", "coordinates": [2.387094, 48.863361]}, "properties": {"numparc": 628, "etat de la localisation": "Deviation programmee", "ID BDGEO": "711", "horodatage": "2022-04-01 19:03:50", "distance (en metres)": 110.53, "station": "PERE LACHAISE", "marker-color": "#56FF93"}}, {"type": "Feature", "geometry": {"type": "Point", "coordinates": [2.399785, 48.865459]}, "properties": {"numparc": 631, "etat de la localisation": "autre", "ID BDGEO": "3196", "horodatage": "2022-04-01 19:03:50", "distance (en metres)": 49.7, "station": "GAMBETTA-MAIRIE DU 20EME.", "marker-color": "#818181"}}, {"type": "Feature", "geometry": {"type": "Point", "coordinates": [2.367681, 48.853397]}, "properties": {"numparc": 633, "etat de la localisation": "autre", "ID BDGEO": "2629", "horodatage": "2022-04-01 19:05:04", "distance (en metres)": 2696.07, "station": "GAMBETTA-JAPON#", "marker-color": "#818181"}}, {"type": "Feature", "geometry": {"type": "Point", "coordinates": [2.348865, 48.858334]}, "properties": {"numparc": 637, "etat de la localisation": "autre", "ID BDGEO": "2637", "horodatage": "2022-04-01 19:05:14", "distance (en metres)": 1494.13, "station": "BASTILLE-RUE SAINT-ANTOINE", "marker-color": "#818181"}}, {"type": "Feature", "geometry": {"type": "Point", "coordinates": [2.37822, 48.856907]}, "properties": {"numparc": 625, "etat de la localisation": "autre", "ID BDGEO": "10829", "horodatage": "2022-04-01 19:05:15", "distance (en metres)": 237.6, "station": "VOLTAIRE-LEON BLUM.", "marker-color": "#818181"}}, {"type": "Feature", "geometry": {"type": "Point", "coordinates": [2.356023, 48.855877]}, "properties": {"numparc": 623, "etat de la localisation": "autre", "ID BDGEO": "10829", "horodatage": "2022-04-01 19:05:35", "distance (en metres)": 1849.74, "station": "VOLTAIRE-LEON BLUM.", "marker-color": "#818181"}}, {"type": "Feature", "geometry": {"type": "Point", "coordinates": [2.374813, 48.859142]}, "properties": {"numparc": 636, "etat de la localisation": "autre", "ID BDGEO": "707", "horodatage": "2022-04-01 19:05:37", "distance (en metres)": 357.04, "station": "POPINCOURT", "marker-color": "#818181"}}, {"type": "Feature", "geometry": {"type": "Point", "coordinates": [2.374813, 48.859142]}, "properties": {"numparc": 636, "etat de la localisation": "autre", "ID BDGEO": "707", "horodatage": "2022-04-01 19:05:42", "distance (en metres)": 357.04, "station": "POPINCOURT", "marker-color": "#818181"}}, {"type": "Feature", "geometry": {"type": "Point", "coordinates": [2.309766, 48.857964]}, "properties": {"numparc": 621, "etat de la localisation": "autre", "ID BDGEO": "2637", "horodatage": "2022-04-01 19:05:47", "distance (en metres)": 4276.86, "station": "BASTILLE-RUE SAINT-ANTOINE", "marker-color": "#818181"}}, {"type": "Feature", "geometry": {"type": "Point", "coordinates": [2.365244, 48.85392]}, "properties": {"numparc": 633, "etat de la localisation": "autre", "ID BDGEO": "2629", "horodatage": "2022-04-01 19:05:52", "distance (en metres)": 2826.39, "station": "GAMBETTA-JAPON#", "marker-color": "#818181"}}, {"type": "Feature", "geometry": {"type": "Point", "coordinates": [2.309758, 48.857964]}, "properties": {"numparc": 621, "etat de la localisation": "autre", "ID BDGEO": "2637", "horodatage": "2022-04-01 19:05:58", "distance (en metres)": 4277.46, "station": "BASTILLE-RUE SAINT-ANTOINE", "marker-color": "#818181"}}, {"type": "Feature", "geometry": {"type": "Point", "coordinates": [2.358111, 48.855461]}, "properties": {"numparc": 623, "etat de la localisation": "autre", "ID BDGEO": "10829", "horodatage": "2022-04-01 19:06:36", "distance (en metres)": 1704.81, "station": "VOLTAIRE-LEON BLUM.", "marker-color": "#818181"}}, {"type": "Feature", "geometry": {"type": "Point", "coordinates": [2.362128, 48.855026]}, "properties": {"numparc": 633, "etat de la localisation": "autre", "ID BDGEO": "2629", "horodatage": "2022-04-01 19:06:43", "distance (en metres)": 2982.87, "station": "GAMBETTA-JAPON#", "marker-color": "#818181"}}, {"type": "Feature", "geometry": {"type": "Point", "coordinates": [2.306271, 48.857727]}, "properties": {"numparc": 621, "etat de la localisation": "autre", "ID BDGEO": "2637", "horodatage": "2022-04-01 19:06:56", "distance (en metres)": 4527.83, "station": "BASTILLE-RUE SAINT-ANTOINE", "marker-color": "#818181"}}, {"type": "Feature", "geometry": {"type": "Point", "coordinates": [2.304027, 48.856926]}, "properties": {"numparc": 621, "etat de la localisation": "autre", "ID BDGEO": "2637", "horodatage": "2022-04-01 19:07:53", "distance (en metres)": 4682.55, "station": "BASTILLE-RUE SAINT-ANTOINE", "marker-color": "#818181"}}, {"type": "Feature", "geometry": {"type": "Point", "coordinates": [2.344537, 48.859734]}, "properties": {"numparc": 637, "etat de la localisation": "autre", "ID BDGEO": "2637", "horodatage": "2022-04-01 19:08:13", "distance (en metres)": 1846.22, "station": "BASTILLE-RUE SAINT-ANTOINE", "marker-color": "#818181"}}, {"type": "Feature", "geometry": {"type": "Point", "coordinates": [2.357706, 48.856091]}, "properties": {"numparc": 633, "etat de la localisation": "autre", "ID BDGEO": "2629", "horodatage": "2022-04-01 19:08:34", "distance (en metres)": 3244.93, "station": "GAMBETTA-JAPON#", "marker-color": "#818181"}}, {"type": "Feature", "geometry": {"type": "Point", "coordinates": [2.362209, 48.854862]}, "properties": {"numparc": 623, "etat de la localisation": "autre", "ID BDGEO": "10829", "horodatage": "2022-04-01 19:09:04", "distance (en metres)": 1423.58, "station": "VOLTAIRE-LEON BLUM.", "marker-color": "#818181"}}, {"type": "Feature", "geometry": {"type": "Point", "coordinates": [2.370708, 48.853649]}, "properties": {"numparc": 632, "etat de la localisation": "autre", "ID BDGEO": "663", "horodatage": "2022-04-01 19:09:06", "distance (en metres)": 238.2, "station": "BASTILLE-RUE SAINT-ANTOINE", "marker-color": "#818181"}}, {"type": "Feature", "geometry": {"type": "Point", "coordinates": [2.37187, 48.854572]}, "properties": {"numparc": 632, "etat de la localisation": "autre", "ID BDGEO": "663", "horodatage": "2022-04-01 19:10:02", "distance (en metres)": 349.16, "station": "BASTILLE-RUE SAINT-ANTOINE", "marker-color": "#818181"}}, {"type": "Feature", "geometry": {"type": "Point", "coordinates": [2.299626, 48.857418]}, "properties": {"numparc": 621, "etat de la localisation": "autre", "ID BDGEO": "2637", "horodatage": "2022-04-01 19:10:09", "distance (en metres)": 5008.11, "station": "BASTILLE-RUE SAINT-ANTOINE", "marker-color": "#818181"}}, {"type": "Feature", "geometry": {"type": "Point", "coordinates": [2.3527, 48.857327]}, "properties": {"numparc": 633, "etat de la localisation": "autre", "ID BDGEO": "667", "horodatage": "2022-04-01 19:10:38", "distance (en metres)": 219.81, "station": "HOTEL DE VILLE", "marker-color": "#818181"}}, {"type": "Feature", "geometry": {"type": "Point", "coordinates": [2.365455, 48.853737]}, "properties": {"numparc": 623, "etat de la localisation": "autre", "ID BDGEO": "10829", "horodatage": "2022-04-01 19:11:08", "distance (en metres)": 1234.84, "station": "VOLTAIRE-LEON BLUM.", "marker-color": "#818181"}}, {"type": "Feature", "geometry": {"type": "Point", "coordinates": [2.398928, 48.865807]}, "properties": {"numparc": 634, "etat de la localisation": "autre", "ID BDGEO": "2629", "horodatage": "2022-04-01 19:11:25", "distance (en metres)": 87.33, "station": "GAMBETTA-JAPON#", "marker-color": "#818181"}}, {"type": "Feature", "geometry": {"type": "Point", "coordinates": [2.296643, 48.855408]}, "properties": {"numparc": 621, "etat de la localisation": "autre", "ID BDGEO": "10829", "horodatage": "2022-04-01 19:11:31", "distance (en metres)": 6186.82, "station": "VOLTAIRE-LEON BLUM.", "marker-color": "#818181"}}, {"type": "Feature", "geometry": {"type": "Point", "coordinates": [2.335839, 48.862656]}, "properties": {"numparc": 637, "etat de la localisation": "autre", "ID BDGEO": "2637", "horodatage": "2022-04-01 19:11:52", "distance (en metres)": 2559.29, "station": "BASTILLE-RUE SAINT-ANTOINE", "marker-color": "#818181"}}, {"type": "Feature", "geometry": {"type": "Point", "coordinates": [2.368064, 48.853367]}, "properties": {"numparc": 623, "etat de la localisation": "autre", "ID BDGEO": "10829", "horodatage": "2022-04-01 19:12:11", "distance (en metres)": 1078.42, "station": "VOLTAIRE-LEON BLUM.", "marker-color": "#818181"}}, {"type": "Feature", "geometry": {"type": "Point", "coordinates": [2.295981, 48.854862]}, "properties": {"numparc": 621, "etat de la localisation": "autre", "ID BDGEO": "10829", "horodatage": "2022-04-01 19:12:21", "distance (en metres)": 6238.2, "station": "VOLTAIRE-LEON BLUM.", "marker-color": "#818181"}}, {"type": "Feature", "geometry": {"type": "Point", "coordinates": [2.38895, 48.86026]}, "properties": {"numparc": 625, "etat de la localisation": "autre", "ID BDGEO": "655", "horodatage": "2022-04-01 19:13:32", "distance (en metres)": 187.66, "station": "ROQUETTE-PERE LACHAISE", "marker-color": "#818181"}}, {"type": "Feature", "geometry": {"type": "Point", "coordinates": [2.362182, 48.855022]}, "properties": {"numparc": 636, "etat de la localisation": "autre", "ID BDGEO": "2637", "horodatage": "2022-04-01 19:14:02", "distance (en metres)": 453.61, "station": "BASTILLE-RUE SAINT-ANTOINE", "marker-color": "#818181"}}, {"type": "Feature", "geometry": {"type": "Point", "coordinates": [2.394146, 48.8699]}, "properties": {"numparc": 628, "etat de la localisation": "Deviation programmee", "ID BDGEO": "712", "horodatage": "2022-04-01 19:14:40", "distance (en metres)": 566.15, "station": "MARTIN NADAUD", "marker-color": "#56FF93"}}, {"type": "Feature", "geometry": {"type": "Point", "coordinates": [2.387766, 48.862534]}, "properties": {"numparc": 625, "etat de la localisation": "autre", "ID BDGEO": "653", "horodatage": "2022-04-01 19:14:41", "distance (en metres)": 73.02, "station": "AUGUSTE METIVIER", "marker-color": "#818181"}}, {"type": "Feature", "geometry": {"type": "Point", "coordinates": [2.33371, 48.860931]}, "properties": {"numparc": 637, "etat de la localisation": "autre", "ID BDGEO": "2637", "horodatage": "2022-04-01 19:14:57", "distance (en metres)": 2634.32, "station": "BASTILLE-RUE SAINT-ANTOINE", "marker-color": "#818181"}}, {"type": "Feature", "geometry": {"type": "Point", "coordinates": [2.33371, 48.860931]}, "properties": {"numparc": 637, "etat de la localisation": "autre", "ID BDGEO": "2637", "horodatage": "2022-04-01 19:15:03", "distance (en metres)": 2634.32, "station": "BASTILLE-RUE SAINT-ANTOINE", "marker-color": "#818181"}}, {"type": "Feature", "geometry": {"type": "Point", "coordinates": [2.357522, 48.856136]}, "properties": {"numparc": 636, "etat de la localisation": "autre", "ID BDGEO": "2637", "horodatage": "2022-04-01 19:15:46", "distance (en metres)": 815.48, "station": "BASTILLE-RUE SAINT-ANTOINE", "marker-color": "#818181"}}, {"type": "Feature", "geometry": {"type": "Point", "coordinates": [2.370694, 48.853622]}, "properties": {"numparc": 623, "etat de la localisation": "autre", "ID BDGEO": "10829", "horodatage": "2022-04-01 19:16:03", "distance (en metres)": 897.03, "station": "VOLTAIRE-LEON BLUM.", "marker-color": "#818181"}}, {"type": "Feature", "geometry": {"type": "Point", "coordinates": [2.331685, 48.85878]}, "properties": {"numparc": 637, "etat de la localisation": "autre", "ID BDGEO": "2637", "horodatage": "2022-04-01 19:16:35", "distance (en metres)": 2711.24, "station": "BASTILLE-RUE SAINT-ANTOINE", "marker-color": "#818181"}}, {"type": "Feature", "geometry": {"type": "Point", "coordinates": [2.388233, 48.863098]}, "properties": {"numparc": 631, "etat de la localisation": "autre", "ID BDGEO": "711", "horodatage": "2022-04-01 19:16:36", "distance (en metres)": 83.84, "station": "PERE LACHAISE", "marker-color": "#818181"}}, {"type": "Feature", "geometry": {"type": "Point", "coordinates": [2.371838, 48.854443]}, "properties": {"numparc": 623, "etat de la localisation": "autre", "ID BDGEO": "10829", "horodatage": "2022-04-01 19:16:59", "distance (en metres)": 778.61, "station": "VOLTAIRE-LEON BLUM.", "marker-color": "#818181"}}, {"type": "Feature", "geometry": {"type": "Point", "coordinates": [2.397289, 48.866474]}, "properties": {"numparc": 628, "etat de la localisation": "Deviation programmee", "ID BDGEO": "3196", "horodatage": "2022-04-01 19:17:00", "distance (en metres)": 165.84, "station": "GAMBETTA-MAIRIE DU 20EME.", "marker-color": "#56FF93"}}, {"type": "Feature", "geometry": {"type": "Point", "coordinates": [2.350378, 48.8563]}, "properties": {"numparc": 633, "etat de la localisation": "autre", "ID BDGEO": "667", "horodatage": "2022-04-01 19:17:14", "distance (en metres)": 191.04, "station": "HOTEL DE VILLE", "marker-color": "#818181"}}, {"type": "Feature", "geometry": {"type": "Point", "coordinates": [2.350803, 48.857815]}, "properties": {"numparc": 636, "etat de la localisation": "autre", "ID BDGEO": "2637", "horodatage": "2022-04-01 19:17:14", "distance (en metres)": 1341.07, "station": "BASTILLE-RUE SAINT-ANTOINE", "marker-color": "#818181"}}, {"type": "Feature", "geometry": {"type": "Point", "coordinates": [2.327022, 48.860306]}, "properties": {"numparc": 637, "etat de la localisation": "autre", "ID BDGEO": "2637", "horodatage": "2022-04-01 19:17:42", "distance (en metres)": 3083.08, "station": "BASTILLE-RUE SAINT-ANTOINE", "marker-color": "#818181"}}, {"type": "Feature", "geometry": {"type": "Point", "coordinates": [2.389071, 48.860294]}, "properties": {"numparc": 632, "etat de la localisation": "autre", "ID BDGEO": "655", "horodatage": "2022-04-01 19:18:11", "distance (en metres)": 197.15, "station": "ROQUETTE-PERE LACHAISE", "marker-color": "#818181"}}, {"type": "Feature", "geometry": {"type": "Point", "coordinates": [2.385326, 48.861961]}, "properties": {"numparc": 631, "etat de la localisation": "autre", "ID BDGEO": "711", "horodatage": "2022-04-01 19:18:25", "distance (en metres)": 179.49, "station": "PERE LACHAISE", "marker-color": "#818181"}}, {"type": "Feature", "geometry": {"type": "Point", "coordinates": [2.375453, 48.855919]}, "properties": {"numparc": 623, "etat de la localisation": "autre", "ID BDGEO": "10829", "horodatage": "2022-04-01 19:18:33", "distance (en metres)": 467.86, "station": "VOLTAIRE-LEON BLUM.", "marker-color": "#818181"}}, {"type": "Feature", "geometry": {"type": "Point", "coordinates": [2.387866, 48.86248]}, "properties": {"numparc": 632, "etat de la localisation": "autre", "ID BDGEO": "653", "horodatage": "2022-04-01 19:19:09", "distance (en metres)": 75.46, "station": "AUGUSTE METIVIER", "marker-color": "#818181"}}, {"type": "Feature", "geometry": {"type": "Point", "coordinates": [2.355462, 48.856007]}, "properties": {"numparc": 633, "etat de la localisation": "autre", "ID BDGEO": "666", "horodatage": "2022-04-01 19:19:28", "distance (en metres)": 149.52, "station": "RUE VIEILLE DU TEMPLE-MAIRIE DU 4e", "marker-color": "#818181"}}, {"type": "Feature", "geometry": {"type": "Point", "coordinates": [2.386472, 48.859943]}, "properties": {"numparc": 631, "etat de la localisation": "autre", "ID BDGEO": "709", "horodatage": "2022-04-01 19:19:33", "distance (en metres)": 164.87, "station": "SAINT-MAUR-SERVAN", "marker-color": "#818181"}}, {"type": "Feature", "geometry": {"type": "Point", "coordinates": [2.399882, 48.865364]}, "properties": {"numparc": 628, "etat de la localisation": "autre", "ID BDGEO": "3196", "horodatage": "2022-04-01 19:19:39", "distance (en metres)": 60.69, "station": "GAMBETTA-MAIRIE DU 20EME.", "marker-color": "#818181"}}, {"type": "Feature", "geometry": {"type": "Point", "coordinates": [2.356023, 48.855938]}, "properties": {"numparc": 633, "etat de la localisation": "autre", "ID BDGEO": "666", "horodatage": "2022-04-01 19:19:55", "distance (en metres)": 110.18, "station": "RUE VIEILLE DU TEMPLE-MAIRIE DU 4e", "marker-color": "#818181"}}, {"type": "Feature", "geometry": {"type": "Point", "coordinates": [2.378334, 48.856968]}, "properties": {"numparc": 623, "etat de la localisation": "autre", "ID BDGEO": "10829", "horodatage": "2022-04-01 19:20:20", "distance (en metres)": 227.12, "station": "VOLTAIRE-LEON BLUM.", "marker-color": "#818181"}}, {"type": "Feature", "geometry": {"type": "Point", "coordinates": [2.348871, 48.858376]}, "properties": {"numparc": 636, "etat de la localisation": "autre", "ID BDGEO": "2637", "horodatage": "2022-04-01 19:20:25", "distance (en metres)": 1495.49, "station": "BASTILLE-RUE SAINT-ANTOINE", "marker-color": "#818181"}}, {"type": "Feature", "geometry": {"type": "Point", "coordinates": [2.358028, 48.85545]}, "properties": {"numparc": 633, "etat de la localisation": "autre", "ID BDGEO": "666", "horodatage": "2022-04-01 19:20:49", "distance (en metres)": 87.2, "station": "RUE VIEILLE DU TEMPLE-MAIRIE DU 4e", "marker-color": "#818181"}}, {"type": "Feature", "geometry": {"type": "Point", "coordinates": [2.323454, 48.858147]}, "properties": {"numparc": 637, "etat de la localisation": "autre", "ID BDGEO": "2637", "horodatage": "2022-04-01 19:21:40", "distance (en metres)": 3288.43, "station": "BASTILLE-RUE SAINT-ANTOINE", "marker-color": "#818181"}}, {"type": "Feature", "geometry": {"type": "Point", "coordinates": [2.344489, 48.859829]}, "properties": {"numparc": 636, "etat de la localisation": "autre", "ID BDGEO": "2637", "horodatage": "2022-04-01 19:22:36", "distance (en metres)": 1853.59, "station": "BASTILLE-RUE SAINT-ANTOINE", "marker-color": "#818181"}}, {"type": "Feature", "geometry": {"type": "Point", "coordinates": [2.325353, 48.855713]}, "properties": {"numparc": 637, "etat de la localisation": "autre", "ID BDGEO": "2637", "horodatage": "2022-04-01 19:23:32", "distance (en metres)": 3116.52, "station": "BASTILLE-RUE SAINT-ANTOINE", "marker-color": "#818181"}}, {"type": "Feature", "geometry": {"type": "Point", "coordinates": [2.407167, 48.849449]}, "properties": {"numparc": 622, "etat de la localisation": "autre", "ID BDGEO": "4538", "horodatage": "2022-04-01 19:24:37", "distance (en metres)": 50.03, "station": "LAGNY SORTIE", "marker-color": "#818181"}}, {"type": "Feature", "geometry": {"type": "Point", "coordinates": [2.377556, 48.860081]}, "properties": {"numparc": 631, "etat de la localisation": "autre", "ID BDGEO": "708", "horodatage": "2022-04-01 19:25:11", "distance (en metres)": 340.96, "station": "VOLTAIRE-LEON BLUM", "marker-color": "#818181"}}, {"type": "Feature", "geometry": {"type": "Point", "coordinates": [2.368109, 48.853317]}, "properties": {"numparc": 633, "etat de la localisation": "autre", "ID BDGEO": "663", "horodatage": "2022-04-01 19:25:26", "distance (en metres)": 45.34, "station": "BASTILLE-RUE SAINT-ANTOINE", "marker-color": "#818181"}}, {"type": "Feature", "geometry": {"type": "Point", "coordinates": [2.320674, 48.856785]}, "properties": {"numparc": 637, "etat de la localisation": "autre", "ID BDGEO": "2637", "horodatage": "2022-04-01 19:25:47", "distance (en metres)": 3469.0, "station": "BASTILLE-RUE SAINT-ANTOINE", "marker-color": "#818181"}}, {"type": "Feature", "geometry": {"type": "Point", "coordinates": [2.335837, 48.862625]}, "properties": {"numparc": 636, "etat de la localisation": "autre", "ID BDGEO": "2637", "horodatage": "2022-04-01 19:25:47", "distance (en metres)": 2558.06, "station": "BASTILLE-RUE SAINT-ANTOINE", "marker-color": "#818181"}}, {"type": "Feature", "geometry": {"type": "Point", "coordinates": [2.335837, 48.862625]}, "properties": {"numparc": 636, "etat de la localisation": "autre", "ID BDGEO": "2637", "horodatage": "2022-04-01 19:26:26", "distance (en metres)": 2558.06, "station": "BASTILLE-RUE SAINT-ANTOINE", "marker-color": "#818181"}}, {"type": "Feature", "geometry": {"type": "Point", "coordinates": [2.389011, 48.860279]}, "properties": {"numparc": 623, "etat de la localisation": "autre", "ID BDGEO": "655", "horodatage": "2022-04-01 19:26:27", "distance (en metres)": 192.47, "station": "ROQUETTE-PERE LACHAISE", "marker-color": "#818181"}}, {"type": "Feature", "geometry": {"type": "Point", "coordinates": [2.374797, 48.859165]}, "properties": {"numparc": 631, "etat de la localisation": "autre", "ID BDGEO": "707", "horodatage": "2022-04-01 19:26:43", "distance (en metres)": 359.64, "station": "POPINCOURT", "marker-color": "#818181"}}, {"type": "Feature", "geometry": {"type": "Point", "coordinates": [2.317054, 48.857834]}, "properties": {"numparc": 637, "etat de la localisation": "autre", "ID BDGEO": "2637", "horodatage": "2022-04-01 19:27:17", "distance (en metres)": 3746.22, "station": "BASTILLE-RUE SAINT-ANTOINE", "marker-color": "#818181"}}, {"type": "Feature", "geometry": {"type": "Point", "coordinates": [2.387793, 48.862534]}, "properties": {"numparc": 623, "etat de la localisation": "autre", "ID BDGEO": "653", "horodatage": "2022-04-01 19:27:45", "distance (en metres)": 72.12, "station": "AUGUSTE METIVIER", "marker-color": "#818181"}}, {"type": "Feature", "geometry": {"type": "Point", "coordinates": [2.399895, 48.865349]}, "properties": {"numparc": 628, "etat de la localisation": "autre", "ID BDGEO": "3196", "horodatage": "2022-04-01 19:28:14", "distance (en metres)": 62.34, "station": "GAMBETTA-MAIRIE DU 20EME.", "marker-color": "#818181"}}, {"type": "Feature", "geometry": {"type": "Point", "coordinates": [2.371243, 48.85796]}, "properties": {"numparc": 631, "etat de la localisation": "autre", "ID BDGEO": "706", "horodatage": "2022-04-01 19:28:26", "distance (en metres)": 385.12, "station": "COMMANDANT LAMY", "marker-color": "#818181"}}, {"type": "Feature", "geometry": {"type": "Point", "coordinates": [2.295981, 48.854862]}, "properties": {"numparc": 621, "etat de la localisation": "autre", "ID BDGEO": "10829", "horodatage": "2022-04-01 19:28:46", "distance (en metres)": 6238.2, "station": "VOLTAIRE-LEON BLUM.", "marker-color": "#818181"}}, {"type": "Feature", "geometry": {"type": "Point", "coordinates": [2.371133, 48.85791]}, "properties": {"numparc": 631, "etat de la localisation": "autre", "ID BDGEO": "705", "horodatage": "2022-04-01 19:29:00", "distance (en metres)": 381.4, "station": "BREGUET-SABIN", "marker-color": "#818181"}}, {"type": "Feature", "geometry": {"type": "Point", "coordinates": [2.313967, 48.858421]}, "properties": {"numparc": 637, "etat de la localisation": "autre", "ID BDGEO": "2637", "horodatage": "2022-04-01 19:29:04", "distance (en metres)": 3978.95, "station": "BASTILLE-RUE SAINT-ANTOINE", "marker-color": "#818181"}}, {"type": "Feature", "geometry": {"type": "Point", "coordinates": [2.400077, 48.864967]}, "properties": {"numparc": 628, "etat de la localisation": "autre", "ID BDGEO": "3196", "horodatage": "2022-04-01 19:29:09", "distance (en metres)": 99.65, "station": "GAMBETTA-MAIRIE DU 20EME.", "marker-color": "#818181"}}, {"type": "Feature", "geometry": {"type": "Point", "coordinates": [2.331613, 48.85873]}, "properties": {"numparc": 636, "etat de la localisation": "autre", "ID BDGEO": "2637", "horodatage": "2022-04-01 19:29:16", "distance (en metres)": 2715.14, "station": "BASTILLE-RUE SAINT-ANTOINE", "marker-color": "#818181"}}, {"type": "Feature", "geometry": {"type": "Point", "coordinates": [2.370692, 48.853615]}, "properties": {"numparc": 633, "etat de la localisation": "autre", "ID BDGEO": "663", "horodatage": "2022-04-01 19:29:41", "distance (en metres)": 236.5, "station": "BASTILLE-RUE SAINT-ANTOINE", "marker-color": "#818181"}}, {"type": "Feature", "geometry": {"type": "Point", "coordinates": [2.370692, 48.853615]}, "properties": {"numparc": 633, "etat de la localisation": "autre", "ID BDGEO": "663", "horodatage": "2022-04-01 19:29:45", "distance (en metres)": 236.5, "station": "BASTILLE-RUE SAINT-ANTOINE", "marker-color": "#818181"}}, {"type": "Feature", "geometry": {"type": "Point", "coordinates": [2.37186, 48.854435]}, "properties": {"numparc": 633, "etat de la localisation": "autre", "ID BDGEO": "663", "horodatage": "2022-04-01 19:30:30", "distance (en metres)": 342.7, "station": "BASTILLE-RUE SAINT-ANTOINE", "marker-color": "#818181"}}, {"type": "Feature", "geometry": {"type": "Point", "coordinates": [2.368502, 48.857067]}, "properties": {"numparc": 631, "etat de la localisation": "autre", "ID BDGEO": "705", "horodatage": "2022-04-01 19:30:44", "distance (en metres)": 387.53, "station": "BREGUET-SABIN", "marker-color": "#818181"}}, {"type": "Feature", "geometry": {"type": "Point", "coordinates": [2.407335, 48.849258]}, "properties": {"numparc": 622, "etat de la localisation": "autre", "ID BDGEO": "4538", "horodatage": "2022-04-01 19:30:45", "distance (en metres)": 74.55, "station": "LAGNY SORTIE", "marker-color": "#818181"}}, {"type": "Feature", "geometry": {"type": "Point", "coordinates": [2.407329, 48.849258]}, "properties": {"numparc": 622, "etat de la localisation": "autre", "ID BDGEO": "4538", "horodatage": "2022-04-01 19:31:18", "distance (en metres)": 74.33, "station": "LAGNY SORTIE", "marker-color": "#818181"}}, {"type": "Feature", "geometry": {"type": "Point", "coordinates": [2.309633, 48.858101]}, "properties": {"numparc": 637, "etat de la localisation": "autre", "ID BDGEO": "2637", "horodatage": "2022-04-01 19:31:21", "distance (en metres)": 4288.4, "station": "BASTILLE-RUE SAINT-ANTOINE", "marker-color": "#818181"}}, {"type": "Feature", "geometry": {"type": "Point", "coordinates": [2.375495, 48.855877]}, "properties": {"numparc": 633, "etat de la localisation": "autre", "ID BDGEO": "659", "horodatage": "2022-04-01 19:31:48", "distance (en metres)": 364.16, "station": "POPINCOURT", "marker-color": "#818181"}}, {"type": "Feature", "geometry": {"type": "Point", "coordinates": [2.306177, 48.857826]}, "properties": {"numparc": 637, "etat de la localisation": "autre", "ID BDGEO": "2637", "horodatage": "2022-04-01 19:32:30", "distance (en metres)": 4535.89, "station": "BASTILLE-RUE SAINT-ANTOINE", "marker-color": "#818181"}}, {"type": "Feature", "geometry": {"type": "Point", "coordinates": [2.32529, 48.855736]}, "properties": {"numparc": 636, "etat de la localisation": "autre", "ID BDGEO": "2637", "horodatage": "2022-04-01 19:33:32", "distance (en metres)": 3121.33, "station": "BASTILLE-RUE SAINT-ANTOINE", "marker-color": "#818181"}}, {"type": "Feature", "geometry": {"type": "Point", "coordinates": [2.388275, 48.863041]}, "properties": {"numparc": 628, "etat de la localisation": "autre", "ID BDGEO": "711", "horodatage": "2022-04-01 19:33:58", "distance (en metres)": 80.03, "station": "PERE LACHAISE", "marker-color": "#818181"}}, {"type": "Feature", "geometry": {"type": "Point", "coordinates": [2.399851, 48.865429]}, "properties": {"numparc": 632, "etat de la localisation": "autre", "ID BDGEO": "3196", "horodatage": "2022-04-01 19:35:09", "distance (en metres)": 55.47, "station": "GAMBETTA-MAIRIE DU 20EME.", "marker-color": "#818181"}}, {"type": "Feature", "geometry": {"type": "Point", "coordinates": [2.38535, 48.861919]}, "properties": {"numparc": 628, "etat de la localisation": "autre", "ID BDGEO": "711", "horodatage": "2022-04-01 19:35:44", "distance (en metres)": 179.27, "station": "PERE LACHAISE", "marker-color": "#818181"}}, {"type": "Feature", "geometry": {"type": "Point", "coordinates": [2.302115, 48.856594]}, "properties": {"numparc": 637, "etat de la localisation": "autre", "ID BDGEO": "2637", "horodatage": "2022-04-01 19:35:44", "distance (en metres)": 4818.99, "station": "BASTILLE-RUE SAINT-ANTOINE", "marker-color": "#818181"}}, {"type": "Feature", "geometry": {"type": "Point", "coordinates": [2.32056, 48.856606]}, "properties": {"numparc": 636, "etat de la localisation": "autre", "ID BDGEO": "2637", "horodatage": "2022-04-01 19:35:48", "distance (en metres)": 3475.12, "station": "BASTILLE-RUE SAINT-ANTOINE", "marker-color": "#818181"}}, {"type": "Feature", "geometry": {"type": "Point", "coordinates": [2.365255, 48.853935]}, "properties": {"numparc": 631, "etat de la localisation": "autre", "ID BDGEO": "2637", "horodatage": "2022-04-01 19:35:54", "distance (en metres)": 199.13, "station": "BASTILLE-RUE SAINT-ANTOINE", "marker-color": "#818181"}}, {"type": "Feature", "geometry": {"type": "Point", "coordinates": [2.365255, 48.853935]}, "properties": {"numparc": 631, "etat de la localisation": "autre", "ID BDGEO": "2637", "horodatage": "2022-04-01 19:35:59", "distance (en metres)": 199.13, "station": "BASTILLE-RUE SAINT-ANTOINE", "marker-color": "#818181"}}, {"type": "Feature", "geometry": {"type": "Point", "coordinates": [2.406107, 48.852501]}, "properties": {"numparc": 625, "etat de la localisation": "autre", "ID BDGEO": "4538", "horodatage": "2022-04-01 19:36:28", "distance (en metres)": 300.48, "station": "LAGNY SORTIE", "marker-color": "#818181"}}, {"type": "Feature", "geometry": {"type": "Point", "coordinates": [2.299583, 48.857487]}, "properties": {"numparc": 637, "etat de la localisation": "autre", "ID BDGEO": "2637", "horodatage": "2022-04-01 19:36:47", "distance (en metres)": 5011.96, "station": "BASTILLE-RUE SAINT-ANTOINE", "marker-color": "#818181"}}, {"type": "Feature", "geometry": {"type": "Point", "coordinates": [2.386497, 48.859921]}, "properties": {"numparc": 628, "etat de la localisation": "autre", "ID BDGEO": "709", "horodatage": "2022-04-01 19:36:48", "distance (en metres)": 164.23, "station": "SAINT-MAUR-SERVAN", "marker-color": "#818181"}}, {"type": "Feature", "geometry": {"type": "Point", "coordinates": [2.362086, 48.855007]}, "properties": {"numparc": 631, "etat de la localisation": "autre", "ID BDGEO": "2637", "horodatage": "2022-04-01 19:37:46", "distance (en metres)": 459.25, "station": "BASTILLE-RUE SAINT-ANTOINE", "marker-color": "#818181"}}, {"type": "Feature", "geometry": {"type": "Point", "coordinates": [2.31691, 48.857639]}, "properties": {"numparc": 636, "etat de la localisation": "autre", "ID BDGEO": "2637", "horodatage": "2022-04-01 19:38:03", "distance (en metres)": 3753.82, "station": "BASTILLE-RUE SAINT-ANTOINE", "marker-color": "#818181"}}, {"type": "Feature", "geometry": {"type": "Point", "coordinates": [2.3889, 48.860352]}, "properties": {"numparc": 633, "etat de la localisation": "autre", "ID BDGEO": "655", "horodatage": "2022-04-01 19:38:07", "distance (en metres)": 186.74, "station": "ROQUETTE-PERE LACHAISE", "marker-color": "#818181"}}, {"type": "Feature", "geometry": {"type": "Point", "coordinates": [2.3889, 48.860352]}, "properties": {"numparc": 633, "etat de la localisation": "autre", "ID BDGEO": "655", "horodatage": "2022-04-01 19:38:09", "distance (en metres)": 186.74, "station": "ROQUETTE-PERE LACHAISE", "marker-color": "#818181"}}, {"type": "Feature", "geometry": {"type": "Point", "coordinates": [2.295904, 48.854927]}, "properties": {"numparc": 637, "etat de la localisation": "autre", "ID BDGEO": "10829", "horodatage": "2022-04-01 19:38:36", "distance (en metres)": 6243.44, "station": "VOLTAIRE-LEON BLUM.", "marker-color": "#818181"}}, {"type": "Feature", "geometry": {"type": "Point", "coordinates": [2.387802, 48.862553]}, "properties": {"numparc": 633, "etat de la localisation": "autre", "ID BDGEO": "653", "horodatage": "2022-04-01 19:39:17", "distance (en metres)": 69.93, "station": "AUGUSTE METIVIER", "marker-color": "#818181"}}, {"type": "Feature", "geometry": {"type": "Point", "coordinates": [2.407517, 48.849422]}, "properties": {"numparc": 625, "etat de la localisation": "autre", "ID BDGEO": "4538", "horodatage": "2022-04-01 19:39:31", "distance (en metres)": 68.46, "station": "LAGNY SORTIE", "marker-color": "#818181"}}, {"type": "Feature", "geometry": {"type": "Point", "coordinates": [2.296633, 48.855103]}, "properties": {"numparc": 621, "etat de la localisation": "autre", "ID BDGEO": "10829", "horodatage": "2022-04-01 19:39:56", "distance (en metres)": 6189.16, "station": "VOLTAIRE-LEON BLUM.", "marker-color": "#818181"}}, {"type": "Feature", "geometry": {"type": "Point", "coordinates": [2.387767, 48.862614]}, "properties": {"numparc": 633, "etat de la localisation": "autre", "ID BDGEO": "653", "horodatage": "2022-04-01 19:39:58", "distance (en metres)": 65.21, "station": "AUGUSTE METIVIER", "marker-color": "#818181"}}, {"type": "Feature", "geometry": {"type": "Point", "coordinates": [2.397746, 48.864929]}, "properties": {"numparc": 634, "etat de la localisation": "autre", "ID BDGEO": "2629", "horodatage": "2022-04-01 19:40:23", "distance (en metres)": 155.73, "station": "GAMBETTA-JAPON#", "marker-color": "#818181"}}, {"type": "Feature", "geometry": {"type": "Point", "coordinates": [2.387141, 48.863342]}, "properties": {"numparc": 633, "etat de la localisation": "Deviation programmee", "ID BDGEO": "2629", "horodatage": "2022-04-01 19:40:43", "distance (en metres)": 951.25, "station": "GAMBETTA-JAPON#", "marker-color": "#56FF93"}}, {"type": "Feature", "geometry": {"type": "Point", "coordinates": [2.309538, 48.858074]}, "properties": {"numparc": 636, "etat de la localisation": "autre", "ID BDGEO": "2637", "horodatage": "2022-04-01 19:40:48", "distance (en metres)": 4294.94, "station": "BASTILLE-RUE SAINT-ANTOINE", "marker-color": "#818181"}}, {"type": "Feature", "geometry": {"type": "Point", "coordinates": [2.35078, 48.857758]}, "properties": {"numparc": 631, "etat de la localisation": "autre", "ID BDGEO": "2637", "horodatage": "2022-04-01 19:41:17", "distance (en metres)": 1340.25, "station": "BASTILLE-RUE SAINT-ANTOINE", "marker-color": "#818181"}}, {"type": "Feature", "geometry": {"type": "Point", "coordinates": [2.300016, 48.857246]}, "properties": {"numparc": 621, "etat de la localisation": "autre", "ID BDGEO": "10829", "horodatage": "2022-04-01 19:41:23", "distance (en metres)": 5934.33, "station": "VOLTAIRE-LEON BLUM.", "marker-color": "#818181"}}, {"type": "Feature", "geometry": {"type": "Point", "coordinates": [2.394998, 48.864777]}, "properties": {"numparc": 634, "etat de la localisation": "autre", "ID BDGEO": "2629", "horodatage": "2022-04-01 19:41:26", "distance (en metres)": 356.24, "station": "GAMBETTA-JAPON#", "marker-color": "#818181"}}, {"type": "Feature", "geometry": {"type": "Point", "coordinates": [2.303915, 48.856827]}, "properties": {"numparc": 636, "etat de la localisation": "autre", "ID BDGEO": "2637", "horodatage": "2022-04-01 19:42:19", "distance (en metres)": 4689.78, "station": "BASTILLE-RUE SAINT-ANTOINE", "marker-color": "#818181"}}, {"type": "Feature", "geometry": {"type": "Point", "coordinates": [2.348892, 48.858505]}, "properties": {"numparc": 631, "etat de la localisation": "autre", "ID BDGEO": "2637", "horodatage": "2022-04-01 19:42:39", "distance (en metres)": 1499.59, "station": "BASTILLE-RUE SAINT-ANTOINE", "marker-color": "#818181"}}, {"type": "Feature", "geometry": {"type": "Point", "coordinates": [2.407623, 48.849411]}, "properties": {"numparc": 620, "etat de la localisation": "autre", "ID BDGEO": "4538", "horodatage": "2022-04-01 19:42:45", "distance (en metres)": 75.15, "station": "LAGNY SORTIE", "marker-color": "#818181"}}, {"type": "Feature", "geometry": {"type": "Point", "coordinates": [2.377564, 48.860054]}, "properties": {"numparc": 628, "etat de la localisation": "autre", "ID BDGEO": "708", "horodatage": "2022-04-01 19:42:57", "distance (en metres)": 338.29, "station": "VOLTAIRE-LEON BLUM", "marker-color": "#818181"}}, {"type": "Feature", "geometry": {"type": "Point", "coordinates": [2.304033, 48.858875]}, "properties": {"numparc": 621, "etat de la localisation": "autre", "ID BDGEO": "10829", "horodatage": "2022-04-01 19:43:14", "distance (en metres)": 5641.08, "station": "VOLTAIRE-LEON BLUM.", "marker-color": "#818181"}}, {"type": "Feature", "geometry": {"type": "Point", "coordinates": [2.307185, 48.859608]}, "properties": {"numparc": 621, "etat de la localisation": "autre", "ID BDGEO": "10829", "horodatage": "2022-04-01 19:44:16", "distance (en metres)": 5412.81, "station": "VOLTAIRE-LEON BLUM.", "marker-color": "#818181"}}, {"type": "Feature", "geometry": {"type": "Point", "coordinates": [2.385356, 48.861961]}, "properties": {"numparc": 634, "etat de la localisation": "autre", "ID BDGEO": "2629", "horodatage": "2022-04-01 19:45:20", "distance (en metres)": 1119.63, "station": "GAMBETTA-JAPON#", "marker-color": "#818181"}}, {"type": "Feature", "geometry": {"type": "Point", "coordinates": [2.344446, 48.859818]}, "properties": {"numparc": 631, "etat de la localisation": "autre", "ID BDGEO": "2637", "horodatage": "2022-04-01 19:45:30", "distance (en metres)": 1856.0, "station": "BASTILLE-RUE SAINT-ANTOINE", "marker-color": "#818181"}}, {"type": "Feature", "geometry": {"type": "Point", "coordinates": [2.407629, 48.849571]}, "properties": {"numparc": 625, "etat de la localisation": "autre", "ID BDGEO": "4538", "horodatage": "2022-04-01 19:45:48", "distance (en metres)": 65.66, "station": "LAGNY SORTIE", "marker-color": "#818181"}}, {"type": "Feature", "geometry": {"type": "Point", "coordinates": [2.310709, 48.859978]}, "properties": {"numparc": 621, "etat de la localisation": "autre", "ID BDGEO": "10829", "horodatage": "2022-04-01 19:45:52", "distance (en metres)": 5156.87, "station": "VOLTAIRE-LEON BLUM.", "marker-color": "#818181"}}, {"type": "Feature", "geometry": {"type": "Point", "coordinates": [2.368581, 48.857044]}, "properties": {"numparc": 628, "etat de la localisation": "autre", "ID BDGEO": "705", "horodatage": "2022-04-01 19:46:11", "distance (en metres)": 381.7, "station": "BREGUET-SABIN", "marker-color": "#818181"}}, {"type": "Feature", "geometry": {"type": "Point", "coordinates": [2.295836, 48.854813]}, "properties": {"numparc": 637, "etat de la localisation": "autre", "ID BDGEO": "10829", "horodatage": "2022-04-01 19:47:57", "distance (en metres)": 6249.08, "station": "VOLTAIRE-LEON BLUM.", "marker-color": "#818181"}}, {"type": "Feature", "geometry": {"type": "Point", "coordinates": [2.31446, 48.859951]}, "properties": {"numparc": 621, "etat de la localisation": "autre", "ID BDGEO": "10829", "horodatage": "2022-04-01 19:48:10", "distance (en metres)": 4882.62, "station": "VOLTAIRE-LEON BLUM.", "marker-color": "#818181"}}, {"type": "Feature", "geometry": {"type": "Point", "coordinates": [2.408242, 48.849766]}, "properties": {"numparc": 620, "etat de la localisation": "autre", "ID BDGEO": "4538", "horodatage": "2022-04-01 19:48:27", "distance (en metres)": 103.6, "station": "LAGNY SORTIE", "marker-color": "#818181"}}, {"type": "Feature", "geometry": {"type": "Point", "coordinates": [2.380841, 48.857986]}, "properties": {"numparc": 634, "etat de la localisation": "autre", "ID BDGEO": "2629", "horodatage": "2022-04-01 19:48:37", "distance (en metres)": 1606.96, "station": "GAMBETTA-JAPON#", "marker-color": "#818181"}}, {"type": "Feature", "geometry": {"type": "Point", "coordinates": [2.295852, 48.854836]}, "properties": {"numparc": 637, "etat de la localisation": "autre", "ID BDGEO": "10829", "horodatage": "2022-04-01 19:49:18", "distance (en metres)": 6247.78, "station": "VOLTAIRE-LEON BLUM.", "marker-color": "#818181"}}, {"type": "Feature", "geometry": {"type": "Point", "coordinates": [2.335701, 48.862652]}, "properties": {"numparc": 631, "etat de la localisation": "autre", "ID BDGEO": "2637", "horodatage": "2022-04-01 19:49:24", "distance (en metres)": 2568.34, "station": "BASTILLE-RUE SAINT-ANTOINE", "marker-color": "#818181"}}, {"type": "Feature", "geometry": {"type": "Point", "coordinates": [2.36211, 48.855068]}, "properties": {"numparc": 628, "etat de la localisation": "autre", "ID BDGEO": "2637", "horodatage": "2022-04-01 19:50:20", "distance (en metres)": 460.56, "station": "BASTILLE-RUE SAINT-ANTOINE", "marker-color": "#818181"}}, {"type": "Feature", "geometry": {"type": "Point", "coordinates": [2.319875, 48.859215]}, "properties": {"numparc": 621, "etat de la localisation": "autre", "ID BDGEO": "10829", "horodatage": "2022-04-01 19:50:20", "distance (en metres)": 4483.5, "station": "VOLTAIRE-LEON BLUM.", "marker-color": "#818181"}}, {"type": "Feature", "geometry": {"type": "Point", "coordinates": [2.323635, 48.857773]}, "properties": {"numparc": 621, "etat de la localisation": "autre", "ID BDGEO": "10829", "horodatage": "2022-04-01 19:51:33", "distance (en metres)": 4205.97, "station": "VOLTAIRE-LEON BLUM.", "marker-color": "#818181"}}, {"type": "Feature", "geometry": {"type": "Point", "coordinates": [2.333673, 48.860897]}, "properties": {"numparc": 631, "etat de la localisation": "autre", "ID BDGEO": "2637", "horodatage": "2022-04-01 19:51:52", "distance (en metres)": 2635.65, "station": "BASTILLE-RUE SAINT-ANTOINE", "marker-color": "#818181"}}, {"type": "Feature", "geometry": {"type": "Point", "coordinates": [2.3575, 48.856136]}, "properties": {"numparc": 628, "etat de la localisation": "autre", "ID BDGEO": "2637", "horodatage": "2022-04-01 19:52:08", "distance (en metres)": 816.96, "station": "BASTILLE-RUE SAINT-ANTOINE", "marker-color": "#818181"}}, {"type": "Feature", "geometry": {"type": "Point", "coordinates": [2.326516, 48.856201]}, "properties": {"numparc": 621, "etat de la localisation": "autre", "ID BDGEO": "10829", "horodatage": "2022-04-01 19:52:42", "distance (en metres)": 3999.52, "station": "VOLTAIRE-LEON BLUM.", "marker-color": "#818181"}}, {"type": "Feature", "geometry": {"type": "Point", "coordinates": [2.388216, 48.86314]}, "properties": {"numparc": 632, "etat de la localisation": "autre", "ID BDGEO": "711", "horodatage": "2022-04-01 19:52:55", "distance (en metres)": 87.36, "station": "PERE LACHAISE", "marker-color": "#818181"}}, {"type": "Feature", "geometry": {"type": "Point", "coordinates": [2.37763, 48.860016]}, "properties": {"numparc": 634, "etat de la localisation": "autre", "ID BDGEO": "2629", "horodatage": "2022-04-01 19:53:17", "distance (en metres)": 1724.62, "station": "GAMBETTA-JAPON#", "marker-color": "#818181"}}, {"type": "Feature", "geometry": {"type": "Point", "coordinates": [2.331653, 48.85878]}, "properties": {"numparc": 631, "etat de la localisation": "autre", "ID BDGEO": "2637", "horodatage": "2022-04-01 19:53:48", "distance (en metres)": 2713.52, "station": "BASTILLE-RUE SAINT-ANTOINE", "marker-color": "#818181"}}, {"type": "Feature", "geometry": {"type": "Point", "coordinates": [2.399931, 48.865353]}, "properties": {"numparc": 633, "etat de la localisation": "autre", "ID BDGEO": "3196", "horodatage": "2022-04-01 19:54:11", "distance (en metres)": 64.43, "station": "GAMBETTA-MAIRIE DU 20EME.", "marker-color": "#818181"}}, {"type": "Feature", "geometry": {"type": "Point", "coordinates": [2.385254, 48.862053]}, "properties": {"numparc": 632, "etat de la localisation": "autre", "ID BDGEO": "711", "horodatage": "2022-04-01 19:54:35", "distance (en metres)": 181.84, "station": "PERE LACHAISE", "marker-color": "#818181"}}, {"type": "Feature", "geometry": {"type": "Point", "coordinates": [2.37483, 48.85918]}, "properties": {"numparc": 634, "etat de la localisation": "autre", "ID BDGEO": "2629", "horodatage": "2022-04-01 19:54:41", "distance (en metres)": 1948.91, "station": "GAMBETTA-JAPON#", "marker-color": "#818181"}}, {"type": "Feature", "geometry": {"type": "Point", "coordinates": [2.350609, 48.857876]}, "properties": {"numparc": 628, "etat de la localisation": "autre", "ID BDGEO": "2637", "horodatage": "2022-04-01 19:54:45", "distance (en metres)": 1356.76, "station": "BASTILLE-RUE SAINT-ANTOINE", "marker-color": "#818181"}}, {"type": "Feature", "geometry": {"type": "Point", "coordinates": [2.328998, 48.85899]}, "properties": {"numparc": 621, "etat de la localisation": "autre", "ID BDGEO": "10829", "horodatage": "2022-04-01 19:54:45", "distance (en metres)": 3815.63, "station": "VOLTAIRE-LEON BLUM.", "marker-color": "#818181"}}, {"type": "Feature", "geometry": {"type": "Point", "coordinates": [2.323766, 48.860767]}, "properties": {"numparc": 631, "etat de la localisation": "autre", "ID BDGEO": "2637", "horodatage": "2022-04-01 19:55:47", "distance (en metres)": 3326.54, "station": "BASTILLE-RUE SAINT-ANTOINE", "marker-color": "#818181"}}, {"type": "Feature", "geometry": {"type": "Point", "coordinates": [2.386481, 48.85994]}, "properties": {"numparc": 632, "etat de la localisation": "autre", "ID BDGEO": "709", "horodatage": "2022-04-01 19:56:04", "distance (en metres)": 165.0, "station": "SAINT-MAUR-SERVAN", "marker-color": "#818181"}}, {"type": "Feature", "geometry": {"type": "Point", "coordinates": [2.348848, 48.858437]}, "properties": {"numparc": 628, "etat de la localisation": "autre", "ID BDGEO": "2637", "horodatage": "2022-04-01 19:56:29", "distance (en metres)": 1499.62, "station": "BASTILLE-RUE SAINT-ANTOINE", "marker-color": "#818181"}}, {"type": "Feature", "geometry": {"type": "Point", "coordinates": [2.371261, 48.857964]}, "properties": {"numparc": 634, "etat de la localisation": "autre", "ID BDGEO": "2629", "horodatage": "2022-04-01 19:56:36", "distance (en metres)": 2241.07, "station": "GAMBETTA-JAPON#", "marker-color": "#818181"}}, {"type": "Feature", "geometry": {"type": "Point", "coordinates": [2.368529, 48.857037]}, "properties": {"numparc": 634, "etat de la localisation": "autre", "ID BDGEO": "2629", "horodatage": "2022-04-01 19:57:45", "distance (en metres)": 2464.83, "station": "GAMBETTA-JAPON#", "marker-color": "#818181"}}, {"type": "Feature", "geometry": {"type": "Point", "coordinates": [2.323383, 48.858105]}, "properties": {"numparc": 631, "etat de la localisation": "autre", "ID BDGEO": "2637", "horodatage": "2022-04-01 19:57:56", "distance (en metres)": 3292.78, "station": "BASTILLE-RUE SAINT-ANTOINE", "marker-color": "#818181"}}, {"type": "Feature", "geometry": {"type": "Point", "coordinates": [2.333998, 48.860016]}, "properties": {"numparc": 621, "etat de la localisation": "autre", "ID BDGEO": "10829", "horodatage": "2022-04-01 19:58:16", "distance (en metres)": 3456.06, "station": "VOLTAIRE-LEON BLUM.", "marker-color": "#818181"}}, {"type": "Feature", "geometry": {"type": "Point", "coordinates": [2.296821, 48.855045]}, "properties": {"numparc": 637, "etat de la localisation": "autre", "ID BDGEO": "10829", "horodatage": "2022-04-01 19:58:42", "distance (en metres)": 6175.74, "station": "VOLTAIRE-LEON BLUM.", "marker-color": "#818181"}}, {"type": "Feature", "geometry": {"type": "Point", "coordinates": [2.344424, 48.85981]}, "properties": {"numparc": 628, "etat de la localisation": "autre", "ID BDGEO": "2637", "horodatage": "2022-04-01 19:58:47", "distance (en metres)": 1857.14, "station": "BASTILLE-RUE SAINT-ANTOINE", "marker-color": "#818181"}}, {"type": "Feature", "geometry": {"type": "Point", "coordinates": [2.380592, 48.858063]}, "properties": {"numparc": 632, "etat de la localisation": "autre", "ID BDGEO": "708", "horodatage": "2022-04-01 19:58:47", "distance (en metres)": 43.5, "station": "VOLTAIRE-LEON BLUM", "marker-color": "#818181"}}, {"type": "Feature", "geometry": {"type": "Point", "coordinates": [2.400057, 48.86507]}, "properties": {"numparc": 633, "etat de la localisation": "autre", "ID BDGEO": "3196", "horodatage": "2022-04-01 19:59:24", "distance (en metres)": 90.47, "station": "GAMBETTA-MAIRIE DU 20EME.", "marker-color": "#818181"}}, {"type": "Feature", "geometry": {"type": "Point", "coordinates": [2.325272, 48.855713]}, "properties": {"numparc": 631, "etat de la localisation": "autre", "ID BDGEO": "2637", "horodatage": "2022-04-01 19:59:39", "distance (en metres)": 3122.41, "station": "BASTILLE-RUE SAINT-ANTOINE", "marker-color": "#818181"}}, {"type": "Feature", "geometry": {"type": "Point", "coordinates": [2.341435, 48.858746]}, "properties": {"numparc": 621, "etat de la localisation": "autre", "ID BDGEO": "10829", "horodatage": "2022-04-01 19:59:45", "distance (en metres)": 2905.38, "station": "VOLTAIRE-LEON BLUM.", "marker-color": "#818181"}}, {"type": "Feature", "geometry": {"type": "Point", "coordinates": [2.367669, 48.853359]}, "properties": {"numparc": 634, "etat de la localisation": "autre", "ID BDGEO": "2629", "horodatage": "2022-04-01 20:00:39", "distance (en metres)": 2698.92, "station": "GAMBETTA-JAPON#", "marker-color": "#818181"}}, {"type": "Feature", "geometry": {"type": "Point", "coordinates": [2.30003, 48.857327]}, "properties": {"numparc": 637, "etat de la localisation": "autre", "ID BDGEO": "10829", "horodatage": "2022-04-01 20:01:08", "distance (en metres)": 5933.2, "station": "VOLTAIRE-LEON BLUM.", "marker-color": "#818181"}}, {"type": "Feature", "geometry": {"type": "Point", "coordinates": [2.320496, 48.856617]}, "properties": {"numparc": 631, "etat de la localisation": "autre", "ID BDGEO": "2637", "horodatage": "2022-04-01 20:01:46", "distance (en metres)": 3479.9, "station": "BASTILLE-RUE SAINT-ANTOINE", "marker-color": "#818181"}}, {"type": "Feature", "geometry": {"type": "Point", "coordinates": [2.362142, 48.855042]}, "properties": {"numparc": 634, "etat de la localisation": "autre", "ID BDGEO": "2629", "horodatage": "2022-04-01 20:02:04", "distance (en metres)": 2981.27, "station": "GAMBETTA-JAPON#", "marker-color": "#818181"}}, {"type": "Feature", "geometry": {"type": "Point", "coordinates": [2.303934, 48.859039]}, "properties": {"numparc": 637, "etat de la localisation": "autre", "ID BDGEO": "10829", "horodatage": "2022-04-01 20:02:55", "distance (en metres)": 5648.7, "station": "VOLTAIRE-LEON BLUM.", "marker-color": "#818181"}}, {"type": "Feature", "geometry": {"type": "Point", "coordinates": [2.348422, 48.856865]}, "properties": {"numparc": 621, "etat de la localisation": "autre", "ID BDGEO": "10829", "horodatage": "2022-04-01 20:03:20", "distance (en metres)": 2395.16, "station": "VOLTAIRE-LEON BLUM.", "marker-color": "#818181"}}, {"type": "Feature", "geometry": {"type": "Point", "coordinates": [2.350238, 48.856201]}, "properties": {"numparc": 621, "etat de la localisation": "autre", "ID BDGEO": "10829", "horodatage": "2022-04-01 20:04:10", "distance (en metres)": 2267.28, "station": "VOLTAIRE-LEON BLUM.", "marker-color": "#818181"}}, {"type": "Feature", "geometry": {"type": "Point", "coordinates": [2.307128, 48.859646]}, "properties": {"numparc": 637, "etat de la localisation": "autre", "ID BDGEO": "10829", "horodatage": "2022-04-01 20:04:14", "distance (en metres)": 5417.13, "station": "VOLTAIRE-LEON BLUM.", "marker-color": "#818181"}}, {"type": "Feature", "geometry": {"type": "Point", "coordinates": [2.350296, 48.85746]}, "properties": {"numparc": 634, "etat de la localisation": "autre", "ID BDGEO": "667", "horodatage": "2022-04-01 20:05:28", "distance (en metres)": 66.3, "station": "HOTEL DE VILLE", "marker-color": "#818181"}}, {"type": "Feature", "geometry": {"type": "Point", "coordinates": [2.30947, 48.858288]}, "properties": {"numparc": 631, "etat de la localisation": "autre", "ID BDGEO": "2637", "horodatage": "2022-04-01 20:06:13", "distance (en metres)": 4302.87, "station": "BASTILLE-RUE SAINT-ANTOINE", "marker-color": "#818181"}}, {"type": "Feature", "geometry": {"type": "Point", "coordinates": [2.355778, 48.855949]}, "properties": {"numparc": 621, "etat de la localisation": "autre", "ID BDGEO": "10829", "horodatage": "2022-04-01 20:06:39", "distance (en metres)": 1866.61, "station": "VOLTAIRE-LEON BLUM.", "marker-color": "#818181"}}, {"type": "Feature", "geometry": {"type": "Point", "coordinates": [2.388215, 48.86311]}, "properties": {"numparc": 633, "etat de la localisation": "autre", "ID BDGEO": "711", "horodatage": "2022-04-01 20:06:51", "distance (en metres)": 84.32, "station": "PERE LACHAISE", "marker-color": "#818181"}}, {"type": "Feature", "geometry": {"type": "Point", "coordinates": [2.3106, 48.859886]}, "properties": {"numparc": 637, "etat de la localisation": "autre", "ID BDGEO": "10829", "horodatage": "2022-04-01 20:07:02", "distance (en metres)": 5164.39, "station": "VOLTAIRE-LEON BLUM.", "marker-color": "#818181"}}, {"type": "Feature", "geometry": {"type": "Point", "coordinates": [2.388215, 48.86311]}, "properties": {"numparc": 633, "etat de la localisation": "autre", "ID BDGEO": "711", "horodatage": "2022-04-01 20:07:08", "distance (en metres)": 84.32, "station": "PERE LACHAISE", "marker-color": "#818181"}}, {"type": "Feature", "geometry": {"type": "Point", "coordinates": [2.305991, 48.858044]}, "properties": {"numparc": 631, "etat de la localisation": "autre", "ID BDGEO": "2637", "horodatage": "2022-04-01 20:07:11", "distance (en metres)": 4552.16, "station": "BASTILLE-RUE SAINT-ANTOINE", "marker-color": "#818181"}}, {"type": "Feature", "geometry": {"type": "Point", "coordinates": [2.365293, 48.853901]}, "properties": {"numparc": 632, "etat de la localisation": "autre", "ID BDGEO": "2637", "horodatage": "2022-04-01 20:07:12", "distance (en metres)": 195.17, "station": "BASTILLE-RUE SAINT-ANTOINE", "marker-color": "#818181"}}, {"type": "Feature", "geometry": {"type": "Point", "coordinates": [2.35799, 48.855446]}, "properties": {"numparc": 621, "etat de la localisation": "autre", "ID BDGEO": "10829", "horodatage": "2022-04-01 20:08:06", "distance (en metres)": 1713.81, "station": "VOLTAIRE-LEON BLUM.", "marker-color": "#818181"}}, {"type": "Feature", "geometry": {"type": "Point", "coordinates": [2.362129, 48.85503]}, "properties": {"numparc": 632, "etat de la localisation": "autre", "ID BDGEO": "2637", "horodatage": "2022-04-01 20:08:10", "distance (en metres)": 457.48, "station": "BASTILLE-RUE SAINT-ANTOINE", "marker-color": "#818181"}}, {"type": "Feature", "geometry": {"type": "Point", "coordinates": [2.323515, 48.858143]}, "properties": {"numparc": 628, "etat de la localisation": "autre", "ID BDGEO": "2637", "horodatage": "2022-04-01 20:08:19", "distance (en metres)": 3283.96, "station": "BASTILLE-RUE SAINT-ANTOINE", "marker-color": "#818181"}}, {"type": "Feature", "geometry": {"type": "Point", "coordinates": [2.315882, 48.859943]}, "properties": {"numparc": 637, "etat de la localisation": "autre", "ID BDGEO": "10829", "horodatage": "2022-04-01 20:08:26", "distance (en metres)": 4778.68, "station": "VOLTAIRE-LEON BLUM.", "marker-color": "#818181"}}, {"type": "Feature", "geometry": {"type": "Point", "coordinates": [2.385333, 48.861942]}, "properties": {"numparc": 633, "etat de la localisation": "autre", "ID BDGEO": "711", "horodatage": "2022-04-01 20:08:27", "distance (en metres)": 179.64, "station": "PERE LACHAISE", "marker-color": "#818181"}}, {"type": "Feature", "geometry": {"type": "Point", "coordinates": [2.299482, 48.857422]}, "properties": {"numparc": 631, "etat de la localisation": "autre", "ID BDGEO": "2637", "horodatage": "2022-04-01 20:09:31", "distance (en metres)": 5018.64, "station": "BASTILLE-RUE SAINT-ANTOINE", "marker-color": "#818181"}}, {"type": "Feature", "geometry": {"type": "Point", "coordinates": [2.31989, 48.85923]}, "properties": {"numparc": 637, "etat de la localisation": "autre", "ID BDGEO": "10829", "horodatage": "2022-04-01 20:09:57", "distance (en metres)": 4482.46, "station": "VOLTAIRE-LEON BLUM.", "marker-color": "#818181"}}, {"type": "Feature", "geometry": {"type": "Point", "coordinates": [2.362072, 48.854797]}, "properties": {"numparc": 621, "etat de la localisation": "autre", "ID BDGEO": "10829", "horodatage": "2022-04-01 20:10:11", "distance (en metres)": 1435.04, "station": "VOLTAIRE-LEON BLUM.", "marker-color": "#818181"}}, {"type": "Feature", "geometry": {"type": "Point", "coordinates": [2.323655, 48.857758]}, "properties": {"numparc": 637, "etat de la localisation": "autre", "ID BDGEO": "10829", "horodatage": "2022-04-01 20:11:16", "distance (en metres)": 4204.52, "station": "VOLTAIRE-LEON BLUM.", "marker-color": "#818181"}}, {"type": "Feature", "geometry": {"type": "Point", "coordinates": [2.365429, 48.853741]}, "properties": {"numparc": 621, "etat de la localisation": "autre", "ID BDGEO": "10829", "horodatage": "2022-04-01 20:11:55", "distance (en metres)": 1236.44, "station": "VOLTAIRE-LEON BLUM.", "marker-color": "#818181"}}, {"type": "Feature", "geometry": {"type": "Point", "coordinates": [2.326456, 48.856197]}, "properties": {"numparc": 637, "etat de la localisation": "autre", "ID BDGEO": "10829", "horodatage": "2022-04-01 20:12:31", "distance (en metres)": 4003.92, "station": "VOLTAIRE-LEON BLUM.", "marker-color": "#818181"}}, {"type": "Feature", "geometry": {"type": "Point", "coordinates": [2.326456, 48.856197]}, "properties": {"numparc": 637, "etat de la localisation": "autre", "ID BDGEO": "10829", "horodatage": "2022-04-01 20:12:36", "distance (en metres)": 4003.92, "station": "VOLTAIRE-LEON BLUM.", "marker-color": "#818181"}}, {"type": "Feature", "geometry": {"type": "Point", "coordinates": [2.368087, 48.853355]}, "properties": {"numparc": 621, "etat de la localisation": "autre", "ID BDGEO": "10829", "horodatage": "2022-04-01 20:13:07", "distance (en metres)": 1077.51, "station": "VOLTAIRE-LEON BLUM.", "marker-color": "#818181"}}, {"type": "Feature", "geometry": {"type": "Point", "coordinates": [2.296206, 48.855213]}, "properties": {"numparc": 631, "etat de la localisation": "autre", "ID BDGEO": "10829", "horodatage": "2022-04-01 20:13:48", "distance (en metres)": 6219.76, "station": "VOLTAIRE-LEON BLUM.", "marker-color": "#818181"}}, {"type": "Feature", "geometry": {"type": "Point", "coordinates": [2.377606, 48.860104]}, "properties": {"numparc": 633, "etat de la localisation": "autre", "ID BDGEO": "708", "horodatage": "2022-04-01 20:14:09", "distance (en metres)": 340.72, "station": "VOLTAIRE-LEON BLUM", "marker-color": "#818181"}}, {"type": "Feature", "geometry": {"type": "Point", "coordinates": [2.370715, 48.853649]}, "properties": {"numparc": 621, "etat de la localisation": "autre", "ID BDGEO": "10829", "horodatage": "2022-04-01 20:15:25", "distance (en metres)": 894.16, "station": "VOLTAIRE-LEON BLUM.", "marker-color": "#818181"}}, {"type": "Feature", "geometry": {"type": "Point", "coordinates": [2.309599, 48.858128]}, "properties": {"numparc": 628, "etat de la localisation": "autre", "ID BDGEO": "2637", "horodatage": "2022-04-01 20:15:31", "distance (en metres)": 4291.25, "station": "BASTILLE-RUE SAINT-ANTOINE", "marker-color": "#818181"}}, {"type": "Feature", "geometry": {"type": "Point", "coordinates": [2.328882, 48.85894]}, "properties": {"numparc": 637, "etat de la localisation": "autre", "ID BDGEO": "10829", "horodatage": "2022-04-01 20:15:32", "distance (en metres)": 3823.94, "station": "VOLTAIRE-LEON BLUM.", "marker-color": "#818181"}}, {"type": "Feature", "geometry": {"type": "Point", "coordinates": [2.374822, 48.859135]}, "properties": {"numparc": 633, "etat de la localisation": "autre", "ID BDGEO": "707", "horodatage": "2022-04-01 20:15:45", "distance (en metres)": 355.98, "station": "POPINCOURT", "marker-color": "#818181"}}, {"type": "Feature", "geometry": {"type": "Point", "coordinates": [2.350245, 48.856258]}, "properties": {"numparc": 634, "etat de la localisation": "Delocalise", "ID BDGEO": "667", "horodatage": "2022-04-01 20:16:00", "distance (en metres)": 194.0, "station": "HOTEL DE VILLE", "marker-color": "#FF565E"}}, {"type": "Feature", "geometry": {"type": "Point", "coordinates": [2.306167, 48.857929]}, "properties": {"numparc": 628, "etat de la localisation": "autre", "ID BDGEO": "2637", "horodatage": "2022-04-01 20:16:30", "distance (en metres)": 4537.91, "station": "BASTILLE-RUE SAINT-ANTOINE", "marker-color": "#818181"}}, {"type": "Feature", "geometry": {"type": "Point", "coordinates": [2.340115, 48.861156]}, "properties": {"numparc": 632, "etat de la localisation": "autre", "ID BDGEO": "2637", "horodatage": "2022-04-01 20:17:03", "distance (en metres)": 2205.86, "station": "BASTILLE-RUE SAINT-ANTOINE", "marker-color": "#818181"}}, {"type": "Feature", "geometry": {"type": "Point", "coordinates": [2.303836, 48.856922]}, "properties": {"numparc": 628, "etat de la localisation": "autre", "ID BDGEO": "2637", "horodatage": "2022-04-01 20:17:12", "distance (en metres)": 4696.44, "station": "BASTILLE-RUE SAINT-ANTOINE", "marker-color": "#818181"}}, {"type": "Feature", "geometry": {"type": "Point", "coordinates": [2.375404, 48.855968]}, "properties": {"numparc": 621, "etat de la localisation": "autre", "ID BDGEO": "10829", "horodatage": "2022-04-01 20:18:07", "distance (en metres)": 468.55, "station": "VOLTAIRE-LEON BLUM.", "marker-color": "#818181"}}, {"type": "Feature", "geometry": {"type": "Point", "coordinates": [2.330986, 48.860516]}, "properties": {"numparc": 637, "etat de la localisation": "autre", "ID BDGEO": "10829", "horodatage": "2022-04-01 20:18:22", "distance (en metres)": 3679.93, "station": "VOLTAIRE-LEON BLUM.", "marker-color": "#818181"}}, {"type": "Feature", "geometry": {"type": "Point", "coordinates": [2.371192, 48.857929]}, "properties": {"numparc": 633, "etat de la localisation": "autre", "ID BDGEO": "705", "horodatage": "2022-04-01 20:18:25", "distance (en metres)": 382.66, "station": "BREGUET-SABIN", "marker-color": "#818181"}}, {"type": "Feature", "geometry": {"type": "Point", "coordinates": [2.378319, 48.856945]}, "properties": {"numparc": 621, "etat de la localisation": "autre", "ID BDGEO": "10829", "horodatage": "2022-04-01 20:19:15", "distance (en metres)": 229.23, "station": "VOLTAIRE-LEON BLUM.", "marker-color": "#818181"}}, {"type": "Feature", "geometry": {"type": "Point", "coordinates": [2.333902, 48.859821]}, "properties": {"numparc": 637, "etat de la localisation": "autre", "ID BDGEO": "10829", "horodatage": "2022-04-01 20:19:18", "distance (en metres)": 3461.66, "station": "VOLTAIRE-LEON BLUM.", "marker-color": "#818181"}}, {"type": "Feature", "geometry": {"type": "Point", "coordinates": [2.33374, 48.860886]}, "properties": {"numparc": 632, "etat de la localisation": "autre", "ID BDGEO": "2637", "horodatage": "2022-04-01 20:19:24", "distance (en metres)": 2630.6, "station": "BASTILLE-RUE SAINT-ANTOINE", "marker-color": "#818181"}}, {"type": "Feature", "geometry": {"type": "Point", "coordinates": [2.338521, 48.859035]}, "properties": {"numparc": 637, "etat de la localisation": "autre", "ID BDGEO": "10829", "horodatage": "2022-04-01 20:20:19", "distance (en metres)": 3119.62, "station": "VOLTAIRE-LEON BLUM.", "marker-color": "#818181"}}, {"type": "Feature", "geometry": {"type": "Point", "coordinates": [2.4076, 48.849396]}, "properties": {"numparc": 636, "etat de la localisation": "autre", "ID BDGEO": "4538", "horodatage": "2022-04-01 20:20:30", "distance (en metres)": 74.96, "station": "LAGNY SORTIE", "marker-color": "#818181"}}, {"type": "Feature", "geometry": {"type": "Point", "coordinates": [2.331677, 48.858746]}, "properties": {"numparc": 632, "etat de la localisation": "autre", "ID BDGEO": "2637", "horodatage": "2022-04-01 20:20:35", "distance (en metres)": 2710.96, "station": "BASTILLE-RUE SAINT-ANTOINE", "marker-color": "#818181"}}, {"type": "Feature", "geometry": {"type": "Point", "coordinates": [2.296752, 48.855042]}, "properties": {"numparc": 631, "etat de la localisation": "autre", "ID BDGEO": "10829", "horodatage": "2022-04-01 20:20:36", "distance (en metres)": 6180.81, "station": "VOLTAIRE-LEON BLUM.", "marker-color": "#818181"}}, {"type": "Feature", "geometry": {"type": "Point", "coordinates": [2.368571, 48.857048]}, "properties": {"numparc": 633, "etat de la localisation": "autre", "ID BDGEO": "705", "horodatage": "2022-04-01 20:20:52", "distance (en metres)": 382.51, "station": "BREGUET-SABIN", "marker-color": "#818181"}}, {"type": "Feature", "geometry": {"type": "Point", "coordinates": [2.296175, 48.855137]}, "properties": {"numparc": 628, "etat de la localisation": "autre", "ID BDGEO": "10829", "horodatage": "2022-04-01 20:20:55", "distance (en metres)": 6222.44, "station": "VOLTAIRE-LEON BLUM.", "marker-color": "#818181"}}, {"type": "Feature", "geometry": {"type": "Point", "coordinates": [2.295897, 48.854832]}, "properties": {"numparc": 628, "etat de la localisation": "autre", "ID BDGEO": "10829", "horodatage": "2022-04-01 20:22:00", "distance (en metres)": 6244.51, "station": "VOLTAIRE-LEON BLUM.", "marker-color": "#818181"}}, {"type": "Feature", "geometry": {"type": "Point", "coordinates": [2.299977, 48.857246]}, "properties": {"numparc": 631, "etat de la localisation": "autre", "ID BDGEO": "10829", "horodatage": "2022-04-01 20:22:01", "distance (en metres)": 5937.17, "station": "VOLTAIRE-LEON BLUM.", "marker-color": "#818181"}}, {"type": "Feature", "geometry": {"type": "Point", "coordinates": [2.341403, 48.858635]}, "properties": {"numparc": 637, "etat de la localisation": "autre", "ID BDGEO": "10829", "horodatage": "2022-04-01 20:22:15", "distance (en metres)": 2907.33, "station": "VOLTAIRE-LEON BLUM.", "marker-color": "#818181"}}, {"type": "Feature", "geometry": {"type": "Point", "coordinates": [2.295897, 48.854832]}, "properties": {"numparc": 628, "etat de la localisation": "autre", "ID BDGEO": "10829", "horodatage": "2022-04-01 20:22:29", "distance (en metres)": 6244.51, "station": "VOLTAIRE-LEON BLUM.", "marker-color": "#818181"}}, {"type": "Feature", "geometry": {"type": "Point", "coordinates": [2.303958, 48.85891]}, "properties": {"numparc": 631, "etat de la localisation": "autre", "ID BDGEO": "10829", "horodatage": "2022-04-01 20:24:10", "distance (en metres)": 5646.65, "station": "VOLTAIRE-LEON BLUM.", "marker-color": "#818181"}}, {"type": "Feature", "geometry": {"type": "Point", "coordinates": [2.348542, 48.856815]}, "properties": {"numparc": 637, "etat de la localisation": "autre", "ID BDGEO": "10829", "horodatage": "2022-04-01 20:24:38", "distance (en metres)": 2386.66, "station": "VOLTAIRE-LEON BLUM.", "marker-color": "#818181"}}, {"type": "Feature", "geometry": {"type": "Point", "coordinates": [2.388948, 48.860306]}, "properties": {"numparc": 621, "etat de la localisation": "autre", "ID BDGEO": "655", "horodatage": "2022-04-01 20:24:42", "distance (en metres)": 188.74, "station": "ROQUETTE-PERE LACHAISE", "marker-color": "#818181"}}, {"type": "Feature", "geometry": {"type": "Point", "coordinates": [2.323424, 48.858093]}, "properties": {"numparc": 632, "etat de la localisation": "autre", "ID BDGEO": "2637", "horodatage": "2022-04-01 20:24:43", "distance (en metres)": 3289.61, "station": "BASTILLE-RUE SAINT-ANTOINE", "marker-color": "#818181"}}, {"type": "Feature", "geometry": {"type": "Point", "coordinates": [2.307147, 48.859581]}, "properties": {"numparc": 631, "etat de la localisation": "autre", "ID BDGEO": "10829", "horodatage": "2022-04-01 20:25:09", "distance (en metres)": 5415.48, "station": "VOLTAIRE-LEON BLUM.", "marker-color": "#818181"}}, {"type": "Feature", "geometry": {"type": "Point", "coordinates": [2.307147, 48.859581]}, "properties": {"numparc": 631, "etat de la localisation": "autre", "ID BDGEO": "10829", "horodatage": "2022-04-01 20:25:14", "distance (en metres)": 5415.48, "station": "VOLTAIRE-LEON BLUM.", "marker-color": "#818181"}}, {"type": "Feature", "geometry": {"type": "Point", "coordinates": [2.387824, 48.862484]}, "properties": {"numparc": 621, "etat de la localisation": "autre", "ID BDGEO": "653", "horodatage": "2022-04-01 20:25:41", "distance (en metres)": 76.2, "station": "AUGUSTE METIVIER", "marker-color": "#818181"}}, {"type": "Feature", "geometry": {"type": "Point", "coordinates": [2.350337, 48.856186]}, "properties": {"numparc": 637, "etat de la localisation": "autre", "ID BDGEO": "10829", "horodatage": "2022-04-01 20:25:47", "distance (en metres)": 2260.2, "station": "VOLTAIRE-LEON BLUM.", "marker-color": "#818181"}}, {"type": "Feature", "geometry": {"type": "Point", "coordinates": [2.362069, 48.855061]}, "properties": {"numparc": 633, "etat de la localisation": "autre", "ID BDGEO": "2637", "horodatage": "2022-04-01 20:25:56", "distance (en metres)": 462.9, "station": "BASTILLE-RUE SAINT-ANTOINE", "marker-color": "#818181"}}, {"type": "Feature", "geometry": {"type": "Point", "coordinates": [2.387771, 48.862595]}, "properties": {"numparc": 621, "etat de la localisation": "autre", "ID BDGEO": "653", "horodatage": "2022-04-01 20:26:03", "distance (en metres)": 66.89, "station": "AUGUSTE METIVIER", "marker-color": "#818181"}}, {"type": "Feature", "geometry": {"type": "Point", "coordinates": [2.371799, 48.85445]}, "properties": {"numparc": 634, "etat de la localisation": "autre", "ID BDGEO": "663", "horodatage": "2022-04-01 20:26:19", "distance (en metres)": 339.16, "station": "BASTILLE-RUE SAINT-ANTOINE", "marker-color": "#818181"}}, {"type": "Feature", "geometry": {"type": "Point", "coordinates": [2.310691, 48.85994]}, "properties": {"numparc": 631, "etat de la localisation": "autre", "ID BDGEO": "10829", "horodatage": "2022-04-01 20:26:47", "distance (en metres)": 5157.99, "station": "VOLTAIRE-LEON BLUM.", "marker-color": "#818181"}}, {"type": "Feature", "geometry": {"type": "Point", "coordinates": [2.310691, 48.85994]}, "properties": {"numparc": 631, "etat de la localisation": "autre", "ID BDGEO": "10829", "horodatage": "2022-04-01 20:26:53", "distance (en metres)": 5157.99, "station": "VOLTAIRE-LEON BLUM.", "marker-color": "#818181"}}, {"type": "Feature", "geometry": {"type": "Point", "coordinates": [2.355778, 48.855892]}, "properties": {"numparc": 637, "etat de la localisation": "autre", "ID BDGEO": "10829", "horodatage": "2022-04-01 20:27:34", "distance (en metres)": 1867.34, "station": "VOLTAIRE-LEON BLUM.", "marker-color": "#818181"}}, {"type": "Feature", "geometry": {"type": "Point", "coordinates": [2.3575, 48.856159]}, "properties": {"numparc": 633, "etat de la localisation": "autre", "ID BDGEO": "2637", "horodatage": "2022-04-01 20:27:50", "distance (en metres)": 817.96, "station": "BASTILLE-RUE SAINT-ANTOINE", "marker-color": "#818181"}}, {"type": "Feature", "geometry": {"type": "Point", "coordinates": [2.314462, 48.859921]}, "properties": {"numparc": 631, "etat de la localisation": "autre", "ID BDGEO": "10829", "horodatage": "2022-04-01 20:28:16", "distance (en metres)": 4882.32, "station": "VOLTAIRE-LEON BLUM.", "marker-color": "#818181"}}, {"type": "Feature", "geometry": {"type": "Point", "coordinates": [2.375339, 48.855942]}, "properties": {"numparc": 634, "etat de la localisation": "autre", "ID BDGEO": "659", "horodatage": "2022-04-01 20:28:22", "distance (en metres)": 355.41, "station": "POPINCOURT", "marker-color": "#818181"}}, {"type": "Feature", "geometry": {"type": "Point", "coordinates": [2.32061, 48.856674]}, "properties": {"numparc": 632, "etat de la localisation": "autre", "ID BDGEO": "2637", "horodatage": "2022-04-01 20:28:49", "distance (en metres)": 3472.29, "station": "BASTILLE-RUE SAINT-ANTOINE", "marker-color": "#818181"}}, {"type": "Feature", "geometry": {"type": "Point", "coordinates": [2.358058, 48.85548]}, "properties": {"numparc": 637, "etat de la localisation": "autre", "ID BDGEO": "10829", "horodatage": "2022-04-01 20:28:56", "distance (en metres)": 1708.3, "station": "VOLTAIRE-LEON BLUM.", "marker-color": "#818181"}}, {"type": "Feature", "geometry": {"type": "Point", "coordinates": [2.378194, 48.85704]}, "properties": {"numparc": 634, "etat de la localisation": "autre", "ID BDGEO": "657", "horodatage": "2022-04-01 20:29:19", "distance (en metres)": 227.74, "station": "VOLTAIRE-LEON BLUM", "marker-color": "#818181"}}, {"type": "Feature", "geometry": {"type": "Point", "coordinates": [2.350667, 48.857876]}, "properties": {"numparc": 633, "etat de la localisation": "autre", "ID BDGEO": "2637", "horodatage": "2022-04-01 20:29:21", "distance (en metres)": 1352.84, "station": "BASTILLE-RUE SAINT-ANTOINE", "marker-color": "#818181"}}, {"type": "Feature", "geometry": {"type": "Point", "coordinates": [2.348801, 48.858395]}, "properties": {"numparc": 633, "etat de la localisation": "autre", "ID BDGEO": "2637", "horodatage": "2022-04-01 20:30:42", "distance (en metres)": 1501.04, "station": "BASTILLE-RUE SAINT-ANTOINE", "marker-color": "#818181"}}, {"type": "Feature", "geometry": {"type": "Point", "coordinates": [2.36218, 48.854816]}, "properties": {"numparc": 637, "etat de la localisation": "autre", "ID BDGEO": "10829", "horodatage": "2022-04-01 20:31:02", "distance (en metres)": 1426.86, "station": "VOLTAIRE-LEON BLUM.", "marker-color": "#818181"}}, {"type": "Feature", "geometry": {"type": "Point", "coordinates": [2.323602, 48.85767]}, "properties": {"numparc": 631, "etat de la localisation": "autre", "ID BDGEO": "10829", "horodatage": "2022-04-01 20:31:42", "distance (en metres)": 4208.44, "station": "VOLTAIRE-LEON BLUM.", "marker-color": "#818181"}}, {"type": "Feature", "geometry": {"type": "Point", "coordinates": [2.344446, 48.859749]}, "properties": {"numparc": 633, "etat de la localisation": "autre", "ID BDGEO": "2637", "horodatage": "2022-04-01 20:32:21", "distance (en metres)": 1853.02, "station": "BASTILLE-RUE SAINT-ANTOINE", "marker-color": "#818181"}}, {"type": "Feature", "geometry": {"type": "Point", "coordinates": [2.326491, 48.856197]}, "properties": {"numparc": 631, "etat de la localisation": "autre", "ID BDGEO": "10829", "horodatage": "2022-04-01 20:32:51", "distance (en metres)": 4001.36, "station": "VOLTAIRE-LEON BLUM.", "marker-color": "#818181"}}, {"type": "Feature", "geometry": {"type": "Point", "coordinates": [2.365476, 48.853809]}, "properties": {"numparc": 637, "etat de la localisation": "autre", "ID BDGEO": "10829", "horodatage": "2022-04-01 20:33:04", "distance (en metres)": 1230.44, "station": "VOLTAIRE-LEON BLUM.", "marker-color": "#818181"}}, {"type": "Feature", "geometry": {"type": "Point", "coordinates": [2.340169, 48.861225]}, "properties": {"numparc": 633, "etat de la localisation": "autre", "ID BDGEO": "2637", "horodatage": "2022-04-01 20:33:54", "distance (en metres)": 2205.28, "station": "BASTILLE-RUE SAINT-ANTOINE", "marker-color": "#818181"}}, {"type": "Feature", "geometry": {"type": "Point", "coordinates": [2.328948, 48.859001]}, "properties": {"numparc": 631, "etat de la localisation": "autre", "ID BDGEO": "10829", "horodatage": "2022-04-01 20:34:25", "distance (en metres)": 3819.33, "station": "VOLTAIRE-LEON BLUM.", "marker-color": "#818181"}}, {"type": "Feature", "geometry": {"type": "Point", "coordinates": [2.368061, 48.853344]}, "properties": {"numparc": 637, "etat de la localisation": "autre", "ID BDGEO": "10829", "horodatage": "2022-04-01 20:34:27", "distance (en metres)": 1079.79, "station": "VOLTAIRE-LEON BLUM.", "marker-color": "#818181"}}, {"type": "Feature", "geometry": {"type": "Point", "coordinates": [2.30598, 48.8578]}, "properties": {"numparc": 632, "etat de la localisation": "autre", "ID BDGEO": "2637", "horodatage": "2022-04-01 20:34:30", "distance (en metres)": 4549.88, "station": "BASTILLE-RUE SAINT-ANTOINE", "marker-color": "#818181"}}, {"type": "Feature", "geometry": {"type": "Point", "coordinates": [2.387818, 48.862549]}, "properties": {"numparc": 634, "etat de la localisation": "autre", "ID BDGEO": "653", "horodatage": "2022-04-01 20:34:40", "distance (en metres)": 69.8, "station": "AUGUSTE METIVIER", "marker-color": "#818181"}}, {"type": "Feature", "geometry": {"type": "Point", "coordinates": [2.370631, 48.853725]}, "properties": {"numparc": 637, "etat de la localisation": "autre", "ID BDGEO": "10829", "horodatage": "2022-04-01 20:35:57", "distance (en metres)": 895.01, "station": "VOLTAIRE-LEON BLUM.", "marker-color": "#818181"}}, {"type": "Feature", "geometry": {"type": "Point", "coordinates": [2.371605, 48.854626]}, "properties": {"numparc": 637, "etat de la localisation": "autre", "ID BDGEO": "10829", "horodatage": "2022-04-01 20:36:49", "distance (en metres)": 783.99, "station": "VOLTAIRE-LEON BLUM.", "marker-color": "#818181"}}, {"type": "Feature", "geometry": {"type": "Point", "coordinates": [2.296268, 48.855179]}, "properties": {"numparc": 632, "etat de la localisation": "autre", "ID BDGEO": "10829", "horodatage": "2022-04-01 20:38:20", "distance (en metres)": 6215.42, "station": "VOLTAIRE-LEON BLUM.", "marker-color": "#818181"}}, {"type": "Feature", "geometry": {"type": "Point", "coordinates": [2.378239, 48.857105]}, "properties": {"numparc": 637, "etat de la localisation": "autre", "ID BDGEO": "10829", "horodatage": "2022-04-01 20:39:14", "distance (en metres)": 227.33, "station": "VOLTAIRE-LEON BLUM.", "marker-color": "#818181"}}, {"type": "Feature", "geometry": {"type": "Point", "coordinates": [2.338538, 48.859154]}, "properties": {"numparc": 631, "etat de la localisation": "autre", "ID BDGEO": "10829", "horodatage": "2022-04-01 20:39:29", "distance (en metres)": 3118.96, "station": "VOLTAIRE-LEON BLUM.", "marker-color": "#818181"}}, {"type": "Feature", "geometry": {"type": "Point", "coordinates": [2.341414, 48.858692]}, "properties": {"numparc": 631, "etat de la localisation": "autre", "ID BDGEO": "10829", "horodatage": "2022-04-01 20:40:21", "distance (en metres)": 2906.72, "station": "VOLTAIRE-LEON BLUM.", "marker-color": "#818181"}}, {"type": "Feature", "geometry": {"type": "Point", "coordinates": [2.2967, 48.854996]}, "properties": {"numparc": 628, "etat de la localisation": "autre", "ID BDGEO": "10829", "horodatage": "2022-04-01 20:40:31", "distance (en metres)": 6184.87, "station": "VOLTAIRE-LEON BLUM.", "marker-color": "#818181"}}, {"type": "Feature", "geometry": {"type": "Point", "coordinates": [2.299949, 48.857216]}, "properties": {"numparc": 628, "etat de la localisation": "autre", "ID BDGEO": "10829", "horodatage": "2022-04-01 20:42:07", "distance (en metres)": 5939.27, "station": "VOLTAIRE-LEON BLUM.", "marker-color": "#818181"}}, {"type": "Feature", "geometry": {"type": "Point", "coordinates": [2.389189, 48.868523]}, "properties": {"numparc": 634, "etat de la localisation": "Deviation programmee", "ID BDGEO": "2960", "horodatage": "2022-04-01 20:43:05", "distance (en metres)": 537.0, "station": "MURIERS", "marker-color": "#56FF93"}}, {"type": "Feature", "geometry": {"type": "Point", "coordinates": [2.350326, 48.85619]}, "properties": {"numparc": 631, "etat de la localisation": "autre", "ID BDGEO": "10829", "horodatage": "2022-04-01 20:43:27", "distance (en metres)": 2260.97, "station": "VOLTAIRE-LEON BLUM.", "marker-color": "#818181"}}, {"type": "Feature", "geometry": {"type": "Point", "coordinates": [2.350371, 48.856171]}, "properties": {"numparc": 631, "etat de la localisation": "autre", "ID BDGEO": "10829", "horodatage": "2022-04-01 20:43:46", "distance (en metres)": 2257.88, "station": "VOLTAIRE-LEON BLUM.", "marker-color": "#818181"}}, {"type": "Feature", "geometry": {"type": "Point", "coordinates": [2.397739, 48.865501]}, "properties": {"numparc": 621, "etat de la localisation": "Deviation programmee", "ID BDGEO": "5527", "horodatage": "2022-04-01 20:44:02", "distance (en metres)": 66.49, "station": "GAMBETTA", "marker-color": "#56FF93"}}, {"type": "Feature", "geometry": {"type": "Point", "coordinates": [2.389, 48.860317]}, "properties": {"numparc": 637, "etat de la localisation": "autre", "ID BDGEO": "655", "horodatage": "2022-04-01 20:44:20", "distance (en metres)": 192.74, "station": "ROQUETTE-PERE LACHAISE", "marker-color": "#818181"}}, {"type": "Feature", "geometry": {"type": "Point", "coordinates": [2.307014, 48.859623]}, "properties": {"numparc": 628, "etat de la localisation": "autre", "ID BDGEO": "10829", "horodatage": "2022-04-01 20:45:06", "distance (en metres)": 5425.37, "station": "VOLTAIRE-LEON BLUM.", "marker-color": "#818181"}}, {"type": "Feature", "geometry": {"type": "Point", "coordinates": [2.387808, 48.86256]}, "properties": {"numparc": 637, "etat de la localisation": "autre", "ID BDGEO": "653", "horodatage": "2022-04-01 20:45:14", "distance (en metres)": 68.97, "station": "AUGUSTE METIVIER", "marker-color": "#818181"}}, {"type": "Feature", "geometry": {"type": "Point", "coordinates": [2.317033, 48.857731]}, "properties": {"numparc": 633, "etat de la localisation": "autre", "ID BDGEO": "2637", "horodatage": "2022-04-01 20:45:29", "distance (en metres)": 3746.21, "station": "BASTILLE-RUE SAINT-ANTOINE", "marker-color": "#818181"}}, {"type": "Feature", "geometry": {"type": "Point", "coordinates": [2.358135, 48.855457]}, "properties": {"numparc": 631, "etat de la localisation": "autre", "ID BDGEO": "10829", "horodatage": "2022-04-01 20:46:19", "distance (en metres)": 1703.14, "station": "VOLTAIRE-LEON BLUM.", "marker-color": "#818181"}}, {"type": "Feature", "geometry": {"type": "Point", "coordinates": [2.399904, 48.865314]}, "properties": {"numparc": 621, "etat de la localisation": "autre", "ID BDGEO": "3196", "horodatage": "2022-04-01 20:46:27", "distance (en metres)": 64.88, "station": "GAMBETTA-MAIRIE DU 20EME.", "marker-color": "#818181"}}, {"type": "Feature", "geometry": {"type": "Point", "coordinates": [2.362166, 48.854744]}, "properties": {"numparc": 631, "etat de la localisation": "autre", "ID BDGEO": "10829", "horodatage": "2022-04-01 20:47:56", "distance (en metres)": 1429.79, "station": "VOLTAIRE-LEON BLUM.", "marker-color": "#818181"}}, {"type": "Feature", "geometry": {"type": "Point", "coordinates": [2.400012, 48.865078]}, "properties": {"numparc": 621, "etat de la localisation": "autre", "ID BDGEO": "3196", "horodatage": "2022-04-01 20:48:35", "distance (en metres)": 87.5, "station": "GAMBETTA-MAIRIE DU 20EME.", "marker-color": "#818181"}}, {"type": "Feature", "geometry": {"type": "Point", "coordinates": [2.309585, 48.857933]}, "properties": {"numparc": 633, "etat de la localisation": "autre", "ID BDGEO": "2637", "horodatage": "2022-04-01 20:49:45", "distance (en metres)": 4289.6, "station": "BASTILLE-RUE SAINT-ANTOINE", "marker-color": "#818181"}}, {"type": "Feature", "geometry": {"type": "Point", "coordinates": [2.368132, 48.853363]}, "properties": {"numparc": 631, "etat de la localisation": "autre", "ID BDGEO": "10829", "horodatage": "2022-04-01 20:50:38", "distance (en metres)": 1074.2, "station": "VOLTAIRE-LEON BLUM.", "marker-color": "#818181"}}, {"type": "Feature", "geometry": {"type": "Point", "coordinates": [2.296443, 48.855278]}, "properties": {"numparc": 632, "etat de la localisation": "autre", "ID BDGEO": "10829", "horodatage": "2022-04-01 20:51:56", "distance (en metres)": 6202.1, "station": "VOLTAIRE-LEON BLUM.", "marker-color": "#818181"}}, {"type": "Feature", "geometry": {"type": "Point", "coordinates": [2.326438, 48.856171]}, "properties": {"numparc": 628, "etat de la localisation": "autre", "ID BDGEO": "10829", "horodatage": "2022-04-01 20:52:13", "distance (en metres)": 4005.38, "station": "VOLTAIRE-LEON BLUM.", "marker-color": "#818181"}}, {"type": "Feature", "geometry": {"type": "Point", "coordinates": [2.370677, 48.853676]}, "properties": {"numparc": 631, "etat de la localisation": "autre", "ID BDGEO": "10829", "horodatage": "2022-04-01 20:52:44", "distance (en metres)": 894.98, "station": "VOLTAIRE-LEON BLUM.", "marker-color": "#818181"}}, {"type": "Feature", "geometry": {"type": "Point", "coordinates": [2.388287, 48.862999]}, "properties": {"numparc": 621, "etat de la localisation": "autre", "ID BDGEO": "711", "horodatage": "2022-04-01 20:53:21", "distance (en metres)": 76.71, "station": "PERE LACHAISE", "marker-color": "#818181"}}, {"type": "Feature", "geometry": {"type": "Point", "coordinates": [2.371632, 48.854591]}, "properties": {"numparc": 631, "etat de la localisation": "autre", "ID BDGEO": "10829", "horodatage": "2022-04-01 20:53:48", "distance (en metres)": 783.98, "station": "VOLTAIRE-LEON BLUM.", "marker-color": "#818181"}}, {"type": "Feature", "geometry": {"type": "Point", "coordinates": [2.299511, 48.857368]}, "properties": {"numparc": 633, "etat de la localisation": "autre", "ID BDGEO": "2637", "horodatage": "2022-04-01 20:55:07", "distance (en metres)": 5016.0, "station": "BASTILLE-RUE SAINT-ANTOINE", "marker-color": "#818181"}}, {"type": "Feature", "geometry": {"type": "Point", "coordinates": [2.385393, 48.861923]}, "properties": {"numparc": 621, "etat de la localisation": "autre", "ID BDGEO": "4539", "horodatage": "2022-04-01 20:55:08", "distance (en metres)": 2093.72, "station": "LAGNY ENTREE", "marker-color": "#818181"}}, {"type": "Feature", "geometry": {"type": "Point", "coordinates": [2.375347, 48.856007]}, "properties": {"numparc": 631, "etat de la localisation": "autre", "ID BDGEO": "10829", "horodatage": "2022-04-01 20:55:12", "distance (en metres)": 470.41, "station": "VOLTAIRE-LEON BLUM.", "marker-color": "#818181"}}, {"type": "Feature", "geometry": {"type": "Point", "coordinates": [2.386636, 48.859913]}, "properties": {"numparc": 621, "etat de la localisation": "autre", "ID BDGEO": "4539", "horodatage": "2022-04-01 20:56:12", "distance (en metres)": 1883.71, "station": "LAGNY ENTREE", "marker-color": "#818181"}}, {"type": "Feature", "geometry": {"type": "Point", "coordinates": [2.296581, 48.8554]}, "properties": {"numparc": 633, "etat de la localisation": "autre", "ID BDGEO": "10829", "horodatage": "2022-04-01 20:56:23", "distance (en metres)": 6191.39, "station": "VOLTAIRE-LEON BLUM.", "marker-color": "#818181"}}, {"type": "Feature", "geometry": {"type": "Point", "coordinates": [2.378275, 48.857018]}, "properties": {"numparc": 631, "etat de la localisation": "autre", "ID BDGEO": "10829", "horodatage": "2022-04-01 20:56:24", "distance (en metres)": 228.7, "station": "VOLTAIRE-LEON BLUM.", "marker-color": "#818181"}}, {"type": "Feature", "geometry": {"type": "Point", "coordinates": [2.384989, 48.858837]}, "properties": {"numparc": 621, "etat de la localisation": "autre", "ID BDGEO": "4539", "horodatage": "2022-04-01 20:58:11", "distance (en metres)": 1916.52, "station": "LAGNY ENTREE", "marker-color": "#818181"}}, {"type": "Feature", "geometry": {"type": "Point", "coordinates": [2.341411, 48.858635]}, "properties": {"numparc": 628, "etat de la localisation": "autre", "ID BDGEO": "10829", "horodatage": "2022-04-01 20:58:13", "distance (en metres)": 2906.74, "station": "VOLTAIRE-LEON BLUM.", "marker-color": "#818181"}}, {"type": "Feature", "geometry": {"type": "Point", "coordinates": [2.296752, 48.855045]}, "properties": {"numparc": 632, "etat de la localisation": "autre", "ID BDGEO": "10829", "horodatage": "2022-04-01 20:59:10", "distance (en metres)": 6180.79, "station": "VOLTAIRE-LEON BLUM.", "marker-color": "#818181"}}, {"type": "Feature", "geometry": {"type": "Point", "coordinates": [2.38084, 48.857811]}, "properties": {"numparc": 621, "etat de la localisation": "autre", "ID BDGEO": "4539", "horodatage": "2022-04-01 20:59:46", "distance (en metres)": 2130.88, "station": "LAGNY ENTREE", "marker-color": "#818181"}}, {"type": "Feature", "geometry": {"type": "Point", "coordinates": [2.348459, 48.856808]}, "properties": {"numparc": 628, "etat de la localisation": "autre", "ID BDGEO": "10829", "horodatage": "2022-04-01 21:00:32", "distance (en metres)": 2392.77, "station": "VOLTAIRE-LEON BLUM.", "marker-color": "#818181"}}, {"type": "Feature", "geometry": {"type": "Point", "coordinates": [2.299983, 48.857265]}, "properties": {"numparc": 632, "etat de la localisation": "autre", "ID BDGEO": "10829", "horodatage": "2022-04-01 21:01:00", "distance (en metres)": 5936.71, "station": "VOLTAIRE-LEON BLUM.", "marker-color": "#818181"}}, {"type": "Feature", "geometry": {"type": "Point", "coordinates": [2.388964, 48.86031]}, "properties": {"numparc": 631, "etat de la localisation": "autre", "ID BDGEO": "655", "horodatage": "2022-04-01 21:02:06", "distance (en metres)": 189.98, "station": "ROQUETTE-PERE LACHAISE", "marker-color": "#818181"}}, {"type": "Feature", "geometry": {"type": "Point", "coordinates": [2.377733, 48.86013]}, "properties": {"numparc": 621, "etat de la localisation": "autre", "ID BDGEO": "4539", "horodatage": "2022-04-01 21:02:08", "distance (en metres)": 2449.03, "station": "LAGNY ENTREE", "marker-color": "#818181"}}, {"type": "Feature", "geometry": {"type": "Point", "coordinates": [2.30393, 48.858952]}, "properties": {"numparc": 632, "etat de la localisation": "autre", "ID BDGEO": "10829", "horodatage": "2022-04-01 21:02:51", "distance (en metres)": 5648.79, "station": "VOLTAIRE-LEON BLUM.", "marker-color": "#818181"}}, {"type": "Feature", "geometry": {"type": "Point", "coordinates": [2.387841, 48.862495]}, "properties": {"numparc": 631, "etat de la localisation": "autre", "ID BDGEO": "653", "horodatage": "2022-04-01 21:03:07", "distance (en metres)": 74.56, "station": "AUGUSTE METIVIER", "marker-color": "#818181"}}, {"type": "Feature", "geometry": {"type": "Point", "coordinates": [2.355448, 48.855923]}, "properties": {"numparc": 628, "etat de la localisation": "autre", "ID BDGEO": "10829", "horodatage": "2022-04-01 21:03:24", "distance (en metres)": 1890.93, "station": "VOLTAIRE-LEON BLUM.", "marker-color": "#818181"}}, {"type": "Feature", "geometry": {"type": "Point", "coordinates": [2.296581, 48.8554]}, "properties": {"numparc": 633, "etat de la localisation": "autre", "ID BDGEO": "10829", "horodatage": "2022-04-01 21:03:44", "distance (en metres)": 6191.39, "station": "VOLTAIRE-LEON BLUM.", "marker-color": "#818181"}}, {"type": "Feature", "geometry": {"type": "Point", "coordinates": [2.40696, 48.849236]}, "properties": {"numparc": 637, "etat de la localisation": "autre", "ID BDGEO": "4538", "horodatage": "2022-04-01 21:03:46", "distance (en metres)": 67.98, "station": "LAGNY SORTIE", "marker-color": "#818181"}}, {"type": "Feature", "geometry": {"type": "Point", "coordinates": [2.3071, 48.859669]}, "properties": {"numparc": 632, "etat de la localisation": "autre", "ID BDGEO": "10829", "horodatage": "2022-04-01 21:03:53", "distance (en metres)": 5419.26, "station": "VOLTAIRE-LEON BLUM.", "marker-color": "#818181"}}, {"type": "Feature", "geometry": {"type": "Point", "coordinates": [2.358085, 48.855431]}, "properties": {"numparc": 628, "etat de la localisation": "autre", "ID BDGEO": "10829", "horodatage": "2022-04-01 21:04:32", "distance (en metres)": 1707.22, "station": "VOLTAIRE-LEON BLUM.", "marker-color": "#818181"}}, {"type": "Feature", "geometry": {"type": "Point", "coordinates": [2.384073, 48.866039]}, "properties": {"numparc": 631, "etat de la localisation": "Deviation programmee", "ID BDGEO": "711", "horodatage": "2022-04-01 21:05:00", "distance (en metres)": 478.72, "station": "PERE LACHAISE", "marker-color": "#56FF93"}}, {"type": "Feature", "geometry": {"type": "Point", "coordinates": [2.371278, 48.857906]}, "properties": {"numparc": 621, "etat de la localisation": "autre", "ID BDGEO": "4539", "horodatage": "2022-04-01 21:05:06", "distance (en metres)": 2785.42, "station": "LAGNY ENTREE", "marker-color": "#818181"}}, {"type": "Feature", "geometry": {"type": "Point", "coordinates": [2.368531, 48.857029]}, "properties": {"numparc": 621, "etat de la localisation": "autre", "ID BDGEO": "10851", "horodatage": "2022-04-01 21:06:37", "distance (en metres)": 2748.4, "station": "PONT ROYAL#", "marker-color": "#818181"}}, {"type": "Feature", "geometry": {"type": "Point", "coordinates": [2.362174, 48.854763]}, "properties": {"numparc": 628, "etat de la localisation": "autre", "ID BDGEO": "10829", "horodatage": "2022-04-01 21:07:09", "distance (en metres)": 1428.7, "station": "VOLTAIRE-LEON BLUM.", "marker-color": "#818181"}}, {"type": "Feature", "geometry": {"type": "Point", "coordinates": [2.407386, 48.849911]}, "properties": {"numparc": 637, "etat de la localisation": "autre", "ID BDGEO": "4538", "horodatage": "2022-04-01 21:07:19", "distance (en metres)": 41.37, "station": "LAGNY SORTIE", "marker-color": "#818181"}}, {"type": "Feature", "geometry": {"type": "Point", "coordinates": [2.407386, 48.849911]}, "properties": {"numparc": 637, "etat de la localisation": "autre", "ID BDGEO": "4538", "horodatage": "2022-04-01 21:07:30", "distance (en metres)": 41.37, "station": "LAGNY SORTIE", "marker-color": "#818181"}}, {"type": "Feature", "geometry": {"type": "Point", "coordinates": [2.319955, 48.859306]}, "properties": {"numparc": 632, "etat de la localisation": "autre", "ID BDGEO": "10829", "horodatage": "2022-04-01 21:07:58", "distance (en metres)": 4478.0, "station": "VOLTAIRE-LEON BLUM.", "marker-color": "#818181"}}, {"type": "Feature", "geometry": {"type": "Point", "coordinates": [2.367641, 48.853508]}, "properties": {"numparc": 621, "etat de la localisation": "autre", "ID BDGEO": "10851", "horodatage": "2022-04-01 21:09:13", "distance (en metres)": 2768.21, "station": "PONT ROYAL#", "marker-color": "#818181"}}, {"type": "Feature", "geometry": {"type": "Point", "coordinates": [2.368085, 48.853336]}, "properties": {"numparc": 628, "etat de la localisation": "autre", "ID BDGEO": "10829", "horodatage": "2022-04-01 21:09:16", "distance (en metres)": 1078.64, "station": "VOLTAIRE-LEON BLUM.", "marker-color": "#818181"}}, {"type": "Feature", "geometry": {"type": "Point", "coordinates": [2.377646, 48.860043]}, "properties": {"numparc": 634, "etat de la localisation": "autre", "ID BDGEO": "708", "horodatage": "2022-04-01 21:09:17", "distance (en metres)": 333.56, "station": "VOLTAIRE-LEON BLUM", "marker-color": "#818181"}}, {"type": "Feature", "geometry": {"type": "Point", "coordinates": [2.296581, 48.8554]}, "properties": {"numparc": 633, "etat de la localisation": "autre", "ID BDGEO": "10829", "horodatage": "2022-04-01 21:10:21", "distance (en metres)": 6191.39, "station": "VOLTAIRE-LEON BLUM.", "marker-color": "#818181"}}, {"type": "Feature", "geometry": {"type": "Point", "coordinates": [2.32368, 48.857777]}, "properties": {"numparc": 632, "etat de la localisation": "autre", "ID BDGEO": "10829", "horodatage": "2022-04-01 21:10:31", "distance (en metres)": 4202.69, "station": "VOLTAIRE-LEON BLUM.", "marker-color": "#818181"}}, {"type": "Feature", "geometry": {"type": "Point", "coordinates": [2.362041, 48.854996]}, "properties": {"numparc": 621, "etat de la localisation": "autre", "ID BDGEO": "10851", "horodatage": "2022-04-01 21:10:55", "distance (en metres)": 2328.84, "station": "PONT ROYAL#", "marker-color": "#818181"}}, {"type": "Feature", "geometry": {"type": "Point", "coordinates": [2.326511, 48.856232]}, "properties": {"numparc": 632, "etat de la localisation": "autre", "ID BDGEO": "10829", "horodatage": "2022-04-01 21:11:52", "distance (en metres)": 3999.74, "station": "VOLTAIRE-LEON BLUM.", "marker-color": "#818181"}}, {"type": "Feature", "geometry": {"type": "Point", "coordinates": [2.357495, 48.856129]}, "properties": {"numparc": 621, "etat de la localisation": "autre", "ID BDGEO": "10851", "horodatage": "2022-04-01 21:12:06", "distance (en metres)": 1975.05, "station": "PONT ROYAL#", "marker-color": "#818181"}}, {"type": "Feature", "geometry": {"type": "Point", "coordinates": [2.32899, 48.858974]}, "properties": {"numparc": 632, "etat de la localisation": "autre", "ID BDGEO": "10829", "horodatage": "2022-04-01 21:14:11", "distance (en metres)": 3816.17, "station": "VOLTAIRE-LEON BLUM.", "marker-color": "#818181"}}, {"type": "Feature", "geometry": {"type": "Point", "coordinates": [2.370656, 48.853626]}, "properties": {"numparc": 628, "etat de la localisation": "autre", "ID BDGEO": "10829", "horodatage": "2022-04-01 21:14:52", "distance (en metres)": 899.16, "station": "VOLTAIRE-LEON BLUM.", "marker-color": "#818181"}}, {"type": "Feature", "geometry": {"type": "Point", "coordinates": [2.371725, 48.854504]}, "properties": {"numparc": 628, "etat de la localisation": "autre", "ID BDGEO": "10829", "horodatage": "2022-04-01 21:16:25", "distance (en metres)": 782.57, "station": "VOLTAIRE-LEON BLUM.", "marker-color": "#818181"}}, {"type": "Feature", "geometry": {"type": "Point", "coordinates": [2.399935, 48.865257]}, "properties": {"numparc": 631, "etat de la localisation": "autre", "ID BDGEO": "3196", "horodatage": "2022-04-01 21:17:09", "distance (en metres)": 70.32, "station": "GAMBETTA-MAIRIE DU 20EME.", "marker-color": "#818181"}}, {"type": "Feature", "geometry": {"type": "Point", "coordinates": [2.372378, 48.85474]}, "properties": {"numparc": 628, "etat de la localisation": "autre", "ID BDGEO": "10829", "horodatage": "2022-04-01 21:19:01", "distance (en metres)": 728.04, "station": "VOLTAIRE-LEON BLUM.", "marker-color": "#818181"}}, {"type": "Feature", "geometry": {"type": "Point", "coordinates": [2.333621, 48.860432]}, "properties": {"numparc": 621, "etat de la localisation": "autre", "ID BDGEO": "2626", "horodatage": "2022-04-01 21:19:56", "distance (en metres)": 2786.0, "station": "CHAMP DE MARS#", "marker-color": "#818181"}}, {"type": "Feature", "geometry": {"type": "Point", "coordinates": [2.348502, 48.856827]}, "properties": {"numparc": 632, "etat de la localisation": "autre", "ID BDGEO": "10829", "horodatage": "2022-04-01 21:20:17", "distance (en metres)": 2389.53, "station": "VOLTAIRE-LEON BLUM.", "marker-color": "#818181"}}, {"type": "Feature", "geometry": {"type": "Point", "coordinates": [2.372378, 48.85474]}, "properties": {"numparc": 628, "etat de la localisation": "autre", "ID BDGEO": "10829", "horodatage": "2022-04-01 21:20:44", "distance (en metres)": 728.04, "station": "VOLTAIRE-LEON BLUM.", "marker-color": "#818181"}}, {"type": "Feature", "geometry": {"type": "Point", "coordinates": [2.350362, 48.856205]}, "properties": {"numparc": 632, "etat de la localisation": "autre", "ID BDGEO": "10829", "horodatage": "2022-04-01 21:21:05", "distance (en metres)": 2258.2, "station": "VOLTAIRE-LEON BLUM.", "marker-color": "#818181"}}, {"type": "Feature", "geometry": {"type": "Point", "coordinates": [2.355476, 48.855911]}, "properties": {"numparc": 632, "etat de la localisation": "autre", "ID BDGEO": "10829", "horodatage": "2022-04-01 21:23:06", "distance (en metres)": 1889.05, "station": "VOLTAIRE-LEON BLUM.", "marker-color": "#818181"}}, {"type": "Feature", "geometry": {"type": "Point", "coordinates": [2.333621, 48.860432]}, "properties": {"numparc": 621, "etat de la localisation": "autre", "ID BDGEO": "2626", "horodatage": "2022-04-01 21:23:11", "distance (en metres)": 2786.0, "station": "CHAMP DE MARS#", "marker-color": "#818181"}}, {"type": "Feature", "geometry": {"type": "Point", "coordinates": [2.344331, 48.859756]}, "properties": {"numparc": 634, "etat de la localisation": "autre", "ID BDGEO": "2637", "horodatage": "2022-04-01 21:24:04", "distance (en metres)": 1861.1, "station": "BASTILLE-RUE SAINT-ANTOINE", "marker-color": "#818181"}}, {"type": "Feature", "geometry": {"type": "Point", "coordinates": [2.34004, 48.861206]}, "properties": {"numparc": 634, "etat de la localisation": "autre", "ID BDGEO": "2637", "horodatage": "2022-04-01 21:26:02", "distance (en metres)": 2213.09, "station": "BASTILLE-RUE SAINT-ANTOINE", "marker-color": "#818181"}}, {"type": "Feature", "geometry": {"type": "Point", "coordinates": [2.372378, 48.85474]}, "properties": {"numparc": 628, "etat de la localisation": "autre", "ID BDGEO": "10829", "horodatage": "2022-04-01 21:26:25", "distance (en metres)": 728.04, "station": "VOLTAIRE-LEON BLUM.", "marker-color": "#818181"}}, {"type": "Feature", "geometry": {"type": "Point", "coordinates": [2.368139, 48.853352]}, "properties": {"numparc": 632, "etat de la localisation": "autre", "ID BDGEO": "10829", "horodatage": "2022-04-01 21:28:03", "distance (en metres)": 1074.35, "station": "VOLTAIRE-LEON BLUM.", "marker-color": "#818181"}}, {"type": "Feature", "geometry": {"type": "Point", "coordinates": [2.375344, 48.855953]}, "properties": {"numparc": 628, "etat de la localisation": "autre", "ID BDGEO": "10829", "horodatage": "2022-04-01 21:28:42", "distance (en metres)": 473.23, "station": "VOLTAIRE-LEON BLUM.", "marker-color": "#818181"}}, {"type": "Feature", "geometry": {"type": "Point", "coordinates": [2.296581, 48.8554]}, "properties": {"numparc": 633, "etat de la localisation": "autre", "ID BDGEO": "10829", "horodatage": "2022-04-01 21:28:50", "distance (en metres)": 6191.39, "station": "VOLTAIRE-LEON BLUM.", "marker-color": "#818181"}}, {"type": "Feature", "geometry": {"type": "Point", "coordinates": [2.378256, 48.856998]}, "properties": {"numparc": 628, "etat de la localisation": "autre", "ID BDGEO": "10829", "horodatage": "2022-04-01 21:29:34", "distance (en metres)": 230.84, "station": "VOLTAIRE-LEON BLUM.", "marker-color": "#818181"}}, {"type": "Feature", "geometry": {"type": "Point", "coordinates": [2.377583, 48.860046]}, "properties": {"numparc": 631, "etat de la localisation": "autre", "ID BDGEO": "708", "horodatage": "2022-04-01 21:30:25", "distance (en metres)": 336.75, "station": "VOLTAIRE-LEON BLUM", "marker-color": "#818181"}}, {"type": "Feature", "geometry": {"type": "Point", "coordinates": [2.37117, 48.852779]}, "properties": {"numparc": 632, "etat de la localisation": "Delocalise", "ID BDGEO": "10829", "horodatage": "2022-04-01 21:31:48", "distance (en metres)": 921.88, "station": "VOLTAIRE-LEON BLUM.", "marker-color": "#FF565E"}}, {"type": "Feature", "geometry": {"type": "Point", "coordinates": [2.296657, 48.855125]}, "properties": {"numparc": 633, "etat de la localisation": "autre", "ID BDGEO": "10829", "horodatage": "2022-04-01 21:32:48", "distance (en metres)": 6187.28, "station": "VOLTAIRE-LEON BLUM.", "marker-color": "#818181"}}, {"type": "Feature", "geometry": {"type": "Point", "coordinates": [2.350317, 48.856186]}, "properties": {"numparc": 621, "etat de la localisation": "autre", "ID BDGEO": "2626", "horodatage": "2022-04-01 21:34:07", "distance (en metres)": 3941.58, "station": "CHAMP DE MARS#", "marker-color": "#818181"}}, {"type": "Feature", "geometry": {"type": "Point", "coordinates": [2.368468, 48.857113]}, "properties": {"numparc": 631, "etat de la localisation": "autre", "ID BDGEO": "705", "horodatage": "2022-04-01 21:34:21", "distance (en metres)": 392.92, "station": "BREGUET-SABIN", "marker-color": "#818181"}}, {"type": "Feature", "geometry": {"type": "Point", "coordinates": [2.388974, 48.860256]}, "properties": {"numparc": 628, "etat de la localisation": "autre", "ID BDGEO": "655", "horodatage": "2022-04-01 21:34:42", "distance (en metres)": 189.26, "station": "ROQUETTE-PERE LACHAISE", "marker-color": "#818181"}}, {"type": "Feature", "geometry": {"type": "Point", "coordinates": [2.296657, 48.855125]}, "properties": {"numparc": 633, "etat de la localisation": "autre", "ID BDGEO": "10829", "horodatage": "2022-04-01 21:34:55", "distance (en metres)": 6187.28, "station": "VOLTAIRE-LEON BLUM.", "marker-color": "#818181"}}, {"type": "Feature", "geometry": {"type": "Point", "coordinates": [2.387764, 48.862511]}, "properties": {"numparc": 628, "etat de la localisation": "autre", "ID BDGEO": "653", "horodatage": "2022-04-01 21:35:40", "distance (en metres)": 75.35, "station": "AUGUSTE METIVIER", "marker-color": "#818181"}}, {"type": "Feature", "geometry": {"type": "Point", "coordinates": [2.300097, 48.857368]}, "properties": {"numparc": 633, "etat de la localisation": "autre", "ID BDGEO": "10829", "horodatage": "2022-04-01 21:36:23", "distance (en metres)": 5928.25, "station": "VOLTAIRE-LEON BLUM.", "marker-color": "#818181"}}, {"type": "Feature", "geometry": {"type": "Point", "coordinates": [2.358108, 48.855556]}, "properties": {"numparc": 621, "etat de la localisation": "autre", "ID BDGEO": "4538", "horodatage": "2022-04-01 21:37:21", "distance (en metres)": 3621.05, "station": "LAGNY SORTIE", "marker-color": "#818181"}}, {"type": "Feature", "geometry": {"type": "Point", "coordinates": [2.304034, 48.858955]}, "properties": {"numparc": 633, "etat de la localisation": "autre", "ID BDGEO": "10829", "horodatage": "2022-04-01 21:38:40", "distance (en metres)": 5641.19, "station": "VOLTAIRE-LEON BLUM.", "marker-color": "#818181"}}, {"type": "Feature", "geometry": {"type": "Point", "coordinates": [2.362142, 48.85503]}, "properties": {"numparc": 631, "etat de la localisation": "autre", "ID BDGEO": "2637", "horodatage": "2022-04-01 21:39:19", "distance (en metres)": 456.61, "station": "BASTILLE-RUE SAINT-ANTOINE", "marker-color": "#818181"}}, {"type": "Feature", "geometry": {"type": "Point", "coordinates": [2.307255, 48.859592]}, "properties": {"numparc": 633, "etat de la localisation": "autre", "ID BDGEO": "10829", "horodatage": "2022-04-01 21:39:33", "distance (en metres)": 5407.63, "station": "VOLTAIRE-LEON BLUM.", "marker-color": "#818181"}}, {"type": "Feature", "geometry": {"type": "Point", "coordinates": [2.36549, 48.853775]}, "properties": {"numparc": 621, "etat de la localisation": "autre", "ID BDGEO": "4538", "horodatage": "2022-04-01 21:39:45", "distance (en metres)": 3056.26, "station": "LAGNY SORTIE", "marker-color": "#818181"}}, {"type": "Feature", "geometry": {"type": "Point", "coordinates": [2.368138, 48.85334]}, "properties": {"numparc": 621, "etat de la localisation": "autre", "ID BDGEO": "4538", "horodatage": "2022-04-01 21:40:40", "distance (en metres)": 2857.66, "station": "LAGNY SORTIE", "marker-color": "#818181"}}, {"type": "Feature", "geometry": {"type": "Point", "coordinates": [2.387511, 48.862453]}, "properties": {"numparc": 632, "etat de la localisation": "autre", "ID BDGEO": "653", "horodatage": "2022-04-01 21:41:02", "distance (en metres)": 90.4, "station": "AUGUSTE METIVIER", "marker-color": "#818181"}}, {"type": "Feature", "geometry": {"type": "Point", "coordinates": [2.393954, 48.869938]}, "properties": {"numparc": 628, "etat de la localisation": "Deviation programmee", "ID BDGEO": "673", "horodatage": "2022-04-01 21:41:19", "distance (en metres)": 4729.44, "station": "PONT DU CARROUSEL-QUAI VOLTAIRE", "marker-color": "#56FF93"}}, {"type": "Feature", "geometry": {"type": "Point", "coordinates": [2.303761, 48.856941]}, "properties": {"numparc": 634, "etat de la localisation": "autre", "ID BDGEO": "2637", "horodatage": "2022-04-01 21:41:23", "distance (en metres)": 4702.09, "station": "BASTILLE-RUE SAINT-ANTOINE", "marker-color": "#818181"}}, {"type": "Feature", "geometry": {"type": "Point", "coordinates": [2.370721, 48.853626]}, "properties": {"numparc": 621, "etat de la localisation": "autre", "ID BDGEO": "4538", "horodatage": "2022-04-01 21:41:57", "distance (en metres)": 2675.36, "station": "LAGNY SORTIE", "marker-color": "#818181"}}, {"type": "Feature", "geometry": {"type": "Point", "coordinates": [2.314508, 48.859928]}, "properties": {"numparc": 633, "etat de la localisation": "autre", "ID BDGEO": "10829", "horodatage": "2022-04-01 21:42:48", "distance (en metres)": 4879.0, "station": "VOLTAIRE-LEON BLUM.", "marker-color": "#818181"}}, {"type": "Feature", "geometry": {"type": "Point", "coordinates": [2.375341, 48.856026]}, "properties": {"numparc": 621, "etat de la localisation": "autre", "ID BDGEO": "4538", "horodatage": "2022-04-01 21:44:11", "distance (en metres)": 2404.42, "station": "LAGNY SORTIE", "marker-color": "#818181"}}, {"type": "Feature", "geometry": {"type": "Point", "coordinates": [2.296575, 48.855408]}, "properties": {"numparc": 634, "etat de la localisation": "autre", "ID BDGEO": "10829", "horodatage": "2022-04-01 21:44:41", "distance (en metres)": 6191.79, "station": "VOLTAIRE-LEON BLUM.", "marker-color": "#818181"}}, {"type": "Feature", "geometry": {"type": "Point", "coordinates": [2.344452, 48.859783]}, "properties": {"numparc": 631, "etat de la localisation": "autre", "ID BDGEO": "2637", "horodatage": "2022-04-01 21:45:03", "distance (en metres)": 1854.1, "station": "BASTILLE-RUE SAINT-ANTOINE", "marker-color": "#818181"}}, {"type": "Feature", "geometry": {"type": "Point", "coordinates": [2.399178, 48.865623]}, "properties": {"numparc": 628, "etat de la localisation": "autre", "ID BDGEO": "673", "horodatage": "2022-04-01 21:45:12", "distance (en metres)": 5004.41, "station": "PONT DU CARROUSEL-QUAI VOLTAIRE", "marker-color": "#818181"}}, {"type": "Feature", "geometry": {"type": "Point", "coordinates": [2.37821, 48.857052]}, "properties": {"numparc": 621, "etat de la localisation": "autre", "ID BDGEO": "4538", "horodatage": "2022-04-01 21:45:19", "distance (en metres)": 2242.29, "station": "LAGNY SORTIE", "marker-color": "#818181"}}, {"type": "Feature", "geometry": {"type": "Point", "coordinates": [2.323651, 48.857761]}, "properties": {"numparc": 633, "etat de la localisation": "autre", "ID BDGEO": "10829", "horodatage": "2022-04-01 21:46:32", "distance (en metres)": 4204.8, "station": "VOLTAIRE-LEON BLUM.", "marker-color": "#818181"}}, {"type": "Feature", "geometry": {"type": "Point", "coordinates": [2.296057, 48.854637]}, "properties": {"numparc": 634, "etat de la localisation": "autre", "ID BDGEO": "10829", "horodatage": "2022-04-01 21:46:38", "distance (en metres)": 6234.04, "station": "VOLTAIRE-LEON BLUM.", "marker-color": "#818181"}}, {"type": "Feature", "geometry": {"type": "Point", "coordinates": [2.399897, 48.865265]}, "properties": {"numparc": 628, "etat de la localisation": "autre", "ID BDGEO": "673", "horodatage": "2022-04-01 21:46:41", "distance (en metres)": 5050.58, "station": "PONT DU CARROUSEL-QUAI VOLTAIRE", "marker-color": "#818181"}}, {"type": "Feature", "geometry": {"type": "Point", "coordinates": [2.296057, 48.854637]}, "properties": {"numparc": 634, "etat de la localisation": "autre", "ID BDGEO": "10829", "horodatage": "2022-04-01 21:46:45", "distance (en metres)": 6234.04, "station": "VOLTAIRE-LEON BLUM.", "marker-color": "#818181"}}, {"type": "Feature", "geometry": {"type": "Point", "coordinates": [2.381036, 48.857807]}, "properties": {"numparc": 621, "etat de la localisation": "autre", "ID BDGEO": "4538", "horodatage": "2022-04-01 21:47:24", "distance (en metres)": 2084.79, "station": "LAGNY SORTIE", "marker-color": "#818181"}}, {"type": "Feature", "geometry": {"type": "Point", "coordinates": [2.32643, 48.856236]}, "properties": {"numparc": 633, "etat de la localisation": "autre", "ID BDGEO": "10829", "horodatage": "2022-04-01 21:47:48", "distance (en metres)": 4005.62, "station": "VOLTAIRE-LEON BLUM.", "marker-color": "#818181"}}, {"type": "Feature", "geometry": {"type": "Point", "coordinates": [2.328969, 48.858997]}, "properties": {"numparc": 633, "etat de la localisation": "autre", "ID BDGEO": "10829", "horodatage": "2022-04-01 21:48:51", "distance (en metres)": 3817.78, "station": "VOLTAIRE-LEON BLUM.", "marker-color": "#818181"}}, {"type": "Feature", "geometry": {"type": "Point", "coordinates": [2.296057, 48.854637]}, "properties": {"numparc": 634, "etat de la localisation": "autre", "ID BDGEO": "10829", "horodatage": "2022-04-01 21:50:35", "distance (en metres)": 6234.04, "station": "VOLTAIRE-LEON BLUM.", "marker-color": "#818181"}}, {"type": "Feature", "geometry": {"type": "Point", "coordinates": [2.388887, 48.860256]}, "properties": {"numparc": 621, "etat de la localisation": "autre", "ID BDGEO": "4538", "horodatage": "2022-04-01 21:51:03", "distance (en metres)": 1750.64, "station": "LAGNY SORTIE", "marker-color": "#818181"}}, {"type": "Feature", "geometry": {"type": "Point", "coordinates": [2.331069, 48.860592]}, "properties": {"numparc": 633, "etat de la localisation": "autre", "ID BDGEO": "10829", "horodatage": "2022-04-01 21:51:24", "distance (en metres)": 3674.57, "station": "VOLTAIRE-LEON BLUM.", "marker-color": "#818181"}}, {"type": "Feature", "geometry": {"type": "Point", "coordinates": [2.387429, 48.862469]}, "properties": {"numparc": 621, "etat de la localisation": "autre", "ID BDGEO": "4538", "horodatage": "2022-04-01 21:52:02", "distance (en metres)": 1996.61, "station": "LAGNY SORTIE", "marker-color": "#818181"}}, {"type": "Feature", "geometry": {"type": "Point", "coordinates": [2.333984, 48.859921]}, "properties": {"numparc": 633, "etat de la localisation": "autre", "ID BDGEO": "10829", "horodatage": "2022-04-01 21:52:14", "distance (en metres)": 3456.37, "station": "VOLTAIRE-LEON BLUM.", "marker-color": "#818181"}}, {"type": "Feature", "geometry": {"type": "Point", "coordinates": [2.399884, 48.865288]}, "properties": {"numparc": 632, "etat de la localisation": "autre", "ID BDGEO": "3196", "horodatage": "2022-04-01 21:53:15", "distance (en metres)": 65.31, "station": "GAMBETTA-MAIRIE DU 20EME.", "marker-color": "#818181"}}, {"type": "Feature", "geometry": {"type": "Point", "coordinates": [2.348452, 48.856823]}, "properties": {"numparc": 633, "etat de la localisation": "autre", "ID BDGEO": "10829", "horodatage": "2022-04-01 21:55:01", "distance (en metres)": 2393.19, "station": "VOLTAIRE-LEON BLUM.", "marker-color": "#818181"}}, {"type": "Feature", "geometry": {"type": "Point", "coordinates": [2.320596, 48.856686]}, "properties": {"numparc": 631, "etat de la localisation": "autre", "ID BDGEO": "2637", "horodatage": "2022-04-01 21:57:26", "distance (en metres)": 3473.46, "station": "BASTILLE-RUE SAINT-ANTOINE", "marker-color": "#818181"}}, {"type": "Feature", "geometry": {"type": "Point", "coordinates": [2.299991, 48.857269]}, "properties": {"numparc": 634, "etat de la localisation": "autre", "ID BDGEO": "10829", "horodatage": "2022-04-01 21:58:20", "distance (en metres)": 5936.13, "station": "VOLTAIRE-LEON BLUM.", "marker-color": "#818181"}}, {"type": "Feature", "geometry": {"type": "Point", "coordinates": [2.316948, 48.857719]}, "properties": {"numparc": 631, "etat de la localisation": "autre", "ID BDGEO": "2637", "horodatage": "2022-04-01 21:58:28", "distance (en metres)": 3752.22, "station": "BASTILLE-RUE SAINT-ANTOINE", "marker-color": "#818181"}}, {"type": "Feature", "geometry": {"type": "Point", "coordinates": [2.400049, 48.86499]}, "properties": {"numparc": 632, "etat de la localisation": "autre", "ID BDGEO": "3196", "horodatage": "2022-04-01 21:59:29", "distance (en metres)": 96.38, "station": "GAMBETTA-MAIRIE DU 20EME.", "marker-color": "#818181"}}, {"type": "Feature", "geometry": {"type": "Point", "coordinates": [2.362178, 48.854778]}, "properties": {"numparc": 633, "etat de la localisation": "autre", "ID BDGEO": "10829", "horodatage": "2022-04-01 21:59:49", "distance (en metres)": 1428.0, "station": "VOLTAIRE-LEON BLUM.", "marker-color": "#818181"}}, {"type": "Feature", "geometry": {"type": "Point", "coordinates": [2.365514, 48.853764]}, "properties": {"numparc": 633, "etat de la localisation": "autre", "ID BDGEO": "10829", "horodatage": "2022-04-01 22:01:14", "distance (en metres)": 1229.72, "station": "VOLTAIRE-LEON BLUM.", "marker-color": "#818181"}}, {"type": "Feature", "geometry": {"type": "Point", "coordinates": [2.306107, 48.857769]}, "properties": {"numparc": 631, "etat de la localisation": "autre", "ID BDGEO": "2637", "horodatage": "2022-04-01 22:01:23", "distance (en metres)": 4540.27, "station": "BASTILLE-RUE SAINT-ANTOINE", "marker-color": "#818181"}}, {"type": "Feature", "geometry": {"type": "Point", "coordinates": [2.398082, 48.865265]}, "properties": {"numparc": 621, "etat de la localisation": "Deviation programmee", "ID BDGEO": "5527", "horodatage": "2022-04-01 22:02:06", "distance (en metres)": 42.79, "station": "GAMBETTA", "marker-color": "#56FF93"}}, {"type": "Feature", "geometry": {"type": "Point", "coordinates": [2.310647, 48.859959]}, "properties": {"numparc": 634, "etat de la localisation": "autre", "ID BDGEO": "10829", "horodatage": "2022-04-01 22:02:11", "distance (en metres)": 5161.31, "station": "VOLTAIRE-LEON BLUM.", "marker-color": "#818181"}}, {"type": "Feature", "geometry": {"type": "Point", "coordinates": [2.399988, 48.86528]}, "properties": {"numparc": 621, "etat de la localisation": "autre", "ID BDGEO": "3196", "horodatage": "2022-04-01 22:03:54", "distance (en metres)": 72.1, "station": "GAMBETTA-MAIRIE DU 20EME.", "marker-color": "#818181"}}, {"type": "Feature", "geometry": {"type": "Point", "coordinates": [2.370713, 48.853588]}, "properties": {"numparc": 633, "etat de la localisation": "autre", "ID BDGEO": "10829", "horodatage": "2022-04-01 22:04:11", "distance (en metres)": 897.86, "station": "VOLTAIRE-LEON BLUM.", "marker-color": "#818181"}}, {"type": "Feature", "geometry": {"type": "Point", "coordinates": [2.296425, 48.855282]}, "properties": {"numparc": 631, "etat de la localisation": "autre", "ID BDGEO": "10829", "horodatage": "2022-04-01 22:04:51", "distance (en metres)": 6203.39, "station": "VOLTAIRE-LEON BLUM.", "marker-color": "#818181"}}, {"type": "Feature", "geometry": {"type": "Point", "coordinates": [2.375452, 48.855865]}, "properties": {"numparc": 633, "etat de la localisation": "autre", "ID BDGEO": "10829", "horodatage": "2022-04-01 22:06:23", "distance (en metres)": 470.7, "station": "VOLTAIRE-LEON BLUM.", "marker-color": "#818181"}}, {"type": "Feature", "geometry": {"type": "Point", "coordinates": [2.375452, 48.855865]}, "properties": {"numparc": 633, "etat de la localisation": "autre", "ID BDGEO": "10829", "horodatage": "2022-04-01 22:06:31", "distance (en metres)": 470.7, "station": "VOLTAIRE-LEON BLUM.", "marker-color": "#818181"}}, {"type": "Feature", "geometry": {"type": "Point", "coordinates": [2.378349, 48.856876]}, "properties": {"numparc": 633, "etat de la localisation": "autre", "ID BDGEO": "10829", "horodatage": "2022-04-01 22:07:21", "distance (en metres)": 230.79, "station": "VOLTAIRE-LEON BLUM.", "marker-color": "#818181"}}, {"type": "Feature", "geometry": {"type": "Point", "coordinates": [2.326529, 48.856224]}, "properties": {"numparc": 634, "etat de la localisation": "autre", "ID BDGEO": "10829", "horodatage": "2022-04-01 22:07:43", "distance (en metres)": 3998.45, "station": "VOLTAIRE-LEON BLUM.", "marker-color": "#818181"}}, {"type": "Feature", "geometry": {"type": "Point", "coordinates": [2.380927, 48.857876]}, "properties": {"numparc": 632, "etat de la localisation": "autre", "ID BDGEO": "708", "horodatage": "2022-04-01 22:08:08", "distance (en metres)": 40.52, "station": "VOLTAIRE-LEON BLUM", "marker-color": "#818181"}}, {"type": "Feature", "geometry": {"type": "Point", "coordinates": [2.329022, 48.858955]}, "properties": {"numparc": 634, "etat de la localisation": "autre", "ID BDGEO": "10829", "horodatage": "2022-04-01 22:08:55", "distance (en metres)": 3813.76, "station": "VOLTAIRE-LEON BLUM.", "marker-color": "#818181"}}, {"type": "Feature", "geometry": {"type": "Point", "coordinates": [2.334013, 48.859921]}, "properties": {"numparc": 634, "etat de la localisation": "autre", "ID BDGEO": "10829", "horodatage": "2022-04-01 22:10:57", "distance (en metres)": 3454.25, "station": "VOLTAIRE-LEON BLUM.", "marker-color": "#818181"}}, {"type": "Feature", "geometry": {"type": "Point", "coordinates": [2.371227, 48.857834]}, "properties": {"numparc": 632, "etat de la localisation": "autre", "ID BDGEO": "705", "horodatage": "2022-04-01 22:12:13", "distance (en metres)": 371.76, "station": "BREGUET-SABIN", "marker-color": "#818181"}}, {"type": "Feature", "geometry": {"type": "Point", "coordinates": [2.387452, 48.862461]}, "properties": {"numparc": 633, "etat de la localisation": "autre", "ID BDGEO": "653", "horodatage": "2022-04-01 22:12:35", "distance (en metres)": 92.3, "station": "AUGUSTE METIVIER", "marker-color": "#818181"}}, {"type": "Feature", "geometry": {"type": "Point", "coordinates": [2.38823, 48.863083]}, "properties": {"numparc": 621, "etat de la localisation": "autre", "ID BDGEO": "711", "horodatage": "2022-04-01 22:14:09", "distance (en metres)": 82.26, "station": "PERE LACHAISE", "marker-color": "#818181"}}, {"type": "Feature", "geometry": {"type": "Point", "coordinates": [2.296425, 48.855282]}, "properties": {"numparc": 631, "etat de la localisation": "autre", "ID BDGEO": "10829", "horodatage": "2022-04-01 22:14:45", "distance (en metres)": 6203.39, "station": "VOLTAIRE-LEON BLUM.", "marker-color": "#818181"}}, {"type": "Feature", "geometry": {"type": "Point", "coordinates": [2.385325, 48.861935]}, "properties": {"numparc": 621, "etat de la localisation": "autre", "ID BDGEO": "711", "horodatage": "2022-04-01 22:15:45", "distance (en metres)": 180.47, "station": "PERE LACHAISE", "marker-color": "#818181"}}, {"type": "Feature", "geometry": {"type": "Point", "coordinates": [2.296748, 48.855148]}, "properties": {"numparc": 631, "etat de la localisation": "autre", "ID BDGEO": "10829", "horodatage": "2022-04-01 22:16:03", "distance (en metres)": 6180.51, "station": "VOLTAIRE-LEON BLUM.", "marker-color": "#818181"}}, {"type": "Feature", "geometry": {"type": "Point", "coordinates": [2.35597, 48.855873]}, "properties": {"numparc": 634, "etat de la localisation": "autre", "ID BDGEO": "10829", "horodatage": "2022-04-01 22:16:12", "distance (en metres)": 1853.65, "station": "VOLTAIRE-LEON BLUM.", "marker-color": "#818181"}}, {"type": "Feature", "geometry": {"type": "Point", "coordinates": [2.300087, 48.85733]}, "properties": {"numparc": 631, "etat de la localisation": "autre", "ID BDGEO": "10829", "horodatage": "2022-04-01 22:17:11", "distance (en metres)": 5929.02, "station": "VOLTAIRE-LEON BLUM.", "marker-color": "#818181"}}, {"type": "Feature", "geometry": {"type": "Point", "coordinates": [2.357505, 48.856045]}, "properties": {"numparc": 632, "etat de la localisation": "autre", "ID BDGEO": "2637", "horodatage": "2022-04-01 22:17:48", "distance (en metres)": 812.72, "station": "BASTILLE-RUE SAINT-ANTOINE", "marker-color": "#818181"}}, {"type": "Feature", "geometry": {"type": "Point", "coordinates": [2.361968, 48.854832]}, "properties": {"numparc": 634, "etat de la localisation": "autre", "ID BDGEO": "10829", "horodatage": "2022-04-01 22:18:11", "distance (en metres)": 1441.52, "station": "VOLTAIRE-LEON BLUM.", "marker-color": "#818181"}}, {"type": "Feature", "geometry": {"type": "Point", "coordinates": [2.304, 48.859005]}, "properties": {"numparc": 631, "etat de la localisation": "autre", "ID BDGEO": "10829", "horodatage": "2022-04-01 22:19:14", "distance (en metres)": 5643.81, "station": "VOLTAIRE-LEON BLUM.", "marker-color": "#818181"}}, {"type": "Feature", "geometry": {"type": "Point", "coordinates": [2.307193, 48.85965]}, "properties": {"numparc": 631, "etat de la localisation": "autre", "ID BDGEO": "10829", "horodatage": "2022-04-01 22:20:32", "distance (en metres)": 5412.39, "station": "VOLTAIRE-LEON BLUM.", "marker-color": "#818181"}}, {"type": "Feature", "geometry": {"type": "Point", "coordinates": [2.368066, 48.853413]}, "properties": {"numparc": 634, "etat de la localisation": "autre", "ID BDGEO": "10829", "horodatage": "2022-04-01 22:20:46", "distance (en metres)": 1075.93, "station": "VOLTAIRE-LEON BLUM.", "marker-color": "#818181"}}, {"type": "Feature", "geometry": {"type": "Point", "coordinates": [2.394082, 48.869961]}, "properties": {"numparc": 633, "etat de la localisation": "autre", "ID BDGEO": "651", "horodatage": "2022-04-01 22:21:09", "distance (en metres)": 584.64, "station": "MARTIN NADAUD", "marker-color": "#818181"}}, {"type": "Feature", "geometry": {"type": "Point", "coordinates": [2.374769, 48.859135]}, "properties": {"numparc": 621, "etat de la localisation": "autre", "ID BDGEO": "707", "horodatage": "2022-04-01 22:22:22", "distance (en metres)": 358.78, "station": "POPINCOURT", "marker-color": "#818181"}}, {"type": "Feature", "geometry": {"type": "Point", "coordinates": [2.37187, 48.854389]}, "properties": {"numparc": 634, "etat de la localisation": "autre", "ID BDGEO": "10829", "horodatage": "2022-04-01 22:23:36", "distance (en metres)": 779.49, "station": "VOLTAIRE-LEON BLUM.", "marker-color": "#818181"}}, {"type": "Feature", "geometry": {"type": "Point", "coordinates": [2.319931, 48.859257]}, "properties": {"numparc": 631, "etat de la localisation": "autre", "ID BDGEO": "10829", "horodatage": "2022-04-01 22:24:40", "distance (en metres)": 4479.56, "station": "VOLTAIRE-LEON BLUM.", "marker-color": "#818181"}}, {"type": "Feature", "geometry": {"type": "Point", "coordinates": [2.37547, 48.855839]}, "properties": {"numparc": 634, "etat de la localisation": "autre", "ID BDGEO": "10829", "horodatage": "2022-04-01 22:24:49", "distance (en metres)": 470.96, "station": "VOLTAIRE-LEON BLUM.", "marker-color": "#818181"}}, {"type": "Feature", "geometry": {"type": "Point", "coordinates": [2.33367, 48.860893]}, "properties": {"numparc": 632, "etat de la localisation": "autre", "ID BDGEO": "2637", "horodatage": "2022-04-01 22:25:44", "distance (en metres)": 2635.73, "station": "BASTILLE-RUE SAINT-ANTOINE", "marker-color": "#818181"}}, {"type": "Feature", "geometry": {"type": "Point", "coordinates": [2.37833, 48.856895]}, "properties": {"numparc": 634, "etat de la localisation": "autre", "ID BDGEO": "10829", "horodatage": "2022-04-01 22:26:16", "distance (en metres)": 231.02, "station": "VOLTAIRE-LEON BLUM.", "marker-color": "#818181"}}, {"type": "Feature", "geometry": {"type": "Point", "coordinates": [2.3237, 48.857758]}, "properties": {"numparc": 631, "etat de la localisation": "autre", "ID BDGEO": "10829", "horodatage": "2022-04-01 22:26:24", "distance (en metres)": 4201.23, "station": "VOLTAIRE-LEON BLUM.", "marker-color": "#818181"}}, {"type": "Feature", "geometry": {"type": "Point", "coordinates": [2.326533, 48.856228]}, "properties": {"numparc": 631, "etat de la localisation": "autre", "ID BDGEO": "10829", "horodatage": "2022-04-01 22:27:27", "distance (en metres)": 3998.14, "station": "VOLTAIRE-LEON BLUM.", "marker-color": "#818181"}}, {"type": "Feature", "geometry": {"type": "Point", "coordinates": [2.39992, 48.865314]}, "properties": {"numparc": 633, "etat de la localisation": "autre", "ID BDGEO": "3196", "horodatage": "2022-04-01 22:28:29", "distance (en metres)": 65.86, "station": "GAMBETTA-MAIRIE DU 20EME.", "marker-color": "#818181"}}, {"type": "Feature", "geometry": {"type": "Point", "coordinates": [2.32897, 48.858974]}, "properties": {"numparc": 631, "etat de la localisation": "autre", "ID BDGEO": "10829", "horodatage": "2022-04-01 22:29:03", "distance (en metres)": 3817.63, "station": "VOLTAIRE-LEON BLUM.", "marker-color": "#818181"}}, {"type": "Feature", "geometry": {"type": "Point", "coordinates": [2.387781, 48.86253]}, "properties": {"numparc": 634, "etat de la localisation": "autre", "ID BDGEO": "653", "horodatage": "2022-04-01 22:31:10", "distance (en metres)": 72.9, "station": "AUGUSTE METIVIER", "marker-color": "#818181"}}, {"type": "Feature", "geometry": {"type": "Point", "coordinates": [2.331077, 48.860588]}, "properties": {"numparc": 631, "etat de la localisation": "autre", "ID BDGEO": "10829", "horodatage": "2022-04-01 22:31:18", "distance (en metres)": 3673.95, "station": "VOLTAIRE-LEON BLUM.", "marker-color": "#818181"}}, {"type": "Feature", "geometry": {"type": "Point", "coordinates": [2.341463, 48.858643]}, "properties": {"numparc": 631, "etat de la localisation": "autre", "ID BDGEO": "10829", "horodatage": "2022-04-01 22:33:06", "distance (en metres)": 2902.96, "station": "VOLTAIRE-LEON BLUM.", "marker-color": "#818181"}}, {"type": "Feature", "geometry": {"type": "Point", "coordinates": [2.296742, 48.85511]}, "properties": {"numparc": 628, "etat de la localisation": "autre", "ID BDGEO": "10829", "horodatage": "2022-04-01 22:35:14", "distance (en metres)": 6181.16, "station": "VOLTAIRE-LEON BLUM.", "marker-color": "#818181"}}, {"type": "Feature", "geometry": {"type": "Point", "coordinates": [2.348492, 48.85685]}, "properties": {"numparc": 631, "etat de la localisation": "autre", "ID BDGEO": "10829", "horodatage": "2022-04-01 22:35:18", "distance (en metres)": 2390.14, "station": "VOLTAIRE-LEON BLUM.", "marker-color": "#818181"}}, {"type": "Feature", "geometry": {"type": "Point", "coordinates": [2.300087, 48.857307]}, "properties": {"numparc": 628, "etat de la localisation": "autre", "ID BDGEO": "10829", "horodatage": "2022-04-01 22:36:29", "distance (en metres)": 5929.05, "station": "VOLTAIRE-LEON BLUM.", "marker-color": "#818181"}}, {"type": "Feature", "geometry": {"type": "Point", "coordinates": [2.35033, 48.856194]}, "properties": {"numparc": 631, "etat de la localisation": "autre", "ID BDGEO": "10829", "horodatage": "2022-04-01 22:36:44", "distance (en metres)": 2260.64, "station": "VOLTAIRE-LEON BLUM.", "marker-color": "#818181"}}, {"type": "Feature", "geometry": {"type": "Point", "coordinates": [2.303894, 48.856949]}, "properties": {"numparc": 632, "etat de la localisation": "autre", "ID BDGEO": "2637", "horodatage": "2022-04-01 22:37:42", "distance (en metres)": 4692.47, "station": "BASTILLE-RUE SAINT-ANTOINE", "marker-color": "#818181"}}, {"type": "Feature", "geometry": {"type": "Point", "coordinates": [2.303969, 48.858948]}, "properties": {"numparc": 628, "etat de la localisation": "autre", "ID BDGEO": "10829", "horodatage": "2022-04-01 22:39:03", "distance (en metres)": 5645.94, "station": "VOLTAIRE-LEON BLUM.", "marker-color": "#818181"}}, {"type": "Feature", "geometry": {"type": "Point", "coordinates": [2.377611, 48.860004]}, "properties": {"numparc": 633, "etat de la localisation": "autre", "ID BDGEO": "708", "horodatage": "2022-04-01 22:39:17", "distance (en metres)": 331.84, "station": "VOLTAIRE-LEON BLUM", "marker-color": "#818181"}}, {"type": "Feature", "geometry": {"type": "Point", "coordinates": [2.307183, 48.859592]}, "properties": {"numparc": 628, "etat de la localisation": "autre", "ID BDGEO": "10829", "horodatage": "2022-04-01 22:39:53", "distance (en metres)": 5412.9, "station": "VOLTAIRE-LEON BLUM.", "marker-color": "#818181"}}, {"type": "Feature", "geometry": {"type": "Point", "coordinates": [2.362159, 48.854774]}, "properties": {"numparc": 631, "etat de la localisation": "autre", "ID BDGEO": "10829", "horodatage": "2022-04-01 22:40:22", "distance (en metres)": 1429.46, "station": "VOLTAIRE-LEON BLUM.", "marker-color": "#818181"}}, {"type": "Feature", "geometry": {"type": "Point", "coordinates": [2.33161, 48.858765]}, "properties": {"numparc": 621, "etat de la localisation": "autre", "ID BDGEO": "2637", "horodatage": "2022-04-01 22:40:30", "distance (en metres)": 2716.21, "station": "BASTILLE-RUE SAINT-ANTOINE", "marker-color": "#818181"}}, {"type": "Feature", "geometry": {"type": "Point", "coordinates": [2.371196, 48.857925]}, "properties": {"numparc": 633, "etat de la localisation": "autre", "ID BDGEO": "705", "horodatage": "2022-04-01 22:42:08", "distance (en metres)": 382.18, "station": "BREGUET-SABIN", "marker-color": "#818181"}}, {"type": "Feature", "geometry": {"type": "Point", "coordinates": [2.365522, 48.853825]}, "properties": {"numparc": 631, "etat de la localisation": "autre", "ID BDGEO": "10829", "horodatage": "2022-04-01 22:42:08", "distance (en metres)": 1226.68, "station": "VOLTAIRE-LEON BLUM.", "marker-color": "#818181"}}, {"type": "Feature", "geometry": {"type": "Point", "coordinates": [2.368097, 48.853378]}, "properties": {"numparc": 631, "etat de la localisation": "autre", "ID BDGEO": "10829", "horodatage": "2022-04-01 22:43:08", "distance (en metres)": 1075.68, "station": "VOLTAIRE-LEON BLUM.", "marker-color": "#818181"}}, {"type": "Feature", "geometry": {"type": "Point", "coordinates": [2.325345, 48.855671]}, "properties": {"numparc": 621, "etat de la localisation": "autre", "ID BDGEO": "2637", "horodatage": "2022-04-01 22:45:13", "distance (en metres)": 3116.69, "station": "BASTILLE-RUE SAINT-ANTOINE", "marker-color": "#818181"}}, {"type": "Feature", "geometry": {"type": "Point", "coordinates": [2.370631, 48.853695]}, "properties": {"numparc": 631, "etat de la localisation": "autre", "ID BDGEO": "10829", "horodatage": "2022-04-01 22:45:13", "distance (en metres)": 896.76, "station": "VOLTAIRE-LEON BLUM.", "marker-color": "#818181"}}, {"type": "Feature", "geometry": {"type": "Point", "coordinates": [2.37171, 48.854572]}, "properties": {"numparc": 631, "etat de la localisation": "autre", "ID BDGEO": "10829", "horodatage": "2022-04-01 22:46:04", "distance (en metres)": 779.93, "station": "VOLTAIRE-LEON BLUM.", "marker-color": "#818181"}}, {"type": "Feature", "geometry": {"type": "Point", "coordinates": [2.32648, 48.856236]}, "properties": {"numparc": 628, "etat de la localisation": "autre", "ID BDGEO": "10829", "horodatage": "2022-04-01 22:46:06", "distance (en metres)": 4001.98, "station": "VOLTAIRE-LEON BLUM.", "marker-color": "#818181"}}, {"type": "Feature", "geometry": {"type": "Point", "coordinates": [2.326482, 48.856236]}, "properties": {"numparc": 628, "etat de la localisation": "autre", "ID BDGEO": "10829", "horodatage": "2022-04-01 22:46:24", "distance (en metres)": 4001.82, "station": "VOLTAIRE-LEON BLUM.", "marker-color": "#818181"}}, {"type": "Feature", "geometry": {"type": "Point", "coordinates": [2.375434, 48.855942]}, "properties": {"numparc": 631, "etat de la localisation": "autre", "ID BDGEO": "10829", "horodatage": "2022-04-01 22:48:03", "distance (en metres)": 467.94, "station": "VOLTAIRE-LEON BLUM.", "marker-color": "#818181"}}, {"type": "Feature", "geometry": {"type": "Point", "coordinates": [2.36218, 48.85495]}, "properties": {"numparc": 633, "etat de la localisation": "autre", "ID BDGEO": "2637", "horodatage": "2022-04-01 22:48:24", "distance (en metres)": 450.36, "station": "BASTILLE-RUE SAINT-ANTOINE", "marker-color": "#818181"}}, {"type": "Feature", "geometry": {"type": "Point", "coordinates": [2.33108, 48.860554]}, "properties": {"numparc": 628, "etat de la localisation": "autre", "ID BDGEO": "10829", "horodatage": "2022-04-01 22:48:49", "distance (en metres)": 3673.42, "station": "VOLTAIRE-LEON BLUM.", "marker-color": "#818181"}}, {"type": "Feature", "geometry": {"type": "Point", "coordinates": [2.378312, 48.856964]}, "properties": {"numparc": 631, "etat de la localisation": "autre", "ID BDGEO": "10829", "horodatage": "2022-04-01 22:49:26", "distance (en metres)": 228.75, "station": "VOLTAIRE-LEON BLUM.", "marker-color": "#818181"}}, {"type": "Feature", "geometry": {"type": "Point", "coordinates": [2.333962, 48.85984]}, "properties": {"numparc": 628, "etat de la localisation": "autre", "ID BDGEO": "10829", "horodatage": "2022-04-01 22:49:39", "distance (en metres)": 3457.4, "station": "VOLTAIRE-LEON BLUM.", "marker-color": "#818181"}}, {"type": "Feature", "geometry": {"type": "Point", "coordinates": [2.407262, 48.849316]}, "properties": {"numparc": 634, "etat de la localisation": "autre", "ID BDGEO": "4538", "horodatage": "2022-04-01 22:50:00", "distance (en metres)": 66.4, "station": "LAGNY SORTIE", "marker-color": "#818181"}}, {"type": "Feature", "geometry": {"type": "Point", "coordinates": [2.350658, 48.857788]}, "properties": {"numparc": 633, "etat de la localisation": "autre", "ID BDGEO": "2637", "horodatage": "2022-04-01 22:50:30", "distance (en metres)": 1349.8, "station": "BASTILLE-RUE SAINT-ANTOINE", "marker-color": "#818181"}}, {"type": "Feature", "geometry": {"type": "Point", "coordinates": [2.3386, 48.859104]}, "properties": {"numparc": 628, "etat de la localisation": "autre", "ID BDGEO": "10829", "horodatage": "2022-04-01 22:51:04", "distance (en metres)": 3114.18, "station": "VOLTAIRE-LEON BLUM.", "marker-color": "#818181"}}, {"type": "Feature", "geometry": {"type": "Point", "coordinates": [2.341456, 48.858654]}, "properties": {"numparc": 628, "etat de la localisation": "autre", "ID BDGEO": "10829", "horodatage": "2022-04-01 22:51:52", "distance (en metres)": 2903.53, "station": "VOLTAIRE-LEON BLUM.", "marker-color": "#818181"}}, {"type": "Feature", "geometry": {"type": "Point", "coordinates": [2.388952, 48.860279]}, "properties": {"numparc": 631, "etat de la localisation": "autre", "ID BDGEO": "655", "horodatage": "2022-04-01 22:54:40", "distance (en metres)": 188.29, "station": "ROQUETTE-PERE LACHAISE", "marker-color": "#818181"}}, {"type": "Feature", "geometry": {"type": "Point", "coordinates": [2.4075, 48.849335]}, "properties": {"numparc": 634, "etat de la localisation": "autre", "ID BDGEO": "4538", "horodatage": "2022-04-01 22:55:53", "distance (en metres)": 74.62, "station": "LAGNY SORTIE", "marker-color": "#818181"}}, {"type": "Feature", "geometry": {"type": "Point", "coordinates": [2.35545, 48.85598]}, "properties": {"numparc": 628, "etat de la localisation": "autre", "ID BDGEO": "10829", "horodatage": "2022-04-01 22:56:26", "distance (en metres)": 1890.08, "station": "VOLTAIRE-LEON BLUM.", "marker-color": "#818181"}}, {"type": "Feature", "geometry": {"type": "Point", "coordinates": [2.356025, 48.85585]}, "properties": {"numparc": 628, "etat de la localisation": "autre", "ID BDGEO": "10829", "horodatage": "2022-04-01 22:56:53", "distance (en metres)": 1849.96, "station": "VOLTAIRE-LEON BLUM.", "marker-color": "#818181"}}, {"type": "Feature", "geometry": {"type": "Point", "coordinates": [2.362005, 48.854847]}, "properties": {"numparc": 628, "etat de la localisation": "autre", "ID BDGEO": "10829", "horodatage": "2022-04-01 22:58:45", "distance (en metres)": 1438.5, "station": "VOLTAIRE-LEON BLUM.", "marker-color": "#818181"}}, {"type": "Feature", "geometry": {"type": "Point", "coordinates": [2.32373, 48.860714]}, "properties": {"numparc": 633, "etat de la localisation": "autre", "ID BDGEO": "2637", "horodatage": "2022-04-01 22:59:57", "distance (en metres)": 3327.61, "station": "BASTILLE-RUE SAINT-ANTOINE", "marker-color": "#818181"}}, {"type": "Feature", "geometry": {"type": "Point", "coordinates": [2.397926, 48.865662]}, "properties": {"numparc": 631, "etat de la localisation": "Deviation programmee", "ID BDGEO": "2629", "horodatage": "2022-04-01 23:02:20", "distance (en metres)": 144.21, "station": "GAMBETTA-JAPON#", "marker-color": "#56FF93"}}, {"type": "Feature", "geometry": {"type": "Point", "coordinates": [2.325409, 48.855667]}, "properties": {"numparc": 633, "etat de la localisation": "autre", "ID BDGEO": "2637", "horodatage": "2022-04-01 23:02:32", "distance (en metres)": 3112.0, "station": "BASTILLE-RUE SAINT-ANTOINE", "marker-color": "#818181"}}, {"type": "Feature", "geometry": {"type": "Point", "coordinates": [2.370767, 48.853649]}, "properties": {"numparc": 628, "etat de la localisation": "autre", "ID BDGEO": "10829", "horodatage": "2022-04-01 23:04:01", "distance (en metres)": 890.91, "station": "VOLTAIRE-LEON BLUM.", "marker-color": "#818181"}}, {"type": "Feature", "geometry": {"type": "Point", "coordinates": [2.3719, 48.854465]}, "properties": {"numparc": 628, "etat de la localisation": "autre", "ID BDGEO": "10829", "horodatage": "2022-04-01 23:04:56", "distance (en metres)": 773.41, "station": "VOLTAIRE-LEON BLUM.", "marker-color": "#818181"}}, {"type": "Feature", "geometry": {"type": "Point", "coordinates": [2.378364, 48.856968]}, "properties": {"numparc": 628, "etat de la localisation": "autre", "ID BDGEO": "10829", "horodatage": "2022-04-01 23:07:14", "distance (en metres)": 225.15, "station": "VOLTAIRE-LEON BLUM.", "marker-color": "#818181"}}, {"type": "Feature", "geometry": {"type": "Point", "coordinates": [2.309702, 48.857941]}, "properties": {"numparc": 633, "etat de la localisation": "autre", "ID BDGEO": "2637", "horodatage": "2022-04-01 23:07:27", "distance (en metres)": 4281.22, "station": "BASTILLE-RUE SAINT-ANTOINE", "marker-color": "#818181"}}, {"type": "Feature", "geometry": {"type": "Point", "coordinates": [2.407461, 48.849407]}, "properties": {"numparc": 631, "etat de la localisation": "Deviation programmee", "ID BDGEO": "4538", "horodatage": "2022-04-01 23:09:14", "distance (en metres)": 66.73, "station": "LAGNY SORTIE", "marker-color": "#56FF93"}}, {"type": "Feature", "geometry": {"type": "Point", "coordinates": [2.303962, 48.856823]}, "properties": {"numparc": 633, "etat de la localisation": "autre", "ID BDGEO": "2637", "horodatage": "2022-04-01 23:09:39", "distance (en metres)": 4686.32, "station": "BASTILLE-RUE SAINT-ANTOINE", "marker-color": "#818181"}}, {"type": "Feature", "geometry": {"type": "Point", "coordinates": [2.387741, 48.862549]}, "properties": {"numparc": 628, "etat de la localisation": "autre", "ID BDGEO": "653", "horodatage": "2022-04-01 23:12:11", "distance (en metres)": 72.39, "station": "AUGUSTE METIVIER", "marker-color": "#818181"}}, {"type": "Feature", "geometry": {"type": "Point", "coordinates": [2.407394, 48.850304]}, "properties": {"numparc": 631, "etat de la localisation": "Deviation programmee", "ID BDGEO": "4538", "horodatage": "2022-04-01 23:13:48", "distance (en metres)": 65.92, "station": "LAGNY SORTIE", "marker-color": "#56FF93"}}, {"type": "Feature", "geometry": {"type": "Point", "coordinates": [2.407394, 48.850304]}, "properties": {"numparc": 631, "etat de la localisation": "Deviation programmee", "ID BDGEO": "4538", "horodatage": "2022-04-01 23:13:55", "distance (en metres)": 65.92, "station": "LAGNY SORTIE", "marker-color": "#56FF93"}}, {"type": "Feature", "geometry": {"type": "Point", "coordinates": [2.407395, 48.850304]}, "properties": {"numparc": 631, "etat de la localisation": "Deviation programmee", "ID BDGEO": "4538", "horodatage": "2022-04-01 23:14:30", "distance (en metres)": 65.96, "station": "LAGNY SORTIE", "marker-color": "#56FF93"}}, {"type": "Feature", "geometry": {"type": "Point", "coordinates": [2.407395, 48.850304]}, "properties": {"numparc": 631, "etat de la localisation": "Deviation programmee", "ID BDGEO": "4538", "horodatage": "2022-04-01 23:21:26", "distance (en metres)": 65.96, "station": "LAGNY SORTIE", "marker-color": "#56FF93"}}, {"type": "Feature", "geometry": {"type": "Point", "coordinates": [2.407459, 48.849609]}, "properties": {"numparc": 621, "etat de la localisation": "autre", "ID BDGEO": "4538", "horodatage": "2022-04-01 23:25:13", "distance (en metres)": 52.7, "station": "LAGNY SORTIE", "marker-color": "#818181"}}, {"type": "Feature", "geometry": {"type": "Point", "coordinates": [2.407337, 48.849453]}, "properties": {"numparc": 628, "etat de la localisation": "autre", "ID BDGEO": "4538", "horodatage": "2022-04-01 23:30:31", "distance (en metres)": 56.86, "station": "LAGNY SORTIE", "marker-color": "#818181"}}, {"type": "Feature", "geometry": {"type": "Point", "coordinates": [2.407794, 48.850105]}, "properties": {"numparc": 621, "etat de la localisation": "autre", "ID BDGEO": "4538", "horodatage": "2022-04-01 23:30:40", "distance (en metres)": 76.37, "station": "LAGNY SORTIE", "marker-color": "#818181"}}, {"type": "Feature", "geometry": {"type": "Point", "coordinates": [2.407794, 48.850105]}, "properties": {"numparc": 621, "etat de la localisation": "autre", "ID BDGEO": "4538", "horodatage": "2022-04-01 23:30:54", "distance (en metres)": 76.37, "station": "LAGNY SORTIE", "marker-color": "#818181"}}, {"type": "Feature", "geometry": {"type": "Point", "coordinates": [2.407264, 48.849499]}, "properties": {"numparc": 628, "etat de la localisation": "autre", "ID BDGEO": "4538", "horodatage": "2022-04-01 23:35:23", "distance (en metres)": 49.53, "station": "LAGNY SORTIE", "marker-color": "#818181"}}, {"type": "Feature", "geometry": {"type": "Point", "coordinates": [2.407264, 48.849499]}, "properties": {"numparc": 628, "etat de la localisation": "autre", "ID BDGEO": "4538", "horodatage": "2022-04-01 23:35:33", "distance (en metres)": 49.53, "station": "LAGNY SORTIE", "marker-color": "#818181"}}, {"type": "Feature", "geometry": {"type": "Point", "coordinates": [2.407388, 48.849514]}, "properties": {"numparc": 633, "etat de la localisation": "autre", "ID BDGEO": "4538", "horodatage": "2022-04-01 23:43:00", "distance (en metres)": 54.63, "station": "LAGNY SORTIE", "marker-color": "#818181"}}, {"type": "Feature", "geometry": {"type": "Point", "coordinates": [2.407621, 48.849442]}, "properties": {"numparc": 633, "etat de la localisation": "autre", "ID BDGEO": "4538", "horodatage": "2022-04-01 23:48:23", "distance (en metres)": 72.91, "station": "LAGNY SORTIE", "marker-color": "#818181"}}, {"type": "Feature", "geometry": {"type": "Point", "coordinates": [2.407621, 48.849442]}, "properties": {"numparc": 633, "etat de la localisation": "autre", "ID BDGEO": "4538", "horodatage": "2022-04-01 23:48:29", "distance (en metres)": 72.91, "station": "LAGNY SORTIE", "marker-color": "#818181"}}, {"type": "Feature", "geometry": {"type": "Point", "coordinates": [2.407104, 48.850182]}, "properties": {"numparc": 629, "etat de la localisation": "autre", "ID BDGEO": "673", "horodatage": "2022-04-02 00:03:14", "distance (en metres)": 5609.17, "station": "PONT DU CARROUSEL-QUAI VOLTAIRE", "marker-color": "#818181"}}, {"type": "Feature", "geometry": {"type": "Point", "coordinates": [2.408243, 48.849766]}, "properties": {"numparc": 620, "etat de la localisation": "autre", "ID BDGEO": "4538", "horodatage": "2022-04-02 00:31:18", "distance (en metres)": 103.68, "station": "LAGNY SORTIE", "marker-color": "#818181"}}, {"type": "Feature", "geometry": {"type": "Point", "coordinates": [2.407626, 48.849579]}, "properties": {"numparc": 625, "etat de la localisation": "autre", "ID BDGEO": "4538", "horodatage": "2022-04-02 00:33:28", "distance (en metres)": 65.08, "station": "LAGNY SORTIE", "marker-color": "#818181"}}, {"type": "Feature", "geometry": {"type": "Point", "coordinates": [2.407741, 48.849522]}, "properties": {"numparc": 627, "etat de la localisation": "autre", "ID BDGEO": "4538", "horodatage": "2022-04-02 00:50:17", "distance (en metres)": 75.48, "station": "LAGNY SORTIE", "marker-color": "#818181"}}, {"type": "Feature", "geometry": {"type": "Point", "coordinates": [2.407741, 48.849522]}, "properties": {"numparc": 627, "etat de la localisation": "autre", "ID BDGEO": "4538", "horodatage": "2022-04-02 00:55:58", "distance (en metres)": 75.48, "station": "LAGNY SORTIE", "marker-color": "#818181"}}, {"type": "Feature", "geometry": {"type": "Point", "coordinates": [2.406831, 48.849841]}, "properties": {"station": "LAGNY SORTIE", "ID BDGEO": "4538", "marker-color": "#56B3FF"}}, {"type": "Feature", "geometry": {"type": "Point", "coordinates": [2.399155, 48.865627]}, "properties": {"station": "GAMBETTA-MAIRIE DU 20EME.", "ID BDGEO": "3196", "marker-color": "#56B3FF"}}, {"type": "Feature", "geometry": {"type": "Point", "coordinates": [2.330798, 48.860664]}, "properties": {"station": "PONT ROYAL.", "ID BDGEO": "10827", "marker-color": "#56B3FF"}}, {"type": "Feature", "geometry": {"type": "Point", "coordinates": [2.388701, 48.860303]}, "properties": {"station": "ROQUETTE-PERE LACHAISE", "ID BDGEO": "710", "marker-color": "#56B3FF"}}, {"type": "Feature", "geometry": {"type": "Point", "coordinates": [2.39192, 48.86404]}, "properties": {"station": "MURIERS", "ID BDGEO": "2960", "marker-color": "#56B3FF"}}, {"type": "Feature", "geometry": {"type": "Point", "coordinates": [2.372162, 48.854548]}, "properties": {"station": "BREGUET-SABIN", "ID BDGEO": "705", "marker-color": "#56B3FF"}}, {"type": "Feature", "geometry": {"type": "Point", "coordinates": [2.367789, 48.853282]}, "properties": {"station": "BASTILLE-RUE SAINT-ANTOINE", "ID BDGEO": "2637", "marker-color": "#56B3FF"}}, {"type": "Feature", "geometry": {"type": "Point", "coordinates": [2.387668, 48.862442]}, "properties": {"station": "PERE LACHAISE", "ID BDGEO": "711", "marker-color": "#56B3FF"}}, {"type": "Feature", "geometry": {"type": "Point", "coordinates": [2.378333, 48.856918]}, "properties": {"station": "POPINCOURT", "ID BDGEO": "707", "marker-color": "#56B3FF"}}, {"type": "Feature", "geometry": {"type": "Point", "coordinates": [2.384968, 48.858839]}, "properties": {"station": "SAINT-MAUR-SERVAN", "ID BDGEO": "709", "marker-color": "#56B3FF"}}, {"type": "Feature", "geometry": {"type": "Point", "coordinates": [2.380459, 48.857682]}, "properties": {"station": "VOLTAIRE-LEON BLUM", "ID BDGEO": "708", "marker-color": "#56B3FF"}}, {"type": "Feature", "geometry": {"type": "Point", "coordinates": [2.381126, 48.857861]}, "properties": {"station": "VOLTAIRE-LEON BLUM.", "ID BDGEO": "10829", "marker-color": "#56B3FF"}}, {"type": "Feature", "geometry": {"type": "Point", "coordinates": [2.39786, 48.864909]}, "properties": {"station": "GAMBETTA", "ID BDGEO": "5527", "marker-color": "#56B3FF"}}, {"type": "Feature", "geometry": {"type": "Point", "coordinates": [2.388228, 48.863116]}, "properties": {"station": "AUGUSTE METIVIER", "ID BDGEO": "653", "marker-color": "#56B3FF"}}, {"type": "Feature", "geometry": {"type": "Point", "coordinates": [2.386454, 48.859872]}, "properties": {"station": "ROQUETTE-PERE LACHAISE", "ID BDGEO": "655", "marker-color": "#56B3FF"}}, {"type": "Feature", "geometry": {"type": "Point", "coordinates": [2.395299, 48.864865]}, "properties": {"station": "MARTIN NADAUD", "ID BDGEO": "712", "marker-color": "#56B3FF"}}, {"type": "Feature", "geometry": {"type": "Point", "coordinates": [2.349867, 48.857985]}, "properties": {"station": "HOTEL DE VILLE", "ID BDGEO": "667", "marker-color": "#56B3FF"}}, {"type": "Feature", "geometry": {"type": "Point", "coordinates": [2.375418, 48.85585]}, "properties": {"station": "COMMANDANT LAMY", "ID BDGEO": "706", "marker-color": "#56B3FF"}}, {"type": "Feature", "geometry": {"type": "Point", "coordinates": [2.399809, 48.865276]}, "properties": {"station": "GAMBETTA-JAPON#", "ID BDGEO": "2629", "marker-color": "#56B3FF"}}, {"type": "Feature", "geometry": {"type": "Point", "coordinates": [2.357494, 48.856151]}, "properties": {"station": "RUE VIEILLE DU TEMPLE-MAIRIE DU 4e", "ID BDGEO": "666", "marker-color": "#56B3FF"}}, {"type": "Feature", "geometry": {"type": "Point", "coordinates": [2.367489, 48.853327]}, "properties": {"station": "BASTILLE-RUE SAINT-ANTOINE", "ID BDGEO": "663", "marker-color": "#56B3FF"}}, {"type": "Feature", "geometry": {"type": "Point", "coordinates": [2.381058, 48.857843]}, "properties": {"station": "VOLTAIRE-LEON BLUM", "ID BDGEO": "657", "marker-color": "#56B3FF"}}, {"type": "Feature", "geometry": {"type": "Point", "coordinates": [2.323335, 48.858084]}, "properties": {"station": "SOLFERINO-BELLECHASSE.", "ID BDGEO": "3192", "marker-color": "#56B3FF"}}, {"type": "Feature", "geometry": {"type": "Point", "coordinates": [2.374725, 48.859112]}, "properties": {"station": "POPINCOURT", "ID BDGEO": "659", "marker-color": "#56B3FF"}}, {"type": "Feature", "geometry": {"type": "Point", "coordinates": [2.407307, 48.849814]}, "properties": {"station": "LAGNY ENTREE", "ID BDGEO": "4539", "marker-color": "#56B3FF"}}, {"type": "Feature", "geometry": {"type": "Point", "coordinates": [2.309646, 48.858037]}, "properties": {"station": "INVALIDES-LA TOUR MAUBOURG", "ID BDGEO": "681", "marker-color": "#56B3FF"}}, {"type": "Feature", "geometry": {"type": "Point", "coordinates": [2.384873, 48.858812]}, "properties": {"station": "SAINT-MAUR-SERVAN", "ID BDGEO": "656", "marker-color": "#56B3FF"}}, {"type": "Feature", "geometry": {"type": "Point", "coordinates": [2.399781, 48.865303]}, "properties": {"station": "GAMBETTA-JAPON", "ID BDGEO": "2", "marker-color": "#56B3FF"}}, {"type": "Feature", "geometry": {"type": "Point", "coordinates": [2.331343, 48.860538]}, "properties": {"station": "PONT ROYAL#", "ID BDGEO": "10851", "marker-color": "#56B3FF"}}, {"type": "Feature", "geometry": {"type": "Point", "coordinates": [2.296477, 48.854905]}, "properties": {"station": "CHAMP DE MARS#", "ID BDGEO": "2626", "marker-color": "#56B3FF"}}, {"type": "Feature", "geometry": {"type": "Point", "coordinates": [2.380377, 48.857673]}, "properties": {"station": "VOLTAIRE-LEON BLUM.", "ID BDGEO": "2624", "marker-color": "#56B3FF"}}, {"type": "Feature", "geometry": {"type": "Point", "coordinates": [2.380064, 48.858158]}, "properties": {"station": "VOLTAIRE-LEON BLUM", "ID BDGEO": "10831", "marker-color": "#56B3FF"}}, {"type": "Feature", "geometry": {"type": "Point", "coordinates": [2.331561, 48.858786]}, "properties": {"station": "PONT DU CARROUSEL-QUAI VOLTAIRE", "ID BDGEO": "673", "marker-color": "#56B3FF"}}, {"type": "Feature", "geometry": {"type": "Point", "coordinates": [2.394754, 48.864722]}, "properties": {"station": "MARTIN NADAUD", "ID BDGEO": "651", "marker-color": "#56B3FF"}}]}