{"type": "FeatureCollection", "features": [{"type": "Feature", "geometry": {"type": "Point", "coordinates": [2.407225, 48.849007]}, "properties": {"numparc": 7364, "etat de la localisation": "autre", "ID BDGEO": "226", "horodatage": "2023-05-05 04:43:31", "distance (en metres)": 139.29, "station": "LA PLAINE", "marker-color": "#818181"}}, {"type": "Feature", "geometry": {"type": "Point", "coordinates": [2.407125, 48.849873]}, "properties": {"numparc": 7369, "etat de la localisation": "autre", "ID BDGEO": "226", "horodatage": "2023-05-05 04:47:21", "distance (en metres)": 58.9, "station": "LA PLAINE", "marker-color": "#818181"}}, {"type": "Feature", "geometry": {"type": "Point", "coordinates": [2.407125, 48.849873]}, "properties": {"numparc": 7369, "etat de la localisation": "autre", "ID BDGEO": "226", "horodatage": "2023-05-05 04:47:40", "distance (en metres)": 58.9, "station": "LA PLAINE", "marker-color": "#818181"}}, {"type": "Feature", "geometry": {"type": "Point", "coordinates": [2.407105, 48.849728]}, "properties": {"numparc": 7372, "etat de la localisation": "autre", "ID BDGEO": "229", "horodatage": "2023-05-05 04:50:51", "distance (en metres)": 76.97, "station": "LA PLAINE", "marker-color": "#818181"}}, {"type": "Feature", "geometry": {"type": "Point", "coordinates": [2.407345, 48.849758]}, "properties": {"numparc": 7362, "etat de la localisation": "autre", "ID BDGEO": "229", "horodatage": "2023-05-05 05:01:16", "distance (en metres)": 87.19, "station": "LA PLAINE", "marker-color": "#818181"}}, {"type": "Feature", "geometry": {"type": "Point", "coordinates": [2.407345, 48.849758]}, "properties": {"numparc": 7362, "etat de la localisation": "autre", "ID BDGEO": "229", "horodatage": "2023-05-05 05:01:29", "distance (en metres)": 87.19, "station": "LA PLAINE", "marker-color": "#818181"}}, {"type": "Feature", "geometry": {"type": "Point", "coordinates": [2.407345, 48.849758]}, "properties": {"numparc": 7362, "etat de la localisation": "autre", "ID BDGEO": "229", "horodatage": "2023-05-05 05:05:25", "distance (en metres)": 87.19, "station": "LA PLAINE", "marker-color": "#818181"}}, {"type": "Feature", "geometry": {"type": "Point", "coordinates": [2.407105, 48.849728]}, "properties": {"numparc": 7372, "etat de la localisation": "autre", "ID BDGEO": "229", "horodatage": "2023-05-05 05:13:35", "distance (en metres)": 76.97, "station": "LA PLAINE", "marker-color": "#818181"}}, {"type": "Feature", "geometry": {"type": "Point", "coordinates": [2.407225, 48.849007]}, "properties": {"numparc": 7364, "etat de la localisation": "autre", "ID BDGEO": "141", "horodatage": "2023-05-05 05:20:23", "distance (en metres)": 3121.15, "station": "BIBLIOTHEQUE CHEVALERET", "marker-color": "#818181"}}, {"type": "Feature", "geometry": {"type": "Point", "coordinates": [2.407345, 48.849758]}, "properties": {"numparc": 7362, "etat de la localisation": "Delocalise", "ID BDGEO": "229", "horodatage": "2023-05-05 05:21:16", "distance (en metres)": 87.19, "station": "LA PLAINE", "marker-color": "#FF565E"}}, {"type": "Feature", "geometry": {"type": "Point", "coordinates": [2.407225, 48.849007]}, "properties": {"numparc": 7364, "etat de la localisation": "autre", "ID BDGEO": "141", "horodatage": "2023-05-05 05:21:57", "distance (en metres)": 3121.15, "station": "BIBLIOTHEQUE CHEVALERET", "marker-color": "#818181"}}, {"type": "Feature", "geometry": {"type": "Point", "coordinates": [2.407225, 48.849007]}, "properties": {"numparc": 7364, "etat de la localisation": "autre", "ID BDGEO": "141", "horodatage": "2023-05-05 05:25:26", "distance (en metres)": 3121.15, "station": "BIBLIOTHEQUE CHEVALERET", "marker-color": "#818181"}}, {"type": "Feature", "geometry": {"type": "Point", "coordinates": [2.407443, 48.849911]}, "properties": {"numparc": 618, "etat de la localisation": "autre", "ID BDGEO": "229", "horodatage": "2023-05-05 05:26:43", "distance (en metres)": 83.88, "station": "LA PLAINE", "marker-color": "#818181"}}, {"type": "Feature", "geometry": {"type": "Point", "coordinates": [2.407225, 48.849007]}, "properties": {"numparc": 7364, "etat de la localisation": "autre", "ID BDGEO": "141", "horodatage": "2023-05-05 05:29:31", "distance (en metres)": 3121.15, "station": "BIBLIOTHEQUE CHEVALERET", "marker-color": "#818181"}}, {"type": "Feature", "geometry": {"type": "Point", "coordinates": [2.375762, 48.83009]}, "properties": {"numparc": 7369, "etat de la localisation": "autre", "ID BDGEO": "111", "horodatage": "2023-05-05 05:31:39", "distance (en metres)": 62.23, "station": "BIBLIOTHEQUE CHEVALERET", "marker-color": "#818181"}}, {"type": "Feature", "geometry": {"type": "Point", "coordinates": [2.407225, 48.849007]}, "properties": {"numparc": 7364, "etat de la localisation": "autre", "ID BDGEO": "141", "horodatage": "2023-05-05 05:32:33", "distance (en metres)": 3121.15, "station": "BIBLIOTHEQUE CHEVALERET", "marker-color": "#818181"}}, {"type": "Feature", "geometry": {"type": "Point", "coordinates": [2.407225, 48.849007]}, "properties": {"numparc": 7364, "etat de la localisation": "autre", "ID BDGEO": "226", "horodatage": "2023-05-05 05:36:15", "distance (en metres)": 139.29, "station": "LA PLAINE", "marker-color": "#818181"}}, {"type": "Feature", "geometry": {"type": "Point", "coordinates": [2.407225, 48.849007]}, "properties": {"numparc": 7364, "etat de la localisation": "autre", "ID BDGEO": "226", "horodatage": "2023-05-05 05:37:12", "distance (en metres)": 139.29, "station": "LA PLAINE", "marker-color": "#818181"}}, {"type": "Feature", "geometry": {"type": "Point", "coordinates": [2.407225, 48.849007]}, "properties": {"numparc": 7364, "etat de la localisation": "autre", "ID BDGEO": "226", "horodatage": "2023-05-05 05:38:46", "distance (en metres)": 139.29, "station": "LA PLAINE", "marker-color": "#818181"}}, {"type": "Feature", "geometry": {"type": "Point", "coordinates": [2.407225, 48.849007]}, "properties": {"numparc": 7364, "etat de la localisation": "autre", "ID BDGEO": "226", "horodatage": "2023-05-05 05:39:50", "distance (en metres)": 139.29, "station": "LA PLAINE", "marker-color": "#818181"}}, {"type": "Feature", "geometry": {"type": "Point", "coordinates": [2.407225, 48.849007]}, "properties": {"numparc": 7364, "etat de la localisation": "autre", "ID BDGEO": "226", "horodatage": "2023-05-05 05:41:23", "distance (en metres)": 139.29, "station": "LA PLAINE", "marker-color": "#818181"}}, {"type": "Feature", "geometry": {"type": "Point", "coordinates": [2.407225, 48.849007]}, "properties": {"numparc": 7364, "etat de la localisation": "autre", "ID BDGEO": "226", "horodatage": "2023-05-05 05:42:26", "distance (en metres)": 139.29, "station": "LA PLAINE", "marker-color": "#818181"}}, {"type": "Feature", "geometry": {"type": "Point", "coordinates": [2.407225, 48.849007]}, "properties": {"numparc": 7364, "etat de la localisation": "autre", "ID BDGEO": "226", "horodatage": "2023-05-05 05:43:29", "distance (en metres)": 139.29, "station": "LA PLAINE", "marker-color": "#818181"}}, {"type": "Feature", "geometry": {"type": "Point", "coordinates": [2.40624, 48.851215]}, "properties": {"numparc": 7369, "etat de la localisation": "autre", "ID BDGEO": "229", "horodatage": "2023-05-05 05:44:15", "distance (en metres)": 107.67, "station": "LA PLAINE", "marker-color": "#818181"}}, {"type": "Feature", "geometry": {"type": "Point", "coordinates": [2.407225, 48.849007]}, "properties": {"numparc": 7364, "etat de la localisation": "autre", "ID BDGEO": "226", "horodatage": "2023-05-05 05:44:49", "distance (en metres)": 139.29, "station": "LA PLAINE", "marker-color": "#818181"}}, {"type": "Feature", "geometry": {"type": "Point", "coordinates": [2.407225, 48.849007]}, "properties": {"numparc": 7364, "etat de la localisation": "autre", "ID BDGEO": "226", "horodatage": "2023-05-05 05:47:17", "distance (en metres)": 139.29, "station": "LA PLAINE", "marker-color": "#818181"}}, {"type": "Feature", "geometry": {"type": "Point", "coordinates": [2.407225, 48.849007]}, "properties": {"numparc": 7364, "etat de la localisation": "autre", "ID BDGEO": "226", "horodatage": "2023-05-05 05:48:46", "distance (en metres)": 139.29, "station": "LA PLAINE", "marker-color": "#818181"}}, {"type": "Feature", "geometry": {"type": "Point", "coordinates": [2.407225, 48.849007]}, "properties": {"numparc": 7364, "etat de la localisation": "autre", "ID BDGEO": "226", "horodatage": "2023-05-05 05:50:13", "distance (en metres)": 139.29, "station": "LA PLAINE", "marker-color": "#818181"}}, {"type": "Feature", "geometry": {"type": "Point", "coordinates": [2.407225, 48.849007]}, "properties": {"numparc": 7364, "etat de la localisation": "autre", "ID BDGEO": "226", "horodatage": "2023-05-05 05:57:00", "distance (en metres)": 139.29, "station": "LA PLAINE", "marker-color": "#818181"}}, {"type": "Feature", "geometry": {"type": "Point", "coordinates": [2.408559, 48.877159]}, "properties": {"numparc": 7369, "etat de la localisation": "autre", "ID BDGEO": "377", "horodatage": "2023-05-05 05:58:19", "distance (en metres)": 7274.74, "station": "DENFERT-ROCHEREAU#", "marker-color": "#818181"}}, {"type": "Feature", "geometry": {"type": "Point", "coordinates": [2.407964, 48.876652]}, "properties": {"numparc": 7369, "etat de la localisation": "autre", "ID BDGEO": "377", "horodatage": "2023-05-05 05:59:21", "distance (en metres)": 7204.66, "station": "DENFERT-ROCHEREAU#", "marker-color": "#818181"}}, {"type": "Feature", "geometry": {"type": "Point", "coordinates": [2.407225, 48.849007]}, "properties": {"numparc": 7364, "etat de la localisation": "autre", "ID BDGEO": "377", "horodatage": "2023-05-05 06:00:16", "distance (en metres)": 5585.15, "station": "DENFERT-ROCHEREAU#", "marker-color": "#818181"}}, {"type": "Feature", "geometry": {"type": "Point", "coordinates": [2.407225, 48.849007]}, "properties": {"numparc": 7364, "etat de la localisation": "autre", "ID BDGEO": "377", "horodatage": "2023-05-05 06:01:09", "distance (en metres)": 5585.15, "station": "DENFERT-ROCHEREAU#", "marker-color": "#818181"}}, {"type": "Feature", "geometry": {"type": "Point", "coordinates": [2.407225, 48.849007]}, "properties": {"numparc": 7364, "etat de la localisation": "autre", "ID BDGEO": "377", "horodatage": "2023-05-05 06:02:01", "distance (en metres)": 5585.15, "station": "DENFERT-ROCHEREAU#", "marker-color": "#818181"}}, {"type": "Feature", "geometry": {"type": "Point", "coordinates": [2.407225, 48.849007]}, "properties": {"numparc": 7364, "etat de la localisation": "autre", "ID BDGEO": "377", "horodatage": "2023-05-05 06:03:57", "distance (en metres)": 5585.15, "station": "DENFERT-ROCHEREAU#", "marker-color": "#818181"}}, {"type": "Feature", "geometry": {"type": "Point", "coordinates": [2.407225, 48.849007]}, "properties": {"numparc": 7364, "etat de la localisation": "autre", "ID BDGEO": "377", "horodatage": "2023-05-05 06:05:17", "distance (en metres)": 5585.15, "station": "DENFERT-ROCHEREAU#", "marker-color": "#818181"}}, {"type": "Feature", "geometry": {"type": "Point", "coordinates": [2.407225, 48.849007]}, "properties": {"numparc": 7364, "etat de la localisation": "autre", "ID BDGEO": "377", "horodatage": "2023-05-05 06:06:18", "distance (en metres)": 5585.15, "station": "DENFERT-ROCHEREAU#", "marker-color": "#818181"}}, {"type": "Feature", "geometry": {"type": "Point", "coordinates": [2.393692, 48.838951]}, "properties": {"numparc": 7372, "etat de la localisation": "autre", "ID BDGEO": "141", "horodatage": "2023-05-05 06:06:40", "distance (en metres)": 1643.32, "station": "BIBLIOTHEQUE CHEVALERET", "marker-color": "#818181"}}, {"type": "Feature", "geometry": {"type": "Point", "coordinates": [2.406451, 48.876663]}, "properties": {"numparc": 7369, "etat de la localisation": "autre", "ID BDGEO": "377", "horodatage": "2023-05-05 06:07:35", "distance (en metres)": 7123.56, "station": "DENFERT-ROCHEREAU#", "marker-color": "#818181"}}, {"type": "Feature", "geometry": {"type": "Point", "coordinates": [2.407225, 48.849007]}, "properties": {"numparc": 7364, "etat de la localisation": "autre", "ID BDGEO": "377", "horodatage": "2023-05-05 06:08:06", "distance (en metres)": 5585.15, "station": "DENFERT-ROCHEREAU#", "marker-color": "#818181"}}, {"type": "Feature", "geometry": {"type": "Point", "coordinates": [2.39698, 48.839535]}, "properties": {"numparc": 7372, "etat de la localisation": "autre", "ID BDGEO": "141", "horodatage": "2023-05-05 06:08:31", "distance (en metres)": 1876.92, "station": "BIBLIOTHEQUE CHEVALERET", "marker-color": "#818181"}}, {"type": "Feature", "geometry": {"type": "Point", "coordinates": [2.407225, 48.849007]}, "properties": {"numparc": 7364, "etat de la localisation": "autre", "ID BDGEO": "377", "horodatage": "2023-05-05 06:09:04", "distance (en metres)": 5585.15, "station": "DENFERT-ROCHEREAU#", "marker-color": "#818181"}}, {"type": "Feature", "geometry": {"type": "Point", "coordinates": [2.404843, 48.872375]}, "properties": {"numparc": 7369, "etat de la localisation": "autre", "ID BDGEO": "377", "horodatage": "2023-05-05 06:09:40", "distance (en metres)": 6720.21, "station": "DENFERT-ROCHEREAU#", "marker-color": "#818181"}}, {"type": "Feature", "geometry": {"type": "Point", "coordinates": [2.407225, 48.849007]}, "properties": {"numparc": 7364, "etat de la localisation": "autre", "ID BDGEO": "141", "horodatage": "2023-05-05 06:10:47", "distance (en metres)": 3121.15, "station": "BIBLIOTHEQUE CHEVALERET", "marker-color": "#818181"}}, {"type": "Feature", "geometry": {"type": "Point", "coordinates": [2.405009, 48.842281]}, "properties": {"numparc": 7372, "etat de la localisation": "autre", "ID BDGEO": "141", "horodatage": "2023-05-05 06:11:52", "distance (en metres)": 2535.84, "station": "BIBLIOTHEQUE CHEVALERET", "marker-color": "#818181"}}, {"type": "Feature", "geometry": {"type": "Point", "coordinates": [2.40137, 48.868027]}, "properties": {"numparc": 7369, "etat de la localisation": "autre", "ID BDGEO": "377", "horodatage": "2023-05-05 06:12:09", "distance (en metres)": 6217.49, "station": "DENFERT-ROCHEREAU#", "marker-color": "#818181"}}, {"type": "Feature", "geometry": {"type": "Point", "coordinates": [2.407225, 48.849007]}, "properties": {"numparc": 7364, "etat de la localisation": "autre", "ID BDGEO": "141", "horodatage": "2023-05-05 06:12:30", "distance (en metres)": 3121.15, "station": "BIBLIOTHEQUE CHEVALERET", "marker-color": "#818181"}}, {"type": "Feature", "geometry": {"type": "Point", "coordinates": [2.405791, 48.845112]}, "properties": {"numparc": 7372, "etat de la localisation": "autre", "ID BDGEO": "141", "horodatage": "2023-05-05 06:12:53", "distance (en metres)": 2762.75, "station": "BIBLIOTHEQUE CHEVALERET", "marker-color": "#818181"}}, {"type": "Feature", "geometry": {"type": "Point", "coordinates": [2.399427, 48.865738]}, "properties": {"numparc": 7369, "etat de la localisation": "autre", "ID BDGEO": "377", "horodatage": "2023-05-05 06:13:26", "distance (en metres)": 5949.25, "station": "DENFERT-ROCHEREAU#", "marker-color": "#818181"}}, {"type": "Feature", "geometry": {"type": "Point", "coordinates": [2.407225, 48.849007]}, "properties": {"numparc": 7364, "etat de la localisation": "autre", "ID BDGEO": "141", "horodatage": "2023-05-05 06:13:44", "distance (en metres)": 3121.15, "station": "BIBLIOTHEQUE CHEVALERET", "marker-color": "#818181"}}, {"type": "Feature", "geometry": {"type": "Point", "coordinates": [2.40649, 48.848019]}, "properties": {"numparc": 7372, "etat de la localisation": "autre", "ID BDGEO": "141", "horodatage": "2023-05-05 06:14:19", "distance (en metres)": 3007.68, "station": "BIBLIOTHEQUE CHEVALERET", "marker-color": "#818181"}}, {"type": "Feature", "geometry": {"type": "Point", "coordinates": [2.39912, 48.864445]}, "properties": {"numparc": 7369, "etat de la localisation": "autre", "ID BDGEO": "377", "horodatage": "2023-05-05 06:14:21", "distance (en metres)": 5845.26, "station": "DENFERT-ROCHEREAU#", "marker-color": "#818181"}}, {"type": "Feature", "geometry": {"type": "Point", "coordinates": [2.407225, 48.849007]}, "properties": {"numparc": 7364, "etat de la localisation": "Delocalise", "ID BDGEO": "141", "horodatage": "2023-05-05 06:15:07", "distance (en metres)": 3121.15, "station": "BIBLIOTHEQUE CHEVALERET", "marker-color": "#FF565E"}}, {"type": "Feature", "geometry": {"type": "Point", "coordinates": [2.406321, 48.85117]}, "properties": {"numparc": 7372, "etat de la localisation": "autre", "ID BDGEO": "141", "horodatage": "2023-05-05 06:15:59", "distance (en metres)": 3242.23, "station": "BIBLIOTHEQUE CHEVALERET", "marker-color": "#818181"}}, {"type": "Feature", "geometry": {"type": "Point", "coordinates": [2.402351, 48.859032]}, "properties": {"numparc": 7369, "etat de la localisation": "autre", "ID BDGEO": "377", "horodatage": "2023-05-05 06:16:02", "distance (en metres)": 5714.38, "station": "DENFERT-ROCHEREAU#", "marker-color": "#818181"}}, {"type": "Feature", "geometry": {"type": "Point", "coordinates": [2.406057, 48.852917]}, "properties": {"numparc": 7372, "etat de la localisation": "autre", "ID BDGEO": "141", "horodatage": "2023-05-05 06:16:51", "distance (en metres)": 3372.74, "station": "BIBLIOTHEQUE CHEVALERET", "marker-color": "#818181"}}, {"type": "Feature", "geometry": {"type": "Point", "coordinates": [2.382918, 48.833942]}, "properties": {"numparc": 618, "etat de la localisation": "autre", "ID BDGEO": "141", "horodatage": "2023-05-05 06:17:08", "distance (en metres)": 678.98, "station": "BIBLIOTHEQUE CHEVALERET", "marker-color": "#818181"}}, {"type": "Feature", "geometry": {"type": "Point", "coordinates": [2.405076, 48.855999]}, "properties": {"numparc": 7369, "etat de la localisation": "autre", "ID BDGEO": "377", "horodatage": "2023-05-05 06:17:54", "distance (en metres)": 5732.14, "station": "DENFERT-ROCHEREAU#", "marker-color": "#818181"}}, {"type": "Feature", "geometry": {"type": "Point", "coordinates": [2.404815, 48.85638]}, "properties": {"numparc": 7372, "etat de la localisation": "autre", "ID BDGEO": "141", "horodatage": "2023-05-05 06:17:59", "distance (en metres)": 3617.44, "station": "BIBLIOTHEQUE CHEVALERET", "marker-color": "#818181"}}, {"type": "Feature", "geometry": {"type": "Point", "coordinates": [2.407225, 48.849007]}, "properties": {"numparc": 7364, "etat de la localisation": "Delocalise", "ID BDGEO": "141", "horodatage": "2023-05-05 06:18:10", "distance (en metres)": 3121.15, "station": "BIBLIOTHEQUE CHEVALERET", "marker-color": "#FF565E"}}, {"type": "Feature", "geometry": {"type": "Point", "coordinates": [2.385998, 48.835606]}, "properties": {"numparc": 618, "etat de la localisation": "autre", "ID BDGEO": "141", "horodatage": "2023-05-05 06:18:25", "distance (en metres)": 970.57, "station": "BIBLIOTHEQUE CHEVALERET", "marker-color": "#818181"}}, {"type": "Feature", "geometry": {"type": "Point", "coordinates": [2.385998, 48.835606]}, "properties": {"numparc": 618, "etat de la localisation": "autre", "ID BDGEO": "141", "horodatage": "2023-05-05 06:18:29", "distance (en metres)": 970.57, "station": "BIBLIOTHEQUE CHEVALERET", "marker-color": "#818181"}}, {"type": "Feature", "geometry": {"type": "Point", "coordinates": [2.406205, 48.852417]}, "properties": {"numparc": 7369, "etat de la localisation": "autre", "ID BDGEO": "377", "horodatage": "2023-05-05 06:19:02", "distance (en metres)": 5645.31, "station": "DENFERT-ROCHEREAU#", "marker-color": "#818181"}}, {"type": "Feature", "geometry": {"type": "Point", "coordinates": [2.40179, 48.85944]}, "properties": {"numparc": 7372, "etat de la localisation": "autre", "ID BDGEO": "141", "horodatage": "2023-05-05 06:19:05", "distance (en metres)": 3781.49, "station": "BIBLIOTHEQUE CHEVALERET", "marker-color": "#818181"}}, {"type": "Feature", "geometry": {"type": "Point", "coordinates": [2.407225, 48.849007]}, "properties": {"numparc": 7364, "etat de la localisation": "Delocalise", "ID BDGEO": "141", "horodatage": "2023-05-05 06:19:38", "distance (en metres)": 3121.15, "station": "BIBLIOTHEQUE CHEVALERET", "marker-color": "#FF565E"}}, {"type": "Feature", "geometry": {"type": "Point", "coordinates": [2.390763, 48.837223]}, "properties": {"numparc": 618, "etat de la localisation": "autre", "ID BDGEO": "141", "horodatage": "2023-05-05 06:20:05", "distance (en metres)": 1356.72, "station": "BIBLIOTHEQUE CHEVALERET", "marker-color": "#818181"}}, {"type": "Feature", "geometry": {"type": "Point", "coordinates": [2.406342, 48.848137]}, "properties": {"numparc": 7369, "etat de la localisation": "autre", "ID BDGEO": "377", "horodatage": "2023-05-05 06:20:28", "distance (en metres)": 5494.13, "station": "DENFERT-ROCHEREAU#", "marker-color": "#818181"}}, {"type": "Feature", "geometry": {"type": "Point", "coordinates": [2.406344, 48.848019]}, "properties": {"numparc": 7369, "etat de la localisation": "autre", "ID BDGEO": "377", "horodatage": "2023-05-05 06:20:54", "distance (en metres)": 5490.35, "station": "DENFERT-ROCHEREAU#", "marker-color": "#818181"}}, {"type": "Feature", "geometry": {"type": "Point", "coordinates": [2.39924, 48.865547]}, "properties": {"numparc": 7372, "etat de la localisation": "autre", "ID BDGEO": "141", "horodatage": "2023-05-05 06:21:34", "distance (en metres)": 4303.57, "station": "BIBLIOTHEQUE CHEVALERET", "marker-color": "#818181"}}, {"type": "Feature", "geometry": {"type": "Point", "coordinates": [2.407225, 48.849007]}, "properties": {"numparc": 7364, "etat de la localisation": "Delocalise", "ID BDGEO": "141", "horodatage": "2023-05-05 06:21:39", "distance (en metres)": 3121.15, "station": "BIBLIOTHEQUE CHEVALERET", "marker-color": "#FF565E"}}, {"type": "Feature", "geometry": {"type": "Point", "coordinates": [2.393678, 48.838985]}, "properties": {"numparc": 618, "etat de la localisation": "autre", "ID BDGEO": "141", "horodatage": "2023-05-05 06:21:54", "distance (en metres)": 1644.79, "station": "BIBLIOTHEQUE CHEVALERET", "marker-color": "#818181"}}, {"type": "Feature", "geometry": {"type": "Point", "coordinates": [2.407225, 48.849007]}, "properties": {"numparc": 7364, "etat de la localisation": "Delocalise", "ID BDGEO": "141", "horodatage": "2023-05-05 06:22:21", "distance (en metres)": 3121.15, "station": "BIBLIOTHEQUE CHEVALERET", "marker-color": "#FF565E"}}, {"type": "Feature", "geometry": {"type": "Point", "coordinates": [2.379275, 48.831959]}, "properties": {"numparc": 7362, "etat de la localisation": "autre", "ID BDGEO": "141", "horodatage": "2023-05-05 06:22:23", "distance (en metres)": 332.94, "station": "BIBLIOTHEQUE CHEVALERET", "marker-color": "#818181"}}, {"type": "Feature", "geometry": {"type": "Point", "coordinates": [2.40186, 48.868809]}, "properties": {"numparc": 7372, "etat de la localisation": "autre", "ID BDGEO": "141", "horodatage": "2023-05-05 06:22:56", "distance (en metres)": 4712.7, "station": "BIBLIOTHEQUE CHEVALERET", "marker-color": "#818181"}}, {"type": "Feature", "geometry": {"type": "Point", "coordinates": [2.397031, 48.83955]}, "properties": {"numparc": 618, "etat de la localisation": "autre", "ID BDGEO": "141", "horodatage": "2023-05-05 06:23:24", "distance (en metres)": 1880.96, "station": "BIBLIOTHEQUE CHEVALERET", "marker-color": "#818181"}}, {"type": "Feature", "geometry": {"type": "Point", "coordinates": [2.404003, 48.871223]}, "properties": {"numparc": 7372, "etat de la localisation": "autre", "ID BDGEO": "141", "horodatage": "2023-05-05 06:24:09", "distance (en metres)": 5021.82, "station": "BIBLIOTHEQUE CHEVALERET", "marker-color": "#818181"}}, {"type": "Feature", "geometry": {"type": "Point", "coordinates": [2.407225, 48.849007]}, "properties": {"numparc": 7364, "etat de la localisation": "Delocalise", "ID BDGEO": "141", "horodatage": "2023-05-05 06:24:59", "distance (en metres)": 3121.15, "station": "BIBLIOTHEQUE CHEVALERET", "marker-color": "#FF565E"}}, {"type": "Feature", "geometry": {"type": "Point", "coordinates": [2.385921, 48.835552]}, "properties": {"numparc": 7362, "etat de la localisation": "autre", "ID BDGEO": "141", "horodatage": "2023-05-05 06:25:06", "distance (en metres)": 962.44, "station": "BIBLIOTHEQUE CHEVALERET", "marker-color": "#818181"}}, {"type": "Feature", "geometry": {"type": "Point", "coordinates": [2.404317, 48.839771]}, "properties": {"numparc": 7369, "etat de la localisation": "autre", "ID BDGEO": "377", "horodatage": "2023-05-05 06:26:29", "distance (en metres)": 5144.36, "station": "DENFERT-ROCHEREAU#", "marker-color": "#818181"}}, {"type": "Feature", "geometry": {"type": "Point", "coordinates": [2.405048, 48.842289]}, "properties": {"numparc": 618, "etat de la localisation": "autre", "ID BDGEO": "141", "horodatage": "2023-05-05 06:26:56", "distance (en metres)": 2538.7, "station": "BIBLIOTHEQUE CHEVALERET", "marker-color": "#818181"}}, {"type": "Feature", "geometry": {"type": "Point", "coordinates": [2.406462, 48.876709]}, "properties": {"numparc": 7372, "etat de la localisation": "autre", "ID BDGEO": "141", "horodatage": "2023-05-05 06:27:02", "distance (en metres)": 5652.39, "station": "BIBLIOTHEQUE CHEVALERET", "marker-color": "#818181"}}, {"type": "Feature", "geometry": {"type": "Point", "coordinates": [2.390824, 48.83717]}, "properties": {"numparc": 7362, "etat de la localisation": "autre", "ID BDGEO": "141", "horodatage": "2023-05-05 06:27:13", "distance (en metres)": 1356.88, "station": "BIBLIOTHEQUE CHEVALERET", "marker-color": "#818181"}}, {"type": "Feature", "geometry": {"type": "Point", "coordinates": [2.407225, 48.849007]}, "properties": {"numparc": 7364, "etat de la localisation": "Delocalise", "ID BDGEO": "141", "horodatage": "2023-05-05 06:27:14", "distance (en metres)": 3121.15, "station": "BIBLIOTHEQUE CHEVALERET", "marker-color": "#FF565E"}}, {"type": "Feature", "geometry": {"type": "Point", "coordinates": [2.408537, 48.877193]}, "properties": {"numparc": 7372, "etat de la localisation": "autre", "ID BDGEO": "377", "horodatage": "2023-05-05 06:28:23", "distance (en metres)": 7276.09, "station": "DENFERT-ROCHEREAU#", "marker-color": "#818181"}}, {"type": "Feature", "geometry": {"type": "Point", "coordinates": [2.393731, 48.838921]}, "properties": {"numparc": 7362, "etat de la localisation": "autre", "ID BDGEO": "141", "horodatage": "2023-05-05 06:28:34", "distance (en metres)": 1643.56, "station": "BIBLIOTHEQUE CHEVALERET", "marker-color": "#818181"}}, {"type": "Feature", "geometry": {"type": "Point", "coordinates": [2.407225, 48.849007]}, "properties": {"numparc": 7364, "etat de la localisation": "Delocalise", "ID BDGEO": "141", "horodatage": "2023-05-05 06:28:44", "distance (en metres)": 3121.15, "station": "BIBLIOTHEQUE CHEVALERET", "marker-color": "#FF565E"}}, {"type": "Feature", "geometry": {"type": "Point", "coordinates": [2.407825, 48.876656]}, "properties": {"numparc": 7372, "etat de la localisation": "autre", "ID BDGEO": "377", "horodatage": "2023-05-05 06:29:38", "distance (en metres)": 7197.38, "station": "DENFERT-ROCHEREAU#", "marker-color": "#818181"}}, {"type": "Feature", "geometry": {"type": "Point", "coordinates": [2.406497, 48.848152]}, "properties": {"numparc": 618, "etat de la localisation": "autre", "ID BDGEO": "141", "horodatage": "2023-05-05 06:30:15", "distance (en metres)": 3017.93, "station": "BIBLIOTHEQUE CHEVALERET", "marker-color": "#818181"}}, {"type": "Feature", "geometry": {"type": "Point", "coordinates": [2.407225, 48.849007]}, "properties": {"numparc": 7364, "etat de la localisation": "autre", "ID BDGEO": "141", "horodatage": "2023-05-05 06:30:20", "distance (en metres)": 3121.15, "station": "BIBLIOTHEQUE CHEVALERET", "marker-color": "#818181"}}, {"type": "Feature", "geometry": {"type": "Point", "coordinates": [2.397085, 48.839512]}, "properties": {"numparc": 7362, "etat de la localisation": "autre", "ID BDGEO": "141", "horodatage": "2023-05-05 06:30:33", "distance (en metres)": 1881.86, "station": "BIBLIOTHEQUE CHEVALERET", "marker-color": "#818181"}}, {"type": "Feature", "geometry": {"type": "Point", "coordinates": [2.385923, 48.835583]}, "properties": {"numparc": 7369, "etat de la localisation": "autre", "ID BDGEO": "377", "horodatage": "2023-05-05 06:31:15", "distance (en metres)": 3756.7, "station": "DENFERT-ROCHEREAU#", "marker-color": "#818181"}}, {"type": "Feature", "geometry": {"type": "Point", "coordinates": [2.406214, 48.851204]}, "properties": {"numparc": 618, "etat de la localisation": "autre", "ID BDGEO": "141", "horodatage": "2023-05-05 06:31:19", "distance (en metres)": 3239.6, "station": "BIBLIOTHEQUE CHEVALERET", "marker-color": "#818181"}}, {"type": "Feature", "geometry": {"type": "Point", "coordinates": [2.407225, 48.849007]}, "properties": {"numparc": 7364, "etat de la localisation": "Delocalise", "ID BDGEO": "141", "horodatage": "2023-05-05 06:31:26", "distance (en metres)": 3121.15, "station": "BIBLIOTHEQUE CHEVALERET", "marker-color": "#FF565E"}}, {"type": "Feature", "geometry": {"type": "Point", "coordinates": [2.383127, 48.834011]}, "properties": {"numparc": 7369, "etat de la localisation": "autre", "ID BDGEO": "377", "horodatage": "2023-05-05 06:32:27", "distance (en metres)": 3544.66, "station": "DENFERT-ROCHEREAU#", "marker-color": "#818181"}}, {"type": "Feature", "geometry": {"type": "Point", "coordinates": [2.405895, 48.852985]}, "properties": {"numparc": 618, "etat de la localisation": "autre", "ID BDGEO": "141", "horodatage": "2023-05-05 06:32:41", "distance (en metres)": 3370.72, "station": "BIBLIOTHEQUE CHEVALERET", "marker-color": "#818181"}}, {"type": "Feature", "geometry": {"type": "Point", "coordinates": [2.407225, 48.849007]}, "properties": {"numparc": 7364, "etat de la localisation": "Delocalise", "ID BDGEO": "141", "horodatage": "2023-05-05 06:33:07", "distance (en metres)": 3121.15, "station": "BIBLIOTHEQUE CHEVALERET", "marker-color": "#FF565E"}}, {"type": "Feature", "geometry": {"type": "Point", "coordinates": [2.406355, 48.876709]}, "properties": {"numparc": 7372, "etat de la localisation": "autre", "ID BDGEO": "377", "horodatage": "2023-05-05 06:33:37", "distance (en metres)": 7121.82, "station": "DENFERT-ROCHEREAU#", "marker-color": "#818181"}}, {"type": "Feature", "geometry": {"type": "Point", "coordinates": [2.379086, 48.831894]}, "properties": {"numparc": 7369, "etat de la localisation": "autre", "ID BDGEO": "377", "horodatage": "2023-05-05 06:33:39", "distance (en metres)": 3252.24, "station": "DENFERT-ROCHEREAU#", "marker-color": "#818181"}}, {"type": "Feature", "geometry": {"type": "Point", "coordinates": [2.404628, 48.856472]}, "properties": {"numparc": 618, "etat de la localisation": "autre", "ID BDGEO": "141", "horodatage": "2023-05-05 06:33:50", "distance (en metres)": 3617.68, "station": "BIBLIOTHEQUE CHEVALERET", "marker-color": "#818181"}}, {"type": "Feature", "geometry": {"type": "Point", "coordinates": [2.405023, 48.842232]}, "properties": {"numparc": 7362, "etat de la localisation": "autre", "ID BDGEO": "141", "horodatage": "2023-05-05 06:34:01", "distance (en metres)": 2533.76, "station": "BIBLIOTHEQUE CHEVALERET", "marker-color": "#818181"}}, {"type": "Feature", "geometry": {"type": "Point", "coordinates": [2.405647, 48.874825]}, "properties": {"numparc": 7372, "etat de la localisation": "autre", "ID BDGEO": "377", "horodatage": "2023-05-05 06:34:42", "distance (en metres)": 6942.95, "station": "DENFERT-ROCHEREAU#", "marker-color": "#818181"}}, {"type": "Feature", "geometry": {"type": "Point", "coordinates": [2.375771, 48.83007]}, "properties": {"numparc": 7369, "etat de la localisation": "autre", "ID BDGEO": "377", "horodatage": "2023-05-05 06:34:45", "distance (en metres)": 3027.67, "station": "DENFERT-ROCHEREAU#", "marker-color": "#818181"}}, {"type": "Feature", "geometry": {"type": "Point", "coordinates": [2.407225, 48.849007]}, "properties": {"numparc": 7364, "etat de la localisation": "Delocalise", "ID BDGEO": "141", "horodatage": "2023-05-05 06:34:47", "distance (en metres)": 3121.15, "station": "BIBLIOTHEQUE CHEVALERET", "marker-color": "#FF565E"}}, {"type": "Feature", "geometry": {"type": "Point", "coordinates": [2.40164, 48.859474]}, "properties": {"numparc": 618, "etat de la localisation": "autre", "ID BDGEO": "141", "horodatage": "2023-05-05 06:34:59", "distance (en metres)": 3779.28, "station": "BIBLIOTHEQUE CHEVALERET", "marker-color": "#818181"}}, {"type": "Feature", "geometry": {"type": "Point", "coordinates": [2.404817, 48.872566]}, "properties": {"numparc": 7372, "etat de la localisation": "autre", "ID BDGEO": "377", "horodatage": "2023-05-05 06:35:40", "distance (en metres)": 6732.46, "station": "DENFERT-ROCHEREAU#", "marker-color": "#818181"}}, {"type": "Feature", "geometry": {"type": "Point", "coordinates": [2.407225, 48.849007]}, "properties": {"numparc": 7364, "etat de la localisation": "Delocalise", "ID BDGEO": "141", "horodatage": "2023-05-05 06:36:21", "distance (en metres)": 3121.15, "station": "BIBLIOTHEQUE CHEVALERET", "marker-color": "#FF565E"}}, {"type": "Feature", "geometry": {"type": "Point", "coordinates": [2.370551, 48.82766]}, "properties": {"numparc": 7369, "etat de la localisation": "autre", "ID BDGEO": "377", "horodatage": "2023-05-05 06:36:23", "distance (en metres)": 2698.85, "station": "DENFERT-ROCHEREAU#", "marker-color": "#818181"}}, {"type": "Feature", "geometry": {"type": "Point", "coordinates": [2.406521, 48.848129]}, "properties": {"numparc": 7362, "etat de la localisation": "autre", "ID BDGEO": "141", "horodatage": "2023-05-05 06:36:27", "distance (en metres)": 3017.55, "station": "BIBLIOTHEQUE CHEVALERET", "marker-color": "#818181"}}, {"type": "Feature", "geometry": {"type": "Point", "coordinates": [2.398861, 48.864319]}, "properties": {"numparc": 618, "etat de la localisation": "autre", "ID BDGEO": "141", "horodatage": "2023-05-05 06:36:39", "distance (en metres)": 4167.39, "station": "BIBLIOTHEQUE CHEVALERET", "marker-color": "#818181"}}, {"type": "Feature", "geometry": {"type": "Point", "coordinates": [2.399134, 48.865635]}, "properties": {"numparc": 618, "etat de la localisation": "autre", "ID BDGEO": "141", "horodatage": "2023-05-05 06:37:35", "distance (en metres)": 4309.43, "station": "BIBLIOTHEQUE CHEVALERET", "marker-color": "#818181"}}, {"type": "Feature", "geometry": {"type": "Point", "coordinates": [2.407225, 48.849007]}, "properties": {"numparc": 7364, "etat de la localisation": "Delocalise", "ID BDGEO": "141", "horodatage": "2023-05-05 06:37:48", "distance (en metres)": 3121.15, "station": "BIBLIOTHEQUE CHEVALERET", "marker-color": "#FF565E"}}, {"type": "Feature", "geometry": {"type": "Point", "coordinates": [2.406335, 48.851177]}, "properties": {"numparc": 7362, "etat de la localisation": "autre", "ID BDGEO": "141", "horodatage": "2023-05-05 06:37:59", "distance (en metres)": 3243.56, "station": "BIBLIOTHEQUE CHEVALERET", "marker-color": "#818181"}}, {"type": "Feature", "geometry": {"type": "Point", "coordinates": [2.364517, 48.826775]}, "properties": {"numparc": 7369, "etat de la localisation": "autre", "ID BDGEO": "377", "horodatage": "2023-05-05 06:38:04", "distance (en metres)": 2301.21, "station": "DENFERT-ROCHEREAU#", "marker-color": "#818181"}}, {"type": "Feature", "geometry": {"type": "Point", "coordinates": [2.401425, 48.868248]}, "properties": {"numparc": 7372, "etat de la localisation": "autre", "ID BDGEO": "377", "horodatage": "2023-05-05 06:38:08", "distance (en metres)": 6235.91, "station": "DENFERT-ROCHEREAU#", "marker-color": "#818181"}}, {"type": "Feature", "geometry": {"type": "Point", "coordinates": [2.406007, 48.85297]}, "properties": {"numparc": 7362, "etat de la localisation": "autre", "ID BDGEO": "141", "horodatage": "2023-05-05 06:38:50", "distance (en metres)": 3374.82, "station": "BIBLIOTHEQUE CHEVALERET", "marker-color": "#818181"}}, {"type": "Feature", "geometry": {"type": "Point", "coordinates": [2.401898, 48.868832]}, "properties": {"numparc": 618, "etat de la localisation": "autre", "ID BDGEO": "141", "horodatage": "2023-05-05 06:38:56", "distance (en metres)": 4716.16, "station": "BIBLIOTHEQUE CHEVALERET", "marker-color": "#818181"}}, {"type": "Feature", "geometry": {"type": "Point", "coordinates": [2.399284, 48.865944]}, "properties": {"numparc": 7372, "etat de la localisation": "autre", "ID BDGEO": "377", "horodatage": "2023-05-05 06:39:24", "distance (en metres)": 5954.83, "station": "DENFERT-ROCHEREAU#", "marker-color": "#818181"}}, {"type": "Feature", "geometry": {"type": "Point", "coordinates": [2.404725, 48.856441]}, "properties": {"numparc": 7362, "etat de la localisation": "autre", "ID BDGEO": "141", "horodatage": "2023-05-05 06:40:01", "distance (en metres)": 3619.07, "station": "BIBLIOTHEQUE CHEVALERET", "marker-color": "#818181"}}, {"type": "Feature", "geometry": {"type": "Point", "coordinates": [2.40413, 48.871403]}, "properties": {"numparc": 618, "etat de la localisation": "autre", "ID BDGEO": "141", "horodatage": "2023-05-05 06:40:59", "distance (en metres)": 5043.81, "station": "BIBLIOTHEQUE CHEVALERET", "marker-color": "#818181"}}, {"type": "Feature", "geometry": {"type": "Point", "coordinates": [2.356764, 48.830326]}, "properties": {"numparc": 7369, "etat de la localisation": "autre", "ID BDGEO": "377", "horodatage": "2023-05-05 06:41:07", "distance (en metres)": 1649.04, "station": "DENFERT-ROCHEREAU#", "marker-color": "#818181"}}, {"type": "Feature", "geometry": {"type": "Point", "coordinates": [2.40024, 48.861668]}, "properties": {"numparc": 7372, "etat de la localisation": "autre", "ID BDGEO": "377", "horodatage": "2023-05-05 06:42:25", "distance (en metres)": 5736.5, "station": "DENFERT-ROCHEREAU#", "marker-color": "#818181"}}, {"type": "Feature", "geometry": {"type": "Point", "coordinates": [2.407869, 48.876633]}, "properties": {"numparc": 7376, "etat de la localisation": "autre", "ID BDGEO": "377", "horodatage": "2023-05-05 06:42:36", "distance (en metres)": 7198.08, "station": "DENFERT-ROCHEREAU#", "marker-color": "#818181"}}, {"type": "Feature", "geometry": {"type": "Point", "coordinates": [2.39888, 48.864323]}, "properties": {"numparc": 7362, "etat de la localisation": "autre", "ID BDGEO": "141", "horodatage": "2023-05-05 06:42:56", "distance (en metres)": 4168.34, "station": "BIBLIOTHEQUE CHEVALERET", "marker-color": "#818181"}}, {"type": "Feature", "geometry": {"type": "Point", "coordinates": [2.406452, 48.876755]}, "properties": {"numparc": 618, "etat de la localisation": "autre", "ID BDGEO": "141", "horodatage": "2023-05-05 06:43:03", "distance (en metres)": 5656.77, "station": "BIBLIOTHEQUE CHEVALERET", "marker-color": "#818181"}}, {"type": "Feature", "geometry": {"type": "Point", "coordinates": [2.402295, 48.858997]}, "properties": {"numparc": 7372, "etat de la localisation": "autre", "ID BDGEO": "377", "horodatage": "2023-05-05 06:43:53", "distance (en metres)": 5708.94, "station": "DENFERT-ROCHEREAU#", "marker-color": "#818181"}}, {"type": "Feature", "geometry": {"type": "Point", "coordinates": [2.407225, 48.849007]}, "properties": {"numparc": 7364, "etat de la localisation": "Delocalise", "ID BDGEO": "141", "horodatage": "2023-05-05 06:43:55", "distance (en metres)": 3121.15, "station": "BIBLIOTHEQUE CHEVALERET", "marker-color": "#FF565E"}}, {"type": "Feature", "geometry": {"type": "Point", "coordinates": [2.349058, 48.829773]}, "properties": {"numparc": 7369, "etat de la localisation": "autre", "ID BDGEO": "377", "horodatage": "2023-05-05 06:44:22", "distance (en metres)": 1123.14, "station": "DENFERT-ROCHEREAU#", "marker-color": "#818181"}}, {"type": "Feature", "geometry": {"type": "Point", "coordinates": [2.399158, 48.865574]}, "properties": {"numparc": 7362, "etat de la localisation": "autre", "ID BDGEO": "141", "horodatage": "2023-05-05 06:44:22", "distance (en metres)": 4303.9, "station": "BIBLIOTHEQUE CHEVALERET", "marker-color": "#818181"}}, {"type": "Feature", "geometry": {"type": "Point", "coordinates": [2.408538, 48.877144]}, "properties": {"numparc": 618, "etat de la localisation": "autre", "ID BDGEO": "377", "horodatage": "2023-05-05 06:45:26", "distance (en metres)": 7272.46, "station": "DENFERT-ROCHEREAU#", "marker-color": "#818181"}}, {"type": "Feature", "geometry": {"type": "Point", "coordinates": [2.404953, 48.856007]}, "properties": {"numparc": 7372, "etat de la localisation": "autre", "ID BDGEO": "377", "horodatage": "2023-05-05 06:45:26", "distance (en metres)": 5724.42, "station": "DENFERT-ROCHEREAU#", "marker-color": "#818181"}}, {"type": "Feature", "geometry": {"type": "Point", "coordinates": [2.4063, 48.876644]}, "properties": {"numparc": 7376, "etat de la localisation": "autre", "ID BDGEO": "377", "horodatage": "2023-05-05 06:45:41", "distance (en metres)": 7113.99, "station": "DENFERT-ROCHEREAU#", "marker-color": "#818181"}}, {"type": "Feature", "geometry": {"type": "Point", "coordinates": [2.343961, 48.831165]}, "properties": {"numparc": 7369, "etat de la localisation": "autre", "ID BDGEO": "377", "horodatage": "2023-05-05 06:45:56", "distance (en metres)": 719.51, "station": "DENFERT-ROCHEREAU#", "marker-color": "#818181"}}, {"type": "Feature", "geometry": {"type": "Point", "coordinates": [2.401905, 48.868732]}, "properties": {"numparc": 7362, "etat de la localisation": "autre", "ID BDGEO": "141", "horodatage": "2023-05-05 06:46:08", "distance (en metres)": 4706.29, "station": "BIBLIOTHEQUE CHEVALERET", "marker-color": "#818181"}}, {"type": "Feature", "geometry": {"type": "Point", "coordinates": [2.405599, 48.874744]}, "properties": {"numparc": 7376, "etat de la localisation": "autre", "ID BDGEO": "377", "horodatage": "2023-05-05 06:46:49", "distance (en metres)": 6934.42, "station": "DENFERT-ROCHEREAU#", "marker-color": "#818181"}}, {"type": "Feature", "geometry": {"type": "Point", "coordinates": [2.407786, 48.876621]}, "properties": {"numparc": 618, "etat de la localisation": "autre", "ID BDGEO": "377", "horodatage": "2023-05-05 06:47:00", "distance (en metres)": 7192.7, "station": "DENFERT-ROCHEREAU#", "marker-color": "#818181"}}, {"type": "Feature", "geometry": {"type": "Point", "coordinates": [2.406031, 48.852421]}, "properties": {"numparc": 7372, "etat de la localisation": "autre", "ID BDGEO": "377", "horodatage": "2023-05-05 06:47:11", "distance (en metres)": 5633.66, "station": "DENFERT-ROCHEREAU#", "marker-color": "#818181"}}, {"type": "Feature", "geometry": {"type": "Point", "coordinates": [2.407225, 48.849007]}, "properties": {"numparc": 7364, "etat de la localisation": "Delocalise", "ID BDGEO": "141", "horodatage": "2023-05-05 06:47:34", "distance (en metres)": 3121.15, "station": "BIBLIOTHEQUE CHEVALERET", "marker-color": "#FF565E"}}, {"type": "Feature", "geometry": {"type": "Point", "coordinates": [2.40409, 48.871254]}, "properties": {"numparc": 7362, "etat de la localisation": "autre", "ID BDGEO": "141", "horodatage": "2023-05-05 06:47:47", "distance (en metres)": 5027.53, "station": "BIBLIOTHEQUE CHEVALERET", "marker-color": "#818181"}}, {"type": "Feature", "geometry": {"type": "Point", "coordinates": [2.404723, 48.872375]}, "properties": {"numparc": 7376, "etat de la localisation": "autre", "ID BDGEO": "377", "horodatage": "2023-05-05 06:47:48", "distance (en metres)": 6713.5, "station": "DENFERT-ROCHEREAU#", "marker-color": "#818181"}}, {"type": "Feature", "geometry": {"type": "Point", "coordinates": [2.333883, 48.834003]}, "properties": {"numparc": 7369, "etat de la localisation": "autre", "ID BDGEO": "377", "horodatage": "2023-05-05 06:48:17", "distance (en metres)": 94.42, "station": "DENFERT-ROCHEREAU#", "marker-color": "#818181"}}, {"type": "Feature", "geometry": {"type": "Point", "coordinates": [2.406297, 48.850269]}, "properties": {"numparc": 7372, "etat de la localisation": "autre", "ID BDGEO": "377", "horodatage": "2023-05-05 06:48:25", "distance (en metres)": 5566.48, "station": "DENFERT-ROCHEREAU#", "marker-color": "#818181"}}, {"type": "Feature", "geometry": {"type": "Point", "coordinates": [2.406278, 48.848236]}, "properties": {"numparc": 7372, "etat de la localisation": "autre", "ID BDGEO": "377", "horodatage": "2023-05-05 06:49:19", "distance (en metres)": 5492.96, "station": "DENFERT-ROCHEREAU#", "marker-color": "#818181"}}, {"type": "Feature", "geometry": {"type": "Point", "coordinates": [2.401205, 48.868084]}, "properties": {"numparc": 7376, "etat de la localisation": "autre", "ID BDGEO": "377", "horodatage": "2023-05-05 06:50:11", "distance (en metres)": 6211.97, "station": "DENFERT-ROCHEREAU#", "marker-color": "#818181"}}, {"type": "Feature", "geometry": {"type": "Point", "coordinates": [2.40637, 48.876625]}, "properties": {"numparc": 7362, "etat de la localisation": "autre", "ID BDGEO": "141", "horodatage": "2023-05-05 06:50:54", "distance (en metres)": 5641.16, "station": "BIBLIOTHEQUE CHEVALERET", "marker-color": "#818181"}}, {"type": "Feature", "geometry": {"type": "Point", "coordinates": [2.406305, 48.87664]}, "properties": {"numparc": 618, "etat de la localisation": "autre", "ID BDGEO": "377", "horodatage": "2023-05-05 06:51:09", "distance (en metres)": 7113.97, "station": "DENFERT-ROCHEREAU#", "marker-color": "#818181"}}, {"type": "Feature", "geometry": {"type": "Point", "coordinates": [2.399251, 48.865864]}, "properties": {"numparc": 7376, "etat de la localisation": "autre", "ID BDGEO": "377", "horodatage": "2023-05-05 06:51:32", "distance (en metres)": 5947.5, "station": "DENFERT-ROCHEREAU#", "marker-color": "#818181"}}, {"type": "Feature", "geometry": {"type": "Point", "coordinates": [2.405657, 48.844505]}, "properties": {"numparc": 7372, "etat de la localisation": "autre", "ID BDGEO": "377", "horodatage": "2023-05-05 06:51:43", "distance (en metres)": 5338.5, "station": "DENFERT-ROCHEREAU#", "marker-color": "#818181"}}, {"type": "Feature", "geometry": {"type": "Point", "coordinates": [2.40561, 48.874722]}, "properties": {"numparc": 618, "etat de la localisation": "autre", "ID BDGEO": "377", "horodatage": "2023-05-05 06:51:54", "distance (en metres)": 6933.33, "station": "DENFERT-ROCHEREAU#", "marker-color": "#818181"}}, {"type": "Feature", "geometry": {"type": "Point", "coordinates": [2.405079, 48.842575]}, "properties": {"numparc": 7372, "etat de la localisation": "autre", "ID BDGEO": "377", "horodatage": "2023-05-05 06:52:35", "distance (en metres)": 5251.34, "station": "DENFERT-ROCHEREAU#", "marker-color": "#818181"}}, {"type": "Feature", "geometry": {"type": "Point", "coordinates": [2.404735, 48.872307]}, "properties": {"numparc": 618, "etat de la localisation": "autre", "ID BDGEO": "377", "horodatage": "2023-05-05 06:52:49", "distance (en metres)": 6709.25, "station": "DENFERT-ROCHEREAU#", "marker-color": "#818181"}}, {"type": "Feature", "geometry": {"type": "Point", "coordinates": [2.398811, 48.864517]}, "properties": {"numparc": 7376, "etat de la localisation": "autre", "ID BDGEO": "377", "horodatage": "2023-05-05 06:53:11", "distance (en metres)": 5831.83, "station": "DENFERT-ROCHEREAU#", "marker-color": "#818181"}}, {"type": "Feature", "geometry": {"type": "Point", "coordinates": [2.408549, 48.877159]}, "properties": {"numparc": 7362, "etat de la localisation": "autre", "ID BDGEO": "377", "horodatage": "2023-05-05 06:53:37", "distance (en metres)": 7274.2, "station": "DENFERT-ROCHEREAU#", "marker-color": "#818181"}}, {"type": "Feature", "geometry": {"type": "Point", "coordinates": [2.403965, 48.839882]}, "properties": {"numparc": 7372, "etat de la localisation": "autre", "ID BDGEO": "377", "horodatage": "2023-05-05 06:53:53", "distance (en metres)": 5120.58, "station": "DENFERT-ROCHEREAU#", "marker-color": "#818181"}}, {"type": "Feature", "geometry": {"type": "Point", "coordinates": [2.40046, 48.86145]}, "properties": {"numparc": 7376, "etat de la localisation": "autre", "ID BDGEO": "377", "horodatage": "2023-05-05 06:54:36", "distance (en metres)": 5736.77, "station": "DENFERT-ROCHEREAU#", "marker-color": "#818181"}}, {"type": "Feature", "geometry": {"type": "Point", "coordinates": [2.407833, 48.876625]}, "properties": {"numparc": 7362, "etat de la localisation": "autre", "ID BDGEO": "377", "horodatage": "2023-05-05 06:54:47", "distance (en metres)": 7195.56, "station": "DENFERT-ROCHEREAU#", "marker-color": "#818181"}}, {"type": "Feature", "geometry": {"type": "Point", "coordinates": [2.379233, 48.831947]}, "properties": {"numparc": 7380, "etat de la localisation": "autre", "ID BDGEO": "141", "horodatage": "2023-05-05 06:54:49", "distance (en metres)": 329.74, "station": "BIBLIOTHEQUE CHEVALERET", "marker-color": "#818181"}}, {"type": "Feature", "geometry": {"type": "Point", "coordinates": [2.401277, 48.868027]}, "properties": {"numparc": 618, "etat de la localisation": "autre", "ID BDGEO": "377", "horodatage": "2023-05-05 06:55:11", "distance (en metres)": 6212.15, "station": "DENFERT-ROCHEREAU#", "marker-color": "#818181"}}, {"type": "Feature", "geometry": {"type": "Point", "coordinates": [2.407225, 48.849007]}, "properties": {"numparc": 7364, "etat de la localisation": "Delocalise", "ID BDGEO": "141", "horodatage": "2023-05-05 06:55:17", "distance (en metres)": 3121.15, "station": "BIBLIOTHEQUE CHEVALERET", "marker-color": "#FF565E"}}, {"type": "Feature", "geometry": {"type": "Point", "coordinates": [2.402451, 48.858948]}, "properties": {"numparc": 7376, "etat de la localisation": "autre", "ID BDGEO": "377", "horodatage": "2023-05-05 06:55:55", "distance (en metres)": 5716.08, "station": "DENFERT-ROCHEREAU#", "marker-color": "#818181"}}, {"type": "Feature", "geometry": {"type": "Point", "coordinates": [2.399454, 48.839706]}, "properties": {"numparc": 7372, "etat de la localisation": "autre", "ID BDGEO": "377", "horodatage": "2023-05-05 06:55:55", "distance (en metres)": 4791.09, "station": "DENFERT-ROCHEREAU#", "marker-color": "#818181"}}, {"type": "Feature", "geometry": {"type": "Point", "coordinates": [2.382915, 48.833923]}, "properties": {"numparc": 7380, "etat de la localisation": "autre", "ID BDGEO": "141", "horodatage": "2023-05-05 06:56:29", "distance (en metres)": 677.47, "station": "BIBLIOTHEQUE CHEVALERET", "marker-color": "#818181"}}, {"type": "Feature", "geometry": {"type": "Point", "coordinates": [2.399286, 48.865749]}, "properties": {"numparc": 618, "etat de la localisation": "autre", "ID BDGEO": "377", "horodatage": "2023-05-05 06:56:33", "distance (en metres)": 5941.82, "station": "DENFERT-ROCHEREAU#", "marker-color": "#818181"}}, {"type": "Feature", "geometry": {"type": "Point", "coordinates": [2.396872, 48.83968]}, "properties": {"numparc": 7372, "etat de la localisation": "autre", "ID BDGEO": "377", "horodatage": "2023-05-05 06:56:43", "distance (en metres)": 4603.8, "station": "DENFERT-ROCHEREAU#", "marker-color": "#818181"}}, {"type": "Feature", "geometry": {"type": "Point", "coordinates": [2.407225, 48.849007]}, "properties": {"numparc": 7364, "etat de la localisation": "autre", "ID BDGEO": "377", "horodatage": "2023-05-05 06:57:30", "distance (en metres)": 5585.15, "station": "DENFERT-ROCHEREAU#", "marker-color": "#818181"}}, {"type": "Feature", "geometry": {"type": "Point", "coordinates": [2.385902, 48.835552]}, "properties": {"numparc": 7380, "etat de la localisation": "autre", "ID BDGEO": "141", "horodatage": "2023-05-05 06:57:46", "distance (en metres)": 961.36, "station": "BIBLIOTHEQUE CHEVALERET", "marker-color": "#818181"}}, {"type": "Feature", "geometry": {"type": "Point", "coordinates": [2.385902, 48.835552]}, "properties": {"numparc": 7380, "etat de la localisation": "autre", "ID BDGEO": "141", "horodatage": "2023-05-05 06:57:52", "distance (en metres)": 961.36, "station": "BIBLIOTHEQUE CHEVALERET", "marker-color": "#818181"}}, {"type": "Feature", "geometry": {"type": "Point", "coordinates": [2.406179, 48.852299]}, "properties": {"numparc": 7376, "etat de la localisation": "autre", "ID BDGEO": "377", "horodatage": "2023-05-05 06:58:05", "distance (en metres)": 5638.62, "station": "DENFERT-ROCHEREAU#", "marker-color": "#818181"}}, {"type": "Feature", "geometry": {"type": "Point", "coordinates": [2.398937, 48.864456]}, "properties": {"numparc": 618, "etat de la localisation": "autre", "ID BDGEO": "377", "horodatage": "2023-05-05 06:58:06", "distance (en metres)": 5835.21, "station": "DENFERT-ROCHEREAU#", "marker-color": "#818181"}}, {"type": "Feature", "geometry": {"type": "Point", "coordinates": [2.40633, 48.876553]}, "properties": {"numparc": 7362, "etat de la localisation": "autre", "ID BDGEO": "377", "horodatage": "2023-05-05 06:58:18", "distance (en metres)": 7108.73, "station": "DENFERT-ROCHEREAU#", "marker-color": "#818181"}}, {"type": "Feature", "geometry": {"type": "Point", "coordinates": [2.406326, 48.876545]}, "properties": {"numparc": 7362, "etat de la localisation": "autre", "ID BDGEO": "377", "horodatage": "2023-05-05 06:58:33", "distance (en metres)": 7107.94, "station": "DENFERT-ROCHEREAU#", "marker-color": "#818181"}}, {"type": "Feature", "geometry": {"type": "Point", "coordinates": [2.39068, 48.837246]}, "properties": {"numparc": 7372, "etat de la localisation": "autre", "ID BDGEO": "377", "horodatage": "2023-05-05 06:59:14", "distance (en metres)": 4119.44, "station": "DENFERT-ROCHEREAU#", "marker-color": "#818181"}}, {"type": "Feature", "geometry": {"type": "Point", "coordinates": [2.390774, 48.837124]}, "properties": {"numparc": 7380, "etat de la localisation": "autre", "ID BDGEO": "141", "horodatage": "2023-05-05 06:59:38", "distance (en metres)": 1350.93, "station": "BIBLIOTHEQUE CHEVALERET", "marker-color": "#818181"}}, {"type": "Feature", "geometry": {"type": "Point", "coordinates": [2.406312, 48.847969]}, "properties": {"numparc": 7376, "etat de la localisation": "autre", "ID BDGEO": "377", "horodatage": "2023-05-05 07:00:12", "distance (en metres)": 5486.48, "station": "DENFERT-ROCHEREAU#", "marker-color": "#818181"}}, {"type": "Feature", "geometry": {"type": "Point", "coordinates": [2.402431, 48.858929]}, "properties": {"numparc": 618, "etat de la localisation": "autre", "ID BDGEO": "377", "horodatage": "2023-05-05 07:00:18", "distance (en metres)": 5713.75, "station": "DENFERT-ROCHEREAU#", "marker-color": "#818181"}}, {"type": "Feature", "geometry": {"type": "Point", "coordinates": [2.404861, 48.872448]}, "properties": {"numparc": 7362, "etat de la localisation": "autre", "ID BDGEO": "377", "horodatage": "2023-05-05 07:00:27", "distance (en metres)": 6726.41, "station": "DENFERT-ROCHEREAU#", "marker-color": "#818181"}}, {"type": "Feature", "geometry": {"type": "Point", "coordinates": [2.393678, 48.838982]}, "properties": {"numparc": 7380, "etat de la localisation": "autre", "ID BDGEO": "141", "horodatage": "2023-05-05 07:01:00", "distance (en metres)": 1644.54, "station": "BIBLIOTHEQUE CHEVALERET", "marker-color": "#818181"}}, {"type": "Feature", "geometry": {"type": "Point", "coordinates": [2.386045, 48.835728]}, "properties": {"numparc": 7372, "etat de la localisation": "autre", "ID BDGEO": "377", "horodatage": "2023-05-05 07:01:20", "distance (en metres)": 3766.7, "station": "DENFERT-ROCHEREAU#", "marker-color": "#818181"}}, {"type": "Feature", "geometry": {"type": "Point", "coordinates": [2.4051, 48.8559]}, "properties": {"numparc": 618, "etat de la localisation": "autre", "ID BDGEO": "377", "horodatage": "2023-05-05 07:02:00", "distance (en metres)": 5728.89, "station": "DENFERT-ROCHEREAU#", "marker-color": "#818181"}}, {"type": "Feature", "geometry": {"type": "Point", "coordinates": [2.399559, 48.865906]}, "properties": {"numparc": 7362, "etat de la localisation": "autre", "ID BDGEO": "377", "horodatage": "2023-05-05 07:02:41", "distance (en metres)": 5968.25, "station": "DENFERT-ROCHEREAU#", "marker-color": "#818181"}}, {"type": "Feature", "geometry": {"type": "Point", "coordinates": [2.405079, 48.842381]}, "properties": {"numparc": 7376, "etat de la localisation": "autre", "ID BDGEO": "377", "horodatage": "2023-05-05 07:02:42", "distance (en metres)": 5247.17, "station": "DENFERT-ROCHEREAU#", "marker-color": "#818181"}}, {"type": "Feature", "geometry": {"type": "Point", "coordinates": [2.407225, 48.849007]}, "properties": {"numparc": 7364, "etat de la localisation": "autre", "ID BDGEO": "377", "horodatage": "2023-05-05 07:03:00", "distance (en metres)": 5585.15, "station": "DENFERT-ROCHEREAU#", "marker-color": "#818181"}}, {"type": "Feature", "geometry": {"type": "Point", "coordinates": [2.379119, 48.831932]}, "properties": {"numparc": 7372, "etat de la localisation": "autre", "ID BDGEO": "377", "horodatage": "2023-05-05 07:03:35", "distance (en metres)": 3254.43, "station": "DENFERT-ROCHEREAU#", "marker-color": "#818181"}}, {"type": "Feature", "geometry": {"type": "Point", "coordinates": [2.396976, 48.839542]}, "properties": {"numparc": 7380, "etat de la localisation": "autre", "ID BDGEO": "141", "horodatage": "2023-05-05 07:03:43", "distance (en metres)": 1877.15, "station": "BIBLIOTHEQUE CHEVALERET", "marker-color": "#818181"}}, {"type": "Feature", "geometry": {"type": "Point", "coordinates": [2.396976, 48.839542]}, "properties": {"numparc": 7380, "etat de la localisation": "autre", "ID BDGEO": "141", "horodatage": "2023-05-05 07:03:54", "distance (en metres)": 1877.15, "station": "BIBLIOTHEQUE CHEVALERET", "marker-color": "#818181"}}, {"type": "Feature", "geometry": {"type": "Point", "coordinates": [2.407225, 48.849007]}, "properties": {"numparc": 7364, "etat de la localisation": "autre", "ID BDGEO": "377", "horodatage": "2023-05-05 07:04:00", "distance (en metres)": 5585.15, "station": "DENFERT-ROCHEREAU#", "marker-color": "#818181"}}, {"type": "Feature", "geometry": {"type": "Point", "coordinates": [2.406185, 48.852257]}, "properties": {"numparc": 618, "etat de la localisation": "autre", "ID BDGEO": "377", "horodatage": "2023-05-05 07:04:25", "distance (en metres)": 5637.29, "station": "DENFERT-ROCHEREAU#", "marker-color": "#818181"}}, {"type": "Feature", "geometry": {"type": "Point", "coordinates": [2.399051, 48.864647]}, "properties": {"numparc": 7362, "etat de la localisation": "autre", "ID BDGEO": "377", "horodatage": "2023-05-05 07:04:32", "distance (en metres)": 5854.5, "station": "DENFERT-ROCHEREAU#", "marker-color": "#818181"}}, {"type": "Feature", "geometry": {"type": "Point", "coordinates": [2.399419, 48.839668]}, "properties": {"numparc": 7376, "etat de la localisation": "autre", "ID BDGEO": "377", "horodatage": "2023-05-05 07:05:01", "distance (en metres)": 4787.93, "station": "DENFERT-ROCHEREAU#", "marker-color": "#818181"}}, {"type": "Feature", "geometry": {"type": "Point", "coordinates": [2.407225, 48.849007]}, "properties": {"numparc": 7364, "etat de la localisation": "autre", "ID BDGEO": "377", "horodatage": "2023-05-05 07:05:07", "distance (en metres)": 5585.15, "station": "DENFERT-ROCHEREAU#", "marker-color": "#818181"}}, {"type": "Feature", "geometry": {"type": "Point", "coordinates": [2.375815, 48.830105]}, "properties": {"numparc": 7372, "etat de la localisation": "autre", "ID BDGEO": "377", "horodatage": "2023-05-05 07:05:12", "distance (en metres)": 3030.4, "station": "DENFERT-ROCHEREAU#", "marker-color": "#818181"}}, {"type": "Feature", "geometry": {"type": "Point", "coordinates": [2.403292, 48.839691]}, "properties": {"numparc": 7380, "etat de la localisation": "autre", "ID BDGEO": "141", "horodatage": "2023-05-05 07:05:39", "distance (en metres)": 2282.26, "station": "BIBLIOTHEQUE CHEVALERET", "marker-color": "#818181"}}, {"type": "Feature", "geometry": {"type": "Point", "coordinates": [2.40052, 48.861526]}, "properties": {"numparc": 7362, "etat de la localisation": "autre", "ID BDGEO": "377", "horodatage": "2023-05-05 07:05:48", "distance (en metres)": 5745.08, "station": "DENFERT-ROCHEREAU#", "marker-color": "#818181"}}, {"type": "Feature", "geometry": {"type": "Point", "coordinates": [2.406343, 48.847855]}, "properties": {"numparc": 618, "etat de la localisation": "autre", "ID BDGEO": "377", "horodatage": "2023-05-05 07:06:15", "distance (en metres)": 5484.9, "station": "DENFERT-ROCHEREAU#", "marker-color": "#818181"}}, {"type": "Feature", "geometry": {"type": "Point", "coordinates": [2.39386, 48.838978]}, "properties": {"numparc": 7376, "etat de la localisation": "autre", "ID BDGEO": "377", "horodatage": "2023-05-05 07:06:58", "distance (en metres)": 4374.27, "station": "DENFERT-ROCHEREAU#", "marker-color": "#818181"}}, {"type": "Feature", "geometry": {"type": "Point", "coordinates": [2.402426, 48.8591]}, "properties": {"numparc": 7362, "etat de la localisation": "autre", "ID BDGEO": "377", "horodatage": "2023-05-05 07:07:03", "distance (en metres)": 5722.95, "station": "DENFERT-ROCHEREAU#", "marker-color": "#818181"}}, {"type": "Feature", "geometry": {"type": "Point", "coordinates": [2.37059, 48.827656]}, "properties": {"numparc": 7372, "etat de la localisation": "autre", "ID BDGEO": "377", "horodatage": "2023-05-05 07:07:21", "distance (en metres)": 2701.71, "station": "DENFERT-ROCHEREAU#", "marker-color": "#818181"}}, {"type": "Feature", "geometry": {"type": "Point", "coordinates": [2.407225, 48.849007]}, "properties": {"numparc": 7364, "etat de la localisation": "autre", "ID BDGEO": "377", "horodatage": "2023-05-05 07:07:22", "distance (en metres)": 5585.15, "station": "DENFERT-ROCHEREAU#", "marker-color": "#818181"}}, {"type": "Feature", "geometry": {"type": "Point", "coordinates": [2.404956, 48.842205]}, "properties": {"numparc": 7380, "etat de la localisation": "autre", "ID BDGEO": "141", "horodatage": "2023-05-05 07:07:53", "distance (en metres)": 2528.03, "station": "BIBLIOTHEQUE CHEVALERET", "marker-color": "#818181"}}, {"type": "Feature", "geometry": {"type": "Point", "coordinates": [2.390626, 48.837219]}, "properties": {"numparc": 7376, "etat de la localisation": "autre", "ID BDGEO": "377", "horodatage": "2023-05-05 07:08:29", "distance (en metres)": 4115.19, "station": "DENFERT-ROCHEREAU#", "marker-color": "#818181"}}, {"type": "Feature", "geometry": {"type": "Point", "coordinates": [2.367813, 48.827332]}, "properties": {"numparc": 7372, "etat de la localisation": "autre", "ID BDGEO": "377", "horodatage": "2023-05-05 07:08:55", "distance (en metres)": 2513.94, "station": "DENFERT-ROCHEREAU#", "marker-color": "#818181"}}, {"type": "Feature", "geometry": {"type": "Point", "coordinates": [2.405174, 48.842392]}, "properties": {"numparc": 618, "etat de la localisation": "autre", "ID BDGEO": "377", "horodatage": "2023-05-05 07:08:56", "distance (en metres)": 5254.25, "station": "DENFERT-ROCHEREAU#", "marker-color": "#818181"}}, {"type": "Feature", "geometry": {"type": "Point", "coordinates": [2.405009, 48.85603]}, "properties": {"numparc": 7362, "etat de la localisation": "autre", "ID BDGEO": "377", "horodatage": "2023-05-05 07:09:01", "distance (en metres)": 5729.22, "station": "DENFERT-ROCHEREAU#", "marker-color": "#818181"}}, {"type": "Feature", "geometry": {"type": "Point", "coordinates": [2.404147, 48.839706]}, "properties": {"numparc": 618, "etat de la localisation": "autre", "ID BDGEO": "377", "horodatage": "2023-05-05 07:10:25", "distance (en metres)": 5131.04, "station": "DENFERT-ROCHEREAU#", "marker-color": "#818181"}}, {"type": "Feature", "geometry": {"type": "Point", "coordinates": [2.407225, 48.849007]}, "properties": {"numparc": 7364, "etat de la localisation": "autre", "ID BDGEO": "377", "horodatage": "2023-05-05 07:10:36", "distance (en metres)": 5585.15, "station": "DENFERT-ROCHEREAU#", "marker-color": "#818181"}}, {"type": "Feature", "geometry": {"type": "Point", "coordinates": [2.385855, 48.835598]}, "properties": {"numparc": 7376, "etat de la localisation": "autre", "ID BDGEO": "377", "horodatage": "2023-05-05 07:10:37", "distance (en metres)": 3751.85, "station": "DENFERT-ROCHEREAU#", "marker-color": "#818181"}}, {"type": "Feature", "geometry": {"type": "Point", "coordinates": [2.406408, 48.847935]}, "properties": {"numparc": 7380, "etat de la localisation": "autre", "ID BDGEO": "141", "horodatage": "2023-05-05 07:10:39", "distance (en metres)": 2997.0, "station": "BIBLIOTHEQUE CHEVALERET", "marker-color": "#818181"}}, {"type": "Feature", "geometry": {"type": "Point", "coordinates": [2.406173, 48.852253]}, "properties": {"numparc": 7362, "etat de la localisation": "autre", "ID BDGEO": "377", "horodatage": "2023-05-05 07:11:04", "distance (en metres)": 5636.32, "station": "DENFERT-ROCHEREAU#", "marker-color": "#818181"}}, {"type": "Feature", "geometry": {"type": "Point", "coordinates": [2.360936, 48.826393]}, "properties": {"numparc": 7372, "etat de la localisation": "autre", "ID BDGEO": "377", "horodatage": "2023-05-05 07:11:21", "distance (en metres)": 2069.84, "station": "DENFERT-ROCHEREAU#", "marker-color": "#818181"}}, {"type": "Feature", "geometry": {"type": "Point", "coordinates": [2.39667, 48.83963]}, "properties": {"numparc": 618, "etat de la localisation": "autre", "ID BDGEO": "377", "horodatage": "2023-05-05 07:11:57", "distance (en metres)": 4588.35, "station": "DENFERT-ROCHEREAU#", "marker-color": "#818181"}}, {"type": "Feature", "geometry": {"type": "Point", "coordinates": [2.406409, 48.85014]}, "properties": {"numparc": 7362, "etat de la localisation": "autre", "ID BDGEO": "377", "horodatage": "2023-05-05 07:12:02", "distance (en metres)": 5569.35, "station": "DENFERT-ROCHEREAU#", "marker-color": "#818181"}}, {"type": "Feature", "geometry": {"type": "Point", "coordinates": [2.382978, 48.834068]}, "properties": {"numparc": 7376, "etat de la localisation": "autre", "ID BDGEO": "377", "horodatage": "2023-05-05 07:12:15", "distance (en metres)": 3533.9, "station": "DENFERT-ROCHEREAU#", "marker-color": "#818181"}}, {"type": "Feature", "geometry": {"type": "Point", "coordinates": [2.406249, 48.851116]}, "properties": {"numparc": 7380, "etat de la localisation": "autre", "ID BDGEO": "141", "horodatage": "2023-05-05 07:13:00", "distance (en metres)": 3234.3, "station": "BIBLIOTHEQUE CHEVALERET", "marker-color": "#818181"}}, {"type": "Feature", "geometry": {"type": "Point", "coordinates": [2.406389, 48.847878]}, "properties": {"numparc": 7362, "etat de la localisation": "autre", "ID BDGEO": "377", "horodatage": "2023-05-05 07:13:07", "distance (en metres)": 5488.87, "station": "DENFERT-ROCHEREAU#", "marker-color": "#818181"}}, {"type": "Feature", "geometry": {"type": "Point", "coordinates": [2.379105, 48.831917]}, "properties": {"numparc": 7376, "etat de la localisation": "autre", "ID BDGEO": "377", "horodatage": "2023-05-05 07:13:10", "distance (en metres)": 3253.51, "station": "DENFERT-ROCHEREAU#", "marker-color": "#818181"}}, {"type": "Feature", "geometry": {"type": "Point", "coordinates": [2.406389, 48.847878]}, "properties": {"numparc": 7362, "etat de la localisation": "autre", "ID BDGEO": "377", "horodatage": "2023-05-05 07:13:47", "distance (en metres)": 5488.87, "station": "DENFERT-ROCHEREAU#", "marker-color": "#818181"}}, {"type": "Feature", "geometry": {"type": "Point", "coordinates": [2.406015, 48.852753]}, "properties": {"numparc": 7380, "etat de la localisation": "autre", "ID BDGEO": "141", "horodatage": "2023-05-05 07:13:49", "distance (en metres)": 3356.99, "station": "BIBLIOTHEQUE CHEVALERET", "marker-color": "#818181"}}, {"type": "Feature", "geometry": {"type": "Point", "coordinates": [2.356745, 48.830349]}, "properties": {"numparc": 7372, "etat de la localisation": "autre", "ID BDGEO": "377", "horodatage": "2023-05-05 07:13:56", "distance (en metres)": 1647.15, "station": "DENFERT-ROCHEREAU#", "marker-color": "#818181"}}, {"type": "Feature", "geometry": {"type": "Point", "coordinates": [2.375747, 48.830059]}, "properties": {"numparc": 7376, "etat de la localisation": "autre", "ID BDGEO": "377", "horodatage": "2023-05-05 07:14:37", "distance (en metres)": 3026.08, "station": "DENFERT-ROCHEREAU#", "marker-color": "#818181"}}, {"type": "Feature", "geometry": {"type": "Point", "coordinates": [2.375675, 48.830006]}, "properties": {"numparc": 7376, "etat de la localisation": "autre", "ID BDGEO": "377", "horodatage": "2023-05-05 07:15:03", "distance (en metres)": 3021.57, "station": "DENFERT-ROCHEREAU#", "marker-color": "#818181"}}, {"type": "Feature", "geometry": {"type": "Point", "coordinates": [2.390618, 48.837166]}, "properties": {"numparc": 618, "etat de la localisation": "autre", "ID BDGEO": "377", "horodatage": "2023-05-05 07:15:08", "distance (en metres)": 4114.01, "station": "DENFERT-ROCHEREAU#", "marker-color": "#818181"}}, {"type": "Feature", "geometry": {"type": "Point", "coordinates": [2.404777, 48.856365]}, "properties": {"numparc": 7380, "etat de la localisation": "autre", "ID BDGEO": "141", "horodatage": "2023-05-05 07:15:26", "distance (en metres)": 3614.44, "station": "BIBLIOTHEQUE CHEVALERET", "marker-color": "#818181"}}, {"type": "Feature", "geometry": {"type": "Point", "coordinates": [2.405127, 48.842346]}, "properties": {"numparc": 7362, "etat de la localisation": "autre", "ID BDGEO": "377", "horodatage": "2023-05-05 07:15:54", "distance (en metres)": 5249.91, "station": "DENFERT-ROCHEREAU#", "marker-color": "#818181"}}, {"type": "Feature", "geometry": {"type": "Point", "coordinates": [2.407225, 48.849007]}, "properties": {"numparc": 7364, "etat de la localisation": "autre", "ID BDGEO": "377", "horodatage": "2023-05-05 07:16:13", "distance (en metres)": 5585.15, "station": "DENFERT-ROCHEREAU#", "marker-color": "#818181"}}, {"type": "Feature", "geometry": {"type": "Point", "coordinates": [2.370554, 48.827595]}, "properties": {"numparc": 7376, "etat de la localisation": "autre", "ID BDGEO": "377", "horodatage": "2023-05-05 07:16:58", "distance (en metres)": 2700.76, "station": "DENFERT-ROCHEREAU#", "marker-color": "#818181"}}, {"type": "Feature", "geometry": {"type": "Point", "coordinates": [2.348997, 48.829842]}, "properties": {"numparc": 7372, "etat de la localisation": "autre", "ID BDGEO": "377", "horodatage": "2023-05-05 07:17:15", "distance (en metres)": 1116.29, "station": "DENFERT-ROCHEREAU#", "marker-color": "#818181"}}, {"type": "Feature", "geometry": {"type": "Point", "coordinates": [2.385845, 48.835575]}, "properties": {"numparc": 618, "etat de la localisation": "autre", "ID BDGEO": "377", "horodatage": "2023-05-05 07:17:31", "distance (en metres)": 3750.95, "station": "DENFERT-ROCHEREAU#", "marker-color": "#818181"}}, {"type": "Feature", "geometry": {"type": "Point", "coordinates": [2.401614, 48.859432]}, "properties": {"numparc": 7380, "etat de la localisation": "autre", "ID BDGEO": "141", "horodatage": "2023-05-05 07:18:04", "distance (en metres)": 3774.29, "station": "BIBLIOTHEQUE CHEVALERET", "marker-color": "#818181"}}, {"type": "Feature", "geometry": {"type": "Point", "coordinates": [2.399458, 48.839642]}, "properties": {"numparc": 7362, "etat de la localisation": "autre", "ID BDGEO": "377", "horodatage": "2023-05-05 07:18:13", "distance (en metres)": 4790.31, "station": "DENFERT-ROCHEREAU#", "marker-color": "#818181"}}, {"type": "Feature", "geometry": {"type": "Point", "coordinates": [2.367585, 48.827175]}, "properties": {"numparc": 7376, "etat de la localisation": "autre", "ID BDGEO": "377", "horodatage": "2023-05-05 07:18:14", "distance (en metres)": 2502.56, "station": "DENFERT-ROCHEREAU#", "marker-color": "#818181"}}, {"type": "Feature", "geometry": {"type": "Point", "coordinates": [2.382982, 48.833942]}, "properties": {"numparc": 618, "etat de la localisation": "autre", "ID BDGEO": "377", "horodatage": "2023-05-05 07:18:59", "distance (en metres)": 3533.91, "station": "DENFERT-ROCHEREAU#", "marker-color": "#818181"}}, {"type": "Feature", "geometry": {"type": "Point", "coordinates": [2.364446, 48.826736]}, "properties": {"numparc": 7376, "etat de la localisation": "autre", "ID BDGEO": "377", "horodatage": "2023-05-05 07:19:02", "distance (en metres)": 2297.63, "station": "DENFERT-ROCHEREAU#", "marker-color": "#818181"}}, {"type": "Feature", "geometry": {"type": "Point", "coordinates": [2.344111, 48.831257]}, "properties": {"numparc": 7372, "etat de la localisation": "autre", "ID BDGEO": "377", "horodatage": "2023-05-05 07:19:09", "distance (en metres)": 726.52, "station": "DENFERT-ROCHEREAU#", "marker-color": "#818181"}}, {"type": "Feature", "geometry": {"type": "Point", "coordinates": [2.364446, 48.826736]}, "properties": {"numparc": 7376, "etat de la localisation": "autre", "ID BDGEO": "377", "horodatage": "2023-05-05 07:19:19", "distance (en metres)": 2297.63, "station": "DENFERT-ROCHEREAU#", "marker-color": "#818181"}}, {"type": "Feature", "geometry": {"type": "Point", "coordinates": [2.398915, 48.864166]}, "properties": {"numparc": 7380, "etat de la localisation": "autre", "ID BDGEO": "141", "horodatage": "2023-05-05 07:19:38", "distance (en metres)": 4153.5, "station": "BIBLIOTHEQUE CHEVALERET", "marker-color": "#818181"}}, {"type": "Feature", "geometry": {"type": "Point", "coordinates": [2.39676, 48.839611]}, "properties": {"numparc": 7362, "etat de la localisation": "autre", "ID BDGEO": "377", "horodatage": "2023-05-05 07:19:39", "distance (en metres)": 4594.54, "station": "DENFERT-ROCHEREAU#", "marker-color": "#818181"}}, {"type": "Feature", "geometry": {"type": "Point", "coordinates": [2.379144, 48.83186]}, "properties": {"numparc": 618, "etat de la localisation": "autre", "ID BDGEO": "377", "horodatage": "2023-05-05 07:20:40", "distance (en metres)": 3256.67, "station": "DENFERT-ROCHEREAU#", "marker-color": "#818181"}}, {"type": "Feature", "geometry": {"type": "Point", "coordinates": [2.399133, 48.86557]}, "properties": {"numparc": 7380, "etat de la localisation": "autre", "ID BDGEO": "141", "horodatage": "2023-05-05 07:21:15", "distance (en metres)": 4302.79, "station": "BIBLIOTHEQUE CHEVALERET", "marker-color": "#818181"}}, {"type": "Feature", "geometry": {"type": "Point", "coordinates": [2.393918, 48.839012]}, "properties": {"numparc": 7362, "etat de la localisation": "autre", "ID BDGEO": "377", "horodatage": "2023-05-05 07:21:50", "distance (en metres)": 4379.01, "station": "DENFERT-ROCHEREAU#", "marker-color": "#818181"}}, {"type": "Feature", "geometry": {"type": "Point", "coordinates": [2.333749, 48.834099]}, "properties": {"numparc": 7372, "etat de la localisation": "autre", "ID BDGEO": "377", "horodatage": "2023-05-05 07:21:57", "distance (en metres)": 108.85, "station": "DENFERT-ROCHEREAU#", "marker-color": "#818181"}}, {"type": "Feature", "geometry": {"type": "Point", "coordinates": [2.375941, 48.830124]}, "properties": {"numparc": 618, "etat de la localisation": "autre", "ID BDGEO": "377", "horodatage": "2023-05-05 07:22:22", "distance (en metres)": 3039.32, "station": "DENFERT-ROCHEREAU#", "marker-color": "#818181"}}, {"type": "Feature", "geometry": {"type": "Point", "coordinates": [2.356683, 48.830418]}, "properties": {"numparc": 7376, "etat de la localisation": "autre", "ID BDGEO": "377", "horodatage": "2023-05-05 07:22:30", "distance (en metres)": 1641.17, "station": "DENFERT-ROCHEREAU#", "marker-color": "#818181"}}, {"type": "Feature", "geometry": {"type": "Point", "coordinates": [2.40184, 48.868721]}, "properties": {"numparc": 7380, "etat de la localisation": "autre", "ID BDGEO": "141", "horodatage": "2023-05-05 07:22:50", "distance (en metres)": 4703.2, "station": "BIBLIOTHEQUE CHEVALERET", "marker-color": "#818181"}}, {"type": "Feature", "geometry": {"type": "Point", "coordinates": [2.390655, 48.837189]}, "properties": {"numparc": 7362, "etat de la localisation": "autre", "ID BDGEO": "377", "horodatage": "2023-05-05 07:23:35", "distance (en metres)": 4116.96, "station": "DENFERT-ROCHEREAU#", "marker-color": "#818181"}}, {"type": "Feature", "geometry": {"type": "Point", "coordinates": [2.370582, 48.827553]}, "properties": {"numparc": 618, "etat de la localisation": "autre", "ID BDGEO": "377", "horodatage": "2023-05-05 07:23:43", "distance (en metres)": 2703.86, "station": "DENFERT-ROCHEREAU#", "marker-color": "#818181"}}, {"type": "Feature", "geometry": {"type": "Point", "coordinates": [2.407225, 48.849007]}, "properties": {"numparc": 7364, "etat de la localisation": "autre", "ID BDGEO": "377", "horodatage": "2023-05-05 07:23:54", "distance (en metres)": 5585.15, "station": "DENFERT-ROCHEREAU#", "marker-color": "#818181"}}, {"type": "Feature", "geometry": {"type": "Point", "coordinates": [2.403963, 48.871223]}, "properties": {"numparc": 7380, "etat de la localisation": "autre", "ID BDGEO": "141", "horodatage": "2023-05-05 07:24:04", "distance (en metres)": 5020.62, "station": "BIBLIOTHEQUE CHEVALERET", "marker-color": "#818181"}}, {"type": "Feature", "geometry": {"type": "Point", "coordinates": [2.334467, 48.833519]}, "properties": {"numparc": 7372, "etat de la localisation": "autre", "ID BDGEO": "348", "horodatage": "2023-05-05 07:24:52", "distance (en metres)": 40.13, "station": "DENFERT-ROCHEREAU", "marker-color": "#818181"}}, {"type": "Feature", "geometry": {"type": "Point", "coordinates": [2.354087, 48.83112]}, "properties": {"numparc": 7376, "etat de la localisation": "autre", "ID BDGEO": "377", "horodatage": "2023-05-05 07:24:59", "distance (en metres)": 1439.95, "station": "DENFERT-ROCHEREAU#", "marker-color": "#818181"}}, {"type": "Feature", "geometry": {"type": "Point", "coordinates": [2.407225, 48.849007]}, "properties": {"numparc": 7364, "etat de la localisation": "autre", "ID BDGEO": "377", "horodatage": "2023-05-05 07:25:10", "distance (en metres)": 5585.15, "station": "DENFERT-ROCHEREAU#", "marker-color": "#818181"}}, {"type": "Feature", "geometry": {"type": "Point", "coordinates": [2.405133, 48.874084]}, "properties": {"numparc": 7380, "etat de la localisation": "autre", "ID BDGEO": "141", "horodatage": "2023-05-05 07:25:12", "distance (en metres)": 5346.05, "station": "BIBLIOTHEQUE CHEVALERET", "marker-color": "#818181"}}, {"type": "Feature", "geometry": {"type": "Point", "coordinates": [2.364491, 48.826675]}, "properties": {"numparc": 618, "etat de la localisation": "autre", "ID BDGEO": "377", "horodatage": "2023-05-05 07:25:35", "distance (en metres)": 2302.94, "station": "DENFERT-ROCHEREAU#", "marker-color": "#818181"}}, {"type": "Feature", "geometry": {"type": "Point", "coordinates": [2.364491, 48.826675]}, "properties": {"numparc": 618, "etat de la localisation": "autre", "ID BDGEO": "377", "horodatage": "2023-05-05 07:25:41", "distance (en metres)": 2302.94, "station": "DENFERT-ROCHEREAU#", "marker-color": "#818181"}}, {"type": "Feature", "geometry": {"type": "Point", "coordinates": [2.385894, 48.835587]}, "properties": {"numparc": 7362, "etat de la localisation": "autre", "ID BDGEO": "377", "horodatage": "2023-05-05 07:25:51", "distance (en metres)": 3754.62, "station": "DENFERT-ROCHEREAU#", "marker-color": "#818181"}}, {"type": "Feature", "geometry": {"type": "Point", "coordinates": [2.406211, 48.876553]}, "properties": {"numparc": 7380, "etat de la localisation": "autre", "ID BDGEO": "141", "horodatage": "2023-05-05 07:26:17", "distance (en metres)": 5629.15, "station": "BIBLIOTHEQUE CHEVALERET", "marker-color": "#818181"}}, {"type": "Feature", "geometry": {"type": "Point", "coordinates": [2.383061, 48.834019]}, "properties": {"numparc": 7362, "etat de la localisation": "autre", "ID BDGEO": "377", "horodatage": "2023-05-05 07:27:20", "distance (en metres)": 3539.85, "station": "DENFERT-ROCHEREAU#", "marker-color": "#818181"}}, {"type": "Feature", "geometry": {"type": "Point", "coordinates": [2.344006, 48.831238]}, "properties": {"numparc": 7376, "etat de la localisation": "autre", "ID BDGEO": "377", "horodatage": "2023-05-05 07:27:38", "distance (en metres)": 719.94, "station": "DENFERT-ROCHEREAU#", "marker-color": "#818181"}}, {"type": "Feature", "geometry": {"type": "Point", "coordinates": [2.358939, 48.82753]}, "properties": {"numparc": 618, "etat de la localisation": "autre", "ID BDGEO": "377", "horodatage": "2023-05-05 07:27:52", "distance (en metres)": 1888.03, "station": "DENFERT-ROCHEREAU#", "marker-color": "#818181"}}, {"type": "Feature", "geometry": {"type": "Point", "coordinates": [2.379031, 48.832005]}, "properties": {"numparc": 7369, "etat de la localisation": "autre", "ID BDGEO": "141", "horodatage": "2023-05-05 07:27:59", "distance (en metres)": 322.68, "station": "BIBLIOTHEQUE CHEVALERET", "marker-color": "#818181"}}, {"type": "Feature", "geometry": {"type": "Point", "coordinates": [2.356634, 48.830414]}, "properties": {"numparc": 618, "etat de la localisation": "autre", "ID BDGEO": "377", "horodatage": "2023-05-05 07:28:59", "distance (en metres)": 1637.73, "station": "DENFERT-ROCHEREAU#", "marker-color": "#818181"}}, {"type": "Feature", "geometry": {"type": "Point", "coordinates": [2.407856, 48.876625]}, "properties": {"numparc": 7380, "etat de la localisation": "autre", "ID BDGEO": "377", "horodatage": "2023-05-05 07:29:24", "distance (en metres)": 7196.8, "station": "DENFERT-ROCHEREAU#", "marker-color": "#818181"}}, {"type": "Feature", "geometry": {"type": "Point", "coordinates": [2.356577, 48.830463]}, "properties": {"numparc": 618, "etat de la localisation": "autre", "ID BDGEO": "377", "horodatage": "2023-05-05 07:29:28", "distance (en metres)": 1632.55, "station": "DENFERT-ROCHEREAU#", "marker-color": "#818181"}}, {"type": "Feature", "geometry": {"type": "Point", "coordinates": [2.382869, 48.83387]}, "properties": {"numparc": 7369, "etat de la localisation": "autre", "ID BDGEO": "141", "horodatage": "2023-05-05 07:29:47", "distance (en metres)": 671.11, "station": "BIBLIOTHEQUE CHEVALERET", "marker-color": "#818181"}}, {"type": "Feature", "geometry": {"type": "Point", "coordinates": [2.375935, 48.830204]}, "properties": {"numparc": 7362, "etat de la localisation": "autre", "ID BDGEO": "377", "horodatage": "2023-05-05 07:30:34", "distance (en metres)": 3037.84, "station": "DENFERT-ROCHEREAU#", "marker-color": "#818181"}}, {"type": "Feature", "geometry": {"type": "Point", "coordinates": [2.386066, 48.835541]}, "properties": {"numparc": 7369, "etat de la localisation": "autre", "ID BDGEO": "141", "horodatage": "2023-05-05 07:30:52", "distance (en metres)": 969.87, "station": "BIBLIOTHEQUE CHEVALERET", "marker-color": "#818181"}}, {"type": "Feature", "geometry": {"type": "Point", "coordinates": [2.333727, 48.834141]}, "properties": {"numparc": 7376, "etat de la localisation": "autre", "ID BDGEO": "377", "horodatage": "2023-05-05 07:31:38", "distance (en metres)": 113.47, "station": "DENFERT-ROCHEREAU#", "marker-color": "#818181"}}, {"type": "Feature", "geometry": {"type": "Point", "coordinates": [2.406362, 48.876659]}, "properties": {"numparc": 7380, "etat de la localisation": "autre", "ID BDGEO": "377", "horodatage": "2023-05-05 07:32:12", "distance (en metres)": 7118.48, "station": "DENFERT-ROCHEREAU#", "marker-color": "#818181"}}, {"type": "Feature", "geometry": {"type": "Point", "coordinates": [2.390708, 48.837177]}, "properties": {"numparc": 7369, "etat de la localisation": "autre", "ID BDGEO": "141", "horodatage": "2023-05-05 07:32:22", "distance (en metres)": 1350.47, "station": "BIBLIOTHEQUE CHEVALERET", "marker-color": "#818181"}}, {"type": "Feature", "geometry": {"type": "Point", "coordinates": [2.40637, 48.876652]}, "properties": {"numparc": 7380, "etat de la localisation": "autre", "ID BDGEO": "377", "horodatage": "2023-05-05 07:32:29", "distance (en metres)": 7118.33, "station": "DENFERT-ROCHEREAU#", "marker-color": "#818181"}}, {"type": "Feature", "geometry": {"type": "Point", "coordinates": [2.405656, 48.874809]}, "properties": {"numparc": 7380, "etat de la localisation": "autre", "ID BDGEO": "377", "horodatage": "2023-05-05 07:33:24", "distance (en metres)": 6942.32, "station": "DENFERT-ROCHEREAU#", "marker-color": "#818181"}}, {"type": "Feature", "geometry": {"type": "Point", "coordinates": [2.370579, 48.827595]}, "properties": {"numparc": 7362, "etat de la localisation": "autre", "ID BDGEO": "377", "horodatage": "2023-05-05 07:33:47", "distance (en metres)": 2702.54, "station": "DENFERT-ROCHEREAU#", "marker-color": "#818181"}}, {"type": "Feature", "geometry": {"type": "Point", "coordinates": [2.343883, 48.8312]}, "properties": {"numparc": 618, "etat de la localisation": "autre", "ID BDGEO": "377", "horodatage": "2023-05-05 07:34:02", "distance (en metres)": 712.85, "station": "DENFERT-ROCHEREAU#", "marker-color": "#818181"}}, {"type": "Feature", "geometry": {"type": "Point", "coordinates": [2.404734, 48.872444]}, "properties": {"numparc": 7380, "etat de la localisation": "autre", "ID BDGEO": "377", "horodatage": "2023-05-05 07:34:17", "distance (en metres)": 6719.04, "station": "DENFERT-ROCHEREAU#", "marker-color": "#818181"}}, {"type": "Feature", "geometry": {"type": "Point", "coordinates": [2.407225, 48.849007]}, "properties": {"numparc": 7364, "etat de la localisation": "autre", "ID BDGEO": "377", "horodatage": "2023-05-05 07:34:20", "distance (en metres)": 5585.15, "station": "DENFERT-ROCHEREAU#", "marker-color": "#818181"}}, {"type": "Feature", "geometry": {"type": "Point", "coordinates": [2.39358, 48.838825]}, "properties": {"numparc": 7369, "etat de la localisation": "autre", "ID BDGEO": "141", "horodatage": "2023-05-05 07:34:21", "distance (en metres)": 1628.36, "station": "BIBLIOTHEQUE CHEVALERET", "marker-color": "#818181"}}, {"type": "Feature", "geometry": {"type": "Point", "coordinates": [2.367625, 48.827194]}, "properties": {"numparc": 7362, "etat de la localisation": "autre", "ID BDGEO": "377", "horodatage": "2023-05-05 07:34:42", "distance (en metres)": 2504.8, "station": "DENFERT-ROCHEREAU#", "marker-color": "#818181"}}, {"type": "Feature", "geometry": {"type": "Point", "coordinates": [2.407225, 48.849007]}, "properties": {"numparc": 7364, "etat de la localisation": "autre", "ID BDGEO": "377", "horodatage": "2023-05-05 07:35:41", "distance (en metres)": 5585.15, "station": "DENFERT-ROCHEREAU#", "marker-color": "#818181"}}, {"type": "Feature", "geometry": {"type": "Point", "coordinates": [2.364497, 48.826756]}, "properties": {"numparc": 7362, "etat de la localisation": "autre", "ID BDGEO": "377", "horodatage": "2023-05-05 07:35:48", "distance (en metres)": 2300.5, "station": "DENFERT-ROCHEREAU#", "marker-color": "#818181"}}, {"type": "Feature", "geometry": {"type": "Point", "coordinates": [2.401412, 48.868179]}, "properties": {"numparc": 7380, "etat de la localisation": "autre", "ID BDGEO": "377", "horodatage": "2023-05-05 07:36:04", "distance (en metres)": 6230.42, "station": "DENFERT-ROCHEREAU#", "marker-color": "#818181"}}, {"type": "Feature", "geometry": {"type": "Point", "coordinates": [2.360754, 48.826244]}, "properties": {"numparc": 7362, "etat de la localisation": "autre", "ID BDGEO": "377", "horodatage": "2023-05-05 07:36:50", "distance (en metres)": 2063.78, "station": "DENFERT-ROCHEREAU#", "marker-color": "#818181"}}, {"type": "Feature", "geometry": {"type": "Point", "coordinates": [2.396977, 48.839539]}, "properties": {"numparc": 7369, "etat de la localisation": "autre", "ID BDGEO": "141", "horodatage": "2023-05-05 07:36:55", "distance (en metres)": 1876.97, "station": "BIBLIOTHEQUE CHEVALERET", "marker-color": "#818181"}}, {"type": "Feature", "geometry": {"type": "Point", "coordinates": [2.399484, 48.865936]}, "properties": {"numparc": 7380, "etat de la localisation": "autre", "ID BDGEO": "377", "horodatage": "2023-05-05 07:37:04", "distance (en metres)": 5965.94, "station": "DENFERT-ROCHEREAU#", "marker-color": "#818181"}}, {"type": "Feature", "geometry": {"type": "Point", "coordinates": [2.407225, 48.849007]}, "properties": {"numparc": 7364, "etat de la localisation": "autre", "ID BDGEO": "377", "horodatage": "2023-05-05 07:37:09", "distance (en metres)": 5585.15, "station": "DENFERT-ROCHEREAU#", "marker-color": "#818181"}}, {"type": "Feature", "geometry": {"type": "Point", "coordinates": [2.399031, 48.864613]}, "properties": {"numparc": 7380, "etat de la localisation": "autre", "ID BDGEO": "377", "horodatage": "2023-05-05 07:37:58", "distance (en metres)": 5851.06, "station": "DENFERT-ROCHEREAU#", "marker-color": "#818181"}}, {"type": "Feature", "geometry": {"type": "Point", "coordinates": [2.333798, 48.834019]}, "properties": {"numparc": 618, "etat de la localisation": "autre", "ID BDGEO": "377", "horodatage": "2023-05-05 07:38:48", "distance (en metres)": 99.78, "station": "DENFERT-ROCHEREAU#", "marker-color": "#818181"}}, {"type": "Feature", "geometry": {"type": "Point", "coordinates": [2.407225, 48.849007]}, "properties": {"numparc": 7364, "etat de la localisation": "autre", "ID BDGEO": "377", "horodatage": "2023-05-05 07:38:52", "distance (en metres)": 5585.15, "station": "DENFERT-ROCHEREAU#", "marker-color": "#818181"}}, {"type": "Feature", "geometry": {"type": "Point", "coordinates": [2.403213, 48.839828]}, "properties": {"numparc": 7369, "etat de la localisation": "autre", "ID BDGEO": "141", "horodatage": "2023-05-05 07:38:53", "distance (en metres)": 2284.38, "station": "BIBLIOTHEQUE CHEVALERET", "marker-color": "#818181"}}, {"type": "Feature", "geometry": {"type": "Point", "coordinates": [2.403213, 48.839828]}, "properties": {"numparc": 7369, "etat de la localisation": "autre", "ID BDGEO": "141", "horodatage": "2023-05-05 07:38:57", "distance (en metres)": 2284.38, "station": "BIBLIOTHEQUE CHEVALERET", "marker-color": "#818181"}}, {"type": "Feature", "geometry": {"type": "Point", "coordinates": [2.356697, 48.830345]}, "properties": {"numparc": 7362, "etat de la localisation": "autre", "ID BDGEO": "377", "horodatage": "2023-05-05 07:39:05", "distance (en metres)": 1643.8, "station": "DENFERT-ROCHEREAU#", "marker-color": "#818181"}}, {"type": "Feature", "geometry": {"type": "Point", "coordinates": [2.402326, 48.85915]}, "properties": {"numparc": 7380, "etat de la localisation": "autre", "ID BDGEO": "377", "horodatage": "2023-05-05 07:40:23", "distance (en metres)": 5719.38, "station": "DENFERT-ROCHEREAU#", "marker-color": "#818181"}}, {"type": "Feature", "geometry": {"type": "Point", "coordinates": [2.40492, 48.842247]}, "properties": {"numparc": 7369, "etat de la localisation": "autre", "ID BDGEO": "141", "horodatage": "2023-05-05 07:41:18", "distance (en metres)": 2528.3, "station": "BIBLIOTHEQUE CHEVALERET", "marker-color": "#818181"}}, {"type": "Feature", "geometry": {"type": "Point", "coordinates": [2.407225, 48.849007]}, "properties": {"numparc": 7364, "etat de la localisation": "autre", "ID BDGEO": "377", "horodatage": "2023-05-05 07:41:21", "distance (en metres)": 5585.15, "station": "DENFERT-ROCHEREAU#", "marker-color": "#818181"}}, {"type": "Feature", "geometry": {"type": "Point", "coordinates": [2.343935, 48.831249]}, "properties": {"numparc": 7362, "etat de la localisation": "autre", "ID BDGEO": "377", "horodatage": "2023-05-05 07:43:29", "distance (en metres)": 714.61, "station": "DENFERT-ROCHEREAU#", "marker-color": "#818181"}}, {"type": "Feature", "geometry": {"type": "Point", "coordinates": [2.406484, 48.848137]}, "properties": {"numparc": 7369, "etat de la localisation": "autre", "ID BDGEO": "141", "horodatage": "2023-05-05 07:43:54", "distance (en metres)": 3016.08, "station": "BIBLIOTHEQUE CHEVALERET", "marker-color": "#818181"}}, {"type": "Feature", "geometry": {"type": "Point", "coordinates": [2.407225, 48.849007]}, "properties": {"numparc": 7364, "etat de la localisation": "autre", "ID BDGEO": "377", "horodatage": "2023-05-05 07:44:44", "distance (en metres)": 5585.15, "station": "DENFERT-ROCHEREAU#", "marker-color": "#818181"}}, {"type": "Feature", "geometry": {"type": "Point", "coordinates": [2.339164, 48.832558]}, "properties": {"numparc": 7362, "etat de la localisation": "autre", "ID BDGEO": "377", "horodatage": "2023-05-05 07:44:57", "distance (en metres)": 337.82, "station": "DENFERT-ROCHEREAU#", "marker-color": "#818181"}}, {"type": "Feature", "geometry": {"type": "Point", "coordinates": [2.40633, 48.851151]}, "properties": {"numparc": 7369, "etat de la localisation": "autre", "ID BDGEO": "141", "horodatage": "2023-05-05 07:45:23", "distance (en metres)": 3241.15, "station": "BIBLIOTHEQUE CHEVALERET", "marker-color": "#818181"}}, {"type": "Feature", "geometry": {"type": "Point", "coordinates": [2.407225, 48.849007]}, "properties": {"numparc": 7364, "etat de la localisation": "autre", "ID BDGEO": "377", "horodatage": "2023-05-05 07:45:51", "distance (en metres)": 5585.15, "station": "DENFERT-ROCHEREAU#", "marker-color": "#818181"}}, {"type": "Feature", "geometry": {"type": "Point", "coordinates": [2.334469, 48.833546]}, "properties": {"numparc": 7376, "etat de la localisation": "autre", "ID BDGEO": "348", "horodatage": "2023-05-05 07:45:53", "distance (en metres)": 41.9, "station": "DENFERT-ROCHEREAU", "marker-color": "#818181"}}, {"type": "Feature", "geometry": {"type": "Point", "coordinates": [2.406037, 48.852978]}, "properties": {"numparc": 7369, "etat de la localisation": "autre", "ID BDGEO": "141", "horodatage": "2023-05-05 07:47:02", "distance (en metres)": 3376.9, "station": "BIBLIOTHEQUE CHEVALERET", "marker-color": "#818181"}}, {"type": "Feature", "geometry": {"type": "Point", "coordinates": [2.333764, 48.834129]}, "properties": {"numparc": 7362, "etat de la localisation": "autre", "ID BDGEO": "377", "horodatage": "2023-05-05 07:47:29", "distance (en metres)": 110.77, "station": "DENFERT-ROCHEREAU#", "marker-color": "#818181"}}, {"type": "Feature", "geometry": {"type": "Point", "coordinates": [2.404777, 48.856419]}, "properties": {"numparc": 7369, "etat de la localisation": "autre", "ID BDGEO": "141", "horodatage": "2023-05-05 07:48:52", "distance (en metres)": 3619.24, "station": "BIBLIOTHEQUE CHEVALERET", "marker-color": "#818181"}}, {"type": "Feature", "geometry": {"type": "Point", "coordinates": [2.401619, 48.859512]}, "properties": {"numparc": 7369, "etat de la localisation": "autre", "ID BDGEO": "141", "horodatage": "2023-05-05 07:50:34", "distance (en metres)": 3782.18, "station": "BIBLIOTHEQUE CHEVALERET", "marker-color": "#818181"}}, {"type": "Feature", "geometry": {"type": "Point", "coordinates": [2.331651, 48.833805]}, "properties": {"numparc": 7362, "etat de la localisation": "autre", "ID BDGEO": "346", "horodatage": "2023-05-05 07:51:37", "distance (en metres)": 5778.35, "station": "LAGNY SORTIE#", "marker-color": "#818181"}}, {"type": "Feature", "geometry": {"type": "Point", "coordinates": [2.400098, 48.861969]}, "properties": {"numparc": 7369, "etat de la localisation": "autre", "ID BDGEO": "141", "horodatage": "2023-05-05 07:51:47", "distance (en metres)": 3969.81, "station": "BIBLIOTHEQUE CHEVALERET", "marker-color": "#818181"}}, {"type": "Feature", "geometry": {"type": "Point", "coordinates": [2.331651, 48.833805]}, "properties": {"numparc": 7362, "etat de la localisation": "autre", "ID BDGEO": "346", "horodatage": "2023-05-05 07:52:12", "distance (en metres)": 5778.35, "station": "LAGNY SORTIE#", "marker-color": "#818181"}}, {"type": "Feature", "geometry": {"type": "Point", "coordinates": [2.398865, 48.864277]}, "properties": {"numparc": 7369, "etat de la localisation": "autre", "ID BDGEO": "141", "horodatage": "2023-05-05 07:54:02", "distance (en metres)": 4163.24, "station": "BIBLIOTHEQUE CHEVALERET", "marker-color": "#818181"}}, {"type": "Feature", "geometry": {"type": "Point", "coordinates": [2.332494, 48.833473]}, "properties": {"numparc": 7362, "etat de la localisation": "autre", "ID BDGEO": "377", "horodatage": "2023-05-05 07:55:31", "distance (en metres)": 162.68, "station": "DENFERT-ROCHEREAU#", "marker-color": "#818181"}}, {"type": "Feature", "geometry": {"type": "Point", "coordinates": [2.399106, 48.865578]}, "properties": {"numparc": 7369, "etat de la localisation": "autre", "ID BDGEO": "141", "horodatage": "2023-05-05 07:55:47", "distance (en metres)": 4302.78, "station": "BIBLIOTHEQUE CHEVALERET", "marker-color": "#818181"}}, {"type": "Feature", "geometry": {"type": "Point", "coordinates": [2.379249, 48.831909]}, "properties": {"numparc": 7372, "etat de la localisation": "autre", "ID BDGEO": "141", "horodatage": "2023-05-05 07:56:39", "distance (en metres)": 327.99, "station": "BIBLIOTHEQUE CHEVALERET", "marker-color": "#818181"}}, {"type": "Feature", "geometry": {"type": "Point", "coordinates": [2.407225, 48.849007]}, "properties": {"numparc": 7364, "etat de la localisation": "autre", "ID BDGEO": "377", "horodatage": "2023-05-05 07:56:45", "distance (en metres)": 5585.15, "station": "DENFERT-ROCHEREAU#", "marker-color": "#818181"}}, {"type": "Feature", "geometry": {"type": "Point", "coordinates": [2.407225, 48.849007]}, "properties": {"numparc": 7364, "etat de la localisation": "autre", "ID BDGEO": "377", "horodatage": "2023-05-05 07:57:36", "distance (en metres)": 5585.15, "station": "DENFERT-ROCHEREAU#", "marker-color": "#818181"}}, {"type": "Feature", "geometry": {"type": "Point", "coordinates": [2.334383, 48.833534]}, "properties": {"numparc": 7362, "etat de la localisation": "autre", "ID BDGEO": "348", "horodatage": "2023-05-05 07:57:51", "distance (en metres)": 46.08, "station": "DENFERT-ROCHEREAU", "marker-color": "#818181"}}, {"type": "Feature", "geometry": {"type": "Point", "coordinates": [2.401665, 48.868252]}, "properties": {"numparc": 7369, "etat de la localisation": "autre", "ID BDGEO": "141", "horodatage": "2023-05-05 07:58:14", "distance (en metres)": 4650.33, "station": "BIBLIOTHEQUE CHEVALERET", "marker-color": "#818181"}}, {"type": "Feature", "geometry": {"type": "Point", "coordinates": [2.403872, 48.870735]}, "properties": {"numparc": 7369, "etat de la localisation": "autre", "ID BDGEO": "141", "horodatage": "2023-05-05 07:59:18", "distance (en metres)": 4968.42, "station": "BIBLIOTHEQUE CHEVALERET", "marker-color": "#818181"}}, {"type": "Feature", "geometry": {"type": "Point", "coordinates": [2.385849, 48.83551]}, "properties": {"numparc": 7372, "etat de la localisation": "autre", "ID BDGEO": "141", "horodatage": "2023-05-05 07:59:50", "distance (en metres)": 955.41, "station": "BIBLIOTHEQUE CHEVALERET", "marker-color": "#818181"}}, {"type": "Feature", "geometry": {"type": "Point", "coordinates": [2.407225, 48.849007]}, "properties": {"numparc": 7364, "etat de la localisation": "Delocalise", "ID BDGEO": "141", "horodatage": "2023-05-05 08:01:01", "distance (en metres)": 3121.15, "station": "BIBLIOTHEQUE CHEVALERET", "marker-color": "#FF565E"}}, {"type": "Feature", "geometry": {"type": "Point", "coordinates": [2.406461, 48.876724]}, "properties": {"numparc": 7369, "etat de la localisation": "autre", "ID BDGEO": "141", "horodatage": "2023-05-05 08:01:37", "distance (en metres)": 5653.93, "station": "BIBLIOTHEQUE CHEVALERET", "marker-color": "#818181"}}, {"type": "Feature", "geometry": {"type": "Point", "coordinates": [2.390609, 48.837082]}, "properties": {"numparc": 7372, "etat de la localisation": "autre", "ID BDGEO": "141", "horodatage": "2023-05-05 08:01:57", "distance (en metres)": 1338.4, "station": "BIBLIOTHEQUE CHEVALERET", "marker-color": "#818181"}}, {"type": "Feature", "geometry": {"type": "Point", "coordinates": [2.390701, 48.837097]}, "properties": {"numparc": 7372, "etat de la localisation": "autre", "ID BDGEO": "141", "horodatage": "2023-05-05 08:02:38", "distance (en metres)": 1344.86, "station": "BIBLIOTHEQUE CHEVALERET", "marker-color": "#818181"}}, {"type": "Feature", "geometry": {"type": "Point", "coordinates": [2.408571, 48.87719]}, "properties": {"numparc": 7369, "etat de la localisation": "autre", "ID BDGEO": "377", "horodatage": "2023-05-05 08:03:36", "distance (en metres)": 7277.66, "station": "DENFERT-ROCHEREAU#", "marker-color": "#818181"}}, {"type": "Feature", "geometry": {"type": "Point", "coordinates": [2.407225, 48.849007]}, "properties": {"numparc": 7364, "etat de la localisation": "Delocalise", "ID BDGEO": "141", "horodatage": "2023-05-05 08:03:43", "distance (en metres)": 3121.15, "station": "BIBLIOTHEQUE CHEVALERET", "marker-color": "#FF565E"}}, {"type": "Feature", "geometry": {"type": "Point", "coordinates": [2.393742, 48.838955]}, "properties": {"numparc": 7372, "etat de la localisation": "autre", "ID BDGEO": "141", "horodatage": "2023-05-05 08:04:22", "distance (en metres)": 1646.5, "station": "BIBLIOTHEQUE CHEVALERET", "marker-color": "#818181"}}, {"type": "Feature", "geometry": {"type": "Point", "coordinates": [2.407225, 48.849007]}, "properties": {"numparc": 7364, "etat de la localisation": "Delocalise", "ID BDGEO": "141", "horodatage": "2023-05-05 08:05:29", "distance (en metres)": 3121.15, "station": "BIBLIOTHEQUE CHEVALERET", "marker-color": "#FF565E"}}, {"type": "Feature", "geometry": {"type": "Point", "coordinates": [2.407225, 48.849007]}, "properties": {"numparc": 7364, "etat de la localisation": "Delocalise", "ID BDGEO": "141", "horodatage": "2023-05-05 08:07:16", "distance (en metres)": 3121.15, "station": "BIBLIOTHEQUE CHEVALERET", "marker-color": "#FF565E"}}, {"type": "Feature", "geometry": {"type": "Point", "coordinates": [2.397026, 48.839489]}, "properties": {"numparc": 7372, "etat de la localisation": "autre", "ID BDGEO": "141", "horodatage": "2023-05-05 08:07:41", "distance (en metres)": 1876.86, "station": "BIBLIOTHEQUE CHEVALERET", "marker-color": "#818181"}}, {"type": "Feature", "geometry": {"type": "Point", "coordinates": [2.407861, 48.876625]}, "properties": {"numparc": 7369, "etat de la localisation": "autre", "ID BDGEO": "377", "horodatage": "2023-05-05 08:07:54", "distance (en metres)": 7197.07, "station": "DENFERT-ROCHEREAU#", "marker-color": "#818181"}}, {"type": "Feature", "geometry": {"type": "Point", "coordinates": [2.399289, 48.839508]}, "properties": {"numparc": 7372, "etat de la localisation": "autre", "ID BDGEO": "141", "horodatage": "2023-05-05 08:09:01", "distance (en metres)": 2017.49, "station": "BIBLIOTHEQUE CHEVALERET", "marker-color": "#818181"}}, {"type": "Feature", "geometry": {"type": "Point", "coordinates": [2.407225, 48.849007]}, "properties": {"numparc": 7364, "etat de la localisation": "Delocalise", "ID BDGEO": "141", "horodatage": "2023-05-05 08:09:07", "distance (en metres)": 3121.15, "station": "BIBLIOTHEQUE CHEVALERET", "marker-color": "#FF565E"}}, {"type": "Feature", "geometry": {"type": "Point", "coordinates": [2.403491, 48.839649]}, "properties": {"numparc": 7372, "etat de la localisation": "autre", "ID BDGEO": "141", "horodatage": "2023-05-05 08:11:00", "distance (en metres)": 2292.97, "station": "BIBLIOTHEQUE CHEVALERET", "marker-color": "#818181"}}, {"type": "Feature", "geometry": {"type": "Point", "coordinates": [2.407225, 48.849007]}, "properties": {"numparc": 7364, "etat de la localisation": "Delocalise", "ID BDGEO": "141", "horodatage": "2023-05-05 08:11:15", "distance (en metres)": 3121.15, "station": "BIBLIOTHEQUE CHEVALERET", "marker-color": "#FF565E"}}, {"type": "Feature", "geometry": {"type": "Point", "coordinates": [2.406405, 48.876808]}, "properties": {"numparc": 7369, "etat de la localisation": "autre", "ID BDGEO": "377", "horodatage": "2023-05-05 08:12:37", "distance (en metres)": 7131.98, "station": "DENFERT-ROCHEREAU#", "marker-color": "#818181"}}, {"type": "Feature", "geometry": {"type": "Point", "coordinates": [2.406405, 48.876808]}, "properties": {"numparc": 7369, "etat de la localisation": "autre", "ID BDGEO": "377", "horodatage": "2023-05-05 08:12:39", "distance (en metres)": 7131.98, "station": "DENFERT-ROCHEREAU#", "marker-color": "#818181"}}, {"type": "Feature", "geometry": {"type": "Point", "coordinates": [2.384512, 48.834827]}, "properties": {"numparc": 7376, "etat de la localisation": "autre", "ID BDGEO": "141", "horodatage": "2023-05-05 08:12:47", "distance (en metres)": 831.6, "station": "BIBLIOTHEQUE CHEVALERET", "marker-color": "#818181"}}, {"type": "Feature", "geometry": {"type": "Point", "coordinates": [2.407225, 48.849007]}, "properties": {"numparc": 7364, "etat de la localisation": "Delocalise", "ID BDGEO": "141", "horodatage": "2023-05-05 08:13:06", "distance (en metres)": 3121.15, "station": "BIBLIOTHEQUE CHEVALERET", "marker-color": "#FF565E"}}, {"type": "Feature", "geometry": {"type": "Point", "coordinates": [2.405068, 48.842266]}, "properties": {"numparc": 7372, "etat de la localisation": "autre", "ID BDGEO": "141", "horodatage": "2023-05-05 08:13:24", "distance (en metres)": 2538.57, "station": "BIBLIOTHEQUE CHEVALERET", "marker-color": "#818181"}}, {"type": "Feature", "geometry": {"type": "Point", "coordinates": [2.385973, 48.835598]}, "properties": {"numparc": 7376, "etat de la localisation": "autre", "ID BDGEO": "141", "horodatage": "2023-05-05 08:13:42", "distance (en metres)": 968.61, "station": "BIBLIOTHEQUE CHEVALERET", "marker-color": "#818181"}}, {"type": "Feature", "geometry": {"type": "Point", "coordinates": [2.404845, 48.872665]}, "properties": {"numparc": 7369, "etat de la localisation": "autre", "ID BDGEO": "377", "horodatage": "2023-05-05 08:14:17", "distance (en metres)": 6741.16, "station": "DENFERT-ROCHEREAU#", "marker-color": "#818181"}}, {"type": "Feature", "geometry": {"type": "Point", "coordinates": [2.405803, 48.845085]}, "properties": {"numparc": 7372, "etat de la localisation": "autre", "ID BDGEO": "141", "horodatage": "2023-05-05 08:14:59", "distance (en metres)": 2761.65, "station": "BIBLIOTHEQUE CHEVALERET", "marker-color": "#818181"}}, {"type": "Feature", "geometry": {"type": "Point", "coordinates": [2.407225, 48.849007]}, "properties": {"numparc": 7364, "etat de la localisation": "Delocalise", "ID BDGEO": "141", "horodatage": "2023-05-05 08:14:59", "distance (en metres)": 3121.15, "station": "BIBLIOTHEQUE CHEVALERET", "marker-color": "#FF565E"}}, {"type": "Feature", "geometry": {"type": "Point", "coordinates": [2.390698, 48.837162]}, "properties": {"numparc": 7376, "etat de la localisation": "autre", "ID BDGEO": "141", "horodatage": "2023-05-05 08:15:40", "distance (en metres)": 1348.88, "station": "BIBLIOTHEQUE CHEVALERET", "marker-color": "#818181"}}, {"type": "Feature", "geometry": {"type": "Point", "coordinates": [2.407225, 48.849007]}, "properties": {"numparc": 7364, "etat de la localisation": "Delocalise", "ID BDGEO": "141", "horodatage": "2023-05-05 08:16:01", "distance (en metres)": 3121.15, "station": "BIBLIOTHEQUE CHEVALERET", "marker-color": "#FF565E"}}, {"type": "Feature", "geometry": {"type": "Point", "coordinates": [2.406874, 48.849865]}, "properties": {"numparc": 7374, "etat de la localisation": "autre", "ID BDGEO": "229", "horodatage": "2023-05-05 08:16:38", "distance (en metres)": 54.47, "station": "LA PLAINE", "marker-color": "#818181"}}, {"type": "Feature", "geometry": {"type": "Point", "coordinates": [2.393718, 48.838989]}, "properties": {"numparc": 7376, "etat de la localisation": "autre", "ID BDGEO": "141", "horodatage": "2023-05-05 08:16:52", "distance (en metres)": 1647.39, "station": "BIBLIOTHEQUE CHEVALERET", "marker-color": "#818181"}}, {"type": "Feature", "geometry": {"type": "Point", "coordinates": [2.401357, 48.868156]}, "properties": {"numparc": 7369, "etat de la localisation": "autre", "ID BDGEO": "377", "horodatage": "2023-05-05 08:16:56", "distance (en metres)": 6225.68, "station": "DENFERT-ROCHEREAU#", "marker-color": "#818181"}}, {"type": "Feature", "geometry": {"type": "Point", "coordinates": [2.407225, 48.849007]}, "properties": {"numparc": 7364, "etat de la localisation": "Delocalise", "ID BDGEO": "141", "horodatage": "2023-05-05 08:17:02", "distance (en metres)": 3121.15, "station": "BIBLIOTHEQUE CHEVALERET", "marker-color": "#FF565E"}}, {"type": "Feature", "geometry": {"type": "Point", "coordinates": [2.406547, 48.848167]}, "properties": {"numparc": 7372, "etat de la localisation": "autre", "ID BDGEO": "141", "horodatage": "2023-05-05 08:17:15", "distance (en metres)": 3021.79, "station": "BIBLIOTHEQUE CHEVALERET", "marker-color": "#818181"}}, {"type": "Feature", "geometry": {"type": "Point", "coordinates": [2.379175, 48.832054]}, "properties": {"numparc": 618, "etat de la localisation": "autre", "ID BDGEO": "141", "horodatage": "2023-05-05 08:17:16", "distance (en metres)": 334.21, "station": "BIBLIOTHEQUE CHEVALERET", "marker-color": "#818181"}}, {"type": "Feature", "geometry": {"type": "Point", "coordinates": [2.406874, 48.849865]}, "properties": {"numparc": 7374, "etat de la localisation": "autre", "ID BDGEO": "229", "horodatage": "2023-05-05 08:17:31", "distance (en metres)": 54.47, "station": "LA PLAINE", "marker-color": "#818181"}}, {"type": "Feature", "geometry": {"type": "Point", "coordinates": [2.407225, 48.849007]}, "properties": {"numparc": 7364, "etat de la localisation": "Delocalise", "ID BDGEO": "141", "horodatage": "2023-05-05 08:17:51", "distance (en metres)": 3121.15, "station": "BIBLIOTHEQUE CHEVALERET", "marker-color": "#FF565E"}}, {"type": "Feature", "geometry": {"type": "Point", "coordinates": [2.397043, 48.839542]}, "properties": {"numparc": 7376, "etat de la localisation": "autre", "ID BDGEO": "141", "horodatage": "2023-05-05 08:18:23", "distance (en metres)": 1881.21, "station": "BIBLIOTHEQUE CHEVALERET", "marker-color": "#818181"}}, {"type": "Feature", "geometry": {"type": "Point", "coordinates": [2.399415, 48.865917]}, "properties": {"numparc": 7369, "etat de la localisation": "autre", "ID BDGEO": "377", "horodatage": "2023-05-05 08:18:27", "distance (en metres)": 5960.64, "station": "DENFERT-ROCHEREAU#", "marker-color": "#818181"}}, {"type": "Feature", "geometry": {"type": "Point", "coordinates": [2.406084, 48.852909]}, "properties": {"numparc": 7372, "etat de la localisation": "autre", "ID BDGEO": "141", "horodatage": "2023-05-05 08:19:15", "distance (en metres)": 3373.4, "station": "BIBLIOTHEQUE CHEVALERET", "marker-color": "#818181"}}, {"type": "Feature", "geometry": {"type": "Point", "coordinates": [2.382893, 48.833954]}, "properties": {"numparc": 618, "etat de la localisation": "autre", "ID BDGEO": "141", "horodatage": "2023-05-05 08:19:17", "distance (en metres)": 678.39, "station": "BIBLIOTHEQUE CHEVALERET", "marker-color": "#818181"}}, {"type": "Feature", "geometry": {"type": "Point", "coordinates": [2.407123, 48.850319]}, "properties": {"numparc": 7399, "etat de la localisation": "autre", "ID BDGEO": "346", "horodatage": "2023-05-05 08:19:30", "distance (en metres)": 75.93, "station": "LAGNY SORTIE#", "marker-color": "#818181"}}, {"type": "Feature", "geometry": {"type": "Point", "coordinates": [2.399354, 48.839569]}, "properties": {"numparc": 7376, "etat de la localisation": "autre", "ID BDGEO": "141", "horodatage": "2023-05-05 08:19:36", "distance (en metres)": 2025.09, "station": "BIBLIOTHEQUE CHEVALERET", "marker-color": "#818181"}}, {"type": "Feature", "geometry": {"type": "Point", "coordinates": [2.399084, 48.864689]}, "properties": {"numparc": 7369, "etat de la localisation": "autre", "ID BDGEO": "377", "horodatage": "2023-05-05 08:19:45", "distance (en metres)": 5859.23, "station": "DENFERT-ROCHEREAU#", "marker-color": "#818181"}}, {"type": "Feature", "geometry": {"type": "Point", "coordinates": [2.407225, 48.849007]}, "properties": {"numparc": 7364, "etat de la localisation": "Delocalise", "ID BDGEO": "141", "horodatage": "2023-05-05 08:20:04", "distance (en metres)": 3121.15, "station": "BIBLIOTHEQUE CHEVALERET", "marker-color": "#FF565E"}}, {"type": "Feature", "geometry": {"type": "Point", "coordinates": [2.404799, 48.856365]}, "properties": {"numparc": 7372, "etat de la localisation": "autre", "ID BDGEO": "141", "horodatage": "2023-05-05 08:20:37", "distance (en metres)": 3615.38, "station": "BIBLIOTHEQUE CHEVALERET", "marker-color": "#818181"}}, {"type": "Feature", "geometry": {"type": "Point", "coordinates": [2.385937, 48.835629]}, "properties": {"numparc": 618, "etat de la localisation": "autre", "ID BDGEO": "141", "horodatage": "2023-05-05 08:20:54", "distance (en metres)": 968.74, "station": "BIBLIOTHEQUE CHEVALERET", "marker-color": "#818181"}}, {"type": "Feature", "geometry": {"type": "Point", "coordinates": [2.407225, 48.849007]}, "properties": {"numparc": 7364, "etat de la localisation": "Delocalise", "ID BDGEO": "141", "horodatage": "2023-05-05 08:20:54", "distance (en metres)": 3121.15, "station": "BIBLIOTHEQUE CHEVALERET", "marker-color": "#FF565E"}}, {"type": "Feature", "geometry": {"type": "Point", "coordinates": [2.403423, 48.839714]}, "properties": {"numparc": 7376, "etat de la localisation": "autre", "ID BDGEO": "141", "horodatage": "2023-05-05 08:21:26", "distance (en metres)": 2291.93, "station": "BIBLIOTHEQUE CHEVALERET", "marker-color": "#818181"}}, {"type": "Feature", "geometry": {"type": "Point", "coordinates": [2.407009, 48.849758]}, "properties": {"numparc": 7374, "etat de la localisation": "autre", "ID BDGEO": "229", "horodatage": "2023-05-05 08:21:26", "distance (en metres)": 69.91, "station": "LA PLAINE", "marker-color": "#818181"}}, {"type": "Feature", "geometry": {"type": "Point", "coordinates": [2.407008, 48.849743]}, "properties": {"numparc": 7374, "etat de la localisation": "autre", "ID BDGEO": "229", "horodatage": "2023-05-05 08:21:28", "distance (en metres)": 71.21, "station": "LA PLAINE", "marker-color": "#818181"}}, {"type": "Feature", "geometry": {"type": "Point", "coordinates": [2.407007, 48.849743]}, "properties": {"numparc": 7374, "etat de la localisation": "autre", "ID BDGEO": "229", "horodatage": "2023-05-05 08:21:31", "distance (en metres)": 71.17, "station": "LA PLAINE", "marker-color": "#818181"}}, {"type": "Feature", "geometry": {"type": "Point", "coordinates": [2.407007, 48.849743]}, "properties": {"numparc": 7374, "etat de la localisation": "autre", "ID BDGEO": "229", "horodatage": "2023-05-05 08:21:37", "distance (en metres)": 71.17, "station": "LA PLAINE", "marker-color": "#818181"}}, {"type": "Feature", "geometry": {"type": "Point", "coordinates": [2.407007, 48.849743]}, "properties": {"numparc": 7374, "etat de la localisation": "autre", "ID BDGEO": "229", "horodatage": "2023-05-05 08:21:41", "distance (en metres)": 71.17, "station": "LA PLAINE", "marker-color": "#818181"}}, {"type": "Feature", "geometry": {"type": "Point", "coordinates": [2.407007, 48.849743]}, "properties": {"numparc": 7374, "etat de la localisation": "autre", "ID BDGEO": "229", "horodatage": "2023-05-05 08:21:44", "distance (en metres)": 71.17, "station": "LA PLAINE", "marker-color": "#818181"}}, {"type": "Feature", "geometry": {"type": "Point", "coordinates": [2.407007, 48.849743]}, "properties": {"numparc": 7374, "etat de la localisation": "autre", "ID BDGEO": "229", "horodatage": "2023-05-05 08:21:46", "distance (en metres)": 71.17, "station": "LA PLAINE", "marker-color": "#818181"}}, {"type": "Feature", "geometry": {"type": "Point", "coordinates": [2.407007, 48.849743]}, "properties": {"numparc": 7374, "etat de la localisation": "autre", "ID BDGEO": "229", "horodatage": "2023-05-05 08:21:51", "distance (en metres)": 71.17, "station": "LA PLAINE", "marker-color": "#818181"}}, {"type": "Feature", "geometry": {"type": "Point", "coordinates": [2.406866, 48.85038]}, "properties": {"numparc": 7399, "etat de la localisation": "autre", "ID BDGEO": "346", "horodatage": "2023-05-05 08:22:03", "distance (en metres)": 79.94, "station": "LAGNY SORTIE#", "marker-color": "#818181"}}, {"type": "Feature", "geometry": {"type": "Point", "coordinates": [2.390709, 48.837196]}, "properties": {"numparc": 618, "etat de la localisation": "autre", "ID BDGEO": "141", "horodatage": "2023-05-05 08:22:12", "distance (en metres)": 1351.77, "station": "BIBLIOTHEQUE CHEVALERET", "marker-color": "#818181"}}, {"type": "Feature", "geometry": {"type": "Point", "coordinates": [2.40174, 48.859428]}, "properties": {"numparc": 7372, "etat de la localisation": "autre", "ID BDGEO": "141", "horodatage": "2023-05-05 08:22:12", "distance (en metres)": 3778.56, "station": "BIBLIOTHEQUE CHEVALERET", "marker-color": "#818181"}}, {"type": "Feature", "geometry": {"type": "Point", "coordinates": [2.402355, 48.859207]}, "properties": {"numparc": 7369, "etat de la localisation": "autre", "ID BDGEO": "377", "horodatage": "2023-05-05 08:22:24", "distance (en metres)": 5724.4, "station": "DENFERT-ROCHEREAU#", "marker-color": "#818181"}}, {"type": "Feature", "geometry": {"type": "Point", "coordinates": [2.405075, 48.842266]}, "properties": {"numparc": 7376, "etat de la localisation": "autre", "ID BDGEO": "141", "horodatage": "2023-05-05 08:22:47", "distance (en metres)": 2539.02, "station": "BIBLIOTHEQUE CHEVALERET", "marker-color": "#818181"}}, {"type": "Feature", "geometry": {"type": "Point", "coordinates": [2.398963, 48.864197]}, "properties": {"numparc": 7372, "etat de la localisation": "autre", "ID BDGEO": "141", "horodatage": "2023-05-05 08:23:55", "distance (en metres)": 4158.03, "station": "BIBLIOTHEQUE CHEVALERET", "marker-color": "#818181"}}, {"type": "Feature", "geometry": {"type": "Point", "coordinates": [2.406887, 48.849651]}, "properties": {"numparc": 7374, "etat de la localisation": "autre", "ID BDGEO": "229", "horodatage": "2023-05-05 08:24:15", "distance (en metres)": 75.19, "station": "LA PLAINE", "marker-color": "#818181"}}, {"type": "Feature", "geometry": {"type": "Point", "coordinates": [2.405044, 48.856022]}, "properties": {"numparc": 7369, "etat de la localisation": "autre", "ID BDGEO": "377", "horodatage": "2023-05-05 08:24:18", "distance (en metres)": 5731.15, "station": "DENFERT-ROCHEREAU#", "marker-color": "#818181"}}, {"type": "Feature", "geometry": {"type": "Point", "coordinates": [2.393698, 48.839031]}, "properties": {"numparc": 618, "etat de la localisation": "autre", "ID BDGEO": "141", "horodatage": "2023-05-05 08:24:39", "distance (en metres)": 1649.03, "station": "BIBLIOTHEQUE CHEVALERET", "marker-color": "#818181"}}, {"type": "Feature", "geometry": {"type": "Point", "coordinates": [2.399185, 48.865604]}, "properties": {"numparc": 7372, "etat de la localisation": "autre", "ID BDGEO": "141", "horodatage": "2023-05-05 08:25:19", "distance (en metres)": 4307.8, "station": "BIBLIOTHEQUE CHEVALERET", "marker-color": "#818181"}}, {"type": "Feature", "geometry": {"type": "Point", "coordinates": [2.406525, 48.848129]}, "properties": {"numparc": 7376, "etat de la localisation": "autre", "ID BDGEO": "141", "horodatage": "2023-05-05 08:25:22", "distance (en metres)": 3017.76, "station": "BIBLIOTHEQUE CHEVALERET", "marker-color": "#818181"}}, {"type": "Feature", "geometry": {"type": "Point", "coordinates": [2.406177, 48.85239]}, "properties": {"numparc": 7369, "etat de la localisation": "autre", "ID BDGEO": "377", "horodatage": "2023-05-05 08:25:44", "distance (en metres)": 5642.3, "station": "DENFERT-ROCHEREAU#", "marker-color": "#818181"}}, {"type": "Feature", "geometry": {"type": "Point", "coordinates": [2.406324, 48.851166]}, "properties": {"numparc": 7376, "etat de la localisation": "autre", "ID BDGEO": "141", "horodatage": "2023-05-05 08:26:34", "distance (en metres)": 3242.07, "station": "BIBLIOTHEQUE CHEVALERET", "marker-color": "#818181"}}, {"type": "Feature", "geometry": {"type": "Point", "coordinates": [2.406406, 48.85033]}, "properties": {"numparc": 7369, "etat de la localisation": "autre", "ID BDGEO": "377", "horodatage": "2023-05-05 08:26:42", "distance (en metres)": 5576.27, "station": "DENFERT-ROCHEREAU#", "marker-color": "#818181"}}, {"type": "Feature", "geometry": {"type": "Point", "coordinates": [2.407225, 48.849007]}, "properties": {"numparc": 7364, "etat de la localisation": "Delocalise", "ID BDGEO": "141", "horodatage": "2023-05-05 08:27:02", "distance (en metres)": 3121.15, "station": "BIBLIOTHEQUE CHEVALERET", "marker-color": "#FF565E"}}, {"type": "Feature", "geometry": {"type": "Point", "coordinates": [2.406044, 48.852882]}, "properties": {"numparc": 7376, "etat de la localisation": "autre", "ID BDGEO": "141", "horodatage": "2023-05-05 08:27:24", "distance (en metres)": 3369.24, "station": "BIBLIOTHEQUE CHEVALERET", "marker-color": "#818181"}}, {"type": "Feature", "geometry": {"type": "Point", "coordinates": [2.397001, 48.839561]}, "properties": {"numparc": 618, "etat de la localisation": "autre", "ID BDGEO": "141", "horodatage": "2023-05-05 08:27:39", "distance (en metres)": 1879.86, "station": "BIBLIOTHEQUE CHEVALERET", "marker-color": "#818181"}}, {"type": "Feature", "geometry": {"type": "Point", "coordinates": [2.401891, 48.868771]}, "properties": {"numparc": 7372, "etat de la localisation": "autre", "ID BDGEO": "141", "horodatage": "2023-05-05 08:27:39", "distance (en metres)": 4709.74, "station": "BIBLIOTHEQUE CHEVALERET", "marker-color": "#818181"}}, {"type": "Feature", "geometry": {"type": "Point", "coordinates": [2.406351, 48.848053]}, "properties": {"numparc": 7369, "etat de la localisation": "autre", "ID BDGEO": "377", "horodatage": "2023-05-05 08:27:55", "distance (en metres)": 5491.98, "station": "DENFERT-ROCHEREAU#", "marker-color": "#818181"}}, {"type": "Feature", "geometry": {"type": "Point", "coordinates": [2.407082, 48.850334]}, "properties": {"numparc": 7386, "etat de la localisation": "autre", "ID BDGEO": "343", "horodatage": "2023-05-05 08:27:58", "distance (en metres)": 92.38, "station": "LAGNY ENTREE#", "marker-color": "#818181"}}, {"type": "Feature", "geometry": {"type": "Point", "coordinates": [2.40415, 48.871288]}, "properties": {"numparc": 7372, "etat de la localisation": "autre", "ID BDGEO": "141", "horodatage": "2023-05-05 08:28:40", "distance (en metres)": 5032.82, "station": "BIBLIOTHEQUE CHEVALERET", "marker-color": "#818181"}}, {"type": "Feature", "geometry": {"type": "Point", "coordinates": [2.404791, 48.856361]}, "properties": {"numparc": 7376, "etat de la localisation": "autre", "ID BDGEO": "141", "horodatage": "2023-05-05 08:28:47", "distance (en metres)": 3614.7, "station": "BIBLIOTHEQUE CHEVALERET", "marker-color": "#818181"}}, {"type": "Feature", "geometry": {"type": "Point", "coordinates": [2.399358, 48.839615]}, "properties": {"numparc": 618, "etat de la localisation": "autre", "ID BDGEO": "141", "horodatage": "2023-05-05 08:28:56", "distance (en metres)": 2028.0, "station": "BIBLIOTHEQUE CHEVALERET", "marker-color": "#818181"}}, {"type": "Feature", "geometry": {"type": "Point", "coordinates": [2.407225, 48.849007]}, "properties": {"numparc": 7364, "etat de la localisation": "Delocalise", "ID BDGEO": "141", "horodatage": "2023-05-05 08:28:56", "distance (en metres)": 3121.15, "station": "BIBLIOTHEQUE CHEVALERET", "marker-color": "#FF565E"}}, {"type": "Feature", "geometry": {"type": "Point", "coordinates": [2.405426, 48.874069]}, "properties": {"numparc": 7372, "etat de la localisation": "autre", "ID BDGEO": "141", "horodatage": "2023-05-05 08:30:12", "distance (en metres)": 5353.16, "station": "BIBLIOTHEQUE CHEVALERET", "marker-color": "#818181"}}, {"type": "Feature", "geometry": {"type": "Point", "coordinates": [2.403437, 48.839779]}, "properties": {"numparc": 618, "etat de la localisation": "autre", "ID BDGEO": "141", "horodatage": "2023-05-05 08:30:50", "distance (en metres)": 2296.21, "station": "BIBLIOTHEQUE CHEVALERET", "marker-color": "#818181"}}, {"type": "Feature", "geometry": {"type": "Point", "coordinates": [2.406453, 48.876617]}, "properties": {"numparc": 7372, "etat de la localisation": "autre", "ID BDGEO": "141", "horodatage": "2023-05-05 08:31:30", "distance (en metres)": 5642.79, "station": "BIBLIOTHEQUE CHEVALERET", "marker-color": "#818181"}}, {"type": "Feature", "geometry": {"type": "Point", "coordinates": [2.407225, 48.849007]}, "properties": {"numparc": 7364, "etat de la localisation": "Delocalise", "ID BDGEO": "141", "horodatage": "2023-05-05 08:31:39", "distance (en metres)": 3121.15, "station": "BIBLIOTHEQUE CHEVALERET", "marker-color": "#FF565E"}}, {"type": "Feature", "geometry": {"type": "Point", "coordinates": [2.404998, 48.842308]}, "properties": {"numparc": 618, "etat de la localisation": "autre", "ID BDGEO": "141", "horodatage": "2023-05-05 08:32:01", "distance (en metres)": 2536.76, "station": "BIBLIOTHEQUE CHEVALERET", "marker-color": "#818181"}}, {"type": "Feature", "geometry": {"type": "Point", "coordinates": [2.400311, 48.861958]}, "properties": {"numparc": 7376, "etat de la localisation": "autre", "ID BDGEO": "141", "horodatage": "2023-05-05 08:32:09", "distance (en metres)": 3975.69, "station": "BIBLIOTHEQUE CHEVALERET", "marker-color": "#818181"}}, {"type": "Feature", "geometry": {"type": "Point", "coordinates": [2.407225, 48.849007]}, "properties": {"numparc": 7364, "etat de la localisation": "Delocalise", "ID BDGEO": "141", "horodatage": "2023-05-05 08:33:02", "distance (en metres)": 3121.15, "station": "BIBLIOTHEQUE CHEVALERET", "marker-color": "#FF565E"}}, {"type": "Feature", "geometry": {"type": "Point", "coordinates": [2.399007, 48.86422]}, "properties": {"numparc": 7376, "etat de la localisation": "autre", "ID BDGEO": "141", "horodatage": "2023-05-05 08:33:08", "distance (en metres)": 4161.67, "station": "BIBLIOTHEQUE CHEVALERET", "marker-color": "#818181"}}, {"type": "Feature", "geometry": {"type": "Point", "coordinates": [2.407225, 48.849007]}, "properties": {"numparc": 7364, "etat de la localisation": "Delocalise", "ID BDGEO": "141", "horodatage": "2023-05-05 08:33:19", "distance (en metres)": 3121.15, "station": "BIBLIOTHEQUE CHEVALERET", "marker-color": "#FF565E"}}, {"type": "Feature", "geometry": {"type": "Point", "coordinates": [2.379216, 48.831974]}, "properties": {"numparc": 7362, "etat de la localisation": "autre", "ID BDGEO": "141", "horodatage": "2023-05-05 08:33:28", "distance (en metres)": 330.68, "station": "BIBLIOTHEQUE CHEVALERET", "marker-color": "#818181"}}, {"type": "Feature", "geometry": {"type": "Point", "coordinates": [2.40522, 48.84251]}, "properties": {"numparc": 7369, "etat de la localisation": "autre", "ID BDGEO": "377", "horodatage": "2023-05-05 08:33:43", "distance (en metres)": 5260.08, "station": "DENFERT-ROCHEREAU#", "marker-color": "#818181"}}, {"type": "Feature", "geometry": {"type": "Point", "coordinates": [2.40571, 48.845078]}, "properties": {"numparc": 618, "etat de la localisation": "autre", "ID BDGEO": "141", "horodatage": "2023-05-05 08:33:54", "distance (en metres)": 2755.72, "station": "BIBLIOTHEQUE CHEVALERET", "marker-color": "#818181"}}, {"type": "Feature", "geometry": {"type": "Point", "coordinates": [2.408504, 48.877121]}, "properties": {"numparc": 7372, "etat de la localisation": "autre", "ID BDGEO": "377", "horodatage": "2023-05-05 08:34:02", "distance (en metres)": 7268.91, "station": "DENFERT-ROCHEREAU#", "marker-color": "#818181"}}, {"type": "Feature", "geometry": {"type": "Point", "coordinates": [2.399223, 48.865616]}, "properties": {"numparc": 7376, "etat de la localisation": "autre", "ID BDGEO": "141", "horodatage": "2023-05-05 08:34:44", "distance (en metres)": 4310.08, "station": "BIBLIOTHEQUE CHEVALERET", "marker-color": "#818181"}}, {"type": "Feature", "geometry": {"type": "Point", "coordinates": [2.404253, 48.839798]}, "properties": {"numparc": 7369, "etat de la localisation": "autre", "ID BDGEO": "377", "horodatage": "2023-05-05 08:34:51", "distance (en metres)": 5140.14, "station": "DENFERT-ROCHEREAU#", "marker-color": "#818181"}}, {"type": "Feature", "geometry": {"type": "Point", "coordinates": [2.382833, 48.833858]}, "properties": {"numparc": 7362, "etat de la localisation": "autre", "ID BDGEO": "141", "horodatage": "2023-05-05 08:35:18", "distance (en metres)": 668.26, "station": "BIBLIOTHEQUE CHEVALERET", "marker-color": "#818181"}}, {"type": "Feature", "geometry": {"type": "Point", "coordinates": [2.406457, 48.848019]}, "properties": {"numparc": 618, "etat de la localisation": "autre", "ID BDGEO": "141", "horodatage": "2023-05-05 08:35:59", "distance (en metres)": 3005.87, "station": "BIBLIOTHEQUE CHEVALERET", "marker-color": "#818181"}}, {"type": "Feature", "geometry": {"type": "Point", "coordinates": [2.401898, 48.868786]}, "properties": {"numparc": 7376, "etat de la localisation": "autre", "ID BDGEO": "141", "horodatage": "2023-05-05 08:36:09", "distance (en metres)": 4711.51, "station": "BIBLIOTHEQUE CHEVALERET", "marker-color": "#818181"}}, {"type": "Feature", "geometry": {"type": "Point", "coordinates": [2.399655, 48.839603]}, "properties": {"numparc": 7369, "etat de la localisation": "autre", "ID BDGEO": "377", "horodatage": "2023-05-05 08:36:50", "distance (en metres)": 4803.97, "station": "DENFERT-ROCHEREAU#", "marker-color": "#818181"}}, {"type": "Feature", "geometry": {"type": "Point", "coordinates": [2.385619, 48.835506]}, "properties": {"numparc": 7362, "etat de la localisation": "autre", "ID BDGEO": "141", "horodatage": "2023-05-05 08:36:59", "distance (en metres)": 942.17, "station": "BIBLIOTHEQUE CHEVALERET", "marker-color": "#818181"}}, {"type": "Feature", "geometry": {"type": "Point", "coordinates": [2.404118, 48.871319]}, "properties": {"numparc": 7376, "etat de la localisation": "autre", "ID BDGEO": "141", "horodatage": "2023-05-05 08:37:26", "distance (en metres)": 5034.95, "station": "BIBLIOTHEQUE CHEVALERET", "marker-color": "#818181"}}, {"type": "Feature", "geometry": {"type": "Point", "coordinates": [2.385768, 48.835594]}, "properties": {"numparc": 7362, "etat de la localisation": "autre", "ID BDGEO": "141", "horodatage": "2023-05-05 08:37:30", "distance (en metres)": 956.8, "station": "BIBLIOTHEQUE CHEVALERET", "marker-color": "#818181"}}, {"type": "Feature", "geometry": {"type": "Point", "coordinates": [2.406251, 48.851158]}, "properties": {"numparc": 618, "etat de la localisation": "autre", "ID BDGEO": "141", "horodatage": "2023-05-05 08:37:39", "distance (en metres)": 3237.77, "station": "BIBLIOTHEQUE CHEVALERET", "marker-color": "#818181"}}, {"type": "Feature", "geometry": {"type": "Point", "coordinates": [2.407804, 48.876606]}, "properties": {"numparc": 7372, "etat de la localisation": "autre", "ID BDGEO": "377", "horodatage": "2023-05-05 08:38:07", "distance (en metres)": 7192.56, "station": "DENFERT-ROCHEREAU#", "marker-color": "#818181"}}, {"type": "Feature", "geometry": {"type": "Point", "coordinates": [2.396978, 48.83955]}, "properties": {"numparc": 7369, "etat de la localisation": "autre", "ID BDGEO": "377", "horodatage": "2023-05-05 08:38:19", "distance (en metres)": 4609.28, "station": "DENFERT-ROCHEREAU#", "marker-color": "#818181"}}, {"type": "Feature", "geometry": {"type": "Point", "coordinates": [2.405397, 48.874214]}, "properties": {"numparc": 7376, "etat de la localisation": "autre", "ID BDGEO": "141", "horodatage": "2023-05-05 08:38:20", "distance (en metres)": 5367.03, "station": "BIBLIOTHEQUE CHEVALERET", "marker-color": "#818181"}}, {"type": "Feature", "geometry": {"type": "Point", "coordinates": [2.407225, 48.849007]}, "properties": {"numparc": 7364, "etat de la localisation": "Delocalise", "ID BDGEO": "141", "horodatage": "2023-05-05 08:38:54", "distance (en metres)": 3121.15, "station": "BIBLIOTHEQUE CHEVALERET", "marker-color": "#FF565E"}}, {"type": "Feature", "geometry": {"type": "Point", "coordinates": [2.405994, 48.852947]}, "properties": {"numparc": 618, "etat de la localisation": "autre", "ID BDGEO": "141", "horodatage": "2023-05-05 08:38:59", "distance (en metres)": 3372.27, "station": "BIBLIOTHEQUE CHEVALERET", "marker-color": "#818181"}}, {"type": "Feature", "geometry": {"type": "Point", "coordinates": [2.396978, 48.83955]}, "properties": {"numparc": 7369, "etat de la localisation": "autre", "ID BDGEO": "377", "horodatage": "2023-05-05 08:39:01", "distance (en metres)": 4609.28, "station": "DENFERT-ROCHEREAU#", "marker-color": "#818181"}}, {"type": "Feature", "geometry": {"type": "Point", "coordinates": [2.405994, 48.852947]}, "properties": {"numparc": 618, "etat de la localisation": "autre", "ID BDGEO": "141", "horodatage": "2023-05-05 08:39:12", "distance (en metres)": 3372.27, "station": "BIBLIOTHEQUE CHEVALERET", "marker-color": "#818181"}}, {"type": "Feature", "geometry": {"type": "Point", "coordinates": [2.406448, 48.876732]}, "properties": {"numparc": 7376, "etat de la localisation": "autre", "ID BDGEO": "141", "horodatage": "2023-05-05 08:39:26", "distance (en metres)": 5654.32, "station": "BIBLIOTHEQUE CHEVALERET", "marker-color": "#818181"}}, {"type": "Feature", "geometry": {"type": "Point", "coordinates": [2.393928, 48.839062]}, "properties": {"numparc": 7369, "etat de la localisation": "autre", "ID BDGEO": "377", "horodatage": "2023-05-05 08:40:20", "distance (en metres)": 4380.53, "station": "DENFERT-ROCHEREAU#", "marker-color": "#818181"}}, {"type": "Feature", "geometry": {"type": "Point", "coordinates": [2.404716, 48.856453]}, "properties": {"numparc": 618, "etat de la localisation": "autre", "ID BDGEO": "141", "horodatage": "2023-05-05 08:40:24", "distance (en metres)": 3619.72, "station": "BIBLIOTHEQUE CHEVALERET", "marker-color": "#818181"}}, {"type": "Feature", "geometry": {"type": "Point", "coordinates": [2.390332, 48.83717]}, "properties": {"numparc": 7362, "etat de la localisation": "autre", "ID BDGEO": "141", "horodatage": "2023-05-05 08:40:27", "distance (en metres)": 1327.76, "station": "BIBLIOTHEQUE CHEVALERET", "marker-color": "#818181"}}, {"type": "Feature", "geometry": {"type": "Point", "coordinates": [2.407225, 48.849007]}, "properties": {"numparc": 7364, "etat de la localisation": "Delocalise", "ID BDGEO": "141", "horodatage": "2023-05-05 08:40:42", "distance (en metres)": 3121.15, "station": "BIBLIOTHEQUE CHEVALERET", "marker-color": "#FF565E"}}, {"type": "Feature", "geometry": {"type": "Point", "coordinates": [2.401674, 48.859478]}, "properties": {"numparc": 618, "etat de la localisation": "autre", "ID BDGEO": "141", "horodatage": "2023-05-05 08:42:07", "distance (en metres)": 3780.9, "station": "BIBLIOTHEQUE CHEVALERET", "marker-color": "#818181"}}, {"type": "Feature", "geometry": {"type": "Point", "coordinates": [2.407225, 48.849007]}, "properties": {"numparc": 7364, "etat de la localisation": "Delocalise", "ID BDGEO": "141", "horodatage": "2023-05-05 08:42:28", "distance (en metres)": 3121.15, "station": "BIBLIOTHEQUE CHEVALERET", "marker-color": "#FF565E"}}, {"type": "Feature", "geometry": {"type": "Point", "coordinates": [2.400169, 48.862022]}, "properties": {"numparc": 618, "etat de la localisation": "autre", "ID BDGEO": "141", "horodatage": "2023-05-05 08:43:08", "distance (en metres)": 3977.44, "station": "BIBLIOTHEQUE CHEVALERET", "marker-color": "#818181"}}, {"type": "Feature", "geometry": {"type": "Point", "coordinates": [2.393371, 48.838882]}, "properties": {"numparc": 7362, "etat de la localisation": "autre", "ID BDGEO": "141", "horodatage": "2023-05-05 08:43:08", "distance (en metres)": 1619.98, "station": "BIBLIOTHEQUE CHEVALERET", "marker-color": "#818181"}}, {"type": "Feature", "geometry": {"type": "Point", "coordinates": [2.407225, 48.849007]}, "properties": {"numparc": 7364, "etat de la localisation": "Delocalise", "ID BDGEO": "141", "horodatage": "2023-05-05 08:43:36", "distance (en metres)": 3121.15, "station": "BIBLIOTHEQUE CHEVALERET", "marker-color": "#FF565E"}}, {"type": "Feature", "geometry": {"type": "Point", "coordinates": [2.39075, 48.837296]}, "properties": {"numparc": 7369, "etat de la localisation": "autre", "ID BDGEO": "377", "horodatage": "2023-05-05 08:43:42", "distance (en metres)": 4125.11, "station": "DENFERT-ROCHEREAU#", "marker-color": "#818181"}}, {"type": "Feature", "geometry": {"type": "Point", "coordinates": [2.398937, 48.864227]}, "properties": {"numparc": 618, "etat de la localisation": "autre", "ID BDGEO": "141", "horodatage": "2023-05-05 08:44:07", "distance (en metres)": 4160.35, "station": "BIBLIOTHEQUE CHEVALERET", "marker-color": "#818181"}}, {"type": "Feature", "geometry": {"type": "Point", "coordinates": [2.399134, 48.865601]}, "properties": {"numparc": 618, "etat de la localisation": "autre", "ID BDGEO": "141", "horodatage": "2023-05-05 08:45:22", "distance (en metres)": 4305.92, "station": "BIBLIOTHEQUE CHEVALERET", "marker-color": "#818181"}}, {"type": "Feature", "geometry": {"type": "Point", "coordinates": [2.385936, 48.835659]}, "properties": {"numparc": 7369, "etat de la localisation": "autre", "ID BDGEO": "377", "horodatage": "2023-05-05 08:45:28", "distance (en metres)": 3758.22, "station": "DENFERT-ROCHEREAU#", "marker-color": "#818181"}}, {"type": "Feature", "geometry": {"type": "Point", "coordinates": [2.396952, 48.839478]}, "properties": {"numparc": 7362, "etat de la localisation": "autre", "ID BDGEO": "141", "horodatage": "2023-05-05 08:46:16", "distance (en metres)": 1871.65, "station": "BIBLIOTHEQUE CHEVALERET", "marker-color": "#818181"}}, {"type": "Feature", "geometry": {"type": "Point", "coordinates": [2.383235, 48.834076]}, "properties": {"numparc": 7369, "etat de la localisation": "autre", "ID BDGEO": "377", "horodatage": "2023-05-05 08:46:53", "distance (en metres)": 3552.72, "station": "DENFERT-ROCHEREAU#", "marker-color": "#818181"}}, {"type": "Feature", "geometry": {"type": "Point", "coordinates": [2.406337, 48.87669]}, "properties": {"numparc": 7372, "etat de la localisation": "autre", "ID BDGEO": "377", "horodatage": "2023-05-05 08:47:09", "distance (en metres)": 7119.42, "station": "DENFERT-ROCHEREAU#", "marker-color": "#818181"}}, {"type": "Feature", "geometry": {"type": "Point", "coordinates": [2.399288, 48.839577]}, "properties": {"numparc": 7362, "etat de la localisation": "autre", "ID BDGEO": "141", "horodatage": "2023-05-05 08:47:35", "distance (en metres)": 2021.41, "station": "BIBLIOTHEQUE CHEVALERET", "marker-color": "#818181"}}, {"type": "Feature", "geometry": {"type": "Point", "coordinates": [2.407225, 48.849007]}, "properties": {"numparc": 7364, "etat de la localisation": "autre", "ID BDGEO": "141", "horodatage": "2023-05-05 08:47:36", "distance (en metres)": 3121.15, "station": "BIBLIOTHEQUE CHEVALERET", "marker-color": "#818181"}}, {"type": "Feature", "geometry": {"type": "Point", "coordinates": [2.401905, 48.868759]}, "properties": {"numparc": 618, "etat de la localisation": "autre", "ID BDGEO": "141", "horodatage": "2023-05-05 08:47:37", "distance (en metres)": 4709.01, "station": "BIBLIOTHEQUE CHEVALERET", "marker-color": "#818181"}}, {"type": "Feature", "geometry": {"type": "Point", "coordinates": [2.379138, 48.83194]}, "properties": {"numparc": 7369, "etat de la localisation": "autre", "ID BDGEO": "377", "horodatage": "2023-05-05 08:48:53", "distance (en metres)": 3255.79, "station": "DENFERT-ROCHEREAU#", "marker-color": "#818181"}}, {"type": "Feature", "geometry": {"type": "Point", "coordinates": [2.404695, 48.872509]}, "properties": {"numparc": 7372, "etat de la localisation": "autre", "ID BDGEO": "377", "horodatage": "2023-05-05 08:48:58", "distance (en metres)": 6721.54, "station": "DENFERT-ROCHEREAU#", "marker-color": "#818181"}}, {"type": "Feature", "geometry": {"type": "Point", "coordinates": [2.403396, 48.839771]}, "properties": {"numparc": 7362, "etat de la localisation": "autre", "ID BDGEO": "141", "horodatage": "2023-05-05 08:49:31", "distance (en metres)": 2293.16, "station": "BIBLIOTHEQUE CHEVALERET", "marker-color": "#818181"}}, {"type": "Feature", "geometry": {"type": "Point", "coordinates": [2.404068, 48.871288]}, "properties": {"numparc": 618, "etat de la localisation": "autre", "ID BDGEO": "141", "horodatage": "2023-05-05 08:49:47", "distance (en metres)": 5030.35, "station": "BIBLIOTHEQUE CHEVALERET", "marker-color": "#818181"}}, {"type": "Feature", "geometry": {"type": "Point", "coordinates": [2.403936, 48.839809]}, "properties": {"numparc": 7362, "etat de la localisation": "autre", "ID BDGEO": "141", "horodatage": "2023-05-05 08:50:04", "distance (en metres)": 2330.08, "station": "BIBLIOTHEQUE CHEVALERET", "marker-color": "#818181"}}, {"type": "Feature", "geometry": {"type": "Point", "coordinates": [2.407225, 48.849007]}, "properties": {"numparc": 7364, "etat de la localisation": "autre", "ID BDGEO": "141", "horodatage": "2023-05-05 08:50:11", "distance (en metres)": 3121.15, "station": "BIBLIOTHEQUE CHEVALERET", "marker-color": "#818181"}}, {"type": "Feature", "geometry": {"type": "Point", "coordinates": [2.375923, 48.830177]}, "properties": {"numparc": 7369, "etat de la localisation": "autre", "ID BDGEO": "377", "horodatage": "2023-05-05 08:50:32", "distance (en metres)": 3037.3, "station": "DENFERT-ROCHEREAU#", "marker-color": "#818181"}}, {"type": "Feature", "geometry": {"type": "Point", "coordinates": [2.375889, 48.830154]}, "properties": {"numparc": 7369, "etat de la localisation": "autre", "ID BDGEO": "377", "horodatage": "2023-05-05 08:50:59", "distance (en metres)": 3035.14, "station": "DENFERT-ROCHEREAU#", "marker-color": "#818181"}}, {"type": "Feature", "geometry": {"type": "Point", "coordinates": [2.405362, 48.874199]}, "properties": {"numparc": 618, "etat de la localisation": "autre", "ID BDGEO": "141", "horodatage": "2023-05-05 08:51:45", "distance (en metres)": 5364.44, "station": "BIBLIOTHEQUE CHEVALERET", "marker-color": "#818181"}}, {"type": "Feature", "geometry": {"type": "Point", "coordinates": [2.401401, 48.868259]}, "properties": {"numparc": 7372, "etat de la localisation": "autre", "ID BDGEO": "377", "horodatage": "2023-05-05 08:52:05", "distance (en metres)": 6235.33, "station": "DENFERT-ROCHEREAU#", "marker-color": "#818181"}}, {"type": "Feature", "geometry": {"type": "Point", "coordinates": [2.40501, 48.842232]}, "properties": {"numparc": 7362, "etat de la localisation": "autre", "ID BDGEO": "141", "horodatage": "2023-05-05 08:52:09", "distance (en metres)": 2532.95, "station": "BIBLIOTHEQUE CHEVALERET", "marker-color": "#818181"}}, {"type": "Feature", "geometry": {"type": "Point", "coordinates": [2.407225, 48.849007]}, "properties": {"numparc": 7364, "etat de la localisation": "autre", "ID BDGEO": "141", "horodatage": "2023-05-05 08:52:28", "distance (en metres)": 3121.15, "station": "BIBLIOTHEQUE CHEVALERET", "marker-color": "#818181"}}, {"type": "Feature", "geometry": {"type": "Point", "coordinates": [2.399503, 48.866081]}, "properties": {"numparc": 7372, "etat de la localisation": "autre", "ID BDGEO": "377", "horodatage": "2023-05-05 08:53:16", "distance (en metres)": 5976.84, "station": "DENFERT-ROCHEREAU#", "marker-color": "#818181"}}, {"type": "Feature", "geometry": {"type": "Point", "coordinates": [2.405763, 48.84499]}, "properties": {"numparc": 7362, "etat de la localisation": "autre", "ID BDGEO": "141", "horodatage": "2023-05-05 08:53:46", "distance (en metres)": 2752.91, "station": "BIBLIOTHEQUE CHEVALERET", "marker-color": "#818181"}}, {"type": "Feature", "geometry": {"type": "Point", "coordinates": [2.406416, 48.876698]}, "properties": {"numparc": 618, "etat de la localisation": "autre", "ID BDGEO": "141", "horodatage": "2023-05-05 08:53:51", "distance (en metres)": 5649.89, "station": "BIBLIOTHEQUE CHEVALERET", "marker-color": "#818181"}}, {"type": "Feature", "geometry": {"type": "Point", "coordinates": [2.398942, 48.864662]}, "properties": {"numparc": 7372, "etat de la localisation": "autre", "ID BDGEO": "377", "horodatage": "2023-05-05 08:55:18", "distance (en metres)": 5849.11, "station": "DENFERT-ROCHEREAU#", "marker-color": "#818181"}}, {"type": "Feature", "geometry": {"type": "Point", "coordinates": [2.406471, 48.848045]}, "properties": {"numparc": 7362, "etat de la localisation": "autre", "ID BDGEO": "141", "horodatage": "2023-05-05 08:55:52", "distance (en metres)": 3008.61, "station": "BIBLIOTHEQUE CHEVALERET", "marker-color": "#818181"}}, {"type": "Feature", "geometry": {"type": "Point", "coordinates": [2.400297, 48.861835]}, "properties": {"numparc": 7372, "etat de la localisation": "autre", "ID BDGEO": "377", "horodatage": "2023-05-05 08:56:41", "distance (en metres)": 5750.24, "station": "DENFERT-ROCHEREAU#", "marker-color": "#818181"}}, {"type": "Feature", "geometry": {"type": "Point", "coordinates": [2.370739, 48.827736]}, "properties": {"numparc": 7369, "etat de la localisation": "autre", "ID BDGEO": "377", "horodatage": "2023-05-05 08:56:41", "distance (en metres)": 2710.25, "station": "DENFERT-ROCHEREAU#", "marker-color": "#818181"}}, {"type": "Feature", "geometry": {"type": "Point", "coordinates": [2.408453, 48.877262]}, "properties": {"numparc": 618, "etat de la localisation": "autre", "ID BDGEO": "377", "horodatage": "2023-05-05 08:56:50", "distance (en metres)": 7276.65, "station": "DENFERT-ROCHEREAU#", "marker-color": "#818181"}}, {"type": "Feature", "geometry": {"type": "Point", "coordinates": [2.406349, 48.851078]}, "properties": {"numparc": 7362, "etat de la localisation": "autre", "ID BDGEO": "141", "horodatage": "2023-05-05 08:57:15", "distance (en metres)": 3236.28, "station": "BIBLIOTHEQUE CHEVALERET", "marker-color": "#818181"}}, {"type": "Feature", "geometry": {"type": "Point", "coordinates": [2.407225, 48.849007]}, "properties": {"numparc": 7364, "etat de la localisation": "autre", "ID BDGEO": "141", "horodatage": "2023-05-05 08:58:10", "distance (en metres)": 3121.15, "station": "BIBLIOTHEQUE CHEVALERET", "marker-color": "#818181"}}, {"type": "Feature", "geometry": {"type": "Point", "coordinates": [2.367858, 48.827286]}, "properties": {"numparc": 7369, "etat de la localisation": "autre", "ID BDGEO": "377", "horodatage": "2023-05-05 08:58:11", "distance (en metres)": 2518.46, "station": "DENFERT-ROCHEREAU#", "marker-color": "#818181"}}, {"type": "Feature", "geometry": {"type": "Point", "coordinates": [2.406077, 48.85289]}, "properties": {"numparc": 7362, "etat de la localisation": "autre", "ID BDGEO": "141", "horodatage": "2023-05-05 08:59:01", "distance (en metres)": 3371.46, "station": "BIBLIOTHEQUE CHEVALERET", "marker-color": "#818181"}}, {"type": "Feature", "geometry": {"type": "Point", "coordinates": [2.402313, 48.859077]}, "properties": {"numparc": 7372, "etat de la localisation": "autre", "ID BDGEO": "377", "horodatage": "2023-05-05 08:59:17", "distance (en metres)": 5714.52, "station": "DENFERT-ROCHEREAU#", "marker-color": "#818181"}}, {"type": "Feature", "geometry": {"type": "Point", "coordinates": [2.364772, 48.826809]}, "properties": {"numparc": 7369, "etat de la localisation": "autre", "ID BDGEO": "377", "horodatage": "2023-05-05 08:59:46", "distance (en metres)": 2317.72, "station": "DENFERT-ROCHEREAU#", "marker-color": "#818181"}}, {"type": "Feature", "geometry": {"type": "Point", "coordinates": [2.407861, 48.876583]}, "properties": {"numparc": 7376, "etat de la localisation": "autre", "ID BDGEO": "377", "horodatage": "2023-05-05 09:00:38", "distance (en metres)": 7193.95, "station": "DENFERT-ROCHEREAU#", "marker-color": "#818181"}}, {"type": "Feature", "geometry": {"type": "Point", "coordinates": [2.361129, 48.82626]}, "properties": {"numparc": 7369, "etat de la localisation": "autre", "ID BDGEO": "377", "horodatage": "2023-05-05 09:00:55", "distance (en metres)": 2088.52, "station": "DENFERT-ROCHEREAU#", "marker-color": "#818181"}}, {"type": "Feature", "geometry": {"type": "Point", "coordinates": [2.404843, 48.856197]}, "properties": {"numparc": 7362, "etat de la localisation": "autre", "ID BDGEO": "141", "horodatage": "2023-05-05 09:01:02", "distance (en metres)": 3602.21, "station": "BIBLIOTHEQUE CHEVALERET", "marker-color": "#818181"}}, {"type": "Feature", "geometry": {"type": "Point", "coordinates": [2.407853, 48.876606]}, "properties": {"numparc": 618, "etat de la localisation": "autre", "ID BDGEO": "377", "horodatage": "2023-05-05 09:01:46", "distance (en metres)": 7195.22, "station": "DENFERT-ROCHEREAU#", "marker-color": "#818181"}}, {"type": "Feature", "geometry": {"type": "Point", "coordinates": [2.404921, 48.856136]}, "properties": {"numparc": 7372, "etat de la localisation": "autre", "ID BDGEO": "377", "horodatage": "2023-05-05 09:02:15", "distance (en metres)": 5728.68, "station": "DENFERT-ROCHEREAU#", "marker-color": "#818181"}}, {"type": "Feature", "geometry": {"type": "Point", "coordinates": [2.359284, 48.827518]}, "properties": {"numparc": 7369, "etat de la localisation": "autre", "ID BDGEO": "377", "horodatage": "2023-05-05 09:02:42", "distance (en metres)": 1912.2, "station": "DENFERT-ROCHEREAU#", "marker-color": "#818181"}}, {"type": "Feature", "geometry": {"type": "Point", "coordinates": [2.407225, 48.849007]}, "properties": {"numparc": 7364, "etat de la localisation": "autre", "ID BDGEO": "141", "horodatage": "2023-05-05 09:02:52", "distance (en metres)": 3121.15, "station": "BIBLIOTHEQUE CHEVALERET", "marker-color": "#818181"}}, {"type": "Feature", "geometry": {"type": "Point", "coordinates": [2.401773, 48.859337]}, "properties": {"numparc": 7362, "etat de la localisation": "autre", "ID BDGEO": "141", "horodatage": "2023-05-05 09:02:58", "distance (en metres)": 3770.98, "station": "BIBLIOTHEQUE CHEVALERET", "marker-color": "#818181"}}, {"type": "Feature", "geometry": {"type": "Point", "coordinates": [2.406334, 48.876656]}, "properties": {"numparc": 7376, "etat de la localisation": "autre", "ID BDGEO": "377", "horodatage": "2023-05-05 09:03:55", "distance (en metres)": 7116.68, "station": "DENFERT-ROCHEREAU#", "marker-color": "#818181"}}, {"type": "Feature", "geometry": {"type": "Point", "coordinates": [2.400202, 48.86182]}, "properties": {"numparc": 7362, "etat de la localisation": "autre", "ID BDGEO": "141", "horodatage": "2023-05-05 09:04:08", "distance (en metres)": 3958.46, "station": "BIBLIOTHEQUE CHEVALERET", "marker-color": "#818181"}}, {"type": "Feature", "geometry": {"type": "Point", "coordinates": [2.356896, 48.83028]}, "properties": {"numparc": 7369, "etat de la localisation": "autre", "ID BDGEO": "377", "horodatage": "2023-05-05 09:04:26", "distance (en metres)": 1659.52, "station": "DENFERT-ROCHEREAU#", "marker-color": "#818181"}}, {"type": "Feature", "geometry": {"type": "Point", "coordinates": [2.406122, 48.852367]}, "properties": {"numparc": 7372, "etat de la localisation": "autre", "ID BDGEO": "377", "horodatage": "2023-05-05 09:04:29", "distance (en metres)": 5637.62, "station": "DENFERT-ROCHEREAU#", "marker-color": "#818181"}}, {"type": "Feature", "geometry": {"type": "Point", "coordinates": [2.39896, 48.864151]}, "properties": {"numparc": 7362, "etat de la localisation": "autre", "ID BDGEO": "141", "horodatage": "2023-05-05 09:05:02", "distance (en metres)": 4153.3, "station": "BIBLIOTHEQUE CHEVALERET", "marker-color": "#818181"}}, {"type": "Feature", "geometry": {"type": "Point", "coordinates": [2.40562, 48.874763]}, "properties": {"numparc": 7376, "etat de la localisation": "autre", "ID BDGEO": "377", "horodatage": "2023-05-05 09:05:17", "distance (en metres)": 6936.97, "station": "DENFERT-ROCHEREAU#", "marker-color": "#818181"}}, {"type": "Feature", "geometry": {"type": "Point", "coordinates": [2.406294, 48.850395]}, "properties": {"numparc": 7372, "etat de la localisation": "autre", "ID BDGEO": "377", "horodatage": "2023-05-05 09:06:11", "distance (en metres)": 5571.02, "station": "DENFERT-ROCHEREAU#", "marker-color": "#818181"}}, {"type": "Feature", "geometry": {"type": "Point", "coordinates": [2.354221, 48.831039]}, "properties": {"numparc": 7369, "etat de la localisation": "autre", "ID BDGEO": "377", "horodatage": "2023-05-05 09:06:25", "distance (en metres)": 1451.17, "station": "DENFERT-ROCHEREAU#", "marker-color": "#818181"}}, {"type": "Feature", "geometry": {"type": "Point", "coordinates": [2.399182, 48.865421]}, "properties": {"numparc": 7362, "etat de la localisation": "autre", "ID BDGEO": "141", "horodatage": "2023-05-05 09:06:34", "distance (en metres)": 4289.05, "station": "BIBLIOTHEQUE CHEVALERET", "marker-color": "#818181"}}, {"type": "Feature", "geometry": {"type": "Point", "coordinates": [2.406204, 48.848221]}, "properties": {"numparc": 7372, "etat de la localisation": "autre", "ID BDGEO": "377", "horodatage": "2023-05-05 09:07:49", "distance (en metres)": 5487.29, "station": "DENFERT-ROCHEREAU#", "marker-color": "#818181"}}, {"type": "Feature", "geometry": {"type": "Point", "coordinates": [2.349092, 48.829739]}, "properties": {"numparc": 7369, "etat de la localisation": "autre", "ID BDGEO": "377", "horodatage": "2023-05-05 09:07:55", "distance (en metres)": 1126.83, "station": "DENFERT-ROCHEREAU#", "marker-color": "#818181"}}, {"type": "Feature", "geometry": {"type": "Point", "coordinates": [2.406204, 48.848221]}, "properties": {"numparc": 7372, "etat de la localisation": "autre", "ID BDGEO": "377", "horodatage": "2023-05-05 09:08:10", "distance (en metres)": 5487.29, "station": "DENFERT-ROCHEREAU#", "marker-color": "#818181"}}, {"type": "Feature", "geometry": {"type": "Point", "coordinates": [2.344076, 48.831066]}, "properties": {"numparc": 7369, "etat de la localisation": "autre", "ID BDGEO": "377", "horodatage": "2023-05-05 09:08:54", "distance (en metres)": 731.2, "station": "DENFERT-ROCHEREAU#", "marker-color": "#818181"}}, {"type": "Feature", "geometry": {"type": "Point", "coordinates": [2.401862, 48.868584]}, "properties": {"numparc": 7362, "etat de la localisation": "autre", "ID BDGEO": "141", "horodatage": "2023-05-05 09:09:09", "distance (en metres)": 4689.9, "station": "BIBLIOTHEQUE CHEVALERET", "marker-color": "#818181"}}, {"type": "Feature", "geometry": {"type": "Point", "coordinates": [2.401235, 48.868137]}, "properties": {"numparc": 7376, "etat de la localisation": "autre", "ID BDGEO": "377", "horodatage": "2023-05-05 09:09:15", "distance (en metres)": 6217.39, "station": "DENFERT-ROCHEREAU#", "marker-color": "#818181"}}, {"type": "Feature", "geometry": {"type": "Point", "coordinates": [2.399297, 48.86591]}, "properties": {"numparc": 7376, "etat de la localisation": "autre", "ID BDGEO": "377", "horodatage": "2023-05-05 09:10:43", "distance (en metres)": 5953.27, "station": "DENFERT-ROCHEREAU#", "marker-color": "#818181"}}, {"type": "Feature", "geometry": {"type": "Point", "coordinates": [2.40397, 48.871086]}, "properties": {"numparc": 7362, "etat de la localisation": "autre", "ID BDGEO": "141", "horodatage": "2023-05-05 09:10:45", "distance (en metres)": 5006.91, "station": "BIBLIOTHEQUE CHEVALERET", "marker-color": "#818181"}}, {"type": "Feature", "geometry": {"type": "Point", "coordinates": [2.405626, 48.844597]}, "properties": {"numparc": 7372, "etat de la localisation": "autre", "ID BDGEO": "377", "horodatage": "2023-05-05 09:10:59", "distance (en metres)": 5338.66, "station": "DENFERT-ROCHEREAU#", "marker-color": "#818181"}}, {"type": "Feature", "geometry": {"type": "Point", "coordinates": [2.405098, 48.842659]}, "properties": {"numparc": 7372, "etat de la localisation": "autre", "ID BDGEO": "377", "horodatage": "2023-05-05 09:12:09", "distance (en metres)": 5254.54, "station": "DENFERT-ROCHEREAU#", "marker-color": "#818181"}}, {"type": "Feature", "geometry": {"type": "Point", "coordinates": [2.405272, 48.874046]}, "properties": {"numparc": 7362, "etat de la localisation": "autre", "ID BDGEO": "141", "horodatage": "2023-05-05 09:12:10", "distance (en metres)": 5346.26, "station": "BIBLIOTHEQUE CHEVALERET", "marker-color": "#818181"}}, {"type": "Feature", "geometry": {"type": "Point", "coordinates": [2.398863, 48.864491]}, "properties": {"numparc": 7376, "etat de la localisation": "autre", "ID BDGEO": "377", "horodatage": "2023-05-05 09:12:48", "distance (en metres)": 5833.12, "station": "DENFERT-ROCHEREAU#", "marker-color": "#818181"}}, {"type": "Feature", "geometry": {"type": "Point", "coordinates": [2.404031, 48.839939]}, "properties": {"numparc": 7372, "etat de la localisation": "autre", "ID BDGEO": "377", "horodatage": "2023-05-05 09:13:30", "distance (en metres)": 5126.27, "station": "DENFERT-ROCHEREAU#", "marker-color": "#818181"}}, {"type": "Feature", "geometry": {"type": "Point", "coordinates": [2.406349, 48.876545]}, "properties": {"numparc": 7362, "etat de la localisation": "autre", "ID BDGEO": "141", "horodatage": "2023-05-05 09:13:30", "distance (en metres)": 5632.37, "station": "BIBLIOTHEQUE CHEVALERET", "marker-color": "#818181"}}, {"type": "Feature", "geometry": {"type": "Point", "coordinates": [2.400361, 48.861439]}, "properties": {"numparc": 7376, "etat de la localisation": "autre", "ID BDGEO": "377", "horodatage": "2023-05-05 09:14:37", "distance (en metres)": 5730.01, "station": "DENFERT-ROCHEREAU#", "marker-color": "#818181"}}, {"type": "Feature", "geometry": {"type": "Point", "coordinates": [2.406372, 48.876656]}, "properties": {"numparc": 618, "etat de la localisation": "autre", "ID BDGEO": "377", "horodatage": "2023-05-05 09:15:13", "distance (en metres)": 7118.73, "station": "DENFERT-ROCHEREAU#", "marker-color": "#818181"}}, {"type": "Feature", "geometry": {"type": "Point", "coordinates": [2.399636, 48.839706]}, "properties": {"numparc": 7372, "etat de la localisation": "autre", "ID BDGEO": "377", "horodatage": "2023-05-05 09:15:30", "distance (en metres)": 4804.26, "station": "DENFERT-ROCHEREAU#", "marker-color": "#818181"}}, {"type": "Feature", "geometry": {"type": "Point", "coordinates": [2.408565, 48.877155]}, "properties": {"numparc": 7362, "etat de la localisation": "autre", "ID BDGEO": "377", "horodatage": "2023-05-05 09:15:30", "distance (en metres)": 7274.78, "station": "DENFERT-ROCHEREAU#", "marker-color": "#818181"}}, {"type": "Feature", "geometry": {"type": "Point", "coordinates": [2.408565, 48.877155]}, "properties": {"numparc": 7362, "etat de la localisation": "autre", "ID BDGEO": "377", "horodatage": "2023-05-05 09:15:39", "distance (en metres)": 7274.78, "station": "DENFERT-ROCHEREAU#", "marker-color": "#818181"}}, {"type": "Feature", "geometry": {"type": "Point", "coordinates": [2.402385, 48.859009]}, "properties": {"numparc": 7376, "etat de la localisation": "autre", "ID BDGEO": "377", "horodatage": "2023-05-05 09:15:50", "distance (en metres)": 5715.27, "station": "DENFERT-ROCHEREAU#", "marker-color": "#818181"}}, {"type": "Feature", "geometry": {"type": "Point", "coordinates": [2.398989, 48.839691]}, "properties": {"numparc": 7372, "etat de la localisation": "autre", "ID BDGEO": "377", "horodatage": "2023-05-05 09:16:00", "distance (en metres)": 4757.16, "station": "DENFERT-ROCHEREAU#", "marker-color": "#818181"}}, {"type": "Feature", "geometry": {"type": "Point", "coordinates": [2.407225, 48.849007]}, "properties": {"numparc": 7364, "etat de la localisation": "autre", "ID BDGEO": "141", "horodatage": "2023-05-05 09:16:19", "distance (en metres)": 3121.15, "station": "BIBLIOTHEQUE CHEVALERET", "marker-color": "#818181"}}, {"type": "Feature", "geometry": {"type": "Point", "coordinates": [2.396912, 48.839668]}, "properties": {"numparc": 7372, "etat de la localisation": "autre", "ID BDGEO": "377", "horodatage": "2023-05-05 09:16:55", "distance (en metres)": 4606.51, "station": "DENFERT-ROCHEREAU#", "marker-color": "#818181"}}, {"type": "Feature", "geometry": {"type": "Point", "coordinates": [2.407225, 48.849007]}, "properties": {"numparc": 7364, "etat de la localisation": "autre", "ID BDGEO": "141", "horodatage": "2023-05-05 09:17:01", "distance (en metres)": 3121.15, "station": "BIBLIOTHEQUE CHEVALERET", "marker-color": "#818181"}}, {"type": "Feature", "geometry": {"type": "Point", "coordinates": [2.405667, 48.874718]}, "properties": {"numparc": 618, "etat de la localisation": "autre", "ID BDGEO": "377", "horodatage": "2023-05-05 09:17:06", "distance (en metres)": 6936.17, "station": "DENFERT-ROCHEREAU#", "marker-color": "#818181"}}, {"type": "Feature", "geometry": {"type": "Point", "coordinates": [2.405024, 48.855953]}, "properties": {"numparc": 7376, "etat de la localisation": "autre", "ID BDGEO": "377", "horodatage": "2023-05-05 09:17:43", "distance (en metres)": 5726.49, "station": "DENFERT-ROCHEREAU#", "marker-color": "#818181"}}, {"type": "Feature", "geometry": {"type": "Point", "coordinates": [2.408361, 48.876705]}, "properties": {"numparc": 7362, "etat de la localisation": "autre", "ID BDGEO": "377", "horodatage": "2023-05-05 09:17:56", "distance (en metres)": 7230.25, "station": "DENFERT-ROCHEREAU#", "marker-color": "#818181"}}, {"type": "Feature", "geometry": {"type": "Point", "coordinates": [2.404664, 48.872307]}, "properties": {"numparc": 618, "etat de la localisation": "autre", "ID BDGEO": "377", "horodatage": "2023-05-05 09:18:08", "distance (en metres)": 6705.28, "station": "DENFERT-ROCHEREAU#", "marker-color": "#818181"}}, {"type": "Feature", "geometry": {"type": "Point", "coordinates": [2.394024, 48.839031]}, "properties": {"numparc": 7372, "etat de la localisation": "autre", "ID BDGEO": "377", "horodatage": "2023-05-05 09:19:08", "distance (en metres)": 4386.98, "station": "DENFERT-ROCHEREAU#", "marker-color": "#818181"}}, {"type": "Feature", "geometry": {"type": "Point", "coordinates": [2.406197, 48.852303]}, "properties": {"numparc": 7376, "etat de la localisation": "autre", "ID BDGEO": "377", "horodatage": "2023-05-05 09:19:15", "distance (en metres)": 5640.01, "station": "DENFERT-ROCHEREAU#", "marker-color": "#818181"}}, {"type": "Feature", "geometry": {"type": "Point", "coordinates": [2.401209, 48.867973]}, "properties": {"numparc": 618, "etat de la localisation": "autre", "ID BDGEO": "377", "horodatage": "2023-05-05 09:20:06", "distance (en metres)": 6204.57, "station": "DENFERT-ROCHEREAU#", "marker-color": "#818181"}}, {"type": "Feature", "geometry": {"type": "Point", "coordinates": [2.401209, 48.867973]}, "properties": {"numparc": 618, "etat de la localisation": "autre", "ID BDGEO": "377", "horodatage": "2023-05-05 09:20:27", "distance (en metres)": 6204.57, "station": "DENFERT-ROCHEREAU#", "marker-color": "#818181"}}, {"type": "Feature", "geometry": {"type": "Point", "coordinates": [2.390751, 48.837261]}, "properties": {"numparc": 7372, "etat de la localisation": "autre", "ID BDGEO": "377", "horodatage": "2023-05-05 09:20:42", "distance (en metres)": 4124.78, "station": "DENFERT-ROCHEREAU#", "marker-color": "#818181"}}, {"type": "Feature", "geometry": {"type": "Point", "coordinates": [2.406408, 48.850231]}, "properties": {"numparc": 7376, "etat de la localisation": "autre", "ID BDGEO": "377", "horodatage": "2023-05-05 09:20:56", "distance (en metres)": 5572.7, "station": "DENFERT-ROCHEREAU#", "marker-color": "#818181"}}, {"type": "Feature", "geometry": {"type": "Point", "coordinates": [2.399255, 48.8657]}, "properties": {"numparc": 618, "etat de la localisation": "autre", "ID BDGEO": "377", "horodatage": "2023-05-05 09:21:39", "distance (en metres)": 5936.68, "station": "DENFERT-ROCHEREAU#", "marker-color": "#818181"}}, {"type": "Feature", "geometry": {"type": "Point", "coordinates": [2.406331, 48.847969]}, "properties": {"numparc": 7376, "etat de la localisation": "autre", "ID BDGEO": "377", "horodatage": "2023-05-05 09:22:28", "distance (en metres)": 5487.82, "station": "DENFERT-ROCHEREAU#", "marker-color": "#818181"}}, {"type": "Feature", "geometry": {"type": "Point", "coordinates": [2.398877, 48.864418]}, "properties": {"numparc": 618, "etat de la localisation": "autre", "ID BDGEO": "377", "horodatage": "2023-05-05 09:23:07", "distance (en metres)": 5829.16, "station": "DENFERT-ROCHEREAU#", "marker-color": "#818181"}}, {"type": "Feature", "geometry": {"type": "Point", "coordinates": [2.386125, 48.83569]}, "properties": {"numparc": 7372, "etat de la localisation": "autre", "ID BDGEO": "377", "horodatage": "2023-05-05 09:23:24", "distance (en metres)": 3772.26, "station": "DENFERT-ROCHEREAU#", "marker-color": "#818181"}}, {"type": "Feature", "geometry": {"type": "Point", "coordinates": [2.407225, 48.849007]}, "properties": {"numparc": 7364, "etat de la localisation": "autre", "ID BDGEO": "141", "horodatage": "2023-05-05 09:24:20", "distance (en metres)": 3121.15, "station": "BIBLIOTHEQUE CHEVALERET", "marker-color": "#818181"}}, {"type": "Feature", "geometry": {"type": "Point", "coordinates": [2.400354, 48.861359]}, "properties": {"numparc": 618, "etat de la localisation": "autre", "ID BDGEO": "377", "horodatage": "2023-05-05 09:24:20", "distance (en metres)": 5724.72, "station": "DENFERT-ROCHEREAU#", "marker-color": "#818181"}}, {"type": "Feature", "geometry": {"type": "Point", "coordinates": [2.408361, 48.876705]}, "properties": {"numparc": 7362, "etat de la localisation": "autre", "ID BDGEO": "377", "horodatage": "2023-05-05 09:24:25", "distance (en metres)": 7230.25, "station": "DENFERT-ROCHEREAU#", "marker-color": "#818181"}}, {"type": "Feature", "geometry": {"type": "Point", "coordinates": [2.407225, 48.849007]}, "properties": {"numparc": 7364, "etat de la localisation": "autre", "ID BDGEO": "141", "horodatage": "2023-05-05 09:25:15", "distance (en metres)": 3121.15, "station": "BIBLIOTHEQUE CHEVALERET", "marker-color": "#818181"}}, {"type": "Feature", "geometry": {"type": "Point", "coordinates": [2.402406, 48.85894]}, "properties": {"numparc": 618, "etat de la localisation": "autre", "ID BDGEO": "377", "horodatage": "2023-05-05 09:25:28", "distance (en metres)": 5712.79, "station": "DENFERT-ROCHEREAU#", "marker-color": "#818181"}}, {"type": "Feature", "geometry": {"type": "Point", "coordinates": [2.38306, 48.834133]}, "properties": {"numparc": 7372, "etat de la localisation": "autre", "ID BDGEO": "377", "horodatage": "2023-05-05 09:25:37", "distance (en metres)": 3540.07, "station": "DENFERT-ROCHEREAU#", "marker-color": "#818181"}}, {"type": "Feature", "geometry": {"type": "Point", "coordinates": [2.405663, 48.844433]}, "properties": {"numparc": 7376, "etat de la localisation": "autre", "ID BDGEO": "377", "horodatage": "2023-05-05 09:25:38", "distance (en metres)": 5337.06, "station": "DENFERT-ROCHEREAU#", "marker-color": "#818181"}}, {"type": "Feature", "geometry": {"type": "Point", "coordinates": [2.407873, 48.876598]}, "properties": {"numparc": 7362, "etat de la localisation": "autre", "ID BDGEO": "377", "horodatage": "2023-05-05 09:26:16", "distance (en metres)": 7195.74, "station": "DENFERT-ROCHEREAU#", "marker-color": "#818181"}}, {"type": "Feature", "geometry": {"type": "Point", "coordinates": [2.405092, 48.842476]}, "properties": {"numparc": 7376, "etat de la localisation": "autre", "ID BDGEO": "377", "horodatage": "2023-05-05 09:26:42", "distance (en metres)": 5250.15, "station": "DENFERT-ROCHEREAU#", "marker-color": "#818181"}}, {"type": "Feature", "geometry": {"type": "Point", "coordinates": [2.407225, 48.849007]}, "properties": {"numparc": 7364, "etat de la localisation": "autre", "ID BDGEO": "141", "horodatage": "2023-05-05 09:27:01", "distance (en metres)": 3121.15, "station": "BIBLIOTHEQUE CHEVALERET", "marker-color": "#818181"}}, {"type": "Feature", "geometry": {"type": "Point", "coordinates": [2.405041, 48.855942]}, "properties": {"numparc": 618, "etat de la localisation": "autre", "ID BDGEO": "377", "horodatage": "2023-05-05 09:27:12", "distance (en metres)": 5727.04, "station": "DENFERT-ROCHEREAU#", "marker-color": "#818181"}}, {"type": "Feature", "geometry": {"type": "Point", "coordinates": [2.379192, 48.831959]}, "properties": {"numparc": 7372, "etat de la localisation": "autre", "ID BDGEO": "377", "horodatage": "2023-05-05 09:27:27", "distance (en metres)": 3259.64, "station": "DENFERT-ROCHEREAU#", "marker-color": "#818181"}}, {"type": "Feature", "geometry": {"type": "Point", "coordinates": [2.404016, 48.839783]}, "properties": {"numparc": 7376, "etat de la localisation": "autre", "ID BDGEO": "377", "horodatage": "2023-05-05 09:28:10", "distance (en metres)": 5122.73, "station": "DENFERT-ROCHEREAU#", "marker-color": "#818181"}}, {"type": "Feature", "geometry": {"type": "Point", "coordinates": [2.406091, 48.852306]}, "properties": {"numparc": 618, "etat de la localisation": "autre", "ID BDGEO": "377", "horodatage": "2023-05-05 09:28:50", "distance (en metres)": 5632.97, "station": "DENFERT-ROCHEREAU#", "marker-color": "#818181"}}, {"type": "Feature", "geometry": {"type": "Point", "coordinates": [2.375886, 48.830143]}, "properties": {"numparc": 7372, "etat de la localisation": "autre", "ID BDGEO": "377", "horodatage": "2023-05-05 09:29:12", "distance (en metres)": 3035.06, "station": "DENFERT-ROCHEREAU#", "marker-color": "#818181"}}, {"type": "Feature", "geometry": {"type": "Point", "coordinates": [2.375886, 48.830143]}, "properties": {"numparc": 7372, "etat de la localisation": "autre", "ID BDGEO": "377", "horodatage": "2023-05-05 09:29:40", "distance (en metres)": 3035.06, "station": "DENFERT-ROCHEREAU#", "marker-color": "#818181"}}, {"type": "Feature", "geometry": {"type": "Point", "coordinates": [2.407225, 48.849007]}, "properties": {"numparc": 7364, "etat de la localisation": "autre", "ID BDGEO": "141", "horodatage": "2023-05-05 09:29:40", "distance (en metres)": 3121.15, "station": "BIBLIOTHEQUE CHEVALERET", "marker-color": "#818181"}}, {"type": "Feature", "geometry": {"type": "Point", "coordinates": [2.399408, 48.839664]}, "properties": {"numparc": 7376, "etat de la localisation": "autre", "ID BDGEO": "377", "horodatage": "2023-05-05 09:30:09", "distance (en metres)": 4787.07, "station": "DENFERT-ROCHEREAU#", "marker-color": "#818181"}}, {"type": "Feature", "geometry": {"type": "Point", "coordinates": [2.406365, 48.850246]}, "properties": {"numparc": 618, "etat de la localisation": "autre", "ID BDGEO": "377", "horodatage": "2023-05-05 09:30:15", "distance (en metres)": 5570.3, "station": "DENFERT-ROCHEREAU#", "marker-color": "#818181"}}, {"type": "Feature", "geometry": {"type": "Point", "coordinates": [2.406361, 48.876663]}, "properties": {"numparc": 7362, "etat de la localisation": "autre", "ID BDGEO": "377", "horodatage": "2023-05-05 09:30:42", "distance (en metres)": 7118.71, "station": "DENFERT-ROCHEREAU#", "marker-color": "#818181"}}, {"type": "Feature", "geometry": {"type": "Point", "coordinates": [2.407225, 48.849007]}, "properties": {"numparc": 7364, "etat de la localisation": "autre", "ID BDGEO": "141", "horodatage": "2023-05-05 09:31:04", "distance (en metres)": 3121.15, "station": "BIBLIOTHEQUE CHEVALERET", "marker-color": "#818181"}}, {"type": "Feature", "geometry": {"type": "Point", "coordinates": [2.396728, 48.839668]}, "properties": {"numparc": 7376, "etat de la localisation": "autre", "ID BDGEO": "377", "horodatage": "2023-05-05 09:31:32", "distance (en metres)": 4593.2, "station": "DENFERT-ROCHEREAU#", "marker-color": "#818181"}}, {"type": "Feature", "geometry": {"type": "Point", "coordinates": [2.406323, 48.847984]}, "properties": {"numparc": 618, "etat de la localisation": "autre", "ID BDGEO": "377", "horodatage": "2023-05-05 09:31:49", "distance (en metres)": 5487.75, "station": "DENFERT-ROCHEREAU#", "marker-color": "#818181"}}, {"type": "Feature", "geometry": {"type": "Point", "coordinates": [2.407225, 48.849007]}, "properties": {"numparc": 7364, "etat de la localisation": "autre", "ID BDGEO": "141", "horodatage": "2023-05-05 09:32:16", "distance (en metres)": 3121.15, "station": "BIBLIOTHEQUE CHEVALERET", "marker-color": "#818181"}}, {"type": "Feature", "geometry": {"type": "Point", "coordinates": [2.370695, 48.827686]}, "properties": {"numparc": 7372, "etat de la localisation": "autre", "ID BDGEO": "377", "horodatage": "2023-05-05 09:32:44", "distance (en metres)": 2708.4, "station": "DENFERT-ROCHEREAU#", "marker-color": "#818181"}}, {"type": "Feature", "geometry": {"type": "Point", "coordinates": [2.405642, 48.874794]}, "properties": {"numparc": 7362, "etat de la localisation": "autre", "ID BDGEO": "377", "horodatage": "2023-05-05 09:33:11", "distance (en metres)": 6940.42, "station": "DENFERT-ROCHEREAU#", "marker-color": "#818181"}}, {"type": "Feature", "geometry": {"type": "Point", "coordinates": [2.407225, 48.849007]}, "properties": {"numparc": 7364, "etat de la localisation": "autre", "ID BDGEO": "141", "horodatage": "2023-05-05 09:33:35", "distance (en metres)": 3121.15, "station": "BIBLIOTHEQUE CHEVALERET", "marker-color": "#818181"}}, {"type": "Feature", "geometry": {"type": "Point", "coordinates": [2.36779, 48.827213]}, "properties": {"numparc": 7372, "etat de la localisation": "autre", "ID BDGEO": "377", "horodatage": "2023-05-05 09:34:18", "distance (en metres)": 2515.84, "station": "DENFERT-ROCHEREAU#", "marker-color": "#818181"}}, {"type": "Feature", "geometry": {"type": "Point", "coordinates": [2.40469, 48.872395]}, "properties": {"numparc": 7362, "etat de la localisation": "autre", "ID BDGEO": "377", "horodatage": "2023-05-05 09:34:22", "distance (en metres)": 6713.03, "station": "DENFERT-ROCHEREAU#", "marker-color": "#818181"}}, {"type": "Feature", "geometry": {"type": "Point", "coordinates": [2.407225, 48.849007]}, "properties": {"numparc": 7364, "etat de la localisation": "autre", "ID BDGEO": "141", "horodatage": "2023-05-05 09:34:41", "distance (en metres)": 3121.15, "station": "BIBLIOTHEQUE CHEVALERET", "marker-color": "#818181"}}, {"type": "Feature", "geometry": {"type": "Point", "coordinates": [2.390599, 48.837254]}, "properties": {"numparc": 7376, "etat de la localisation": "autre", "ID BDGEO": "377", "horodatage": "2023-05-05 09:35:22", "distance (en metres)": 4113.63, "station": "DENFERT-ROCHEREAU#", "marker-color": "#818181"}}, {"type": "Feature", "geometry": {"type": "Point", "coordinates": [2.364591, 48.826828]}, "properties": {"numparc": 7372, "etat de la localisation": "autre", "ID BDGEO": "377", "horodatage": "2023-05-05 09:36:06", "distance (en metres)": 2304.46, "station": "DENFERT-ROCHEREAU#", "marker-color": "#818181"}}, {"type": "Feature", "geometry": {"type": "Point", "coordinates": [2.405719, 48.844448]}, "properties": {"numparc": 618, "etat de la localisation": "autre", "ID BDGEO": "377", "horodatage": "2023-05-05 09:36:23", "distance (en metres)": 5341.44, "station": "DENFERT-ROCHEREAU#", "marker-color": "#818181"}}, {"type": "Feature", "geometry": {"type": "Point", "coordinates": [2.407225, 48.849007]}, "properties": {"numparc": 7364, "etat de la localisation": "autre", "ID BDGEO": "141", "horodatage": "2023-05-05 09:36:41", "distance (en metres)": 3121.15, "station": "BIBLIOTHEQUE CHEVALERET", "marker-color": "#818181"}}, {"type": "Feature", "geometry": {"type": "Point", "coordinates": [2.401377, 48.868168]}, "properties": {"numparc": 7362, "etat de la localisation": "autre", "ID BDGEO": "377", "horodatage": "2023-05-05 09:37:09", "distance (en metres)": 6227.62, "station": "DENFERT-ROCHEREAU#", "marker-color": "#818181"}}, {"type": "Feature", "geometry": {"type": "Point", "coordinates": [2.401377, 48.868168]}, "properties": {"numparc": 7362, "etat de la localisation": "autre", "ID BDGEO": "377", "horodatage": "2023-05-05 09:37:28", "distance (en metres)": 6227.62, "station": "DENFERT-ROCHEREAU#", "marker-color": "#818181"}}, {"type": "Feature", "geometry": {"type": "Point", "coordinates": [2.385904, 48.835632]}, "properties": {"numparc": 7376, "etat de la localisation": "autre", "ID BDGEO": "377", "horodatage": "2023-05-05 09:37:55", "distance (en metres)": 3755.69, "station": "DENFERT-ROCHEREAU#", "marker-color": "#818181"}}, {"type": "Feature", "geometry": {"type": "Point", "coordinates": [2.405146, 48.842426]}, "properties": {"numparc": 618, "etat de la localisation": "autre", "ID BDGEO": "377", "horodatage": "2023-05-05 09:37:56", "distance (en metres)": 5252.96, "station": "DENFERT-ROCHEREAU#", "marker-color": "#818181"}}, {"type": "Feature", "geometry": {"type": "Point", "coordinates": [2.360884, 48.826309]}, "properties": {"numparc": 7372, "etat de la localisation": "autre", "ID BDGEO": "377", "horodatage": "2023-05-05 09:37:57", "distance (en metres)": 2069.83, "station": "DENFERT-ROCHEREAU#", "marker-color": "#818181"}}, {"type": "Feature", "geometry": {"type": "Point", "coordinates": [2.360837, 48.826305]}, "properties": {"numparc": 7372, "etat de la localisation": "autre", "ID BDGEO": "377", "horodatage": "2023-05-05 09:38:20", "distance (en metres)": 2066.8, "station": "DENFERT-ROCHEREAU#", "marker-color": "#818181"}}, {"type": "Feature", "geometry": {"type": "Point", "coordinates": [2.38298, 48.834095]}, "properties": {"numparc": 7376, "etat de la localisation": "autre", "ID BDGEO": "377", "horodatage": "2023-05-05 09:39:04", "distance (en metres)": 3534.12, "station": "DENFERT-ROCHEREAU#", "marker-color": "#818181"}}, {"type": "Feature", "geometry": {"type": "Point", "coordinates": [2.407225, 48.849007]}, "properties": {"numparc": 7364, "etat de la localisation": "autre", "ID BDGEO": "141", "horodatage": "2023-05-05 09:39:14", "distance (en metres)": 3121.15, "station": "BIBLIOTHEQUE CHEVALERET", "marker-color": "#818181"}}, {"type": "Feature", "geometry": {"type": "Point", "coordinates": [2.39929, 48.865753]}, "properties": {"numparc": 7362, "etat de la localisation": "autre", "ID BDGEO": "377", "horodatage": "2023-05-05 09:39:44", "distance (en metres)": 5942.31, "station": "DENFERT-ROCHEREAU#", "marker-color": "#818181"}}, {"type": "Feature", "geometry": {"type": "Point", "coordinates": [2.359095, 48.827538]}, "properties": {"numparc": 7372, "etat de la localisation": "autre", "ID BDGEO": "377", "horodatage": "2023-05-05 09:39:47", "distance (en metres)": 1898.48, "station": "DENFERT-ROCHEREAU#", "marker-color": "#818181"}}, {"type": "Feature", "geometry": {"type": "Point", "coordinates": [2.399427, 48.839622]}, "properties": {"numparc": 618, "etat de la localisation": "autre", "ID BDGEO": "377", "horodatage": "2023-05-05 09:40:47", "distance (en metres)": 4787.75, "station": "DENFERT-ROCHEREAU#", "marker-color": "#818181"}}, {"type": "Feature", "geometry": {"type": "Point", "coordinates": [2.407225, 48.849007]}, "properties": {"numparc": 7364, "etat de la localisation": "autre", "ID BDGEO": "141", "horodatage": "2023-05-05 09:40:48", "distance (en metres)": 3121.15, "station": "BIBLIOTHEQUE CHEVALERET", "marker-color": "#818181"}}, {"type": "Feature", "geometry": {"type": "Point", "coordinates": [2.398981, 48.864452]}, "properties": {"numparc": 7362, "etat de la localisation": "autre", "ID BDGEO": "377", "horodatage": "2023-05-05 09:40:53", "distance (en metres)": 5837.56, "station": "DENFERT-ROCHEREAU#", "marker-color": "#818181"}}, {"type": "Feature", "geometry": {"type": "Point", "coordinates": [2.379112, 48.83189]}, "properties": {"numparc": 7376, "etat de la localisation": "autre", "ID BDGEO": "377", "horodatage": "2023-05-05 09:41:06", "distance (en metres)": 3254.16, "station": "DENFERT-ROCHEREAU#", "marker-color": "#818181"}}, {"type": "Feature", "geometry": {"type": "Point", "coordinates": [2.356749, 48.830383]}, "properties": {"numparc": 7372, "etat de la localisation": "autre", "ID BDGEO": "377", "horodatage": "2023-05-05 09:41:11", "distance (en metres)": 1646.67, "station": "DENFERT-ROCHEREAU#", "marker-color": "#818181"}}, {"type": "Feature", "geometry": {"type": "Point", "coordinates": [2.396724, 48.839642]}, "properties": {"numparc": 618, "etat de la localisation": "autre", "ID BDGEO": "377", "horodatage": "2023-05-05 09:42:18", "distance (en metres)": 4592.45, "station": "DENFERT-ROCHEREAU#", "marker-color": "#818181"}}, {"type": "Feature", "geometry": {"type": "Point", "coordinates": [2.37578, 48.83007]}, "properties": {"numparc": 7376, "etat de la localisation": "autre", "ID BDGEO": "377", "horodatage": "2023-05-05 09:42:25", "distance (en metres)": 3028.33, "station": "DENFERT-ROCHEREAU#", "marker-color": "#818181"}}, {"type": "Feature", "geometry": {"type": "Point", "coordinates": [2.407225, 48.849007]}, "properties": {"numparc": 7364, "etat de la localisation": "autre", "ID BDGEO": "141", "horodatage": "2023-05-05 09:42:38", "distance (en metres)": 3121.15, "station": "BIBLIOTHEQUE CHEVALERET", "marker-color": "#818181"}}, {"type": "Feature", "geometry": {"type": "Point", "coordinates": [2.400395, 48.861633]}, "properties": {"numparc": 7362, "etat de la localisation": "autre", "ID BDGEO": "377", "horodatage": "2023-05-05 09:42:51", "distance (en metres)": 5743.9, "station": "DENFERT-ROCHEREAU#", "marker-color": "#818181"}}, {"type": "Feature", "geometry": {"type": "Point", "coordinates": [2.354106, 48.831142]}, "properties": {"numparc": 7372, "etat de la localisation": "autre", "ID BDGEO": "377", "horodatage": "2023-05-05 09:43:46", "distance (en metres)": 1440.87, "station": "DENFERT-ROCHEREAU#", "marker-color": "#818181"}}, {"type": "Feature", "geometry": {"type": "Point", "coordinates": [2.402363, 48.859161]}, "properties": {"numparc": 7362, "etat de la localisation": "autre", "ID BDGEO": "377", "horodatage": "2023-05-05 09:44:02", "distance (en metres)": 5722.36, "station": "DENFERT-ROCHEREAU#", "marker-color": "#818181"}}, {"type": "Feature", "geometry": {"type": "Point", "coordinates": [2.393899, 48.838989]}, "properties": {"numparc": 618, "etat de la localisation": "autre", "ID BDGEO": "377", "horodatage": "2023-05-05 09:44:11", "distance (en metres)": 4377.26, "station": "DENFERT-ROCHEREAU#", "marker-color": "#818181"}}, {"type": "Feature", "geometry": {"type": "Point", "coordinates": [2.349017, 48.829895]}, "properties": {"numparc": 7372, "etat de la localisation": "autre", "ID BDGEO": "377", "horodatage": "2023-05-05 09:45:34", "distance (en metres)": 1115.59, "station": "DENFERT-ROCHEREAU#", "marker-color": "#818181"}}, {"type": "Feature", "geometry": {"type": "Point", "coordinates": [2.407225, 48.849007]}, "properties": {"numparc": 7364, "etat de la localisation": "autre", "ID BDGEO": "141", "horodatage": "2023-05-05 09:45:36", "distance (en metres)": 3121.15, "station": "BIBLIOTHEQUE CHEVALERET", "marker-color": "#818181"}}, {"type": "Feature", "geometry": {"type": "Point", "coordinates": [2.405021, 48.856136]}, "properties": {"numparc": 7362, "etat de la localisation": "autre", "ID BDGEO": "377", "horodatage": "2023-05-05 09:45:55", "distance (en metres)": 5735.24, "station": "DENFERT-ROCHEREAU#", "marker-color": "#818181"}}, {"type": "Feature", "geometry": {"type": "Point", "coordinates": [2.370572, 48.827625]}, "properties": {"numparc": 7376, "etat de la localisation": "autre", "ID BDGEO": "377", "horodatage": "2023-05-05 09:46:10", "distance (en metres)": 2701.24, "station": "DENFERT-ROCHEREAU#", "marker-color": "#818181"}}, {"type": "Feature", "geometry": {"type": "Point", "coordinates": [2.390656, 48.837196]}, "properties": {"numparc": 618, "etat de la localisation": "autre", "ID BDGEO": "377", "horodatage": "2023-05-05 09:46:11", "distance (en metres)": 4117.11, "station": "DENFERT-ROCHEREAU#", "marker-color": "#818181"}}, {"type": "Feature", "geometry": {"type": "Point", "coordinates": [2.405015, 48.85611]}, "properties": {"numparc": 7362, "etat de la localisation": "autre", "ID BDGEO": "377", "horodatage": "2023-05-05 09:46:24", "distance (en metres)": 5733.54, "station": "DENFERT-ROCHEREAU#", "marker-color": "#818181"}}, {"type": "Feature", "geometry": {"type": "Point", "coordinates": [2.407225, 48.849007]}, "properties": {"numparc": 7364, "etat de la localisation": "autre", "ID BDGEO": "68", "horodatage": "2023-05-05 09:47:19", "distance (en metres)": 97.93, "station": "COURS DE VINCENNES", "marker-color": "#818181"}}, {"type": "Feature", "geometry": {"type": "Point", "coordinates": [2.367619, 48.827187]}, "properties": {"numparc": 7376, "etat de la localisation": "autre", "ID BDGEO": "377", "horodatage": "2023-05-05 09:47:33", "distance (en metres)": 2504.61, "station": "DENFERT-ROCHEREAU#", "marker-color": "#818181"}}, {"type": "Feature", "geometry": {"type": "Point", "coordinates": [2.34465, 48.831085]}, "properties": {"numparc": 7372, "etat de la localisation": "autre", "ID BDGEO": "377", "horodatage": "2023-05-05 09:48:09", "distance (en metres)": 770.04, "station": "DENFERT-ROCHEREAU#", "marker-color": "#818181"}}, {"type": "Feature", "geometry": {"type": "Point", "coordinates": [2.38589, 48.835533]}, "properties": {"numparc": 618, "etat de la localisation": "autre", "ID BDGEO": "377", "horodatage": "2023-05-05 09:48:11", "distance (en metres)": 3753.93, "station": "DENFERT-ROCHEREAU#", "marker-color": "#818181"}}, {"type": "Feature", "geometry": {"type": "Point", "coordinates": [2.406108, 48.852421]}, "properties": {"numparc": 7362, "etat de la localisation": "autre", "ID BDGEO": "377", "horodatage": "2023-05-05 09:48:35", "distance (en metres)": 5638.89, "station": "DENFERT-ROCHEREAU#", "marker-color": "#818181"}}, {"type": "Feature", "geometry": {"type": "Point", "coordinates": [2.344515, 48.831062]}, "properties": {"numparc": 7372, "etat de la localisation": "autre", "ID BDGEO": "377", "horodatage": "2023-05-05 09:48:42", "distance (en metres)": 761.56, "station": "DENFERT-ROCHEREAU#", "marker-color": "#818181"}}, {"type": "Feature", "geometry": {"type": "Point", "coordinates": [2.364508, 48.826736]}, "properties": {"numparc": 7376, "etat de la localisation": "autre", "ID BDGEO": "377", "horodatage": "2023-05-05 09:49:08", "distance (en metres)": 2301.93, "station": "DENFERT-ROCHEREAU#", "marker-color": "#818181"}}, {"type": "Feature", "geometry": {"type": "Point", "coordinates": [2.364508, 48.826736]}, "properties": {"numparc": 7376, "etat de la localisation": "autre", "ID BDGEO": "377", "horodatage": "2023-05-05 09:49:16", "distance (en metres)": 2301.93, "station": "DENFERT-ROCHEREAU#", "marker-color": "#818181"}}, {"type": "Feature", "geometry": {"type": "Point", "coordinates": [2.34386, 48.831203]}, "properties": {"numparc": 7372, "etat de la localisation": "autre", "ID BDGEO": "377", "horodatage": "2023-05-05 09:50:04", "distance (en metres)": 711.12, "station": "DENFERT-ROCHEREAU#", "marker-color": "#818181"}}, {"type": "Feature", "geometry": {"type": "Point", "coordinates": [2.406339, 48.850269]}, "properties": {"numparc": 7362, "etat de la localisation": "autre", "ID BDGEO": "377", "horodatage": "2023-05-05 09:50:14", "distance (en metres)": 5569.36, "station": "DENFERT-ROCHEREAU#", "marker-color": "#818181"}}, {"type": "Feature", "geometry": {"type": "Point", "coordinates": [2.407225, 48.849007]}, "properties": {"numparc": 7364, "etat de la localisation": "autre", "ID BDGEO": "68", "horodatage": "2023-05-05 09:50:42", "distance (en metres)": 97.93, "station": "COURS DE VINCENNES", "marker-color": "#818181"}}, {"type": "Feature", "geometry": {"type": "Point", "coordinates": [2.360759, 48.826241]}, "properties": {"numparc": 7376, "etat de la localisation": "autre", "ID BDGEO": "377", "horodatage": "2023-05-05 09:51:10", "distance (en metres)": 2064.28, "station": "DENFERT-ROCHEREAU#", "marker-color": "#818181"}}, {"type": "Feature", "geometry": {"type": "Point", "coordinates": [2.379122, 48.831882]}, "properties": {"numparc": 618, "etat de la localisation": "autre", "ID BDGEO": "377", "horodatage": "2023-05-05 09:51:19", "distance (en metres)": 3254.94, "station": "DENFERT-ROCHEREAU#", "marker-color": "#818181"}}, {"type": "Feature", "geometry": {"type": "Point", "coordinates": [2.339254, 48.83252]}, "properties": {"numparc": 7372, "etat de la localisation": "autre", "ID BDGEO": "377", "horodatage": "2023-05-05 09:51:36", "distance (en metres)": 345.29, "station": "DENFERT-ROCHEREAU#", "marker-color": "#818181"}}, {"type": "Feature", "geometry": {"type": "Point", "coordinates": [2.406308, 48.847996]}, "properties": {"numparc": 7362, "etat de la localisation": "autre", "ID BDGEO": "377", "horodatage": "2023-05-05 09:51:44", "distance (en metres)": 5487.08, "station": "DENFERT-ROCHEREAU#", "marker-color": "#818181"}}, {"type": "Feature", "geometry": {"type": "Point", "coordinates": [2.407225, 48.849007]}, "properties": {"numparc": 7364, "etat de la localisation": "autre", "ID BDGEO": "68", "horodatage": "2023-05-05 09:52:48", "distance (en metres)": 97.93, "station": "COURS DE VINCENNES", "marker-color": "#818181"}}, {"type": "Feature", "geometry": {"type": "Point", "coordinates": [2.358998, 48.82753]}, "properties": {"numparc": 7376, "etat de la localisation": "autre", "ID BDGEO": "377", "horodatage": "2023-05-05 09:53:02", "distance (en metres)": 1892.1, "station": "DENFERT-ROCHEREAU#", "marker-color": "#818181"}}, {"type": "Feature", "geometry": {"type": "Point", "coordinates": [2.37586, 48.830074]}, "properties": {"numparc": 618, "etat de la localisation": "autre", "ID BDGEO": "377", "horodatage": "2023-05-05 09:53:06", "distance (en metres)": 3034.08, "station": "DENFERT-ROCHEREAU#", "marker-color": "#818181"}}, {"type": "Feature", "geometry": {"type": "Point", "coordinates": [2.333755, 48.834095]}, "properties": {"numparc": 7372, "etat de la localisation": "autre", "ID BDGEO": "377", "horodatage": "2023-05-05 09:54:01", "distance (en metres)": 108.24, "station": "DENFERT-ROCHEREAU#", "marker-color": "#818181"}}, {"type": "Feature", "geometry": {"type": "Point", "coordinates": [2.407225, 48.849007]}, "properties": {"numparc": 7364, "etat de la localisation": "autre", "ID BDGEO": "68", "horodatage": "2023-05-05 09:54:04", "distance (en metres)": 97.93, "station": "COURS DE VINCENNES", "marker-color": "#818181"}}, {"type": "Feature", "geometry": {"type": "Point", "coordinates": [2.356658, 48.830471]}, "properties": {"numparc": 7376, "etat de la localisation": "autre", "ID BDGEO": "377", "horodatage": "2023-05-05 09:54:29", "distance (en metres)": 1638.2, "station": "DENFERT-ROCHEREAU#", "marker-color": "#818181"}}, {"type": "Feature", "geometry": {"type": "Point", "coordinates": [2.405635, 48.844479]}, "properties": {"numparc": 7362, "etat de la localisation": "autre", "ID BDGEO": "377", "horodatage": "2023-05-05 09:54:59", "distance (en metres)": 5336.25, "station": "DENFERT-ROCHEREAU#", "marker-color": "#818181"}}, {"type": "Feature", "geometry": {"type": "Point", "coordinates": [2.405076, 48.842461]}, "properties": {"numparc": 7362, "etat de la localisation": "autre", "ID BDGEO": "377", "horodatage": "2023-05-05 09:56:30", "distance (en metres)": 5248.68, "station": "DENFERT-ROCHEREAU#", "marker-color": "#818181"}}, {"type": "Feature", "geometry": {"type": "Point", "coordinates": [2.370642, 48.827599]}, "properties": {"numparc": 618, "etat de la localisation": "autre", "ID BDGEO": "377", "horodatage": "2023-05-05 09:56:45", "distance (en metres)": 2706.91, "station": "DENFERT-ROCHEREAU#", "marker-color": "#818181"}}, {"type": "Feature", "geometry": {"type": "Point", "coordinates": [2.354093, 48.831135]}, "properties": {"numparc": 7376, "etat de la localisation": "autre", "ID BDGEO": "377", "horodatage": "2023-05-05 09:57:01", "distance (en metres)": 1440.09, "station": "DENFERT-ROCHEREAU#", "marker-color": "#818181"}}, {"type": "Feature", "geometry": {"type": "Point", "coordinates": [2.407225, 48.849007]}, "properties": {"numparc": 7364, "etat de la localisation": "autre", "ID BDGEO": "68", "horodatage": "2023-05-05 09:57:06", "distance (en metres)": 97.93, "station": "COURS DE VINCENNES", "marker-color": "#818181"}}, {"type": "Feature", "geometry": {"type": "Point", "coordinates": [2.378851, 48.831913]}, "properties": {"numparc": 7369, "etat de la localisation": "autre", "ID BDGEO": "141", "horodatage": "2023-05-05 09:57:17", "distance (en metres)": 306.08, "station": "BIBLIOTHEQUE CHEVALERET", "marker-color": "#818181"}}, {"type": "Feature", "geometry": {"type": "Point", "coordinates": [2.367635, 48.827164]}, "properties": {"numparc": 618, "etat de la localisation": "autre", "ID BDGEO": "377", "horodatage": "2023-05-05 09:58:18", "distance (en metres)": 2506.43, "station": "DENFERT-ROCHEREAU#", "marker-color": "#818181"}}, {"type": "Feature", "geometry": {"type": "Point", "coordinates": [2.404117, 48.839825]}, "properties": {"numparc": 7362, "etat de la localisation": "autre", "ID BDGEO": "377", "horodatage": "2023-05-05 09:58:21", "distance (en metres)": 5130.7, "station": "DENFERT-ROCHEREAU#", "marker-color": "#818181"}}, {"type": "Feature", "geometry": {"type": "Point", "coordinates": [2.348873, 48.82988]}, "properties": {"numparc": 7376, "etat de la localisation": "autre", "ID BDGEO": "377", "horodatage": "2023-05-05 09:58:42", "distance (en metres)": 1106.29, "station": "DENFERT-ROCHEREAU#", "marker-color": "#818181"}}, {"type": "Feature", "geometry": {"type": "Point", "coordinates": [2.382851, 48.833889]}, "properties": {"numparc": 7369, "etat de la localisation": "autre", "ID BDGEO": "141", "horodatage": "2023-05-05 09:59:12", "distance (en metres)": 671.42, "station": "BIBLIOTHEQUE CHEVALERET", "marker-color": "#818181"}}, {"type": "Feature", "geometry": {"type": "Point", "coordinates": [2.364534, 48.826736]}, "properties": {"numparc": 618, "etat de la localisation": "autre", "ID BDGEO": "377", "horodatage": "2023-05-05 09:59:46", "distance (en metres)": 2303.74, "station": "DENFERT-ROCHEREAU#", "marker-color": "#818181"}}, {"type": "Feature", "geometry": {"type": "Point", "coordinates": [2.344058, 48.831264]}, "properties": {"numparc": 7376, "etat de la localisation": "autre", "ID BDGEO": "377", "horodatage": "2023-05-05 10:00:37", "distance (en metres)": 722.59, "station": "DENFERT-ROCHEREAU#", "marker-color": "#818181"}}, {"type": "Feature", "geometry": {"type": "Point", "coordinates": [2.399523, 48.839615]}, "properties": {"numparc": 7362, "etat de la localisation": "autre", "ID BDGEO": "377", "horodatage": "2023-05-05 10:00:46", "distance (en metres)": 4794.59, "station": "DENFERT-ROCHEREAU#", "marker-color": "#818181"}}, {"type": "Feature", "geometry": {"type": "Point", "coordinates": [2.385714, 48.835468]}, "properties": {"numparc": 7369, "etat de la localisation": "autre", "ID BDGEO": "141", "horodatage": "2023-05-05 10:00:49", "distance (en metres)": 944.82, "station": "BIBLIOTHEQUE CHEVALERET", "marker-color": "#818181"}}, {"type": "Feature", "geometry": {"type": "Point", "coordinates": [2.385889, 48.835548]}, "properties": {"numparc": 7369, "etat de la localisation": "autre", "ID BDGEO": "141", "horodatage": "2023-05-05 10:01:25", "distance (en metres)": 960.37, "station": "BIBLIOTHEQUE CHEVALERET", "marker-color": "#818181"}}, {"type": "Feature", "geometry": {"type": "Point", "coordinates": [2.360844, 48.826233]}, "properties": {"numparc": 618, "etat de la localisation": "autre", "ID BDGEO": "377", "horodatage": "2023-05-05 10:01:49", "distance (en metres)": 2070.34, "station": "DENFERT-ROCHEREAU#", "marker-color": "#818181"}}, {"type": "Feature", "geometry": {"type": "Point", "coordinates": [2.396792, 48.839588]}, "properties": {"numparc": 7362, "etat de la localisation": "autre", "ID BDGEO": "377", "horodatage": "2023-05-05 10:02:12", "distance (en metres)": 4596.47, "station": "DENFERT-ROCHEREAU#", "marker-color": "#818181"}}, {"type": "Feature", "geometry": {"type": "Point", "coordinates": [2.407225, 48.849007]}, "properties": {"numparc": 7364, "etat de la localisation": "autre", "ID BDGEO": "68", "horodatage": "2023-05-05 10:02:21", "distance (en metres)": 97.93, "station": "COURS DE VINCENNES", "marker-color": "#818181"}}, {"type": "Feature", "geometry": {"type": "Point", "coordinates": [2.339188, 48.832573]}, "properties": {"numparc": 7376, "etat de la localisation": "autre", "ID BDGEO": "377", "horodatage": "2023-05-05 10:02:21", "distance (en metres)": 339.08, "station": "DENFERT-ROCHEREAU#", "marker-color": "#818181"}}, {"type": "Feature", "geometry": {"type": "Point", "coordinates": [2.390391, 48.837032]}, "properties": {"numparc": 7369, "etat de la localisation": "autre", "ID BDGEO": "141", "horodatage": "2023-05-05 10:03:22", "distance (en metres)": 1322.23, "station": "BIBLIOTHEQUE CHEVALERET", "marker-color": "#818181"}}, {"type": "Feature", "geometry": {"type": "Point", "coordinates": [2.407225, 48.849007]}, "properties": {"numparc": 7364, "etat de la localisation": "autre", "ID BDGEO": "68", "horodatage": "2023-05-05 10:04:18", "distance (en metres)": 97.93, "station": "COURS DE VINCENNES", "marker-color": "#818181"}}, {"type": "Feature", "geometry": {"type": "Point", "coordinates": [2.393906, 48.839027]}, "properties": {"numparc": 7362, "etat de la localisation": "autre", "ID BDGEO": "377", "horodatage": "2023-05-05 10:04:39", "distance (en metres)": 4378.39, "station": "DENFERT-ROCHEREAU#", "marker-color": "#818181"}}, {"type": "Feature", "geometry": {"type": "Point", "coordinates": [2.333764, 48.834114]}, "properties": {"numparc": 7376, "etat de la localisation": "autre", "ID BDGEO": "377", "horodatage": "2023-05-05 10:04:53", "distance (en metres)": 109.45, "station": "DENFERT-ROCHEREAU#", "marker-color": "#818181"}}, {"type": "Feature", "geometry": {"type": "Point", "coordinates": [2.356688, 48.830448]}, "properties": {"numparc": 618, "etat de la localisation": "autre", "ID BDGEO": "377", "horodatage": "2023-05-05 10:05:08", "distance (en metres)": 1640.86, "station": "DENFERT-ROCHEREAU#", "marker-color": "#818181"}}, {"type": "Feature", "geometry": {"type": "Point", "coordinates": [2.407225, 48.849007]}, "properties": {"numparc": 7364, "etat de la localisation": "autre", "ID BDGEO": "68", "horodatage": "2023-05-05 10:06:13", "distance (en metres)": 97.93, "station": "COURS DE VINCENNES", "marker-color": "#818181"}}, {"type": "Feature", "geometry": {"type": "Point", "coordinates": [2.393594, 48.838856]}, "properties": {"numparc": 7369, "etat de la localisation": "autre", "ID BDGEO": "141", "horodatage": "2023-05-05 10:06:54", "distance (en metres)": 1631.22, "station": "BIBLIOTHEQUE CHEVALERET", "marker-color": "#818181"}}, {"type": "Feature", "geometry": {"type": "Point", "coordinates": [2.39058, 48.837234]}, "properties": {"numparc": 7362, "etat de la localisation": "autre", "ID BDGEO": "377", "horodatage": "2023-05-05 10:07:09", "distance (en metres)": 4112.02, "station": "DENFERT-ROCHEREAU#", "marker-color": "#818181"}}, {"type": "Feature", "geometry": {"type": "Point", "coordinates": [2.354101, 48.831139]}, "properties": {"numparc": 618, "etat de la localisation": "autre", "ID BDGEO": "377", "horodatage": "2023-05-05 10:07:39", "distance (en metres)": 1440.58, "station": "DENFERT-ROCHEREAU#", "marker-color": "#818181"}}, {"type": "Feature", "geometry": {"type": "Point", "coordinates": [2.396981, 48.839512]}, "properties": {"numparc": 7369, "etat de la localisation": "autre", "ID BDGEO": "141", "horodatage": "2023-05-05 10:09:00", "distance (en metres)": 1875.55, "station": "BIBLIOTHEQUE CHEVALERET", "marker-color": "#818181"}}, {"type": "Feature", "geometry": {"type": "Point", "coordinates": [2.348863, 48.829872]}, "properties": {"numparc": 618, "etat de la localisation": "autre", "ID BDGEO": "377", "horodatage": "2023-05-05 10:09:16", "distance (en metres)": 1105.9, "station": "DENFERT-ROCHEREAU#", "marker-color": "#818181"}}, {"type": "Feature", "geometry": {"type": "Point", "coordinates": [2.38605, 48.835663]}, "properties": {"numparc": 7362, "etat de la localisation": "autre", "ID BDGEO": "377", "horodatage": "2023-05-05 10:09:24", "distance (en metres)": 3766.57, "station": "DENFERT-ROCHEREAU#", "marker-color": "#818181"}}, {"type": "Feature", "geometry": {"type": "Point", "coordinates": [2.407225, 48.849007]}, "properties": {"numparc": 7364, "etat de la localisation": "autre", "ID BDGEO": "68", "horodatage": "2023-05-05 10:09:58", "distance (en metres)": 97.93, "station": "COURS DE VINCENNES", "marker-color": "#818181"}}, {"type": "Feature", "geometry": {"type": "Point", "coordinates": [2.399295, 48.839584]}, "properties": {"numparc": 7369, "etat de la localisation": "autre", "ID BDGEO": "141", "horodatage": "2023-05-05 10:10:14", "distance (en metres)": 2022.3, "station": "BIBLIOTHEQUE CHEVALERET", "marker-color": "#818181"}}, {"type": "Feature", "geometry": {"type": "Point", "coordinates": [2.34393, 48.831253]}, "properties": {"numparc": 618, "etat de la localisation": "autre", "ID BDGEO": "377", "horodatage": "2023-05-05 10:11:04", "distance (en metres)": 714.13, "station": "DENFERT-ROCHEREAU#", "marker-color": "#818181"}}, {"type": "Feature", "geometry": {"type": "Point", "coordinates": [2.379087, 48.831913]}, "properties": {"numparc": 7362, "etat de la localisation": "autre", "ID BDGEO": "377", "horodatage": "2023-05-05 10:11:34", "distance (en metres)": 3252.2, "station": "DENFERT-ROCHEREAU#", "marker-color": "#818181"}}, {"type": "Feature", "geometry": {"type": "Point", "coordinates": [2.407225, 48.849007]}, "properties": {"numparc": 7364, "etat de la localisation": "autre", "ID BDGEO": "68", "horodatage": "2023-05-05 10:11:48", "distance (en metres)": 97.93, "station": "COURS DE VINCENNES", "marker-color": "#818181"}}, {"type": "Feature", "geometry": {"type": "Point", "coordinates": [2.339051, 48.832588]}, "properties": {"numparc": 618, "etat de la localisation": "autre", "ID BDGEO": "377", "horodatage": "2023-05-05 10:12:08", "distance (en metres)": 328.95, "station": "DENFERT-ROCHEREAU#", "marker-color": "#818181"}}, {"type": "Feature", "geometry": {"type": "Point", "coordinates": [2.403351, 48.83976]}, "properties": {"numparc": 7369, "etat de la localisation": "autre", "ID BDGEO": "141", "horodatage": "2023-05-05 10:12:12", "distance (en metres)": 2289.67, "station": "BIBLIOTHEQUE CHEVALERET", "marker-color": "#818181"}}, {"type": "Feature", "geometry": {"type": "Point", "coordinates": [2.37577, 48.830059]}, "properties": {"numparc": 7362, "etat de la localisation": "autre", "ID BDGEO": "377", "horodatage": "2023-05-05 10:13:12", "distance (en metres)": 3027.76, "station": "DENFERT-ROCHEREAU#", "marker-color": "#818181"}}, {"type": "Feature", "geometry": {"type": "Point", "coordinates": [2.333782, 48.834076]}, "properties": {"numparc": 618, "etat de la localisation": "autre", "ID BDGEO": "377", "horodatage": "2023-05-05 10:14:03", "distance (en metres)": 105.35, "station": "DENFERT-ROCHEREAU#", "marker-color": "#818181"}}, {"type": "Feature", "geometry": {"type": "Point", "coordinates": [2.407225, 48.849007]}, "properties": {"numparc": 7364, "etat de la localisation": "autre", "ID BDGEO": "68", "horodatage": "2023-05-05 10:14:14", "distance (en metres)": 97.93, "station": "COURS DE VINCENNES", "marker-color": "#818181"}}, {"type": "Feature", "geometry": {"type": "Point", "coordinates": [2.405019, 48.842274]}, "properties": {"numparc": 7369, "etat de la localisation": "autre", "ID BDGEO": "141", "horodatage": "2023-05-05 10:14:35", "distance (en metres)": 2536.0, "station": "BIBLIOTHEQUE CHEVALERET", "marker-color": "#818181"}}, {"type": "Feature", "geometry": {"type": "Point", "coordinates": [2.405019, 48.842274]}, "properties": {"numparc": 7369, "etat de la localisation": "autre", "ID BDGEO": "141", "horodatage": "2023-05-05 10:14:41", "distance (en metres)": 2536.0, "station": "BIBLIOTHEQUE CHEVALERET", "marker-color": "#818181"}}, {"type": "Feature", "geometry": {"type": "Point", "coordinates": [2.370617, 48.827621]}, "properties": {"numparc": 7362, "etat de la localisation": "autre", "ID BDGEO": "377", "horodatage": "2023-05-05 10:15:27", "distance (en metres)": 2704.53, "station": "DENFERT-ROCHEREAU#", "marker-color": "#818181"}}, {"type": "Feature", "geometry": {"type": "Point", "coordinates": [2.405792, 48.845043]}, "properties": {"numparc": 7369, "etat de la localisation": "autre", "ID BDGEO": "141", "horodatage": "2023-05-05 10:16:24", "distance (en metres)": 2758.19, "station": "BIBLIOTHEQUE CHEVALERET", "marker-color": "#818181"}}, {"type": "Feature", "geometry": {"type": "Point", "coordinates": [2.407225, 48.849007]}, "properties": {"numparc": 7364, "etat de la localisation": "autre", "ID BDGEO": "68", "horodatage": "2023-05-05 10:16:49", "distance (en metres)": 97.93, "station": "COURS DE VINCENNES", "marker-color": "#818181"}}, {"type": "Feature", "geometry": {"type": "Point", "coordinates": [2.367715, 48.827236]}, "properties": {"numparc": 7362, "etat de la localisation": "autre", "ID BDGEO": "377", "horodatage": "2023-05-05 10:16:55", "distance (en metres)": 2509.86, "station": "DENFERT-ROCHEREAU#", "marker-color": "#818181"}}, {"type": "Feature", "geometry": {"type": "Point", "coordinates": [2.334531, 48.83358]}, "properties": {"numparc": 618, "etat de la localisation": "autre", "ID BDGEO": "348", "horodatage": "2023-05-05 10:17:26", "distance (en metres)": 41.42, "station": "DENFERT-ROCHEREAU", "marker-color": "#818181"}}, {"type": "Feature", "geometry": {"type": "Point", "coordinates": [2.364605, 48.82679]}, "properties": {"numparc": 7362, "etat de la localisation": "autre", "ID BDGEO": "377", "horodatage": "2023-05-05 10:18:31", "distance (en metres)": 2306.78, "station": "DENFERT-ROCHEREAU#", "marker-color": "#818181"}}, {"type": "Feature", "geometry": {"type": "Point", "coordinates": [2.406467, 48.848125]}, "properties": {"numparc": 7369, "etat de la localisation": "autre", "ID BDGEO": "141", "horodatage": "2023-05-05 10:18:37", "distance (en metres)": 3014.32, "station": "BIBLIOTHEQUE CHEVALERET", "marker-color": "#818181"}}, {"type": "Feature", "geometry": {"type": "Point", "coordinates": [2.407225, 48.849007]}, "properties": {"numparc": 7364, "etat de la localisation": "autre", "ID BDGEO": "68", "horodatage": "2023-05-05 10:18:39", "distance (en metres)": 97.93, "station": "COURS DE VINCENNES", "marker-color": "#818181"}}, {"type": "Feature", "geometry": {"type": "Point", "coordinates": [2.334531, 48.83358]}, "properties": {"numparc": 618, "etat de la localisation": "autre", "ID BDGEO": "348", "horodatage": "2023-05-05 10:19:16", "distance (en metres)": 41.42, "station": "DENFERT-ROCHEREAU", "marker-color": "#818181"}}, {"type": "Feature", "geometry": {"type": "Point", "coordinates": [2.364363, 48.826733]}, "properties": {"numparc": 7362, "etat de la localisation": "autre", "ID BDGEO": "377", "horodatage": "2023-05-05 10:19:34", "distance (en metres)": 2292.02, "station": "DENFERT-ROCHEREAU#", "marker-color": "#818181"}}, {"type": "Feature", "geometry": {"type": "Point", "coordinates": [2.406264, 48.851143]}, "properties": {"numparc": 7369, "etat de la localisation": "autre", "ID BDGEO": "141", "horodatage": "2023-05-05 10:20:06", "distance (en metres)": 3237.21, "station": "BIBLIOTHEQUE CHEVALERET", "marker-color": "#818181"}}, {"type": "Feature", "geometry": {"type": "Point", "coordinates": [2.360886, 48.826241]}, "properties": {"numparc": 7362, "etat de la localisation": "autre", "ID BDGEO": "377", "horodatage": "2023-05-05 10:20:29", "distance (en metres)": 2072.88, "station": "DENFERT-ROCHEREAU#", "marker-color": "#818181"}}, {"type": "Feature", "geometry": {"type": "Point", "coordinates": [2.407225, 48.849007]}, "properties": {"numparc": 7364, "etat de la localisation": "autre", "ID BDGEO": "68", "horodatage": "2023-05-05 10:21:36", "distance (en metres)": 97.93, "station": "COURS DE VINCENNES", "marker-color": "#818181"}}, {"type": "Feature", "geometry": {"type": "Point", "coordinates": [2.405972, 48.85294]}, "properties": {"numparc": 7369, "etat de la localisation": "autre", "ID BDGEO": "141", "horodatage": "2023-05-05 10:21:41", "distance (en metres)": 3370.57, "station": "BIBLIOTHEQUE CHEVALERET", "marker-color": "#818181"}}, {"type": "Feature", "geometry": {"type": "Point", "coordinates": [2.343894, 48.830914]}, "properties": {"numparc": 7376, "etat de la localisation": "autre", "ID BDGEO": "350", "horodatage": "2023-05-05 10:22:28", "distance (en metres)": 42.36, "station": "GLACIERE-AUGUSTE BLANQUI", "marker-color": "#818181"}}, {"type": "Feature", "geometry": {"type": "Point", "coordinates": [2.356692, 48.83046]}, "properties": {"numparc": 7362, "etat de la localisation": "autre", "ID BDGEO": "377", "horodatage": "2023-05-05 10:23:36", "distance (en metres)": 1640.9, "station": "DENFERT-ROCHEREAU#", "marker-color": "#818181"}}, {"type": "Feature", "geometry": {"type": "Point", "coordinates": [2.404708, 48.856365]}, "properties": {"numparc": 7369, "etat de la localisation": "autre", "ID BDGEO": "141", "horodatage": "2023-05-05 10:23:54", "distance (en metres)": 3611.46, "station": "BIBLIOTHEQUE CHEVALERET", "marker-color": "#818181"}}, {"type": "Feature", "geometry": {"type": "Point", "coordinates": [2.401692, 48.859413]}, "properties": {"numparc": 7369, "etat de la localisation": "autre", "ID BDGEO": "141", "horodatage": "2023-05-05 10:25:38", "distance (en metres)": 3775.32, "station": "BIBLIOTHEQUE CHEVALERET", "marker-color": "#818181"}}, {"type": "Feature", "geometry": {"type": "Point", "coordinates": [2.354103, 48.831165]}, "properties": {"numparc": 7362, "etat de la localisation": "autre", "ID BDGEO": "377", "horodatage": "2023-05-05 10:26:27", "distance (en metres)": 1440.24, "station": "DENFERT-ROCHEREAU#", "marker-color": "#818181"}}, {"type": "Feature", "geometry": {"type": "Point", "coordinates": [2.400142, 48.861984]}, "properties": {"numparc": 7369, "etat de la localisation": "autre", "ID BDGEO": "141", "horodatage": "2023-05-05 10:27:11", "distance (en metres)": 3972.76, "station": "BIBLIOTHEQUE CHEVALERET", "marker-color": "#818181"}}, {"type": "Feature", "geometry": {"type": "Point", "coordinates": [2.348959, 48.829868]}, "properties": {"numparc": 7362, "etat de la localisation": "autre", "ID BDGEO": "377", "horodatage": "2023-05-05 10:28:01", "distance (en metres)": 1112.64, "station": "DENFERT-ROCHEREAU#", "marker-color": "#818181"}}, {"type": "Feature", "geometry": {"type": "Point", "coordinates": [2.39894, 48.864189]}, "properties": {"numparc": 7369, "etat de la localisation": "autre", "ID BDGEO": "141", "horodatage": "2023-05-05 10:28:46", "distance (en metres)": 4156.57, "station": "BIBLIOTHEQUE CHEVALERET", "marker-color": "#818181"}}, {"type": "Feature", "geometry": {"type": "Point", "coordinates": [2.39888, 48.864265]}, "properties": {"numparc": 7369, "etat de la localisation": "autre", "ID BDGEO": "141", "horodatage": "2023-05-05 10:29:20", "distance (en metres)": 4162.53, "station": "BIBLIOTHEQUE CHEVALERET", "marker-color": "#818181"}}, {"type": "Feature", "geometry": {"type": "Point", "coordinates": [2.39888, 48.864265]}, "properties": {"numparc": 7369, "etat de la localisation": "autre", "ID BDGEO": "141", "horodatage": "2023-05-05 10:29:37", "distance (en metres)": 4162.53, "station": "BIBLIOTHEQUE CHEVALERET", "marker-color": "#818181"}}, {"type": "Feature", "geometry": {"type": "Point", "coordinates": [2.344022, 48.831272]}, "properties": {"numparc": 7362, "etat de la localisation": "autre", "ID BDGEO": "377", "horodatage": "2023-05-05 10:29:54", "distance (en metres)": 719.81, "station": "DENFERT-ROCHEREAU#", "marker-color": "#818181"}}, {"type": "Feature", "geometry": {"type": "Point", "coordinates": [2.399137, 48.865578]}, "properties": {"numparc": 7369, "etat de la localisation": "autre", "ID BDGEO": "141", "horodatage": "2023-05-05 10:30:36", "distance (en metres)": 4303.68, "station": "BIBLIOTHEQUE CHEVALERET", "marker-color": "#818181"}}, {"type": "Feature", "geometry": {"type": "Point", "coordinates": [2.339189, 48.832592]}, "properties": {"numparc": 7362, "etat de la localisation": "autre", "ID BDGEO": "377", "horodatage": "2023-05-05 10:31:36", "distance (en metres)": 338.62, "station": "DENFERT-ROCHEREAU#", "marker-color": "#818181"}}, {"type": "Feature", "geometry": {"type": "Point", "coordinates": [2.401815, 48.868721]}, "properties": {"numparc": 7369, "etat de la localisation": "autre", "ID BDGEO": "141", "horodatage": "2023-05-05 10:31:58", "distance (en metres)": 4702.45, "station": "BIBLIOTHEQUE CHEVALERET", "marker-color": "#818181"}}, {"type": "Feature", "geometry": {"type": "Point", "coordinates": [2.401849, 48.868752]}, "properties": {"numparc": 7369, "etat de la localisation": "autre", "ID BDGEO": "141", "horodatage": "2023-05-05 10:32:20", "distance (en metres)": 4706.56, "station": "BIBLIOTHEQUE CHEVALERET", "marker-color": "#818181"}}, {"type": "Feature", "geometry": {"type": "Point", "coordinates": [2.333796, 48.834148]}, "properties": {"numparc": 7362, "etat de la localisation": "autre", "ID BDGEO": "377", "horodatage": "2023-05-05 10:34:11", "distance (en metres)": 111.01, "station": "DENFERT-ROCHEREAU#", "marker-color": "#818181"}}, {"type": "Feature", "geometry": {"type": "Point", "coordinates": [2.403998, 48.871273]}, "properties": {"numparc": 7369, "etat de la localisation": "autre", "ID BDGEO": "141", "horodatage": "2023-05-05 10:35:01", "distance (en metres)": 5026.69, "station": "BIBLIOTHEQUE CHEVALERET", "marker-color": "#818181"}}, {"type": "Feature", "geometry": {"type": "Point", "coordinates": [2.406512, 48.87674]}, "properties": {"numparc": 7369, "etat de la localisation": "autre", "ID BDGEO": "141", "horodatage": "2023-05-05 10:38:33", "distance (en metres)": 5656.96, "station": "BIBLIOTHEQUE CHEVALERET", "marker-color": "#818181"}}, {"type": "Feature", "geometry": {"type": "Point", "coordinates": [2.406616, 48.876991]}, "properties": {"numparc": 7369, "etat de la localisation": "autre", "ID BDGEO": "377", "horodatage": "2023-05-05 10:39:00", "distance (en metres)": 7157.13, "station": "DENFERT-ROCHEREAU#", "marker-color": "#818181"}}, {"type": "Feature", "geometry": {"type": "Point", "coordinates": [2.38598, 48.835648]}, "properties": {"numparc": 7376, "etat de la localisation": "autre", "ID BDGEO": "141", "horodatage": "2023-05-05 10:39:33", "distance (en metres)": 972.52, "station": "BIBLIOTHEQUE CHEVALERET", "marker-color": "#818181"}}, {"type": "Feature", "geometry": {"type": "Point", "coordinates": [2.408681, 48.877247]}, "properties": {"numparc": 7369, "etat de la localisation": "autre", "ID BDGEO": "377", "horodatage": "2023-05-05 10:39:51", "distance (en metres)": 7287.89, "station": "DENFERT-ROCHEREAU#", "marker-color": "#818181"}}, {"type": "Feature", "geometry": {"type": "Point", "coordinates": [2.407951, 48.876709]}, "properties": {"numparc": 7369, "etat de la localisation": "autre", "ID BDGEO": "377", "horodatage": "2023-05-05 10:40:36", "distance (en metres)": 7208.21, "station": "DENFERT-ROCHEREAU#", "marker-color": "#818181"}}, {"type": "Feature", "geometry": {"type": "Point", "coordinates": [2.390718, 48.837189]}, "properties": {"numparc": 7376, "etat de la localisation": "autre", "ID BDGEO": "141", "horodatage": "2023-05-05 10:41:07", "distance (en metres)": 1351.81, "station": "BIBLIOTHEQUE CHEVALERET", "marker-color": "#818181"}}, {"type": "Feature", "geometry": {"type": "Point", "coordinates": [2.393718, 48.838955]}, "properties": {"numparc": 7376, "etat de la localisation": "autre", "ID BDGEO": "141", "horodatage": "2023-05-05 10:43:15", "distance (en metres)": 1645.09, "station": "BIBLIOTHEQUE CHEVALERET", "marker-color": "#818181"}}, {"type": "Feature", "geometry": {"type": "Point", "coordinates": [2.397027, 48.839512]}, "properties": {"numparc": 7376, "etat de la localisation": "autre", "ID BDGEO": "141", "horodatage": "2023-05-05 10:45:15", "distance (en metres)": 1878.34, "station": "BIBLIOTHEQUE CHEVALERET", "marker-color": "#818181"}}, {"type": "Feature", "geometry": {"type": "Point", "coordinates": [2.399334, 48.83955]}, "properties": {"numparc": 7376, "etat de la localisation": "autre", "ID BDGEO": "141", "horodatage": "2023-05-05 10:46:29", "distance (en metres)": 2022.73, "station": "BIBLIOTHEQUE CHEVALERET", "marker-color": "#818181"}}, {"type": "Feature", "geometry": {"type": "Point", "coordinates": [2.406394, 48.876835]}, "properties": {"numparc": 7369, "etat de la localisation": "autre", "ID BDGEO": "377", "horodatage": "2023-05-05 10:48:04", "distance (en metres)": 7133.4, "station": "DENFERT-ROCHEREAU#", "marker-color": "#818181"}}, {"type": "Feature", "geometry": {"type": "Point", "coordinates": [2.403374, 48.839691]}, "properties": {"numparc": 7376, "etat de la localisation": "autre", "ID BDGEO": "141", "horodatage": "2023-05-05 10:48:12", "distance (en metres)": 2287.56, "station": "BIBLIOTHEQUE CHEVALERET", "marker-color": "#818181"}}, {"type": "Feature", "geometry": {"type": "Point", "coordinates": [2.405018, 48.842247]}, "properties": {"numparc": 7376, "etat de la localisation": "autre", "ID BDGEO": "141", "horodatage": "2023-05-05 10:49:20", "distance (en metres)": 2534.36, "station": "BIBLIOTHEQUE CHEVALERET", "marker-color": "#818181"}}, {"type": "Feature", "geometry": {"type": "Point", "coordinates": [2.40522, 48.842884]}, "properties": {"numparc": 7376, "etat de la localisation": "autre", "ID BDGEO": "141", "horodatage": "2023-05-05 10:50:04", "distance (en metres)": 2585.22, "station": "BIBLIOTHEQUE CHEVALERET", "marker-color": "#818181"}}, {"type": "Feature", "geometry": {"type": "Point", "coordinates": [2.379269, 48.832008]}, "properties": {"numparc": 618, "etat de la localisation": "autre", "ID BDGEO": "141", "horodatage": "2023-05-05 10:50:21", "distance (en metres)": 336.1, "station": "BIBLIOTHEQUE CHEVALERET", "marker-color": "#818181"}}, {"type": "Feature", "geometry": {"type": "Point", "coordinates": [2.404704, 48.872616]}, "properties": {"numparc": 7369, "etat de la localisation": "autre", "ID BDGEO": "377", "horodatage": "2023-05-05 10:50:22", "distance (en metres)": 6729.74, "station": "DENFERT-ROCHEREAU#", "marker-color": "#818181"}}, {"type": "Feature", "geometry": {"type": "Point", "coordinates": [2.404661, 48.872498]}, "properties": {"numparc": 7369, "etat de la localisation": "autre", "ID BDGEO": "377", "horodatage": "2023-05-05 10:50:50", "distance (en metres)": 6718.82, "station": "DENFERT-ROCHEREAU#", "marker-color": "#818181"}}, {"type": "Feature", "geometry": {"type": "Point", "coordinates": [2.405805, 48.845058]}, "properties": {"numparc": 7376, "etat de la localisation": "autre", "ID BDGEO": "141", "horodatage": "2023-05-05 10:51:21", "distance (en metres)": 2759.98, "station": "BIBLIOTHEQUE CHEVALERET", "marker-color": "#818181"}}, {"type": "Feature", "geometry": {"type": "Point", "coordinates": [2.382881, 48.833946]}, "properties": {"numparc": 618, "etat de la localisation": "autre", "ID BDGEO": "141", "horodatage": "2023-05-05 10:52:23", "distance (en metres)": 677.16, "station": "BIBLIOTHEQUE CHEVALERET", "marker-color": "#818181"}}, {"type": "Feature", "geometry": {"type": "Point", "coordinates": [2.406548, 48.848118]}, "properties": {"numparc": 7376, "etat de la localisation": "autre", "ID BDGEO": "141", "horodatage": "2023-05-05 10:53:30", "distance (en metres)": 3018.18, "station": "BIBLIOTHEQUE CHEVALERET", "marker-color": "#818181"}}, {"type": "Feature", "geometry": {"type": "Point", "coordinates": [2.385939, 48.835682]}, "properties": {"numparc": 618, "etat de la localisation": "autre", "ID BDGEO": "141", "horodatage": "2023-05-05 10:53:33", "distance (en metres)": 972.65, "station": "BIBLIOTHEQUE CHEVALERET", "marker-color": "#818181"}}, {"type": "Feature", "geometry": {"type": "Point", "coordinates": [2.401272, 48.868332]}, "properties": {"numparc": 7369, "etat de la localisation": "autre", "ID BDGEO": "377", "horodatage": "2023-05-05 10:53:35", "distance (en metres)": 6232.98, "station": "DENFERT-ROCHEREAU#", "marker-color": "#818181"}}, {"type": "Feature", "geometry": {"type": "Point", "coordinates": [2.406353, 48.85117]}, "properties": {"numparc": 7376, "etat de la localisation": "autre", "ID BDGEO": "141", "horodatage": "2023-05-05 10:54:43", "distance (en metres)": 3243.84, "station": "BIBLIOTHEQUE CHEVALERET", "marker-color": "#818181"}}, {"type": "Feature", "geometry": {"type": "Point", "coordinates": [2.399362, 48.866077]}, "properties": {"numparc": 7369, "etat de la localisation": "autre", "ID BDGEO": "377", "horodatage": "2023-05-05 10:55:12", "distance (en metres)": 5968.41, "station": "DENFERT-ROCHEREAU#", "marker-color": "#818181"}}, {"type": "Feature", "geometry": {"type": "Point", "coordinates": [2.390769, 48.837208]}, "properties": {"numparc": 618, "etat de la localisation": "autre", "ID BDGEO": "141", "horodatage": "2023-05-05 10:55:30", "distance (en metres)": 1356.08, "station": "BIBLIOTHEQUE CHEVALERET", "marker-color": "#818181"}}, {"type": "Feature", "geometry": {"type": "Point", "coordinates": [2.399345, 48.866035]}, "properties": {"numparc": 7369, "etat de la localisation": "autre", "ID BDGEO": "377", "horodatage": "2023-05-05 10:55:32", "distance (en metres)": 5964.57, "station": "DENFERT-ROCHEREAU#", "marker-color": "#818181"}}, {"type": "Feature", "geometry": {"type": "Point", "coordinates": [2.40613, 48.852947]}, "properties": {"numparc": 7376, "etat de la localisation": "autre", "ID BDGEO": "141", "horodatage": "2023-05-05 10:56:22", "distance (en metres)": 3378.81, "station": "BIBLIOTHEQUE CHEVALERET", "marker-color": "#818181"}}, {"type": "Feature", "geometry": {"type": "Point", "coordinates": [2.398939, 48.864822]}, "properties": {"numparc": 7369, "etat de la localisation": "autre", "ID BDGEO": "377", "horodatage": "2023-05-05 10:57:24", "distance (en metres)": 5859.54, "station": "DENFERT-ROCHEREAU#", "marker-color": "#818181"}}, {"type": "Feature", "geometry": {"type": "Point", "coordinates": [2.404858, 48.856464]}, "properties": {"numparc": 7376, "etat de la localisation": "autre", "ID BDGEO": "141", "horodatage": "2023-05-05 10:57:51", "distance (en metres)": 3626.84, "station": "BIBLIOTHEQUE CHEVALERET", "marker-color": "#818181"}}, {"type": "Feature", "geometry": {"type": "Point", "coordinates": [2.400415, 48.861679]}, "properties": {"numparc": 7369, "etat de la localisation": "autre", "ID BDGEO": "377", "horodatage": "2023-05-05 10:58:48", "distance (en metres)": 5747.91, "station": "DENFERT-ROCHEREAU#", "marker-color": "#818181"}}, {"type": "Feature", "geometry": {"type": "Point", "coordinates": [2.393663, 48.838943]}, "properties": {"numparc": 618, "etat de la localisation": "autre", "ID BDGEO": "141", "horodatage": "2023-05-05 10:59:12", "distance (en metres)": 1641.1, "station": "BIBLIOTHEQUE CHEVALERET", "marker-color": "#818181"}}, {"type": "Feature", "geometry": {"type": "Point", "coordinates": [2.401749, 48.859509]}, "properties": {"numparc": 7376, "etat de la localisation": "autre", "ID BDGEO": "141", "horodatage": "2023-05-05 10:59:37", "distance (en metres)": 3786.58, "station": "BIBLIOTHEQUE CHEVALERET", "marker-color": "#818181"}}, {"type": "Feature", "geometry": {"type": "Point", "coordinates": [2.394103, 48.839233]}, "properties": {"numparc": 618, "etat de la localisation": "autre", "ID BDGEO": "141", "horodatage": "2023-05-05 11:00:25", "distance (en metres)": 1686.24, "station": "BIBLIOTHEQUE CHEVALERET", "marker-color": "#818181"}}, {"type": "Feature", "geometry": {"type": "Point", "coordinates": [2.402394, 48.859306]}, "properties": {"numparc": 7369, "etat de la localisation": "autre", "ID BDGEO": "377", "horodatage": "2023-05-05 11:00:58", "distance (en metres)": 5732.42, "station": "DENFERT-ROCHEREAU#", "marker-color": "#818181"}}, {"type": "Feature", "geometry": {"type": "Point", "coordinates": [2.399001, 48.864296]}, "properties": {"numparc": 7376, "etat de la localisation": "autre", "ID BDGEO": "141", "horodatage": "2023-05-05 11:01:35", "distance (en metres)": 4169.23, "station": "BIBLIOTHEQUE CHEVALERET", "marker-color": "#818181"}}, {"type": "Feature", "geometry": {"type": "Point", "coordinates": [2.397021, 48.839512]}, "properties": {"numparc": 618, "etat de la localisation": "autre", "ID BDGEO": "141", "horodatage": "2023-05-05 11:02:35", "distance (en metres)": 1877.98, "station": "BIBLIOTHEQUE CHEVALERET", "marker-color": "#818181"}}, {"type": "Feature", "geometry": {"type": "Point", "coordinates": [2.405049, 48.856361]}, "properties": {"numparc": 7369, "etat de la localisation": "autre", "ID BDGEO": "377", "horodatage": "2023-05-05 11:02:43", "distance (en metres)": 5748.17, "station": "DENFERT-ROCHEREAU#", "marker-color": "#818181"}}, {"type": "Feature", "geometry": {"type": "Point", "coordinates": [2.399205, 48.865631]}, "properties": {"numparc": 7376, "etat de la localisation": "autre", "ID BDGEO": "141", "horodatage": "2023-05-05 11:03:38", "distance (en metres)": 4311.11, "station": "BIBLIOTHEQUE CHEVALERET", "marker-color": "#818181"}}, {"type": "Feature", "geometry": {"type": "Point", "coordinates": [2.39932, 48.839588]}, "properties": {"numparc": 618, "etat de la localisation": "autre", "ID BDGEO": "141", "horodatage": "2023-05-05 11:04:20", "distance (en metres)": 2024.07, "station": "BIBLIOTHEQUE CHEVALERET", "marker-color": "#818181"}}, {"type": "Feature", "geometry": {"type": "Point", "coordinates": [2.406088, 48.852657]}, "properties": {"numparc": 7369, "etat de la localisation": "autre", "ID BDGEO": "377", "horodatage": "2023-05-05 11:04:44", "distance (en metres)": 5647.48, "station": "DENFERT-ROCHEREAU#", "marker-color": "#818181"}}, {"type": "Feature", "geometry": {"type": "Point", "coordinates": [2.403436, 48.839771]}, "properties": {"numparc": 618, "etat de la localisation": "autre", "ID BDGEO": "141", "horodatage": "2023-05-05 11:05:53", "distance (en metres)": 2295.75, "station": "BIBLIOTHEQUE CHEVALERET", "marker-color": "#818181"}}, {"type": "Feature", "geometry": {"type": "Point", "coordinates": [2.401878, 48.868805]}, "properties": {"numparc": 7376, "etat de la localisation": "autre", "ID BDGEO": "141", "horodatage": "2023-05-05 11:06:23", "distance (en metres)": 4712.86, "station": "BIBLIOTHEQUE CHEVALERET", "marker-color": "#818181"}}, {"type": "Feature", "geometry": {"type": "Point", "coordinates": [2.406297, 48.850483]}, "properties": {"numparc": 7369, "etat de la localisation": "autre", "ID BDGEO": "377", "horodatage": "2023-05-05 11:06:42", "distance (en metres)": 5574.54, "station": "DENFERT-ROCHEREAU#", "marker-color": "#818181"}}, {"type": "Feature", "geometry": {"type": "Point", "coordinates": [2.379298, 48.832054]}, "properties": {"numparc": 7362, "etat de la localisation": "autre", "ID BDGEO": "141", "horodatage": "2023-05-05 11:07:36", "distance (en metres)": 341.01, "station": "BIBLIOTHEQUE CHEVALERET", "marker-color": "#818181"}}, {"type": "Feature", "geometry": {"type": "Point", "coordinates": [2.406207, 48.848289]}, "properties": {"numparc": 7369, "etat de la localisation": "autre", "ID BDGEO": "377", "horodatage": "2023-05-05 11:07:55", "distance (en metres)": 5489.81, "station": "DENFERT-ROCHEREAU#", "marker-color": "#818181"}}, {"type": "Feature", "geometry": {"type": "Point", "coordinates": [2.405083, 48.842304]}, "properties": {"numparc": 618, "etat de la localisation": "autre", "ID BDGEO": "141", "horodatage": "2023-05-05 11:08:19", "distance (en metres)": 2541.77, "station": "BIBLIOTHEQUE CHEVALERET", "marker-color": "#818181"}}, {"type": "Feature", "geometry": {"type": "Point", "coordinates": [2.382843, 48.83392]}, "properties": {"numparc": 7362, "etat de la localisation": "autre", "ID BDGEO": "141", "horodatage": "2023-05-05 11:09:44", "distance (en metres)": 673.13, "station": "BIBLIOTHEQUE CHEVALERET", "marker-color": "#818181"}}, {"type": "Feature", "geometry": {"type": "Point", "coordinates": [2.404131, 48.87133]}, "properties": {"numparc": 7376, "etat de la localisation": "autre", "ID BDGEO": "141", "horodatage": "2023-05-05 11:09:53", "distance (en metres)": 5036.5, "station": "BIBLIOTHEQUE CHEVALERET", "marker-color": "#818181"}}, {"type": "Feature", "geometry": {"type": "Point", "coordinates": [2.40563, 48.84444]}, "properties": {"numparc": 7369, "etat de la localisation": "autre", "ID BDGEO": "377", "horodatage": "2023-05-05 11:10:04", "distance (en metres)": 5334.92, "station": "DENFERT-ROCHEREAU#", "marker-color": "#818181"}}, {"type": "Feature", "geometry": {"type": "Point", "coordinates": [2.405819, 48.845097]}, "properties": {"numparc": 618, "etat de la localisation": "autre", "ID BDGEO": "141", "horodatage": "2023-05-05 11:10:31", "distance (en metres)": 2763.35, "station": "BIBLIOTHEQUE CHEVALERET", "marker-color": "#818181"}}, {"type": "Feature", "geometry": {"type": "Point", "coordinates": [2.405592, 48.844273]}, "properties": {"numparc": 7369, "etat de la localisation": "autre", "ID BDGEO": "377", "horodatage": "2023-05-05 11:10:45", "distance (en metres)": 5327.92, "station": "DENFERT-ROCHEREAU#", "marker-color": "#818181"}}, {"type": "Feature", "geometry": {"type": "Point", "coordinates": [2.385824, 48.835548]}, "properties": {"numparc": 7362, "etat de la localisation": "autre", "ID BDGEO": "141", "horodatage": "2023-05-05 11:10:58", "distance (en metres)": 956.7, "station": "BIBLIOTHEQUE CHEVALERET", "marker-color": "#818181"}}, {"type": "Feature", "geometry": {"type": "Point", "coordinates": [2.405098, 48.84251]}, "properties": {"numparc": 7369, "etat de la localisation": "autre", "ID BDGEO": "377", "horodatage": "2023-05-05 11:11:37", "distance (en metres)": 5251.31, "station": "DENFERT-ROCHEREAU#", "marker-color": "#818181"}}, {"type": "Feature", "geometry": {"type": "Point", "coordinates": [2.405414, 48.874264]}, "properties": {"numparc": 7376, "etat de la localisation": "autre", "ID BDGEO": "141", "horodatage": "2023-05-05 11:11:49", "distance (en metres)": 5372.58, "station": "BIBLIOTHEQUE CHEVALERET", "marker-color": "#818181"}}, {"type": "Feature", "geometry": {"type": "Point", "coordinates": [2.40648, 48.847935]}, "properties": {"numparc": 618, "etat de la localisation": "autre", "ID BDGEO": "141", "horodatage": "2023-05-05 11:12:07", "distance (en metres)": 3000.95, "station": "BIBLIOTHEQUE CHEVALERET", "marker-color": "#818181"}}, {"type": "Feature", "geometry": {"type": "Point", "coordinates": [2.406452, 48.876804]}, "properties": {"numparc": 7376, "etat de la localisation": "autre", "ID BDGEO": "141", "horodatage": "2023-05-05 11:12:58", "distance (en metres)": 5661.84, "station": "BIBLIOTHEQUE CHEVALERET", "marker-color": "#818181"}}, {"type": "Feature", "geometry": {"type": "Point", "coordinates": [2.404082, 48.839897]}, "properties": {"numparc": 7369, "etat de la localisation": "autre", "ID BDGEO": "377", "horodatage": "2023-05-05 11:13:12", "distance (en metres)": 5129.3, "station": "DENFERT-ROCHEREAU#", "marker-color": "#818181"}}, {"type": "Feature", "geometry": {"type": "Point", "coordinates": [2.390667, 48.837132]}, "properties": {"numparc": 7362, "etat de la localisation": "autre", "ID BDGEO": "141", "horodatage": "2023-05-05 11:13:24", "distance (en metres)": 1345.06, "station": "BIBLIOTHEQUE CHEVALERET", "marker-color": "#818181"}}, {"type": "Feature", "geometry": {"type": "Point", "coordinates": [2.406452, 48.876804]}, "properties": {"numparc": 7376, "etat de la localisation": "autre", "ID BDGEO": "141", "horodatage": "2023-05-05 11:13:30", "distance (en metres)": 5661.84, "station": "BIBLIOTHEQUE CHEVALERET", "marker-color": "#818181"}}, {"type": "Feature", "geometry": {"type": "Point", "coordinates": [2.406329, 48.85117]}, "properties": {"numparc": 618, "etat de la localisation": "autre", "ID BDGEO": "141", "horodatage": "2023-05-05 11:13:53", "distance (en metres)": 3242.63, "station": "BIBLIOTHEQUE CHEVALERET", "marker-color": "#818181"}}, {"type": "Feature", "geometry": {"type": "Point", "coordinates": [2.399568, 48.839771]}, "properties": {"numparc": 7369, "etat de la localisation": "autre", "ID BDGEO": "377", "horodatage": "2023-05-05 11:14:28", "distance (en metres)": 4800.4, "station": "DENFERT-ROCHEREAU#", "marker-color": "#818181"}}, {"type": "Feature", "geometry": {"type": "Point", "coordinates": [2.406061, 48.852856]}, "properties": {"numparc": 618, "etat de la localisation": "autre", "ID BDGEO": "141", "horodatage": "2023-05-05 11:15:07", "distance (en metres)": 3367.82, "station": "BIBLIOTHEQUE CHEVALERET", "marker-color": "#818181"}}, {"type": "Feature", "geometry": {"type": "Point", "coordinates": [2.408514, 48.877174]}, "properties": {"numparc": 7376, "etat de la localisation": "autre", "ID BDGEO": "377", "horodatage": "2023-05-05 11:15:27", "distance (en metres)": 7273.43, "station": "DENFERT-ROCHEREAU#", "marker-color": "#818181"}}, {"type": "Feature", "geometry": {"type": "Point", "coordinates": [2.396972, 48.83968]}, "properties": {"numparc": 7369, "etat de la localisation": "autre", "ID BDGEO": "377", "horodatage": "2023-05-05 11:15:48", "distance (en metres)": 4611.03, "station": "DENFERT-ROCHEREAU#", "marker-color": "#818181"}}, {"type": "Feature", "geometry": {"type": "Point", "coordinates": [2.40784, 48.876644]}, "properties": {"numparc": 7376, "etat de la localisation": "autre", "ID BDGEO": "377", "horodatage": "2023-05-05 11:16:12", "distance (en metres)": 7197.35, "station": "DENFERT-ROCHEREAU#", "marker-color": "#818181"}}, {"type": "Feature", "geometry": {"type": "Point", "coordinates": [2.393726, 48.838966]}, "properties": {"numparc": 7362, "etat de la localisation": "autre", "ID BDGEO": "141", "horodatage": "2023-05-05 11:16:44", "distance (en metres)": 1646.33, "station": "BIBLIOTHEQUE CHEVALERET", "marker-color": "#818181"}}, {"type": "Feature", "geometry": {"type": "Point", "coordinates": [2.404735, 48.856518]}, "properties": {"numparc": 618, "etat de la localisation": "autre", "ID BDGEO": "141", "horodatage": "2023-05-05 11:17:13", "distance (en metres)": 3626.38, "station": "BIBLIOTHEQUE CHEVALERET", "marker-color": "#818181"}}, {"type": "Feature", "geometry": {"type": "Point", "coordinates": [2.394196, 48.839069]}, "properties": {"numparc": 7369, "etat de la localisation": "autre", "ID BDGEO": "377", "horodatage": "2023-05-05 11:17:50", "distance (en metres)": 4400.06, "station": "DENFERT-ROCHEREAU#", "marker-color": "#818181"}}, {"type": "Feature", "geometry": {"type": "Point", "coordinates": [2.401669, 48.859528]}, "properties": {"numparc": 618, "etat de la localisation": "autre", "ID BDGEO": "141", "horodatage": "2023-05-05 11:18:57", "distance (en metres)": 3785.48, "station": "BIBLIOTHEQUE CHEVALERET", "marker-color": "#818181"}}, {"type": "Feature", "geometry": {"type": "Point", "coordinates": [2.397033, 48.839531]}, "properties": {"numparc": 7362, "etat de la localisation": "autre", "ID BDGEO": "141", "horodatage": "2023-05-05 11:19:58", "distance (en metres)": 1879.89, "station": "BIBLIOTHEQUE CHEVALERET", "marker-color": "#818181"}}, {"type": "Feature", "geometry": {"type": "Point", "coordinates": [2.400117, 48.862095]}, "properties": {"numparc": 618, "etat de la localisation": "autre", "ID BDGEO": "141", "horodatage": "2023-05-05 11:20:29", "distance (en metres)": 3982.94, "station": "BIBLIOTHEQUE CHEVALERET", "marker-color": "#818181"}}, {"type": "Feature", "geometry": {"type": "Point", "coordinates": [2.390847, 48.837353]}, "properties": {"numparc": 7369, "etat de la localisation": "autre", "ID BDGEO": "377", "horodatage": "2023-05-05 11:20:57", "distance (en metres)": 4132.84, "station": "DENFERT-ROCHEREAU#", "marker-color": "#818181"}}, {"type": "Feature", "geometry": {"type": "Point", "coordinates": [2.3994, 48.839573]}, "properties": {"numparc": 7362, "etat de la localisation": "autre", "ID BDGEO": "141", "horodatage": "2023-05-05 11:21:06", "distance (en metres)": 2028.18, "station": "BIBLIOTHEQUE CHEVALERET", "marker-color": "#818181"}}, {"type": "Feature", "geometry": {"type": "Point", "coordinates": [2.398943, 48.864288]}, "properties": {"numparc": 618, "etat de la localisation": "autre", "ID BDGEO": "141", "horodatage": "2023-05-05 11:22:03", "distance (en metres)": 4166.72, "station": "BIBLIOTHEQUE CHEVALERET", "marker-color": "#818181"}}, {"type": "Feature", "geometry": {"type": "Point", "coordinates": [2.40342, 48.839725]}, "properties": {"numparc": 7362, "etat de la localisation": "autre", "ID BDGEO": "141", "horodatage": "2023-05-05 11:23:04", "distance (en metres)": 2292.33, "station": "BIBLIOTHEQUE CHEVALERET", "marker-color": "#818181"}}, {"type": "Feature", "geometry": {"type": "Point", "coordinates": [2.386282, 48.83585]}, "properties": {"numparc": 7369, "etat de la localisation": "autre", "ID BDGEO": "377", "horodatage": "2023-05-05 11:23:44", "distance (en metres)": 3784.97, "station": "DENFERT-ROCHEREAU#", "marker-color": "#818181"}}, {"type": "Feature", "geometry": {"type": "Point", "coordinates": [2.399184, 48.865669]}, "properties": {"numparc": 618, "etat de la localisation": "autre", "ID BDGEO": "141", "horodatage": "2023-05-05 11:24:36", "distance (en metres)": 4314.39, "station": "BIBLIOTHEQUE CHEVALERET", "marker-color": "#818181"}}, {"type": "Feature", "geometry": {"type": "Point", "coordinates": [2.399184, 48.865669]}, "properties": {"numparc": 618, "etat de la localisation": "autre", "ID BDGEO": "141", "horodatage": "2023-05-05 11:24:47", "distance (en metres)": 4314.39, "station": "BIBLIOTHEQUE CHEVALERET", "marker-color": "#818181"}}, {"type": "Feature", "geometry": {"type": "Point", "coordinates": [2.405039, 48.842232]}, "properties": {"numparc": 7362, "etat de la localisation": "autre", "ID BDGEO": "141", "horodatage": "2023-05-05 11:25:13", "distance (en metres)": 2534.75, "station": "BIBLIOTHEQUE CHEVALERET", "marker-color": "#818181"}}, {"type": "Feature", "geometry": {"type": "Point", "coordinates": [2.382954, 48.834049]}, "properties": {"numparc": 7369, "etat de la localisation": "autre", "ID BDGEO": "377", "horodatage": "2023-05-05 11:25:30", "distance (en metres)": 3532.09, "station": "DENFERT-ROCHEREAU#", "marker-color": "#818181"}}, {"type": "Feature", "geometry": {"type": "Point", "coordinates": [2.405843, 48.845051]}, "properties": {"numparc": 7362, "etat de la localisation": "autre", "ID BDGEO": "141", "horodatage": "2023-05-05 11:27:15", "distance (en metres)": 2761.68, "station": "BIBLIOTHEQUE CHEVALERET", "marker-color": "#818181"}}, {"type": "Feature", "geometry": {"type": "Point", "coordinates": [2.401947, 48.868797]}, "properties": {"numparc": 618, "etat de la localisation": "autre", "ID BDGEO": "141", "horodatage": "2023-05-05 11:27:16", "distance (en metres)": 4714.12, "station": "BIBLIOTHEQUE CHEVALERET", "marker-color": "#818181"}}, {"type": "Feature", "geometry": {"type": "Point", "coordinates": [2.379167, 48.831944]}, "properties": {"numparc": 7369, "etat de la localisation": "autre", "ID BDGEO": "377", "horodatage": "2023-05-05 11:28:42", "distance (en metres)": 3257.9, "station": "DENFERT-ROCHEREAU#", "marker-color": "#818181"}}, {"type": "Feature", "geometry": {"type": "Point", "coordinates": [2.406556, 48.848095]}, "properties": {"numparc": 7362, "etat de la localisation": "autre", "ID BDGEO": "141", "horodatage": "2023-05-05 11:29:23", "distance (en metres)": 3016.92, "station": "BIBLIOTHEQUE CHEVALERET", "marker-color": "#818181"}}, {"type": "Feature", "geometry": {"type": "Point", "coordinates": [2.406359, 48.876705]}, "properties": {"numparc": 7376, "etat de la localisation": "autre", "ID BDGEO": "377", "horodatage": "2023-05-05 11:29:33", "distance (en metres)": 7121.76, "station": "DENFERT-ROCHEREAU#", "marker-color": "#818181"}}, {"type": "Feature", "geometry": {"type": "Point", "coordinates": [2.375854, 48.830173]}, "properties": {"numparc": 7369, "etat de la localisation": "autre", "ID BDGEO": "377", "horodatage": "2023-05-05 11:30:28", "distance (en metres)": 3032.34, "station": "DENFERT-ROCHEREAU#", "marker-color": "#818181"}}, {"type": "Feature", "geometry": {"type": "Point", "coordinates": [2.406347, 48.851215]}, "properties": {"numparc": 7362, "etat de la localisation": "autre", "ID BDGEO": "141", "horodatage": "2023-05-05 11:30:37", "distance (en metres)": 3247.23, "station": "BIBLIOTHEQUE CHEVALERET", "marker-color": "#818181"}}, {"type": "Feature", "geometry": {"type": "Point", "coordinates": [2.405623, 48.87479]}, "properties": {"numparc": 7376, "etat de la localisation": "autre", "ID BDGEO": "377", "horodatage": "2023-05-05 11:30:45", "distance (en metres)": 6939.1, "station": "DENFERT-ROCHEREAU#", "marker-color": "#818181"}}, {"type": "Feature", "geometry": {"type": "Point", "coordinates": [2.404144, 48.871334]}, "properties": {"numparc": 618, "etat de la localisation": "autre", "ID BDGEO": "141", "horodatage": "2023-05-05 11:31:30", "distance (en metres)": 5037.27, "station": "BIBLIOTHEQUE CHEVALERET", "marker-color": "#818181"}}, {"type": "Feature", "geometry": {"type": "Point", "coordinates": [2.404632, 48.872437]}, "properties": {"numparc": 7376, "etat de la localisation": "autre", "ID BDGEO": "377", "horodatage": "2023-05-05 11:31:49", "distance (en metres)": 6712.82, "station": "DENFERT-ROCHEREAU#", "marker-color": "#818181"}}, {"type": "Feature", "geometry": {"type": "Point", "coordinates": [2.406045, 48.852982]}, "properties": {"numparc": 7362, "etat de la localisation": "autre", "ID BDGEO": "141", "horodatage": "2023-05-05 11:32:18", "distance (en metres)": 3377.6, "station": "BIBLIOTHEQUE CHEVALERET", "marker-color": "#818181"}}, {"type": "Feature", "geometry": {"type": "Point", "coordinates": [2.403943, 48.871284]}, "properties": {"numparc": 7376, "etat de la localisation": "autre", "ID BDGEO": "377", "horodatage": "2023-05-05 11:32:46", "distance (en metres)": 6591.82, "station": "DENFERT-ROCHEREAU#", "marker-color": "#818181"}}, {"type": "Feature", "geometry": {"type": "Point", "coordinates": [2.404746, 48.856449]}, "properties": {"numparc": 7362, "etat de la localisation": "autre", "ID BDGEO": "141", "horodatage": "2023-05-05 11:33:51", "distance (en metres)": 3620.66, "station": "BIBLIOTHEQUE CHEVALERET", "marker-color": "#818181"}}, {"type": "Feature", "geometry": {"type": "Point", "coordinates": [2.405425, 48.874226]}, "properties": {"numparc": 618, "etat de la localisation": "autre", "ID BDGEO": "141", "horodatage": "2023-05-05 11:34:21", "distance (en metres)": 5369.02, "station": "BIBLIOTHEQUE CHEVALERET", "marker-color": "#818181"}}, {"type": "Feature", "geometry": {"type": "Point", "coordinates": [2.401172, 48.868134]}, "properties": {"numparc": 7376, "etat de la localisation": "autre", "ID BDGEO": "377", "horodatage": "2023-05-05 11:34:48", "distance (en metres)": 6213.5, "station": "DENFERT-ROCHEREAU#", "marker-color": "#818181"}}, {"type": "Feature", "geometry": {"type": "Point", "coordinates": [2.406448, 48.876743]}, "properties": {"numparc": 618, "etat de la localisation": "autre", "ID BDGEO": "141", "horodatage": "2023-05-05 11:35:24", "distance (en metres)": 5655.49, "station": "BIBLIOTHEQUE CHEVALERET", "marker-color": "#818181"}}, {"type": "Feature", "geometry": {"type": "Point", "coordinates": [2.401662, 48.859501]}, "properties": {"numparc": 7362, "etat de la localisation": "autre", "ID BDGEO": "141", "horodatage": "2023-05-05 11:35:47", "distance (en metres)": 3782.66, "station": "BIBLIOTHEQUE CHEVALERET", "marker-color": "#818181"}}, {"type": "Feature", "geometry": {"type": "Point", "coordinates": [2.370685, 48.827675]}, "properties": {"numparc": 7369, "etat de la localisation": "autre", "ID BDGEO": "377", "horodatage": "2023-05-05 11:36:11", "distance (en metres)": 2707.99, "station": "DENFERT-ROCHEREAU#", "marker-color": "#818181"}}, {"type": "Feature", "geometry": {"type": "Point", "coordinates": [2.399188, 48.865891]}, "properties": {"numparc": 7376, "etat de la localisation": "autre", "ID BDGEO": "377", "horodatage": "2023-05-05 11:36:47", "distance (en metres)": 5945.65, "station": "DENFERT-ROCHEREAU#", "marker-color": "#818181"}}, {"type": "Feature", "geometry": {"type": "Point", "coordinates": [2.400123, 48.862083]}, "properties": {"numparc": 7362, "etat de la localisation": "autre", "ID BDGEO": "141", "horodatage": "2023-05-05 11:36:59", "distance (en metres)": 3982.0, "station": "BIBLIOTHEQUE CHEVALERET", "marker-color": "#818181"}}, {"type": "Feature", "geometry": {"type": "Point", "coordinates": [2.367765, 48.827213]}, "properties": {"numparc": 7369, "etat de la localisation": "autre", "ID BDGEO": "377", "horodatage": "2023-05-05 11:37:14", "distance (en metres)": 2514.08, "station": "DENFERT-ROCHEREAU#", "marker-color": "#818181"}}, {"type": "Feature", "geometry": {"type": "Point", "coordinates": [2.398887, 48.86433]}, "properties": {"numparc": 7362, "etat de la localisation": "autre", "ID BDGEO": "141", "horodatage": "2023-05-05 11:37:55", "distance (en metres)": 4169.32, "station": "BIBLIOTHEQUE CHEVALERET", "marker-color": "#818181"}}, {"type": "Feature", "geometry": {"type": "Point", "coordinates": [2.408471, 48.877113]}, "properties": {"numparc": 618, "etat de la localisation": "autre", "ID BDGEO": "377", "horodatage": "2023-05-05 11:38:00", "distance (en metres)": 7266.56, "station": "DENFERT-ROCHEREAU#", "marker-color": "#818181"}}, {"type": "Feature", "geometry": {"type": "Point", "coordinates": [2.364882, 48.826744]}, "properties": {"numparc": 7369, "etat de la localisation": "autre", "ID BDGEO": "377", "horodatage": "2023-05-05 11:38:24", "distance (en metres)": 2327.63, "station": "DENFERT-ROCHEREAU#", "marker-color": "#818181"}}, {"type": "Feature", "geometry": {"type": "Point", "coordinates": [2.407746, 48.876598]}, "properties": {"numparc": 618, "etat de la localisation": "autre", "ID BDGEO": "377", "horodatage": "2023-05-05 11:38:42", "distance (en metres)": 7188.84, "station": "DENFERT-ROCHEREAU#", "marker-color": "#818181"}}, {"type": "Feature", "geometry": {"type": "Point", "coordinates": [2.398836, 48.864563]}, "properties": {"numparc": 7376, "etat de la localisation": "autre", "ID BDGEO": "377", "horodatage": "2023-05-05 11:38:47", "distance (en metres)": 5836.31, "station": "DENFERT-ROCHEREAU#", "marker-color": "#818181"}}, {"type": "Feature", "geometry": {"type": "Point", "coordinates": [2.406309, 48.876678]}, "properties": {"numparc": 618, "etat de la localisation": "autre", "ID BDGEO": "377", "horodatage": "2023-05-05 11:40:27", "distance (en metres)": 7117.05, "station": "DENFERT-ROCHEREAU#", "marker-color": "#818181"}}, {"type": "Feature", "geometry": {"type": "Point", "coordinates": [2.39925, 48.865685]}, "properties": {"numparc": 7362, "etat de la localisation": "autre", "ID BDGEO": "141", "horodatage": "2023-05-05 11:40:38", "distance (en metres)": 4317.87, "station": "BIBLIOTHEQUE CHEVALERET", "marker-color": "#818181"}}, {"type": "Feature", "geometry": {"type": "Point", "coordinates": [2.361102, 48.826244]}, "properties": {"numparc": 7369, "etat de la localisation": "autre", "ID BDGEO": "377", "horodatage": "2023-05-05 11:40:41", "distance (en metres)": 2087.34, "station": "DENFERT-ROCHEREAU#", "marker-color": "#818181"}}, {"type": "Feature", "geometry": {"type": "Point", "coordinates": [2.361102, 48.826244]}, "properties": {"numparc": 7369, "etat de la localisation": "autre", "ID BDGEO": "377", "horodatage": "2023-05-05 11:40:49", "distance (en metres)": 2087.34, "station": "DENFERT-ROCHEREAU#", "marker-color": "#818181"}}, {"type": "Feature", "geometry": {"type": "Point", "coordinates": [2.400323, 48.861385]}, "properties": {"numparc": 7376, "etat de la localisation": "autre", "ID BDGEO": "377", "horodatage": "2023-05-05 11:40:56", "distance (en metres)": 5724.44, "station": "DENFERT-ROCHEREAU#", "marker-color": "#818181"}}, {"type": "Feature", "geometry": {"type": "Point", "coordinates": [2.40562, 48.87484]}, "properties": {"numparc": 618, "etat de la localisation": "autre", "ID BDGEO": "377", "horodatage": "2023-05-05 11:41:24", "distance (en metres)": 6942.6, "station": "DENFERT-ROCHEREAU#", "marker-color": "#818181"}}, {"type": "Feature", "geometry": {"type": "Point", "coordinates": [2.361102, 48.826244]}, "properties": {"numparc": 7369, "etat de la localisation": "autre", "ID BDGEO": "377", "horodatage": "2023-05-05 11:42:05", "distance (en metres)": 2087.34, "station": "DENFERT-ROCHEREAU#", "marker-color": "#818181"}}, {"type": "Feature", "geometry": {"type": "Point", "coordinates": [2.404657, 48.872478]}, "properties": {"numparc": 618, "etat de la localisation": "autre", "ID BDGEO": "377", "horodatage": "2023-05-05 11:42:24", "distance (en metres)": 6717.22, "station": "DENFERT-ROCHEREAU#", "marker-color": "#818181"}}, {"type": "Feature", "geometry": {"type": "Point", "coordinates": [2.401935, 48.868755]}, "properties": {"numparc": 7362, "etat de la localisation": "autre", "ID BDGEO": "141", "horodatage": "2023-05-05 11:42:53", "distance (en metres)": 4709.51, "station": "BIBLIOTHEQUE CHEVALERET", "marker-color": "#818181"}}, {"type": "Feature", "geometry": {"type": "Point", "coordinates": [2.402434, 48.858932]}, "properties": {"numparc": 7376, "etat de la localisation": "autre", "ID BDGEO": "377", "horodatage": "2023-05-05 11:42:56", "distance (en metres)": 5714.16, "station": "DENFERT-ROCHEREAU#", "marker-color": "#818181"}}, {"type": "Feature", "geometry": {"type": "Point", "coordinates": [2.359045, 48.827496]}, "properties": {"numparc": 7369, "etat de la localisation": "autre", "ID BDGEO": "377", "horodatage": "2023-05-05 11:44:13", "distance (en metres)": 1896.64, "station": "DENFERT-ROCHEREAU#", "marker-color": "#818181"}}, {"type": "Feature", "geometry": {"type": "Point", "coordinates": [2.401241, 48.868103]}, "properties": {"numparc": 618, "etat de la localisation": "autre", "ID BDGEO": "377", "horodatage": "2023-05-05 11:45:37", "distance (en metres)": 6215.36, "station": "DENFERT-ROCHEREAU#", "marker-color": "#818181"}}, {"type": "Feature", "geometry": {"type": "Point", "coordinates": [2.405046, 48.855953]}, "properties": {"numparc": 7376, "etat de la localisation": "autre", "ID BDGEO": "377", "horodatage": "2023-05-05 11:45:38", "distance (en metres)": 5727.93, "station": "DENFERT-ROCHEREAU#", "marker-color": "#818181"}}, {"type": "Feature", "geometry": {"type": "Point", "coordinates": [2.356698, 48.830345]}, "properties": {"numparc": 7369, "etat de la localisation": "autre", "ID BDGEO": "377", "horodatage": "2023-05-05 11:46:11", "distance (en metres)": 1643.87, "station": "DENFERT-ROCHEREAU#", "marker-color": "#818181"}}, {"type": "Feature", "geometry": {"type": "Point", "coordinates": [2.399265, 48.865814]}, "properties": {"numparc": 618, "etat de la localisation": "autre", "ID BDGEO": "377", "horodatage": "2023-05-05 11:47:23", "distance (en metres)": 5944.98, "station": "DENFERT-ROCHEREAU#", "marker-color": "#818181"}}, {"type": "Feature", "geometry": {"type": "Point", "coordinates": [2.406132, 48.852291]}, "properties": {"numparc": 7376, "etat de la localisation": "autre", "ID BDGEO": "377", "horodatage": "2023-05-05 11:47:33", "distance (en metres)": 5635.12, "station": "DENFERT-ROCHEREAU#", "marker-color": "#818181"}}, {"type": "Feature", "geometry": {"type": "Point", "coordinates": [2.354178, 48.831097]}, "properties": {"numparc": 7369, "etat de la localisation": "autre", "ID BDGEO": "377", "horodatage": "2023-05-05 11:49:00", "distance (en metres)": 1446.94, "station": "DENFERT-ROCHEREAU#", "marker-color": "#818181"}}, {"type": "Feature", "geometry": {"type": "Point", "coordinates": [2.398898, 48.864418]}, "properties": {"numparc": 618, "etat de la localisation": "autre", "ID BDGEO": "377", "horodatage": "2023-05-05 11:49:22", "distance (en metres)": 5830.4, "station": "DENFERT-ROCHEREAU#", "marker-color": "#818181"}}, {"type": "Feature", "geometry": {"type": "Point", "coordinates": [2.406327, 48.847939]}, "properties": {"numparc": 7376, "etat de la localisation": "autre", "ID BDGEO": "377", "horodatage": "2023-05-05 11:49:37", "distance (en metres)": 5486.53, "station": "DENFERT-ROCHEREAU#", "marker-color": "#818181"}}, {"type": "Feature", "geometry": {"type": "Point", "coordinates": [2.404166, 48.87133]}, "properties": {"numparc": 7362, "etat de la localisation": "autre", "ID BDGEO": "141", "horodatage": "2023-05-05 11:49:55", "distance (en metres)": 5037.55, "station": "BIBLIOTHEQUE CHEVALERET", "marker-color": "#818181"}}, {"type": "Feature", "geometry": {"type": "Point", "coordinates": [2.399096, 48.864197]}, "properties": {"numparc": 618, "etat de la localisation": "autre", "ID BDGEO": "377", "horodatage": "2023-05-05 11:50:07", "distance (en metres)": 5827.58, "station": "DENFERT-ROCHEREAU#", "marker-color": "#818181"}}, {"type": "Feature", "geometry": {"type": "Point", "coordinates": [2.348972, 48.829773]}, "properties": {"numparc": 7369, "etat de la localisation": "autre", "ID BDGEO": "377", "horodatage": "2023-05-05 11:50:45", "distance (en metres)": 1117.27, "station": "DENFERT-ROCHEREAU#", "marker-color": "#818181"}}, {"type": "Feature", "geometry": {"type": "Point", "coordinates": [2.400335, 48.861359]}, "properties": {"numparc": 618, "etat de la localisation": "autre", "ID BDGEO": "377", "horodatage": "2023-05-05 11:51:33", "distance (en metres)": 5723.56, "station": "DENFERT-ROCHEREAU#", "marker-color": "#818181"}}, {"type": "Feature", "geometry": {"type": "Point", "coordinates": [2.405654, 48.844414]}, "properties": {"numparc": 7376, "etat de la localisation": "autre", "ID BDGEO": "377", "horodatage": "2023-05-05 11:51:35", "distance (en metres)": 5335.93, "station": "DENFERT-ROCHEREAU#", "marker-color": "#818181"}}, {"type": "Feature", "geometry": {"type": "Point", "coordinates": [2.405438, 48.874168]}, "properties": {"numparc": 7362, "etat de la localisation": "autre", "ID BDGEO": "141", "horodatage": "2023-05-05 11:51:49", "distance (en metres)": 5363.59, "station": "BIBLIOTHEQUE CHEVALERET", "marker-color": "#818181"}}, {"type": "Feature", "geometry": {"type": "Point", "coordinates": [2.344016, 48.831135]}, "properties": {"numparc": 7369, "etat de la localisation": "autre", "ID BDGEO": "377", "horodatage": "2023-05-05 11:52:40", "distance (en metres)": 724.45, "station": "DENFERT-ROCHEREAU#", "marker-color": "#818181"}}, {"type": "Feature", "geometry": {"type": "Point", "coordinates": [2.405106, 48.842518]}, "properties": {"numparc": 7376, "etat de la localisation": "autre", "ID BDGEO": "377", "horodatage": "2023-05-05 11:53:07", "distance (en metres)": 5252.06, "station": "DENFERT-ROCHEREAU#", "marker-color": "#818181"}}, {"type": "Feature", "geometry": {"type": "Point", "coordinates": [2.402416, 48.858925]}, "properties": {"numparc": 618, "etat de la localisation": "autre", "ID BDGEO": "377", "horodatage": "2023-05-05 11:53:07", "distance (en metres)": 5712.59, "station": "DENFERT-ROCHEREAU#", "marker-color": "#818181"}}, {"type": "Feature", "geometry": {"type": "Point", "coordinates": [2.406425, 48.876736]}, "properties": {"numparc": 7362, "etat de la localisation": "autre", "ID BDGEO": "141", "horodatage": "2023-05-05 11:53:29", "distance (en metres)": 5654.04, "station": "BIBLIOTHEQUE CHEVALERET", "marker-color": "#818181"}}, {"type": "Feature", "geometry": {"type": "Point", "coordinates": [2.404074, 48.839787]}, "properties": {"numparc": 7376, "etat de la localisation": "autre", "ID BDGEO": "377", "horodatage": "2023-05-05 11:54:53", "distance (en metres)": 5126.99, "station": "DENFERT-ROCHEREAU#", "marker-color": "#818181"}}, {"type": "Feature", "geometry": {"type": "Point", "coordinates": [2.405061, 48.855911]}, "properties": {"numparc": 618, "etat de la localisation": "autre", "ID BDGEO": "377", "horodatage": "2023-05-05 11:55:12", "distance (en metres)": 5726.87, "station": "DENFERT-ROCHEREAU#", "marker-color": "#818181"}}, {"type": "Feature", "geometry": {"type": "Point", "coordinates": [2.33377, 48.833969]}, "properties": {"numparc": 7369, "etat de la localisation": "autre", "ID BDGEO": "377", "horodatage": "2023-05-05 11:55:59", "distance (en metres)": 97.18, "station": "DENFERT-ROCHEREAU#", "marker-color": "#818181"}}, {"type": "Feature", "geometry": {"type": "Point", "coordinates": [2.39947, 48.839653]}, "properties": {"numparc": 7376, "etat de la localisation": "autre", "ID BDGEO": "377", "horodatage": "2023-05-05 11:57:09", "distance (en metres)": 4791.37, "station": "DENFERT-ROCHEREAU#", "marker-color": "#818181"}}, {"type": "Feature", "geometry": {"type": "Point", "coordinates": [2.407839, 48.87656]}, "properties": {"numparc": 7362, "etat de la localisation": "autre", "ID BDGEO": "377", "horodatage": "2023-05-05 11:57:13", "distance (en metres)": 7191.06, "station": "DENFERT-ROCHEREAU#", "marker-color": "#818181"}}, {"type": "Feature", "geometry": {"type": "Point", "coordinates": [2.406162, 48.852234]}, "properties": {"numparc": 618, "etat de la localisation": "autre", "ID BDGEO": "377", "horodatage": "2023-05-05 11:57:52", "distance (en metres)": 5634.79, "station": "DENFERT-ROCHEREAU#", "marker-color": "#818181"}}, {"type": "Feature", "geometry": {"type": "Point", "coordinates": [2.396701, 48.839676]}, "properties": {"numparc": 7376, "etat de la localisation": "autre", "ID BDGEO": "377", "horodatage": "2023-05-05 11:58:23", "distance (en metres)": 4591.37, "station": "DENFERT-ROCHEREAU#", "marker-color": "#818181"}}, {"type": "Feature", "geometry": {"type": "Point", "coordinates": [2.396701, 48.839676]}, "properties": {"numparc": 7376, "etat de la localisation": "autre", "ID BDGEO": "377", "horodatage": "2023-05-05 11:59:14", "distance (en metres)": 4591.37, "station": "DENFERT-ROCHEREAU#", "marker-color": "#818181"}}, {"type": "Feature", "geometry": {"type": "Point", "coordinates": [2.406419, 48.850151]}, "properties": {"numparc": 618, "etat de la localisation": "autre", "ID BDGEO": "377", "horodatage": "2023-05-05 11:59:32", "distance (en metres)": 5570.46, "station": "DENFERT-ROCHEREAU#", "marker-color": "#818181"}}, {"type": "Feature", "geometry": {"type": "Point", "coordinates": [2.406387, 48.876644]}, "properties": {"numparc": 7362, "etat de la localisation": "autre", "ID BDGEO": "377", "horodatage": "2023-05-05 12:00:36", "distance (en metres)": 7118.68, "station": "DENFERT-ROCHEREAU#", "marker-color": "#818181"}}, {"type": "Feature", "geometry": {"type": "Point", "coordinates": [2.393889, 48.839001]}, "properties": {"numparc": 7376, "etat de la localisation": "autre", "ID BDGEO": "377", "horodatage": "2023-05-05 12:00:38", "distance (en metres)": 4376.72, "station": "DENFERT-ROCHEREAU#", "marker-color": "#818181"}}, {"type": "Feature", "geometry": {"type": "Point", "coordinates": [2.406358, 48.847931]}, "properties": {"numparc": 618, "etat de la localisation": "autre", "ID BDGEO": "377", "horodatage": "2023-05-05 12:01:11", "distance (en metres)": 5488.45, "station": "DENFERT-ROCHEREAU#", "marker-color": "#818181"}}, {"type": "Feature", "geometry": {"type": "Point", "coordinates": [2.405665, 48.874725]}, "properties": {"numparc": 7362, "etat de la localisation": "autre", "ID BDGEO": "377", "horodatage": "2023-05-05 12:02:28", "distance (en metres)": 6936.61, "station": "DENFERT-ROCHEREAU#", "marker-color": "#818181"}}, {"type": "Feature", "geometry": {"type": "Point", "coordinates": [2.40471, 48.872314]}, "properties": {"numparc": 7362, "etat de la localisation": "autre", "ID BDGEO": "377", "horodatage": "2023-05-05 12:03:36", "distance (en metres)": 6708.4, "station": "DENFERT-ROCHEREAU#", "marker-color": "#818181"}}, {"type": "Feature", "geometry": {"type": "Point", "coordinates": [2.390622, 48.837231]}, "properties": {"numparc": 7376, "etat de la localisation": "autre", "ID BDGEO": "377", "horodatage": "2023-05-05 12:03:39", "distance (en metres)": 4115.03, "station": "DENFERT-ROCHEREAU#", "marker-color": "#818181"}}, {"type": "Feature", "geometry": {"type": "Point", "coordinates": [2.385859, 48.835621]}, "properties": {"numparc": 7376, "etat de la localisation": "autre", "ID BDGEO": "377", "horodatage": "2023-05-05 12:05:49", "distance (en metres)": 3752.31, "station": "DENFERT-ROCHEREAU#", "marker-color": "#818181"}}, {"type": "Feature", "geometry": {"type": "Point", "coordinates": [2.405694, 48.844402]}, "properties": {"numparc": 618, "etat de la localisation": "autre", "ID BDGEO": "377", "horodatage": "2023-05-05 12:06:07", "distance (en metres)": 5338.49, "station": "DENFERT-ROCHEREAU#", "marker-color": "#818181"}}, {"type": "Feature", "geometry": {"type": "Point", "coordinates": [2.401148, 48.867985]}, "properties": {"numparc": 7362, "etat de la localisation": "autre", "ID BDGEO": "377", "horodatage": "2023-05-05 12:07:01", "distance (en metres)": 6201.86, "station": "DENFERT-ROCHEREAU#", "marker-color": "#818181"}}, {"type": "Feature", "geometry": {"type": "Point", "coordinates": [2.382937, 48.834053]}, "properties": {"numparc": 7376, "etat de la localisation": "autre", "ID BDGEO": "377", "horodatage": "2023-05-05 12:07:06", "distance (en metres)": 3530.86, "station": "DENFERT-ROCHEREAU#", "marker-color": "#818181"}}, {"type": "Feature", "geometry": {"type": "Point", "coordinates": [2.405132, 48.842415]}, "properties": {"numparc": 618, "etat de la localisation": "autre", "ID BDGEO": "377", "horodatage": "2023-05-05 12:07:32", "distance (en metres)": 5251.72, "station": "DENFERT-ROCHEREAU#", "marker-color": "#818181"}}, {"type": "Feature", "geometry": {"type": "Point", "coordinates": [2.399215, 48.865723]}, "properties": {"numparc": 7362, "etat de la localisation": "autre", "ID BDGEO": "377", "horodatage": "2023-05-05 12:08:34", "distance (en metres)": 5935.89, "station": "DENFERT-ROCHEREAU#", "marker-color": "#818181"}}, {"type": "Feature", "geometry": {"type": "Point", "coordinates": [2.379103, 48.831936]}, "properties": {"numparc": 7376, "etat de la localisation": "autre", "ID BDGEO": "377", "horodatage": "2023-05-05 12:08:48", "distance (en metres)": 3253.25, "station": "DENFERT-ROCHEREAU#", "marker-color": "#818181"}}, {"type": "Feature", "geometry": {"type": "Point", "coordinates": [2.404015, 48.839733]}, "properties": {"numparc": 618, "etat de la localisation": "autre", "ID BDGEO": "377", "horodatage": "2023-05-05 12:09:23", "distance (en metres)": 5121.9, "station": "DENFERT-ROCHEREAU#", "marker-color": "#818181"}}, {"type": "Feature", "geometry": {"type": "Point", "coordinates": [2.375885, 48.83017]}, "properties": {"numparc": 7376, "etat de la localisation": "autre", "ID BDGEO": "377", "horodatage": "2023-05-05 12:10:15", "distance (en metres)": 3034.64, "station": "DENFERT-ROCHEREAU#", "marker-color": "#818181"}}, {"type": "Feature", "geometry": {"type": "Point", "coordinates": [2.37581, 48.830128]}, "properties": {"numparc": 7376, "etat de la localisation": "autre", "ID BDGEO": "377", "horodatage": "2023-05-05 12:10:55", "distance (en metres)": 3029.73, "station": "DENFERT-ROCHEREAU#", "marker-color": "#818181"}}, {"type": "Feature", "geometry": {"type": "Point", "coordinates": [2.398865, 48.864433]}, "properties": {"numparc": 7362, "etat de la localisation": "autre", "ID BDGEO": "377", "horodatage": "2023-05-05 12:11:05", "distance (en metres)": 5829.46, "station": "DENFERT-ROCHEREAU#", "marker-color": "#818181"}}, {"type": "Feature", "geometry": {"type": "Point", "coordinates": [2.399486, 48.839611]}, "properties": {"numparc": 618, "etat de la localisation": "autre", "ID BDGEO": "377", "horodatage": "2023-05-05 12:11:46", "distance (en metres)": 4791.85, "station": "DENFERT-ROCHEREAU#", "marker-color": "#818181"}}, {"type": "Feature", "geometry": {"type": "Point", "coordinates": [2.396715, 48.839615]}, "properties": {"numparc": 618, "etat de la localisation": "autre", "ID BDGEO": "377", "horodatage": "2023-05-05 12:13:08", "distance (en metres)": 4591.34, "station": "DENFERT-ROCHEREAU#", "marker-color": "#818181"}}, {"type": "Feature", "geometry": {"type": "Point", "coordinates": [2.400329, 48.86137]}, "properties": {"numparc": 7362, "etat de la localisation": "autre", "ID BDGEO": "377", "horodatage": "2023-05-05 12:13:31", "distance (en metres)": 5723.89, "station": "DENFERT-ROCHEREAU#", "marker-color": "#818181"}}, {"type": "Feature", "geometry": {"type": "Point", "coordinates": [2.370544, 48.827652]}, "properties": {"numparc": 7376, "etat de la localisation": "autre", "ID BDGEO": "377", "horodatage": "2023-05-05 12:13:47", "distance (en metres)": 2698.54, "station": "DENFERT-ROCHEREAU#", "marker-color": "#818181"}}, {"type": "Feature", "geometry": {"type": "Point", "coordinates": [2.393956, 48.839005]}, "properties": {"numparc": 618, "etat de la localisation": "autre", "ID BDGEO": "377", "horodatage": "2023-05-05 12:15:08", "distance (en metres)": 4381.63, "station": "DENFERT-ROCHEREAU#", "marker-color": "#818181"}}, {"type": "Feature", "geometry": {"type": "Point", "coordinates": [2.393956, 48.839005]}, "properties": {"numparc": 618, "etat de la localisation": "autre", "ID BDGEO": "377", "horodatage": "2023-05-05 12:15:21", "distance (en metres)": 4381.63, "station": "DENFERT-ROCHEREAU#", "marker-color": "#818181"}}, {"type": "Feature", "geometry": {"type": "Point", "coordinates": [2.367614, 48.827248]}, "properties": {"numparc": 7376, "etat de la localisation": "autre", "ID BDGEO": "377", "horodatage": "2023-05-05 12:15:21", "distance (en metres)": 2502.41, "station": "DENFERT-ROCHEREAU#", "marker-color": "#818181"}}, {"type": "Feature", "geometry": {"type": "Point", "coordinates": [2.402418, 48.858936]}, "properties": {"numparc": 7362, "etat de la localisation": "autre", "ID BDGEO": "377", "horodatage": "2023-05-05 12:15:28", "distance (en metres)": 5713.34, "station": "DENFERT-ROCHEREAU#", "marker-color": "#818181"}}, {"type": "Feature", "geometry": {"type": "Point", "coordinates": [2.364467, 48.826797]}, "properties": {"numparc": 7376, "etat de la localisation": "autre", "ID BDGEO": "377", "horodatage": "2023-05-05 12:17:03", "distance (en metres)": 2296.93, "station": "DENFERT-ROCHEREAU#", "marker-color": "#818181"}}, {"type": "Feature", "geometry": {"type": "Point", "coordinates": [2.405047, 48.855972]}, "properties": {"numparc": 7362, "etat de la localisation": "autre", "ID BDGEO": "377", "horodatage": "2023-05-05 12:17:20", "distance (en metres)": 5728.92, "station": "DENFERT-ROCHEREAU#", "marker-color": "#818181"}}, {"type": "Feature", "geometry": {"type": "Point", "coordinates": [2.405047, 48.855972]}, "properties": {"numparc": 7362, "etat de la localisation": "autre", "ID BDGEO": "377", "horodatage": "2023-05-05 12:17:42", "distance (en metres)": 5728.92, "station": "DENFERT-ROCHEREAU#", "marker-color": "#818181"}}, {"type": "Feature", "geometry": {"type": "Point", "coordinates": [2.390646, 48.837196]}, "properties": {"numparc": 618, "etat de la localisation": "autre", "ID BDGEO": "377", "horodatage": "2023-05-05 12:18:18", "distance (en metres)": 4116.39, "station": "DENFERT-ROCHEREAU#", "marker-color": "#818181"}}, {"type": "Feature", "geometry": {"type": "Point", "coordinates": [2.360718, 48.826275]}, "properties": {"numparc": 7376, "etat de la localisation": "autre", "ID BDGEO": "377", "horodatage": "2023-05-05 12:18:49", "distance (en metres)": 2060.05, "station": "DENFERT-ROCHEREAU#", "marker-color": "#818181"}}, {"type": "Feature", "geometry": {"type": "Point", "coordinates": [2.358969, 48.827538]}, "properties": {"numparc": 7376, "etat de la localisation": "autre", "ID BDGEO": "377", "horodatage": "2023-05-05 12:19:58", "distance (en metres)": 1889.81, "station": "DENFERT-ROCHEREAU#", "marker-color": "#818181"}}, {"type": "Feature", "geometry": {"type": "Point", "coordinates": [2.40617, 48.852257]}, "properties": {"numparc": 7362, "etat de la localisation": "autre", "ID BDGEO": "377", "horodatage": "2023-05-05 12:20:19", "distance (en metres)": 5636.27, "station": "DENFERT-ROCHEREAU#", "marker-color": "#818181"}}, {"type": "Feature", "geometry": {"type": "Point", "coordinates": [2.385961, 48.835575]}, "properties": {"numparc": 618, "etat de la localisation": "autre", "ID BDGEO": "377", "horodatage": "2023-05-05 12:21:09", "distance (en metres)": 3759.43, "station": "DENFERT-ROCHEREAU#", "marker-color": "#818181"}}, {"type": "Feature", "geometry": {"type": "Point", "coordinates": [2.356673, 48.830425]}, "properties": {"numparc": 7376, "etat de la localisation": "autre", "ID BDGEO": "377", "horodatage": "2023-05-05 12:21:30", "distance (en metres)": 1640.28, "station": "DENFERT-ROCHEREAU#", "marker-color": "#818181"}}, {"type": "Feature", "geometry": {"type": "Point", "coordinates": [2.406419, 48.850132]}, "properties": {"numparc": 7362, "etat de la localisation": "autre", "ID BDGEO": "377", "horodatage": "2023-05-05 12:22:12", "distance (en metres)": 5569.75, "station": "DENFERT-ROCHEREAU#", "marker-color": "#818181"}}, {"type": "Feature", "geometry": {"type": "Point", "coordinates": [2.382974, 48.833965]}, "properties": {"numparc": 618, "etat de la localisation": "autre", "ID BDGEO": "377", "horodatage": "2023-05-05 12:22:50", "distance (en metres)": 3533.36, "station": "DENFERT-ROCHEREAU#", "marker-color": "#818181"}}, {"type": "Feature", "geometry": {"type": "Point", "coordinates": [2.406329, 48.847889]}, "properties": {"numparc": 7362, "etat de la localisation": "autre", "ID BDGEO": "377", "horodatage": "2023-05-05 12:23:46", "distance (en metres)": 5485.04, "station": "DENFERT-ROCHEREAU#", "marker-color": "#818181"}}, {"type": "Feature", "geometry": {"type": "Point", "coordinates": [2.354104, 48.831158]}, "properties": {"numparc": 7376, "etat de la localisation": "autre", "ID BDGEO": "377", "horodatage": "2023-05-05 12:24:05", "distance (en metres)": 1440.44, "station": "DENFERT-ROCHEREAU#", "marker-color": "#818181"}}, {"type": "Feature", "geometry": {"type": "Point", "coordinates": [2.379099, 48.831882]}, "properties": {"numparc": 618, "etat de la localisation": "autre", "ID BDGEO": "377", "horodatage": "2023-05-05 12:25:00", "distance (en metres)": 3253.25, "station": "DENFERT-ROCHEREAU#", "marker-color": "#818181"}}, {"type": "Feature", "geometry": {"type": "Point", "coordinates": [2.379257, 48.831841]}, "properties": {"numparc": 7369, "etat de la localisation": "autre", "ID BDGEO": "141", "horodatage": "2023-05-05 12:25:02", "distance (en metres)": 323.73, "station": "BIBLIOTHEQUE CHEVALERET", "marker-color": "#818181"}}, {"type": "Feature", "geometry": {"type": "Point", "coordinates": [2.348883, 48.829876]}, "properties": {"numparc": 7376, "etat de la localisation": "autre", "ID BDGEO": "377", "horodatage": "2023-05-05 12:25:42", "distance (en metres)": 1107.12, "station": "DENFERT-ROCHEREAU#", "marker-color": "#818181"}}, {"type": "Feature", "geometry": {"type": "Point", "coordinates": [2.375771, 48.830055]}, "properties": {"numparc": 618, "etat de la localisation": "autre", "ID BDGEO": "377", "horodatage": "2023-05-05 12:26:29", "distance (en metres)": 3027.88, "station": "DENFERT-ROCHEREAU#", "marker-color": "#818181"}}, {"type": "Feature", "geometry": {"type": "Point", "coordinates": [2.382893, 48.833935]}, "properties": {"numparc": 7369, "etat de la localisation": "autre", "ID BDGEO": "141", "horodatage": "2023-05-05 12:26:57", "distance (en metres)": 677.04, "station": "BIBLIOTHEQUE CHEVALERET", "marker-color": "#818181"}}, {"type": "Feature", "geometry": {"type": "Point", "coordinates": [2.343941, 48.831238]}, "properties": {"numparc": 7376, "etat de la localisation": "autre", "ID BDGEO": "377", "horodatage": "2023-05-05 12:27:22", "distance (en metres)": 715.44, "station": "DENFERT-ROCHEREAU#", "marker-color": "#818181"}}, {"type": "Feature", "geometry": {"type": "Point", "coordinates": [2.38578, 48.835506]}, "properties": {"numparc": 7369, "etat de la localisation": "autre", "ID BDGEO": "141", "horodatage": "2023-05-05 12:28:08", "distance (en metres)": 951.24, "station": "BIBLIOTHEQUE CHEVALERET", "marker-color": "#818181"}}, {"type": "Feature", "geometry": {"type": "Point", "coordinates": [2.370573, 48.827614]}, "properties": {"numparc": 618, "etat de la localisation": "autre", "ID BDGEO": "377", "horodatage": "2023-05-05 12:29:47", "distance (en metres)": 2701.61, "station": "DENFERT-ROCHEREAU#", "marker-color": "#818181"}}, {"type": "Feature", "geometry": {"type": "Point", "coordinates": [2.405587, 48.844387]}, "properties": {"numparc": 7362, "etat de la localisation": "autre", "ID BDGEO": "377", "horodatage": "2023-05-05 12:30:07", "distance (en metres)": 5330.48, "station": "DENFERT-ROCHEREAU#", "marker-color": "#818181"}}, {"type": "Feature", "geometry": {"type": "Point", "coordinates": [2.390401, 48.837093]}, "properties": {"numparc": 7369, "etat de la localisation": "autre", "ID BDGEO": "141", "horodatage": "2023-05-05 12:30:35", "distance (en metres)": 1326.8, "station": "BIBLIOTHEQUE CHEVALERET", "marker-color": "#818181"}}, {"type": "Feature", "geometry": {"type": "Point", "coordinates": [2.367589, 48.827179]}, "properties": {"numparc": 618, "etat de la localisation": "autre", "ID BDGEO": "377", "horodatage": "2023-05-05 12:31:28", "distance (en metres)": 2502.73, "station": "DENFERT-ROCHEREAU#", "marker-color": "#818181"}}, {"type": "Feature", "geometry": {"type": "Point", "coordinates": [2.40506, 48.842426]}, "properties": {"numparc": 7362, "etat de la localisation": "autre", "ID BDGEO": "377", "horodatage": "2023-05-05 12:31:44", "distance (en metres)": 5246.8, "station": "DENFERT-ROCHEREAU#", "marker-color": "#818181"}}, {"type": "Feature", "geometry": {"type": "Point", "coordinates": [2.393516, 48.838852]}, "properties": {"numparc": 7369, "etat de la localisation": "autre", "ID BDGEO": "141", "horodatage": "2023-05-05 12:32:33", "distance (en metres)": 1626.4, "station": "BIBLIOTHEQUE CHEVALERET", "marker-color": "#818181"}}, {"type": "Feature", "geometry": {"type": "Point", "coordinates": [2.333677, 48.834156]}, "properties": {"numparc": 7376, "etat de la localisation": "autre", "ID BDGEO": "377", "horodatage": "2023-05-05 12:32:46", "distance (en metres)": 117.11, "station": "DENFERT-ROCHEREAU#", "marker-color": "#818181"}}, {"type": "Feature", "geometry": {"type": "Point", "coordinates": [2.364476, 48.826714]}, "properties": {"numparc": 618, "etat de la localisation": "autre", "ID BDGEO": "377", "horodatage": "2023-05-05 12:33:09", "distance (en metres)": 2300.54, "station": "DENFERT-ROCHEREAU#", "marker-color": "#818181"}}, {"type": "Feature", "geometry": {"type": "Point", "coordinates": [2.404035, 48.839737]}, "properties": {"numparc": 7362, "etat de la localisation": "autre", "ID BDGEO": "377", "horodatage": "2023-05-05 12:33:41", "distance (en metres)": 5123.41, "station": "DENFERT-ROCHEREAU#", "marker-color": "#818181"}}, {"type": "Feature", "geometry": {"type": "Point", "coordinates": [2.360725, 48.826218]}, "properties": {"numparc": 618, "etat de la localisation": "autre", "ID BDGEO": "377", "horodatage": "2023-05-05 12:34:49", "distance (en metres)": 2062.96, "station": "DENFERT-ROCHEREAU#", "marker-color": "#818181"}}, {"type": "Feature", "geometry": {"type": "Point", "coordinates": [2.396911, 48.839508]}, "properties": {"numparc": 7369, "etat de la localisation": "autre", "ID BDGEO": "141", "horodatage": "2023-05-05 12:35:47", "distance (en metres)": 1871.07, "station": "BIBLIOTHEQUE CHEVALERET", "marker-color": "#818181"}}, {"type": "Feature", "geometry": {"type": "Point", "coordinates": [2.399484, 48.839642]}, "properties": {"numparc": 7362, "etat de la localisation": "autre", "ID BDGEO": "377", "horodatage": "2023-05-05 12:35:50", "distance (en metres)": 4792.19, "station": "DENFERT-ROCHEREAU#", "marker-color": "#818181"}}, {"type": "Feature", "geometry": {"type": "Point", "coordinates": [2.356643, 48.830383]}, "properties": {"numparc": 618, "etat de la localisation": "autre", "ID BDGEO": "377", "horodatage": "2023-05-05 12:37:01", "distance (en metres)": 1639.06, "station": "DENFERT-ROCHEREAU#", "marker-color": "#818181"}}, {"type": "Feature", "geometry": {"type": "Point", "coordinates": [2.396761, 48.839634]}, "properties": {"numparc": 7362, "etat de la localisation": "autre", "ID BDGEO": "377", "horodatage": "2023-05-05 12:37:09", "distance (en metres)": 4594.99, "station": "DENFERT-ROCHEREAU#", "marker-color": "#818181"}}, {"type": "Feature", "geometry": {"type": "Point", "coordinates": [2.399253, 48.839611]}, "properties": {"numparc": 7369, "etat de la localisation": "autre", "ID BDGEO": "141", "horodatage": "2023-05-05 12:37:09", "distance (en metres)": 2021.23, "station": "BIBLIOTHEQUE CHEVALERET", "marker-color": "#818181"}}, {"type": "Feature", "geometry": {"type": "Point", "coordinates": [2.403221, 48.839764]}, "properties": {"numparc": 7369, "etat de la localisation": "autre", "ID BDGEO": "141", "horodatage": "2023-05-05 12:38:59", "distance (en metres)": 2281.47, "station": "BIBLIOTHEQUE CHEVALERET", "marker-color": "#818181"}}, {"type": "Feature", "geometry": {"type": "Point", "coordinates": [2.354084, 48.831146]}, "properties": {"numparc": 618, "etat de la localisation": "autre", "ID BDGEO": "377", "horodatage": "2023-05-05 12:39:24", "distance (en metres)": 1439.22, "station": "DENFERT-ROCHEREAU#", "marker-color": "#818181"}}, {"type": "Feature", "geometry": {"type": "Point", "coordinates": [2.393886, 48.839027]}, "properties": {"numparc": 7362, "etat de la localisation": "autre", "ID BDGEO": "377", "horodatage": "2023-05-05 12:39:28", "distance (en metres)": 4376.94, "station": "DENFERT-ROCHEREAU#", "marker-color": "#818181"}}, {"type": "Feature", "geometry": {"type": "Point", "coordinates": [2.348878, 48.829845]}, "properties": {"numparc": 618, "etat de la localisation": "autre", "ID BDGEO": "377", "horodatage": "2023-05-05 12:40:56", "distance (en metres)": 1107.97, "station": "DENFERT-ROCHEREAU#", "marker-color": "#818181"}}, {"type": "Feature", "geometry": {"type": "Point", "coordinates": [2.390624, 48.837231]}, "properties": {"numparc": 7362, "etat de la localisation": "autre", "ID BDGEO": "377", "horodatage": "2023-05-05 12:41:05", "distance (en metres)": 4115.19, "station": "DENFERT-ROCHEREAU#", "marker-color": "#818181"}}, {"type": "Feature", "geometry": {"type": "Point", "coordinates": [2.404851, 48.842216]}, "properties": {"numparc": 7369, "etat de la localisation": "autre", "ID BDGEO": "141", "horodatage": "2023-05-05 12:41:26", "distance (en metres)": 2522.21, "station": "BIBLIOTHEQUE CHEVALERET", "marker-color": "#818181"}}, {"type": "Feature", "geometry": {"type": "Point", "coordinates": [2.343966, 48.8312]}, "properties": {"numparc": 618, "etat de la localisation": "autre", "ID BDGEO": "377", "horodatage": "2023-05-05 12:42:31", "distance (en metres)": 718.57, "station": "DENFERT-ROCHEREAU#", "marker-color": "#818181"}}, {"type": "Feature", "geometry": {"type": "Point", "coordinates": [2.386002, 48.835705]}, "properties": {"numparc": 7362, "etat de la localisation": "autre", "ID BDGEO": "377", "horodatage": "2023-05-05 12:43:14", "distance (en metres)": 3763.39, "station": "DENFERT-ROCHEREAU#", "marker-color": "#818181"}}, {"type": "Feature", "geometry": {"type": "Point", "coordinates": [2.405638, 48.844963]}, "properties": {"numparc": 7369, "etat de la localisation": "autre", "ID BDGEO": "141", "horodatage": "2023-05-05 12:43:26", "distance (en metres)": 2743.82, "station": "BIBLIOTHEQUE CHEVALERET", "marker-color": "#818181"}}, {"type": "Feature", "geometry": {"type": "Point", "coordinates": [2.339134, 48.8325]}, "properties": {"numparc": 618, "etat de la localisation": "autre", "ID BDGEO": "377", "horodatage": "2023-05-05 12:44:00", "distance (en metres)": 337.43, "station": "DENFERT-ROCHEREAU#", "marker-color": "#818181"}}, {"type": "Feature", "geometry": {"type": "Point", "coordinates": [2.38303, 48.83403]}, "properties": {"numparc": 7362, "etat de la localisation": "autre", "ID BDGEO": "377", "horodatage": "2023-05-05 12:44:24", "distance (en metres)": 3537.61, "station": "DENFERT-ROCHEREAU#", "marker-color": "#818181"}}, {"type": "Feature", "geometry": {"type": "Point", "coordinates": [2.406309, 48.84798]}, "properties": {"numparc": 7369, "etat de la localisation": "autre", "ID BDGEO": "141", "horodatage": "2023-05-05 12:45:26", "distance (en metres)": 2994.96, "station": "BIBLIOTHEQUE CHEVALERET", "marker-color": "#818181"}}, {"type": "Feature", "geometry": {"type": "Point", "coordinates": [2.379178, 48.831882]}, "properties": {"numparc": 7362, "etat de la localisation": "autre", "ID BDGEO": "377", "horodatage": "2023-05-05 12:46:25", "distance (en metres)": 3259.03, "station": "DENFERT-ROCHEREAU#", "marker-color": "#818181"}}, {"type": "Feature", "geometry": {"type": "Point", "coordinates": [2.406141, 48.851009]}, "properties": {"numparc": 7369, "etat de la localisation": "autre", "ID BDGEO": "141", "horodatage": "2023-05-05 12:46:39", "distance (en metres)": 3220.24, "station": "BIBLIOTHEQUE CHEVALERET", "marker-color": "#818181"}}, {"type": "Feature", "geometry": {"type": "Point", "coordinates": [2.4058, 48.852757]}, "properties": {"numparc": 7369, "etat de la localisation": "autre", "ID BDGEO": "141", "horodatage": "2023-05-05 12:47:33", "distance (en metres)": 3346.96, "station": "BIBLIOTHEQUE CHEVALERET", "marker-color": "#818181"}}, {"type": "Feature", "geometry": {"type": "Point", "coordinates": [2.3758, 48.830055]}, "properties": {"numparc": 7362, "etat de la localisation": "autre", "ID BDGEO": "377", "horodatage": "2023-05-05 12:47:36", "distance (en metres)": 3029.98, "station": "DENFERT-ROCHEREAU#", "marker-color": "#818181"}}, {"type": "Feature", "geometry": {"type": "Point", "coordinates": [2.3758, 48.830055]}, "properties": {"numparc": 7362, "etat de la localisation": "autre", "ID BDGEO": "377", "horodatage": "2023-05-05 12:48:00", "distance (en metres)": 3029.98, "station": "DENFERT-ROCHEREAU#", "marker-color": "#818181"}}, {"type": "Feature", "geometry": {"type": "Point", "coordinates": [2.404727, 48.856457]}, "properties": {"numparc": 7369, "etat de la localisation": "autre", "ID BDGEO": "141", "horodatage": "2023-05-05 12:48:55", "distance (en metres)": 3620.53, "station": "BIBLIOTHEQUE CHEVALERET", "marker-color": "#818181"}}, {"type": "Feature", "geometry": {"type": "Point", "coordinates": [2.401644, 48.859489]}, "properties": {"numparc": 7369, "etat de la localisation": "autre", "ID BDGEO": "141", "horodatage": "2023-05-05 12:50:26", "distance (en metres)": 3780.9, "station": "BIBLIOTHEQUE CHEVALERET", "marker-color": "#818181"}}, {"type": "Feature", "geometry": {"type": "Point", "coordinates": [2.370612, 48.827656]}, "properties": {"numparc": 7362, "etat de la localisation": "autre", "ID BDGEO": "377", "horodatage": "2023-05-05 12:50:48", "distance (en metres)": 2703.27, "station": "DENFERT-ROCHEREAU#", "marker-color": "#818181"}}, {"type": "Feature", "geometry": {"type": "Point", "coordinates": [2.400063, 48.862007]}, "properties": {"numparc": 7369, "etat de la localisation": "autre", "ID BDGEO": "141", "horodatage": "2023-05-05 12:51:42", "distance (en metres)": 3972.45, "station": "BIBLIOTHEQUE CHEVALERET", "marker-color": "#818181"}}, {"type": "Feature", "geometry": {"type": "Point", "coordinates": [2.367708, 48.827286]}, "properties": {"numparc": 7362, "etat de la localisation": "autre", "ID BDGEO": "377", "horodatage": "2023-05-05 12:52:37", "distance (en metres)": 2507.88, "station": "DENFERT-ROCHEREAU#", "marker-color": "#818181"}}, {"type": "Feature", "geometry": {"type": "Point", "coordinates": [2.398725, 48.86422]}, "properties": {"numparc": 7369, "etat de la localisation": "autre", "ID BDGEO": "141", "horodatage": "2023-05-05 12:52:43", "distance (en metres)": 4153.28, "station": "BIBLIOTHEQUE CHEVALERET", "marker-color": "#818181"}}, {"type": "Feature", "geometry": {"type": "Point", "coordinates": [2.364586, 48.826828]}, "properties": {"numparc": 7362, "etat de la localisation": "autre", "ID BDGEO": "377", "horodatage": "2023-05-05 12:53:39", "distance (en metres)": 2304.13, "station": "DENFERT-ROCHEREAU#", "marker-color": "#818181"}}, {"type": "Feature", "geometry": {"type": "Point", "coordinates": [2.399006, 48.865643]}, "properties": {"numparc": 7369, "etat de la localisation": "autre", "ID BDGEO": "141", "horodatage": "2023-05-05 12:53:58", "distance (en metres)": 4306.5, "station": "BIBLIOTHEQUE CHEVALERET", "marker-color": "#818181"}}, {"type": "Feature", "geometry": {"type": "Point", "coordinates": [2.360874, 48.826298]}, "properties": {"numparc": 7362, "etat de la localisation": "autre", "ID BDGEO": "377", "horodatage": "2023-05-05 12:54:45", "distance (en metres)": 2069.63, "station": "DENFERT-ROCHEREAU#", "marker-color": "#818181"}}, {"type": "Feature", "geometry": {"type": "Point", "coordinates": [2.359008, 48.827564]}, "properties": {"numparc": 7362, "etat de la localisation": "autre", "ID BDGEO": "377", "horodatage": "2023-05-05 12:56:01", "distance (en metres)": 1891.48, "station": "DENFERT-ROCHEREAU#", "marker-color": "#818181"}}, {"type": "Feature", "geometry": {"type": "Point", "coordinates": [2.40169, 48.868633]}, "properties": {"numparc": 7369, "etat de la localisation": "autre", "ID BDGEO": "141", "horodatage": "2023-05-05 12:56:10", "distance (en metres)": 4689.83, "station": "BIBLIOTHEQUE CHEVALERET", "marker-color": "#818181"}}, {"type": "Feature", "geometry": {"type": "Point", "coordinates": [2.403924, 48.871193]}, "properties": {"numparc": 7369, "etat de la localisation": "autre", "ID BDGEO": "141", "horodatage": "2023-05-05 12:57:50", "distance (en metres)": 5016.35, "station": "BIBLIOTHEQUE CHEVALERET", "marker-color": "#818181"}}, {"type": "Feature", "geometry": {"type": "Point", "coordinates": [2.35664, 48.830406]}, "properties": {"numparc": 7362, "etat de la localisation": "autre", "ID BDGEO": "377", "horodatage": "2023-05-05 12:57:52", "distance (en metres)": 1638.35, "station": "DENFERT-ROCHEREAU#", "marker-color": "#818181"}}, {"type": "Feature", "geometry": {"type": "Point", "coordinates": [2.379299, 48.831959]}, "properties": {"numparc": 7376, "etat de la localisation": "autre", "ID BDGEO": "141", "horodatage": "2023-05-05 12:59:44", "distance (en metres)": 334.29, "station": "BIBLIOTHEQUE CHEVALERET", "marker-color": "#818181"}}, {"type": "Feature", "geometry": {"type": "Point", "coordinates": [2.354095, 48.831165]}, "properties": {"numparc": 7362, "etat de la localisation": "autre", "ID BDGEO": "377", "horodatage": "2023-05-05 13:00:15", "distance (en metres)": 1439.65, "station": "DENFERT-ROCHEREAU#", "marker-color": "#818181"}}, {"type": "Feature", "geometry": {"type": "Point", "coordinates": [2.406194, 48.876457]}, "properties": {"numparc": 7369, "etat de la localisation": "autre", "ID BDGEO": "141", "horodatage": "2023-05-05 13:00:29", "distance (en metres)": 5618.92, "station": "BIBLIOTHEQUE CHEVALERET", "marker-color": "#818181"}}, {"type": "Feature", "geometry": {"type": "Point", "coordinates": [2.382895, 48.8339]}, "properties": {"numparc": 7376, "etat de la localisation": "autre", "ID BDGEO": "141", "horodatage": "2023-05-05 13:01:45", "distance (en metres)": 674.72, "station": "BIBLIOTHEQUE CHEVALERET", "marker-color": "#818181"}}, {"type": "Feature", "geometry": {"type": "Point", "coordinates": [2.348918, 48.829861]}, "properties": {"numparc": 7362, "etat de la localisation": "autre", "ID BDGEO": "377", "horodatage": "2023-05-05 13:01:50", "distance (en metres)": 1110.12, "station": "DENFERT-ROCHEREAU#", "marker-color": "#818181"}}, {"type": "Feature", "geometry": {"type": "Point", "coordinates": [2.385858, 48.835533]}, "properties": {"numparc": 7376, "etat de la localisation": "autre", "ID BDGEO": "141", "horodatage": "2023-05-05 13:03:01", "distance (en metres)": 957.54, "station": "BIBLIOTHEQUE CHEVALERET", "marker-color": "#818181"}}, {"type": "Feature", "geometry": {"type": "Point", "coordinates": [2.385858, 48.835533]}, "properties": {"numparc": 7376, "etat de la localisation": "autre", "ID BDGEO": "141", "horodatage": "2023-05-05 13:03:24", "distance (en metres)": 957.54, "station": "BIBLIOTHEQUE CHEVALERET", "marker-color": "#818181"}}, {"type": "Feature", "geometry": {"type": "Point", "coordinates": [2.344006, 48.831238]}, "properties": {"numparc": 7362, "etat de la localisation": "autre", "ID BDGEO": "377", "horodatage": "2023-05-05 13:03:26", "distance (en metres)": 719.94, "station": "DENFERT-ROCHEREAU#", "marker-color": "#818181"}}, {"type": "Feature", "geometry": {"type": "Point", "coordinates": [2.390493, 48.837044]}, "properties": {"numparc": 7376, "etat de la localisation": "autre", "ID BDGEO": "141", "horodatage": "2023-05-05 13:04:54", "distance (en metres)": 1329.02, "station": "BIBLIOTHEQUE CHEVALERET", "marker-color": "#818181"}}, {"type": "Feature", "geometry": {"type": "Point", "coordinates": [2.339172, 48.832561]}, "properties": {"numparc": 7362, "etat de la localisation": "autre", "ID BDGEO": "377", "horodatage": "2023-05-05 13:04:59", "distance (en metres)": 338.26, "station": "DENFERT-ROCHEREAU#", "marker-color": "#818181"}}, {"type": "Feature", "geometry": {"type": "Point", "coordinates": [2.333789, 48.834091]}, "properties": {"numparc": 7362, "etat de la localisation": "autre", "ID BDGEO": "377", "horodatage": "2023-05-05 13:06:09", "distance (en metres)": 106.32, "station": "DENFERT-ROCHEREAU#", "marker-color": "#818181"}}, {"type": "Feature", "geometry": {"type": "Point", "coordinates": [2.393686, 48.838898]}, "properties": {"numparc": 7376, "etat de la localisation": "autre", "ID BDGEO": "141", "horodatage": "2023-05-05 13:07:07", "distance (en metres)": 1639.4, "station": "BIBLIOTHEQUE CHEVALERET", "marker-color": "#818181"}}, {"type": "Feature", "geometry": {"type": "Point", "coordinates": [2.396978, 48.839478]}, "properties": {"numparc": 7376, "etat de la localisation": "autre", "ID BDGEO": "141", "horodatage": "2023-05-05 13:09:24", "distance (en metres)": 1873.23, "station": "BIBLIOTHEQUE CHEVALERET", "marker-color": "#818181"}}, {"type": "Feature", "geometry": {"type": "Point", "coordinates": [2.333843, 48.833717]}, "properties": {"numparc": 7362, "etat de la localisation": "autre", "ID BDGEO": "348", "horodatage": "2023-05-05 13:10:52", "distance (en metres)": 90.34, "station": "DENFERT-ROCHEREAU", "marker-color": "#818181"}}, {"type": "Feature", "geometry": {"type": "Point", "coordinates": [2.403413, 48.83968]}, "properties": {"numparc": 7376, "etat de la localisation": "autre", "ID BDGEO": "141", "horodatage": "2023-05-05 13:11:06", "distance (en metres)": 2289.5, "station": "BIBLIOTHEQUE CHEVALERET", "marker-color": "#818181"}}, {"type": "Feature", "geometry": {"type": "Point", "coordinates": [2.379225, 48.831947]}, "properties": {"numparc": 618, "etat de la localisation": "autre", "ID BDGEO": "141", "horodatage": "2023-05-05 13:13:00", "distance (en metres)": 329.3, "station": "BIBLIOTHEQUE CHEVALERET", "marker-color": "#818181"}}, {"type": "Feature", "geometry": {"type": "Point", "coordinates": [2.405032, 48.842251]}, "properties": {"numparc": 7376, "etat de la localisation": "autre", "ID BDGEO": "141", "horodatage": "2023-05-05 13:13:24", "distance (en metres)": 2535.44, "station": "BIBLIOTHEQUE CHEVALERET", "marker-color": "#818181"}}, {"type": "Feature", "geometry": {"type": "Point", "coordinates": [2.382893, 48.83392]}, "properties": {"numparc": 618, "etat de la localisation": "autre", "ID BDGEO": "141", "horodatage": "2023-05-05 13:15:08", "distance (en metres)": 675.96, "station": "BIBLIOTHEQUE CHEVALERET", "marker-color": "#818181"}}, {"type": "Feature", "geometry": {"type": "Point", "coordinates": [2.405795, 48.845047]}, "properties": {"numparc": 7376, "etat de la localisation": "autre", "ID BDGEO": "141", "horodatage": "2023-05-05 13:15:28", "distance (en metres)": 2758.62, "station": "BIBLIOTHEQUE CHEVALERET", "marker-color": "#818181"}}, {"type": "Feature", "geometry": {"type": "Point", "coordinates": [2.385883, 48.83556]}, "properties": {"numparc": 618, "etat de la localisation": "autre", "ID BDGEO": "141", "horodatage": "2023-05-05 13:16:59", "distance (en metres)": 960.84, "station": "BIBLIOTHEQUE CHEVALERET", "marker-color": "#818181"}}, {"type": "Feature", "geometry": {"type": "Point", "coordinates": [2.406548, 48.848152]}, "properties": {"numparc": 7376, "etat de la localisation": "autre", "ID BDGEO": "141", "horodatage": "2023-05-05 13:17:40", "distance (en metres)": 3020.72, "station": "BIBLIOTHEQUE CHEVALERET", "marker-color": "#818181"}}, {"type": "Feature", "geometry": {"type": "Point", "coordinates": [2.406402, 48.848049]}, "properties": {"numparc": 7398, "etat de la localisation": "autre", "ID BDGEO": "141", "horodatage": "2023-05-05 13:19:01", "distance (en metres)": 3005.13, "station": "BIBLIOTHEQUE CHEVALERET", "marker-color": "#818181"}}, {"type": "Feature", "geometry": {"type": "Point", "coordinates": [2.390697, 48.837097]}, "properties": {"numparc": 618, "etat de la localisation": "autre", "ID BDGEO": "141", "horodatage": "2023-05-05 13:19:25", "distance (en metres)": 1344.62, "station": "BIBLIOTHEQUE CHEVALERET", "marker-color": "#818181"}}, {"type": "Feature", "geometry": {"type": "Point", "coordinates": [2.393609, 48.838924]}, "properties": {"numparc": 618, "etat de la localisation": "autre", "ID BDGEO": "141", "horodatage": "2023-05-05 13:21:31", "distance (en metres)": 1636.68, "station": "BIBLIOTHEQUE CHEVALERET", "marker-color": "#818181"}}, {"type": "Feature", "geometry": {"type": "Point", "coordinates": [2.406448, 48.848171]}, "properties": {"numparc": 7398, "etat de la localisation": "autre", "ID BDGEO": "141", "horodatage": "2023-05-05 13:22:04", "distance (en metres)": 3016.67, "station": "BIBLIOTHEQUE CHEVALERET", "marker-color": "#818181"}}, {"type": "Feature", "geometry": {"type": "Point", "coordinates": [2.396901, 48.8395]}, "properties": {"numparc": 618, "etat de la localisation": "autre", "ID BDGEO": "141", "horodatage": "2023-05-05 13:24:02", "distance (en metres)": 1869.98, "station": "BIBLIOTHEQUE CHEVALERET", "marker-color": "#818181"}}, {"type": "Feature", "geometry": {"type": "Point", "coordinates": [2.399264, 48.839558]}, "properties": {"numparc": 618, "etat de la localisation": "autre", "ID BDGEO": "141", "horodatage": "2023-05-05 13:25:49", "distance (en metres)": 2018.82, "station": "BIBLIOTHEQUE CHEVALERET", "marker-color": "#818181"}}, {"type": "Feature", "geometry": {"type": "Point", "coordinates": [2.403313, 48.839706]}, "properties": {"numparc": 618, "etat de la localisation": "autre", "ID BDGEO": "141", "horodatage": "2023-05-05 13:26:58", "distance (en metres)": 2284.41, "station": "BIBLIOTHEQUE CHEVALERET", "marker-color": "#818181"}}, {"type": "Feature", "geometry": {"type": "Point", "coordinates": [2.406246, 48.851192]}, "properties": {"numparc": 7398, "etat de la localisation": "autre", "ID BDGEO": "141", "horodatage": "2023-05-05 13:27:54", "distance (en metres)": 3240.28, "station": "BIBLIOTHEQUE CHEVALERET", "marker-color": "#818181"}}, {"type": "Feature", "geometry": {"type": "Point", "coordinates": [2.406246, 48.851192]}, "properties": {"numparc": 7398, "etat de la localisation": "autre", "ID BDGEO": "141", "horodatage": "2023-05-05 13:28:00", "distance (en metres)": 3240.28, "station": "BIBLIOTHEQUE CHEVALERET", "marker-color": "#818181"}}, {"type": "Feature", "geometry": {"type": "Point", "coordinates": [2.406246, 48.851192]}, "properties": {"numparc": 7398, "etat de la localisation": "autre", "ID BDGEO": "141", "horodatage": "2023-05-05 13:28:04", "distance (en metres)": 3240.28, "station": "BIBLIOTHEQUE CHEVALERET", "marker-color": "#818181"}}, {"type": "Feature", "geometry": {"type": "Point", "coordinates": [2.405943, 48.853027]}, "properties": {"numparc": 7398, "etat de la localisation": "autre", "ID BDGEO": "141", "horodatage": "2023-05-05 13:29:40", "distance (en metres)": 3376.55, "station": "BIBLIOTHEQUE CHEVALERET", "marker-color": "#818181"}}, {"type": "Feature", "geometry": {"type": "Point", "coordinates": [2.404927, 48.842258]}, "properties": {"numparc": 618, "etat de la localisation": "autre", "ID BDGEO": "141", "horodatage": "2023-05-05 13:29:41", "distance (en metres)": 2529.41, "station": "BIBLIOTHEQUE CHEVALERET", "marker-color": "#818181"}}, {"type": "Feature", "geometry": {"type": "Point", "coordinates": [2.405681, 48.845062]}, "properties": {"numparc": 618, "etat de la localisation": "autre", "ID BDGEO": "141", "horodatage": "2023-05-05 13:31:39", "distance (en metres)": 2752.99, "station": "BIBLIOTHEQUE CHEVALERET", "marker-color": "#818181"}}, {"type": "Feature", "geometry": {"type": "Point", "coordinates": [2.404715, 48.856525]}, "properties": {"numparc": 7398, "etat de la localisation": "autre", "ID BDGEO": "141", "horodatage": "2023-05-05 13:31:46", "distance (en metres)": 3626.21, "station": "BIBLIOTHEQUE CHEVALERET", "marker-color": "#818181"}}, {"type": "Feature", "geometry": {"type": "Point", "coordinates": [2.401739, 48.859501]}, "properties": {"numparc": 7398, "etat de la localisation": "autre", "ID BDGEO": "141", "horodatage": "2023-05-05 13:33:27", "distance (en metres)": 3785.48, "station": "BIBLIOTHEQUE CHEVALERET", "marker-color": "#818181"}}, {"type": "Feature", "geometry": {"type": "Point", "coordinates": [2.406442, 48.84816]}, "properties": {"numparc": 618, "etat de la localisation": "autre", "ID BDGEO": "141", "horodatage": "2023-05-05 13:33:28", "distance (en metres)": 3015.5, "station": "BIBLIOTHEQUE CHEVALERET", "marker-color": "#818181"}}, {"type": "Feature", "geometry": {"type": "Point", "coordinates": [2.400153, 48.86208]}, "properties": {"numparc": 7398, "etat de la localisation": "autre", "ID BDGEO": "141", "horodatage": "2023-05-05 13:34:26", "distance (en metres)": 3982.6, "station": "BIBLIOTHEQUE CHEVALERET", "marker-color": "#818181"}}, {"type": "Feature", "geometry": {"type": "Point", "coordinates": [2.40625, 48.85125]}, "properties": {"numparc": 618, "etat de la localisation": "autre", "ID BDGEO": "141", "horodatage": "2023-05-05 13:34:46", "distance (en metres)": 3245.1, "station": "BIBLIOTHEQUE CHEVALERET", "marker-color": "#818181"}}, {"type": "Feature", "geometry": {"type": "Point", "coordinates": [2.398948, 48.864338]}, "properties": {"numparc": 7398, "etat de la localisation": "autre", "ID BDGEO": "141", "horodatage": "2023-05-05 13:35:22", "distance (en metres)": 4171.91, "station": "BIBLIOTHEQUE CHEVALERET", "marker-color": "#818181"}}, {"type": "Feature", "geometry": {"type": "Point", "coordinates": [2.405967, 48.853069]}, "properties": {"numparc": 618, "etat de la localisation": "autre", "ID BDGEO": "141", "horodatage": "2023-05-05 13:36:22", "distance (en metres)": 3381.23, "station": "BIBLIOTHEQUE CHEVALERET", "marker-color": "#818181"}}, {"type": "Feature", "geometry": {"type": "Point", "coordinates": [2.399092, 48.865612]}, "properties": {"numparc": 7398, "etat de la localisation": "autre", "ID BDGEO": "141", "horodatage": "2023-05-05 13:37:34", "distance (en metres)": 4305.88, "station": "BIBLIOTHEQUE CHEVALERET", "marker-color": "#818181"}}, {"type": "Feature", "geometry": {"type": "Point", "coordinates": [2.404694, 48.856544]}, "properties": {"numparc": 618, "etat de la localisation": "autre", "ID BDGEO": "141", "horodatage": "2023-05-05 13:38:43", "distance (en metres)": 3627.04, "station": "BIBLIOTHEQUE CHEVALERET", "marker-color": "#818181"}}, {"type": "Feature", "geometry": {"type": "Point", "coordinates": [2.401656, 48.859535]}, "properties": {"numparc": 618, "etat de la localisation": "autre", "ID BDGEO": "141", "horodatage": "2023-05-05 13:40:34", "distance (en metres)": 3785.74, "station": "BIBLIOTHEQUE CHEVALERET", "marker-color": "#818181"}}, {"type": "Feature", "geometry": {"type": "Point", "coordinates": [2.401728, 48.868641]}, "properties": {"numparc": 7398, "etat de la localisation": "autre", "ID BDGEO": "141", "horodatage": "2023-05-05 13:40:37", "distance (en metres)": 4691.73, "station": "BIBLIOTHEQUE CHEVALERET", "marker-color": "#818181"}}, {"type": "Feature", "geometry": {"type": "Point", "coordinates": [2.400129, 48.862129]}, "properties": {"numparc": 618, "etat de la localisation": "autre", "ID BDGEO": "141", "horodatage": "2023-05-05 13:42:01", "distance (en metres)": 3986.75, "station": "BIBLIOTHEQUE CHEVALERET", "marker-color": "#818181"}}, {"type": "Feature", "geometry": {"type": "Point", "coordinates": [2.403928, 48.871166]}, "properties": {"numparc": 7398, "etat de la localisation": "autre", "ID BDGEO": "141", "horodatage": "2023-05-05 13:42:03", "distance (en metres)": 5013.76, "station": "BIBLIOTHEQUE CHEVALERET", "marker-color": "#818181"}}, {"type": "Feature", "geometry": {"type": "Point", "coordinates": [2.379133, 48.831921]}, "properties": {"numparc": 7362, "etat de la localisation": "autre", "ID BDGEO": "141", "horodatage": "2023-05-05 13:42:24", "distance (en metres)": 322.21, "station": "BIBLIOTHEQUE CHEVALERET", "marker-color": "#818181"}}, {"type": "Feature", "geometry": {"type": "Point", "coordinates": [2.398823, 48.864468]}, "properties": {"numparc": 618, "etat de la localisation": "autre", "ID BDGEO": "141", "horodatage": "2023-05-05 13:43:17", "distance (en metres)": 4181.39, "station": "BIBLIOTHEQUE CHEVALERET", "marker-color": "#818181"}}, {"type": "Feature", "geometry": {"type": "Point", "coordinates": [2.398823, 48.864468]}, "properties": {"numparc": 618, "etat de la localisation": "autre", "ID BDGEO": "141", "horodatage": "2023-05-05 13:43:30", "distance (en metres)": 4181.39, "station": "BIBLIOTHEQUE CHEVALERET", "marker-color": "#818181"}}, {"type": "Feature", "geometry": {"type": "Point", "coordinates": [2.40527, 48.8741]}, "properties": {"numparc": 7398, "etat de la localisation": "autre", "ID BDGEO": "141", "horodatage": "2023-05-05 13:43:50", "distance (en metres)": 5351.64, "station": "BIBLIOTHEQUE CHEVALERET", "marker-color": "#818181"}}, {"type": "Feature", "geometry": {"type": "Point", "coordinates": [2.406319, 48.876675]}, "properties": {"numparc": 7398, "etat de la localisation": "autre", "ID BDGEO": "141", "horodatage": "2023-05-05 13:44:57", "distance (en metres)": 5644.74, "station": "BIBLIOTHEQUE CHEVALERET", "marker-color": "#818181"}}, {"type": "Feature", "geometry": {"type": "Point", "coordinates": [2.385735, 48.835526]}, "properties": {"numparc": 7362, "etat de la localisation": "autre", "ID BDGEO": "141", "horodatage": "2023-05-05 13:45:06", "distance (en metres)": 950.06, "station": "BIBLIOTHEQUE CHEVALERET", "marker-color": "#818181"}}, {"type": "Feature", "geometry": {"type": "Point", "coordinates": [2.399133, 48.865723]}, "properties": {"numparc": 618, "etat de la localisation": "autre", "ID BDGEO": "141", "horodatage": "2023-05-05 13:45:06", "distance (en metres)": 4318.36, "station": "BIBLIOTHEQUE CHEVALERET", "marker-color": "#818181"}}, {"type": "Feature", "geometry": {"type": "Point", "coordinates": [2.40187, 48.868851]}, "properties": {"numparc": 618, "etat de la localisation": "autre", "ID BDGEO": "141", "horodatage": "2023-05-05 13:47:13", "distance (en metres)": 4717.27, "station": "BIBLIOTHEQUE CHEVALERET", "marker-color": "#818181"}}, {"type": "Feature", "geometry": {"type": "Point", "coordinates": [2.408413, 48.877117]}, "properties": {"numparc": 7398, "etat de la localisation": "autre", "ID BDGEO": "377", "horodatage": "2023-05-05 13:47:30", "distance (en metres)": 7263.68, "station": "DENFERT-ROCHEREAU#", "marker-color": "#818181"}}, {"type": "Feature", "geometry": {"type": "Point", "coordinates": [2.390455, 48.837109]}, "properties": {"numparc": 7362, "etat de la localisation": "autre", "ID BDGEO": "141", "horodatage": "2023-05-05 13:47:53", "distance (en metres)": 1331.0, "station": "BIBLIOTHEQUE CHEVALERET", "marker-color": "#818181"}}, {"type": "Feature", "geometry": {"type": "Point", "coordinates": [2.393524, 48.838875]}, "properties": {"numparc": 7362, "etat de la localisation": "autre", "ID BDGEO": "141", "horodatage": "2023-05-05 13:49:47", "distance (en metres)": 1628.39, "station": "BIBLIOTHEQUE CHEVALERET", "marker-color": "#818181"}}, {"type": "Feature", "geometry": {"type": "Point", "coordinates": [2.396905, 48.839497]}, "properties": {"numparc": 7362, "etat de la localisation": "autre", "ID BDGEO": "141", "horodatage": "2023-05-05 13:52:00", "distance (en metres)": 1869.99, "station": "BIBLIOTHEQUE CHEVALERET", "marker-color": "#818181"}}, {"type": "Feature", "geometry": {"type": "Point", "coordinates": [2.404104, 48.871384]}, "properties": {"numparc": 618, "etat de la localisation": "autre", "ID BDGEO": "141", "horodatage": "2023-05-05 13:52:34", "distance (en metres)": 5041.1, "station": "BIBLIOTHEQUE CHEVALERET", "marker-color": "#818181"}}, {"type": "Feature", "geometry": {"type": "Point", "coordinates": [2.404101, 48.871384]}, "properties": {"numparc": 618, "etat de la localisation": "autre", "ID BDGEO": "141", "horodatage": "2023-05-05 13:52:58", "distance (en metres)": 5041.0, "station": "BIBLIOTHEQUE CHEVALERET", "marker-color": "#818181"}}, {"type": "Feature", "geometry": {"type": "Point", "coordinates": [2.39924, 48.839577]}, "properties": {"numparc": 7362, "etat de la localisation": "autre", "ID BDGEO": "141", "horodatage": "2023-05-05 13:53:12", "distance (en metres)": 2018.42, "station": "BIBLIOTHEQUE CHEVALERET", "marker-color": "#818181"}}, {"type": "Feature", "geometry": {"type": "Point", "coordinates": [2.407862, 48.876644]}, "properties": {"numparc": 7398, "etat de la localisation": "autre", "ID BDGEO": "377", "horodatage": "2023-05-05 13:53:17", "distance (en metres)": 7198.54, "station": "DENFERT-ROCHEREAU#", "marker-color": "#818181"}}, {"type": "Feature", "geometry": {"type": "Point", "coordinates": [2.405395, 48.874287]}, "properties": {"numparc": 618, "etat de la localisation": "autre", "ID BDGEO": "141", "horodatage": "2023-05-05 13:54:42", "distance (en metres)": 5374.35, "station": "BIBLIOTHEQUE CHEVALERET", "marker-color": "#818181"}}, {"type": "Feature", "geometry": {"type": "Point", "coordinates": [2.403282, 48.839741]}, "properties": {"numparc": 7362, "etat de la localisation": "autre", "ID BDGEO": "141", "horodatage": "2023-05-05 13:55:09", "distance (en metres)": 2284.2, "station": "BIBLIOTHEQUE CHEVALERET", "marker-color": "#818181"}}, {"type": "Feature", "geometry": {"type": "Point", "coordinates": [2.406349, 48.87669]}, "properties": {"numparc": 7398, "etat de la localisation": "autre", "ID BDGEO": "377", "horodatage": "2023-05-05 13:55:25", "distance (en metres)": 7120.06, "station": "DENFERT-ROCHEREAU#", "marker-color": "#818181"}}, {"type": "Feature", "geometry": {"type": "Point", "coordinates": [2.406398, 48.876789]}, "properties": {"numparc": 618, "etat de la localisation": "autre", "ID BDGEO": "141", "horodatage": "2023-05-05 13:56:15", "distance (en metres)": 5658.71, "station": "BIBLIOTHEQUE CHEVALERET", "marker-color": "#818181"}}, {"type": "Feature", "geometry": {"type": "Point", "coordinates": [2.405651, 48.874779]}, "properties": {"numparc": 7398, "etat de la localisation": "autre", "ID BDGEO": "377", "horodatage": "2023-05-05 13:57:07", "distance (en metres)": 6939.79, "station": "DENFERT-ROCHEREAU#", "marker-color": "#818181"}}, {"type": "Feature", "geometry": {"type": "Point", "coordinates": [2.404978, 48.842278]}, "properties": {"numparc": 7362, "etat de la localisation": "autre", "ID BDGEO": "141", "horodatage": "2023-05-05 13:57:59", "distance (en metres)": 2533.7, "station": "BIBLIOTHEQUE CHEVALERET", "marker-color": "#818181"}}, {"type": "Feature", "geometry": {"type": "Point", "coordinates": [2.404685, 48.872372]}, "properties": {"numparc": 7398, "etat de la localisation": "autre", "ID BDGEO": "377", "horodatage": "2023-05-05 13:58:03", "distance (en metres)": 6711.11, "station": "DENFERT-ROCHEREAU#", "marker-color": "#818181"}}, {"type": "Feature", "geometry": {"type": "Point", "coordinates": [2.408537, 48.877167]}, "properties": {"numparc": 618, "etat de la localisation": "autre", "ID BDGEO": "377", "horodatage": "2023-05-05 13:58:07", "distance (en metres)": 7274.1, "station": "DENFERT-ROCHEREAU#", "marker-color": "#818181"}}, {"type": "Feature", "geometry": {"type": "Point", "coordinates": [2.407736, 48.876678]}, "properties": {"numparc": 618, "etat de la localisation": "autre", "ID BDGEO": "377", "horodatage": "2023-05-05 13:58:59", "distance (en metres)": 7194.25, "station": "DENFERT-ROCHEREAU#", "marker-color": "#818181"}}, {"type": "Feature", "geometry": {"type": "Point", "coordinates": [2.405761, 48.845081]}, "properties": {"numparc": 7362, "etat de la localisation": "autre", "ID BDGEO": "141", "horodatage": "2023-05-05 13:59:32", "distance (en metres)": 2758.95, "station": "BIBLIOTHEQUE CHEVALERET", "marker-color": "#818181"}}, {"type": "Feature", "geometry": {"type": "Point", "coordinates": [2.406481, 48.848129]}, "properties": {"numparc": 7362, "etat de la localisation": "autre", "ID BDGEO": "141", "horodatage": "2023-05-05 14:01:24", "distance (en metres)": 3015.36, "station": "BIBLIOTHEQUE CHEVALERET", "marker-color": "#818181"}}, {"type": "Feature", "geometry": {"type": "Point", "coordinates": [2.401215, 48.868053]}, "properties": {"numparc": 7398, "etat de la localisation": "autre", "ID BDGEO": "377", "horodatage": "2023-05-05 14:01:38", "distance (en metres)": 6210.44, "station": "DENFERT-ROCHEREAU#", "marker-color": "#818181"}}, {"type": "Feature", "geometry": {"type": "Point", "coordinates": [2.406286, 48.851177]}, "properties": {"numparc": 7362, "etat de la localisation": "autre", "ID BDGEO": "141", "horodatage": "2023-05-05 14:02:43", "distance (en metres)": 3241.07, "station": "BIBLIOTHEQUE CHEVALERET", "marker-color": "#818181"}}, {"type": "Feature", "geometry": {"type": "Point", "coordinates": [2.399289, 48.865788]}, "properties": {"numparc": 7398, "etat de la localisation": "autre", "ID BDGEO": "377", "horodatage": "2023-05-05 14:03:16", "distance (en metres)": 5944.56, "station": "DENFERT-ROCHEREAU#", "marker-color": "#818181"}}, {"type": "Feature", "geometry": {"type": "Point", "coordinates": [2.406056, 48.853008]}, "properties": {"numparc": 7362, "etat de la localisation": "autre", "ID BDGEO": "141", "horodatage": "2023-05-05 14:04:21", "distance (en metres)": 3380.36, "station": "BIBLIOTHEQUE CHEVALERET", "marker-color": "#818181"}}, {"type": "Feature", "geometry": {"type": "Point", "coordinates": [2.39886, 48.864483]}, "properties": {"numparc": 7398, "etat de la localisation": "autre", "ID BDGEO": "377", "horodatage": "2023-05-05 14:04:27", "distance (en metres)": 5832.44, "station": "DENFERT-ROCHEREAU#", "marker-color": "#818181"}}, {"type": "Feature", "geometry": {"type": "Point", "coordinates": [2.399019, 48.8643]}, "properties": {"numparc": 7398, "etat de la localisation": "autre", "ID BDGEO": "377", "horodatage": "2023-05-05 14:04:57", "distance (en metres)": 5829.77, "station": "DENFERT-ROCHEREAU#", "marker-color": "#818181"}}, {"type": "Feature", "geometry": {"type": "Point", "coordinates": [2.404769, 48.856495]}, "properties": {"numparc": 7362, "etat de la localisation": "autre", "ID BDGEO": "141", "horodatage": "2023-05-05 14:05:54", "distance (en metres)": 3625.77, "station": "BIBLIOTHEQUE CHEVALERET", "marker-color": "#818181"}}, {"type": "Feature", "geometry": {"type": "Point", "coordinates": [2.400268, 48.861469]}, "properties": {"numparc": 7398, "etat de la localisation": "autre", "ID BDGEO": "377", "horodatage": "2023-05-05 14:05:59", "distance (en metres)": 5726.16, "station": "DENFERT-ROCHEREAU#", "marker-color": "#818181"}}, {"type": "Feature", "geometry": {"type": "Point", "coordinates": [2.406337, 48.876678]}, "properties": {"numparc": 618, "etat de la localisation": "autre", "ID BDGEO": "377", "horodatage": "2023-05-05 14:07:24", "distance (en metres)": 7118.57, "station": "DENFERT-ROCHEREAU#", "marker-color": "#818181"}}, {"type": "Feature", "geometry": {"type": "Point", "coordinates": [2.401685, 48.859474]}, "properties": {"numparc": 7362, "etat de la localisation": "autre", "ID BDGEO": "141", "horodatage": "2023-05-05 14:07:25", "distance (en metres)": 3780.93, "station": "BIBLIOTHEQUE CHEVALERET", "marker-color": "#818181"}}, {"type": "Feature", "geometry": {"type": "Point", "coordinates": [2.402311, 48.859135]}, "properties": {"numparc": 7398, "etat de la localisation": "autre", "ID BDGEO": "377", "horodatage": "2023-05-05 14:07:36", "distance (en metres)": 5717.58, "station": "DENFERT-ROCHEREAU#", "marker-color": "#818181"}}, {"type": "Feature", "geometry": {"type": "Point", "coordinates": [2.400132, 48.862007]}, "properties": {"numparc": 7362, "etat de la localisation": "autre", "ID BDGEO": "141", "horodatage": "2023-05-05 14:08:41", "distance (en metres)": 3974.71, "station": "BIBLIOTHEQUE CHEVALERET", "marker-color": "#818181"}}, {"type": "Feature", "geometry": {"type": "Point", "coordinates": [2.405004, 48.856091]}, "properties": {"numparc": 7398, "etat de la localisation": "autre", "ID BDGEO": "377", "horodatage": "2023-05-05 14:09:31", "distance (en metres)": 5731.88, "station": "DENFERT-ROCHEREAU#", "marker-color": "#818181"}}, {"type": "Feature", "geometry": {"type": "Point", "coordinates": [2.404613, 48.872341]}, "properties": {"numparc": 618, "etat de la localisation": "autre", "ID BDGEO": "377", "horodatage": "2023-05-05 14:09:46", "distance (en metres)": 6704.89, "station": "DENFERT-ROCHEREAU#", "marker-color": "#818181"}}, {"type": "Feature", "geometry": {"type": "Point", "coordinates": [2.39894, 48.864281]}, "properties": {"numparc": 7362, "etat de la localisation": "autre", "ID BDGEO": "141", "horodatage": "2023-05-05 14:09:47", "distance (en metres)": 4165.86, "station": "BIBLIOTHEQUE CHEVALERET", "marker-color": "#818181"}}, {"type": "Feature", "geometry": {"type": "Point", "coordinates": [2.404532, 48.872124]}, "properties": {"numparc": 618, "etat de la localisation": "autre", "ID BDGEO": "377", "horodatage": "2023-05-05 14:10:28", "distance (en metres)": 6684.76, "station": "DENFERT-ROCHEREAU#", "marker-color": "#818181"}}, {"type": "Feature", "geometry": {"type": "Point", "coordinates": [2.406105, 48.852394]}, "properties": {"numparc": 7398, "etat de la localisation": "autre", "ID BDGEO": "377", "horodatage": "2023-05-05 14:11:03", "distance (en metres)": 5637.58, "station": "DENFERT-ROCHEREAU#", "marker-color": "#818181"}}, {"type": "Feature", "geometry": {"type": "Point", "coordinates": [2.399232, 48.865654]}, "properties": {"numparc": 7362, "etat de la localisation": "autre", "ID BDGEO": "141", "horodatage": "2023-05-05 14:11:34", "distance (en metres)": 4314.22, "station": "BIBLIOTHEQUE CHEVALERET", "marker-color": "#818181"}}, {"type": "Feature", "geometry": {"type": "Point", "coordinates": [2.406338, 48.850311]}, "properties": {"numparc": 7398, "etat de la localisation": "autre", "ID BDGEO": "377", "horodatage": "2023-05-05 14:12:10", "distance (en metres)": 5570.88, "station": "DENFERT-ROCHEREAU#", "marker-color": "#818181"}}, {"type": "Feature", "geometry": {"type": "Point", "coordinates": [2.406298, 48.848019]}, "properties": {"numparc": 7398, "etat de la localisation": "autre", "ID BDGEO": "377", "horodatage": "2023-05-05 14:13:13", "distance (en metres)": 5487.14, "station": "DENFERT-ROCHEREAU#", "marker-color": "#818181"}}, {"type": "Feature", "geometry": {"type": "Point", "coordinates": [2.401167, 48.868004]}, "properties": {"numparc": 618, "etat de la localisation": "autre", "ID BDGEO": "377", "horodatage": "2023-05-05 14:13:33", "distance (en metres)": 6204.26, "station": "DENFERT-ROCHEREAU#", "marker-color": "#818181"}}, {"type": "Feature", "geometry": {"type": "Point", "coordinates": [2.399189, 48.865723]}, "properties": {"numparc": 618, "etat de la localisation": "autre", "ID BDGEO": "377", "horodatage": "2023-05-05 14:15:14", "distance (en metres)": 5934.38, "station": "DENFERT-ROCHEREAU#", "marker-color": "#818181"}}, {"type": "Feature", "geometry": {"type": "Point", "coordinates": [2.405119, 48.842495]}, "properties": {"numparc": 7398, "etat de la localisation": "autre", "ID BDGEO": "377", "horodatage": "2023-05-05 14:15:57", "distance (en metres)": 5252.49, "station": "DENFERT-ROCHEREAU#", "marker-color": "#818181"}}, {"type": "Feature", "geometry": {"type": "Point", "coordinates": [2.403937, 48.871201]}, "properties": {"numparc": 7362, "etat de la localisation": "autre", "ID BDGEO": "141", "horodatage": "2023-05-05 14:16:49", "distance (en metres)": 5017.51, "station": "BIBLIOTHEQUE CHEVALERET", "marker-color": "#818181"}}, {"type": "Feature", "geometry": {"type": "Point", "coordinates": [2.404079, 48.839802]}, "properties": {"numparc": 7398, "etat de la localisation": "autre", "ID BDGEO": "377", "horodatage": "2023-05-05 14:17:19", "distance (en metres)": 5127.58, "station": "DENFERT-ROCHEREAU#", "marker-color": "#818181"}}, {"type": "Feature", "geometry": {"type": "Point", "coordinates": [2.398907, 48.864441]}, "properties": {"numparc": 618, "etat de la localisation": "autre", "ID BDGEO": "377", "horodatage": "2023-05-05 14:17:38", "distance (en metres)": 5832.44, "station": "DENFERT-ROCHEREAU#", "marker-color": "#818181"}}, {"type": "Feature", "geometry": {"type": "Point", "coordinates": [2.405186, 48.874084]}, "properties": {"numparc": 7362, "etat de la localisation": "autre", "ID BDGEO": "141", "horodatage": "2023-05-05 14:18:35", "distance (en metres)": 5347.61, "station": "BIBLIOTHEQUE CHEVALERET", "marker-color": "#818181"}}, {"type": "Feature", "geometry": {"type": "Point", "coordinates": [2.400349, 48.861469]}, "properties": {"numparc": 618, "etat de la localisation": "autre", "ID BDGEO": "377", "horodatage": "2023-05-05 14:19:29", "distance (en metres)": 5731.11, "station": "DENFERT-ROCHEREAU#", "marker-color": "#818181"}}, {"type": "Feature", "geometry": {"type": "Point", "coordinates": [2.399563, 48.839703]}, "properties": {"numparc": 7398, "etat de la localisation": "autre", "ID BDGEO": "377", "horodatage": "2023-05-05 14:19:41", "distance (en metres)": 4798.91, "station": "DENFERT-ROCHEREAU#", "marker-color": "#818181"}}, {"type": "Feature", "geometry": {"type": "Point", "coordinates": [2.406278, 48.876545]}, "properties": {"numparc": 7362, "etat de la localisation": "autre", "ID BDGEO": "141", "horodatage": "2023-05-05 14:20:14", "distance (en metres)": 5630.31, "station": "BIBLIOTHEQUE CHEVALERET", "marker-color": "#818181"}}, {"type": "Feature", "geometry": {"type": "Point", "coordinates": [2.396868, 48.839684]}, "properties": {"numparc": 7398, "etat de la localisation": "autre", "ID BDGEO": "377", "horodatage": "2023-05-05 14:20:28", "distance (en metres)": 4603.57, "station": "DENFERT-ROCHEREAU#", "marker-color": "#818181"}}, {"type": "Feature", "geometry": {"type": "Point", "coordinates": [2.402474, 48.859005]}, "properties": {"numparc": 618, "etat de la localisation": "autre", "ID BDGEO": "377", "horodatage": "2023-05-05 14:21:13", "distance (en metres)": 5720.7, "station": "DENFERT-ROCHEREAU#", "marker-color": "#818181"}}, {"type": "Feature", "geometry": {"type": "Point", "coordinates": [2.406885, 48.849648]}, "properties": {"numparc": 7374, "etat de la localisation": "autre", "ID BDGEO": "229", "horodatage": "2023-05-05 14:21:46", "distance (en metres)": 75.5, "station": "LA PLAINE", "marker-color": "#818181"}}, {"type": "Feature", "geometry": {"type": "Point", "coordinates": [2.39405, 48.839054]}, "properties": {"numparc": 7398, "etat de la localisation": "autre", "ID BDGEO": "377", "horodatage": "2023-05-05 14:21:52", "distance (en metres)": 4389.23, "station": "DENFERT-ROCHEREAU#", "marker-color": "#818181"}}, {"type": "Feature", "geometry": {"type": "Point", "coordinates": [2.408591, 48.877155]}, "properties": {"numparc": 7362, "etat de la localisation": "autre", "ID BDGEO": "377", "horodatage": "2023-05-05 14:23:23", "distance (en metres)": 7276.19, "station": "DENFERT-ROCHEREAU#", "marker-color": "#818181"}}, {"type": "Feature", "geometry": {"type": "Point", "coordinates": [2.390804, 48.837261]}, "properties": {"numparc": 7398, "etat de la localisation": "autre", "ID BDGEO": "377", "horodatage": "2023-05-05 14:23:30", "distance (en metres)": 4128.64, "station": "DENFERT-ROCHEREAU#", "marker-color": "#818181"}}, {"type": "Feature", "geometry": {"type": "Point", "coordinates": [2.405043, 48.856071]}, "properties": {"numparc": 618, "etat de la localisation": "autre", "ID BDGEO": "377", "horodatage": "2023-05-05 14:24:11", "distance (en metres)": 5733.5, "station": "DENFERT-ROCHEREAU#", "marker-color": "#818181"}}, {"type": "Feature", "geometry": {"type": "Point", "coordinates": [2.407827, 48.876614]}, "properties": {"numparc": 7362, "etat de la localisation": "autre", "ID BDGEO": "377", "horodatage": "2023-05-05 14:24:37", "distance (en metres)": 7194.37, "station": "DENFERT-ROCHEREAU#", "marker-color": "#818181"}}, {"type": "Feature", "geometry": {"type": "Point", "coordinates": [2.407827, 48.876614]}, "properties": {"numparc": 7362, "etat de la localisation": "autre", "ID BDGEO": "377", "horodatage": "2023-05-05 14:24:57", "distance (en metres)": 7194.37, "station": "DENFERT-ROCHEREAU#", "marker-color": "#818181"}}, {"type": "Feature", "geometry": {"type": "Point", "coordinates": [2.406116, 48.852325]}, "properties": {"numparc": 618, "etat de la localisation": "autre", "ID BDGEO": "377", "horodatage": "2023-05-05 14:25:48", "distance (en metres)": 5635.46, "station": "DENFERT-ROCHEREAU#", "marker-color": "#818181"}}, {"type": "Feature", "geometry": {"type": "Point", "coordinates": [2.38327, 48.834072]}, "properties": {"numparc": 7398, "etat de la localisation": "autre", "ID BDGEO": "377", "horodatage": "2023-05-05 14:26:57", "distance (en metres)": 3555.28, "station": "DENFERT-ROCHEREAU#", "marker-color": "#818181"}}, {"type": "Feature", "geometry": {"type": "Point", "coordinates": [2.406335, 48.848343]}, "properties": {"numparc": 618, "etat de la localisation": "autre", "ID BDGEO": "377", "horodatage": "2023-05-05 14:28:12", "distance (en metres)": 5500.54, "station": "DENFERT-ROCHEREAU#", "marker-color": "#818181"}}, {"type": "Feature", "geometry": {"type": "Point", "coordinates": [2.406314, 48.847923]}, "properties": {"numparc": 618, "etat de la localisation": "autre", "ID BDGEO": "377", "horodatage": "2023-05-05 14:29:24", "distance (en metres)": 5485.11, "station": "DENFERT-ROCHEREAU#", "marker-color": "#818181"}}, {"type": "Feature", "geometry": {"type": "Point", "coordinates": [2.379359, 48.832012]}, "properties": {"numparc": 7398, "etat de la localisation": "autre", "ID BDGEO": "377", "horodatage": "2023-05-05 14:30:08", "distance (en metres)": 3271.57, "station": "DENFERT-ROCHEREAU#", "marker-color": "#818181"}}, {"type": "Feature", "geometry": {"type": "Point", "coordinates": [2.407827, 48.876614]}, "properties": {"numparc": 7362, "etat de la localisation": "autre", "ID BDGEO": "377", "horodatage": "2023-05-05 14:30:50", "distance (en metres)": 7194.37, "station": "DENFERT-ROCHEREAU#", "marker-color": "#818181"}}, {"type": "Feature", "geometry": {"type": "Point", "coordinates": [2.405651, 48.844391]}, "properties": {"numparc": 618, "etat de la localisation": "autre", "ID BDGEO": "377", "horodatage": "2023-05-05 14:31:36", "distance (en metres)": 5335.14, "station": "DENFERT-ROCHEREAU#", "marker-color": "#818181"}}, {"type": "Feature", "geometry": {"type": "Point", "coordinates": [2.375981, 48.83017]}, "properties": {"numparc": 7398, "etat de la localisation": "autre", "ID BDGEO": "377", "horodatage": "2023-05-05 14:31:37", "distance (en metres)": 3041.63, "station": "DENFERT-ROCHEREAU#", "marker-color": "#818181"}}, {"type": "Feature", "geometry": {"type": "Point", "coordinates": [2.40515, 48.842445]}, "properties": {"numparc": 618, "etat de la localisation": "autre", "ID BDGEO": "377", "horodatage": "2023-05-05 14:32:58", "distance (en metres)": 5253.66, "station": "DENFERT-ROCHEREAU#", "marker-color": "#818181"}}, {"type": "Feature", "geometry": {"type": "Point", "coordinates": [2.404064, 48.839714]}, "properties": {"numparc": 618, "etat de la localisation": "autre", "ID BDGEO": "377", "horodatage": "2023-05-05 14:34:36", "distance (en metres)": 5125.15, "station": "DENFERT-ROCHEREAU#", "marker-color": "#818181"}}, {"type": "Feature", "geometry": {"type": "Point", "coordinates": [2.406369, 48.87669]}, "properties": {"numparc": 7362, "etat de la localisation": "autre", "ID BDGEO": "377", "horodatage": "2023-05-05 14:35:11", "distance (en metres)": 7121.14, "station": "DENFERT-ROCHEREAU#", "marker-color": "#818181"}}, {"type": "Feature", "geometry": {"type": "Point", "coordinates": [2.37087, 48.827782]}, "properties": {"numparc": 7398, "etat de la localisation": "autre", "ID BDGEO": "377", "horodatage": "2023-05-05 14:36:41", "distance (en metres)": 2718.43, "station": "DENFERT-ROCHEREAU#", "marker-color": "#818181"}}, {"type": "Feature", "geometry": {"type": "Point", "coordinates": [2.399451, 48.839642]}, "properties": {"numparc": 618, "etat de la localisation": "autre", "ID BDGEO": "377", "horodatage": "2023-05-05 14:36:49", "distance (en metres)": 4789.8, "station": "DENFERT-ROCHEREAU#", "marker-color": "#818181"}}, {"type": "Feature", "geometry": {"type": "Point", "coordinates": [2.404687, 48.87257]}, "properties": {"numparc": 7362, "etat de la localisation": "autre", "ID BDGEO": "377", "horodatage": "2023-05-05 14:36:53", "distance (en metres)": 6725.49, "station": "DENFERT-ROCHEREAU#", "marker-color": "#818181"}}, {"type": "Feature", "geometry": {"type": "Point", "coordinates": [2.404687, 48.87257]}, "properties": {"numparc": 7362, "etat de la localisation": "autre", "ID BDGEO": "377", "horodatage": "2023-05-05 14:37:29", "distance (en metres)": 6725.49, "station": "DENFERT-ROCHEREAU#", "marker-color": "#818181"}}, {"type": "Feature", "geometry": {"type": "Point", "coordinates": [2.367945, 48.827377]}, "properties": {"numparc": 7398, "etat de la localisation": "autre", "ID BDGEO": "377", "horodatage": "2023-05-05 14:37:57", "distance (en metres)": 2521.89, "station": "DENFERT-ROCHEREAU#", "marker-color": "#818181"}}, {"type": "Feature", "geometry": {"type": "Point", "coordinates": [2.396692, 48.839653]}, "properties": {"numparc": 618, "etat de la localisation": "autre", "ID BDGEO": "377", "horodatage": "2023-05-05 14:38:01", "distance (en metres)": 4590.33, "station": "DENFERT-ROCHEREAU#", "marker-color": "#818181"}}, {"type": "Feature", "geometry": {"type": "Point", "coordinates": [2.364824, 48.826935]}, "properties": {"numparc": 7398, "etat de la localisation": "autre", "ID BDGEO": "377", "horodatage": "2023-05-05 14:39:43", "distance (en metres)": 2316.98, "station": "DENFERT-ROCHEREAU#", "marker-color": "#818181"}}, {"type": "Feature", "geometry": {"type": "Point", "coordinates": [2.393883, 48.838985]}, "properties": {"numparc": 618, "etat de la localisation": "autre", "ID BDGEO": "377", "horodatage": "2023-05-05 14:39:49", "distance (en metres)": 4376.04, "station": "DENFERT-ROCHEREAU#", "marker-color": "#818181"}}, {"type": "Feature", "geometry": {"type": "Point", "coordinates": [2.361048, 48.826374]}, "properties": {"numparc": 7398, "etat de la localisation": "autre", "ID BDGEO": "377", "horodatage": "2023-05-05 14:41:20", "distance (en metres)": 2078.24, "station": "DENFERT-ROCHEREAU#", "marker-color": "#818181"}}, {"type": "Feature", "geometry": {"type": "Point", "coordinates": [2.390629, 48.837215]}, "properties": {"numparc": 618, "etat de la localisation": "autre", "ID BDGEO": "377", "horodatage": "2023-05-05 14:41:47", "distance (en metres)": 4115.37, "station": "DENFERT-ROCHEREAU#", "marker-color": "#818181"}}, {"type": "Feature", "geometry": {"type": "Point", "coordinates": [2.359205, 48.827583]}, "properties": {"numparc": 7398, "etat de la localisation": "autre", "ID BDGEO": "377", "horodatage": "2023-05-05 14:42:17", "distance (en metres)": 1904.33, "station": "DENFERT-ROCHEREAU#", "marker-color": "#818181"}}, {"type": "Feature", "geometry": {"type": "Point", "coordinates": [2.401175, 48.868206]}, "properties": {"numparc": 7362, "etat de la localisation": "autre", "ID BDGEO": "377", "horodatage": "2023-05-05 14:42:57", "distance (en metres)": 6218.7, "station": "DENFERT-ROCHEREAU#", "marker-color": "#818181"}}, {"type": "Feature", "geometry": {"type": "Point", "coordinates": [2.356908, 48.830376]}, "properties": {"numparc": 7398, "etat de la localisation": "autre", "ID BDGEO": "377", "horodatage": "2023-05-05 14:43:33", "distance (en metres)": 1658.24, "station": "DENFERT-ROCHEREAU#", "marker-color": "#818181"}}, {"type": "Feature", "geometry": {"type": "Point", "coordinates": [2.385896, 48.835583]}, "properties": {"numparc": 618, "etat de la localisation": "autre", "ID BDGEO": "377", "horodatage": "2023-05-05 14:44:30", "distance (en metres)": 3754.73, "station": "DENFERT-ROCHEREAU#", "marker-color": "#818181"}}, {"type": "Feature", "geometry": {"type": "Point", "coordinates": [2.399262, 48.865932]}, "properties": {"numparc": 7362, "etat de la localisation": "autre", "ID BDGEO": "377", "horodatage": "2023-05-05 14:44:37", "distance (en metres)": 5952.78, "station": "DENFERT-ROCHEREAU#", "marker-color": "#818181"}}, {"type": "Feature", "geometry": {"type": "Point", "coordinates": [2.38297, 48.833969]}, "properties": {"numparc": 618, "etat de la localisation": "autre", "ID BDGEO": "377", "horodatage": "2023-05-05 14:45:51", "distance (en metres)": 3533.09, "station": "DENFERT-ROCHEREAU#", "marker-color": "#818181"}}, {"type": "Feature", "geometry": {"type": "Point", "coordinates": [2.354259, 48.831173]}, "properties": {"numparc": 7398, "etat de la localisation": "autre", "ID BDGEO": "377", "horodatage": "2023-05-05 14:46:19", "distance (en metres)": 1451.34, "station": "DENFERT-ROCHEREAU#", "marker-color": "#818181"}}, {"type": "Feature", "geometry": {"type": "Point", "coordinates": [2.398858, 48.86451]}, "properties": {"numparc": 7362, "etat de la localisation": "autre", "ID BDGEO": "377", "horodatage": "2023-05-05 14:47:18", "distance (en metres)": 5834.09, "station": "DENFERT-ROCHEREAU#", "marker-color": "#818181"}}, {"type": "Feature", "geometry": {"type": "Point", "coordinates": [2.379097, 48.831882]}, "properties": {"numparc": 618, "etat de la localisation": "autre", "ID BDGEO": "377", "horodatage": "2023-05-05 14:47:44", "distance (en metres)": 3253.11, "station": "DENFERT-ROCHEREAU#", "marker-color": "#818181"}}, {"type": "Feature", "geometry": {"type": "Point", "coordinates": [2.349114, 48.829845]}, "properties": {"numparc": 7398, "etat de la localisation": "autre", "ID BDGEO": "377", "horodatage": "2023-05-05 14:47:54", "distance (en metres)": 1124.16, "station": "DENFERT-ROCHEREAU#", "marker-color": "#818181"}}, {"type": "Feature", "geometry": {"type": "Point", "coordinates": [2.375776, 48.830055]}, "properties": {"numparc": 618, "etat de la localisation": "autre", "ID BDGEO": "377", "horodatage": "2023-05-05 14:48:55", "distance (en metres)": 3028.24, "station": "DENFERT-ROCHEREAU#", "marker-color": "#818181"}}, {"type": "Feature", "geometry": {"type": "Point", "coordinates": [2.400334, 48.861385]}, "properties": {"numparc": 7362, "etat de la localisation": "autre", "ID BDGEO": "377", "horodatage": "2023-05-05 14:49:22", "distance (en metres)": 5725.11, "station": "DENFERT-ROCHEREAU#", "marker-color": "#818181"}}, {"type": "Feature", "geometry": {"type": "Point", "coordinates": [2.344104, 48.831181]}, "properties": {"numparc": 7398, "etat de la localisation": "autre", "ID BDGEO": "377", "horodatage": "2023-05-05 14:49:44", "distance (en metres)": 728.81, "station": "DENFERT-ROCHEREAU#", "marker-color": "#818181"}}, {"type": "Feature", "geometry": {"type": "Point", "coordinates": [2.407087, 48.850334]}, "properties": {"numparc": 7386, "etat de la localisation": "autre", "ID BDGEO": "343", "horodatage": "2023-05-05 14:50:05", "distance (en metres)": 92.29, "station": "LAGNY ENTREE#", "marker-color": "#818181"}}, {"type": "Feature", "geometry": {"type": "Point", "coordinates": [2.402386, 48.858932]}, "properties": {"numparc": 7362, "etat de la localisation": "autre", "ID BDGEO": "377", "horodatage": "2023-05-05 14:50:41", "distance (en metres)": 5711.1, "station": "DENFERT-ROCHEREAU#", "marker-color": "#818181"}}, {"type": "Feature", "geometry": {"type": "Point", "coordinates": [2.370502, 48.827625]}, "properties": {"numparc": 618, "etat de la localisation": "autre", "ID BDGEO": "377", "horodatage": "2023-05-05 14:51:04", "distance (en metres)": 2696.25, "station": "DENFERT-ROCHEREAU#", "marker-color": "#818181"}}, {"type": "Feature", "geometry": {"type": "Point", "coordinates": [2.367588, 48.827221]}, "properties": {"numparc": 618, "etat de la localisation": "autre", "ID BDGEO": "377", "horodatage": "2023-05-05 14:51:48", "distance (en metres)": 2501.39, "station": "DENFERT-ROCHEREAU#", "marker-color": "#818181"}}, {"type": "Feature", "geometry": {"type": "Point", "coordinates": [2.405041, 48.855934]}, "properties": {"numparc": 7362, "etat de la localisation": "autre", "ID BDGEO": "377", "horodatage": "2023-05-05 14:52:49", "distance (en metres)": 5726.67, "station": "DENFERT-ROCHEREAU#", "marker-color": "#818181"}}, {"type": "Feature", "geometry": {"type": "Point", "coordinates": [2.364536, 48.826797]}, "properties": {"numparc": 618, "etat de la localisation": "autre", "ID BDGEO": "377", "horodatage": "2023-05-05 14:53:05", "distance (en metres)": 2301.73, "station": "DENFERT-ROCHEREAU#", "marker-color": "#818181"}}, {"type": "Feature", "geometry": {"type": "Point", "coordinates": [2.333782, 48.834049]}, "properties": {"numparc": 7398, "etat de la localisation": "autre", "ID BDGEO": "377", "horodatage": "2023-05-05 14:54:19", "distance (en metres)": 103.1, "station": "DENFERT-ROCHEREAU#", "marker-color": "#818181"}}, {"type": "Feature", "geometry": {"type": "Point", "coordinates": [2.360781, 48.826275]}, "properties": {"numparc": 618, "etat de la localisation": "autre", "ID BDGEO": "377", "horodatage": "2023-05-05 14:54:50", "distance (en metres)": 2064.31, "station": "DENFERT-ROCHEREAU#", "marker-color": "#818181"}}, {"type": "Feature", "geometry": {"type": "Point", "coordinates": [2.406138, 48.852264]}, "properties": {"numparc": 7362, "etat de la localisation": "autre", "ID BDGEO": "377", "horodatage": "2023-05-05 14:55:05", "distance (en metres)": 5634.42, "station": "DENFERT-ROCHEREAU#", "marker-color": "#818181"}}, {"type": "Feature", "geometry": {"type": "Point", "coordinates": [2.407838, 48.876572]}, "properties": {"numparc": 7393, "etat de la localisation": "autre", "ID BDGEO": "377", "horodatage": "2023-05-05 14:55:29", "distance (en metres)": 7191.86, "station": "DENFERT-ROCHEREAU#", "marker-color": "#818181"}}, {"type": "Feature", "geometry": {"type": "Point", "coordinates": [2.35903, 48.827579]}, "properties": {"numparc": 618, "etat de la localisation": "autre", "ID BDGEO": "377", "horodatage": "2023-05-05 14:55:47", "distance (en metres)": 1892.42, "station": "DENFERT-ROCHEREAU#", "marker-color": "#818181"}}, {"type": "Feature", "geometry": {"type": "Point", "coordinates": [2.356766, 48.83046]}, "properties": {"numparc": 618, "etat de la localisation": "autre", "ID BDGEO": "377", "horodatage": "2023-05-05 14:56:53", "distance (en metres)": 1646.2, "station": "DENFERT-ROCHEREAU#", "marker-color": "#818181"}}, {"type": "Feature", "geometry": {"type": "Point", "coordinates": [2.40637, 48.850174]}, "properties": {"numparc": 7362, "etat de la localisation": "autre", "ID BDGEO": "377", "horodatage": "2023-05-05 14:56:57", "distance (en metres)": 5567.93, "station": "DENFERT-ROCHEREAU#", "marker-color": "#818181"}}, {"type": "Feature", "geometry": {"type": "Point", "coordinates": [2.406328, 48.848095]}, "properties": {"numparc": 7362, "etat de la localisation": "autre", "ID BDGEO": "377", "horodatage": "2023-05-05 14:58:38", "distance (en metres)": 5491.76, "station": "DENFERT-ROCHEREAU#", "marker-color": "#818181"}}, {"type": "Feature", "geometry": {"type": "Point", "coordinates": [2.406362, 48.876656]}, "properties": {"numparc": 7393, "etat de la localisation": "autre", "ID BDGEO": "377", "horodatage": "2023-05-05 14:58:56", "distance (en metres)": 7118.19, "station": "DENFERT-ROCHEREAU#", "marker-color": "#818181"}}, {"type": "Feature", "geometry": {"type": "Point", "coordinates": [2.405625, 48.874809]}, "properties": {"numparc": 7393, "etat de la localisation": "autre", "ID BDGEO": "377", "horodatage": "2023-05-05 15:00:02", "distance (en metres)": 6940.62, "station": "DENFERT-ROCHEREAU#", "marker-color": "#818181"}}, {"type": "Feature", "geometry": {"type": "Point", "coordinates": [2.404686, 48.872517]}, "properties": {"numparc": 7393, "etat de la localisation": "autre", "ID BDGEO": "377", "horodatage": "2023-05-05 15:00:55", "distance (en metres)": 6721.59, "station": "DENFERT-ROCHEREAU#", "marker-color": "#818181"}}, {"type": "Feature", "geometry": {"type": "Point", "coordinates": [2.404686, 48.872517]}, "properties": {"numparc": 7393, "etat de la localisation": "autre", "ID BDGEO": "377", "horodatage": "2023-05-05 15:01:14", "distance (en metres)": 6721.59, "station": "DENFERT-ROCHEREAU#", "marker-color": "#818181"}}, {"type": "Feature", "geometry": {"type": "Point", "coordinates": [2.34393, 48.831211]}, "properties": {"numparc": 618, "etat de la localisation": "autre", "ID BDGEO": "377", "horodatage": "2023-05-05 15:01:41", "distance (en metres)": 715.67, "station": "DENFERT-ROCHEREAU#", "marker-color": "#818181"}}, {"type": "Feature", "geometry": {"type": "Point", "coordinates": [2.405627, 48.844418]}, "properties": {"numparc": 7362, "etat de la localisation": "autre", "ID BDGEO": "377", "horodatage": "2023-05-05 15:02:15", "distance (en metres)": 5334.11, "station": "DENFERT-ROCHEREAU#", "marker-color": "#818181"}}, {"type": "Feature", "geometry": {"type": "Point", "coordinates": [2.401262, 48.868206]}, "properties": {"numparc": 7393, "etat de la localisation": "autre", "ID BDGEO": "377", "horodatage": "2023-05-05 15:03:05", "distance (en metres)": 6223.68, "station": "DENFERT-ROCHEREAU#", "marker-color": "#818181"}}, {"type": "Feature", "geometry": {"type": "Point", "coordinates": [2.401262, 48.868206]}, "properties": {"numparc": 7393, "etat de la localisation": "autre", "ID BDGEO": "377", "horodatage": "2023-05-05 15:03:12", "distance (en metres)": 6223.68, "station": "DENFERT-ROCHEREAU#", "marker-color": "#818181"}}, {"type": "Feature", "geometry": {"type": "Point", "coordinates": [2.405077, 48.842461]}, "properties": {"numparc": 7362, "etat de la localisation": "autre", "ID BDGEO": "377", "horodatage": "2023-05-05 15:03:32", "distance (en metres)": 5248.74, "station": "DENFERT-ROCHEREAU#", "marker-color": "#818181"}}, {"type": "Feature", "geometry": {"type": "Point", "coordinates": [2.333711, 48.834106]}, "properties": {"numparc": 618, "etat de la localisation": "autre", "ID BDGEO": "377", "horodatage": "2023-05-05 15:04:12", "distance (en metres)": 111.31, "station": "DENFERT-ROCHEREAU#", "marker-color": "#818181"}}, {"type": "Feature", "geometry": {"type": "Point", "coordinates": [2.399297, 48.865963]}, "properties": {"numparc": 7393, "etat de la localisation": "autre", "ID BDGEO": "377", "horodatage": "2023-05-05 15:04:38", "distance (en metres)": 5956.88, "station": "DENFERT-ROCHEREAU#", "marker-color": "#818181"}}, {"type": "Feature", "geometry": {"type": "Point", "coordinates": [2.404042, 48.83979]}, "properties": {"numparc": 7362, "etat de la localisation": "autre", "ID BDGEO": "377", "horodatage": "2023-05-05 15:05:23", "distance (en metres)": 5124.73, "station": "DENFERT-ROCHEREAU#", "marker-color": "#818181"}}, {"type": "Feature", "geometry": {"type": "Point", "coordinates": [2.398885, 48.864635]}, "properties": {"numparc": 7393, "etat de la localisation": "autre", "ID BDGEO": "377", "horodatage": "2023-05-05 15:05:55", "distance (en metres)": 5843.99, "station": "DENFERT-ROCHEREAU#", "marker-color": "#818181"}}, {"type": "Feature", "geometry": {"type": "Point", "coordinates": [2.400324, 48.861561]}, "properties": {"numparc": 7393, "etat de la localisation": "autre", "ID BDGEO": "377", "horodatage": "2023-05-05 15:07:37", "distance (en metres)": 5735.15, "station": "DENFERT-ROCHEREAU#", "marker-color": "#818181"}}, {"type": "Feature", "geometry": {"type": "Point", "coordinates": [2.399476, 48.839668]}, "properties": {"numparc": 7362, "etat de la localisation": "autre", "ID BDGEO": "377", "horodatage": "2023-05-05 15:07:51", "distance (en metres)": 4792.05, "station": "DENFERT-ROCHEREAU#", "marker-color": "#818181"}}, {"type": "Feature", "geometry": {"type": "Point", "coordinates": [2.334475, 48.833527]}, "properties": {"numparc": 618, "etat de la localisation": "autre", "ID BDGEO": "348", "horodatage": "2023-05-05 15:08:11", "distance (en metres)": 40.2, "station": "DENFERT-ROCHEREAU", "marker-color": "#818181"}}, {"type": "Feature", "geometry": {"type": "Point", "coordinates": [2.39675, 48.839642]}, "properties": {"numparc": 7362, "etat de la localisation": "autre", "ID BDGEO": "377", "horodatage": "2023-05-05 15:09:17", "distance (en metres)": 4594.33, "station": "DENFERT-ROCHEREAU#", "marker-color": "#818181"}}, {"type": "Feature", "geometry": {"type": "Point", "coordinates": [2.402344, 48.859066]}, "properties": {"numparc": 7393, "etat de la localisation": "autre", "ID BDGEO": "377", "horodatage": "2023-05-05 15:09:21", "distance (en metres)": 5715.84, "station": "DENFERT-ROCHEREAU#", "marker-color": "#818181"}}, {"type": "Feature", "geometry": {"type": "Point", "coordinates": [2.404915, 48.856079]}, "properties": {"numparc": 7393, "etat de la localisation": "autre", "ID BDGEO": "377", "horodatage": "2023-05-05 15:11:19", "distance (en metres)": 5725.48, "station": "DENFERT-ROCHEREAU#", "marker-color": "#818181"}}, {"type": "Feature", "geometry": {"type": "Point", "coordinates": [2.393908, 48.83902]}, "properties": {"numparc": 7362, "etat de la localisation": "autre", "ID BDGEO": "377", "horodatage": "2023-05-05 15:11:23", "distance (en metres)": 4378.4, "station": "DENFERT-ROCHEREAU#", "marker-color": "#818181"}}, {"type": "Feature", "geometry": {"type": "Point", "coordinates": [2.407185, 48.850185]}, "properties": {"numparc": 7364, "etat de la localisation": "autre", "ID BDGEO": "229", "horodatage": "2023-05-05 15:12:50", "distance (en metres)": 56.31, "station": "LA PLAINE", "marker-color": "#818181"}}, {"type": "Feature", "geometry": {"type": "Point", "coordinates": [2.406079, 48.85239]}, "properties": {"numparc": 7393, "etat de la localisation": "autre", "ID BDGEO": "377", "horodatage": "2023-05-05 15:13:52", "distance (en metres)": 5635.66, "station": "DENFERT-ROCHEREAU#", "marker-color": "#818181"}}, {"type": "Feature", "geometry": {"type": "Point", "coordinates": [2.390679, 48.837231]}, "properties": {"numparc": 7362, "etat de la localisation": "autre", "ID BDGEO": "377", "horodatage": "2023-05-05 15:14:50", "distance (en metres)": 4119.18, "station": "DENFERT-ROCHEREAU#", "marker-color": "#818181"}}, {"type": "Feature", "geometry": {"type": "Point", "coordinates": [2.406348, 48.850281]}, "properties": {"numparc": 7393, "etat de la localisation": "autre", "ID BDGEO": "377", "horodatage": "2023-05-05 15:15:35", "distance (en metres)": 5570.42, "station": "DENFERT-ROCHEREAU#", "marker-color": "#818181"}}, {"type": "Feature", "geometry": {"type": "Point", "coordinates": [2.38611, 48.835613]}, "properties": {"numparc": 7362, "etat de la localisation": "autre", "ID BDGEO": "377", "horodatage": "2023-05-05 15:16:12", "distance (en metres)": 3770.59, "station": "DENFERT-ROCHEREAU#", "marker-color": "#818181"}}, {"type": "Feature", "geometry": {"type": "Point", "coordinates": [2.406268, 48.848026]}, "properties": {"numparc": 7393, "etat de la localisation": "autre", "ID BDGEO": "377", "horodatage": "2023-05-05 15:17:18", "distance (en metres)": 5485.29, "station": "DENFERT-ROCHEREAU#", "marker-color": "#818181"}}, {"type": "Feature", "geometry": {"type": "Point", "coordinates": [2.383245, 48.834042]}, "properties": {"numparc": 7362, "etat de la localisation": "autre", "ID BDGEO": "377", "horodatage": "2023-05-05 15:17:37", "distance (en metres)": 3553.37, "station": "DENFERT-ROCHEREAU#", "marker-color": "#818181"}}, {"type": "Feature", "geometry": {"type": "Point", "coordinates": [2.379085, 48.831924]}, "properties": {"numparc": 7374, "etat de la localisation": "autre", "ID BDGEO": "141", "horodatage": "2023-05-05 15:18:18", "distance (en metres)": 319.81, "station": "BIBLIOTHEQUE CHEVALERET", "marker-color": "#818181"}}, {"type": "Feature", "geometry": {"type": "Point", "coordinates": [2.405646, 48.844532]}, "properties": {"numparc": 7393, "etat de la localisation": "autre", "ID BDGEO": "377", "horodatage": "2023-05-05 15:20:24", "distance (en metres)": 5338.41, "station": "DENFERT-ROCHEREAU#", "marker-color": "#818181"}}, {"type": "Feature", "geometry": {"type": "Point", "coordinates": [2.379306, 48.831924]}, "properties": {"numparc": 7362, "etat de la localisation": "autre", "ID BDGEO": "377", "horodatage": "2023-05-05 15:20:40", "distance (en metres)": 3268.16, "station": "DENFERT-ROCHEREAU#", "marker-color": "#818181"}}, {"type": "Feature", "geometry": {"type": "Point", "coordinates": [2.38276, 48.83387]}, "properties": {"numparc": 7374, "etat de la localisation": "autre", "ID BDGEO": "141", "horodatage": "2023-05-05 15:20:49", "distance (en metres)": 664.93, "station": "BIBLIOTHEQUE CHEVALERET", "marker-color": "#818181"}}, {"type": "Feature", "geometry": {"type": "Point", "coordinates": [2.405112, 48.842606]}, "properties": {"numparc": 7393, "etat de la localisation": "autre", "ID BDGEO": "377", "horodatage": "2023-05-05 15:21:23", "distance (en metres)": 5254.39, "station": "DENFERT-ROCHEREAU#", "marker-color": "#818181"}}, {"type": "Feature", "geometry": {"type": "Point", "coordinates": [2.375936, 48.830044]}, "properties": {"numparc": 7362, "etat de la localisation": "autre", "ID BDGEO": "377", "horodatage": "2023-05-05 15:22:14", "distance (en metres)": 3040.02, "station": "DENFERT-ROCHEREAU#", "marker-color": "#818181"}}, {"type": "Feature", "geometry": {"type": "Point", "coordinates": [2.385614, 48.835423]}, "properties": {"numparc": 7374, "etat de la localisation": "autre", "ID BDGEO": "141", "horodatage": "2023-05-05 15:22:23", "distance (en metres)": 935.93, "station": "BIBLIOTHEQUE CHEVALERET", "marker-color": "#818181"}}, {"type": "Feature", "geometry": {"type": "Point", "coordinates": [2.404053, 48.83987]}, "properties": {"numparc": 7393, "etat de la localisation": "autre", "ID BDGEO": "377", "horodatage": "2023-05-05 15:22:44", "distance (en metres)": 5126.77, "station": "DENFERT-ROCHEREAU#", "marker-color": "#818181"}}, {"type": "Feature", "geometry": {"type": "Point", "coordinates": [2.390459, 48.837032]}, "properties": {"numparc": 7374, "etat de la localisation": "autre", "ID BDGEO": "141", "horodatage": "2023-05-05 15:24:03", "distance (en metres)": 1326.27, "station": "BIBLIOTHEQUE CHEVALERET", "marker-color": "#818181"}}, {"type": "Feature", "geometry": {"type": "Point", "coordinates": [2.370682, 48.827583]}, "properties": {"numparc": 7362, "etat de la localisation": "autre", "ID BDGEO": "377", "horodatage": "2023-05-05 15:24:41", "distance (en metres)": 2710.16, "station": "DENFERT-ROCHEREAU#", "marker-color": "#818181"}}, {"type": "Feature", "geometry": {"type": "Point", "coordinates": [2.399527, 48.839752]}, "properties": {"numparc": 7393, "etat de la localisation": "autre", "ID BDGEO": "377", "horodatage": "2023-05-05 15:25:11", "distance (en metres)": 4797.12, "station": "DENFERT-ROCHEREAU#", "marker-color": "#818181"}}, {"type": "Feature", "geometry": {"type": "Point", "coordinates": [2.367829, 48.827171]}, "properties": {"numparc": 7362, "etat de la localisation": "autre", "ID BDGEO": "377", "horodatage": "2023-05-05 15:25:59", "distance (en metres)": 2519.87, "station": "DENFERT-ROCHEREAU#", "marker-color": "#818181"}}, {"type": "Feature", "geometry": {"type": "Point", "coordinates": [2.396867, 48.839737]}, "properties": {"numparc": 7393, "etat de la localisation": "autre", "ID BDGEO": "377", "horodatage": "2023-05-05 15:26:33", "distance (en metres)": 4604.42, "station": "DENFERT-ROCHEREAU#", "marker-color": "#818181"}}, {"type": "Feature", "geometry": {"type": "Point", "coordinates": [2.364718, 48.826717]}, "properties": {"numparc": 7362, "etat de la localisation": "autre", "ID BDGEO": "377", "horodatage": "2023-05-05 15:26:52", "distance (en metres)": 2317.18, "station": "DENFERT-ROCHEREAU#", "marker-color": "#818181"}}, {"type": "Feature", "geometry": {"type": "Point", "coordinates": [2.393511, 48.83886]}, "properties": {"numparc": 7374, "etat de la localisation": "autre", "ID BDGEO": "141", "horodatage": "2023-05-05 15:27:33", "distance (en metres)": 1626.61, "station": "BIBLIOTHEQUE CHEVALERET", "marker-color": "#818181"}}, {"type": "Feature", "geometry": {"type": "Point", "coordinates": [2.393511, 48.83886]}, "properties": {"numparc": 7374, "etat de la localisation": "autre", "ID BDGEO": "141", "horodatage": "2023-05-05 15:27:48", "distance (en metres)": 1626.61, "station": "BIBLIOTHEQUE CHEVALERET", "marker-color": "#818181"}}, {"type": "Feature", "geometry": {"type": "Point", "coordinates": [2.393511, 48.83886]}, "properties": {"numparc": 7374, "etat de la localisation": "autre", "ID BDGEO": "141", "horodatage": "2023-05-05 15:27:52", "distance (en metres)": 1626.61, "station": "BIBLIOTHEQUE CHEVALERET", "marker-color": "#818181"}}, {"type": "Feature", "geometry": {"type": "Point", "coordinates": [2.36097, 48.82621]}, "properties": {"numparc": 7362, "etat de la localisation": "autre", "ID BDGEO": "377", "horodatage": "2023-05-05 15:28:11", "distance (en metres)": 2079.85, "station": "DENFERT-ROCHEREAU#", "marker-color": "#818181"}}, {"type": "Feature", "geometry": {"type": "Point", "coordinates": [2.393971, 48.839062]}, "properties": {"numparc": 7393, "etat de la localisation": "autre", "ID BDGEO": "377", "horodatage": "2023-05-05 15:28:36", "distance (en metres)": 4383.64, "station": "DENFERT-ROCHEREAU#", "marker-color": "#818181"}}, {"type": "Feature", "geometry": {"type": "Point", "coordinates": [2.396837, 48.839478]}, "properties": {"numparc": 7374, "etat de la localisation": "autre", "ID BDGEO": "141", "horodatage": "2023-05-05 15:29:46", "distance (en metres)": 1864.68, "station": "BIBLIOTHEQUE CHEVALERET", "marker-color": "#818181"}}, {"type": "Feature", "geometry": {"type": "Point", "coordinates": [2.359129, 48.82753]}, "properties": {"numparc": 7362, "etat de la localisation": "autre", "ID BDGEO": "377", "horodatage": "2023-05-05 15:30:27", "distance (en metres)": 1901.11, "station": "DENFERT-ROCHEREAU#", "marker-color": "#818181"}}, {"type": "Feature", "geometry": {"type": "Point", "coordinates": [2.390752, 48.837318]}, "properties": {"numparc": 7393, "etat de la localisation": "autre", "ID BDGEO": "377", "horodatage": "2023-05-05 15:30:27", "distance (en metres)": 4125.53, "station": "DENFERT-ROCHEREAU#", "marker-color": "#818181"}}, {"type": "Feature", "geometry": {"type": "Point", "coordinates": [2.39921, 48.83955]}, "properties": {"numparc": 7374, "etat de la localisation": "autre", "ID BDGEO": "141", "horodatage": "2023-05-05 15:31:03", "distance (en metres)": 2015.0, "station": "BIBLIOTHEQUE CHEVALERET", "marker-color": "#818181"}}, {"type": "Feature", "geometry": {"type": "Point", "coordinates": [2.356781, 48.830395]}, "properties": {"numparc": 7362, "etat de la localisation": "autre", "ID BDGEO": "377", "horodatage": "2023-05-05 15:31:45", "distance (en metres)": 1648.71, "station": "DENFERT-ROCHEREAU#", "marker-color": "#818181"}}, {"type": "Feature", "geometry": {"type": "Point", "coordinates": [2.385915, 48.835674]}, "properties": {"numparc": 7393, "etat de la localisation": "autre", "ID BDGEO": "377", "horodatage": "2023-05-05 15:32:42", "distance (en metres)": 3756.8, "station": "DENFERT-ROCHEREAU#", "marker-color": "#818181"}}, {"type": "Feature", "geometry": {"type": "Point", "coordinates": [2.403153, 48.839706]}, "properties": {"numparc": 7374, "etat de la localisation": "autre", "ID BDGEO": "141", "horodatage": "2023-05-05 15:33:13", "distance (en metres)": 2274.08, "station": "BIBLIOTHEQUE CHEVALERET", "marker-color": "#818181"}}, {"type": "Feature", "geometry": {"type": "Point", "coordinates": [2.383084, 48.834118]}, "properties": {"numparc": 7393, "etat de la localisation": "autre", "ID BDGEO": "377", "horodatage": "2023-05-05 15:33:59", "distance (en metres)": 3541.79, "station": "DENFERT-ROCHEREAU#", "marker-color": "#818181"}}, {"type": "Feature", "geometry": {"type": "Point", "coordinates": [2.354131, 48.831139]}, "properties": {"numparc": 7362, "etat de la localisation": "autre", "ID BDGEO": "377", "horodatage": "2023-05-05 15:34:23", "distance (en metres)": 1442.75, "station": "DENFERT-ROCHEREAU#", "marker-color": "#818181"}}, {"type": "Feature", "geometry": {"type": "Point", "coordinates": [2.404927, 48.842251]}, "properties": {"numparc": 7374, "etat de la localisation": "autre", "ID BDGEO": "141", "horodatage": "2023-05-05 15:35:12", "distance (en metres)": 2528.96, "station": "BIBLIOTHEQUE CHEVALERET", "marker-color": "#818181"}}, {"type": "Feature", "geometry": {"type": "Point", "coordinates": [2.37903, 48.831985]}, "properties": {"numparc": 7398, "etat de la localisation": "autre", "ID BDGEO": "141", "horodatage": "2023-05-05 15:35:49", "distance (en metres)": 321.21, "station": "BIBLIOTHEQUE CHEVALERET", "marker-color": "#818181"}}, {"type": "Feature", "geometry": {"type": "Point", "coordinates": [2.348926, 48.829845]}, "properties": {"numparc": 7362, "etat de la localisation": "autre", "ID BDGEO": "377", "horodatage": "2023-05-05 15:36:04", "distance (en metres)": 1111.27, "station": "DENFERT-ROCHEREAU#", "marker-color": "#818181"}}, {"type": "Feature", "geometry": {"type": "Point", "coordinates": [2.405704, 48.845062]}, "properties": {"numparc": 7374, "etat de la localisation": "autre", "ID BDGEO": "141", "horodatage": "2023-05-05 15:36:44", "distance (en metres)": 2754.34, "station": "BIBLIOTHEQUE CHEVALERET", "marker-color": "#818181"}}, {"type": "Feature", "geometry": {"type": "Point", "coordinates": [2.343979, 48.83123]}, "properties": {"numparc": 7362, "etat de la localisation": "autre", "ID BDGEO": "377", "horodatage": "2023-05-05 15:37:42", "distance (en metres)": 718.34, "station": "DENFERT-ROCHEREAU#", "marker-color": "#818181"}}, {"type": "Feature", "geometry": {"type": "Point", "coordinates": [2.382773, 48.833916]}, "properties": {"numparc": 7398, "etat de la localisation": "autre", "ID BDGEO": "141", "horodatage": "2023-05-05 15:37:48", "distance (en metres)": 668.91, "station": "BIBLIOTHEQUE CHEVALERET", "marker-color": "#818181"}}, {"type": "Feature", "geometry": {"type": "Point", "coordinates": [2.406467, 48.848083]}, "properties": {"numparc": 7374, "etat de la localisation": "autre", "ID BDGEO": "141", "horodatage": "2023-05-05 15:38:27", "distance (en metres)": 3011.21, "station": "BIBLIOTHEQUE CHEVALERET", "marker-color": "#818181"}}, {"type": "Feature", "geometry": {"type": "Point", "coordinates": [2.339154, 48.832569]}, "properties": {"numparc": 7362, "etat de la localisation": "autre", "ID BDGEO": "377", "horodatage": "2023-05-05 15:38:46", "distance (en metres)": 336.78, "station": "DENFERT-ROCHEREAU#", "marker-color": "#818181"}}, {"type": "Feature", "geometry": {"type": "Point", "coordinates": [2.385753, 48.835594]}, "properties": {"numparc": 7398, "etat de la localisation": "autre", "ID BDGEO": "141", "horodatage": "2023-05-05 15:39:24", "distance (en metres)": 955.96, "station": "BIBLIOTHEQUE CHEVALERET", "marker-color": "#818181"}}, {"type": "Feature", "geometry": {"type": "Point", "coordinates": [2.406266, 48.851128]}, "properties": {"numparc": 7374, "etat de la localisation": "autre", "ID BDGEO": "141", "horodatage": "2023-05-05 15:40:23", "distance (en metres)": 3236.07, "station": "BIBLIOTHEQUE CHEVALERET", "marker-color": "#818181"}}, {"type": "Feature", "geometry": {"type": "Point", "coordinates": [2.333808, 48.834099]}, "properties": {"numparc": 7362, "etat de la localisation": "autre", "ID BDGEO": "377", "horodatage": "2023-05-05 15:41:14", "distance (en metres)": 106.12, "station": "DENFERT-ROCHEREAU#", "marker-color": "#818181"}}, {"type": "Feature", "geometry": {"type": "Point", "coordinates": [2.406089, 48.85281]}, "properties": {"numparc": 7374, "etat de la localisation": "autre", "ID BDGEO": "141", "horodatage": "2023-05-05 15:42:03", "distance (en metres)": 3365.35, "station": "BIBLIOTHEQUE CHEVALERET", "marker-color": "#818181"}}, {"type": "Feature", "geometry": {"type": "Point", "coordinates": [2.390453, 48.837196]}, "properties": {"numparc": 7398, "etat de la localisation": "autre", "ID BDGEO": "141", "horodatage": "2023-05-05 15:42:40", "distance (en metres)": 1336.65, "station": "BIBLIOTHEQUE CHEVALERET", "marker-color": "#818181"}}, {"type": "Feature", "geometry": {"type": "Point", "coordinates": [2.393439, 48.838985]}, "properties": {"numparc": 7398, "etat de la localisation": "autre", "ID BDGEO": "141", "horodatage": "2023-05-05 15:44:00", "distance (en metres)": 1630.88, "station": "BIBLIOTHEQUE CHEVALERET", "marker-color": "#818181"}}, {"type": "Feature", "geometry": {"type": "Point", "coordinates": [2.404793, 48.856468]}, "properties": {"numparc": 7374, "etat de la localisation": "autre", "ID BDGEO": "141", "horodatage": "2023-05-05 15:45:07", "distance (en metres)": 3624.39, "station": "BIBLIOTHEQUE CHEVALERET", "marker-color": "#818181"}}, {"type": "Feature", "geometry": {"type": "Point", "coordinates": [2.396752, 48.839508]}, "properties": {"numparc": 7398, "etat de la localisation": "autre", "ID BDGEO": "141", "horodatage": "2023-05-05 15:45:31", "distance (en metres)": 1861.46, "station": "BIBLIOTHEQUE CHEVALERET", "marker-color": "#818181"}}, {"type": "Feature", "geometry": {"type": "Point", "coordinates": [2.399107, 48.839561]}, "properties": {"numparc": 7398, "etat de la localisation": "autre", "ID BDGEO": "141", "horodatage": "2023-05-05 15:46:44", "distance (en metres)": 2009.25, "station": "BIBLIOTHEQUE CHEVALERET", "marker-color": "#818181"}}, {"type": "Feature", "geometry": {"type": "Point", "coordinates": [2.401746, 48.859505]}, "properties": {"numparc": 7374, "etat de la localisation": "autre", "ID BDGEO": "141", "horodatage": "2023-05-05 15:47:11", "distance (en metres)": 3786.11, "station": "BIBLIOTHEQUE CHEVALERET", "marker-color": "#818181"}}, {"type": "Feature", "geometry": {"type": "Point", "coordinates": [2.403381, 48.839718]}, "properties": {"numparc": 7398, "etat de la localisation": "autre", "ID BDGEO": "141", "horodatage": "2023-05-05 15:48:21", "distance (en metres)": 2289.42, "station": "BIBLIOTHEQUE CHEVALERET", "marker-color": "#818181"}}, {"type": "Feature", "geometry": {"type": "Point", "coordinates": [2.400213, 48.862007]}, "properties": {"numparc": 7374, "etat de la localisation": "autre", "ID BDGEO": "141", "horodatage": "2023-05-05 15:48:45", "distance (en metres)": 3977.38, "station": "BIBLIOTHEQUE CHEVALERET", "marker-color": "#818181"}}, {"type": "Feature", "geometry": {"type": "Point", "coordinates": [2.404964, 48.842216]}, "properties": {"numparc": 7398, "etat de la localisation": "autre", "ID BDGEO": "141", "horodatage": "2023-05-05 15:49:50", "distance (en metres)": 2529.2, "station": "BIBLIOTHEQUE CHEVALERET", "marker-color": "#818181"}}, {"type": "Feature", "geometry": {"type": "Point", "coordinates": [2.398952, 48.864258]}, "properties": {"numparc": 7374, "etat de la localisation": "autre", "ID BDGEO": "141", "horodatage": "2023-05-05 15:49:52", "distance (en metres)": 4163.89, "station": "BIBLIOTHEQUE CHEVALERET", "marker-color": "#818181"}}, {"type": "Feature", "geometry": {"type": "Point", "coordinates": [2.40568, 48.845013]}, "properties": {"numparc": 7398, "etat de la localisation": "autre", "ID BDGEO": "141", "horodatage": "2023-05-05 15:50:53", "distance (en metres)": 2749.6, "station": "BIBLIOTHEQUE CHEVALERET", "marker-color": "#818181"}}, {"type": "Feature", "geometry": {"type": "Point", "coordinates": [2.399155, 48.865555]}, "properties": {"numparc": 7374, "etat de la localisation": "autre", "ID BDGEO": "141", "horodatage": "2023-05-05 15:52:18", "distance (en metres)": 4301.86, "station": "BIBLIOTHEQUE CHEVALERET", "marker-color": "#818181"}}, {"type": "Feature", "geometry": {"type": "Point", "coordinates": [2.406445, 48.848076]}, "properties": {"numparc": 7398, "etat de la localisation": "autre", "ID BDGEO": "141", "horodatage": "2023-05-05 15:52:43", "distance (en metres)": 3009.44, "station": "BIBLIOTHEQUE CHEVALERET", "marker-color": "#818181"}}, {"type": "Feature", "geometry": {"type": "Point", "coordinates": [2.406256, 48.851227]}, "properties": {"numparc": 7398, "etat de la localisation": "autre", "ID BDGEO": "141", "horodatage": "2023-05-05 15:53:39", "distance (en metres)": 3243.55, "station": "BIBLIOTHEQUE CHEVALERET", "marker-color": "#818181"}}, {"type": "Feature", "geometry": {"type": "Point", "coordinates": [2.401838, 48.868694]}, "properties": {"numparc": 7374, "etat de la localisation": "autre", "ID BDGEO": "141", "horodatage": "2023-05-05 15:54:12", "distance (en metres)": 4700.42, "station": "BIBLIOTHEQUE CHEVALERET", "marker-color": "#818181"}}, {"type": "Feature", "geometry": {"type": "Point", "coordinates": [2.379063, 48.831856]}, "properties": {"numparc": 7405, "etat de la localisation": "autre", "ID BDGEO": "141", "horodatage": "2023-05-05 15:54:40", "distance (en metres)": 313.66, "station": "BIBLIOTHEQUE CHEVALERET", "marker-color": "#818181"}}, {"type": "Feature", "geometry": {"type": "Point", "coordinates": [2.406058, 48.852818]}, "properties": {"numparc": 7398, "etat de la localisation": "autre", "ID BDGEO": "141", "horodatage": "2023-05-05 15:55:25", "distance (en metres)": 3364.49, "station": "BIBLIOTHEQUE CHEVALERET", "marker-color": "#818181"}}, {"type": "Feature", "geometry": {"type": "Point", "coordinates": [2.406058, 48.852818]}, "properties": {"numparc": 7398, "etat de la localisation": "autre", "ID BDGEO": "141", "horodatage": "2023-05-05 15:56:04", "distance (en metres)": 3364.49, "station": "BIBLIOTHEQUE CHEVALERET", "marker-color": "#818181"}}, {"type": "Feature", "geometry": {"type": "Point", "coordinates": [2.382857, 48.83387]}, "properties": {"numparc": 7405, "etat de la localisation": "autre", "ID BDGEO": "141", "horodatage": "2023-05-05 15:56:35", "distance (en metres)": 670.43, "station": "BIBLIOTHEQUE CHEVALERET", "marker-color": "#818181"}}, {"type": "Feature", "geometry": {"type": "Point", "coordinates": [2.385817, 48.835491]}, "properties": {"numparc": 7405, "etat de la localisation": "autre", "ID BDGEO": "141", "horodatage": "2023-05-05 15:58:06", "distance (en metres)": 952.26, "station": "BIBLIOTHEQUE CHEVALERET", "marker-color": "#818181"}}, {"type": "Feature", "geometry": {"type": "Point", "coordinates": [2.406054, 48.853039]}, "properties": {"numparc": 7358, "etat de la localisation": "autre", "ID BDGEO": "346", "horodatage": "2023-05-05 15:58:32", "distance (en metres)": 379.99, "station": "LAGNY SORTIE#", "marker-color": "#818181"}}, {"type": "Feature", "geometry": {"type": "Point", "coordinates": [2.404739, 48.856483]}, "properties": {"numparc": 7398, "etat de la localisation": "autre", "ID BDGEO": "141", "horodatage": "2023-05-05 15:59:01", "distance (en metres)": 3623.45, "station": "BIBLIOTHEQUE CHEVALERET", "marker-color": "#818181"}}, {"type": "Feature", "geometry": {"type": "Point", "coordinates": [2.404, 48.871159]}, "properties": {"numparc": 7374, "etat de la localisation": "autre", "ID BDGEO": "141", "horodatage": "2023-05-05 15:59:48", "distance (en metres)": 5015.16, "station": "BIBLIOTHEQUE CHEVALERET", "marker-color": "#818181"}}, {"type": "Feature", "geometry": {"type": "Point", "coordinates": [2.401722, 48.859497]}, "properties": {"numparc": 7398, "etat de la localisation": "autre", "ID BDGEO": "141", "horodatage": "2023-05-05 16:00:32", "distance (en metres)": 3784.49, "station": "BIBLIOTHEQUE CHEVALERET", "marker-color": "#818181"}}, {"type": "Feature", "geometry": {"type": "Point", "coordinates": [2.405376, 48.874123]}, "properties": {"numparc": 7374, "etat de la localisation": "autre", "ID BDGEO": "141", "horodatage": "2023-05-05 16:01:36", "distance (en metres)": 5357.1, "station": "BIBLIOTHEQUE CHEVALERET", "marker-color": "#818181"}}, {"type": "Feature", "geometry": {"type": "Point", "coordinates": [2.400105, 48.862137]}, "properties": {"numparc": 7398, "etat de la localisation": "autre", "ID BDGEO": "141", "horodatage": "2023-05-05 16:02:25", "distance (en metres)": 3986.72, "station": "BIBLIOTHEQUE CHEVALERET", "marker-color": "#818181"}}, {"type": "Feature", "geometry": {"type": "Point", "coordinates": [2.406469, 48.876701]}, "properties": {"numparc": 7374, "etat de la localisation": "autre", "ID BDGEO": "141", "horodatage": "2023-05-05 16:03:15", "distance (en metres)": 5651.82, "station": "BIBLIOTHEQUE CHEVALERET", "marker-color": "#818181"}}, {"type": "Feature", "geometry": {"type": "Point", "coordinates": [2.382883, 48.833981]}, "properties": {"numparc": 618, "etat de la localisation": "autre", "ID BDGEO": "141", "horodatage": "2023-05-05 16:03:16", "distance (en metres)": 679.72, "station": "BIBLIOTHEQUE CHEVALERET", "marker-color": "#818181"}}, {"type": "Feature", "geometry": {"type": "Point", "coordinates": [2.390316, 48.837013]}, "properties": {"numparc": 7405, "etat de la localisation": "autre", "ID BDGEO": "141", "horodatage": "2023-05-05 16:03:53", "distance (en metres)": 1316.54, "station": "BIBLIOTHEQUE CHEVALERET", "marker-color": "#818181"}}, {"type": "Feature", "geometry": {"type": "Point", "coordinates": [2.385902, 48.835636]}, "properties": {"numparc": 618, "etat de la localisation": "autre", "ID BDGEO": "141", "horodatage": "2023-05-05 16:04:03", "distance (en metres)": 967.31, "station": "BIBLIOTHEQUE CHEVALERET", "marker-color": "#818181"}}, {"type": "Feature", "geometry": {"type": "Point", "coordinates": [2.398926, 48.864159]}, "properties": {"numparc": 7398, "etat de la localisation": "autre", "ID BDGEO": "141", "horodatage": "2023-05-05 16:04:15", "distance (en metres)": 4153.05, "station": "BIBLIOTHEQUE CHEVALERET", "marker-color": "#818181"}}, {"type": "Feature", "geometry": {"type": "Point", "coordinates": [2.408534, 48.87711]}, "properties": {"numparc": 7374, "etat de la localisation": "autre", "ID BDGEO": "377", "horodatage": "2023-05-05 16:05:26", "distance (en metres)": 7269.69, "station": "DENFERT-ROCHEREAU#", "marker-color": "#818181"}}, {"type": "Feature", "geometry": {"type": "Point", "coordinates": [2.393432, 48.838776]}, "properties": {"numparc": 7405, "etat de la localisation": "autre", "ID BDGEO": "141", "horodatage": "2023-05-05 16:05:37", "distance (en metres)": 1616.38, "station": "BIBLIOTHEQUE CHEVALERET", "marker-color": "#818181"}}, {"type": "Feature", "geometry": {"type": "Point", "coordinates": [2.399179, 48.865574]}, "properties": {"numparc": 7398, "etat de la localisation": "autre", "ID BDGEO": "141", "horodatage": "2023-05-05 16:05:45", "distance (en metres)": 4304.51, "station": "BIBLIOTHEQUE CHEVALERET", "marker-color": "#818181"}}, {"type": "Feature", "geometry": {"type": "Point", "coordinates": [2.407851, 48.876617]}, "properties": {"numparc": 7374, "etat de la localisation": "autre", "ID BDGEO": "377", "horodatage": "2023-05-05 16:06:40", "distance (en metres)": 7195.96, "station": "DENFERT-ROCHEREAU#", "marker-color": "#818181"}}, {"type": "Feature", "geometry": {"type": "Point", "coordinates": [2.398901, 48.864353]}, "properties": {"numparc": 7358, "etat de la localisation": "autre", "ID BDGEO": "377", "horodatage": "2023-05-05 16:07:27", "distance (en metres)": 5826.32, "station": "DENFERT-ROCHEREAU#", "marker-color": "#818181"}}, {"type": "Feature", "geometry": {"type": "Point", "coordinates": [2.40187, 48.868706]}, "properties": {"numparc": 7398, "etat de la localisation": "autre", "ID BDGEO": "141", "horodatage": "2023-05-05 16:07:32", "distance (en metres)": 4702.54, "station": "BIBLIOTHEQUE CHEVALERET", "marker-color": "#818181"}}, {"type": "Feature", "geometry": {"type": "Point", "coordinates": [2.396877, 48.83939]}, "properties": {"numparc": 7405, "etat de la localisation": "autre", "ID BDGEO": "141", "horodatage": "2023-05-05 16:08:06", "distance (en metres)": 1861.66, "station": "BIBLIOTHEQUE CHEVALERET", "marker-color": "#818181"}}, {"type": "Feature", "geometry": {"type": "Point", "coordinates": [2.398971, 48.864269]}, "properties": {"numparc": 7358, "etat de la localisation": "autre", "ID BDGEO": "377", "horodatage": "2023-05-05 16:09:08", "distance (en metres)": 5824.94, "station": "DENFERT-ROCHEREAU#", "marker-color": "#818181"}}, {"type": "Feature", "geometry": {"type": "Point", "coordinates": [2.399234, 48.83942]}, "properties": {"numparc": 7405, "etat de la localisation": "autre", "ID BDGEO": "141", "horodatage": "2023-05-05 16:09:30", "distance (en metres)": 2008.99, "station": "BIBLIOTHEQUE CHEVALERET", "marker-color": "#818181"}}, {"type": "Feature", "geometry": {"type": "Point", "coordinates": [2.398971, 48.864269]}, "properties": {"numparc": 7358, "etat de la localisation": "autre", "ID BDGEO": "377", "horodatage": "2023-05-05 16:09:46", "distance (en metres)": 5824.94, "station": "DENFERT-ROCHEREAU#", "marker-color": "#818181"}}, {"type": "Feature", "geometry": {"type": "Point", "coordinates": [2.334085, 48.833664]}, "properties": {"numparc": 7393, "etat de la localisation": "autre", "ID BDGEO": "377", "horodatage": "2023-05-05 16:11:00", "distance (en metres)": 57.4, "station": "DENFERT-ROCHEREAU#", "marker-color": "#818181"}}, {"type": "Feature", "geometry": {"type": "Point", "coordinates": [2.403272, 48.83955]}, "properties": {"numparc": 7405, "etat de la localisation": "autre", "ID BDGEO": "141", "horodatage": "2023-05-05 16:11:11", "distance (en metres)": 2273.65, "station": "BIBLIOTHEQUE CHEVALERET", "marker-color": "#818181"}}, {"type": "Feature", "geometry": {"type": "Point", "coordinates": [2.400302, 48.861378]}, "properties": {"numparc": 7358, "etat de la localisation": "autre", "ID BDGEO": "377", "horodatage": "2023-05-05 16:11:25", "distance (en metres)": 5722.69, "station": "DENFERT-ROCHEREAU#", "marker-color": "#818181"}}, {"type": "Feature", "geometry": {"type": "Point", "coordinates": [2.407851, 48.876617]}, "properties": {"numparc": 7374, "etat de la localisation": "autre", "ID BDGEO": "377", "horodatage": "2023-05-05 16:11:35", "distance (en metres)": 7195.96, "station": "DENFERT-ROCHEREAU#", "marker-color": "#818181"}}, {"type": "Feature", "geometry": {"type": "Point", "coordinates": [2.393639, 48.838959]}, "properties": {"numparc": 618, "etat de la localisation": "autre", "ID BDGEO": "141", "horodatage": "2023-05-05 16:12:21", "distance (en metres)": 1640.73, "station": "BIBLIOTHEQUE CHEVALERET", "marker-color": "#818181"}}, {"type": "Feature", "geometry": {"type": "Point", "coordinates": [2.402431, 48.858913]}, "properties": {"numparc": 7358, "etat de la localisation": "autre", "ID BDGEO": "377", "horodatage": "2023-05-05 16:12:40", "distance (en metres)": 5712.91, "station": "DENFERT-ROCHEREAU#", "marker-color": "#818181"}}, {"type": "Feature", "geometry": {"type": "Point", "coordinates": [2.404994, 48.842251]}, "properties": {"numparc": 7405, "etat de la localisation": "autre", "ID BDGEO": "141", "horodatage": "2023-05-05 16:13:24", "distance (en metres)": 2533.09, "station": "BIBLIOTHEQUE CHEVALERET", "marker-color": "#818181"}}, {"type": "Feature", "geometry": {"type": "Point", "coordinates": [2.404042, 48.87122]}, "properties": {"numparc": 7398, "etat de la localisation": "autre", "ID BDGEO": "141", "horodatage": "2023-05-05 16:13:45", "distance (en metres)": 5022.61, "station": "BIBLIOTHEQUE CHEVALERET", "marker-color": "#818181"}}, {"type": "Feature", "geometry": {"type": "Point", "coordinates": [2.404054, 48.871231]}, "properties": {"numparc": 7398, "etat de la localisation": "autre", "ID BDGEO": "141", "horodatage": "2023-05-05 16:14:26", "distance (en metres)": 5024.13, "station": "BIBLIOTHEQUE CHEVALERET", "marker-color": "#818181"}}, {"type": "Feature", "geometry": {"type": "Point", "coordinates": [2.396947, 48.839558]}, "properties": {"numparc": 618, "etat de la localisation": "autre", "ID BDGEO": "141", "horodatage": "2023-05-05 16:14:34", "distance (en metres)": 1876.34, "station": "BIBLIOTHEQUE CHEVALERET", "marker-color": "#818181"}}, {"type": "Feature", "geometry": {"type": "Point", "coordinates": [2.405076, 48.855976]}, "properties": {"numparc": 7358, "etat de la localisation": "autre", "ID BDGEO": "377", "horodatage": "2023-05-05 16:15:08", "distance (en metres)": 5731.02, "station": "DENFERT-ROCHEREAU#", "marker-color": "#818181"}}, {"type": "Feature", "geometry": {"type": "Point", "coordinates": [2.40532, 48.874092]}, "properties": {"numparc": 7398, "etat de la localisation": "autre", "ID BDGEO": "141", "horodatage": "2023-05-05 16:15:34", "distance (en metres)": 5352.34, "station": "BIBLIOTHEQUE CHEVALERET", "marker-color": "#818181"}}, {"type": "Feature", "geometry": {"type": "Point", "coordinates": [2.405076, 48.855976]}, "properties": {"numparc": 7358, "etat de la localisation": "autre", "ID BDGEO": "377", "horodatage": "2023-05-05 16:15:39", "distance (en metres)": 5731.02, "station": "DENFERT-ROCHEREAU#", "marker-color": "#818181"}}, {"type": "Feature", "geometry": {"type": "Point", "coordinates": [2.399307, 48.839634]}, "properties": {"numparc": 618, "etat de la localisation": "autre", "ID BDGEO": "141", "horodatage": "2023-05-05 16:15:58", "distance (en metres)": 2025.94, "station": "BIBLIOTHEQUE CHEVALERET", "marker-color": "#818181"}}, {"type": "Feature", "geometry": {"type": "Point", "coordinates": [2.406335, 48.876625]}, "properties": {"numparc": 7374, "etat de la localisation": "autre", "ID BDGEO": "377", "horodatage": "2023-05-05 16:16:00", "distance (en metres)": 7114.45, "station": "DENFERT-ROCHEREAU#", "marker-color": "#818181"}}, {"type": "Feature", "geometry": {"type": "Point", "coordinates": [2.405788, 48.845051]}, "properties": {"numparc": 7405, "etat de la localisation": "autre", "ID BDGEO": "141", "horodatage": "2023-05-05 16:16:11", "distance (en metres)": 2758.46, "station": "BIBLIOTHEQUE CHEVALERET", "marker-color": "#818181"}}, {"type": "Feature", "geometry": {"type": "Point", "coordinates": [2.406341, 48.87664]}, "properties": {"numparc": 7398, "etat de la localisation": "autre", "ID BDGEO": "141", "horodatage": "2023-05-05 16:16:35", "distance (en metres)": 5641.88, "station": "BIBLIOTHEQUE CHEVALERET", "marker-color": "#818181"}}, {"type": "Feature", "geometry": {"type": "Point", "coordinates": [2.405646, 48.874775]}, "properties": {"numparc": 7374, "etat de la localisation": "autre", "ID BDGEO": "377", "horodatage": "2023-05-05 16:17:28", "distance (en metres)": 6939.24, "station": "DENFERT-ROCHEREAU#", "marker-color": "#818181"}}, {"type": "Feature", "geometry": {"type": "Point", "coordinates": [2.403411, 48.839806]}, "properties": {"numparc": 618, "etat de la localisation": "autre", "ID BDGEO": "141", "horodatage": "2023-05-05 16:17:38", "distance (en metres)": 2295.93, "station": "BIBLIOTHEQUE CHEVALERET", "marker-color": "#818181"}}, {"type": "Feature", "geometry": {"type": "Point", "coordinates": [2.406518, 48.848103]}, "properties": {"numparc": 7405, "etat de la localisation": "autre", "ID BDGEO": "141", "horodatage": "2023-05-05 16:18:01", "distance (en metres)": 3015.4, "station": "BIBLIOTHEQUE CHEVALERET", "marker-color": "#818181"}}, {"type": "Feature", "geometry": {"type": "Point", "coordinates": [2.406232, 48.852287]}, "properties": {"numparc": 7358, "etat de la localisation": "autre", "ID BDGEO": "377", "horodatage": "2023-05-05 16:18:10", "distance (en metres)": 5641.76, "station": "DENFERT-ROCHEREAU#", "marker-color": "#818181"}}, {"type": "Feature", "geometry": {"type": "Point", "coordinates": [2.40471, 48.872471]}, "properties": {"numparc": 7374, "etat de la localisation": "autre", "ID BDGEO": "377", "horodatage": "2023-05-05 16:18:29", "distance (en metres)": 6719.63, "station": "DENFERT-ROCHEREAU#", "marker-color": "#818181"}}, {"type": "Feature", "geometry": {"type": "Point", "coordinates": [2.404979, 48.842346]}, "properties": {"numparc": 618, "etat de la localisation": "autre", "ID BDGEO": "141", "horodatage": "2023-05-05 16:18:42", "distance (en metres)": 2537.85, "station": "BIBLIOTHEQUE CHEVALERET", "marker-color": "#818181"}}, {"type": "Feature", "geometry": {"type": "Point", "coordinates": [2.40844, 48.877094]}, "properties": {"numparc": 7398, "etat de la localisation": "autre", "ID BDGEO": "377", "horodatage": "2023-05-05 16:19:20", "distance (en metres)": 7263.45, "station": "DENFERT-ROCHEREAU#", "marker-color": "#818181"}}, {"type": "Feature", "geometry": {"type": "Point", "coordinates": [2.406485, 48.850204]}, "properties": {"numparc": 7358, "etat de la localisation": "autre", "ID BDGEO": "377", "horodatage": "2023-05-05 16:19:37", "distance (en metres)": 5577.01, "station": "DENFERT-ROCHEREAU#", "marker-color": "#818181"}}, {"type": "Feature", "geometry": {"type": "Point", "coordinates": [2.406317, 48.850986]}, "properties": {"numparc": 7405, "etat de la localisation": "autre", "ID BDGEO": "141", "horodatage": "2023-05-05 16:20:02", "distance (en metres)": 3227.32, "station": "BIBLIOTHEQUE CHEVALERET", "marker-color": "#818181"}}, {"type": "Feature", "geometry": {"type": "Point", "coordinates": [2.406433, 48.848194]}, "properties": {"numparc": 618, "etat de la localisation": "autre", "ID BDGEO": "141", "horodatage": "2023-05-05 16:20:50", "distance (en metres)": 3017.56, "station": "BIBLIOTHEQUE CHEVALERET", "marker-color": "#818181"}}, {"type": "Feature", "geometry": {"type": "Point", "coordinates": [2.401291, 48.86829]}, "properties": {"numparc": 7374, "etat de la localisation": "autre", "ID BDGEO": "377", "horodatage": "2023-05-05 16:21:04", "distance (en metres)": 6231.14, "station": "DENFERT-ROCHEREAU#", "marker-color": "#818181"}}, {"type": "Feature", "geometry": {"type": "Point", "coordinates": [2.406409, 48.848019]}, "properties": {"numparc": 7358, "etat de la localisation": "autre", "ID BDGEO": "377", "horodatage": "2023-05-05 16:21:10", "distance (en metres)": 5494.9, "station": "DENFERT-ROCHEREAU#", "marker-color": "#818181"}}, {"type": "Feature", "geometry": {"type": "Point", "coordinates": [2.40602, 48.852818]}, "properties": {"numparc": 7405, "etat de la localisation": "autre", "ID BDGEO": "141", "horodatage": "2023-05-05 16:21:46", "distance (en metres)": 3362.65, "station": "BIBLIOTHEQUE CHEVALERET", "marker-color": "#818181"}}, {"type": "Feature", "geometry": {"type": "Point", "coordinates": [2.399322, 48.86599]}, "properties": {"numparc": 7374, "etat de la localisation": "autre", "ID BDGEO": "377", "horodatage": "2023-05-05 16:22:13", "distance (en metres)": 5960.14, "station": "DENFERT-ROCHEREAU#", "marker-color": "#818181"}}, {"type": "Feature", "geometry": {"type": "Point", "coordinates": [2.379243, 48.831917]}, "properties": {"numparc": 7362, "etat de la localisation": "autre", "ID BDGEO": "141", "horodatage": "2023-05-05 16:22:35", "distance (en metres)": 328.16, "station": "BIBLIOTHEQUE CHEVALERET", "marker-color": "#818181"}}, {"type": "Feature", "geometry": {"type": "Point", "coordinates": [2.40623, 48.851269]}, "properties": {"numparc": 618, "etat de la localisation": "autre", "ID BDGEO": "141", "horodatage": "2023-05-05 16:22:36", "distance (en metres)": 3245.64, "station": "BIBLIOTHEQUE CHEVALERET", "marker-color": "#818181"}}, {"type": "Feature", "geometry": {"type": "Point", "coordinates": [2.40565, 48.844433]}, "properties": {"numparc": 7358, "etat de la localisation": "autre", "ID BDGEO": "377", "horodatage": "2023-05-05 16:22:54", "distance (en metres)": 5336.13, "station": "DENFERT-ROCHEREAU#", "marker-color": "#818181"}}, {"type": "Feature", "geometry": {"type": "Point", "coordinates": [2.404779, 48.85619]}, "properties": {"numparc": 7405, "etat de la localisation": "autre", "ID BDGEO": "141", "horodatage": "2023-05-05 16:23:25", "distance (en metres)": 3598.76, "station": "BIBLIOTHEQUE CHEVALERET", "marker-color": "#818181"}}, {"type": "Feature", "geometry": {"type": "Point", "coordinates": [2.405949, 48.853027]}, "properties": {"numparc": 618, "etat de la localisation": "autre", "ID BDGEO": "141", "horodatage": "2023-05-05 16:23:31", "distance (en metres)": 3376.84, "station": "BIBLIOTHEQUE CHEVALERET", "marker-color": "#818181"}}, {"type": "Feature", "geometry": {"type": "Point", "coordinates": [2.405113, 48.842499]}, "properties": {"numparc": 7358, "etat de la localisation": "autre", "ID BDGEO": "377", "horodatage": "2023-05-05 16:23:54", "distance (en metres)": 5252.15, "station": "DENFERT-ROCHEREAU#", "marker-color": "#818181"}}, {"type": "Feature", "geometry": {"type": "Point", "coordinates": [2.39881, 48.86459]}, "properties": {"numparc": 7374, "etat de la localisation": "autre", "ID BDGEO": "377", "horodatage": "2023-05-05 16:23:58", "distance (en metres)": 5836.55, "station": "DENFERT-ROCHEREAU#", "marker-color": "#818181"}}, {"type": "Feature", "geometry": {"type": "Point", "coordinates": [2.379282, 48.831978]}, "properties": {"numparc": 7364, "etat de la localisation": "autre", "ID BDGEO": "141", "horodatage": "2023-05-05 16:24:07", "distance (en metres)": 334.67, "station": "BIBLIOTHEQUE CHEVALERET", "marker-color": "#818181"}}, {"type": "Feature", "geometry": {"type": "Point", "coordinates": [2.39888, 48.864502]}, "properties": {"numparc": 7374, "etat de la localisation": "autre", "ID BDGEO": "377", "horodatage": "2023-05-05 16:24:28", "distance (en metres)": 5834.87, "station": "DENFERT-ROCHEREAU#", "marker-color": "#818181"}}, {"type": "Feature", "geometry": {"type": "Point", "coordinates": [2.404667, 48.856491]}, "properties": {"numparc": 618, "etat de la localisation": "autre", "ID BDGEO": "141", "horodatage": "2023-05-05 16:24:42", "distance (en metres)": 3621.05, "station": "BIBLIOTHEQUE CHEVALERET", "marker-color": "#818181"}}, {"type": "Feature", "geometry": {"type": "Point", "coordinates": [2.382835, 48.833893]}, "properties": {"numparc": 7362, "etat de la localisation": "autre", "ID BDGEO": "141", "horodatage": "2023-05-05 16:24:48", "distance (en metres)": 670.78, "station": "BIBLIOTHEQUE CHEVALERET", "marker-color": "#818181"}}, {"type": "Feature", "geometry": {"type": "Point", "coordinates": [2.404672, 48.856491]}, "properties": {"numparc": 618, "etat de la localisation": "autre", "ID BDGEO": "141", "horodatage": "2023-05-05 16:24:52", "distance (en metres)": 3621.27, "station": "BIBLIOTHEQUE CHEVALERET", "marker-color": "#818181"}}, {"type": "Feature", "geometry": {"type": "Point", "coordinates": [2.401851, 48.85928]}, "properties": {"numparc": 7405, "etat de la localisation": "autre", "ID BDGEO": "141", "horodatage": "2023-05-05 16:25:05", "distance (en metres)": 3768.38, "station": "BIBLIOTHEQUE CHEVALERET", "marker-color": "#818181"}}, {"type": "Feature", "geometry": {"type": "Point", "coordinates": [2.404029, 48.839821]}, "properties": {"numparc": 7358, "etat de la localisation": "autre", "ID BDGEO": "377", "horodatage": "2023-05-05 16:25:42", "distance (en metres)": 5124.25, "station": "DENFERT-ROCHEREAU#", "marker-color": "#818181"}}, {"type": "Feature", "geometry": {"type": "Point", "coordinates": [2.407853, 48.876556]}, "properties": {"numparc": 7399, "etat de la localisation": "autre", "ID BDGEO": "377", "horodatage": "2023-05-05 16:25:42", "distance (en metres)": 7191.53, "station": "DENFERT-ROCHEREAU#", "marker-color": "#818181"}}, {"type": "Feature", "geometry": {"type": "Point", "coordinates": [2.382914, 48.833954]}, "properties": {"numparc": 7364, "etat de la localisation": "autre", "ID BDGEO": "141", "horodatage": "2023-05-05 16:26:07", "distance (en metres)": 679.57, "station": "BIBLIOTHEQUE CHEVALERET", "marker-color": "#818181"}}, {"type": "Feature", "geometry": {"type": "Point", "coordinates": [2.385794, 48.835575]}, "properties": {"numparc": 7362, "etat de la localisation": "autre", "ID BDGEO": "141", "horodatage": "2023-05-05 16:26:09", "distance (en metres)": 956.9, "station": "BIBLIOTHEQUE CHEVALERET", "marker-color": "#818181"}}, {"type": "Feature", "geometry": {"type": "Point", "coordinates": [2.401629, 48.859459]}, "properties": {"numparc": 618, "etat de la localisation": "autre", "ID BDGEO": "141", "horodatage": "2023-05-05 16:26:13", "distance (en metres)": 3777.41, "station": "BIBLIOTHEQUE CHEVALERET", "marker-color": "#818181"}}, {"type": "Feature", "geometry": {"type": "Point", "coordinates": [2.400311, 48.86179]}, "properties": {"numparc": 7405, "etat de la localisation": "autre", "ID BDGEO": "141", "horodatage": "2023-05-05 16:26:27", "distance (en metres)": 3959.05, "station": "BIBLIOTHEQUE CHEVALERET", "marker-color": "#818181"}}, {"type": "Feature", "geometry": {"type": "Point", "coordinates": [2.399442, 48.839733]}, "properties": {"numparc": 7358, "etat de la localisation": "autre", "ID BDGEO": "377", "horodatage": "2023-05-05 16:27:46", "distance (en metres)": 4790.64, "station": "DENFERT-ROCHEREAU#", "marker-color": "#818181"}}, {"type": "Feature", "geometry": {"type": "Point", "coordinates": [2.399057, 48.864029]}, "properties": {"numparc": 7405, "etat de la localisation": "autre", "ID BDGEO": "141", "horodatage": "2023-05-05 16:27:50", "distance (en metres)": 4143.82, "station": "BIBLIOTHEQUE CHEVALERET", "marker-color": "#818181"}}, {"type": "Feature", "geometry": {"type": "Point", "coordinates": [2.398991, 48.864204]}, "properties": {"numparc": 618, "etat de la localisation": "autre", "ID BDGEO": "141", "horodatage": "2023-05-05 16:27:52", "distance (en metres)": 4159.64, "station": "BIBLIOTHEQUE CHEVALERET", "marker-color": "#818181"}}, {"type": "Feature", "geometry": {"type": "Point", "coordinates": [2.38588, 48.835564]}, "properties": {"numparc": 7364, "etat de la localisation": "autre", "ID BDGEO": "141", "horodatage": "2023-05-05 16:28:23", "distance (en metres)": 960.93, "station": "BIBLIOTHEQUE CHEVALERET", "marker-color": "#818181"}}, {"type": "Feature", "geometry": {"type": "Point", "coordinates": [2.399057, 48.864029]}, "properties": {"numparc": 7405, "etat de la localisation": "autre", "ID BDGEO": "141", "horodatage": "2023-05-05 16:28:28", "distance (en metres)": 4143.82, "station": "BIBLIOTHEQUE CHEVALERET", "marker-color": "#818181"}}, {"type": "Feature", "geometry": {"type": "Point", "coordinates": [2.396705, 48.839706]}, "properties": {"numparc": 7358, "etat de la localisation": "autre", "ID BDGEO": "377", "horodatage": "2023-05-05 16:28:42", "distance (en metres)": 4592.17, "station": "DENFERT-ROCHEREAU#", "marker-color": "#818181"}}, {"type": "Feature", "geometry": {"type": "Point", "coordinates": [2.385915, 48.835579]}, "properties": {"numparc": 7364, "etat de la localisation": "autre", "ID BDGEO": "141", "horodatage": "2023-05-05 16:28:52", "distance (en metres)": 963.99, "station": "BIBLIOTHEQUE CHEVALERET", "marker-color": "#818181"}}, {"type": "Feature", "geometry": {"type": "Point", "coordinates": [2.398991, 48.864204]}, "properties": {"numparc": 618, "etat de la localisation": "autre", "ID BDGEO": "141", "horodatage": "2023-05-05 16:28:55", "distance (en metres)": 4159.64, "station": "BIBLIOTHEQUE CHEVALERET", "marker-color": "#818181"}}, {"type": "Feature", "geometry": {"type": "Point", "coordinates": [2.406386, 48.876709]}, "properties": {"numparc": 7399, "etat de la localisation": "autre", "ID BDGEO": "377", "horodatage": "2023-05-05 16:29:52", "distance (en metres)": 7123.49, "station": "DENFERT-ROCHEREAU#", "marker-color": "#818181"}}, {"type": "Feature", "geometry": {"type": "Point", "coordinates": [2.398867, 48.864338]}, "properties": {"numparc": 618, "etat de la localisation": "autre", "ID BDGEO": "141", "horodatage": "2023-05-05 16:29:53", "distance (en metres)": 4169.5, "station": "BIBLIOTHEQUE CHEVALERET", "marker-color": "#818181"}}, {"type": "Feature", "geometry": {"type": "Point", "coordinates": [2.393882, 48.839069]}, "properties": {"numparc": 7358, "etat de la localisation": "autre", "ID BDGEO": "377", "horodatage": "2023-05-05 16:30:08", "distance (en metres)": 4377.32, "station": "DENFERT-ROCHEREAU#", "marker-color": "#818181"}}, {"type": "Feature", "geometry": {"type": "Point", "coordinates": [2.402333, 48.859112]}, "properties": {"numparc": 7374, "etat de la localisation": "autre", "ID BDGEO": "377", "horodatage": "2023-05-05 16:30:36", "distance (en metres)": 5717.7, "station": "DENFERT-ROCHEREAU#", "marker-color": "#818181"}}, {"type": "Feature", "geometry": {"type": "Point", "coordinates": [2.399336, 48.865494]}, "properties": {"numparc": 7405, "etat de la localisation": "autre", "ID BDGEO": "141", "horodatage": "2023-05-05 16:30:57", "distance (en metres)": 4300.94, "station": "BIBLIOTHEQUE CHEVALERET", "marker-color": "#818181"}}, {"type": "Feature", "geometry": {"type": "Point", "coordinates": [2.399151, 48.865646]}, "properties": {"numparc": 618, "etat de la localisation": "autre", "ID BDGEO": "141", "horodatage": "2023-05-05 16:31:05", "distance (en metres)": 4311.1, "station": "BIBLIOTHEQUE CHEVALERET", "marker-color": "#818181"}}, {"type": "Feature", "geometry": {"type": "Point", "coordinates": [2.402333, 48.859112]}, "properties": {"numparc": 7374, "etat de la localisation": "autre", "ID BDGEO": "377", "horodatage": "2023-05-05 16:31:15", "distance (en metres)": 5717.7, "station": "DENFERT-ROCHEREAU#", "marker-color": "#818181"}}, {"type": "Feature", "geometry": {"type": "Point", "coordinates": [2.399151, 48.865646]}, "properties": {"numparc": 618, "etat de la localisation": "autre", "ID BDGEO": "141", "horodatage": "2023-05-05 16:31:20", "distance (en metres)": 4311.1, "station": "BIBLIOTHEQUE CHEVALERET", "marker-color": "#818181"}}, {"type": "Feature", "geometry": {"type": "Point", "coordinates": [2.405686, 48.874851]}, "properties": {"numparc": 7399, "etat de la localisation": "autre", "ID BDGEO": "377", "horodatage": "2023-05-05 16:31:34", "distance (en metres)": 6947.04, "station": "DENFERT-ROCHEREAU#", "marker-color": "#818181"}}, {"type": "Feature", "geometry": {"type": "Point", "coordinates": [2.390615, 48.837318]}, "properties": {"numparc": 7358, "etat de la localisation": "autre", "ID BDGEO": "377", "horodatage": "2023-05-05 16:32:24", "distance (en metres)": 4115.56, "station": "DENFERT-ROCHEREAU#", "marker-color": "#818181"}}, {"type": "Feature", "geometry": {"type": "Point", "coordinates": [2.404813, 48.872501]}, "properties": {"numparc": 7399, "etat de la localisation": "autre", "ID BDGEO": "377", "horodatage": "2023-05-05 16:32:40", "distance (en metres)": 6727.58, "station": "DENFERT-ROCHEREAU#", "marker-color": "#818181"}}, {"type": "Feature", "geometry": {"type": "Point", "coordinates": [2.401892, 48.868496]}, "properties": {"numparc": 7405, "etat de la localisation": "autre", "ID BDGEO": "141", "horodatage": "2023-05-05 16:32:55", "distance (en metres)": 4681.89, "station": "BIBLIOTHEQUE CHEVALERET", "marker-color": "#818181"}}, {"type": "Feature", "geometry": {"type": "Point", "coordinates": [2.401916, 48.868916]}, "properties": {"numparc": 618, "etat de la localisation": "autre", "ID BDGEO": "141", "horodatage": "2023-05-05 16:33:37", "distance (en metres)": 4725.22, "station": "BIBLIOTHEQUE CHEVALERET", "marker-color": "#818181"}}, {"type": "Feature", "geometry": {"type": "Point", "coordinates": [2.407737, 48.87661]}, "properties": {"numparc": 7398, "etat de la localisation": "autre", "ID BDGEO": "377", "horodatage": "2023-05-05 16:33:48", "distance (en metres)": 7189.19, "station": "DENFERT-ROCHEREAU#", "marker-color": "#818181"}}, {"type": "Feature", "geometry": {"type": "Point", "coordinates": [2.404916, 48.856289]}, "properties": {"numparc": 7374, "etat de la localisation": "autre", "ID BDGEO": "377", "horodatage": "2023-05-05 16:34:06", "distance (en metres)": 5735.87, "station": "DENFERT-ROCHEREAU#", "marker-color": "#818181"}}, {"type": "Feature", "geometry": {"type": "Point", "coordinates": [2.386002, 48.835758]}, "properties": {"numparc": 7358, "etat de la localisation": "autre", "ID BDGEO": "377", "horodatage": "2023-05-05 16:34:27", "distance (en metres)": 3763.81, "station": "DENFERT-ROCHEREAU#", "marker-color": "#818181"}}, {"type": "Feature", "geometry": {"type": "Point", "coordinates": [2.383058, 48.834225]}, "properties": {"numparc": 7358, "etat de la localisation": "autre", "ID BDGEO": "377", "horodatage": "2023-05-05 16:36:27", "distance (en metres)": 3540.19, "station": "DENFERT-ROCHEREAU#", "marker-color": "#818181"}}, {"type": "Feature", "geometry": {"type": "Point", "coordinates": [2.390708, 48.837082]}, "properties": {"numparc": 7364, "etat de la localisation": "autre", "ID BDGEO": "141", "horodatage": "2023-05-05 16:37:04", "distance (en metres)": 1344.29, "station": "BIBLIOTHEQUE CHEVALERET", "marker-color": "#818181"}}, {"type": "Feature", "geometry": {"type": "Point", "coordinates": [2.406119, 48.852596]}, "properties": {"numparc": 7374, "etat de la localisation": "autre", "ID BDGEO": "377", "horodatage": "2023-05-05 16:37:13", "distance (en metres)": 5647.0, "station": "DENFERT-ROCHEREAU#", "marker-color": "#818181"}}, {"type": "Feature", "geometry": {"type": "Point", "coordinates": [2.406369, 48.87677]}, "properties": {"numparc": 7398, "etat de la localisation": "autre", "ID BDGEO": "377", "horodatage": "2023-05-05 16:37:16", "distance (en metres)": 7127.18, "station": "DENFERT-ROCHEREAU#", "marker-color": "#818181"}}, {"type": "Feature", "geometry": {"type": "Point", "coordinates": [2.401467, 48.86837]}, "properties": {"numparc": 7399, "etat de la localisation": "autre", "ID BDGEO": "377", "horodatage": "2023-05-05 16:37:30", "distance (en metres)": 6246.78, "station": "DENFERT-ROCHEREAU#", "marker-color": "#818181"}}, {"type": "Feature", "geometry": {"type": "Point", "coordinates": [2.397011, 48.839504]}, "properties": {"numparc": 7362, "etat de la localisation": "autre", "ID BDGEO": "141", "horodatage": "2023-05-05 16:37:36", "distance (en metres)": 1876.9, "station": "BIBLIOTHEQUE CHEVALERET", "marker-color": "#818181"}}, {"type": "Feature", "geometry": {"type": "Point", "coordinates": [2.390845, 48.837124]}, "properties": {"numparc": 7364, "etat de la localisation": "autre", "ID BDGEO": "141", "horodatage": "2023-05-05 16:37:37", "distance (en metres)": 1355.17, "station": "BIBLIOTHEQUE CHEVALERET", "marker-color": "#818181"}}, {"type": "Feature", "geometry": {"type": "Point", "coordinates": [2.405663, 48.874908]}, "properties": {"numparc": 7398, "etat de la localisation": "autre", "ID BDGEO": "377", "horodatage": "2023-05-05 16:38:34", "distance (en metres)": 6950.02, "station": "DENFERT-ROCHEREAU#", "marker-color": "#818181"}}, {"type": "Feature", "geometry": {"type": "Point", "coordinates": [2.399328, 48.839565]}, "properties": {"numparc": 7362, "etat de la localisation": "autre", "ID BDGEO": "141", "horodatage": "2023-05-05 16:38:37", "distance (en metres)": 2023.24, "station": "BIBLIOTHEQUE CHEVALERET", "marker-color": "#818181"}}, {"type": "Feature", "geometry": {"type": "Point", "coordinates": [2.393741, 48.83894]}, "properties": {"numparc": 7364, "etat de la localisation": "autre", "ID BDGEO": "141", "horodatage": "2023-05-05 16:38:46", "distance (en metres)": 1645.41, "station": "BIBLIOTHEQUE CHEVALERET", "marker-color": "#818181"}}, {"type": "Feature", "geometry": {"type": "Point", "coordinates": [2.399405, 48.866016]}, "properties": {"numparc": 7399, "etat de la localisation": "autre", "ID BDGEO": "377", "horodatage": "2023-05-05 16:39:06", "distance (en metres)": 5966.76, "station": "DENFERT-ROCHEREAU#", "marker-color": "#818181"}}, {"type": "Feature", "geometry": {"type": "Point", "coordinates": [2.404703, 48.872498]}, "properties": {"numparc": 7398, "etat de la localisation": "autre", "ID BDGEO": "377", "horodatage": "2023-05-05 16:39:25", "distance (en metres)": 6721.16, "station": "DENFERT-ROCHEREAU#", "marker-color": "#818181"}}, {"type": "Feature", "geometry": {"type": "Point", "coordinates": [2.379181, 48.832073]}, "properties": {"numparc": 7358, "etat de la localisation": "autre", "ID BDGEO": "377", "horodatage": "2023-05-05 16:39:28", "distance (en metres)": 3258.24, "station": "DENFERT-ROCHEREAU#", "marker-color": "#818181"}}, {"type": "Feature", "geometry": {"type": "Point", "coordinates": [2.406127, 48.852577]}, "properties": {"numparc": 7374, "etat de la localisation": "autre", "ID BDGEO": "377", "horodatage": "2023-05-05 16:39:47", "distance (en metres)": 5646.73, "station": "DENFERT-ROCHEREAU#", "marker-color": "#818181"}}, {"type": "Feature", "geometry": {"type": "Point", "coordinates": [2.403403, 48.839729]}, "properties": {"numparc": 7362, "etat de la localisation": "autre", "ID BDGEO": "141", "horodatage": "2023-05-05 16:40:18", "distance (en metres)": 2291.43, "station": "BIBLIOTHEQUE CHEVALERET", "marker-color": "#818181"}}, {"type": "Feature", "geometry": {"type": "Point", "coordinates": [2.398933, 48.864704]}, "properties": {"numparc": 7399, "etat de la localisation": "autre", "ID BDGEO": "377", "horodatage": "2023-05-05 16:40:30", "distance (en metres)": 5851.35, "station": "DENFERT-ROCHEREAU#", "marker-color": "#818181"}}, {"type": "Feature", "geometry": {"type": "Point", "coordinates": [2.396953, 48.839512]}, "properties": {"numparc": 7364, "etat de la localisation": "autre", "ID BDGEO": "141", "horodatage": "2023-05-05 16:40:39", "distance (en metres)": 1873.86, "station": "BIBLIOTHEQUE CHEVALERET", "marker-color": "#818181"}}, {"type": "Feature", "geometry": {"type": "Point", "coordinates": [2.40397, 48.871174]}, "properties": {"numparc": 7405, "etat de la localisation": "autre", "ID BDGEO": "141", "horodatage": "2023-05-05 16:40:41", "distance (en metres)": 5015.8, "station": "BIBLIOTHEQUE CHEVALERET", "marker-color": "#818181"}}, {"type": "Feature", "geometry": {"type": "Point", "coordinates": [2.375825, 48.830238]}, "properties": {"numparc": 7358, "etat de la localisation": "autre", "ID BDGEO": "377", "horodatage": "2023-05-05 16:41:18", "distance (en metres)": 3029.39, "station": "DENFERT-ROCHEREAU#", "marker-color": "#818181"}}, {"type": "Feature", "geometry": {"type": "Point", "coordinates": [2.406378, 48.850506]}, "properties": {"numparc": 7374, "etat de la localisation": "autre", "ID BDGEO": "377", "horodatage": "2023-05-05 16:41:31", "distance (en metres)": 5580.98, "station": "DENFERT-ROCHEREAU#", "marker-color": "#818181"}}, {"type": "Feature", "geometry": {"type": "Point", "coordinates": [2.40405, 48.871449]}, "properties": {"numparc": 618, "etat de la localisation": "autre", "ID BDGEO": "141", "horodatage": "2023-05-05 16:41:44", "distance (en metres)": 5046.05, "station": "BIBLIOTHEQUE CHEVALERET", "marker-color": "#818181"}}, {"type": "Feature", "geometry": {"type": "Point", "coordinates": [2.401286, 48.868183]}, "properties": {"numparc": 7398, "etat de la localisation": "autre", "ID BDGEO": "377", "horodatage": "2023-05-05 16:42:04", "distance (en metres)": 6223.46, "station": "DENFERT-ROCHEREAU#", "marker-color": "#818181"}}, {"type": "Feature", "geometry": {"type": "Point", "coordinates": [2.404991, 48.842213]}, "properties": {"numparc": 7362, "etat de la localisation": "autre", "ID BDGEO": "141", "horodatage": "2023-05-05 16:42:10", "distance (en metres)": 2530.64, "station": "BIBLIOTHEQUE CHEVALERET", "marker-color": "#818181"}}, {"type": "Feature", "geometry": {"type": "Point", "coordinates": [2.400377, 48.861706]}, "properties": {"numparc": 7399, "etat de la localisation": "autre", "ID BDGEO": "377", "horodatage": "2023-05-05 16:42:34", "distance (en metres)": 5747.22, "station": "DENFERT-ROCHEREAU#", "marker-color": "#818181"}}, {"type": "Feature", "geometry": {"type": "Point", "coordinates": [2.405235, 48.874107]}, "properties": {"numparc": 7405, "etat de la localisation": "autre", "ID BDGEO": "141", "horodatage": "2023-05-05 16:42:36", "distance (en metres)": 5351.38, "station": "BIBLIOTHEQUE CHEVALERET", "marker-color": "#818181"}}, {"type": "Feature", "geometry": {"type": "Point", "coordinates": [2.403403, 48.839703]}, "properties": {"numparc": 7364, "etat de la localisation": "autre", "ID BDGEO": "141", "horodatage": "2023-05-05 16:42:59", "distance (en metres)": 2290.04, "station": "BIBLIOTHEQUE CHEVALERET", "marker-color": "#818181"}}, {"type": "Feature", "geometry": {"type": "Point", "coordinates": [2.399319, 48.865891]}, "properties": {"numparc": 7398, "etat de la localisation": "autre", "ID BDGEO": "377", "horodatage": "2023-05-05 16:43:00", "distance (en metres)": 5953.25, "station": "DENFERT-ROCHEREAU#", "marker-color": "#818181"}}, {"type": "Feature", "geometry": {"type": "Point", "coordinates": [2.406343, 48.848141]}, "properties": {"numparc": 7374, "etat de la localisation": "autre", "ID BDGEO": "377", "horodatage": "2023-05-05 16:43:02", "distance (en metres)": 5494.32, "station": "DENFERT-ROCHEREAU#", "marker-color": "#818181"}}, {"type": "Feature", "geometry": {"type": "Point", "coordinates": [2.405339, 48.874294]}, "properties": {"numparc": 618, "etat de la localisation": "autre", "ID BDGEO": "141", "horodatage": "2023-05-05 16:43:25", "distance (en metres)": 5373.47, "station": "BIBLIOTHEQUE CHEVALERET", "marker-color": "#818181"}}, {"type": "Feature", "geometry": {"type": "Point", "coordinates": [2.405726, 48.844955]}, "properties": {"numparc": 7362, "etat de la localisation": "autre", "ID BDGEO": "141", "horodatage": "2023-05-05 16:44:11", "distance (en metres)": 2748.45, "station": "BIBLIOTHEQUE CHEVALERET", "marker-color": "#818181"}}, {"type": "Feature", "geometry": {"type": "Point", "coordinates": [2.402399, 48.859135]}, "properties": {"numparc": 7399, "etat de la localisation": "autre", "ID BDGEO": "377", "horodatage": "2023-05-05 16:44:15", "distance (en metres)": 5723.16, "station": "DENFERT-ROCHEREAU#", "marker-color": "#818181"}}, {"type": "Feature", "geometry": {"type": "Point", "coordinates": [2.406332, 48.876766]}, "properties": {"numparc": 7405, "etat de la localisation": "autre", "ID BDGEO": "141", "horodatage": "2023-05-05 16:44:20", "distance (en metres)": 5654.46, "station": "BIBLIOTHEQUE CHEVALERET", "marker-color": "#818181"}}, {"type": "Feature", "geometry": {"type": "Point", "coordinates": [2.406347, 48.87669]}, "properties": {"numparc": 618, "etat de la localisation": "autre", "ID BDGEO": "141", "horodatage": "2023-05-05 16:44:27", "distance (en metres)": 5647.11, "station": "BIBLIOTHEQUE CHEVALERET", "marker-color": "#818181"}}, {"type": "Feature", "geometry": {"type": "Point", "coordinates": [2.370679, 48.827812]}, "properties": {"numparc": 7358, "etat de la localisation": "autre", "ID BDGEO": "377", "horodatage": "2023-05-05 16:44:36", "distance (en metres)": 2704.02, "station": "DENFERT-ROCHEREAU#", "marker-color": "#818181"}}, {"type": "Feature", "geometry": {"type": "Point", "coordinates": [2.398834, 48.864555]}, "properties": {"numparc": 7398, "etat de la localisation": "autre", "ID BDGEO": "377", "horodatage": "2023-05-05 16:45:30", "distance (en metres)": 5835.69, "station": "DENFERT-ROCHEREAU#", "marker-color": "#818181"}}, {"type": "Feature", "geometry": {"type": "Point", "coordinates": [2.367693, 48.827408]}, "properties": {"numparc": 7358, "etat de la localisation": "autre", "ID BDGEO": "377", "horodatage": "2023-05-05 16:45:45", "distance (en metres)": 2503.2, "station": "DENFERT-ROCHEREAU#", "marker-color": "#818181"}}, {"type": "Feature", "geometry": {"type": "Point", "coordinates": [2.406513, 48.848083]}, "properties": {"numparc": 7362, "etat de la localisation": "autre", "ID BDGEO": "141", "horodatage": "2023-05-05 16:45:53", "distance (en metres)": 3013.72, "station": "BIBLIOTHEQUE CHEVALERET", "marker-color": "#818181"}}, {"type": "Feature", "geometry": {"type": "Point", "coordinates": [2.405672, 48.845074]}, "properties": {"numparc": 7364, "etat de la localisation": "autre", "ID BDGEO": "141", "horodatage": "2023-05-05 16:46:52", "distance (en metres)": 2753.25, "station": "BIBLIOTHEQUE CHEVALERET", "marker-color": "#818181"}}, {"type": "Feature", "geometry": {"type": "Point", "coordinates": [2.406302, 48.851105]}, "properties": {"numparc": 7362, "etat de la localisation": "autre", "ID BDGEO": "141", "horodatage": "2023-05-05 16:47:04", "distance (en metres)": 3236.05, "station": "BIBLIOTHEQUE CHEVALERET", "marker-color": "#818181"}}, {"type": "Feature", "geometry": {"type": "Point", "coordinates": [2.364544, 48.826958]}, "properties": {"numparc": 7358, "etat de la localisation": "autre", "ID BDGEO": "377", "horodatage": "2023-05-05 16:47:08", "distance (en metres)": 2296.69, "station": "DENFERT-ROCHEREAU#", "marker-color": "#818181"}}, {"type": "Feature", "geometry": {"type": "Point", "coordinates": [2.40497, 48.856171]}, "properties": {"numparc": 7399, "etat de la localisation": "autre", "ID BDGEO": "377", "horodatage": "2023-05-05 16:47:09", "distance (en metres)": 5733.58, "station": "DENFERT-ROCHEREAU#", "marker-color": "#818181"}}, {"type": "Feature", "geometry": {"type": "Point", "coordinates": [2.408536, 48.877197]}, "properties": {"numparc": 7405, "etat de la localisation": "autre", "ID BDGEO": "377", "horodatage": "2023-05-05 16:47:21", "distance (en metres)": 7276.32, "station": "DENFERT-ROCHEREAU#", "marker-color": "#818181"}}, {"type": "Feature", "geometry": {"type": "Point", "coordinates": [2.405984, 48.852875]}, "properties": {"numparc": 7362, "etat de la localisation": "autre", "ID BDGEO": "141", "horodatage": "2023-05-05 16:48:23", "distance (en metres)": 3365.71, "station": "BIBLIOTHEQUE CHEVALERET", "marker-color": "#818181"}}, {"type": "Feature", "geometry": {"type": "Point", "coordinates": [2.400379, 48.861485]}, "properties": {"numparc": 7398, "etat de la localisation": "autre", "ID BDGEO": "377", "horodatage": "2023-05-05 16:48:44", "distance (en metres)": 5733.88, "station": "DENFERT-ROCHEREAU#", "marker-color": "#818181"}}, {"type": "Feature", "geometry": {"type": "Point", "coordinates": [2.360826, 48.826435]}, "properties": {"numparc": 7358, "etat de la localisation": "autre", "ID BDGEO": "377", "horodatage": "2023-05-05 16:48:45", "distance (en metres)": 2060.64, "station": "DENFERT-ROCHEREAU#", "marker-color": "#818181"}}, {"type": "Feature", "geometry": {"type": "Point", "coordinates": [2.406424, 48.848087]}, "properties": {"numparc": 7364, "etat de la localisation": "autre", "ID BDGEO": "141", "horodatage": "2023-05-05 16:48:51", "distance (en metres)": 3009.15, "station": "BIBLIOTHEQUE CHEVALERET", "marker-color": "#818181"}}, {"type": "Feature", "geometry": {"type": "Point", "coordinates": [2.406144, 48.852413]}, "properties": {"numparc": 7399, "etat de la localisation": "autre", "ID BDGEO": "377", "horodatage": "2023-05-05 16:49:02", "distance (en metres)": 5641.01, "station": "DENFERT-ROCHEREAU#", "marker-color": "#818181"}}, {"type": "Feature", "geometry": {"type": "Point", "coordinates": [2.379221, 48.83176]}, "properties": {"numparc": 7393, "etat de la localisation": "autre", "ID BDGEO": "141", "horodatage": "2023-05-05 16:49:09", "distance (en metres)": 316.25, "station": "BIBLIOTHEQUE CHEVALERET", "marker-color": "#818181"}}, {"type": "Feature", "geometry": {"type": "Point", "coordinates": [2.408335, 48.87735]}, "properties": {"numparc": 618, "etat de la localisation": "autre", "ID BDGEO": "377", "horodatage": "2023-05-05 16:49:52", "distance (en metres)": 7276.81, "station": "DENFERT-ROCHEREAU#", "marker-color": "#818181"}}, {"type": "Feature", "geometry": {"type": "Point", "coordinates": [2.405709, 48.844547]}, "properties": {"numparc": 7374, "etat de la localisation": "autre", "ID BDGEO": "377", "horodatage": "2023-05-05 16:49:56", "distance (en metres)": 5343.28, "station": "DENFERT-ROCHEREAU#", "marker-color": "#818181"}}, {"type": "Feature", "geometry": {"type": "Point", "coordinates": [2.404719, 48.856388]}, "properties": {"numparc": 7362, "etat de la localisation": "autre", "ID BDGEO": "361", "horodatage": "2023-05-05 16:50:22", "distance (en metres)": 2256.83, "station": "PORTE DES LILAS", "marker-color": "#818181"}}, {"type": "Feature", "geometry": {"type": "Point", "coordinates": [2.359063, 48.827606]}, "properties": {"numparc": 7358, "etat de la localisation": "autre", "ID BDGEO": "377", "horodatage": "2023-05-05 16:50:42", "distance (en metres)": 1893.68, "station": "DENFERT-ROCHEREAU#", "marker-color": "#818181"}}, {"type": "Feature", "geometry": {"type": "Point", "coordinates": [2.40236, 48.858971]}, "properties": {"numparc": 7398, "etat de la localisation": "autre", "ID BDGEO": "377", "horodatage": "2023-05-05 16:50:46", "distance (en metres)": 5711.57, "station": "DENFERT-ROCHEREAU#", "marker-color": "#818181"}}, {"type": "Feature", "geometry": {"type": "Point", "coordinates": [2.406327, 48.848057]}, "properties": {"numparc": 7399, "etat de la localisation": "autre", "ID BDGEO": "377", "horodatage": "2023-05-05 16:51:09", "distance (en metres)": 5490.43, "station": "DENFERT-ROCHEREAU#", "marker-color": "#818181"}}, {"type": "Feature", "geometry": {"type": "Point", "coordinates": [2.405108, 48.842518]}, "properties": {"numparc": 7374, "etat de la localisation": "autre", "ID BDGEO": "377", "horodatage": "2023-05-05 16:51:13", "distance (en metres)": 5252.2, "station": "DENFERT-ROCHEREAU#", "marker-color": "#818181"}}, {"type": "Feature", "geometry": {"type": "Point", "coordinates": [2.405941, 48.852921]}, "properties": {"numparc": 7364, "etat de la localisation": "autre", "ID BDGEO": "361", "horodatage": "2023-05-05 16:51:24", "distance (en metres)": 2634.37, "station": "PORTE DES LILAS", "marker-color": "#818181"}}, {"type": "Feature", "geometry": {"type": "Point", "coordinates": [2.382891, 48.833824]}, "properties": {"numparc": 7393, "etat de la localisation": "autre", "ID BDGEO": "141", "horodatage": "2023-05-05 16:51:25", "distance (en metres)": 669.16, "station": "BIBLIOTHEQUE CHEVALERET", "marker-color": "#818181"}}, {"type": "Feature", "geometry": {"type": "Point", "coordinates": [2.406324, 48.848049]}, "properties": {"numparc": 7399, "etat de la localisation": "autre", "ID BDGEO": "377", "horodatage": "2023-05-05 16:51:36", "distance (en metres)": 5489.96, "station": "DENFERT-ROCHEREAU#", "marker-color": "#818181"}}, {"type": "Feature", "geometry": {"type": "Point", "coordinates": [2.401703, 48.859497]}, "properties": {"numparc": 7362, "etat de la localisation": "autre", "ID BDGEO": "361", "horodatage": "2023-05-05 16:52:03", "distance (en metres)": 1952.21, "station": "PORTE DES LILAS", "marker-color": "#818181"}}, {"type": "Feature", "geometry": {"type": "Point", "coordinates": [2.404968, 48.856007]}, "properties": {"numparc": 7398, "etat de la localisation": "autre", "ID BDGEO": "377", "horodatage": "2023-05-05 16:52:33", "distance (en metres)": 5725.41, "station": "DENFERT-ROCHEREAU#", "marker-color": "#818181"}}, {"type": "Feature", "geometry": {"type": "Point", "coordinates": [2.3861, 48.835609]}, "properties": {"numparc": 7393, "etat de la localisation": "autre", "ID BDGEO": "141", "horodatage": "2023-05-05 16:52:51", "distance (en metres)": 976.62, "station": "BIBLIOTHEQUE CHEVALERET", "marker-color": "#818181"}}, {"type": "Feature", "geometry": {"type": "Point", "coordinates": [2.356645, 48.830372]}, "properties": {"numparc": 7358, "etat de la localisation": "autre", "ID BDGEO": "377", "horodatage": "2023-05-05 16:53:03", "distance (en metres)": 1639.47, "station": "DENFERT-ROCHEREAU#", "marker-color": "#818181"}}, {"type": "Feature", "geometry": {"type": "Point", "coordinates": [2.356611, 48.830406]}, "properties": {"numparc": 7358, "etat de la localisation": "autre", "ID BDGEO": "377", "horodatage": "2023-05-05 16:53:23", "distance (en metres)": 1636.26, "station": "DENFERT-ROCHEREAU#", "marker-color": "#818181"}}, {"type": "Feature", "geometry": {"type": "Point", "coordinates": [2.404056, 48.839886]}, "properties": {"numparc": 7374, "etat de la localisation": "autre", "ID BDGEO": "377", "horodatage": "2023-05-05 16:53:36", "distance (en metres)": 5127.24, "station": "DENFERT-ROCHEREAU#", "marker-color": "#818181"}}, {"type": "Feature", "geometry": {"type": "Point", "coordinates": [2.400138, 48.861996]}, "properties": {"numparc": 7362, "etat de la localisation": "autre", "ID BDGEO": "361", "horodatage": "2023-05-05 16:53:43", "distance (en metres)": 1717.37, "station": "PORTE DES LILAS", "marker-color": "#818181"}}, {"type": "Feature", "geometry": {"type": "Point", "coordinates": [2.405667, 48.844433]}, "properties": {"numparc": 7399, "etat de la localisation": "autre", "ID BDGEO": "377", "horodatage": "2023-05-05 16:53:56", "distance (en metres)": 5337.35, "station": "DENFERT-ROCHEREAU#", "marker-color": "#818181"}}, {"type": "Feature", "geometry": {"type": "Point", "coordinates": [2.405667, 48.844433]}, "properties": {"numparc": 7399, "etat de la localisation": "autre", "ID BDGEO": "377", "horodatage": "2023-05-05 16:54:02", "distance (en metres)": 5337.35, "station": "DENFERT-ROCHEREAU#", "marker-color": "#818181"}}, {"type": "Feature", "geometry": {"type": "Point", "coordinates": [2.390716, 48.837139]}, "properties": {"numparc": 7393, "etat de la localisation": "autre", "ID BDGEO": "141", "horodatage": "2023-05-05 16:54:28", "distance (en metres)": 1348.47, "station": "BIBLIOTHEQUE CHEVALERET", "marker-color": "#818181"}}, {"type": "Feature", "geometry": {"type": "Point", "coordinates": [2.390742, 48.837139]}, "properties": {"numparc": 7393, "etat de la localisation": "autre", "ID BDGEO": "141", "horodatage": "2023-05-05 16:54:47", "distance (en metres)": 1350.02, "station": "BIBLIOTHEQUE CHEVALERET", "marker-color": "#818181"}}, {"type": "Feature", "geometry": {"type": "Point", "coordinates": [2.398935, 48.864212]}, "properties": {"numparc": 7362, "etat de la localisation": "autre", "ID BDGEO": "354", "horodatage": "2023-05-05 16:54:56", "distance (en metres)": 42.45, "station": "GAMBETTA-PYRENEES", "marker-color": "#818181"}}, {"type": "Feature", "geometry": {"type": "Point", "coordinates": [2.406082, 48.85239]}, "properties": {"numparc": 7398, "etat de la localisation": "autre", "ID BDGEO": "377", "horodatage": "2023-05-05 16:55:29", "distance (en metres)": 5635.85, "station": "DENFERT-ROCHEREAU#", "marker-color": "#818181"}}, {"type": "Feature", "geometry": {"type": "Point", "coordinates": [2.354113, 48.8312]}, "properties": {"numparc": 7358, "etat de la localisation": "autre", "ID BDGEO": "377", "horodatage": "2023-05-05 16:55:43", "distance (en metres)": 1440.32, "station": "DENFERT-ROCHEREAU#", "marker-color": "#818181"}}, {"type": "Feature", "geometry": {"type": "Point", "coordinates": [2.401489, 48.859169]}, "properties": {"numparc": 7364, "etat de la localisation": "autre", "ID BDGEO": "361", "horodatage": "2023-05-05 16:55:48", "distance (en metres)": 1991.33, "station": "PORTE DES LILAS", "marker-color": "#818181"}}, {"type": "Feature", "geometry": {"type": "Point", "coordinates": [2.407824, 48.87669]}, "properties": {"numparc": 7405, "etat de la localisation": "autre", "ID BDGEO": "377", "horodatage": "2023-05-05 16:56:03", "distance (en metres)": 7199.88, "station": "DENFERT-ROCHEREAU#", "marker-color": "#818181"}}, {"type": "Feature", "geometry": {"type": "Point", "coordinates": [2.399485, 48.839741]}, "properties": {"numparc": 7374, "etat de la localisation": "autre", "ID BDGEO": "377", "horodatage": "2023-05-05 16:56:11", "distance (en metres)": 4793.89, "station": "DENFERT-ROCHEREAU#", "marker-color": "#818181"}}, {"type": "Feature", "geometry": {"type": "Point", "coordinates": [2.404158, 48.839813]}, "properties": {"numparc": 7399, "etat de la localisation": "autre", "ID BDGEO": "377", "horodatage": "2023-05-05 16:56:13", "distance (en metres)": 5133.5, "station": "DENFERT-ROCHEREAU#", "marker-color": "#818181"}}, {"type": "Feature", "geometry": {"type": "Point", "coordinates": [2.393589, 48.838882]}, "properties": {"numparc": 7393, "etat de la localisation": "autre", "ID BDGEO": "141", "horodatage": "2023-05-05 16:56:25", "distance (en metres)": 1632.7, "station": "BIBLIOTHEQUE CHEVALERET", "marker-color": "#818181"}}, {"type": "Feature", "geometry": {"type": "Point", "coordinates": [2.406327, 48.8503]}, "properties": {"numparc": 7398, "etat de la localisation": "autre", "ID BDGEO": "377", "horodatage": "2023-05-05 16:56:57", "distance (en metres)": 5569.69, "station": "DENFERT-ROCHEREAU#", "marker-color": "#818181"}}, {"type": "Feature", "geometry": {"type": "Point", "coordinates": [2.399546, 48.839748]}, "properties": {"numparc": 7399, "etat de la localisation": "autre", "ID BDGEO": "377", "horodatage": "2023-05-05 16:57:33", "distance (en metres)": 4798.42, "station": "DENFERT-ROCHEREAU#", "marker-color": "#818181"}}, {"type": "Feature", "geometry": {"type": "Point", "coordinates": [2.396981, 48.839676]}, "properties": {"numparc": 7374, "etat de la localisation": "autre", "ID BDGEO": "377", "horodatage": "2023-05-05 16:57:35", "distance (en metres)": 4611.62, "station": "DENFERT-ROCHEREAU#", "marker-color": "#818181"}}, {"type": "Feature", "geometry": {"type": "Point", "coordinates": [2.406336, 48.876743]}, "properties": {"numparc": 7405, "etat de la localisation": "autre", "ID BDGEO": "377", "horodatage": "2023-05-05 16:58:04", "distance (en metres)": 7123.39, "station": "DENFERT-ROCHEREAU#", "marker-color": "#818181"}}, {"type": "Feature", "geometry": {"type": "Point", "coordinates": [2.396981, 48.839676]}, "properties": {"numparc": 7374, "etat de la localisation": "autre", "ID BDGEO": "377", "horodatage": "2023-05-05 16:58:04", "distance (en metres)": 4611.62, "station": "DENFERT-ROCHEREAU#", "marker-color": "#818181"}}, {"type": "Feature", "geometry": {"type": "Point", "coordinates": [2.398951, 48.864319]}, "properties": {"numparc": 7362, "etat de la localisation": "autre", "ID BDGEO": "346", "horodatage": "2023-05-05 16:58:15", "distance (en metres)": 1729.14, "station": "LAGNY SORTIE#", "marker-color": "#818181"}}, {"type": "Feature", "geometry": {"type": "Point", "coordinates": [2.406313, 48.848106]}, "properties": {"numparc": 7398, "etat de la localisation": "autre", "ID BDGEO": "377", "horodatage": "2023-05-05 16:58:29", "distance (en metres)": 5491.09, "station": "DENFERT-ROCHEREAU#", "marker-color": "#818181"}}, {"type": "Feature", "geometry": {"type": "Point", "coordinates": [2.348896, 48.829861]}, "properties": {"numparc": 7358, "etat de la localisation": "autre", "ID BDGEO": "377", "horodatage": "2023-05-05 16:58:38", "distance (en metres)": 1108.61, "station": "DENFERT-ROCHEREAU#", "marker-color": "#818181"}}, {"type": "Feature", "geometry": {"type": "Point", "coordinates": [2.396781, 48.839394]}, "properties": {"numparc": 7393, "etat de la localisation": "autre", "ID BDGEO": "141", "horodatage": "2023-05-05 16:58:42", "distance (en metres)": 1856.06, "station": "BIBLIOTHEQUE CHEVALERET", "marker-color": "#818181"}}, {"type": "Feature", "geometry": {"type": "Point", "coordinates": [2.396876, 48.839718]}, "properties": {"numparc": 7399, "etat de la localisation": "autre", "ID BDGEO": "377", "horodatage": "2023-05-05 16:58:54", "distance (en metres)": 4604.74, "station": "DENFERT-ROCHEREAU#", "marker-color": "#818181"}}, {"type": "Feature", "geometry": {"type": "Point", "coordinates": [2.398786, 48.86414]}, "properties": {"numparc": 7364, "etat de la localisation": "autre", "ID BDGEO": "354", "horodatage": "2023-05-05 16:58:58", "distance (en metres)": 48.55, "station": "GAMBETTA-PYRENEES", "marker-color": "#818181"}}, {"type": "Feature", "geometry": {"type": "Point", "coordinates": [2.394057, 48.839077]}, "properties": {"numparc": 7374, "etat de la localisation": "autre", "ID BDGEO": "377", "horodatage": "2023-05-05 16:59:32", "distance (en metres)": 4390.11, "station": "DENFERT-ROCHEREAU#", "marker-color": "#818181"}}, {"type": "Feature", "geometry": {"type": "Point", "coordinates": [2.399058, 48.83942]}, "properties": {"numparc": 7393, "etat de la localisation": "autre", "ID BDGEO": "141", "horodatage": "2023-05-05 16:59:54", "distance (en metres)": 1997.99, "station": "BIBLIOTHEQUE CHEVALERET", "marker-color": "#818181"}}, {"type": "Feature", "geometry": {"type": "Point", "coordinates": [2.405667, 48.874866]}, "properties": {"numparc": 7405, "etat de la localisation": "autre", "ID BDGEO": "377", "horodatage": "2023-05-05 17:00:05", "distance (en metres)": 6947.14, "station": "DENFERT-ROCHEREAU#", "marker-color": "#818181"}}, {"type": "Feature", "geometry": {"type": "Point", "coordinates": [2.405626, 48.844563]}, "properties": {"numparc": 7398, "etat de la localisation": "autre", "ID BDGEO": "377", "horodatage": "2023-05-05 17:00:21", "distance (en metres)": 5337.77, "station": "DENFERT-ROCHEREAU#", "marker-color": "#818181"}}, {"type": "Feature", "geometry": {"type": "Point", "coordinates": [2.344024, 48.831329]}, "properties": {"numparc": 7358, "etat de la localisation": "autre", "ID BDGEO": "377", "horodatage": "2023-05-05 17:00:40", "distance (en metres)": 717.93, "station": "DENFERT-ROCHEREAU#", "marker-color": "#818181"}}, {"type": "Feature", "geometry": {"type": "Point", "coordinates": [2.394026, 48.839092]}, "properties": {"numparc": 7399, "etat de la localisation": "autre", "ID BDGEO": "377", "horodatage": "2023-05-05 17:00:47", "distance (en metres)": 4388.12, "station": "DENFERT-ROCHEREAU#", "marker-color": "#818181"}}, {"type": "Feature", "geometry": {"type": "Point", "coordinates": [2.405101, 48.842609]}, "properties": {"numparc": 7398, "etat de la localisation": "autre", "ID BDGEO": "377", "horodatage": "2023-05-05 17:01:12", "distance (en metres)": 5253.68, "station": "DENFERT-ROCHEREAU#", "marker-color": "#818181"}}, {"type": "Feature", "geometry": {"type": "Point", "coordinates": [2.404819, 48.872547]}, "properties": {"numparc": 7405, "etat de la localisation": "autre", "ID BDGEO": "377", "horodatage": "2023-05-05 17:01:33", "distance (en metres)": 6731.2, "station": "DENFERT-ROCHEREAU#", "marker-color": "#818181"}}, {"type": "Feature", "geometry": {"type": "Point", "coordinates": [2.403118, 48.839554]}, "properties": {"numparc": 7393, "etat de la localisation": "autre", "ID BDGEO": "141", "horodatage": "2023-05-05 17:01:37", "distance (en metres)": 2263.87, "station": "BIBLIOTHEQUE CHEVALERET", "marker-color": "#818181"}}, {"type": "Feature", "geometry": {"type": "Point", "coordinates": [2.390824, 48.837326]}, "properties": {"numparc": 7374, "etat de la localisation": "autre", "ID BDGEO": "377", "horodatage": "2023-05-05 17:01:49", "distance (en metres)": 4130.86, "station": "DENFERT-ROCHEREAU#", "marker-color": "#818181"}}, {"type": "Feature", "geometry": {"type": "Point", "coordinates": [2.407831, 48.87664]}, "properties": {"numparc": 618, "etat de la localisation": "autre", "ID BDGEO": "377", "horodatage": "2023-05-05 17:02:34", "distance (en metres)": 7196.57, "station": "DENFERT-ROCHEREAU#", "marker-color": "#818181"}}, {"type": "Feature", "geometry": {"type": "Point", "coordinates": [2.404107, 48.839813]}, "properties": {"numparc": 7398, "etat de la localisation": "autre", "ID BDGEO": "377", "horodatage": "2023-05-05 17:02:46", "distance (en metres)": 5129.8, "station": "DENFERT-ROCHEREAU#", "marker-color": "#818181"}}, {"type": "Feature", "geometry": {"type": "Point", "coordinates": [2.404892, 48.842152]}, "properties": {"numparc": 7393, "etat de la localisation": "autre", "ID BDGEO": "141", "horodatage": "2023-05-05 17:02:55", "distance (en metres)": 2520.89, "station": "BIBLIOTHEQUE CHEVALERET", "marker-color": "#818181"}}, {"type": "Feature", "geometry": {"type": "Point", "coordinates": [2.404107, 48.839813]}, "properties": {"numparc": 7398, "etat de la localisation": "autre", "ID BDGEO": "377", "horodatage": "2023-05-05 17:03:01", "distance (en metres)": 5129.8, "station": "DENFERT-ROCHEREAU#", "marker-color": "#818181"}}, {"type": "Feature", "geometry": {"type": "Point", "coordinates": [2.390774, 48.837261]}, "properties": {"numparc": 7399, "etat de la localisation": "autre", "ID BDGEO": "377", "horodatage": "2023-05-05 17:03:08", "distance (en metres)": 4126.46, "station": "DENFERT-ROCHEREAU#", "marker-color": "#818181"}}, {"type": "Feature", "geometry": {"type": "Point", "coordinates": [2.385914, 48.835636]}, "properties": {"numparc": 7374, "etat de la localisation": "autre", "ID BDGEO": "353", "horodatage": "2023-05-05 17:04:02", "distance (en metres)": 2227.02, "station": "PLACE D'ITALIE-CHOISY", "marker-color": "#818181"}}, {"type": "Feature", "geometry": {"type": "Point", "coordinates": [2.333999, 48.834465]}, "properties": {"numparc": 7358, "etat de la localisation": "Delocalise", "ID BDGEO": "377", "horodatage": "2023-05-05 17:04:03", "distance (en metres)": 134.32, "station": "DENFERT-ROCHEREAU#", "marker-color": "#FF565E"}}, {"type": "Feature", "geometry": {"type": "Point", "coordinates": [2.405684, 48.845001]}, "properties": {"numparc": 7393, "etat de la localisation": "autre", "ID BDGEO": "141", "horodatage": "2023-05-05 17:04:16", "distance (en metres)": 2749.07, "station": "BIBLIOTHEQUE CHEVALERET", "marker-color": "#818181"}}, {"type": "Feature", "geometry": {"type": "Point", "coordinates": [2.40129, 48.86813]}, "properties": {"numparc": 7405, "etat de la localisation": "autre", "ID BDGEO": "377", "horodatage": "2023-05-05 17:04:50", "distance (en metres)": 6220.0, "station": "DENFERT-ROCHEREAU#", "marker-color": "#818181"}}, {"type": "Feature", "geometry": {"type": "Point", "coordinates": [2.39955, 48.839699]}, "properties": {"numparc": 7398, "etat de la localisation": "autre", "ID BDGEO": "377", "horodatage": "2023-05-05 17:05:06", "distance (en metres)": 4797.9, "station": "DENFERT-ROCHEREAU#", "marker-color": "#818181"}}, {"type": "Feature", "geometry": {"type": "Point", "coordinates": [2.386278, 48.835724]}, "properties": {"numparc": 7399, "etat de la localisation": "autre", "ID BDGEO": "377", "horodatage": "2023-05-05 17:05:08", "distance (en metres)": 3783.68, "station": "DENFERT-ROCHEREAU#", "marker-color": "#818181"}}, {"type": "Feature", "geometry": {"type": "Point", "coordinates": [2.406383, 48.876678]}, "properties": {"numparc": 618, "etat de la localisation": "autre", "ID BDGEO": "377", "horodatage": "2023-05-05 17:05:50", "distance (en metres)": 7121.04, "station": "DENFERT-ROCHEREAU#", "marker-color": "#818181"}}, {"type": "Feature", "geometry": {"type": "Point", "coordinates": [2.406459, 48.848064]}, "properties": {"numparc": 7393, "etat de la localisation": "autre", "ID BDGEO": "141", "horodatage": "2023-05-05 17:05:55", "distance (en metres)": 3009.36, "station": "BIBLIOTHEQUE CHEVALERET", "marker-color": "#818181"}}, {"type": "Feature", "geometry": {"type": "Point", "coordinates": [2.399437, 48.865902]}, "properties": {"numparc": 7405, "etat de la localisation": "autre", "ID BDGEO": "377", "horodatage": "2023-05-05 17:06:02", "distance (en metres)": 5960.89, "station": "DENFERT-ROCHEREAU#", "marker-color": "#818181"}}, {"type": "Feature", "geometry": {"type": "Point", "coordinates": [2.406376, 48.876667]}, "properties": {"numparc": 618, "etat de la localisation": "autre", "ID BDGEO": "377", "horodatage": "2023-05-05 17:06:03", "distance (en metres)": 7119.8, "station": "DENFERT-ROCHEREAU#", "marker-color": "#818181"}}, {"type": "Feature", "geometry": {"type": "Point", "coordinates": [2.396821, 48.839695]}, "properties": {"numparc": 7398, "etat de la localisation": "autre", "ID BDGEO": "377", "horodatage": "2023-05-05 17:06:25", "distance (en metres)": 4600.37, "station": "DENFERT-ROCHEREAU#", "marker-color": "#818181"}}, {"type": "Feature", "geometry": {"type": "Point", "coordinates": [2.385914, 48.835636]}, "properties": {"numparc": 7374, "etat de la localisation": "autre", "ID BDGEO": "353", "horodatage": "2023-05-05 17:06:28", "distance (en metres)": 2227.02, "station": "PLACE D'ITALIE-CHOISY", "marker-color": "#818181"}}, {"type": "Feature", "geometry": {"type": "Point", "coordinates": [2.396782, 48.839699]}, "properties": {"numparc": 7398, "etat de la localisation": "autre", "ID BDGEO": "377", "horodatage": "2023-05-05 17:07:04", "distance (en metres)": 4597.61, "station": "DENFERT-ROCHEREAU#", "marker-color": "#818181"}}, {"type": "Feature", "geometry": {"type": "Point", "coordinates": [2.383312, 48.834026]}, "properties": {"numparc": 7399, "etat de la localisation": "autre", "ID BDGEO": "377", "horodatage": "2023-05-05 17:07:27", "distance (en metres)": 3558.24, "station": "DENFERT-ROCHEREAU#", "marker-color": "#818181"}}, {"type": "Feature", "geometry": {"type": "Point", "coordinates": [2.406274, 48.85107]}, "properties": {"numparc": 7393, "etat de la localisation": "autre", "ID BDGEO": "141", "horodatage": "2023-05-05 17:07:40", "distance (en metres)": 3231.88, "station": "BIBLIOTHEQUE CHEVALERET", "marker-color": "#818181"}}, {"type": "Feature", "geometry": {"type": "Point", "coordinates": [2.404713, 48.872345]}, "properties": {"numparc": 618, "etat de la localisation": "autre", "ID BDGEO": "377", "horodatage": "2023-05-05 17:07:56", "distance (en metres)": 6710.75, "station": "DENFERT-ROCHEREAU#", "marker-color": "#818181"}}, {"type": "Feature", "geometry": {"type": "Point", "coordinates": [2.398857, 48.864674]}, "properties": {"numparc": 7405, "etat de la localisation": "autre", "ID BDGEO": "377", "horodatage": "2023-05-05 17:08:11", "distance (en metres)": 5844.87, "station": "DENFERT-ROCHEREAU#", "marker-color": "#818181"}}, {"type": "Feature", "geometry": {"type": "Point", "coordinates": [2.398857, 48.864674]}, "properties": {"numparc": 7405, "etat de la localisation": "autre", "ID BDGEO": "377", "horodatage": "2023-05-05 17:08:28", "distance (en metres)": 5844.87, "station": "DENFERT-ROCHEREAU#", "marker-color": "#818181"}}, {"type": "Feature", "geometry": {"type": "Point", "coordinates": [2.393976, 48.839069]}, "properties": {"numparc": 7398, "etat de la localisation": "autre", "ID BDGEO": "377", "horodatage": "2023-05-05 17:08:34", "distance (en metres)": 4384.12, "station": "DENFERT-ROCHEREAU#", "marker-color": "#818181"}}, {"type": "Feature", "geometry": {"type": "Point", "coordinates": [2.398951, 48.864319]}, "properties": {"numparc": 7362, "etat de la localisation": "autre", "ID BDGEO": "346", "horodatage": "2023-05-05 17:08:41", "distance (en metres)": 1729.14, "station": "LAGNY SORTIE#", "marker-color": "#818181"}}, {"type": "Feature", "geometry": {"type": "Point", "coordinates": [2.383136, 48.834099]}, "properties": {"numparc": 7374, "etat de la localisation": "autre", "ID BDGEO": "353", "horodatage": "2023-05-05 17:08:48", "distance (en metres)": 1990.36, "station": "PLACE D'ITALIE-CHOISY", "marker-color": "#818181"}}, {"type": "Feature", "geometry": {"type": "Point", "coordinates": [2.406011, 48.852856]}, "properties": {"numparc": 7393, "etat de la localisation": "autre", "ID BDGEO": "141", "horodatage": "2023-05-05 17:08:50", "distance (en metres)": 3365.42, "station": "BIBLIOTHEQUE CHEVALERET", "marker-color": "#818181"}}, {"type": "Feature", "geometry": {"type": "Point", "coordinates": [2.406011, 48.852856]}, "properties": {"numparc": 7393, "etat de la localisation": "autre", "ID BDGEO": "141", "horodatage": "2023-05-05 17:09:09", "distance (en metres)": 3365.42, "station": "BIBLIOTHEQUE CHEVALERET", "marker-color": "#818181"}}, {"type": "Feature", "geometry": {"type": "Point", "coordinates": [2.390835, 48.837269]}, "properties": {"numparc": 7398, "etat de la localisation": "autre", "ID BDGEO": "377", "horodatage": "2023-05-05 17:10:14", "distance (en metres)": 4130.99, "station": "DENFERT-ROCHEREAU#", "marker-color": "#818181"}}, {"type": "Feature", "geometry": {"type": "Point", "coordinates": [2.400346, 48.861729]}, "properties": {"numparc": 7405, "etat de la localisation": "autre", "ID BDGEO": "377", "horodatage": "2023-05-05 17:10:14", "distance (en metres)": 5746.71, "station": "DENFERT-ROCHEREAU#", "marker-color": "#818181"}}, {"type": "Feature", "geometry": {"type": "Point", "coordinates": [2.379119, 48.831936]}, "properties": {"numparc": 7399, "etat de la localisation": "autre", "ID BDGEO": "377", "horodatage": "2023-05-05 17:10:43", "distance (en metres)": 3254.41, "station": "DENFERT-ROCHEREAU#", "marker-color": "#818181"}}, {"type": "Feature", "geometry": {"type": "Point", "coordinates": [2.404742, 48.856339]}, "properties": {"numparc": 7393, "etat de la localisation": "autre", "ID BDGEO": "141", "horodatage": "2023-05-05 17:11:09", "distance (en metres)": 3610.53, "station": "BIBLIOTHEQUE CHEVALERET", "marker-color": "#818181"}}, {"type": "Feature", "geometry": {"type": "Point", "coordinates": [2.40132, 48.868057]}, "properties": {"numparc": 618, "etat de la localisation": "autre", "ID BDGEO": "377", "horodatage": "2023-05-05 17:11:31", "distance (en metres)": 6216.72, "station": "DENFERT-ROCHEREAU#", "marker-color": "#818181"}}, {"type": "Feature", "geometry": {"type": "Point", "coordinates": [2.37921, 48.832047]}, "properties": {"numparc": 7374, "etat de la localisation": "autre", "ID BDGEO": "353", "horodatage": "2023-05-05 17:12:01", "distance (en metres)": 1672.07, "station": "PLACE D'ITALIE-CHOISY", "marker-color": "#818181"}}, {"type": "Feature", "geometry": {"type": "Point", "coordinates": [2.402233, 48.859318]}, "properties": {"numparc": 7405, "etat de la localisation": "autre", "ID BDGEO": "377", "horodatage": "2023-05-05 17:12:05", "distance (en metres)": 5722.87, "station": "DENFERT-ROCHEREAU#", "marker-color": "#818181"}}, {"type": "Feature", "geometry": {"type": "Point", "coordinates": [2.375894, 48.83007]}, "properties": {"numparc": 7399, "etat de la localisation": "autre", "ID BDGEO": "377", "horodatage": "2023-05-05 17:12:14", "distance (en metres)": 3036.61, "station": "DENFERT-ROCHEREAU#", "marker-color": "#818181"}}, {"type": "Feature", "geometry": {"type": "Point", "coordinates": [2.386177, 48.835625]}, "properties": {"numparc": 7398, "etat de la localisation": "autre", "ID BDGEO": "377", "horodatage": "2023-05-05 17:12:40", "distance (en metres)": 3775.56, "station": "DENFERT-ROCHEREAU#", "marker-color": "#818181"}}, {"type": "Feature", "geometry": {"type": "Point", "coordinates": [2.401827, 48.859371]}, "properties": {"numparc": 7393, "etat de la localisation": "autre", "ID BDGEO": "141", "horodatage": "2023-05-05 17:13:16", "distance (en metres)": 3776.28, "station": "BIBLIOTHEQUE CHEVALERET", "marker-color": "#818181"}}, {"type": "Feature", "geometry": {"type": "Point", "coordinates": [2.399344, 48.865788]}, "properties": {"numparc": 618, "etat de la localisation": "autre", "ID BDGEO": "377", "horodatage": "2023-05-05 17:13:28", "distance (en metres)": 5947.76, "station": "DENFERT-ROCHEREAU#", "marker-color": "#818181"}}, {"type": "Feature", "geometry": {"type": "Point", "coordinates": [2.375917, 48.830227]}, "properties": {"numparc": 7374, "etat de la localisation": "autre", "ID BDGEO": "353", "horodatage": "2023-05-05 17:13:33", "distance (en metres)": 1423.52, "station": "PLACE D'ITALIE-CHOISY", "marker-color": "#818181"}}, {"type": "Feature", "geometry": {"type": "Point", "coordinates": [2.399344, 48.865788]}, "properties": {"numparc": 618, "etat de la localisation": "autre", "ID BDGEO": "377", "horodatage": "2023-05-05 17:13:46", "distance (en metres)": 5947.76, "station": "DENFERT-ROCHEREAU#", "marker-color": "#818181"}}, {"type": "Feature", "geometry": {"type": "Point", "coordinates": [2.404896, 48.85627]}, "properties": {"numparc": 7405, "etat de la localisation": "autre", "ID BDGEO": "353", "horodatage": "2023-05-05 17:13:50", "distance (en metres)": 4551.92, "station": "PLACE D'ITALIE-CHOISY", "marker-color": "#818181"}}, {"type": "Feature", "geometry": {"type": "Point", "coordinates": [2.383374, 48.834026]}, "properties": {"numparc": 7398, "etat de la localisation": "autre", "ID BDGEO": "377", "horodatage": "2023-05-05 17:13:57", "distance (en metres)": 3562.78, "station": "DENFERT-ROCHEREAU#", "marker-color": "#818181"}}, {"type": "Feature", "geometry": {"type": "Point", "coordinates": [2.370738, 48.827599]}, "properties": {"numparc": 7399, "etat de la localisation": "autre", "ID BDGEO": "377", "horodatage": "2023-05-05 17:15:16", "distance (en metres)": 2713.74, "station": "DENFERT-ROCHEREAU#", "marker-color": "#818181"}}, {"type": "Feature", "geometry": {"type": "Point", "coordinates": [2.406101, 48.852654]}, "properties": {"numparc": 7405, "etat de la localisation": "autre", "ID BDGEO": "353", "horodatage": "2023-05-05 17:15:28", "distance (en metres)": 4383.74, "station": "PLACE D'ITALIE-CHOISY", "marker-color": "#818181"}}, {"type": "Feature", "geometry": {"type": "Point", "coordinates": [2.398923, 48.864479]}, "properties": {"numparc": 618, "etat de la localisation": "autre", "ID BDGEO": "377", "horodatage": "2023-05-05 17:15:43", "distance (en metres)": 5835.89, "station": "DENFERT-ROCHEREAU#", "marker-color": "#818181"}}, {"type": "Feature", "geometry": {"type": "Point", "coordinates": [2.39908, 48.864182]}, "properties": {"numparc": 7393, "etat de la localisation": "autre", "ID BDGEO": "141", "horodatage": "2023-05-05 17:16:20", "distance (en metres)": 4159.99, "station": "BIBLIOTHEQUE CHEVALERET", "marker-color": "#818181"}}, {"type": "Feature", "geometry": {"type": "Point", "coordinates": [2.370698, 48.827633]}, "properties": {"numparc": 7374, "etat de la localisation": "autre", "ID BDGEO": "353", "horodatage": "2023-05-05 17:16:41", "distance (en metres)": 1091.12, "station": "PLACE D'ITALIE-CHOISY", "marker-color": "#818181"}}, {"type": "Feature", "geometry": {"type": "Point", "coordinates": [2.379415, 48.832012]}, "properties": {"numparc": 7398, "etat de la localisation": "autre", "ID BDGEO": "377", "horodatage": "2023-05-05 17:16:46", "distance (en metres)": 3275.67, "station": "DENFERT-ROCHEREAU#", "marker-color": "#818181"}}, {"type": "Feature", "geometry": {"type": "Point", "coordinates": [2.367874, 48.827209]}, "properties": {"numparc": 7399, "etat de la localisation": "autre", "ID BDGEO": "377", "horodatage": "2023-05-05 17:16:48", "distance (en metres)": 2521.87, "station": "DENFERT-ROCHEREAU#", "marker-color": "#818181"}}, {"type": "Feature", "geometry": {"type": "Point", "coordinates": [2.399278, 48.865513]}, "properties": {"numparc": 7393, "etat de la localisation": "autre", "ID BDGEO": "141", "horodatage": "2023-05-05 17:17:53", "distance (en metres)": 4301.18, "station": "BIBLIOTHEQUE CHEVALERET", "marker-color": "#818181"}}, {"type": "Feature", "geometry": {"type": "Point", "coordinates": [2.364812, 48.826759]}, "properties": {"numparc": 7399, "etat de la localisation": "autre", "ID BDGEO": "377", "horodatage": "2023-05-05 17:18:03", "distance (en metres)": 2322.22, "station": "DENFERT-ROCHEREAU#", "marker-color": "#818181"}}, {"type": "Feature", "geometry": {"type": "Point", "coordinates": [2.402428, 48.85899]}, "properties": {"numparc": 618, "etat de la localisation": "autre", "ID BDGEO": "377", "horodatage": "2023-05-05 17:18:12", "distance (en metres)": 5716.93, "station": "DENFERT-ROCHEREAU#", "marker-color": "#818181"}}, {"type": "Feature", "geometry": {"type": "Point", "coordinates": [2.376045, 48.83017]}, "properties": {"numparc": 7398, "etat de la localisation": "autre", "ID BDGEO": "377", "horodatage": "2023-05-05 17:18:21", "distance (en metres)": 3046.27, "station": "DENFERT-ROCHEREAU#", "marker-color": "#818181"}}, {"type": "Feature", "geometry": {"type": "Point", "coordinates": [2.367906, 48.827217]}, "properties": {"numparc": 7374, "etat de la localisation": "autre", "ID BDGEO": "353", "horodatage": "2023-05-05 17:18:38", "distance (en metres)": 916.07, "station": "PLACE D'ITALIE-CHOISY", "marker-color": "#818181"}}, {"type": "Feature", "geometry": {"type": "Point", "coordinates": [2.360997, 48.826252]}, "properties": {"numparc": 7399, "etat de la localisation": "autre", "ID BDGEO": "377", "horodatage": "2023-05-05 17:19:18", "distance (en metres)": 2079.9, "station": "DENFERT-ROCHEREAU#", "marker-color": "#818181"}}, {"type": "Feature", "geometry": {"type": "Point", "coordinates": [2.405097, 48.85598]}, "properties": {"numparc": 618, "etat de la localisation": "autre", "ID BDGEO": "377", "horodatage": "2023-05-05 17:19:41", "distance (en metres)": 5732.59, "station": "DENFERT-ROCHEREAU#", "marker-color": "#818181"}}, {"type": "Feature", "geometry": {"type": "Point", "coordinates": [2.401927, 48.868633]}, "properties": {"numparc": 7393, "etat de la localisation": "autre", "ID BDGEO": "141", "horodatage": "2023-05-05 17:19:52", "distance (en metres)": 4696.87, "station": "BIBLIOTHEQUE CHEVALERET", "marker-color": "#818181"}}, {"type": "Feature", "geometry": {"type": "Point", "coordinates": [2.359213, 48.827595]}, "properties": {"numparc": 7399, "etat de la localisation": "autre", "ID BDGEO": "377", "horodatage": "2023-05-05 17:20:16", "distance (en metres)": 1904.46, "station": "DENFERT-ROCHEREAU#", "marker-color": "#818181"}}, {"type": "Feature", "geometry": {"type": "Point", "coordinates": [2.364747, 48.826801]}, "properties": {"numparc": 7374, "etat de la localisation": "autre", "ID BDGEO": "353", "horodatage": "2023-05-05 17:20:53", "distance (en metres)": 736.45, "station": "PLACE D'ITALIE-CHOISY", "marker-color": "#818181"}}, {"type": "Feature", "geometry": {"type": "Point", "coordinates": [2.405725, 48.844696]}, "properties": {"numparc": 7405, "etat de la localisation": "autre", "ID BDGEO": "353", "horodatage": "2023-05-05 17:21:49", "distance (en metres)": 3931.67, "station": "PLACE D'ITALIE-CHOISY", "marker-color": "#818181"}}, {"type": "Feature", "geometry": {"type": "Point", "coordinates": [2.406203, 48.852322]}, "properties": {"numparc": 618, "etat de la localisation": "autre", "ID BDGEO": "377", "horodatage": "2023-05-05 17:21:54", "distance (en metres)": 5641.21, "station": "DENFERT-ROCHEREAU#", "marker-color": "#818181"}}, {"type": "Feature", "geometry": {"type": "Point", "coordinates": [2.36102, 48.826302]}, "properties": {"numparc": 7374, "etat de la localisation": "autre", "ID BDGEO": "353", "horodatage": "2023-05-05 17:22:22", "distance (en metres)": 579.78, "station": "PLACE D'ITALIE-CHOISY", "marker-color": "#818181"}}, {"type": "Feature", "geometry": {"type": "Point", "coordinates": [2.356889, 48.830498]}, "properties": {"numparc": 7399, "etat de la localisation": "autre", "ID BDGEO": "377", "horodatage": "2023-05-05 17:22:25", "distance (en metres)": 1654.22, "station": "DENFERT-ROCHEREAU#", "marker-color": "#818181"}}, {"type": "Feature", "geometry": {"type": "Point", "coordinates": [2.356889, 48.830498]}, "properties": {"numparc": 7399, "etat de la localisation": "autre", "ID BDGEO": "377", "horodatage": "2023-05-05 17:22:38", "distance (en metres)": 1654.22, "station": "DENFERT-ROCHEREAU#", "marker-color": "#818181"}}, {"type": "Feature", "geometry": {"type": "Point", "coordinates": [2.370877, 48.827675]}, "properties": {"numparc": 7398, "etat de la localisation": "autre", "ID BDGEO": "377", "horodatage": "2023-05-05 17:23:07", "distance (en metres)": 2721.65, "station": "DENFERT-ROCHEREAU#", "marker-color": "#818181"}}, {"type": "Feature", "geometry": {"type": "Point", "coordinates": [2.4064, 48.850239]}, "properties": {"numparc": 618, "etat de la localisation": "autre", "ID BDGEO": "377", "horodatage": "2023-05-05 17:23:34", "distance (en metres)": 5572.43, "station": "DENFERT-ROCHEREAU#", "marker-color": "#818181"}}, {"type": "Feature", "geometry": {"type": "Point", "coordinates": [2.405194, 48.842686]}, "properties": {"numparc": 7405, "etat de la localisation": "autre", "ID BDGEO": "353", "horodatage": "2023-05-05 17:23:34", "distance (en metres)": 3811.53, "station": "PLACE D'ITALIE-CHOISY", "marker-color": "#818181"}}, {"type": "Feature", "geometry": {"type": "Point", "coordinates": [2.359126, 48.827583]}, "properties": {"numparc": 7374, "etat de la localisation": "autre", "ID BDGEO": "353", "horodatage": "2023-05-05 17:24:19", "distance (en metres)": 384.82, "station": "PLACE D'ITALIE-CHOISY", "marker-color": "#818181"}}, {"type": "Feature", "geometry": {"type": "Point", "coordinates": [2.367916, 48.827301]}, "properties": {"numparc": 7398, "etat de la localisation": "autre", "ID BDGEO": "377", "horodatage": "2023-05-05 17:24:33", "distance (en metres)": 2522.1, "station": "DENFERT-ROCHEREAU#", "marker-color": "#818181"}}, {"type": "Feature", "geometry": {"type": "Point", "coordinates": [2.40027, 48.861366]}, "properties": {"numparc": 7364, "etat de la localisation": "autre", "ID BDGEO": "233", "horodatage": "2023-05-05 17:24:42", "distance (en metres)": 88.81, "station": "RAMUS", "marker-color": "#818181"}}, {"type": "Feature", "geometry": {"type": "Point", "coordinates": [2.406435, 48.848064]}, "properties": {"numparc": 618, "etat de la localisation": "autre", "ID BDGEO": "377", "horodatage": "2023-05-05 17:25:13", "distance (en metres)": 5498.22, "station": "DENFERT-ROCHEREAU#", "marker-color": "#818181"}}, {"type": "Feature", "geometry": {"type": "Point", "coordinates": [2.404272, 48.83997]}, "properties": {"numparc": 7405, "etat de la localisation": "autre", "ID BDGEO": "353", "horodatage": "2023-05-05 17:25:21", "distance (en metres)": 3650.95, "station": "PLACE D'ITALIE-CHOISY", "marker-color": "#818181"}}, {"type": "Feature", "geometry": {"type": "Point", "coordinates": [2.404272, 48.83997]}, "properties": {"numparc": 7405, "etat de la localisation": "autre", "ID BDGEO": "353", "horodatage": "2023-05-05 17:25:27", "distance (en metres)": 3650.95, "station": "PLACE D'ITALIE-CHOISY", "marker-color": "#818181"}}, {"type": "Feature", "geometry": {"type": "Point", "coordinates": [2.354224, 48.83123]}, "properties": {"numparc": 7399, "etat de la localisation": "autre", "ID BDGEO": "377", "horodatage": "2023-05-05 17:25:31", "distance (en metres)": 1447.76, "station": "DENFERT-ROCHEREAU#", "marker-color": "#818181"}}, {"type": "Feature", "geometry": {"type": "Point", "coordinates": [2.406435, 48.848064]}, "properties": {"numparc": 618, "etat de la localisation": "autre", "ID BDGEO": "377", "horodatage": "2023-05-05 17:25:35", "distance (en metres)": 5498.22, "station": "DENFERT-ROCHEREAU#", "marker-color": "#818181"}}, {"type": "Feature", "geometry": {"type": "Point", "coordinates": [2.364774, 48.826862]}, "properties": {"numparc": 7398, "etat de la localisation": "autre", "ID BDGEO": "377", "horodatage": "2023-05-05 17:25:45", "distance (en metres)": 2316.0, "station": "DENFERT-ROCHEREAU#", "marker-color": "#818181"}}, {"type": "Feature", "geometry": {"type": "Point", "coordinates": [2.402343, 48.858978]}, "properties": {"numparc": 7364, "etat de la localisation": "autre", "ID BDGEO": "232", "horodatage": "2023-05-05 17:25:47", "distance (en metres)": 88.17, "station": "PYRENEES-BAGNOLET", "marker-color": "#818181"}}, {"type": "Feature", "geometry": {"type": "Point", "coordinates": [2.360988, 48.82637]}, "properties": {"numparc": 7398, "etat de la localisation": "autre", "ID BDGEO": "377", "horodatage": "2023-05-05 17:26:47", "distance (en metres)": 2074.32, "station": "DENFERT-ROCHEREAU#", "marker-color": "#818181"}}, {"type": "Feature", "geometry": {"type": "Point", "coordinates": [2.349117, 48.829937]}, "properties": {"numparc": 7399, "etat de la localisation": "autre", "ID BDGEO": "377", "horodatage": "2023-05-05 17:26:59", "distance (en metres)": 1120.88, "station": "DENFERT-ROCHEREAU#", "marker-color": "#818181"}}, {"type": "Feature", "geometry": {"type": "Point", "coordinates": [2.399718, 48.839737]}, "properties": {"numparc": 7405, "etat de la localisation": "autre", "ID BDGEO": "353", "horodatage": "2023-05-05 17:27:44", "distance (en metres)": 3324.92, "station": "PLACE D'ITALIE-CHOISY", "marker-color": "#818181"}}, {"type": "Feature", "geometry": {"type": "Point", "coordinates": [2.40502, 48.855991]}, "properties": {"numparc": 7364, "etat de la localisation": "autre", "ID BDGEO": "231", "horodatage": "2023-05-05 17:27:49", "distance (en metres)": 63.98, "station": "ORTEAUX", "marker-color": "#818181"}}, {"type": "Feature", "geometry": {"type": "Point", "coordinates": [2.359241, 48.827614]}, "properties": {"numparc": 7398, "etat de la localisation": "autre", "ID BDGEO": "377", "horodatage": "2023-05-05 17:28:06", "distance (en metres)": 1905.67, "station": "DENFERT-ROCHEREAU#", "marker-color": "#818181"}}, {"type": "Feature", "geometry": {"type": "Point", "coordinates": [2.405721, 48.844418]}, "properties": {"numparc": 618, "etat de la localisation": "autre", "ID BDGEO": "377", "horodatage": "2023-05-05 17:28:10", "distance (en metres)": 5340.8, "station": "DENFERT-ROCHEREAU#", "marker-color": "#818181"}}, {"type": "Feature", "geometry": {"type": "Point", "coordinates": [2.404024, 48.871166]}, "properties": {"numparc": 7393, "etat de la localisation": "autre", "ID BDGEO": "141", "horodatage": "2023-05-05 17:28:48", "distance (en metres)": 5016.65, "station": "BIBLIOTHEQUE CHEVALERET", "marker-color": "#818181"}}, {"type": "Feature", "geometry": {"type": "Point", "coordinates": [2.344212, 48.831337]}, "properties": {"numparc": 7399, "etat de la localisation": "autre", "ID BDGEO": "377", "horodatage": "2023-05-05 17:28:54", "distance (en metres)": 730.76, "station": "DENFERT-ROCHEREAU#", "marker-color": "#818181"}}, {"type": "Feature", "geometry": {"type": "Point", "coordinates": [2.397161, 48.839699]}, "properties": {"numparc": 7405, "etat de la localisation": "autre", "ID BDGEO": "353", "horodatage": "2023-05-05 17:29:07", "distance (en metres)": 3145.93, "station": "PLACE D'ITALIE-CHOISY", "marker-color": "#818181"}}, {"type": "Feature", "geometry": {"type": "Point", "coordinates": [2.397161, 48.839699]}, "properties": {"numparc": 7405, "etat de la localisation": "autre", "ID BDGEO": "353", "horodatage": "2023-05-05 17:29:18", "distance (en metres)": 3145.93, "station": "PLACE D'ITALIE-CHOISY", "marker-color": "#818181"}}, {"type": "Feature", "geometry": {"type": "Point", "coordinates": [2.405176, 48.842415]}, "properties": {"numparc": 618, "etat de la localisation": "autre", "ID BDGEO": "377", "horodatage": "2023-05-05 17:29:19", "distance (en metres)": 5254.87, "station": "DENFERT-ROCHEREAU#", "marker-color": "#818181"}}, {"type": "Feature", "geometry": {"type": "Point", "coordinates": [2.356839, 48.830479]}, "properties": {"numparc": 7398, "etat de la localisation": "autre", "ID BDGEO": "377", "horodatage": "2023-05-05 17:29:46", "distance (en metres)": 1651.03, "station": "DENFERT-ROCHEREAU#", "marker-color": "#818181"}}, {"type": "Feature", "geometry": {"type": "Point", "coordinates": [2.406094, 48.852322]}, "properties": {"numparc": 7364, "etat de la localisation": "autre", "ID BDGEO": "230", "horodatage": "2023-05-05 17:30:03", "distance (en metres)": 79.26, "station": "MARAICHERS", "marker-color": "#818181"}}, {"type": "Feature", "geometry": {"type": "Point", "coordinates": [2.40532, 48.874092]}, "properties": {"numparc": 7393, "etat de la localisation": "autre", "ID BDGEO": "141", "horodatage": "2023-05-05 17:30:23", "distance (en metres)": 5352.34, "station": "BIBLIOTHEQUE CHEVALERET", "marker-color": "#818181"}}, {"type": "Feature", "geometry": {"type": "Point", "coordinates": [2.404108, 48.839745]}, "properties": {"numparc": 618, "etat de la localisation": "autre", "ID BDGEO": "377", "horodatage": "2023-05-05 17:30:45", "distance (en metres)": 5128.81, "station": "DENFERT-ROCHEREAU#", "marker-color": "#818181"}}, {"type": "Feature", "geometry": {"type": "Point", "coordinates": [2.33947, 48.832634]}, "properties": {"numparc": 7399, "etat de la localisation": "autre", "ID BDGEO": "377", "horodatage": "2023-05-05 17:30:52", "distance (en metres)": 357.49, "station": "DENFERT-ROCHEREAU#", "marker-color": "#818181"}}, {"type": "Feature", "geometry": {"type": "Point", "coordinates": [2.394191, 48.83913]}, "properties": {"numparc": 7405, "etat de la localisation": "autre", "ID BDGEO": "353", "horodatage": "2023-05-05 17:31:14", "distance (en metres)": 2919.82, "station": "PLACE D'ITALIE-CHOISY", "marker-color": "#818181"}}, {"type": "Feature", "geometry": {"type": "Point", "coordinates": [2.406401, 48.876637]}, "properties": {"numparc": 7393, "etat de la localisation": "autre", "ID BDGEO": "141", "horodatage": "2023-05-05 17:31:22", "distance (en metres)": 5643.22, "station": "BIBLIOTHEQUE CHEVALERET", "marker-color": "#818181"}}, {"type": "Feature", "geometry": {"type": "Point", "coordinates": [2.394191, 48.83913]}, "properties": {"numparc": 7405, "etat de la localisation": "autre", "ID BDGEO": "353", "horodatage": "2023-05-05 17:31:24", "distance (en metres)": 2919.82, "station": "PLACE D'ITALIE-CHOISY", "marker-color": "#818181"}}, {"type": "Feature", "geometry": {"type": "Point", "coordinates": [2.394191, 48.83913]}, "properties": {"numparc": 7405, "etat de la localisation": "autre", "ID BDGEO": "353", "horodatage": "2023-05-05 17:31:38", "distance (en metres)": 2919.82, "station": "PLACE D'ITALIE-CHOISY", "marker-color": "#818181"}}, {"type": "Feature", "geometry": {"type": "Point", "coordinates": [2.334017, 48.834156]}, "properties": {"numparc": 7399, "etat de la localisation": "autre", "ID BDGEO": "377", "horodatage": "2023-05-05 17:32:21", "distance (en metres)": 102.83, "station": "DENFERT-ROCHEREAU#", "marker-color": "#818181"}}, {"type": "Feature", "geometry": {"type": "Point", "coordinates": [2.354286, 48.831192]}, "properties": {"numparc": 7398, "etat de la localisation": "autre", "ID BDGEO": "377", "horodatage": "2023-05-05 17:32:59", "distance (en metres)": 1452.93, "station": "DENFERT-ROCHEREAU#", "marker-color": "#818181"}}, {"type": "Feature", "geometry": {"type": "Point", "coordinates": [2.399529, 48.839664]}, "properties": {"numparc": 618, "etat de la localisation": "autre", "ID BDGEO": "377", "horodatage": "2023-05-05 17:33:06", "distance (en metres)": 4795.82, "station": "DENFERT-ROCHEREAU#", "marker-color": "#818181"}}, {"type": "Feature", "geometry": {"type": "Point", "coordinates": [2.404085, 48.839779]}, "properties": {"numparc": 7362, "etat de la localisation": "autre", "ID BDGEO": "146", "horodatage": "2023-05-05 17:33:35", "distance (en metres)": 919.21, "station": "COURS DE VINCENNES#", "marker-color": "#818181"}}, {"type": "Feature", "geometry": {"type": "Point", "coordinates": [2.408484, 48.87711]}, "properties": {"numparc": 7393, "etat de la localisation": "autre", "ID BDGEO": "377", "horodatage": "2023-05-05 17:34:20", "distance (en metres)": 7266.97, "station": "DENFERT-ROCHEREAU#", "marker-color": "#818181"}}, {"type": "Feature", "geometry": {"type": "Point", "coordinates": [2.396795, 48.839661]}, "properties": {"numparc": 618, "etat de la localisation": "autre", "ID BDGEO": "377", "horodatage": "2023-05-05 17:34:29", "distance (en metres)": 4597.91, "station": "DENFERT-ROCHEREAU#", "marker-color": "#818181"}}, {"type": "Feature", "geometry": {"type": "Point", "coordinates": [2.349117, 48.829895]}, "properties": {"numparc": 7398, "etat de la localisation": "autre", "ID BDGEO": "377", "horodatage": "2023-05-05 17:34:31", "distance (en metres)": 1122.47, "station": "DENFERT-ROCHEREAU#", "marker-color": "#818181"}}, {"type": "Feature", "geometry": {"type": "Point", "coordinates": [2.390976, 48.837372]}, "properties": {"numparc": 7405, "etat de la localisation": "autre", "ID BDGEO": "353", "horodatage": "2023-05-05 17:34:33", "distance (en metres)": 2635.88, "station": "PLACE D'ITALIE-CHOISY", "marker-color": "#818181"}}, {"type": "Feature", "geometry": {"type": "Point", "coordinates": [2.34415, 48.831257]}, "properties": {"numparc": 7398, "etat de la localisation": "autre", "ID BDGEO": "377", "horodatage": "2023-05-05 17:35:30", "distance (en metres)": 729.24, "station": "DENFERT-ROCHEREAU#", "marker-color": "#818181"}}, {"type": "Feature", "geometry": {"type": "Point", "coordinates": [2.399509, 48.839672]}, "properties": {"numparc": 7362, "etat de la localisation": "autre", "ID BDGEO": "146", "horodatage": "2023-05-05 17:35:45", "distance (en metres)": 1042.34, "station": "COURS DE VINCENNES#", "marker-color": "#818181"}}, {"type": "Feature", "geometry": {"type": "Point", "coordinates": [2.40834, 48.876717]}, "properties": {"numparc": 7393, "etat de la localisation": "autre", "ID BDGEO": "377", "horodatage": "2023-05-05 17:35:47", "distance (en metres)": 7229.95, "station": "DENFERT-ROCHEREAU#", "marker-color": "#818181"}}, {"type": "Feature", "geometry": {"type": "Point", "coordinates": [2.38636, 48.835861]}, "properties": {"numparc": 7405, "etat de la localisation": "autre", "ID BDGEO": "353", "horodatage": "2023-05-05 17:36:16", "distance (en metres)": 2264.97, "station": "PLACE D'ITALIE-CHOISY", "marker-color": "#818181"}}, {"type": "Feature", "geometry": {"type": "Point", "coordinates": [2.393994, 48.838985]}, "properties": {"numparc": 618, "etat de la localisation": "autre", "ID BDGEO": "377", "horodatage": "2023-05-05 17:36:23", "distance (en metres)": 4384.09, "station": "DENFERT-ROCHEREAU#", "marker-color": "#818181"}}, {"type": "Feature", "geometry": {"type": "Point", "coordinates": [2.39681, 48.839642]}, "properties": {"numparc": 7362, "etat de la localisation": "autre", "ID BDGEO": "146", "horodatage": "2023-05-05 17:37:09", "distance (en metres)": 1152.19, "station": "COURS DE VINCENNES#", "marker-color": "#818181"}}, {"type": "Feature", "geometry": {"type": "Point", "coordinates": [2.383472, 48.834362]}, "properties": {"numparc": 7405, "etat de la localisation": "autre", "ID BDGEO": "353", "horodatage": "2023-05-05 17:37:37", "distance (en metres)": 2020.37, "station": "PLACE D'ITALIE-CHOISY", "marker-color": "#818181"}}, {"type": "Feature", "geometry": {"type": "Point", "coordinates": [2.405742, 48.84446]}, "properties": {"numparc": 7364, "etat de la localisation": "autre", "ID BDGEO": "55", "horodatage": "2023-05-05 17:37:46", "distance (en metres)": 101.31, "station": "AVENUE DE SAINT-MANDE", "marker-color": "#818181"}}, {"type": "Feature", "geometry": {"type": "Point", "coordinates": [2.33384, 48.834099]}, "properties": {"numparc": 7398, "etat de la localisation": "autre", "ID BDGEO": "377", "horodatage": "2023-05-05 17:38:21", "distance (en metres)": 104.68, "station": "DENFERT-ROCHEREAU#", "marker-color": "#818181"}}, {"type": "Feature", "geometry": {"type": "Point", "coordinates": [2.390732, 48.837238]}, "properties": {"numparc": 618, "etat de la localisation": "autre", "ID BDGEO": "377", "horodatage": "2023-05-05 17:38:35", "distance (en metres)": 4123.14, "station": "DENFERT-ROCHEREAU#", "marker-color": "#818181"}}, {"type": "Feature", "geometry": {"type": "Point", "coordinates": [2.393939, 48.839016]}, "properties": {"numparc": 7362, "etat de la localisation": "autre", "ID BDGEO": "146", "horodatage": "2023-05-05 17:39:13", "distance (en metres)": 1340.1, "station": "COURS DE VINCENNES#", "marker-color": "#818181"}}, {"type": "Feature", "geometry": {"type": "Point", "coordinates": [2.379134, 48.831932]}, "properties": {"numparc": 7405, "etat de la localisation": "autre", "ID BDGEO": "353", "horodatage": "2023-05-05 17:39:29", "distance (en metres)": 1665.33, "station": "PLACE D'ITALIE-CHOISY", "marker-color": "#818181"}}, {"type": "Feature", "geometry": {"type": "Point", "coordinates": [2.404235, 48.839848]}, "properties": {"numparc": 7364, "etat de la localisation": "autre", "ID BDGEO": "31", "horodatage": "2023-05-05 17:40:16", "distance (en metres)": 73.06, "station": "LOUIS BRAILLE", "marker-color": "#818181"}}, {"type": "Feature", "geometry": {"type": "Point", "coordinates": [2.385989, 48.835632]}, "properties": {"numparc": 618, "etat de la localisation": "autre", "ID BDGEO": "377", "horodatage": "2023-05-05 17:40:42", "distance (en metres)": 3761.88, "station": "DENFERT-ROCHEREAU#", "marker-color": "#818181"}}, {"type": "Feature", "geometry": {"type": "Point", "coordinates": [2.375997, 48.830189]}, "properties": {"numparc": 7405, "etat de la localisation": "autre", "ID BDGEO": "353", "horodatage": "2023-05-05 17:41:04", "distance (en metres)": 1429.51, "station": "PLACE D'ITALIE-CHOISY", "marker-color": "#818181"}}, {"type": "Feature", "geometry": {"type": "Point", "coordinates": [2.383039, 48.833981]}, "properties": {"numparc": 618, "etat de la localisation": "autre", "ID BDGEO": "377", "horodatage": "2023-05-05 17:41:51", "distance (en metres)": 3538.16, "station": "DENFERT-ROCHEREAU#", "marker-color": "#818181"}}, {"type": "Feature", "geometry": {"type": "Point", "coordinates": [2.40834, 48.876717]}, "properties": {"numparc": 7393, "etat de la localisation": "autre", "ID BDGEO": "377", "horodatage": "2023-05-05 17:42:26", "distance (en metres)": 7229.95, "station": "DENFERT-ROCHEREAU#", "marker-color": "#818181"}}, {"type": "Feature", "geometry": {"type": "Point", "coordinates": [2.390743, 48.837246]}, "properties": {"numparc": 7362, "etat de la localisation": "autre", "ID BDGEO": "146", "horodatage": "2023-05-05 17:42:44", "distance (en metres)": 1643.64, "station": "COURS DE VINCENNES#", "marker-color": "#818181"}}, {"type": "Feature", "geometry": {"type": "Point", "coordinates": [2.379233, 48.831982]}, "properties": {"numparc": 618, "etat de la localisation": "autre", "ID BDGEO": "377", "horodatage": "2023-05-05 17:43:26", "distance (en metres)": 3262.5, "station": "DENFERT-ROCHEREAU#", "marker-color": "#818181"}}, {"type": "Feature", "geometry": {"type": "Point", "coordinates": [2.407857, 48.876637]}, "properties": {"numparc": 7393, "etat de la localisation": "autre", "ID BDGEO": "377", "horodatage": "2023-05-05 17:43:34", "distance (en metres)": 7197.7, "station": "DENFERT-ROCHEREAU#", "marker-color": "#818181"}}, {"type": "Feature", "geometry": {"type": "Point", "coordinates": [2.386379, 48.835632]}, "properties": {"numparc": 7362, "etat de la localisation": "autre", "ID BDGEO": "146", "horodatage": "2023-05-05 17:44:27", "distance (en metres)": 1997.01, "station": "COURS DE VINCENNES#", "marker-color": "#818181"}}, {"type": "Feature", "geometry": {"type": "Point", "coordinates": [2.370826, 48.827763]}, "properties": {"numparc": 7405, "etat de la localisation": "autre", "ID BDGEO": "353", "horodatage": "2023-05-05 17:44:31", "distance (en metres)": 1095.86, "station": "PLACE D'ITALIE-CHOISY", "marker-color": "#818181"}}, {"type": "Feature", "geometry": {"type": "Point", "coordinates": [2.375932, 48.830143]}, "properties": {"numparc": 618, "etat de la localisation": "autre", "ID BDGEO": "377", "horodatage": "2023-05-05 17:45:17", "distance (en metres)": 3038.41, "station": "DENFERT-ROCHEREAU#", "marker-color": "#818181"}}, {"type": "Feature", "geometry": {"type": "Point", "coordinates": [2.383536, 48.834061]}, "properties": {"numparc": 7362, "etat de la localisation": "autre", "ID BDGEO": "146", "horodatage": "2023-05-05 17:45:41", "distance (en metres)": 2268.38, "station": "COURS DE VINCENNES#", "marker-color": "#818181"}}, {"type": "Feature", "geometry": {"type": "Point", "coordinates": [2.367943, 48.827259]}, "properties": {"numparc": 7405, "etat de la localisation": "autre", "ID BDGEO": "353", "horodatage": "2023-05-05 17:45:54", "distance (en metres)": 916.66, "station": "PLACE D'ITALIE-CHOISY", "marker-color": "#818181"}}, {"type": "Feature", "geometry": {"type": "Point", "coordinates": [2.364888, 48.826828]}, "properties": {"numparc": 7405, "etat de la localisation": "autre", "ID BDGEO": "353", "horodatage": "2023-05-05 17:47:21", "distance (en metres)": 743.28, "station": "PLACE D'ITALIE-CHOISY", "marker-color": "#818181"}}, {"type": "Feature", "geometry": {"type": "Point", "coordinates": [2.379136, 48.831932]}, "properties": {"numparc": 7362, "etat de la localisation": "autre", "ID BDGEO": "146", "horodatage": "2023-05-05 17:47:29", "distance (en metres)": 2665.88, "station": "COURS DE VINCENNES#", "marker-color": "#818181"}}, {"type": "Feature", "geometry": {"type": "Point", "coordinates": [2.370717, 48.827686]}, "properties": {"numparc": 618, "etat de la localisation": "autre", "ID BDGEO": "377", "horodatage": "2023-05-05 17:47:33", "distance (en metres)": 2709.96, "station": "DENFERT-ROCHEREAU#", "marker-color": "#818181"}}, {"type": "Feature", "geometry": {"type": "Point", "coordinates": [2.406383, 48.87672]}, "properties": {"numparc": 7393, "etat de la localisation": "autre", "ID BDGEO": "377", "horodatage": "2023-05-05 17:47:50", "distance (en metres)": 7124.2, "station": "DENFERT-ROCHEREAU#", "marker-color": "#818181"}}, {"type": "Feature", "geometry": {"type": "Point", "coordinates": [2.361174, 48.826347]}, "properties": {"numparc": 7405, "etat de la localisation": "autre", "ID BDGEO": "353", "horodatage": "2023-05-05 17:48:29", "distance (en metres)": 582.21, "station": "PLACE D'ITALIE-CHOISY", "marker-color": "#818181"}}, {"type": "Feature", "geometry": {"type": "Point", "coordinates": [2.367751, 48.827286]}, "properties": {"numparc": 618, "etat de la localisation": "autre", "ID BDGEO": "377", "horodatage": "2023-05-05 17:48:37", "distance (en metres)": 2510.91, "station": "DENFERT-ROCHEREAU#", "marker-color": "#818181"}}, {"type": "Feature", "geometry": {"type": "Point", "coordinates": [2.405703, 48.874943]}, "properties": {"numparc": 7393, "etat de la localisation": "autre", "ID BDGEO": "377", "horodatage": "2023-05-05 17:49:14", "distance (en metres)": 6954.74, "station": "DENFERT-ROCHEREAU#", "marker-color": "#818181"}}, {"type": "Feature", "geometry": {"type": "Point", "coordinates": [2.375913, 48.830124]}, "properties": {"numparc": 7362, "etat de la localisation": "autre", "ID BDGEO": "146", "horodatage": "2023-05-05 17:49:23", "distance (en metres)": 2975.78, "station": "COURS DE VINCENNES#", "marker-color": "#818181"}}, {"type": "Feature", "geometry": {"type": "Point", "coordinates": [2.36459, 48.826866]}, "properties": {"numparc": 618, "etat de la localisation": "autre", "ID BDGEO": "377", "horodatage": "2023-05-05 17:50:03", "distance (en metres)": 2303.07, "station": "DENFERT-ROCHEREAU#", "marker-color": "#818181"}}, {"type": "Feature", "geometry": {"type": "Point", "coordinates": [2.40483, 48.872749]}, "properties": {"numparc": 7393, "etat de la localisation": "autre", "ID BDGEO": "377", "horodatage": "2023-05-05 17:50:17", "distance (en metres)": 6746.38, "station": "DENFERT-ROCHEREAU#", "marker-color": "#818181"}}, {"type": "Feature", "geometry": {"type": "Point", "coordinates": [2.379117, 48.832085]}, "properties": {"numparc": 7358, "etat de la localisation": "autre", "ID BDGEO": "141", "horodatage": "2023-05-05 17:51:00", "distance (en metres)": 333.33, "station": "BIBLIOTHEQUE CHEVALERET", "marker-color": "#818181"}}, {"type": "Feature", "geometry": {"type": "Point", "coordinates": [2.360893, 48.826355]}, "properties": {"numparc": 618, "etat de la localisation": "autre", "ID BDGEO": "377", "horodatage": "2023-05-05 17:51:28", "distance (en metres)": 2068.52, "station": "DENFERT-ROCHEREAU#", "marker-color": "#818181"}}, {"type": "Feature", "geometry": {"type": "Point", "coordinates": [2.382871, 48.833977]}, "properties": {"numparc": 7358, "etat de la localisation": "autre", "ID BDGEO": "141", "horodatage": "2023-05-05 17:52:54", "distance (en metres)": 678.76, "station": "BIBLIOTHEQUE CHEVALERET", "marker-color": "#818181"}}, {"type": "Feature", "geometry": {"type": "Point", "coordinates": [2.359169, 48.827621]}, "properties": {"numparc": 618, "etat de la localisation": "autre", "ID BDGEO": "377", "horodatage": "2023-05-05 17:53:32", "distance (en metres)": 1900.42, "station": "DENFERT-ROCHEREAU#", "marker-color": "#818181"}}, {"type": "Feature", "geometry": {"type": "Point", "coordinates": [2.370756, 48.827644]}, "properties": {"numparc": 7362, "etat de la localisation": "autre", "ID BDGEO": "146", "horodatage": "2023-05-05 17:53:50", "distance (en metres)": 3441.36, "station": "COURS DE VINCENNES#", "marker-color": "#818181"}}, {"type": "Feature", "geometry": {"type": "Point", "coordinates": [2.401465, 48.868362]}, "properties": {"numparc": 7393, "etat de la localisation": "autre", "ID BDGEO": "377", "horodatage": "2023-05-05 17:54:08", "distance (en metres)": 6246.12, "station": "DENFERT-ROCHEREAU#", "marker-color": "#818181"}}, {"type": "Feature", "geometry": {"type": "Point", "coordinates": [2.401465, 48.868362]}, "properties": {"numparc": 7393, "etat de la localisation": "autre", "ID BDGEO": "377", "horodatage": "2023-05-05 17:54:30", "distance (en metres)": 6246.12, "station": "DENFERT-ROCHEREAU#", "marker-color": "#818181"}}, {"type": "Feature", "geometry": {"type": "Point", "coordinates": [2.376019, 48.830173]}, "properties": {"numparc": 7364, "etat de la localisation": "autre", "ID BDGEO": "111", "horodatage": "2023-05-05 17:54:36", "distance (en metres)": 41.85, "station": "BIBLIOTHEQUE CHEVALERET", "marker-color": "#818181"}}, {"type": "Feature", "geometry": {"type": "Point", "coordinates": [2.385812, 48.835522]}, "properties": {"numparc": 7358, "etat de la localisation": "autre", "ID BDGEO": "141", "horodatage": "2023-05-05 17:54:40", "distance (en metres)": 954.13, "station": "BIBLIOTHEQUE CHEVALERET", "marker-color": "#818181"}}, {"type": "Feature", "geometry": {"type": "Point", "coordinates": [2.356889, 48.830418]}, "properties": {"numparc": 618, "etat de la localisation": "autre", "ID BDGEO": "377", "horodatage": "2023-05-05 17:55:11", "distance (en metres)": 1655.95, "station": "DENFERT-ROCHEREAU#", "marker-color": "#818181"}}, {"type": "Feature", "geometry": {"type": "Point", "coordinates": [2.367796, 48.827267]}, "properties": {"numparc": 7362, "etat de la localisation": "autre", "ID BDGEO": "146", "horodatage": "2023-05-05 17:55:13", "distance (en metres)": 3634.22, "station": "COURS DE VINCENNES#", "marker-color": "#818181"}}, {"type": "Feature", "geometry": {"type": "Point", "coordinates": [2.399525, 48.866188]}, "properties": {"numparc": 7393, "etat de la localisation": "autre", "ID BDGEO": "377", "horodatage": "2023-05-05 17:56:11", "distance (en metres)": 5985.34, "station": "DENFERT-ROCHEREAU#", "marker-color": "#818181"}}, {"type": "Feature", "geometry": {"type": "Point", "coordinates": [2.3647, 48.826836]}, "properties": {"numparc": 7362, "etat de la localisation": "autre", "ID BDGEO": "146", "horodatage": "2023-05-05 17:56:30", "distance (en metres)": 3841.6, "station": "COURS DE VINCENNES#", "marker-color": "#818181"}}, {"type": "Feature", "geometry": {"type": "Point", "coordinates": [2.36677, 48.826992]}, "properties": {"numparc": 7374, "etat de la localisation": "autre", "ID BDGEO": "37", "horodatage": "2023-05-05 17:56:53", "distance (en metres)": 48.67, "station": "OLYMPIADES", "marker-color": "#818181"}}, {"type": "Feature", "geometry": {"type": "Point", "coordinates": [2.398978, 48.864754]}, "properties": {"numparc": 7393, "etat de la localisation": "autre", "ID BDGEO": "377", "horodatage": "2023-05-05 17:57:22", "distance (en metres)": 5857.29, "station": "DENFERT-ROCHEREAU#", "marker-color": "#818181"}}, {"type": "Feature", "geometry": {"type": "Point", "coordinates": [2.36098, 48.82634]}, "properties": {"numparc": 7362, "etat de la localisation": "autre", "ID BDGEO": "146", "horodatage": "2023-05-05 17:57:40", "distance (en metres)": 4092.79, "station": "COURS DE VINCENNES#", "marker-color": "#818181"}}, {"type": "Feature", "geometry": {"type": "Point", "coordinates": [2.354117, 48.831158]}, "properties": {"numparc": 618, "etat de la localisation": "autre", "ID BDGEO": "377", "horodatage": "2023-05-05 17:58:22", "distance (en metres)": 1441.37, "station": "DENFERT-ROCHEREAU#", "marker-color": "#818181"}}, {"type": "Feature", "geometry": {"type": "Point", "coordinates": [2.359142, 48.827614]}, "properties": {"numparc": 7362, "etat de la localisation": "autre", "ID BDGEO": "146", "horodatage": "2023-05-05 17:58:52", "distance (en metres)": 4123.23, "station": "COURS DE VINCENNES#", "marker-color": "#818181"}}, {"type": "Feature", "geometry": {"type": "Point", "coordinates": [2.400402, 48.861736]}, "properties": {"numparc": 7393, "etat de la localisation": "autre", "ID BDGEO": "377", "horodatage": "2023-05-05 17:59:10", "distance (en metres)": 5750.61, "station": "DENFERT-ROCHEREAU#", "marker-color": "#818181"}}, {"type": "Feature", "geometry": {"type": "Point", "coordinates": [2.348862, 48.829834]}, "properties": {"numparc": 618, "etat de la localisation": "autre", "ID BDGEO": "377", "horodatage": "2023-05-05 18:00:02", "distance (en metres)": 1107.32, "station": "DENFERT-ROCHEREAU#", "marker-color": "#818181"}}, {"type": "Feature", "geometry": {"type": "Point", "coordinates": [2.390315, 48.837078]}, "properties": {"numparc": 7358, "etat de la localisation": "autre", "ID BDGEO": "141", "horodatage": "2023-05-05 18:00:05", "distance (en metres)": 1320.73, "station": "BIBLIOTHEQUE CHEVALERET", "marker-color": "#818181"}}, {"type": "Feature", "geometry": {"type": "Point", "coordinates": [2.343173, 48.831436]}, "properties": {"numparc": 7398, "etat de la localisation": "autre", "ID BDGEO": "350", "horodatage": "2023-05-05 18:00:09", "distance (en metres)": 47.51, "station": "GLACIERE-AUGUSTE BLANQUI", "marker-color": "#818181"}}, {"type": "Feature", "geometry": {"type": "Point", "coordinates": [2.390315, 48.837078]}, "properties": {"numparc": 7358, "etat de la localisation": "autre", "ID BDGEO": "141", "horodatage": "2023-05-05 18:00:19", "distance (en metres)": 1320.73, "station": "BIBLIOTHEQUE CHEVALERET", "marker-color": "#818181"}}, {"type": "Feature", "geometry": {"type": "Point", "coordinates": [2.343173, 48.831436]}, "properties": {"numparc": 7398, "etat de la localisation": "autre", "ID BDGEO": "350", "horodatage": "2023-05-05 18:00:21", "distance (en metres)": 47.51, "station": "GLACIERE-AUGUSTE BLANQUI", "marker-color": "#818181"}}, {"type": "Feature", "geometry": {"type": "Point", "coordinates": [2.402389, 48.859184]}, "properties": {"numparc": 7393, "etat de la localisation": "autre", "ID BDGEO": "377", "horodatage": "2023-05-05 18:00:40", "distance (en metres)": 5725.28, "station": "DENFERT-ROCHEREAU#", "marker-color": "#818181"}}, {"type": "Feature", "geometry": {"type": "Point", "coordinates": [2.371549, 48.827808]}, "properties": {"numparc": 7374, "etat de la localisation": "autre", "ID BDGEO": "154", "horodatage": "2023-05-05 18:00:44", "distance (en metres)": 68.95, "station": "PATAY-TOLBIAC", "marker-color": "#818181"}}, {"type": "Feature", "geometry": {"type": "Point", "coordinates": [2.356785, 48.830395]}, "properties": {"numparc": 7362, "etat de la localisation": "autre", "ID BDGEO": "146", "horodatage": "2023-05-05 18:01:09", "distance (en metres)": 4113.36, "station": "COURS DE VINCENNES#", "marker-color": "#818181"}}, {"type": "Feature", "geometry": {"type": "Point", "coordinates": [2.371697, 48.827877]}, "properties": {"numparc": 7374, "etat de la localisation": "autre", "ID BDGEO": "154", "horodatage": "2023-05-05 18:01:41", "distance (en metres)": 81.99, "station": "PATAY-TOLBIAC", "marker-color": "#818181"}}, {"type": "Feature", "geometry": {"type": "Point", "coordinates": [2.343928, 48.8312]}, "properties": {"numparc": 618, "etat de la localisation": "autre", "ID BDGEO": "377", "horodatage": "2023-05-05 18:02:04", "distance (en metres)": 715.96, "station": "DENFERT-ROCHEREAU#", "marker-color": "#818181"}}, {"type": "Feature", "geometry": {"type": "Point", "coordinates": [2.347522, 48.830448]}, "properties": {"numparc": 7398, "etat de la localisation": "Delocalise", "ID BDGEO": "351", "horodatage": "2023-05-05 18:02:06", "distance (en metres)": 69.99, "station": "CORVISART", "marker-color": "#FF565E"}}, {"type": "Feature", "geometry": {"type": "Point", "coordinates": [2.404949, 48.856136]}, "properties": {"numparc": 7393, "etat de la localisation": "autre", "ID BDGEO": "377", "horodatage": "2023-05-05 18:02:40", "distance (en metres)": 5730.52, "station": "DENFERT-ROCHEREAU#", "marker-color": "#818181"}}, {"type": "Feature", "geometry": {"type": "Point", "coordinates": [2.393614, 48.838959]}, "properties": {"numparc": 7358, "etat de la localisation": "autre", "ID BDGEO": "141", "horodatage": "2023-05-05 18:03:05", "distance (en metres)": 1639.27, "station": "BIBLIOTHEQUE CHEVALERET", "marker-color": "#818181"}}, {"type": "Feature", "geometry": {"type": "Point", "coordinates": [2.370909, 48.827755]}, "properties": {"numparc": 7364, "etat de la localisation": "autre", "ID BDGEO": "111", "horodatage": "2023-05-05 18:03:08", "distance (en metres)": 502.19, "station": "BIBLIOTHEQUE CHEVALERET", "marker-color": "#818181"}}, {"type": "Feature", "geometry": {"type": "Point", "coordinates": [2.356589, 48.831684]}, "properties": {"numparc": 7405, "etat de la localisation": "autre", "ID BDGEO": "367", "horodatage": "2023-05-05 18:03:18", "distance (en metres)": 129.72, "station": "PLACE D'ITALIE-CHOISY", "marker-color": "#818181"}}, {"type": "Feature", "geometry": {"type": "Point", "coordinates": [2.354184, 48.831154]}, "properties": {"numparc": 7362, "etat de la localisation": "autre", "ID BDGEO": "146", "horodatage": "2023-05-05 18:03:48", "distance (en metres)": 4244.19, "station": "COURS DE VINCENNES#", "marker-color": "#818181"}}, {"type": "Feature", "geometry": {"type": "Point", "coordinates": [2.339103, 48.832527]}, "properties": {"numparc": 618, "etat de la localisation": "autre", "ID BDGEO": "377", "horodatage": "2023-05-05 18:03:58", "distance (en metres)": 334.42, "station": "DENFERT-ROCHEREAU#", "marker-color": "#818181"}}, {"type": "Feature", "geometry": {"type": "Point", "coordinates": [2.367907, 48.827282]}, "properties": {"numparc": 7364, "etat de la localisation": "autre", "ID BDGEO": "111", "horodatage": "2023-05-05 18:04:32", "distance (en metres)": 715.76, "station": "BIBLIOTHEQUE CHEVALERET", "marker-color": "#818181"}}, {"type": "Feature", "geometry": {"type": "Point", "coordinates": [2.406065, 48.85252]}, "properties": {"numparc": 7393, "etat de la localisation": "autre", "ID BDGEO": "377", "horodatage": "2023-05-05 18:04:50", "distance (en metres)": 5640.13, "station": "DENFERT-ROCHEREAU#", "marker-color": "#818181"}}, {"type": "Feature", "geometry": {"type": "Point", "coordinates": [2.396951, 48.839554]}, "properties": {"numparc": 7358, "etat de la localisation": "autre", "ID BDGEO": "141", "horodatage": "2023-05-05 18:05:18", "distance (en metres)": 1876.35, "station": "BIBLIOTHEQUE CHEVALERET", "marker-color": "#818181"}}, {"type": "Feature", "geometry": {"type": "Point", "coordinates": [2.349114, 48.829845]}, "properties": {"numparc": 7362, "etat de la localisation": "autre", "ID BDGEO": "146", "horodatage": "2023-05-05 18:05:22", "distance (en metres)": 4641.59, "station": "COURS DE VINCENNES#", "marker-color": "#818181"}}, {"type": "Feature", "geometry": {"type": "Point", "coordinates": [2.33369, 48.834099]}, "properties": {"numparc": 618, "etat de la localisation": "autre", "ID BDGEO": "377", "horodatage": "2023-05-05 18:05:24", "distance (en metres)": 111.69, "station": "DENFERT-ROCHEREAU#", "marker-color": "#818181"}}, {"type": "Feature", "geometry": {"type": "Point", "coordinates": [2.349114, 48.829845]}, "properties": {"numparc": 7362, "etat de la localisation": "autre", "ID BDGEO": "146", "horodatage": "2023-05-05 18:05:27", "distance (en metres)": 4641.59, "station": "COURS DE VINCENNES#", "marker-color": "#818181"}}, {"type": "Feature", "geometry": {"type": "Point", "coordinates": [2.364692, 48.826775]}, "properties": {"numparc": 7364, "etat de la localisation": "autre", "ID BDGEO": "111", "horodatage": "2023-05-05 18:05:56", "distance (en metres)": 950.89, "station": "BIBLIOTHEQUE CHEVALERET", "marker-color": "#818181"}}, {"type": "Feature", "geometry": {"type": "Point", "coordinates": [2.364692, 48.826775]}, "properties": {"numparc": 7364, "etat de la localisation": "autre", "ID BDGEO": "111", "horodatage": "2023-05-05 18:06:13", "distance (en metres)": 950.89, "station": "BIBLIOTHEQUE CHEVALERET", "marker-color": "#818181"}}, {"type": "Feature", "geometry": {"type": "Point", "coordinates": [2.399189, 48.839611]}, "properties": {"numparc": 7358, "etat de la localisation": "autre", "ID BDGEO": "141", "horodatage": "2023-05-05 18:06:34", "distance (en metres)": 2017.25, "station": "BIBLIOTHEQUE CHEVALERET", "marker-color": "#818181"}}, {"type": "Feature", "geometry": {"type": "Point", "coordinates": [2.406365, 48.850422]}, "properties": {"numparc": 7393, "etat de la localisation": "autre", "ID BDGEO": "377", "horodatage": "2023-05-05 18:06:38", "distance (en metres)": 5576.9, "station": "DENFERT-ROCHEREAU#", "marker-color": "#818181"}}, {"type": "Feature", "geometry": {"type": "Point", "coordinates": [2.344072, 48.83123]}, "properties": {"numparc": 7362, "etat de la localisation": "autre", "ID BDGEO": "146", "horodatage": "2023-05-05 18:07:12", "distance (en metres)": 4916.56, "station": "COURS DE VINCENNES#", "marker-color": "#818181"}}, {"type": "Feature", "geometry": {"type": "Point", "coordinates": [2.360996, 48.826271]}, "properties": {"numparc": 7364, "etat de la localisation": "autre", "ID BDGEO": "111", "horodatage": "2023-05-05 18:07:25", "distance (en metres)": 1221.13, "station": "BIBLIOTHEQUE CHEVALERET", "marker-color": "#818181"}}, {"type": "Feature", "geometry": {"type": "Point", "coordinates": [2.339243, 48.832561]}, "properties": {"numparc": 7362, "etat de la localisation": "autre", "ID BDGEO": "146", "horodatage": "2023-05-05 18:08:11", "distance (en metres)": 5194.96, "station": "COURS DE VINCENNES#", "marker-color": "#818181"}}, {"type": "Feature", "geometry": {"type": "Point", "coordinates": [2.406339, 48.848179]}, "properties": {"numparc": 7393, "etat de la localisation": "autre", "ID BDGEO": "377", "horodatage": "2023-05-05 18:08:16", "distance (en metres)": 5495.31, "station": "DENFERT-ROCHEREAU#", "marker-color": "#818181"}}, {"type": "Feature", "geometry": {"type": "Point", "coordinates": [2.403293, 48.83987]}, "properties": {"numparc": 7358, "etat de la localisation": "autre", "ID BDGEO": "141", "horodatage": "2023-05-05 18:08:27", "distance (en metres)": 2291.74, "station": "BIBLIOTHEQUE CHEVALERET", "marker-color": "#818181"}}, {"type": "Feature", "geometry": {"type": "Point", "coordinates": [2.359262, 48.827404]}, "properties": {"numparc": 7364, "etat de la localisation": "autre", "ID BDGEO": "111", "horodatage": "2023-05-05 18:09:29", "distance (en metres)": 1301.3, "station": "BIBLIOTHEQUE CHEVALERET", "marker-color": "#818181"}}, {"type": "Feature", "geometry": {"type": "Point", "coordinates": [2.379343, 48.831955]}, "properties": {"numparc": 7399, "etat de la localisation": "autre", "ID BDGEO": "141", "horodatage": "2023-05-05 18:09:58", "distance (en metres)": 336.54, "station": "BIBLIOTHEQUE CHEVALERET", "marker-color": "#818181"}}, {"type": "Feature", "geometry": {"type": "Point", "coordinates": [2.333863, 48.834087]}, "properties": {"numparc": 7362, "etat de la localisation": "autre", "ID BDGEO": "146", "horodatage": "2023-05-05 18:10:26", "distance (en metres)": 5518.57, "station": "COURS DE VINCENNES#", "marker-color": "#818181"}}, {"type": "Feature", "geometry": {"type": "Point", "coordinates": [2.404939, 48.842258]}, "properties": {"numparc": 7358, "etat de la localisation": "autre", "ID BDGEO": "141", "horodatage": "2023-05-05 18:10:47", "distance (en metres)": 2530.14, "station": "BIBLIOTHEQUE CHEVALERET", "marker-color": "#818181"}}, {"type": "Feature", "geometry": {"type": "Point", "coordinates": [2.405719, 48.844681]}, "properties": {"numparc": 7393, "etat de la localisation": "autre", "ID BDGEO": "377", "horodatage": "2023-05-05 18:10:55", "distance (en metres)": 5347.47, "station": "DENFERT-ROCHEREAU#", "marker-color": "#818181"}}, {"type": "Feature", "geometry": {"type": "Point", "coordinates": [2.35682, 48.8302]}, "properties": {"numparc": 7364, "etat de la localisation": "autre", "ID BDGEO": "111", "horodatage": "2023-05-05 18:11:28", "distance (en metres)": 1435.91, "station": "BIBLIOTHEQUE CHEVALERET", "marker-color": "#818181"}}, {"type": "Feature", "geometry": {"type": "Point", "coordinates": [2.382997, 48.833954]}, "properties": {"numparc": 7399, "etat de la localisation": "autre", "ID BDGEO": "141", "horodatage": "2023-05-05 18:11:59", "distance (en metres)": 684.26, "station": "BIBLIOTHEQUE CHEVALERET", "marker-color": "#818181"}}, {"type": "Feature", "geometry": {"type": "Point", "coordinates": [2.40572, 48.844982]}, "properties": {"numparc": 7358, "etat de la localisation": "autre", "ID BDGEO": "141", "horodatage": "2023-05-05 18:12:19", "distance (en metres)": 2749.89, "station": "BIBLIOTHEQUE CHEVALERET", "marker-color": "#818181"}}, {"type": "Feature", "geometry": {"type": "Point", "coordinates": [2.405197, 48.842754]}, "properties": {"numparc": 7393, "etat de la localisation": "autre", "ID BDGEO": "377", "horodatage": "2023-05-05 18:12:21", "distance (en metres)": 5263.73, "station": "DENFERT-ROCHEREAU#", "marker-color": "#818181"}}, {"type": "Feature", "geometry": {"type": "Point", "coordinates": [2.38587, 48.835529]}, "properties": {"numparc": 7399, "etat de la localisation": "autre", "ID BDGEO": "141", "horodatage": "2023-05-05 18:13:39", "distance (en metres)": 957.94, "station": "BIBLIOTHEQUE CHEVALERET", "marker-color": "#818181"}}, {"type": "Feature", "geometry": {"type": "Point", "coordinates": [2.406346, 48.847996]}, "properties": {"numparc": 7358, "etat de la localisation": "autre", "ID BDGEO": "141", "horodatage": "2023-05-05 18:13:52", "distance (en metres)": 2998.12, "station": "BIBLIOTHEQUE CHEVALERET", "marker-color": "#818181"}}, {"type": "Feature", "geometry": {"type": "Point", "coordinates": [2.393498, 48.838722]}, "properties": {"numparc": 7374, "etat de la localisation": "autre", "ID BDGEO": "134", "horodatage": "2023-05-05 18:13:53", "distance (en metres)": 44.35, "station": "DAUMESNIL-FELIX EBOUE", "marker-color": "#818181"}}, {"type": "Feature", "geometry": {"type": "Point", "coordinates": [2.404124, 48.839985]}, "properties": {"numparc": 7393, "etat de la localisation": "autre", "ID BDGEO": "377", "horodatage": "2023-05-05 18:14:41", "distance (en metres)": 5133.73, "station": "DENFERT-ROCHEREAU#", "marker-color": "#818181"}}, {"type": "Feature", "geometry": {"type": "Point", "coordinates": [2.349078, 48.829712]}, "properties": {"numparc": 7364, "etat de la localisation": "autre", "ID BDGEO": "111", "horodatage": "2023-05-05 18:15:55", "distance (en metres)": 2004.01, "station": "BIBLIOTHEQUE CHEVALERET", "marker-color": "#818181"}}, {"type": "Feature", "geometry": {"type": "Point", "coordinates": [2.390563, 48.837082]}, "properties": {"numparc": 7399, "etat de la localisation": "autre", "ID BDGEO": "141", "horodatage": "2023-05-05 18:16:22", "distance (en metres)": 1335.66, "station": "BIBLIOTHEQUE CHEVALERET", "marker-color": "#818181"}}, {"type": "Feature", "geometry": {"type": "Point", "coordinates": [2.390563, 48.837082]}, "properties": {"numparc": 7399, "etat de la localisation": "autre", "ID BDGEO": "141", "horodatage": "2023-05-05 18:16:36", "distance (en metres)": 1335.66, "station": "BIBLIOTHEQUE CHEVALERET", "marker-color": "#818181"}}, {"type": "Feature", "geometry": {"type": "Point", "coordinates": [2.399555, 48.839752]}, "properties": {"numparc": 7393, "etat de la localisation": "autre", "ID BDGEO": "377", "horodatage": "2023-05-05 18:17:06", "distance (en metres)": 4799.14, "station": "DENFERT-ROCHEREAU#", "marker-color": "#818181"}}, {"type": "Feature", "geometry": {"type": "Point", "coordinates": [2.40613, 48.851025]}, "properties": {"numparc": 7358, "etat de la localisation": "autre", "ID BDGEO": "141", "horodatage": "2023-05-05 18:17:15", "distance (en metres)": 3220.92, "station": "BIBLIOTHEQUE CHEVALERET", "marker-color": "#818181"}}, {"type": "Feature", "geometry": {"type": "Point", "coordinates": [2.344073, 48.831089]}, "properties": {"numparc": 7364, "etat de la localisation": "autre", "ID BDGEO": "111", "horodatage": "2023-05-05 18:17:45", "distance (en metres)": 2369.85, "station": "BIBLIOTHEQUE CHEVALERET", "marker-color": "#818181"}}, {"type": "Feature", "geometry": {"type": "Point", "coordinates": [2.40583, 48.852806]}, "properties": {"numparc": 7358, "etat de la localisation": "autre", "ID BDGEO": "141", "horodatage": "2023-05-05 18:18:08", "distance (en metres)": 3352.55, "station": "BIBLIOTHEQUE CHEVALERET", "marker-color": "#818181"}}, {"type": "Feature", "geometry": {"type": "Point", "coordinates": [2.396955, 48.839718]}, "properties": {"numparc": 7393, "etat de la localisation": "autre", "ID BDGEO": "377", "horodatage": "2023-05-05 18:18:30", "distance (en metres)": 4610.45, "station": "DENFERT-ROCHEREAU#", "marker-color": "#818181"}}, {"type": "Feature", "geometry": {"type": "Point", "coordinates": [2.339086, 48.8325]}, "properties": {"numparc": 7364, "etat de la localisation": "autre", "ID BDGEO": "111", "horodatage": "2023-05-05 18:18:43", "distance (en metres)": 2743.38, "station": "BIBLIOTHEQUE CHEVALERET", "marker-color": "#818181"}}, {"type": "Feature", "geometry": {"type": "Point", "coordinates": [2.396955, 48.839718]}, "properties": {"numparc": 7393, "etat de la localisation": "autre", "ID BDGEO": "377", "horodatage": "2023-05-05 18:19:23", "distance (en metres)": 4610.45, "station": "DENFERT-ROCHEREAU#", "marker-color": "#818181"}}, {"type": "Feature", "geometry": {"type": "Point", "coordinates": [2.403192, 48.839684]}, "properties": {"numparc": 7374, "etat de la localisation": "autre", "ID BDGEO": "143", "horodatage": "2023-05-05 18:19:33", "distance (en metres)": 306.72, "station": "PICPUS-REUILLY", "marker-color": "#818181"}}, {"type": "Feature", "geometry": {"type": "Point", "coordinates": [2.393649, 48.838825]}, "properties": {"numparc": 7399, "etat de la localisation": "autre", "ID BDGEO": "141", "horodatage": "2023-05-05 18:19:34", "distance (en metres)": 1632.42, "station": "BIBLIOTHEQUE CHEVALERET", "marker-color": "#818181"}}, {"type": "Feature", "geometry": {"type": "Point", "coordinates": [2.404483, 48.856316]}, "properties": {"numparc": 7358, "etat de la localisation": "autre", "ID BDGEO": "141", "horodatage": "2023-05-05 18:19:58", "distance (en metres)": 3597.36, "station": "BIBLIOTHEQUE CHEVALERET", "marker-color": "#818181"}}, {"type": "Feature", "geometry": {"type": "Point", "coordinates": [2.394014, 48.839111]}, "properties": {"numparc": 7393, "etat de la localisation": "autre", "ID BDGEO": "377", "horodatage": "2023-05-05 18:20:59", "distance (en metres)": 4387.54, "station": "DENFERT-ROCHEREAU#", "marker-color": "#818181"}}, {"type": "Feature", "geometry": {"type": "Point", "coordinates": [2.33373, 48.834068]}, "properties": {"numparc": 7364, "etat de la localisation": "autre", "ID BDGEO": "111", "horodatage": "2023-05-05 18:21:02", "distance (en metres)": 3151.76, "station": "BIBLIOTHEQUE CHEVALERET", "marker-color": "#818181"}}, {"type": "Feature", "geometry": {"type": "Point", "coordinates": [2.379209, 48.831947]}, "properties": {"numparc": 7398, "etat de la localisation": "autre", "ID BDGEO": "141", "horodatage": "2023-05-05 18:21:31", "distance (en metres)": 328.39, "station": "BIBLIOTHEQUE CHEVALERET", "marker-color": "#818181"}}, {"type": "Feature", "geometry": {"type": "Point", "coordinates": [2.396872, 48.839443]}, "properties": {"numparc": 7399, "etat de la localisation": "autre", "ID BDGEO": "141", "horodatage": "2023-05-05 18:21:42", "distance (en metres)": 1864.67, "station": "BIBLIOTHEQUE CHEVALERET", "marker-color": "#818181"}}, {"type": "Feature", "geometry": {"type": "Point", "coordinates": [2.401381, 48.859226]}, "properties": {"numparc": 7358, "etat de la localisation": "autre", "ID BDGEO": "141", "horodatage": "2023-05-05 18:21:48", "distance (en metres)": 3745.93, "station": "BIBLIOTHEQUE CHEVALERET", "marker-color": "#818181"}}, {"type": "Feature", "geometry": {"type": "Point", "coordinates": [2.404985, 48.842255]}, "properties": {"numparc": 7374, "etat de la localisation": "autre", "ID BDGEO": "143", "horodatage": "2023-05-05 18:21:51", "distance (en metres)": 525.89, "station": "PICPUS-REUILLY", "marker-color": "#818181"}}, {"type": "Feature", "geometry": {"type": "Point", "coordinates": [2.399878, 48.861778]}, "properties": {"numparc": 7358, "etat de la localisation": "autre", "ID BDGEO": "141", "horodatage": "2023-05-05 18:22:59", "distance (en metres)": 3943.63, "station": "BIBLIOTHEQUE CHEVALERET", "marker-color": "#818181"}}, {"type": "Feature", "geometry": {"type": "Point", "coordinates": [2.40578, 48.845028]}, "properties": {"numparc": 7374, "etat de la localisation": "autre", "ID BDGEO": "143", "horodatage": "2023-05-05 18:23:13", "distance (en metres)": 778.21, "station": "PICPUS-REUILLY", "marker-color": "#818181"}}, {"type": "Feature", "geometry": {"type": "Point", "coordinates": [2.382856, 48.833897]}, "properties": {"numparc": 7398, "etat de la localisation": "autre", "ID BDGEO": "141", "horodatage": "2023-05-05 18:23:23", "distance (en metres)": 672.24, "station": "BIBLIOTHEQUE CHEVALERET", "marker-color": "#818181"}}, {"type": "Feature", "geometry": {"type": "Point", "coordinates": [2.390888, 48.83736]}, "properties": {"numparc": 7393, "etat de la localisation": "autre", "ID BDGEO": "377", "horodatage": "2023-05-05 18:23:43", "distance (en metres)": 4135.92, "station": "DENFERT-ROCHEREAU#", "marker-color": "#818181"}}, {"type": "Feature", "geometry": {"type": "Point", "coordinates": [2.398657, 48.864117]}, "properties": {"numparc": 7358, "etat de la localisation": "autre", "ID BDGEO": "141", "horodatage": "2023-05-05 18:24:14", "distance (en metres)": 4140.79, "station": "BIBLIOTHEQUE CHEVALERET", "marker-color": "#818181"}}, {"type": "Feature", "geometry": {"type": "Point", "coordinates": [2.406528, 48.848072]}, "properties": {"numparc": 7374, "etat de la localisation": "autre", "ID BDGEO": "143", "horodatage": "2023-05-05 18:24:55", "distance (en metres)": 1087.84, "station": "PICPUS-REUILLY", "marker-color": "#818181"}}, {"type": "Feature", "geometry": {"type": "Point", "coordinates": [2.385822, 48.835548]}, "properties": {"numparc": 7398, "etat de la localisation": "autre", "ID BDGEO": "141", "horodatage": "2023-05-05 18:25:01", "distance (en metres)": 956.58, "station": "BIBLIOTHEQUE CHEVALERET", "marker-color": "#818181"}}, {"type": "Feature", "geometry": {"type": "Point", "coordinates": [2.398948, 48.865437]}, "properties": {"numparc": 7358, "etat de la localisation": "autre", "ID BDGEO": "141", "horodatage": "2023-05-05 18:25:51", "distance (en metres)": 4283.78, "station": "BIBLIOTHEQUE CHEVALERET", "marker-color": "#818181"}}, {"type": "Feature", "geometry": {"type": "Point", "coordinates": [2.405025, 48.842224]}, "properties": {"numparc": 7399, "etat de la localisation": "autre", "ID BDGEO": "141", "horodatage": "2023-05-05 18:26:07", "distance (en metres)": 2533.43, "station": "BIBLIOTHEQUE CHEVALERET", "marker-color": "#818181"}}, {"type": "Feature", "geometry": {"type": "Point", "coordinates": [2.386257, 48.835735]}, "properties": {"numparc": 7393, "etat de la localisation": "autre", "ID BDGEO": "377", "horodatage": "2023-05-05 18:26:32", "distance (en metres)": 3782.24, "station": "DENFERT-ROCHEREAU#", "marker-color": "#818181"}}, {"type": "Feature", "geometry": {"type": "Point", "coordinates": [2.406294, 48.851173]}, "properties": {"numparc": 7374, "etat de la localisation": "autre", "ID BDGEO": "143", "horodatage": "2023-05-05 18:26:57", "distance (en metres)": 1389.52, "station": "PICPUS-REUILLY", "marker-color": "#818181"}}, {"type": "Feature", "geometry": {"type": "Point", "coordinates": [2.405778, 48.845001]}, "properties": {"numparc": 7399, "etat de la localisation": "autre", "ID BDGEO": "141", "horodatage": "2023-05-05 18:27:24", "distance (en metres)": 2754.55, "station": "BIBLIOTHEQUE CHEVALERET", "marker-color": "#818181"}}, {"type": "Feature", "geometry": {"type": "Point", "coordinates": [2.383318, 48.834164]}, "properties": {"numparc": 7393, "etat de la localisation": "autre", "ID BDGEO": "377", "horodatage": "2023-05-05 18:27:36", "distance (en metres)": 3559.02, "station": "DENFERT-ROCHEREAU#", "marker-color": "#818181"}}, {"type": "Feature", "geometry": {"type": "Point", "coordinates": [2.401803, 48.868633]}, "properties": {"numparc": 7358, "etat de la localisation": "autre", "ID BDGEO": "141", "horodatage": "2023-05-05 18:27:52", "distance (en metres)": 4693.18, "station": "BIBLIOTHEQUE CHEVALERET", "marker-color": "#818181"}}, {"type": "Feature", "geometry": {"type": "Point", "coordinates": [2.366795, 48.826981]}, "properties": {"numparc": 7405, "etat de la localisation": "autre", "ID BDGEO": "37", "horodatage": "2023-05-05 18:28:22", "distance (en metres)": 47.44, "station": "OLYMPIADES", "marker-color": "#818181"}}, {"type": "Feature", "geometry": {"type": "Point", "coordinates": [2.366795, 48.826981]}, "properties": {"numparc": 7405, "etat de la localisation": "autre", "ID BDGEO": "37", "horodatage": "2023-05-05 18:28:34", "distance (en metres)": 47.44, "station": "OLYMPIADES", "marker-color": "#818181"}}, {"type": "Feature", "geometry": {"type": "Point", "coordinates": [2.405964, 48.852932]}, "properties": {"numparc": 7374, "etat de la localisation": "autre", "ID BDGEO": "143", "horodatage": "2023-05-05 18:28:45", "distance (en metres)": 1563.82, "station": "PICPUS-REUILLY", "marker-color": "#818181"}}, {"type": "Feature", "geometry": {"type": "Point", "coordinates": [2.406452, 48.848064]}, "properties": {"numparc": 7399, "etat de la localisation": "autre", "ID BDGEO": "141", "horodatage": "2023-05-05 18:29:01", "distance (en metres)": 3008.98, "station": "BIBLIOTHEQUE CHEVALERET", "marker-color": "#818181"}}, {"type": "Feature", "geometry": {"type": "Point", "coordinates": [2.379253, 48.83197]}, "properties": {"numparc": 7393, "etat de la localisation": "autre", "ID BDGEO": "377", "horodatage": "2023-05-05 18:29:16", "distance (en metres)": 3264.03, "station": "DENFERT-ROCHEREAU#", "marker-color": "#818181"}}, {"type": "Feature", "geometry": {"type": "Point", "coordinates": [2.404001, 48.871265]}, "properties": {"numparc": 7358, "etat de la localisation": "autre", "ID BDGEO": "141", "horodatage": "2023-05-05 18:30:01", "distance (en metres)": 5026.01, "station": "BIBLIOTHEQUE CHEVALERET", "marker-color": "#818181"}}, {"type": "Feature", "geometry": {"type": "Point", "coordinates": [2.403971, 48.871227]}, "properties": {"numparc": 7358, "etat de la localisation": "autre", "ID BDGEO": "141", "horodatage": "2023-05-05 18:30:28", "distance (en metres)": 5021.24, "station": "BIBLIOTHEQUE CHEVALERET", "marker-color": "#818181"}}, {"type": "Feature", "geometry": {"type": "Point", "coordinates": [2.375947, 48.830147]}, "properties": {"numparc": 7393, "etat de la localisation": "autre", "ID BDGEO": "377", "horodatage": "2023-05-05 18:30:37", "distance (en metres)": 3039.45, "station": "DENFERT-ROCHEREAU#", "marker-color": "#818181"}}, {"type": "Feature", "geometry": {"type": "Point", "coordinates": [2.375947, 48.830147]}, "properties": {"numparc": 7393, "etat de la localisation": "autre", "ID BDGEO": "377", "horodatage": "2023-05-05 18:30:42", "distance (en metres)": 3039.45, "station": "DENFERT-ROCHEREAU#", "marker-color": "#818181"}}, {"type": "Feature", "geometry": {"type": "Point", "coordinates": [2.404703, 48.856373]}, "properties": {"numparc": 7374, "etat de la localisation": "autre", "ID BDGEO": "143", "horodatage": "2023-05-05 18:30:48", "distance (en metres)": 1907.3, "station": "PICPUS-REUILLY", "marker-color": "#818181"}}, {"type": "Feature", "geometry": {"type": "Point", "coordinates": [2.371512, 48.827808]}, "properties": {"numparc": 7405, "etat de la localisation": "autre", "ID BDGEO": "154", "horodatage": "2023-05-05 18:30:57", "distance (en metres)": 66.49, "station": "PATAY-TOLBIAC", "marker-color": "#818181"}}, {"type": "Feature", "geometry": {"type": "Point", "coordinates": [2.406249, 48.851166]}, "properties": {"numparc": 7399, "etat de la localisation": "autre", "ID BDGEO": "141", "horodatage": "2023-05-05 18:31:01", "distance (en metres)": 3238.29, "station": "BIBLIOTHEQUE CHEVALERET", "marker-color": "#818181"}}, {"type": "Feature", "geometry": {"type": "Point", "coordinates": [2.405163, 48.874027]}, "properties": {"numparc": 7358, "etat de la localisation": "autre", "ID BDGEO": "141", "horodatage": "2023-05-05 18:31:38", "distance (en metres)": 5341.11, "station": "BIBLIOTHEQUE CHEVALERET", "marker-color": "#818181"}}, {"type": "Feature", "geometry": {"type": "Point", "coordinates": [2.401857, 48.859299]}, "properties": {"numparc": 7374, "etat de la localisation": "autre", "ID BDGEO": "143", "horodatage": "2023-05-05 18:32:40", "distance (en metres)": 2196.42, "station": "PICPUS-REUILLY", "marker-color": "#818181"}}, {"type": "Feature", "geometry": {"type": "Point", "coordinates": [2.405912, 48.852894]}, "properties": {"numparc": 7399, "etat de la localisation": "autre", "ID BDGEO": "141", "horodatage": "2023-05-05 18:32:45", "distance (en metres)": 3363.84, "station": "BIBLIOTHEQUE CHEVALERET", "marker-color": "#818181"}}, {"type": "Feature", "geometry": {"type": "Point", "coordinates": [2.370779, 48.827724]}, "properties": {"numparc": 7393, "etat de la localisation": "autre", "ID BDGEO": "377", "horodatage": "2023-05-05 18:32:47", "distance (en metres)": 2713.4, "station": "DENFERT-ROCHEREAU#", "marker-color": "#818181"}}, {"type": "Feature", "geometry": {"type": "Point", "coordinates": [2.406399, 48.876614]}, "properties": {"numparc": 7358, "etat de la localisation": "autre", "ID BDGEO": "141", "horodatage": "2023-05-05 18:33:05", "distance (en metres)": 5640.84, "station": "BIBLIOTHEQUE CHEVALERET", "marker-color": "#818181"}}, {"type": "Feature", "geometry": {"type": "Point", "coordinates": [2.390423, 48.837051]}, "properties": {"numparc": 7398, "etat de la localisation": "autre", "ID BDGEO": "141", "horodatage": "2023-05-05 18:33:28", "distance (en metres)": 1325.37, "station": "BIBLIOTHEQUE CHEVALERET", "marker-color": "#818181"}}, {"type": "Feature", "geometry": {"type": "Point", "coordinates": [2.367975, 48.827324]}, "properties": {"numparc": 7393, "etat de la localisation": "autre", "ID BDGEO": "377", "horodatage": "2023-05-05 18:33:50", "distance (en metres)": 2525.58, "station": "DENFERT-ROCHEREAU#", "marker-color": "#818181"}}, {"type": "Feature", "geometry": {"type": "Point", "coordinates": [2.390585, 48.837086]}, "properties": {"numparc": 7398, "etat de la localisation": "autre", "ID BDGEO": "141", "horodatage": "2023-05-05 18:33:52", "distance (en metres)": 1337.21, "station": "BIBLIOTHEQUE CHEVALERET", "marker-color": "#818181"}}, {"type": "Feature", "geometry": {"type": "Point", "coordinates": [2.400271, 48.861824]}, "properties": {"numparc": 7374, "etat de la localisation": "autre", "ID BDGEO": "143", "horodatage": "2023-05-05 18:33:57", "distance (en metres)": 2469.01, "station": "PICPUS-REUILLY", "marker-color": "#818181"}}, {"type": "Feature", "geometry": {"type": "Point", "coordinates": [2.407411, 48.849468]}, "properties": {"numparc": 618, "etat de la localisation": "autre", "ID BDGEO": "226", "horodatage": "2023-05-05 18:34:03", "distance (en metres)": 103.83, "station": "LA PLAINE", "marker-color": "#818181"}}, {"type": "Feature", "geometry": {"type": "Point", "coordinates": [2.404671, 48.856411]}, "properties": {"numparc": 7399, "etat de la localisation": "autre", "ID BDGEO": "141", "horodatage": "2023-05-05 18:34:39", "distance (en metres)": 3614.0, "station": "BIBLIOTHEQUE CHEVALERET", "marker-color": "#818181"}}, {"type": "Feature", "geometry": {"type": "Point", "coordinates": [2.399032, 48.864105]}, "properties": {"numparc": 7374, "etat de la localisation": "autre", "ID BDGEO": "143", "horodatage": "2023-05-05 18:35:05", "distance (en metres)": 2720.92, "station": "PICPUS-REUILLY", "marker-color": "#818181"}}, {"type": "Feature", "geometry": {"type": "Point", "coordinates": [2.364954, 48.826855]}, "properties": {"numparc": 7393, "etat de la localisation": "autre", "ID BDGEO": "377", "horodatage": "2023-05-05 18:35:13", "distance (en metres)": 2328.78, "station": "DENFERT-ROCHEREAU#", "marker-color": "#818181"}}, {"type": "Feature", "geometry": {"type": "Point", "coordinates": [2.408547, 48.877129]}, "properties": {"numparc": 7358, "etat de la localisation": "autre", "ID BDGEO": "377", "horodatage": "2023-05-05 18:35:21", "distance (en metres)": 7271.81, "station": "DENFERT-ROCHEREAU#", "marker-color": "#818181"}}, {"type": "Feature", "geometry": {"type": "Point", "coordinates": [2.393563, 48.838837]}, "properties": {"numparc": 7398, "etat de la localisation": "autre", "ID BDGEO": "141", "horodatage": "2023-05-05 18:35:25", "distance (en metres)": 1628.13, "station": "BIBLIOTHEQUE CHEVALERET", "marker-color": "#818181"}}, {"type": "Feature", "geometry": {"type": "Point", "coordinates": [2.399032, 48.864105]}, "properties": {"numparc": 7374, "etat de la localisation": "autre", "ID BDGEO": "143", "horodatage": "2023-05-05 18:35:29", "distance (en metres)": 2720.92, "station": "PICPUS-REUILLY", "marker-color": "#818181"}}, {"type": "Feature", "geometry": {"type": "Point", "coordinates": [2.407857, 48.876614]}, "properties": {"numparc": 7358, "etat de la localisation": "autre", "ID BDGEO": "377", "horodatage": "2023-05-05 18:36:05", "distance (en metres)": 7196.0, "station": "DENFERT-ROCHEREAU#", "marker-color": "#818181"}}, {"type": "Feature", "geometry": {"type": "Point", "coordinates": [2.401749, 48.859413]}, "properties": {"numparc": 7399, "etat de la localisation": "autre", "ID BDGEO": "141", "horodatage": "2023-05-05 18:36:19", "distance (en metres)": 3777.42, "station": "BIBLIOTHEQUE CHEVALERET", "marker-color": "#818181"}}, {"type": "Feature", "geometry": {"type": "Point", "coordinates": [2.361061, 48.826332]}, "properties": {"numparc": 7393, "etat de la localisation": "autre", "ID BDGEO": "377", "horodatage": "2023-05-05 18:36:20", "distance (en metres)": 2080.88, "station": "DENFERT-ROCHEREAU#", "marker-color": "#818181"}}, {"type": "Feature", "geometry": {"type": "Point", "coordinates": [2.399187, 48.865536]}, "properties": {"numparc": 7374, "etat de la localisation": "autre", "ID BDGEO": "143", "horodatage": "2023-05-05 18:36:51", "distance (en metres)": 2880.02, "station": "PICPUS-REUILLY", "marker-color": "#818181"}}, {"type": "Feature", "geometry": {"type": "Point", "coordinates": [2.360316, 48.826248]}, "properties": {"numparc": 7393, "etat de la localisation": "autre", "ID BDGEO": "377", "horodatage": "2023-05-05 18:37:07", "distance (en metres)": 2034.03, "station": "DENFERT-ROCHEREAU#", "marker-color": "#818181"}}, {"type": "Feature", "geometry": {"type": "Point", "coordinates": [2.396697, 48.839466]}, "properties": {"numparc": 7398, "etat de la localisation": "autre", "ID BDGEO": "141", "horodatage": "2023-05-05 18:37:20", "distance (en metres)": 1855.5, "station": "BIBLIOTHEQUE CHEVALERET", "marker-color": "#818181"}}, {"type": "Feature", "geometry": {"type": "Point", "coordinates": [2.400132, 48.861969]}, "properties": {"numparc": 7399, "etat de la localisation": "autre", "ID BDGEO": "141", "horodatage": "2023-05-05 18:37:34", "distance (en metres)": 3970.92, "station": "BIBLIOTHEQUE CHEVALERET", "marker-color": "#818181"}}, {"type": "Feature", "geometry": {"type": "Point", "coordinates": [2.359254, 48.827477]}, "properties": {"numparc": 7393, "etat de la localisation": "autre", "ID BDGEO": "377", "horodatage": "2023-05-05 18:37:46", "distance (en metres)": 1911.73, "station": "DENFERT-ROCHEREAU#", "marker-color": "#818181"}}, {"type": "Feature", "geometry": {"type": "Point", "coordinates": [2.399001, 48.83955]}, "properties": {"numparc": 7398, "etat de la localisation": "autre", "ID BDGEO": "141", "horodatage": "2023-05-05 18:38:37", "distance (en metres)": 2001.97, "station": "BIBLIOTHEQUE CHEVALERET", "marker-color": "#818181"}}, {"type": "Feature", "geometry": {"type": "Point", "coordinates": [2.401762, 48.868664]}, "properties": {"numparc": 7374, "etat de la localisation": "autre", "ID BDGEO": "143", "horodatage": "2023-05-05 18:38:44", "distance (en metres)": 3234.12, "station": "PICPUS-REUILLY", "marker-color": "#818181"}}, {"type": "Feature", "geometry": {"type": "Point", "coordinates": [2.398935, 48.864185]}, "properties": {"numparc": 7399, "etat de la localisation": "autre", "ID BDGEO": "141", "horodatage": "2023-05-05 18:39:01", "distance (en metres)": 4156.03, "station": "BIBLIOTHEQUE CHEVALERET", "marker-color": "#818181"}}, {"type": "Feature", "geometry": {"type": "Point", "coordinates": [2.356942, 48.830311]}, "properties": {"numparc": 7393, "etat de la localisation": "autre", "ID BDGEO": "377", "horodatage": "2023-05-05 18:39:45", "distance (en metres)": 1662.13, "station": "DENFERT-ROCHEREAU#", "marker-color": "#818181"}}, {"type": "Feature", "geometry": {"type": "Point", "coordinates": [2.406906, 48.850254]}, "properties": {"numparc": 618, "etat de la localisation": "autre", "ID BDGEO": "346", "horodatage": "2023-05-05 18:39:50", "distance (en metres)": 66.08, "station": "LAGNY SORTIE#", "marker-color": "#818181"}}, {"type": "Feature", "geometry": {"type": "Point", "coordinates": [2.403199, 48.839771]}, "properties": {"numparc": 7398, "etat de la localisation": "autre", "ID BDGEO": "141", "horodatage": "2023-05-05 18:40:23", "distance (en metres)": 2280.45, "station": "BIBLIOTHEQUE CHEVALERET", "marker-color": "#818181"}}, {"type": "Feature", "geometry": {"type": "Point", "coordinates": [2.403923, 48.871178]}, "properties": {"numparc": 7374, "etat de la localisation": "autre", "ID BDGEO": "143", "horodatage": "2023-05-05 18:40:48", "distance (en metres)": 3525.78, "station": "PICPUS-REUILLY", "marker-color": "#818181"}}, {"type": "Feature", "geometry": {"type": "Point", "coordinates": [2.403923, 48.871178]}, "properties": {"numparc": 7374, "etat de la localisation": "autre", "ID BDGEO": "143", "horodatage": "2023-05-05 18:41:19", "distance (en metres)": 3525.78, "station": "PICPUS-REUILLY", "marker-color": "#818181"}}, {"type": "Feature", "geometry": {"type": "Point", "coordinates": [2.39908, 48.86549]}, "properties": {"numparc": 7399, "etat de la localisation": "autre", "ID BDGEO": "141", "horodatage": "2023-05-05 18:41:26", "distance (en metres)": 4293.07, "station": "BIBLIOTHEQUE CHEVALERET", "marker-color": "#818181"}}, {"type": "Feature", "geometry": {"type": "Point", "coordinates": [2.379267, 48.831921]}, "properties": {"numparc": 7362, "etat de la localisation": "autre", "ID BDGEO": "141", "horodatage": "2023-05-05 18:41:35", "distance (en metres)": 329.81, "station": "BIBLIOTHEQUE CHEVALERET", "marker-color": "#818181"}}, {"type": "Feature", "geometry": {"type": "Point", "coordinates": [2.390111, 48.836967]}, "properties": {"numparc": 7405, "etat de la localisation": "autre", "ID BDGEO": "105", "horodatage": "2023-05-05 18:42:36", "distance (en metres)": 58.47, "station": "CHARENTON-WATTIGNIES", "marker-color": "#818181"}}, {"type": "Feature", "geometry": {"type": "Point", "coordinates": [2.4052, 48.874084]}, "properties": {"numparc": 7374, "etat de la localisation": "autre", "ID BDGEO": "143", "horodatage": "2023-05-05 18:42:39", "distance (en metres)": 3857.31, "station": "PICPUS-REUILLY", "marker-color": "#818181"}}, {"type": "Feature", "geometry": {"type": "Point", "coordinates": [2.404856, 48.842236]}, "properties": {"numparc": 7398, "etat de la localisation": "autre", "ID BDGEO": "141", "horodatage": "2023-05-05 18:42:40", "distance (en metres)": 2523.66, "station": "BIBLIOTHEQUE CHEVALERET", "marker-color": "#818181"}}, {"type": "Feature", "geometry": {"type": "Point", "coordinates": [2.382835, 48.833885]}, "properties": {"numparc": 7362, "etat de la localisation": "autre", "ID BDGEO": "141", "horodatage": "2023-05-05 18:43:24", "distance (en metres)": 670.24, "station": "BIBLIOTHEQUE CHEVALERET", "marker-color": "#818181"}}, {"type": "Feature", "geometry": {"type": "Point", "coordinates": [2.406359, 48.87661]}, "properties": {"numparc": 7374, "etat de la localisation": "autre", "ID BDGEO": "143", "horodatage": "2023-05-05 18:43:40", "distance (en metres)": 4146.45, "station": "PICPUS-REUILLY", "marker-color": "#818181"}}, {"type": "Feature", "geometry": {"type": "Point", "coordinates": [2.354216, 48.831131]}, "properties": {"numparc": 7393, "etat de la localisation": "autre", "ID BDGEO": "377", "horodatage": "2023-05-05 18:43:50", "distance (en metres)": 1449.03, "station": "DENFERT-ROCHEREAU#", "marker-color": "#818181"}}, {"type": "Feature", "geometry": {"type": "Point", "coordinates": [2.401744, 48.868656]}, "properties": {"numparc": 7399, "etat de la localisation": "autre", "ID BDGEO": "141", "horodatage": "2023-05-05 18:43:57", "distance (en metres)": 4693.75, "station": "BIBLIOTHEQUE CHEVALERET", "marker-color": "#818181"}}, {"type": "Feature", "geometry": {"type": "Point", "coordinates": [2.354216, 48.831131]}, "properties": {"numparc": 7393, "etat de la localisation": "autre", "ID BDGEO": "377", "horodatage": "2023-05-05 18:44:02", "distance (en metres)": 1449.03, "station": "DENFERT-ROCHEREAU#", "marker-color": "#818181"}}, {"type": "Feature", "geometry": {"type": "Point", "coordinates": [2.354216, 48.831131]}, "properties": {"numparc": 7393, "etat de la localisation": "autre", "ID BDGEO": "377", "horodatage": "2023-05-05 18:44:12", "distance (en metres)": 1449.03, "station": "DENFERT-ROCHEREAU#", "marker-color": "#818181"}}, {"type": "Feature", "geometry": {"type": "Point", "coordinates": [2.405679, 48.845028]}, "properties": {"numparc": 7398, "etat de la localisation": "autre", "ID BDGEO": "141", "horodatage": "2023-05-05 18:44:22", "distance (en metres)": 2750.57, "station": "BIBLIOTHEQUE CHEVALERET", "marker-color": "#818181"}}, {"type": "Feature", "geometry": {"type": "Point", "coordinates": [2.385805, 48.835533]}, "properties": {"numparc": 7362, "etat de la localisation": "autre", "ID BDGEO": "141", "horodatage": "2023-05-05 18:44:50", "distance (en metres)": 954.54, "station": "BIBLIOTHEQUE CHEVALERET", "marker-color": "#818181"}}, {"type": "Feature", "geometry": {"type": "Point", "coordinates": [2.349093, 48.829857]}, "properties": {"numparc": 7393, "etat de la localisation": "autre", "ID BDGEO": "377", "horodatage": "2023-05-05 18:45:23", "distance (en metres)": 1122.28, "station": "DENFERT-ROCHEREAU#", "marker-color": "#818181"}}, {"type": "Feature", "geometry": {"type": "Point", "coordinates": [2.403937, 48.871136]}, "properties": {"numparc": 7399, "etat de la localisation": "autre", "ID BDGEO": "141", "horodatage": "2023-05-05 18:46:07", "distance (en metres)": 5010.94, "station": "BIBLIOTHEQUE CHEVALERET", "marker-color": "#818181"}}, {"type": "Feature", "geometry": {"type": "Point", "coordinates": [2.40649, 48.848118]}, "properties": {"numparc": 7398, "etat de la localisation": "autre", "ID BDGEO": "141", "horodatage": "2023-05-05 18:46:08", "distance (en metres)": 3015.01, "station": "BIBLIOTHEQUE CHEVALERET", "marker-color": "#818181"}}, {"type": "Feature", "geometry": {"type": "Point", "coordinates": [2.40848, 48.877132]}, "properties": {"numparc": 7374, "etat de la localisation": "autre", "ID BDGEO": "377", "horodatage": "2023-05-05 18:46:24", "distance (en metres)": 7268.46, "station": "DENFERT-ROCHEREAU#", "marker-color": "#818181"}}, {"type": "Feature", "geometry": {"type": "Point", "coordinates": [2.408288, 48.876667]}, "properties": {"numparc": 7374, "etat de la localisation": "autre", "ID BDGEO": "377", "horodatage": "2023-05-05 18:47:11", "distance (en metres)": 7223.44, "station": "DENFERT-ROCHEREAU#", "marker-color": "#818181"}}, {"type": "Feature", "geometry": {"type": "Point", "coordinates": [2.344179, 48.831154]}, "properties": {"numparc": 7393, "etat de la localisation": "autre", "ID BDGEO": "377", "horodatage": "2023-05-05 18:47:14", "distance (en metres)": 734.96, "station": "DENFERT-ROCHEREAU#", "marker-color": "#818181"}}, {"type": "Feature", "geometry": {"type": "Point", "coordinates": [2.405165, 48.873993]}, "properties": {"numparc": 7399, "etat de la localisation": "autre", "ID BDGEO": "141", "horodatage": "2023-05-05 18:48:05", "distance (en metres)": 5337.67, "station": "BIBLIOTHEQUE CHEVALERET", "marker-color": "#818181"}}, {"type": "Feature", "geometry": {"type": "Point", "coordinates": [2.406373, 48.851086]}, "properties": {"numparc": 7398, "etat de la localisation": "autre", "ID BDGEO": "141", "horodatage": "2023-05-05 18:49:05", "distance (en metres)": 3238.11, "station": "BIBLIOTHEQUE CHEVALERET", "marker-color": "#818181"}}, {"type": "Feature", "geometry": {"type": "Point", "coordinates": [2.406276, 48.87653]}, "properties": {"numparc": 7399, "etat de la localisation": "autre", "ID BDGEO": "141", "horodatage": "2023-05-05 18:49:06", "distance (en metres)": 5628.7, "station": "BIBLIOTHEQUE CHEVALERET", "marker-color": "#818181"}}, {"type": "Feature", "geometry": {"type": "Point", "coordinates": [2.406335, 48.876652]}, "properties": {"numparc": 7358, "etat de la localisation": "autre", "ID BDGEO": "377", "horodatage": "2023-05-05 18:49:29", "distance (en metres)": 7116.46, "station": "DENFERT-ROCHEREAU#", "marker-color": "#818181"}}, {"type": "Feature", "geometry": {"type": "Point", "coordinates": [2.403146, 48.839668]}, "properties": {"numparc": 7405, "etat de la localisation": "autre", "ID BDGEO": "143", "horodatage": "2023-05-05 18:49:43", "distance (en metres)": 303.33, "station": "PICPUS-REUILLY", "marker-color": "#818181"}}, {"type": "Feature", "geometry": {"type": "Point", "coordinates": [2.406077, 48.852814]}, "properties": {"numparc": 7398, "etat de la localisation": "autre", "ID BDGEO": "141", "horodatage": "2023-05-05 18:50:08", "distance (en metres)": 3365.08, "station": "BIBLIOTHEQUE CHEVALERET", "marker-color": "#818181"}}, {"type": "Feature", "geometry": {"type": "Point", "coordinates": [2.333863, 48.83403]}, "properties": {"numparc": 7393, "etat de la localisation": "autre", "ID BDGEO": "377", "horodatage": "2023-05-05 18:50:44", "distance (en metres)": 97.64, "station": "DENFERT-ROCHEREAU#", "marker-color": "#818181"}}, {"type": "Feature", "geometry": {"type": "Point", "coordinates": [2.404714, 48.872429]}, "properties": {"numparc": 7358, "etat de la localisation": "autre", "ID BDGEO": "377", "horodatage": "2023-05-05 18:51:12", "distance (en metres)": 6716.84, "station": "DENFERT-ROCHEREAU#", "marker-color": "#818181"}}, {"type": "Feature", "geometry": {"type": "Point", "coordinates": [2.404553, 48.87215]}, "properties": {"numparc": 7358, "etat de la localisation": "autre", "ID BDGEO": "377", "horodatage": "2023-05-05 18:51:46", "distance (en metres)": 6687.85, "station": "DENFERT-ROCHEREAU#", "marker-color": "#818181"}}, {"type": "Feature", "geometry": {"type": "Point", "coordinates": [2.404892, 48.8563]}, "properties": {"numparc": 7398, "etat de la localisation": "autre", "ID BDGEO": "141", "horodatage": "2023-05-05 18:51:49", "distance (en metres)": 3613.56, "station": "BIBLIOTHEQUE CHEVALERET", "marker-color": "#818181"}}, {"type": "Feature", "geometry": {"type": "Point", "coordinates": [2.390231, 48.837009]}, "properties": {"numparc": 7362, "etat de la localisation": "autre", "ID BDGEO": "141", "horodatage": "2023-05-05 18:51:54", "distance (en metres)": 1311.25, "station": "BIBLIOTHEQUE CHEVALERET", "marker-color": "#818181"}}, {"type": "Feature", "geometry": {"type": "Point", "coordinates": [2.408507, 48.877228]}, "properties": {"numparc": 7399, "etat de la localisation": "autre", "ID BDGEO": "377", "horodatage": "2023-05-05 18:51:56", "distance (en metres)": 7277.03, "station": "DENFERT-ROCHEREAU#", "marker-color": "#818181"}}, {"type": "Feature", "geometry": {"type": "Point", "coordinates": [2.404809, 48.842182]}, "properties": {"numparc": 7405, "etat de la localisation": "autre", "ID BDGEO": "143", "horodatage": "2023-05-05 18:51:59", "distance (en metres)": 510.71, "station": "PICPUS-REUILLY", "marker-color": "#818181"}}, {"type": "Feature", "geometry": {"type": "Point", "coordinates": [2.401218, 48.868004]}, "properties": {"numparc": 7358, "etat de la localisation": "autre", "ID BDGEO": "377", "horodatage": "2023-05-05 18:53:07", "distance (en metres)": 6207.18, "station": "DENFERT-ROCHEREAU#", "marker-color": "#818181"}}, {"type": "Feature", "geometry": {"type": "Point", "coordinates": [2.401218, 48.868004]}, "properties": {"numparc": 7358, "etat de la localisation": "autre", "ID BDGEO": "377", "horodatage": "2023-05-05 18:53:13", "distance (en metres)": 6207.18, "station": "DENFERT-ROCHEREAU#", "marker-color": "#818181"}}, {"type": "Feature", "geometry": {"type": "Point", "coordinates": [2.401864, 48.859341]}, "properties": {"numparc": 7398, "etat de la localisation": "autre", "ID BDGEO": "141", "horodatage": "2023-05-05 18:53:25", "distance (en metres)": 3774.72, "station": "BIBLIOTHEQUE CHEVALERET", "marker-color": "#818181"}}, {"type": "Feature", "geometry": {"type": "Point", "coordinates": [2.405751, 48.844978]}, "properties": {"numparc": 7405, "etat de la localisation": "autre", "ID BDGEO": "143", "horodatage": "2023-05-05 18:53:26", "distance (en metres)": 772.61, "station": "PICPUS-REUILLY", "marker-color": "#818181"}}, {"type": "Feature", "geometry": {"type": "Point", "coordinates": [2.379119, 48.831955]}, "properties": {"numparc": 7364, "etat de la localisation": "autre", "ID BDGEO": "141", "horodatage": "2023-05-05 18:54:46", "distance (en metres)": 323.89, "station": "BIBLIOTHEQUE CHEVALERET", "marker-color": "#818181"}}, {"type": "Feature", "geometry": {"type": "Point", "coordinates": [2.399279, 48.865746]}, "properties": {"numparc": 7358, "etat de la localisation": "autre", "ID BDGEO": "377", "horodatage": "2023-05-05 18:54:48", "distance (en metres)": 5941.16, "station": "DENFERT-ROCHEREAU#", "marker-color": "#818181"}}, {"type": "Feature", "geometry": {"type": "Point", "coordinates": [2.400211, 48.861904]}, "properties": {"numparc": 7398, "etat de la localisation": "autre", "ID BDGEO": "141", "horodatage": "2023-05-05 18:54:48", "distance (en metres)": 3967.09, "station": "BIBLIOTHEQUE CHEVALERET", "marker-color": "#818181"}}, {"type": "Feature", "geometry": {"type": "Point", "coordinates": [2.393552, 48.838825]}, "properties": {"numparc": 7362, "etat de la localisation": "autre", "ID BDGEO": "141", "horodatage": "2023-05-05 18:54:48", "distance (en metres)": 1626.72, "station": "BIBLIOTHEQUE CHEVALERET", "marker-color": "#818181"}}, {"type": "Feature", "geometry": {"type": "Point", "coordinates": [2.406455, 48.848072]}, "properties": {"numparc": 7405, "etat de la localisation": "autre", "ID BDGEO": "143", "horodatage": "2023-05-05 18:55:14", "distance (en metres)": 1085.15, "station": "PICPUS-REUILLY", "marker-color": "#818181"}}, {"type": "Feature", "geometry": {"type": "Point", "coordinates": [2.398923, 48.864166]}, "properties": {"numparc": 7398, "etat de la localisation": "autre", "ID BDGEO": "141", "horodatage": "2023-05-05 18:55:54", "distance (en metres)": 4153.73, "station": "BIBLIOTHEQUE CHEVALERET", "marker-color": "#818181"}}, {"type": "Feature", "geometry": {"type": "Point", "coordinates": [2.396991, 48.839493]}, "properties": {"numparc": 7362, "etat de la localisation": "autre", "ID BDGEO": "141", "horodatage": "2023-05-05 18:56:01", "distance (en metres)": 1874.97, "station": "BIBLIOTHEQUE CHEVALERET", "marker-color": "#818181"}}, {"type": "Feature", "geometry": {"type": "Point", "coordinates": [2.398831, 48.864418]}, "properties": {"numparc": 7358, "etat de la localisation": "autre", "ID BDGEO": "377", "horodatage": "2023-05-05 18:56:06", "distance (en metres)": 5826.45, "station": "DENFERT-ROCHEREAU#", "marker-color": "#818181"}}, {"type": "Feature", "geometry": {"type": "Point", "coordinates": [2.406226, 48.851097]}, "properties": {"numparc": 7405, "etat de la localisation": "autre", "ID BDGEO": "143", "horodatage": "2023-05-05 18:56:23", "distance (en metres)": 1379.77, "station": "PICPUS-REUILLY", "marker-color": "#818181"}}, {"type": "Feature", "geometry": {"type": "Point", "coordinates": [2.382735, 48.834034]}, "properties": {"numparc": 7364, "etat de la localisation": "autre", "ID BDGEO": "141", "horodatage": "2023-05-05 18:56:55", "distance (en metres)": 675.3, "station": "BIBLIOTHEQUE CHEVALERET", "marker-color": "#818181"}}, {"type": "Feature", "geometry": {"type": "Point", "coordinates": [2.405953, 48.852898]}, "properties": {"numparc": 7405, "etat de la localisation": "autre", "ID BDGEO": "143", "horodatage": "2023-05-05 18:57:48", "distance (en metres)": 1559.95, "station": "PICPUS-REUILLY", "marker-color": "#818181"}}, {"type": "Feature", "geometry": {"type": "Point", "coordinates": [2.399179, 48.865543]}, "properties": {"numparc": 7398, "etat de la localisation": "autre", "ID BDGEO": "141", "horodatage": "2023-05-05 18:57:53", "distance (en metres)": 4301.4, "station": "BIBLIOTHEQUE CHEVALERET", "marker-color": "#818181"}}, {"type": "Feature", "geometry": {"type": "Point", "coordinates": [2.400312, 48.861382]}, "properties": {"numparc": 7358, "etat de la localisation": "autre", "ID BDGEO": "377", "horodatage": "2023-05-05 18:57:59", "distance (en metres)": 5723.53, "station": "DENFERT-ROCHEREAU#", "marker-color": "#818181"}}, {"type": "Feature", "geometry": {"type": "Point", "coordinates": [2.408493, 48.876774]}, "properties": {"numparc": 7399, "etat de la localisation": "autre", "ID BDGEO": "377", "horodatage": "2023-05-05 18:58:10", "distance (en metres)": 7242.54, "station": "DENFERT-ROCHEREAU#", "marker-color": "#818181"}}, {"type": "Feature", "geometry": {"type": "Point", "coordinates": [2.408358, 48.876873]}, "properties": {"numparc": 7374, "etat de la localisation": "autre", "ID BDGEO": "377", "horodatage": "2023-05-05 18:58:36", "distance (en metres)": 7242.54, "station": "DENFERT-ROCHEREAU#", "marker-color": "#818181"}}, {"type": "Feature", "geometry": {"type": "Point", "coordinates": [2.404934, 48.842167]}, "properties": {"numparc": 7362, "etat de la localisation": "autre", "ID BDGEO": "141", "horodatage": "2023-05-05 18:58:37", "distance (en metres)": 2524.39, "station": "BIBLIOTHEQUE CHEVALERET", "marker-color": "#818181"}}, {"type": "Feature", "geometry": {"type": "Point", "coordinates": [2.385775, 48.835598]}, "properties": {"numparc": 7364, "etat de la localisation": "autre", "ID BDGEO": "141", "horodatage": "2023-05-05 18:58:56", "distance (en metres)": 957.47, "station": "BIBLIOTHEQUE CHEVALERET", "marker-color": "#818181"}}, {"type": "Feature", "geometry": {"type": "Point", "coordinates": [2.402199, 48.859047]}, "properties": {"numparc": 7358, "etat de la localisation": "autre", "ID BDGEO": "377", "horodatage": "2023-05-05 18:59:15", "distance (en metres)": 5705.6, "station": "DENFERT-ROCHEREAU#", "marker-color": "#818181"}}, {"type": "Feature", "geometry": {"type": "Point", "coordinates": [2.401894, 48.868671]}, "properties": {"numparc": 7398, "etat de la localisation": "autre", "ID BDGEO": "141", "horodatage": "2023-05-05 18:59:33", "distance (en metres)": 4699.76, "station": "BIBLIOTHEQUE CHEVALERET", "marker-color": "#818181"}}, {"type": "Feature", "geometry": {"type": "Point", "coordinates": [2.404724, 48.856403]}, "properties": {"numparc": 7405, "etat de la localisation": "autre", "ID BDGEO": "143", "horodatage": "2023-05-05 18:59:39", "distance (en metres)": 1910.94, "station": "PICPUS-REUILLY", "marker-color": "#818181"}}, {"type": "Feature", "geometry": {"type": "Point", "coordinates": [2.407869, 48.87674]}, "properties": {"numparc": 7374, "etat de la localisation": "autre", "ID BDGEO": "377", "horodatage": "2023-05-05 18:59:52", "distance (en metres)": 7206.02, "station": "DENFERT-ROCHEREAU#", "marker-color": "#818181"}}, {"type": "Feature", "geometry": {"type": "Point", "coordinates": [2.405748, 48.844955]}, "properties": {"numparc": 7362, "etat de la localisation": "autre", "ID BDGEO": "141", "horodatage": "2023-05-05 19:00:11", "distance (en metres)": 2749.73, "station": "BIBLIOTHEQUE CHEVALERET", "marker-color": "#818181"}}, {"type": "Feature", "geometry": {"type": "Point", "coordinates": [2.407756, 48.876656]}, "properties": {"numparc": 7374, "etat de la localisation": "autre", "ID BDGEO": "377", "horodatage": "2023-05-05 19:00:17", "distance (en metres)": 7193.63, "station": "DENFERT-ROCHEREAU#", "marker-color": "#818181"}}, {"type": "Feature", "geometry": {"type": "Point", "coordinates": [2.408384, 48.876732]}, "properties": {"numparc": 7399, "etat de la localisation": "autre", "ID BDGEO": "377", "horodatage": "2023-05-05 19:00:25", "distance (en metres)": 7233.49, "station": "DENFERT-ROCHEREAU#", "marker-color": "#818181"}}, {"type": "Feature", "geometry": {"type": "Point", "coordinates": [2.404876, 48.856125]}, "properties": {"numparc": 7358, "etat de la localisation": "autre", "ID BDGEO": "377", "horodatage": "2023-05-05 19:01:08", "distance (en metres)": 5725.16, "station": "DENFERT-ROCHEREAU#", "marker-color": "#818181"}}, {"type": "Feature", "geometry": {"type": "Point", "coordinates": [2.401744, 48.859318]}, "properties": {"numparc": 7405, "etat de la localisation": "autre", "ID BDGEO": "143", "horodatage": "2023-05-05 19:01:26", "distance (en metres)": 2197.76, "station": "PICPUS-REUILLY", "marker-color": "#818181"}}, {"type": "Feature", "geometry": {"type": "Point", "coordinates": [2.406509, 48.848137]}, "properties": {"numparc": 7362, "etat de la localisation": "autre", "ID BDGEO": "141", "horodatage": "2023-05-05 19:02:00", "distance (en metres)": 3017.45, "station": "BIBLIOTHEQUE CHEVALERET", "marker-color": "#818181"}}, {"type": "Feature", "geometry": {"type": "Point", "coordinates": [2.406304, 48.876663]}, "properties": {"numparc": 7374, "etat de la localisation": "autre", "ID BDGEO": "377", "horodatage": "2023-05-05 19:02:16", "distance (en metres)": 7115.63, "station": "DENFERT-ROCHEREAU#", "marker-color": "#818181"}}, {"type": "Feature", "geometry": {"type": "Point", "coordinates": [2.40019, 48.861893]}, "properties": {"numparc": 7405, "etat de la localisation": "autre", "ID BDGEO": "143", "horodatage": "2023-05-05 19:02:49", "distance (en metres)": 2476.42, "station": "PICPUS-REUILLY", "marker-color": "#818181"}}, {"type": "Feature", "geometry": {"type": "Point", "coordinates": [2.406058, 48.85257]}, "properties": {"numparc": 7358, "etat de la localisation": "autre", "ID BDGEO": "377", "horodatage": "2023-05-05 19:03:12", "distance (en metres)": 5641.74, "station": "DENFERT-ROCHEREAU#", "marker-color": "#818181"}}, {"type": "Feature", "geometry": {"type": "Point", "coordinates": [2.405755, 48.874851]}, "properties": {"numparc": 7374, "etat de la localisation": "autre", "ID BDGEO": "377", "horodatage": "2023-05-05 19:03:13", "distance (en metres)": 6950.82, "station": "DENFERT-ROCHEREAU#", "marker-color": "#818181"}}, {"type": "Feature", "geometry": {"type": "Point", "coordinates": [2.390192, 48.837074]}, "properties": {"numparc": 7364, "etat de la localisation": "autre", "ID BDGEO": "141", "horodatage": "2023-05-05 19:03:49", "distance (en metres)": 1313.22, "station": "BIBLIOTHEQUE CHEVALERET", "marker-color": "#818181"}}, {"type": "Feature", "geometry": {"type": "Point", "coordinates": [2.406079, 48.852356]}, "properties": {"numparc": 7358, "etat de la localisation": "autre", "ID BDGEO": "377", "horodatage": "2023-05-05 19:03:51", "distance (en metres)": 5634.23, "station": "DENFERT-ROCHEREAU#", "marker-color": "#818181"}}, {"type": "Feature", "geometry": {"type": "Point", "coordinates": [2.408384, 48.876732]}, "properties": {"numparc": 7399, "etat de la localisation": "autre", "ID BDGEO": "377", "horodatage": "2023-05-05 19:04:09", "distance (en metres)": 7233.49, "station": "DENFERT-ROCHEREAU#", "marker-color": "#818181"}}, {"type": "Feature", "geometry": {"type": "Point", "coordinates": [2.404867, 48.872559]}, "properties": {"numparc": 7374, "etat de la localisation": "autre", "ID BDGEO": "377", "horodatage": "2023-05-05 19:04:11", "distance (en metres)": 6734.69, "station": "DENFERT-ROCHEREAU#", "marker-color": "#818181"}}, {"type": "Feature", "geometry": {"type": "Point", "coordinates": [2.398889, 48.864147]}, "properties": {"numparc": 7405, "etat de la localisation": "autre", "ID BDGEO": "143", "horodatage": "2023-05-05 19:04:12", "distance (en metres)": 2725.6, "station": "PICPUS-REUILLY", "marker-color": "#818181"}}, {"type": "Feature", "geometry": {"type": "Point", "coordinates": [2.404083, 48.871239]}, "properties": {"numparc": 7398, "etat de la localisation": "autre", "ID BDGEO": "141", "horodatage": "2023-05-05 19:04:26", "distance (en metres)": 5025.78, "station": "BIBLIOTHEQUE CHEVALERET", "marker-color": "#818181"}}, {"type": "Feature", "geometry": {"type": "Point", "coordinates": [2.406379, 48.850307]}, "properties": {"numparc": 7358, "etat de la localisation": "autre", "ID BDGEO": "377", "horodatage": "2023-05-05 19:05:20", "distance (en metres)": 5573.56, "station": "DENFERT-ROCHEREAU#", "marker-color": "#818181"}}, {"type": "Feature", "geometry": {"type": "Point", "coordinates": [2.407827, 48.876602]}, "properties": {"numparc": 7399, "etat de la localisation": "autre", "ID BDGEO": "377", "horodatage": "2023-05-05 19:05:20", "distance (en metres)": 7193.52, "station": "DENFERT-ROCHEREAU#", "marker-color": "#818181"}}, {"type": "Feature", "geometry": {"type": "Point", "coordinates": [2.393441, 48.838867]}, "properties": {"numparc": 7364, "etat de la localisation": "autre", "ID BDGEO": "141", "horodatage": "2023-05-05 19:05:36", "distance (en metres)": 1623.02, "station": "BIBLIOTHEQUE CHEVALERET", "marker-color": "#818181"}}, {"type": "Feature", "geometry": {"type": "Point", "coordinates": [2.399193, 48.865479]}, "properties": {"numparc": 7405, "etat de la localisation": "autre", "ID BDGEO": "143", "horodatage": "2023-05-05 19:05:40", "distance (en metres)": 2873.66, "station": "PICPUS-REUILLY", "marker-color": "#818181"}}, {"type": "Feature", "geometry": {"type": "Point", "coordinates": [2.407827, 48.876602]}, "properties": {"numparc": 7399, "etat de la localisation": "autre", "ID BDGEO": "377", "horodatage": "2023-05-05 19:05:46", "distance (en metres)": 7193.52, "station": "DENFERT-ROCHEREAU#", "marker-color": "#818181"}}, {"type": "Feature", "geometry": {"type": "Point", "coordinates": [2.405372, 48.874035]}, "properties": {"numparc": 7398, "etat de la localisation": "autre", "ID BDGEO": "141", "horodatage": "2023-05-05 19:06:19", "distance (en metres)": 5348.06, "station": "BIBLIOTHEQUE CHEVALERET", "marker-color": "#818181"}}, {"type": "Feature", "geometry": {"type": "Point", "coordinates": [2.406362, 48.851162]}, "properties": {"numparc": 7362, "etat de la localisation": "autre", "ID BDGEO": "141", "horodatage": "2023-05-05 19:06:25", "distance (en metres)": 3243.69, "station": "BIBLIOTHEQUE CHEVALERET", "marker-color": "#818181"}}, {"type": "Feature", "geometry": {"type": "Point", "coordinates": [2.406378, 48.848183]}, "properties": {"numparc": 7358, "etat de la localisation": "autre", "ID BDGEO": "377", "horodatage": "2023-05-05 19:06:38", "distance (en metres)": 5498.17, "station": "DENFERT-ROCHEREAU#", "marker-color": "#818181"}}, {"type": "Feature", "geometry": {"type": "Point", "coordinates": [2.40607, 48.852955]}, "properties": {"numparc": 7362, "etat de la localisation": "autre", "ID BDGEO": "141", "horodatage": "2023-05-05 19:07:35", "distance (en metres)": 3376.56, "station": "BIBLIOTHEQUE CHEVALERET", "marker-color": "#818181"}}, {"type": "Feature", "geometry": {"type": "Point", "coordinates": [2.406421, 48.876583]}, "properties": {"numparc": 7398, "etat de la localisation": "autre", "ID BDGEO": "141", "horodatage": "2023-05-05 19:07:46", "distance (en metres)": 5638.36, "station": "BIBLIOTHEQUE CHEVALERET", "marker-color": "#818181"}}, {"type": "Feature", "geometry": {"type": "Point", "coordinates": [2.401358, 48.868172]}, "properties": {"numparc": 7374, "etat de la localisation": "autre", "ID BDGEO": "377", "horodatage": "2023-05-05 19:07:47", "distance (en metres)": 6226.79, "station": "DENFERT-ROCHEREAU#", "marker-color": "#818181"}}, {"type": "Feature", "geometry": {"type": "Point", "coordinates": [2.401923, 48.868572]}, "properties": {"numparc": 7405, "etat de la localisation": "autre", "ID BDGEO": "143", "horodatage": "2023-05-05 19:07:49", "distance (en metres)": 3224.72, "station": "PICPUS-REUILLY", "marker-color": "#818181"}}, {"type": "Feature", "geometry": {"type": "Point", "coordinates": [2.396651, 48.839592]}, "properties": {"numparc": 7364, "etat de la localisation": "autre", "ID BDGEO": "141", "horodatage": "2023-05-05 19:07:56", "distance (en metres)": 1860.65, "station": "BIBLIOTHEQUE CHEVALERET", "marker-color": "#818181"}}, {"type": "Feature", "geometry": {"type": "Point", "coordinates": [2.40607, 48.852955]}, "properties": {"numparc": 7362, "etat de la localisation": "autre", "ID BDGEO": "141", "horodatage": "2023-05-05 19:08:00", "distance (en metres)": 3376.56, "station": "BIBLIOTHEQUE CHEVALERET", "marker-color": "#818181"}}, {"type": "Feature", "geometry": {"type": "Point", "coordinates": [2.399477, 48.866005]}, "properties": {"numparc": 7374, "etat de la localisation": "autre", "ID BDGEO": "377", "horodatage": "2023-05-05 19:08:47", "distance (en metres)": 5970.17, "station": "DENFERT-ROCHEREAU#", "marker-color": "#818181"}}, {"type": "Feature", "geometry": {"type": "Point", "coordinates": [2.398961, 48.839657]}, "properties": {"numparc": 7364, "etat de la localisation": "autre", "ID BDGEO": "141", "horodatage": "2023-05-05 19:09:06", "distance (en metres)": 2005.78, "station": "BIBLIOTHEQUE CHEVALERET", "marker-color": "#818181"}}, {"type": "Feature", "geometry": {"type": "Point", "coordinates": [2.406314, 48.87664]}, "properties": {"numparc": 7399, "etat de la localisation": "autre", "ID BDGEO": "377", "horodatage": "2023-05-05 19:09:07", "distance (en metres)": 7114.45, "station": "DENFERT-ROCHEREAU#", "marker-color": "#818181"}}, {"type": "Feature", "geometry": {"type": "Point", "coordinates": [2.404803, 48.85643]}, "properties": {"numparc": 7362, "etat de la localisation": "autre", "ID BDGEO": "141", "horodatage": "2023-05-05 19:09:10", "distance (en metres)": 3621.39, "station": "BIBLIOTHEQUE CHEVALERET", "marker-color": "#818181"}}, {"type": "Feature", "geometry": {"type": "Point", "coordinates": [2.398961, 48.839657]}, "properties": {"numparc": 7364, "etat de la localisation": "autre", "ID BDGEO": "141", "horodatage": "2023-05-05 19:09:15", "distance (en metres)": 2005.78, "station": "BIBLIOTHEQUE CHEVALERET", "marker-color": "#818181"}}, {"type": "Feature", "geometry": {"type": "Point", "coordinates": [2.406372, 48.84816]}, "properties": {"numparc": 7358, "etat de la localisation": "autre", "ID BDGEO": "377", "horodatage": "2023-05-05 19:10:21", "distance (en metres)": 5496.99, "station": "DENFERT-ROCHEREAU#", "marker-color": "#818181"}}, {"type": "Feature", "geometry": {"type": "Point", "coordinates": [2.398922, 48.864658]}, "properties": {"numparc": 7374, "etat de la localisation": "autre", "ID BDGEO": "377", "horodatage": "2023-05-05 19:10:42", "distance (en metres)": 5847.68, "station": "DENFERT-ROCHEREAU#", "marker-color": "#818181"}}, {"type": "Feature", "geometry": {"type": "Point", "coordinates": [2.402969, 48.839771]}, "properties": {"numparc": 7364, "etat de la localisation": "autre", "ID BDGEO": "141", "horodatage": "2023-05-05 19:10:59", "distance (en metres)": 2265.64, "station": "BIBLIOTHEQUE CHEVALERET", "marker-color": "#818181"}}, {"type": "Feature", "geometry": {"type": "Point", "coordinates": [2.405771, 48.87495]}, "properties": {"numparc": 7399, "etat de la localisation": "autre", "ID BDGEO": "377", "horodatage": "2023-05-05 19:11:00", "distance (en metres)": 6959.02, "station": "DENFERT-ROCHEREAU#", "marker-color": "#818181"}}, {"type": "Feature", "geometry": {"type": "Point", "coordinates": [2.401658, 48.859497]}, "properties": {"numparc": 7362, "etat de la localisation": "autre", "ID BDGEO": "141", "horodatage": "2023-05-05 19:11:58", "distance (en metres)": 3782.15, "station": "BIBLIOTHEQUE CHEVALERET", "marker-color": "#818181"}}, {"type": "Feature", "geometry": {"type": "Point", "coordinates": [2.40484, 48.872593]}, "properties": {"numparc": 7399, "etat de la localisation": "autre", "ID BDGEO": "377", "horodatage": "2023-05-05 19:12:13", "distance (en metres)": 6735.67, "station": "DENFERT-ROCHEREAU#", "marker-color": "#818181"}}, {"type": "Feature", "geometry": {"type": "Point", "coordinates": [2.404724, 48.84227]}, "properties": {"numparc": 7364, "etat de la localisation": "autre", "ID BDGEO": "141", "horodatage": "2023-05-05 19:12:17", "distance (en metres)": 2517.55, "station": "BIBLIOTHEQUE CHEVALERET", "marker-color": "#818181"}}, {"type": "Feature", "geometry": {"type": "Point", "coordinates": [2.405659, 48.844513]}, "properties": {"numparc": 7358, "etat de la localisation": "autre", "ID BDGEO": "377", "horodatage": "2023-05-05 19:12:24", "distance (en metres)": 5338.84, "station": "DENFERT-ROCHEREAU#", "marker-color": "#818181"}}, {"type": "Feature", "geometry": {"type": "Point", "coordinates": [2.404087, 48.871212]}, "properties": {"numparc": 7405, "etat de la localisation": "autre", "ID BDGEO": "143", "horodatage": "2023-05-05 19:12:28", "distance (en metres)": 3530.82, "station": "PICPUS-REUILLY", "marker-color": "#818181"}}, {"type": "Feature", "geometry": {"type": "Point", "coordinates": [2.400331, 48.861568]}, "properties": {"numparc": 7374, "etat de la localisation": "autre", "ID BDGEO": "377", "horodatage": "2023-05-05 19:12:47", "distance (en metres)": 5736.04, "station": "DENFERT-ROCHEREAU#", "marker-color": "#818181"}}, {"type": "Feature", "geometry": {"type": "Point", "coordinates": [2.400178, 48.861988]}, "properties": {"numparc": 7362, "etat de la localisation": "autre", "ID BDGEO": "141", "horodatage": "2023-05-05 19:13:23", "distance (en metres)": 3974.33, "station": "BIBLIOTHEQUE CHEVALERET", "marker-color": "#818181"}}, {"type": "Feature", "geometry": {"type": "Point", "coordinates": [2.405098, 48.84251]}, "properties": {"numparc": 7358, "etat de la localisation": "autre", "ID BDGEO": "377", "horodatage": "2023-05-05 19:13:28", "distance (en metres)": 5251.31, "station": "DENFERT-ROCHEREAU#", "marker-color": "#818181"}}, {"type": "Feature", "geometry": {"type": "Point", "coordinates": [2.405581, 48.84502]}, "properties": {"numparc": 7364, "etat de la localisation": "autre", "ID BDGEO": "141", "horodatage": "2023-05-05 19:13:33", "distance (en metres)": 2744.35, "station": "BIBLIOTHEQUE CHEVALERET", "marker-color": "#818181"}}, {"type": "Feature", "geometry": {"type": "Point", "coordinates": [2.405381, 48.874111]}, "properties": {"numparc": 7405, "etat de la localisation": "autre", "ID BDGEO": "143", "horodatage": "2023-05-05 19:14:12", "distance (en metres)": 3861.84, "station": "PICPUS-REUILLY", "marker-color": "#818181"}}, {"type": "Feature", "geometry": {"type": "Point", "coordinates": [2.402261, 48.859123]}, "properties": {"numparc": 7374, "etat de la localisation": "autre", "ID BDGEO": "377", "horodatage": "2023-05-05 19:14:32", "distance (en metres)": 5713.78, "station": "DENFERT-ROCHEREAU#", "marker-color": "#818181"}}, {"type": "Feature", "geometry": {"type": "Point", "coordinates": [2.398975, 48.864216]}, "properties": {"numparc": 7362, "etat de la localisation": "autre", "ID BDGEO": "141", "horodatage": "2023-05-05 19:14:34", "distance (en metres)": 4160.32, "station": "BIBLIOTHEQUE CHEVALERET", "marker-color": "#818181"}}, {"type": "Feature", "geometry": {"type": "Point", "coordinates": [2.404067, 48.839706]}, "properties": {"numparc": 7358, "etat de la localisation": "autre", "ID BDGEO": "377", "horodatage": "2023-05-05 19:14:51", "distance (en metres)": 5125.25, "station": "DENFERT-ROCHEREAU#", "marker-color": "#818181"}}, {"type": "Feature", "geometry": {"type": "Point", "coordinates": [2.406383, 48.876503]}, "properties": {"numparc": 7405, "etat de la localisation": "autre", "ID BDGEO": "143", "horodatage": "2023-05-05 19:15:10", "distance (en metres)": 4134.9, "station": "PICPUS-REUILLY", "marker-color": "#818181"}}, {"type": "Feature", "geometry": {"type": "Point", "coordinates": [2.406335, 48.848118]}, "properties": {"numparc": 7364, "etat de la localisation": "autre", "ID BDGEO": "141", "horodatage": "2023-05-05 19:15:22", "distance (en metres)": 3006.56, "station": "BIBLIOTHEQUE CHEVALERET", "marker-color": "#818181"}}, {"type": "Feature", "geometry": {"type": "Point", "coordinates": [2.401468, 48.868408]}, "properties": {"numparc": 7399, "etat de la localisation": "autre", "ID BDGEO": "377", "horodatage": "2023-05-05 19:15:55", "distance (en metres)": 6249.47, "station": "DENFERT-ROCHEREAU#", "marker-color": "#818181"}}, {"type": "Feature", "geometry": {"type": "Point", "coordinates": [2.399182, 48.865555]}, "properties": {"numparc": 7362, "etat de la localisation": "autre", "ID BDGEO": "141", "horodatage": "2023-05-05 19:16:46", "distance (en metres)": 4302.66, "station": "BIBLIOTHEQUE CHEVALERET", "marker-color": "#818181"}}, {"type": "Feature", "geometry": {"type": "Point", "coordinates": [2.406135, 48.851112]}, "properties": {"numparc": 7364, "etat de la localisation": "autre", "ID BDGEO": "141", "horodatage": "2023-05-05 19:17:02", "distance (en metres)": 3228.24, "station": "BIBLIOTHEQUE CHEVALERET", "marker-color": "#818181"}}, {"type": "Feature", "geometry": {"type": "Point", "coordinates": [2.399319, 48.839634]}, "properties": {"numparc": 7358, "etat de la localisation": "autre", "ID BDGEO": "377", "horodatage": "2023-05-05 19:17:14", "distance (en metres)": 4780.12, "station": "DENFERT-ROCHEREAU#", "marker-color": "#818181"}}, {"type": "Feature", "geometry": {"type": "Point", "coordinates": [2.40491, 48.856136]}, "properties": {"numparc": 7374, "etat de la localisation": "autre", "ID BDGEO": "377", "horodatage": "2023-05-05 19:17:31", "distance (en metres)": 5727.96, "station": "DENFERT-ROCHEREAU#", "marker-color": "#818181"}}, {"type": "Feature", "geometry": {"type": "Point", "coordinates": [2.399396, 48.866055]}, "properties": {"numparc": 7399, "etat de la localisation": "autre", "ID BDGEO": "377", "horodatage": "2023-05-05 19:17:55", "distance (en metres)": 5968.82, "station": "DENFERT-ROCHEREAU#", "marker-color": "#818181"}}, {"type": "Feature", "geometry": {"type": "Point", "coordinates": [2.405789, 48.852909]}, "properties": {"numparc": 7364, "etat de la localisation": "autre", "ID BDGEO": "141", "horodatage": "2023-05-05 19:17:56", "distance (en metres)": 3359.23, "station": "BIBLIOTHEQUE CHEVALERET", "marker-color": "#818181"}}, {"type": "Feature", "geometry": {"type": "Point", "coordinates": [2.401916, 48.868561]}, "properties": {"numparc": 7362, "etat de la localisation": "autre", "ID BDGEO": "141", "horodatage": "2023-05-05 19:18:23", "distance (en metres)": 4689.19, "station": "BIBLIOTHEQUE CHEVALERET", "marker-color": "#818181"}}, {"type": "Feature", "geometry": {"type": "Point", "coordinates": [2.401916, 48.868561]}, "properties": {"numparc": 7362, "etat de la localisation": "autre", "ID BDGEO": "141", "horodatage": "2023-05-05 19:18:28", "distance (en metres)": 4689.19, "station": "BIBLIOTHEQUE CHEVALERET", "marker-color": "#818181"}}, {"type": "Feature", "geometry": {"type": "Point", "coordinates": [2.39662, 48.839611]}, "properties": {"numparc": 7358, "etat de la localisation": "autre", "ID BDGEO": "377", "horodatage": "2023-05-05 19:18:31", "distance (en metres)": 4584.42, "station": "DENFERT-ROCHEREAU#", "marker-color": "#818181"}}, {"type": "Feature", "geometry": {"type": "Point", "coordinates": [2.40597, 48.852516]}, "properties": {"numparc": 7374, "etat de la localisation": "autre", "ID BDGEO": "377", "horodatage": "2023-05-05 19:19:45", "distance (en metres)": 5633.54, "station": "DENFERT-ROCHEREAU#", "marker-color": "#818181"}}, {"type": "Feature", "geometry": {"type": "Point", "coordinates": [2.404466, 48.856377]}, "properties": {"numparc": 7364, "etat de la localisation": "autre", "ID BDGEO": "141", "horodatage": "2023-05-05 19:19:52", "distance (en metres)": 3602.14, "station": "BIBLIOTHEQUE CHEVALERET", "marker-color": "#818181"}}, {"type": "Feature", "geometry": {"type": "Point", "coordinates": [2.393781, 48.839024]}, "properties": {"numparc": 7358, "etat de la localisation": "autre", "ID BDGEO": "377", "horodatage": "2023-05-05 19:20:20", "distance (en metres)": 4369.26, "station": "DENFERT-ROCHEREAU#", "marker-color": "#818181"}}, {"type": "Feature", "geometry": {"type": "Point", "coordinates": [2.404174, 48.871174]}, "properties": {"numparc": 7362, "etat de la localisation": "autre", "ID BDGEO": "141", "horodatage": "2023-05-05 19:20:25", "distance (en metres)": 5021.96, "station": "BIBLIOTHEQUE CHEVALERET", "marker-color": "#818181"}}, {"type": "Feature", "geometry": {"type": "Point", "coordinates": [2.398893, 48.864647]}, "properties": {"numparc": 7399, "etat de la localisation": "autre", "ID BDGEO": "377", "horodatage": "2023-05-05 19:20:37", "distance (en metres)": 5845.22, "station": "DENFERT-ROCHEREAU#", "marker-color": "#818181"}}, {"type": "Feature", "geometry": {"type": "Point", "coordinates": [2.404179, 48.871185]}, "properties": {"numparc": 7362, "etat de la localisation": "autre", "ID BDGEO": "141", "horodatage": "2023-05-05 19:21:14", "distance (en metres)": 5023.27, "station": "BIBLIOTHEQUE CHEVALERET", "marker-color": "#818181"}}, {"type": "Feature", "geometry": {"type": "Point", "coordinates": [2.40137, 48.859287]}, "properties": {"numparc": 7364, "etat de la localisation": "autre", "ID BDGEO": "141", "horodatage": "2023-05-05 19:21:19", "distance (en metres)": 3751.4, "station": "BIBLIOTHEQUE CHEVALERET", "marker-color": "#818181"}}, {"type": "Feature", "geometry": {"type": "Point", "coordinates": [2.406252, 48.850353]}, "properties": {"numparc": 7374, "etat de la localisation": "autre", "ID BDGEO": "377", "horodatage": "2023-05-05 19:21:25", "distance (en metres)": 5566.53, "station": "DENFERT-ROCHEREAU#", "marker-color": "#818181"}}, {"type": "Feature", "geometry": {"type": "Point", "coordinates": [2.407797, 48.876537]}, "properties": {"numparc": 7405, "etat de la localisation": "autre", "ID BDGEO": "377", "horodatage": "2023-05-05 19:21:46", "distance (en metres)": 7187.08, "station": "DENFERT-ROCHEREAU#", "marker-color": "#818181"}}, {"type": "Feature", "geometry": {"type": "Point", "coordinates": [2.4003, 48.861565]}, "properties": {"numparc": 7399, "etat de la localisation": "autre", "ID BDGEO": "377", "horodatage": "2023-05-05 19:22:03", "distance (en metres)": 5733.91, "station": "DENFERT-ROCHEREAU#", "marker-color": "#818181"}}, {"type": "Feature", "geometry": {"type": "Point", "coordinates": [2.390538, 48.837238]}, "properties": {"numparc": 7358, "etat de la localisation": "autre", "ID BDGEO": "377", "horodatage": "2023-05-05 19:22:18", "distance (en metres)": 4109.01, "station": "DENFERT-ROCHEREAU#", "marker-color": "#818181"}}, {"type": "Feature", "geometry": {"type": "Point", "coordinates": [2.399847, 48.861744]}, "properties": {"numparc": 7364, "etat de la localisation": "autre", "ID BDGEO": "141", "horodatage": "2023-05-05 19:22:25", "distance (en metres)": 3939.2, "station": "BIBLIOTHEQUE CHEVALERET", "marker-color": "#818181"}}, {"type": "Feature", "geometry": {"type": "Point", "coordinates": [2.406203, 48.848175]}, "properties": {"numparc": 7374, "etat de la localisation": "autre", "ID BDGEO": "377", "horodatage": "2023-05-05 19:22:51", "distance (en metres)": 5485.7, "station": "DENFERT-ROCHEREAU#", "marker-color": "#818181"}}, {"type": "Feature", "geometry": {"type": "Point", "coordinates": [2.402307, 48.859039]}, "properties": {"numparc": 7399, "etat de la localisation": "autre", "ID BDGEO": "377", "horodatage": "2023-05-05 19:23:01", "distance (en metres)": 5712.02, "station": "DENFERT-ROCHEREAU#", "marker-color": "#818181"}}, {"type": "Feature", "geometry": {"type": "Point", "coordinates": [2.407416, 48.849434]}, "properties": {"numparc": 7398, "etat de la localisation": "autre", "ID BDGEO": "226", "horodatage": "2023-05-05 19:23:11", "distance (en metres)": 106.89, "station": "LA PLAINE", "marker-color": "#818181"}}, {"type": "Feature", "geometry": {"type": "Point", "coordinates": [2.406459, 48.876568]}, "properties": {"numparc": 7362, "etat de la localisation": "autre", "ID BDGEO": "141", "horodatage": "2023-05-05 19:23:33", "distance (en metres)": 5637.91, "station": "BIBLIOTHEQUE CHEVALERET", "marker-color": "#818181"}}, {"type": "Feature", "geometry": {"type": "Point", "coordinates": [2.398617, 48.863968]}, "properties": {"numparc": 7364, "etat de la localisation": "autre", "ID BDGEO": "141", "horodatage": "2023-05-05 19:23:49", "distance (en metres)": 4124.48, "station": "BIBLIOTHEQUE CHEVALERET", "marker-color": "#818181"}}, {"type": "Feature", "geometry": {"type": "Point", "coordinates": [2.385952, 48.835686]}, "properties": {"numparc": 7358, "etat de la localisation": "autre", "ID BDGEO": "377", "horodatage": "2023-05-05 19:24:26", "distance (en metres)": 3759.59, "station": "DENFERT-ROCHEREAU#", "marker-color": "#818181"}}, {"type": "Feature", "geometry": {"type": "Point", "coordinates": [2.398523, 48.864071]}, "properties": {"numparc": 7364, "etat de la localisation": "autre", "ID BDGEO": "141", "horodatage": "2023-05-05 19:24:30", "distance (en metres)": 4132.17, "station": "BIBLIOTHEQUE CHEVALERET", "marker-color": "#818181"}}, {"type": "Feature", "geometry": {"type": "Point", "coordinates": [2.404978, 48.856102]}, "properties": {"numparc": 7399, "etat de la localisation": "autre", "ID BDGEO": "377", "horodatage": "2023-05-05 19:24:47", "distance (en metres)": 5730.74, "station": "DENFERT-ROCHEREAU#", "marker-color": "#818181"}}, {"type": "Feature", "geometry": {"type": "Point", "coordinates": [2.38578, 48.83556]}, "properties": {"numparc": 7358, "etat de la localisation": "autre", "ID BDGEO": "377", "horodatage": "2023-05-05 19:24:51", "distance (en metres)": 3746.1, "station": "DENFERT-ROCHEREAU#", "marker-color": "#818181"}}, {"type": "Feature", "geometry": {"type": "Point", "coordinates": [2.406326, 48.876656]}, "properties": {"numparc": 7405, "etat de la localisation": "autre", "ID BDGEO": "377", "horodatage": "2023-05-05 19:25:28", "distance (en metres)": 7116.25, "station": "DENFERT-ROCHEREAU#", "marker-color": "#818181"}}, {"type": "Feature", "geometry": {"type": "Point", "coordinates": [2.398943, 48.86536]}, "properties": {"numparc": 7364, "etat de la localisation": "autre", "ID BDGEO": "141", "horodatage": "2023-05-05 19:25:49", "distance (en metres)": 4275.85, "station": "BIBLIOTHEQUE CHEVALERET", "marker-color": "#818181"}}, {"type": "Feature", "geometry": {"type": "Point", "coordinates": [2.38302, 48.834042]}, "properties": {"numparc": 7358, "etat de la localisation": "autre", "ID BDGEO": "377", "horodatage": "2023-05-05 19:25:52", "distance (en metres)": 3536.9, "station": "DENFERT-ROCHEREAU#", "marker-color": "#818181"}}, {"type": "Feature", "geometry": {"type": "Point", "coordinates": [2.40555, 48.844643]}, "properties": {"numparc": 7374, "etat de la localisation": "autre", "ID BDGEO": "377", "horodatage": "2023-05-05 19:25:54", "distance (en metres)": 5334.45, "station": "DENFERT-ROCHEREAU#", "marker-color": "#818181"}}, {"type": "Feature", "geometry": {"type": "Point", "coordinates": [2.406061, 48.852406]}, "properties": {"numparc": 7399, "etat de la localisation": "autre", "ID BDGEO": "377", "horodatage": "2023-05-05 19:26:10", "distance (en metres)": 5635.06, "station": "DENFERT-ROCHEREAU#", "marker-color": "#818181"}}, {"type": "Feature", "geometry": {"type": "Point", "coordinates": [2.405044, 48.842735]}, "properties": {"numparc": 7374, "etat de la localisation": "autre", "ID BDGEO": "377", "horodatage": "2023-05-05 19:26:40", "distance (en metres)": 5252.35, "station": "DENFERT-ROCHEREAU#", "marker-color": "#818181"}}, {"type": "Feature", "geometry": {"type": "Point", "coordinates": [2.40566, 48.874935]}, "properties": {"numparc": 7405, "etat de la localisation": "autre", "ID BDGEO": "377", "horodatage": "2023-05-05 19:26:44", "distance (en metres)": 6951.82, "station": "DENFERT-ROCHEREAU#", "marker-color": "#818181"}}, {"type": "Feature", "geometry": {"type": "Point", "coordinates": [2.406324, 48.850304]}, "properties": {"numparc": 7399, "etat de la localisation": "autre", "ID BDGEO": "377", "horodatage": "2023-05-05 19:27:13", "distance (en metres)": 5569.62, "station": "DENFERT-ROCHEREAU#", "marker-color": "#818181"}}, {"type": "Feature", "geometry": {"type": "Point", "coordinates": [2.408495, 48.87711]}, "properties": {"numparc": 7362, "etat de la localisation": "autre", "ID BDGEO": "377", "horodatage": "2023-05-05 19:27:22", "distance (en metres)": 7267.57, "station": "DENFERT-ROCHEREAU#", "marker-color": "#818181"}}, {"type": "Feature", "geometry": {"type": "Point", "coordinates": [2.404654, 48.872532]}, "properties": {"numparc": 7405, "etat de la localisation": "autre", "ID BDGEO": "377", "horodatage": "2023-05-05 19:27:35", "distance (en metres)": 6720.9, "station": "DENFERT-ROCHEREAU#", "marker-color": "#818181"}}, {"type": "Feature", "geometry": {"type": "Point", "coordinates": [2.401791, 48.868454]}, "properties": {"numparc": 7364, "etat de la localisation": "autre", "ID BDGEO": "141", "horodatage": "2023-05-05 19:27:35", "distance (en metres)": 4674.61, "station": "BIBLIOTHEQUE CHEVALERET", "marker-color": "#818181"}}, {"type": "Feature", "geometry": {"type": "Point", "coordinates": [2.379165, 48.831978]}, "properties": {"numparc": 7358, "etat de la localisation": "autre", "ID BDGEO": "377", "horodatage": "2023-05-05 19:27:55", "distance (en metres)": 3257.56, "station": "DENFERT-ROCHEREAU#", "marker-color": "#818181"}}, {"type": "Feature", "geometry": {"type": "Point", "coordinates": [2.406264, 48.84811]}, "properties": {"numparc": 7399, "etat de la localisation": "autre", "ID BDGEO": "377", "horodatage": "2023-05-05 19:28:11", "distance (en metres)": 5487.8, "station": "DENFERT-ROCHEREAU#", "marker-color": "#818181"}}, {"type": "Feature", "geometry": {"type": "Point", "coordinates": [2.403953, 48.84]}, "properties": {"numparc": 7374, "etat de la localisation": "autre", "ID BDGEO": "377", "horodatage": "2023-05-05 19:28:29", "distance (en metres)": 5121.59, "station": "DENFERT-ROCHEREAU#", "marker-color": "#818181"}}, {"type": "Feature", "geometry": {"type": "Point", "coordinates": [2.407862, 48.876656]}, "properties": {"numparc": 7362, "etat de la localisation": "autre", "ID BDGEO": "377", "horodatage": "2023-05-05 19:29:10", "distance (en metres)": 7199.39, "station": "DENFERT-ROCHEREAU#", "marker-color": "#818181"}}, {"type": "Feature", "geometry": {"type": "Point", "coordinates": [2.401185, 48.86829]}, "properties": {"numparc": 7405, "etat de la localisation": "autre", "ID BDGEO": "377", "horodatage": "2023-05-05 19:29:16", "distance (en metres)": 6225.09, "station": "DENFERT-ROCHEREAU#", "marker-color": "#818181"}}, {"type": "Feature", "geometry": {"type": "Point", "coordinates": [2.37579, 48.830139]}, "properties": {"numparc": 7358, "etat de la localisation": "autre", "ID BDGEO": "377", "horodatage": "2023-05-05 19:29:25", "distance (en metres)": 3028.15, "station": "DENFERT-ROCHEREAU#", "marker-color": "#818181"}}, {"type": "Feature", "geometry": {"type": "Point", "coordinates": [2.375744, 48.83012]}, "properties": {"numparc": 7358, "etat de la localisation": "autre", "ID BDGEO": "377", "horodatage": "2023-05-05 19:29:42", "distance (en metres)": 3025.05, "station": "DENFERT-ROCHEREAU#", "marker-color": "#818181"}}, {"type": "Feature", "geometry": {"type": "Point", "coordinates": [2.403928, 48.870998]}, "properties": {"numparc": 7364, "etat de la localisation": "autre", "ID BDGEO": "141", "horodatage": "2023-05-05 19:30:01", "distance (en metres)": 4996.76, "station": "BIBLIOTHEQUE CHEVALERET", "marker-color": "#818181"}}, {"type": "Feature", "geometry": {"type": "Point", "coordinates": [2.399423, 48.839828]}, "properties": {"numparc": 7374, "etat de la localisation": "autre", "ID BDGEO": "377", "horodatage": "2023-05-05 19:30:47", "distance (en metres)": 4790.84, "station": "DENFERT-ROCHEREAU#", "marker-color": "#818181"}}, {"type": "Feature", "geometry": {"type": "Point", "coordinates": [2.405108, 48.874001]}, "properties": {"numparc": 7364, "etat de la localisation": "autre", "ID BDGEO": "141", "horodatage": "2023-05-05 19:31:39", "distance (en metres)": 5336.77, "station": "BIBLIOTHEQUE CHEVALERET", "marker-color": "#818181"}}, {"type": "Feature", "geometry": {"type": "Point", "coordinates": [2.398751, 48.864681]}, "properties": {"numparc": 7405, "etat de la localisation": "autre", "ID BDGEO": "377", "horodatage": "2023-05-05 19:31:57", "distance (en metres)": 5839.15, "station": "DENFERT-ROCHEREAU#", "marker-color": "#818181"}}, {"type": "Feature", "geometry": {"type": "Point", "coordinates": [2.396731, 48.83976]}, "properties": {"numparc": 7374, "etat de la localisation": "autre", "ID BDGEO": "377", "horodatage": "2023-05-05 19:32:05", "distance (en metres)": 4594.96, "station": "DENFERT-ROCHEREAU#", "marker-color": "#818181"}}, {"type": "Feature", "geometry": {"type": "Point", "coordinates": [2.398786, 48.864628]}, "properties": {"numparc": 7405, "etat de la localisation": "autre", "ID BDGEO": "377", "horodatage": "2023-05-05 19:32:22", "distance (en metres)": 5837.67, "station": "DENFERT-ROCHEREAU#", "marker-color": "#818181"}}, {"type": "Feature", "geometry": {"type": "Point", "coordinates": [2.370622, 48.827709]}, "properties": {"numparc": 7358, "etat de la localisation": "autre", "ID BDGEO": "377", "horodatage": "2023-05-05 19:32:29", "distance (en metres)": 2702.6, "station": "DENFERT-ROCHEREAU#", "marker-color": "#818181"}}, {"type": "Feature", "geometry": {"type": "Point", "coordinates": [2.40633, 48.876564]}, "properties": {"numparc": 7364, "etat de la localisation": "autre", "ID BDGEO": "141", "horodatage": "2023-05-05 19:32:40", "distance (en metres)": 5633.77, "station": "BIBLIOTHEQUE CHEVALERET", "marker-color": "#818181"}}, {"type": "Feature", "geometry": {"type": "Point", "coordinates": [2.40562, 48.844532]}, "properties": {"numparc": 7399, "etat de la localisation": "autre", "ID BDGEO": "377", "horodatage": "2023-05-05 19:32:46", "distance (en metres)": 5336.56, "station": "DENFERT-ROCHEREAU#", "marker-color": "#818181"}}, {"type": "Feature", "geometry": {"type": "Point", "coordinates": [2.40633, 48.876564]}, "properties": {"numparc": 7364, "etat de la localisation": "autre", "ID BDGEO": "141", "horodatage": "2023-05-05 19:32:59", "distance (en metres)": 5633.77, "station": "BIBLIOTHEQUE CHEVALERET", "marker-color": "#818181"}}, {"type": "Feature", "geometry": {"type": "Point", "coordinates": [2.405092, 48.842587]}, "properties": {"numparc": 7399, "etat de la localisation": "autre", "ID BDGEO": "377", "horodatage": "2023-05-05 19:33:44", "distance (en metres)": 5252.54, "station": "DENFERT-ROCHEREAU#", "marker-color": "#818181"}}, {"type": "Feature", "geometry": {"type": "Point", "coordinates": [2.400196, 48.861614]}, "properties": {"numparc": 7405, "etat de la localisation": "autre", "ID BDGEO": "377", "horodatage": "2023-05-05 19:33:45", "distance (en metres)": 5730.56, "station": "DENFERT-ROCHEREAU#", "marker-color": "#818181"}}, {"type": "Feature", "geometry": {"type": "Point", "coordinates": [2.367676, 48.827259]}, "properties": {"numparc": 7358, "etat de la localisation": "autre", "ID BDGEO": "377", "horodatage": "2023-05-05 19:33:52", "distance (en metres)": 2506.43, "station": "DENFERT-ROCHEREAU#", "marker-color": "#818181"}}, {"type": "Feature", "geometry": {"type": "Point", "coordinates": [2.39391, 48.839176]}, "properties": {"numparc": 7374, "etat de la localisation": "autre", "ID BDGEO": "377", "horodatage": "2023-05-05 19:33:59", "distance (en metres)": 4381.07, "station": "DENFERT-ROCHEREAU#", "marker-color": "#818181"}}, {"type": "Feature", "geometry": {"type": "Point", "coordinates": [2.407862, 48.876656]}, "properties": {"numparc": 7362, "etat de la localisation": "autre", "ID BDGEO": "377", "horodatage": "2023-05-05 19:34:11", "distance (en metres)": 7199.39, "station": "DENFERT-ROCHEREAU#", "marker-color": "#818181"}}, {"type": "Feature", "geometry": {"type": "Point", "coordinates": [2.379151, 48.831764]}, "properties": {"numparc": 7393, "etat de la localisation": "autre", "ID BDGEO": "141", "horodatage": "2023-05-05 19:34:55", "distance (en metres)": 312.41, "station": "BIBLIOTHEQUE CHEVALERET", "marker-color": "#818181"}}, {"type": "Feature", "geometry": {"type": "Point", "coordinates": [2.364421, 48.826736]}, "properties": {"numparc": 7358, "etat de la localisation": "autre", "ID BDGEO": "377", "horodatage": "2023-05-05 19:35:01", "distance (en metres)": 2295.9, "station": "DENFERT-ROCHEREAU#", "marker-color": "#818181"}}, {"type": "Feature", "geometry": {"type": "Point", "coordinates": [2.402218, 48.8592]}, "properties": {"numparc": 7405, "etat de la localisation": "autre", "ID BDGEO": "377", "horodatage": "2023-05-05 19:35:08", "distance (en metres)": 5715.32, "station": "DENFERT-ROCHEREAU#", "marker-color": "#818181"}}, {"type": "Feature", "geometry": {"type": "Point", "coordinates": [2.404066, 48.839874]}, "properties": {"numparc": 7399, "etat de la localisation": "autre", "ID BDGEO": "377", "horodatage": "2023-05-05 19:35:12", "distance (en metres)": 5127.78, "station": "DENFERT-ROCHEREAU#", "marker-color": "#818181"}}, {"type": "Feature", "geometry": {"type": "Point", "coordinates": [2.390677, 48.837414]}, "properties": {"numparc": 7374, "etat de la localisation": "autre", "ID BDGEO": "377", "horodatage": "2023-05-05 19:35:50", "distance (en metres)": 4121.22, "station": "DENFERT-ROCHEREAU#", "marker-color": "#818181"}}, {"type": "Feature", "geometry": {"type": "Point", "coordinates": [2.408246, 48.877232]}, "properties": {"numparc": 7364, "etat de la localisation": "autre", "ID BDGEO": "377", "horodatage": "2023-05-05 19:35:52", "distance (en metres)": 7263.16, "station": "DENFERT-ROCHEREAU#", "marker-color": "#818181"}}, {"type": "Feature", "geometry": {"type": "Point", "coordinates": [2.360851, 48.826248]}, "properties": {"numparc": 7358, "etat de la localisation": "autre", "ID BDGEO": "377", "horodatage": "2023-05-05 19:36:25", "distance (en metres)": 2070.18, "station": "DENFERT-ROCHEREAU#", "marker-color": "#818181"}}, {"type": "Feature", "geometry": {"type": "Point", "coordinates": [2.382823, 48.833805]}, "properties": {"numparc": 7393, "etat de la localisation": "autre", "ID BDGEO": "141", "horodatage": "2023-05-05 19:36:48", "distance (en metres)": 663.96, "station": "BIBLIOTHEQUE CHEVALERET", "marker-color": "#818181"}}, {"type": "Feature", "geometry": {"type": "Point", "coordinates": [2.404901, 48.856197]}, "properties": {"numparc": 7405, "etat de la localisation": "autre", "ID BDGEO": "377", "horodatage": "2023-05-05 19:37:04", "distance (en metres)": 5730.37, "station": "DENFERT-ROCHEREAU#", "marker-color": "#818181"}}, {"type": "Feature", "geometry": {"type": "Point", "coordinates": [2.407634, 48.876656]}, "properties": {"numparc": 7364, "etat de la localisation": "autre", "ID BDGEO": "377", "horodatage": "2023-05-05 19:37:10", "distance (en metres)": 7187.0, "station": "DENFERT-ROCHEREAU#", "marker-color": "#818181"}}, {"type": "Feature", "geometry": {"type": "Point", "coordinates": [2.399431, 48.839653]}, "properties": {"numparc": 7399, "etat de la localisation": "autre", "ID BDGEO": "377", "horodatage": "2023-05-05 19:37:29", "distance (en metres)": 4788.54, "station": "DENFERT-ROCHEREAU#", "marker-color": "#818181"}}, {"type": "Feature", "geometry": {"type": "Point", "coordinates": [2.406379, 48.876766]}, "properties": {"numparc": 7362, "etat de la localisation": "autre", "ID BDGEO": "377", "horodatage": "2023-05-05 19:37:35", "distance (en metres)": 7127.42, "station": "DENFERT-ROCHEREAU#", "marker-color": "#818181"}}, {"type": "Feature", "geometry": {"type": "Point", "coordinates": [2.359013, 48.827412]}, "properties": {"numparc": 7358, "etat de la localisation": "autre", "ID BDGEO": "377", "horodatage": "2023-05-05 19:37:40", "distance (en metres)": 1897.67, "station": "DENFERT-ROCHEREAU#", "marker-color": "#818181"}}, {"type": "Feature", "geometry": {"type": "Point", "coordinates": [2.386075, 48.835945]}, "properties": {"numparc": 7374, "etat de la localisation": "autre", "ID BDGEO": "377", "horodatage": "2023-05-05 19:37:48", "distance (en metres)": 3770.66, "station": "DENFERT-ROCHEREAU#", "marker-color": "#818181"}}, {"type": "Feature", "geometry": {"type": "Point", "coordinates": [2.385834, 48.835419]}, "properties": {"numparc": 7393, "etat de la localisation": "autre", "ID BDGEO": "141", "horodatage": "2023-05-05 19:38:32", "distance (en metres)": 948.14, "station": "BIBLIOTHEQUE CHEVALERET", "marker-color": "#818181"}}, {"type": "Feature", "geometry": {"type": "Point", "coordinates": [2.405645, 48.874886]}, "properties": {"numparc": 7362, "etat de la localisation": "autre", "ID BDGEO": "377", "horodatage": "2023-05-05 19:38:38", "distance (en metres)": 6947.34, "station": "DENFERT-ROCHEREAU#", "marker-color": "#818181"}}, {"type": "Feature", "geometry": {"type": "Point", "coordinates": [2.396751, 48.839607]}, "properties": {"numparc": 7399, "etat de la localisation": "autre", "ID BDGEO": "377", "horodatage": "2023-05-05 19:38:53", "distance (en metres)": 4593.82, "station": "DENFERT-ROCHEREAU#", "marker-color": "#818181"}}, {"type": "Feature", "geometry": {"type": "Point", "coordinates": [2.396751, 48.839607]}, "properties": {"numparc": 7399, "etat de la localisation": "autre", "ID BDGEO": "377", "horodatage": "2023-05-05 19:39:01", "distance (en metres)": 4593.82, "station": "DENFERT-ROCHEREAU#", "marker-color": "#818181"}}, {"type": "Feature", "geometry": {"type": "Point", "coordinates": [2.356796, 48.8302]}, "properties": {"numparc": 7358, "etat de la localisation": "autre", "ID BDGEO": "377", "horodatage": "2023-05-05 19:39:21", "distance (en metres)": 1654.23, "station": "DENFERT-ROCHEREAU#", "marker-color": "#818181"}}, {"type": "Feature", "geometry": {"type": "Point", "coordinates": [2.38325, 48.834484]}, "properties": {"numparc": 7374, "etat de la localisation": "autre", "ID BDGEO": "377", "horodatage": "2023-05-05 19:39:25", "distance (en metres)": 3555.12, "station": "DENFERT-ROCHEREAU#", "marker-color": "#818181"}}, {"type": "Feature", "geometry": {"type": "Point", "coordinates": [2.404705, 48.872482]}, "properties": {"numparc": 7362, "etat de la localisation": "autre", "ID BDGEO": "377", "horodatage": "2023-05-05 19:39:38", "distance (en metres)": 6720.18, "station": "DENFERT-ROCHEREAU#", "marker-color": "#818181"}}, {"type": "Feature", "geometry": {"type": "Point", "coordinates": [2.406046, 48.85239]}, "properties": {"numparc": 7405, "etat de la localisation": "autre", "ID BDGEO": "377", "horodatage": "2023-05-05 19:40:50", "distance (en metres)": 5633.41, "station": "DENFERT-ROCHEREAU#", "marker-color": "#818181"}}, {"type": "Feature", "geometry": {"type": "Point", "coordinates": [2.404185, 48.871555]}, "properties": {"numparc": 7362, "etat de la localisation": "autre", "ID BDGEO": "377", "horodatage": "2023-05-05 19:40:50", "distance (en metres)": 6624.7, "station": "DENFERT-ROCHEREAU#", "marker-color": "#818181"}}, {"type": "Feature", "geometry": {"type": "Point", "coordinates": [2.393861, 48.839073]}, "properties": {"numparc": 7399, "etat de la localisation": "autre", "ID BDGEO": "377", "horodatage": "2023-05-05 19:41:06", "distance (en metres)": 4375.86, "station": "DENFERT-ROCHEREAU#", "marker-color": "#818181"}}, {"type": "Feature", "geometry": {"type": "Point", "coordinates": [2.379114, 48.831936]}, "properties": {"numparc": 7374, "etat de la localisation": "autre", "ID BDGEO": "377", "horodatage": "2023-05-05 19:41:10", "distance (en metres)": 3254.05, "station": "DENFERT-ROCHEREAU#", "marker-color": "#818181"}}, {"type": "Feature", "geometry": {"type": "Point", "coordinates": [2.379114, 48.831936]}, "properties": {"numparc": 7374, "etat de la localisation": "autre", "ID BDGEO": "377", "horodatage": "2023-05-05 19:41:12", "distance (en metres)": 3254.05, "station": "DENFERT-ROCHEREAU#", "marker-color": "#818181"}}, {"type": "Feature", "geometry": {"type": "Point", "coordinates": [2.354154, 48.831356]}, "properties": {"numparc": 7358, "etat de la localisation": "autre", "ID BDGEO": "377", "horodatage": "2023-05-05 19:41:14", "distance (en metres)": 1440.49, "station": "DENFERT-ROCHEREAU#", "marker-color": "#818181"}}, {"type": "Feature", "geometry": {"type": "Point", "coordinates": [2.406276, 48.850269]}, "properties": {"numparc": 7405, "etat de la localisation": "autre", "ID BDGEO": "377", "horodatage": "2023-05-05 19:42:18", "distance (en metres)": 5565.03, "station": "DENFERT-ROCHEREAU#", "marker-color": "#818181"}}, {"type": "Feature", "geometry": {"type": "Point", "coordinates": [2.39052, 48.83696]}, "properties": {"numparc": 7393, "etat de la localisation": "autre", "ID BDGEO": "141", "horodatage": "2023-05-05 19:42:26", "distance (en metres)": 1325.22, "station": "BIBLIOTHEQUE CHEVALERET", "marker-color": "#818181"}}, {"type": "Feature", "geometry": {"type": "Point", "coordinates": [2.401265, 48.868214]}, "properties": {"numparc": 7362, "etat de la localisation": "autre", "ID BDGEO": "377", "horodatage": "2023-05-05 19:42:38", "distance (en metres)": 6224.37, "station": "DENFERT-ROCHEREAU#", "marker-color": "#818181"}}, {"type": "Feature", "geometry": {"type": "Point", "coordinates": [2.348875, 48.829922]}, "properties": {"numparc": 7358, "etat de la localisation": "autre", "ID BDGEO": "377", "horodatage": "2023-05-05 19:42:51", "distance (en metres)": 1104.81, "station": "DENFERT-ROCHEREAU#", "marker-color": "#818181"}}, {"type": "Feature", "geometry": {"type": "Point", "coordinates": [2.376184, 48.830326]}, "properties": {"numparc": 7374, "etat de la localisation": "autre", "ID BDGEO": "377", "horodatage": "2023-05-05 19:42:55", "distance (en metres)": 3054.41, "station": "DENFERT-ROCHEREAU#", "marker-color": "#818181"}}, {"type": "Feature", "geometry": {"type": "Point", "coordinates": [2.375959, 48.830204]}, "properties": {"numparc": 7374, "etat de la localisation": "autre", "ID BDGEO": "377", "horodatage": "2023-05-05 19:43:51", "distance (en metres)": 3039.58, "station": "DENFERT-ROCHEREAU#", "marker-color": "#818181"}}, {"type": "Feature", "geometry": {"type": "Point", "coordinates": [2.406246, 48.847988]}, "properties": {"numparc": 7405, "etat de la localisation": "autre", "ID BDGEO": "377", "horodatage": "2023-05-05 19:43:51", "distance (en metres)": 5482.5, "station": "DENFERT-ROCHEREAU#", "marker-color": "#818181"}}, {"type": "Feature", "geometry": {"type": "Point", "coordinates": [2.393413, 48.838768]}, "properties": {"numparc": 7393, "etat de la localisation": "autre", "ID BDGEO": "141", "horodatage": "2023-05-05 19:44:07", "distance (en metres)": 1614.76, "station": "BIBLIOTHEQUE CHEVALERET", "marker-color": "#818181"}}, {"type": "Feature", "geometry": {"type": "Point", "coordinates": [2.399278, 48.865929]}, "properties": {"numparc": 7362, "etat de la localisation": "autre", "ID BDGEO": "377", "horodatage": "2023-05-05 19:44:09", "distance (en metres)": 5953.45, "station": "DENFERT-ROCHEREAU#", "marker-color": "#818181"}}, {"type": "Feature", "geometry": {"type": "Point", "coordinates": [2.343741, 48.831211]}, "properties": {"numparc": 7358, "etat de la localisation": "autre", "ID BDGEO": "377", "horodatage": "2023-05-05 19:44:46", "distance (en metres)": 702.63, "station": "DENFERT-ROCHEREAU#", "marker-color": "#818181"}}, {"type": "Feature", "geometry": {"type": "Point", "coordinates": [2.396797, 48.839382]}, "properties": {"numparc": 7393, "etat de la localisation": "autre", "ID BDGEO": "141", "horodatage": "2023-05-05 19:45:26", "distance (en metres)": 1856.32, "station": "BIBLIOTHEQUE CHEVALERET", "marker-color": "#818181"}}, {"type": "Feature", "geometry": {"type": "Point", "coordinates": [2.390593, 48.837357]}, "properties": {"numparc": 7399, "etat de la localisation": "autre", "ID BDGEO": "377", "horodatage": "2023-05-05 19:45:27", "distance (en metres)": 4114.42, "station": "DENFERT-ROCHEREAU#", "marker-color": "#818181"}}, {"type": "Feature", "geometry": {"type": "Point", "coordinates": [2.405578, 48.844482]}, "properties": {"numparc": 7405, "etat de la localisation": "autre", "ID BDGEO": "377", "horodatage": "2023-05-05 19:45:28", "distance (en metres)": 5332.28, "station": "DENFERT-ROCHEREAU#", "marker-color": "#818181"}}, {"type": "Feature", "geometry": {"type": "Point", "coordinates": [2.403955, 48.839813]}, "properties": {"numparc": 7405, "etat de la localisation": "autre", "ID BDGEO": "377", "horodatage": "2023-05-05 19:46:42", "distance (en metres)": 5118.78, "station": "DENFERT-ROCHEREAU#", "marker-color": "#818181"}}, {"type": "Feature", "geometry": {"type": "Point", "coordinates": [2.398871, 48.864548]}, "properties": {"numparc": 7362, "etat de la localisation": "autre", "ID BDGEO": "377", "horodatage": "2023-05-05 19:46:47", "distance (en metres)": 5837.36, "station": "DENFERT-ROCHEREAU#", "marker-color": "#818181"}}, {"type": "Feature", "geometry": {"type": "Point", "coordinates": [2.403955, 48.839813]}, "properties": {"numparc": 7405, "etat de la localisation": "autre", "ID BDGEO": "377", "horodatage": "2023-05-05 19:46:53", "distance (en metres)": 5118.78, "station": "DENFERT-ROCHEREAU#", "marker-color": "#818181"}}, {"type": "Feature", "geometry": {"type": "Point", "coordinates": [2.40321, 48.839584]}, "properties": {"numparc": 7393, "etat de la localisation": "autre", "ID BDGEO": "141", "horodatage": "2023-05-05 19:47:04", "distance (en metres)": 2271.41, "station": "BIBLIOTHEQUE CHEVALERET", "marker-color": "#818181"}}, {"type": "Feature", "geometry": {"type": "Point", "coordinates": [2.385986, 48.835789]}, "properties": {"numparc": 7399, "etat de la localisation": "autre", "ID BDGEO": "377", "horodatage": "2023-05-05 19:48:01", "distance (en metres)": 3762.88, "station": "DENFERT-ROCHEREAU#", "marker-color": "#818181"}}, {"type": "Feature", "geometry": {"type": "Point", "coordinates": [2.400332, 48.861485]}, "properties": {"numparc": 7362, "etat de la localisation": "autre", "ID BDGEO": "377", "horodatage": "2023-05-05 19:48:50", "distance (en metres)": 5731.0, "station": "DENFERT-ROCHEREAU#", "marker-color": "#818181"}}, {"type": "Feature", "geometry": {"type": "Point", "coordinates": [2.399465, 48.839714]}, "properties": {"numparc": 7405, "etat de la localisation": "autre", "ID BDGEO": "377", "horodatage": "2023-05-05 19:49:03", "distance (en metres)": 4792.0, "station": "DENFERT-ROCHEREAU#", "marker-color": "#818181"}}, {"type": "Feature", "geometry": {"type": "Point", "coordinates": [2.406311, 48.87682]}, "properties": {"numparc": 7364, "etat de la localisation": "autre", "ID BDGEO": "377", "horodatage": "2023-05-05 19:49:06", "distance (en metres)": 7127.79, "station": "DENFERT-ROCHEREAU#", "marker-color": "#818181"}}, {"type": "Feature", "geometry": {"type": "Point", "coordinates": [2.404955, 48.842167]}, "properties": {"numparc": 7393, "etat de la localisation": "autre", "ID BDGEO": "141", "horodatage": "2023-05-05 19:49:20", "distance (en metres)": 2525.7, "station": "BIBLIOTHEQUE CHEVALERET", "marker-color": "#818181"}}, {"type": "Feature", "geometry": {"type": "Point", "coordinates": [2.406319, 48.876823]}, "properties": {"numparc": 7364, "etat de la localisation": "autre", "ID BDGEO": "377", "horodatage": "2023-05-05 19:49:33", "distance (en metres)": 7128.51, "station": "DENFERT-ROCHEREAU#", "marker-color": "#818181"}}, {"type": "Feature", "geometry": {"type": "Point", "coordinates": [2.405035, 48.842415]}, "properties": {"numparc": 7393, "etat de la localisation": "autre", "ID BDGEO": "141", "horodatage": "2023-05-05 19:49:44", "distance (en metres)": 2545.42, "station": "BIBLIOTHEQUE CHEVALERET", "marker-color": "#818181"}}, {"type": "Feature", "geometry": {"type": "Point", "coordinates": [2.396761, 48.839706]}, "properties": {"numparc": 7405, "etat de la localisation": "autre", "ID BDGEO": "377", "horodatage": "2023-05-05 19:49:51", "distance (en metres)": 4596.22, "station": "DENFERT-ROCHEREAU#", "marker-color": "#818181"}}, {"type": "Feature", "geometry": {"type": "Point", "coordinates": [2.383079, 48.834217]}, "properties": {"numparc": 7399, "etat de la localisation": "autre", "ID BDGEO": "377", "horodatage": "2023-05-05 19:50:08", "distance (en metres)": 3541.7, "station": "DENFERT-ROCHEREAU#", "marker-color": "#818181"}}, {"type": "Feature", "geometry": {"type": "Point", "coordinates": [2.402415, 48.859032]}, "properties": {"numparc": 7362, "etat de la localisation": "autre", "ID BDGEO": "377", "horodatage": "2023-05-05 19:50:24", "distance (en metres)": 5718.44, "station": "DENFERT-ROCHEREAU#", "marker-color": "#818181"}}, {"type": "Feature", "geometry": {"type": "Point", "coordinates": [2.370831, 48.827759]}, "properties": {"numparc": 7374, "etat de la localisation": "autre", "ID BDGEO": "377", "horodatage": "2023-05-05 19:50:33", "distance (en metres)": 2716.22, "station": "DENFERT-ROCHEREAU#", "marker-color": "#818181"}}, {"type": "Feature", "geometry": {"type": "Point", "coordinates": [2.405645, 48.875019]}, "properties": {"numparc": 7364, "etat de la localisation": "autre", "ID BDGEO": "377", "horodatage": "2023-05-05 19:50:33", "distance (en metres)": 6957.21, "station": "DENFERT-ROCHEREAU#", "marker-color": "#818181"}}, {"type": "Feature", "geometry": {"type": "Point", "coordinates": [2.40577, 48.845001]}, "properties": {"numparc": 7393, "etat de la localisation": "autre", "ID BDGEO": "141", "horodatage": "2023-05-05 19:50:58", "distance (en metres)": 2754.09, "station": "BIBLIOTHEQUE CHEVALERET", "marker-color": "#818181"}}, {"type": "Feature", "geometry": {"type": "Point", "coordinates": [2.393944, 48.839062]}, "properties": {"numparc": 7405, "etat de la localisation": "autre", "ID BDGEO": "377", "horodatage": "2023-05-05 19:51:13", "distance (en metres)": 4381.68, "station": "DENFERT-ROCHEREAU#", "marker-color": "#818181"}}, {"type": "Feature", "geometry": {"type": "Point", "coordinates": [2.334394, 48.833546]}, "properties": {"numparc": 7358, "etat de la localisation": "autre", "ID BDGEO": "348", "horodatage": "2023-05-05 19:51:17", "distance (en metres)": 46.18, "station": "DENFERT-ROCHEREAU", "marker-color": "#818181"}}, {"type": "Feature", "geometry": {"type": "Point", "coordinates": [2.404842, 48.872643]}, "properties": {"numparc": 7364, "etat de la localisation": "autre", "ID BDGEO": "377", "horodatage": "2023-05-05 19:51:33", "distance (en metres)": 6739.34, "station": "DENFERT-ROCHEREAU#", "marker-color": "#818181"}}, {"type": "Feature", "geometry": {"type": "Point", "coordinates": [2.368041, 48.827305]}, "properties": {"numparc": 7374, "etat de la localisation": "autre", "ID BDGEO": "377", "horodatage": "2023-05-05 19:51:42", "distance (en metres)": 2530.81, "station": "DENFERT-ROCHEREAU#", "marker-color": "#818181"}}, {"type": "Feature", "geometry": {"type": "Point", "coordinates": [2.405072, 48.856071]}, "properties": {"numparc": 7362, "etat de la localisation": "autre", "ID BDGEO": "377", "horodatage": "2023-05-05 19:52:31", "distance (en metres)": 5735.41, "station": "DENFERT-ROCHEREAU#", "marker-color": "#818181"}}, {"type": "Feature", "geometry": {"type": "Point", "coordinates": [2.406547, 48.848118]}, "properties": {"numparc": 7393, "etat de la localisation": "autre", "ID BDGEO": "141", "horodatage": "2023-05-05 19:52:44", "distance (en metres)": 3018.13, "station": "BIBLIOTHEQUE CHEVALERET", "marker-color": "#818181"}}, {"type": "Feature", "geometry": {"type": "Point", "coordinates": [2.364858, 48.826893]}, "properties": {"numparc": 7374, "etat de la localisation": "autre", "ID BDGEO": "377", "horodatage": "2023-05-05 19:52:57", "distance (en metres)": 2320.78, "station": "DENFERT-ROCHEREAU#", "marker-color": "#818181"}}, {"type": "Feature", "geometry": {"type": "Point", "coordinates": [2.379172, 48.83205]}, "properties": {"numparc": 7399, "etat de la localisation": "autre", "ID BDGEO": "377", "horodatage": "2023-05-05 19:53:11", "distance (en metres)": 3257.71, "station": "DENFERT-ROCHEREAU#", "marker-color": "#818181"}}, {"type": "Feature", "geometry": {"type": "Point", "coordinates": [2.401548, 48.868382]}, "properties": {"numparc": 7364, "etat de la localisation": "autre", "ID BDGEO": "377", "horodatage": "2023-05-05 19:54:10", "distance (en metres)": 6252.19, "station": "DENFERT-ROCHEREAU#", "marker-color": "#818181"}}, {"type": "Feature", "geometry": {"type": "Point", "coordinates": [2.40616, 48.852394]}, "properties": {"numparc": 7362, "etat de la localisation": "autre", "ID BDGEO": "377", "horodatage": "2023-05-05 19:54:14", "distance (en metres)": 5641.31, "station": "DENFERT-ROCHEREAU#", "marker-color": "#818181"}}, {"type": "Feature", "geometry": {"type": "Point", "coordinates": [2.390658, 48.837288]}, "properties": {"numparc": 7405, "etat de la localisation": "autre", "ID BDGEO": "377", "horodatage": "2023-05-05 19:54:33", "distance (en metres)": 4118.32, "station": "DENFERT-ROCHEREAU#", "marker-color": "#818181"}}, {"type": "Feature", "geometry": {"type": "Point", "coordinates": [2.376012, 48.830284]}, "properties": {"numparc": 7399, "etat de la localisation": "autre", "ID BDGEO": "377", "horodatage": "2023-05-05 19:54:48", "distance (en metres)": 3042.43, "station": "DENFERT-ROCHEREAU#", "marker-color": "#818181"}}, {"type": "Feature", "geometry": {"type": "Point", "coordinates": [2.406547, 48.848118]}, "properties": {"numparc": 7393, "etat de la localisation": "autre", "ID BDGEO": "141", "horodatage": "2023-05-05 19:55:08", "distance (en metres)": 3018.13, "station": "BIBLIOTHEQUE CHEVALERET", "marker-color": "#818181"}}, {"type": "Feature", "geometry": {"type": "Point", "coordinates": [2.361097, 48.826382]}, "properties": {"numparc": 7374, "etat de la localisation": "autre", "ID BDGEO": "377", "horodatage": "2023-05-05 19:55:12", "distance (en metres)": 2081.26, "station": "DENFERT-ROCHEREAU#", "marker-color": "#818181"}}, {"type": "Feature", "geometry": {"type": "Point", "coordinates": [2.399615, 48.86618]}, "properties": {"numparc": 7364, "etat de la localisation": "autre", "ID BDGEO": "377", "horodatage": "2023-05-05 19:55:18", "distance (en metres)": 5990.06, "station": "DENFERT-ROCHEREAU#", "marker-color": "#818181"}}, {"type": "Feature", "geometry": {"type": "Point", "coordinates": [2.406392, 48.850185]}, "properties": {"numparc": 7362, "etat de la localisation": "autre", "ID BDGEO": "377", "horodatage": "2023-05-05 19:55:42", "distance (en metres)": 5569.89, "station": "DENFERT-ROCHEREAU#", "marker-color": "#818181"}}, {"type": "Feature", "geometry": {"type": "Point", "coordinates": [2.359147, 48.827618]}, "properties": {"numparc": 7374, "etat de la localisation": "autre", "ID BDGEO": "377", "horodatage": "2023-05-05 19:56:22", "distance (en metres)": 1899.05, "station": "DENFERT-ROCHEREAU#", "marker-color": "#818181"}}, {"type": "Feature", "geometry": {"type": "Point", "coordinates": [2.386032, 48.835739]}, "properties": {"numparc": 7405, "etat de la localisation": "autre", "ID BDGEO": "377", "horodatage": "2023-05-05 19:56:54", "distance (en metres)": 3765.85, "station": "DENFERT-ROCHEREAU#", "marker-color": "#818181"}}, {"type": "Feature", "geometry": {"type": "Point", "coordinates": [2.406302, 48.847946]}, "properties": {"numparc": 7362, "etat de la localisation": "autre", "ID BDGEO": "377", "horodatage": "2023-05-05 19:57:19", "distance (en metres)": 5485.03, "station": "DENFERT-ROCHEREAU#", "marker-color": "#818181"}}, {"type": "Feature", "geometry": {"type": "Point", "coordinates": [2.406369, 48.851147]}, "properties": {"numparc": 7393, "etat de la localisation": "autre", "ID BDGEO": "141", "horodatage": "2023-05-05 19:57:24", "distance (en metres)": 3242.81, "station": "BIBLIOTHEQUE CHEVALERET", "marker-color": "#818181"}}, {"type": "Feature", "geometry": {"type": "Point", "coordinates": [2.399175, 48.864937]}, "properties": {"numparc": 7364, "etat de la localisation": "autre", "ID BDGEO": "377", "horodatage": "2023-05-05 19:57:30", "distance (en metres)": 5880.99, "station": "DENFERT-ROCHEREAU#", "marker-color": "#818181"}}, {"type": "Feature", "geometry": {"type": "Point", "coordinates": [2.356788, 48.830482]}, "properties": {"numparc": 7374, "etat de la localisation": "autre", "ID BDGEO": "377", "horodatage": "2023-05-05 19:58:04", "distance (en metres)": 1647.28, "station": "DENFERT-ROCHEREAU#", "marker-color": "#818181"}}, {"type": "Feature", "geometry": {"type": "Point", "coordinates": [2.383084, 48.834187]}, "properties": {"numparc": 7405, "etat de la localisation": "autre", "ID BDGEO": "377", "horodatage": "2023-05-05 19:58:55", "distance (en metres)": 3541.98, "station": "DENFERT-ROCHEREAU#", "marker-color": "#818181"}}, {"type": "Feature", "geometry": {"type": "Point", "coordinates": [2.400282, 48.86145]}, "properties": {"numparc": 7364, "etat de la localisation": "autre", "ID BDGEO": "377", "horodatage": "2023-05-05 19:59:01", "distance (en metres)": 5725.85, "station": "DENFERT-ROCHEREAU#", "marker-color": "#818181"}}, {"type": "Feature", "geometry": {"type": "Point", "coordinates": [2.406084, 48.852924]}, "properties": {"numparc": 7393, "etat de la localisation": "autre", "ID BDGEO": "141", "horodatage": "2023-05-05 19:59:02", "distance (en metres)": 3374.68, "station": "BIBLIOTHEQUE CHEVALERET", "marker-color": "#818181"}}, {"type": "Feature", "geometry": {"type": "Point", "coordinates": [2.402397, 48.858974]}, "properties": {"numparc": 7364, "etat de la localisation": "autre", "ID BDGEO": "377", "horodatage": "2023-05-05 20:00:01", "distance (en metres)": 5714.12, "station": "DENFERT-ROCHEREAU#", "marker-color": "#818181"}}, {"type": "Feature", "geometry": {"type": "Point", "coordinates": [2.405606, 48.844391]}, "properties": {"numparc": 7362, "etat de la localisation": "autre", "ID BDGEO": "377", "horodatage": "2023-05-05 20:00:17", "distance (en metres)": 5331.93, "station": "DENFERT-ROCHEREAU#", "marker-color": "#818181"}}, {"type": "Feature", "geometry": {"type": "Point", "coordinates": [2.354242, 48.831264]}, "properties": {"numparc": 7374, "etat de la localisation": "autre", "ID BDGEO": "377", "horodatage": "2023-05-05 20:00:26", "distance (en metres)": 1448.46, "station": "DENFERT-ROCHEREAU#", "marker-color": "#818181"}}, {"type": "Feature", "geometry": {"type": "Point", "coordinates": [2.379286, 48.832077]}, "properties": {"numparc": 7405, "etat de la localisation": "autre", "ID BDGEO": "377", "horodatage": "2023-05-05 20:00:36", "distance (en metres)": 3265.91, "station": "DENFERT-ROCHEREAU#", "marker-color": "#818181"}}, {"type": "Feature", "geometry": {"type": "Point", "coordinates": [2.370675, 48.827709]}, "properties": {"numparc": 7399, "etat de la localisation": "autre", "ID BDGEO": "377", "horodatage": "2023-05-05 20:01:04", "distance (en metres)": 2706.39, "station": "DENFERT-ROCHEREAU#", "marker-color": "#818181"}}, {"type": "Feature", "geometry": {"type": "Point", "coordinates": [2.405093, 48.842464]}, "properties": {"numparc": 7362, "etat de la localisation": "autre", "ID BDGEO": "377", "horodatage": "2023-05-05 20:01:17", "distance (en metres)": 5249.97, "station": "DENFERT-ROCHEREAU#", "marker-color": "#818181"}}, {"type": "Feature", "geometry": {"type": "Point", "coordinates": [2.404833, 48.856323]}, "properties": {"numparc": 7393, "etat de la localisation": "autre", "ID BDGEO": "141", "horodatage": "2023-05-05 20:01:31", "distance (en metres)": 3613.08, "station": "BIBLIOTHEQUE CHEVALERET", "marker-color": "#818181"}}, {"type": "Feature", "geometry": {"type": "Point", "coordinates": [2.376215, 48.830376]}, "properties": {"numparc": 7405, "etat de la localisation": "autre", "ID BDGEO": "377", "horodatage": "2023-05-05 20:01:35", "distance (en metres)": 3056.06, "station": "DENFERT-ROCHEREAU#", "marker-color": "#818181"}}, {"type": "Feature", "geometry": {"type": "Point", "coordinates": [2.349056, 48.829948]}, "properties": {"numparc": 7374, "etat de la localisation": "autre", "ID BDGEO": "377", "horodatage": "2023-05-05 20:01:43", "distance (en metres)": 1116.25, "station": "DENFERT-ROCHEREAU#", "marker-color": "#818181"}}, {"type": "Feature", "geometry": {"type": "Point", "coordinates": [2.40501, 48.856052]}, "properties": {"numparc": 7364, "etat de la localisation": "autre", "ID BDGEO": "377", "horodatage": "2023-05-05 20:01:45", "distance (en metres)": 5730.41, "station": "DENFERT-ROCHEREAU#", "marker-color": "#818181"}}, {"type": "Feature", "geometry": {"type": "Point", "coordinates": [2.367719, 48.827309]}, "properties": {"numparc": 7399, "etat de la localisation": "autre", "ID BDGEO": "377", "horodatage": "2023-05-05 20:02:20", "distance (en metres)": 2507.97, "station": "DENFERT-ROCHEREAU#", "marker-color": "#818181"}}, {"type": "Feature", "geometry": {"type": "Point", "coordinates": [2.404016, 48.839748]}, "properties": {"numparc": 7362, "etat de la localisation": "autre", "ID BDGEO": "377", "horodatage": "2023-05-05 20:02:41", "distance (en metres)": 5122.2, "station": "DENFERT-ROCHEREAU#", "marker-color": "#818181"}}, {"type": "Feature", "geometry": {"type": "Point", "coordinates": [2.406096, 48.852394]}, "properties": {"numparc": 7364, "etat de la localisation": "autre", "ID BDGEO": "377", "horodatage": "2023-05-05 20:03:14", "distance (en metres)": 5636.96, "station": "DENFERT-ROCHEREAU#", "marker-color": "#818181"}}, {"type": "Feature", "geometry": {"type": "Point", "coordinates": [2.401771, 48.859383]}, "properties": {"numparc": 7393, "etat de la localisation": "autre", "ID BDGEO": "141", "horodatage": "2023-05-05 20:03:20", "distance (en metres)": 3775.3, "station": "BIBLIOTHEQUE CHEVALERET", "marker-color": "#818181"}}, {"type": "Feature", "geometry": {"type": "Point", "coordinates": [2.344062, 48.831264]}, "properties": {"numparc": 7374, "etat de la localisation": "autre", "ID BDGEO": "377", "horodatage": "2023-05-05 20:03:38", "distance (en metres)": 722.86, "station": "DENFERT-ROCHEREAU#", "marker-color": "#818181"}}, {"type": "Feature", "geometry": {"type": "Point", "coordinates": [2.364665, 48.826874]}, "properties": {"numparc": 7399, "etat de la localisation": "autre", "ID BDGEO": "377", "horodatage": "2023-05-05 20:04:08", "distance (en metres)": 2308.02, "station": "DENFERT-ROCHEREAU#", "marker-color": "#818181"}}, {"type": "Feature", "geometry": {"type": "Point", "coordinates": [2.406351, 48.850258]}, "properties": {"numparc": 7364, "etat de la localisation": "autre", "ID BDGEO": "377", "horodatage": "2023-05-05 20:04:16", "distance (en metres)": 5569.77, "station": "DENFERT-ROCHEREAU#", "marker-color": "#818181"}}, {"type": "Feature", "geometry": {"type": "Point", "coordinates": [2.400275, 48.861908]}, "properties": {"numparc": 7393, "etat de la localisation": "autre", "ID BDGEO": "141", "horodatage": "2023-05-05 20:04:39", "distance (en metres)": 3969.58, "station": "BIBLIOTHEQUE CHEVALERET", "marker-color": "#818181"}}, {"type": "Feature", "geometry": {"type": "Point", "coordinates": [2.399403, 48.839649]}, "properties": {"numparc": 7362, "etat de la localisation": "autre", "ID BDGEO": "377", "horodatage": "2023-05-05 20:05:06", "distance (en metres)": 4786.46, "station": "DENFERT-ROCHEREAU#", "marker-color": "#818181"}}, {"type": "Feature", "geometry": {"type": "Point", "coordinates": [2.406346, 48.847992]}, "properties": {"numparc": 7364, "etat de la localisation": "autre", "ID BDGEO": "377", "horodatage": "2023-05-05 20:05:21", "distance (en metres)": 5489.62, "station": "DENFERT-ROCHEREAU#", "marker-color": "#818181"}}, {"type": "Feature", "geometry": {"type": "Point", "coordinates": [2.399014, 48.864201]}, "properties": {"numparc": 7393, "etat de la localisation": "autre", "ID BDGEO": "141", "horodatage": "2023-05-05 20:05:34", "distance (en metres)": 4159.94, "station": "BIBLIOTHEQUE CHEVALERET", "marker-color": "#818181"}}, {"type": "Feature", "geometry": {"type": "Point", "coordinates": [2.360922, 48.826359]}, "properties": {"numparc": 7399, "etat de la localisation": "autre", "ID BDGEO": "377", "horodatage": "2023-05-05 20:05:58", "distance (en metres)": 2070.34, "station": "DENFERT-ROCHEREAU#", "marker-color": "#818181"}}, {"type": "Feature", "geometry": {"type": "Point", "coordinates": [2.370944, 48.827774]}, "properties": {"numparc": 7405, "etat de la localisation": "autre", "ID BDGEO": "377", "horodatage": "2023-05-05 20:06:00", "distance (en metres)": 2723.89, "station": "DENFERT-ROCHEREAU#", "marker-color": "#818181"}}, {"type": "Feature", "geometry": {"type": "Point", "coordinates": [2.370944, 48.827774]}, "properties": {"numparc": 7405, "etat de la localisation": "autre", "ID BDGEO": "377", "horodatage": "2023-05-05 20:06:08", "distance (en metres)": 2723.89, "station": "DENFERT-ROCHEREAU#", "marker-color": "#818181"}}, {"type": "Feature", "geometry": {"type": "Point", "coordinates": [2.398969, 48.864258]}, "properties": {"numparc": 7393, "etat de la localisation": "autre", "ID BDGEO": "141", "horodatage": "2023-05-05 20:06:09", "distance (en metres)": 4164.4, "station": "BIBLIOTHEQUE CHEVALERET", "marker-color": "#818181"}}, {"type": "Feature", "geometry": {"type": "Point", "coordinates": [2.370944, 48.827774]}, "properties": {"numparc": 7405, "etat de la localisation": "autre", "ID BDGEO": "377", "horodatage": "2023-05-05 20:06:17", "distance (en metres)": 2723.89, "station": "DENFERT-ROCHEREAU#", "marker-color": "#818181"}}, {"type": "Feature", "geometry": {"type": "Point", "coordinates": [2.396687, 48.839664]}, "properties": {"numparc": 7362, "etat de la localisation": "autre", "ID BDGEO": "377", "horodatage": "2023-05-05 20:06:31", "distance (en metres)": 4590.16, "station": "DENFERT-ROCHEREAU#", "marker-color": "#818181"}}, {"type": "Feature", "geometry": {"type": "Point", "coordinates": [2.333766, 48.834114]}, "properties": {"numparc": 7374, "etat de la localisation": "autre", "ID BDGEO": "377", "horodatage": "2023-05-05 20:06:39", "distance (en metres)": 109.36, "station": "DENFERT-ROCHEREAU#", "marker-color": "#818181"}}, {"type": "Feature", "geometry": {"type": "Point", "coordinates": [2.399234, 48.865547]}, "properties": {"numparc": 7393, "etat de la localisation": "autre", "ID BDGEO": "141", "horodatage": "2023-05-05 20:07:05", "distance (en metres)": 4303.4, "station": "BIBLIOTHEQUE CHEVALERET", "marker-color": "#818181"}}, {"type": "Feature", "geometry": {"type": "Point", "coordinates": [2.359046, 48.827595]}, "properties": {"numparc": 7399, "etat de la localisation": "autre", "ID BDGEO": "377", "horodatage": "2023-05-05 20:07:11", "distance (en metres)": 1892.94, "station": "DENFERT-ROCHEREAU#", "marker-color": "#818181"}}, {"type": "Feature", "geometry": {"type": "Point", "coordinates": [2.368002, 48.827343]}, "properties": {"numparc": 7405, "etat de la localisation": "autre", "ID BDGEO": "377", "horodatage": "2023-05-05 20:07:17", "distance (en metres)": 2526.93, "station": "DENFERT-ROCHEREAU#", "marker-color": "#818181"}}, {"type": "Feature", "geometry": {"type": "Point", "coordinates": [2.393911, 48.839024]}, "properties": {"numparc": 7362, "etat de la localisation": "autre", "ID BDGEO": "377", "horodatage": "2023-05-05 20:08:30", "distance (en metres)": 4378.67, "station": "DENFERT-ROCHEREAU#", "marker-color": "#818181"}}, {"type": "Feature", "geometry": {"type": "Point", "coordinates": [2.405634, 48.844353]}, "properties": {"numparc": 7364, "etat de la localisation": "autre", "ID BDGEO": "377", "horodatage": "2023-05-05 20:08:30", "distance (en metres)": 5332.95, "station": "DENFERT-ROCHEREAU#", "marker-color": "#818181"}}, {"type": "Feature", "geometry": {"type": "Point", "coordinates": [2.364831, 48.826893]}, "properties": {"numparc": 7405, "etat de la localisation": "autre", "ID BDGEO": "377", "horodatage": "2023-05-05 20:08:39", "distance (en metres)": 2318.91, "station": "DENFERT-ROCHEREAU#", "marker-color": "#818181"}}, {"type": "Feature", "geometry": {"type": "Point", "coordinates": [2.401948, 48.868698]}, "properties": {"numparc": 7393, "etat de la localisation": "autre", "ID BDGEO": "141", "horodatage": "2023-05-05 20:08:50", "distance (en metres)": 4704.08, "station": "BIBLIOTHEQUE CHEVALERET", "marker-color": "#818181"}}, {"type": "Feature", "geometry": {"type": "Point", "coordinates": [2.356711, 48.830456]}, "properties": {"numparc": 7399, "etat de la localisation": "autre", "ID BDGEO": "377", "horodatage": "2023-05-05 20:08:56", "distance (en metres)": 1642.34, "station": "DENFERT-ROCHEREAU#", "marker-color": "#818181"}}, {"type": "Feature", "geometry": {"type": "Point", "coordinates": [2.405114, 48.842415]}, "properties": {"numparc": 7364, "etat de la localisation": "autre", "ID BDGEO": "377", "horodatage": "2023-05-05 20:09:23", "distance (en metres)": 5250.42, "station": "DENFERT-ROCHEREAU#", "marker-color": "#818181"}}, {"type": "Feature", "geometry": {"type": "Point", "coordinates": [2.3611, 48.826374]}, "properties": {"numparc": 7405, "etat de la localisation": "autre", "ID BDGEO": "377", "horodatage": "2023-05-05 20:09:45", "distance (en metres)": 2081.77, "station": "DENFERT-ROCHEREAU#", "marker-color": "#818181"}}, {"type": "Feature", "geometry": {"type": "Point", "coordinates": [2.39064, 48.837261]}, "properties": {"numparc": 7362, "etat de la localisation": "autre", "ID BDGEO": "377", "horodatage": "2023-05-05 20:10:20", "distance (en metres)": 4116.71, "station": "DENFERT-ROCHEREAU#", "marker-color": "#818181"}}, {"type": "Feature", "geometry": {"type": "Point", "coordinates": [2.354222, 48.831249]}, "properties": {"numparc": 7399, "etat de la localisation": "autre", "ID BDGEO": "377", "horodatage": "2023-05-05 20:10:42", "distance (en metres)": 1447.28, "station": "DENFERT-ROCHEREAU#", "marker-color": "#818181"}}, {"type": "Feature", "geometry": {"type": "Point", "coordinates": [2.404149, 48.871231]}, "properties": {"numparc": 7393, "etat de la localisation": "autre", "ID BDGEO": "377", "horodatage": "2023-05-05 20:10:58", "distance (en metres)": 6599.62, "station": "DENFERT-ROCHEREAU#", "marker-color": "#818181"}}, {"type": "Feature", "geometry": {"type": "Point", "coordinates": [2.35907, 48.827595]}, "properties": {"numparc": 7405, "etat de la localisation": "autre", "ID BDGEO": "377", "horodatage": "2023-05-05 20:11:05", "distance (en metres)": 1894.6, "station": "DENFERT-ROCHEREAU#", "marker-color": "#818181"}}, {"type": "Feature", "geometry": {"type": "Point", "coordinates": [2.404193, 48.871296]}, "properties": {"numparc": 7393, "etat de la localisation": "autre", "ID BDGEO": "377", "horodatage": "2023-05-05 20:11:48", "distance (en metres)": 6606.7, "station": "DENFERT-ROCHEREAU#", "marker-color": "#818181"}}, {"type": "Feature", "geometry": {"type": "Point", "coordinates": [2.396908, 48.839642]}, "properties": {"numparc": 7364, "etat de la localisation": "autre", "ID BDGEO": "377", "horodatage": "2023-05-05 20:12:08", "distance (en metres)": 4605.76, "station": "DENFERT-ROCHEREAU#", "marker-color": "#818181"}}, {"type": "Feature", "geometry": {"type": "Point", "coordinates": [2.348956, 48.82996]}, "properties": {"numparc": 7399, "etat de la localisation": "autre", "ID BDGEO": "377", "horodatage": "2023-05-05 20:12:16", "distance (en metres)": 1108.94, "station": "DENFERT-ROCHEREAU#", "marker-color": "#818181"}}, {"type": "Feature", "geometry": {"type": "Point", "coordinates": [2.386117, 48.835678]}, "properties": {"numparc": 7362, "etat de la localisation": "autre", "ID BDGEO": "377", "horodatage": "2023-05-05 20:12:19", "distance (en metres)": 3771.58, "station": "DENFERT-ROCHEREAU#", "marker-color": "#818181"}}, {"type": "Feature", "geometry": {"type": "Point", "coordinates": [2.356787, 48.830429]}, "properties": {"numparc": 7405, "etat de la localisation": "autre", "ID BDGEO": "377", "horodatage": "2023-05-05 20:12:56", "distance (en metres)": 1648.38, "station": "DENFERT-ROCHEREAU#", "marker-color": "#818181"}}, {"type": "Feature", "geometry": {"type": "Point", "coordinates": [2.383265, 48.834087]}, "properties": {"numparc": 7362, "etat de la localisation": "autre", "ID BDGEO": "377", "horodatage": "2023-05-05 20:13:47", "distance (en metres)": 3554.95, "station": "DENFERT-ROCHEREAU#", "marker-color": "#818181"}}, {"type": "Feature", "geometry": {"type": "Point", "coordinates": [2.343992, 48.831295]}, "properties": {"numparc": 7399, "etat de la localisation": "autre", "ID BDGEO": "377", "horodatage": "2023-05-05 20:14:06", "distance (en metres)": 716.92, "station": "DENFERT-ROCHEREAU#", "marker-color": "#818181"}}, {"type": "Feature", "geometry": {"type": "Point", "coordinates": [2.406499, 48.876629]}, "properties": {"numparc": 7393, "etat de la localisation": "autre", "ID BDGEO": "377", "horodatage": "2023-05-05 20:14:28", "distance (en metres)": 7123.56, "station": "DENFERT-ROCHEREAU#", "marker-color": "#818181"}}, {"type": "Feature", "geometry": {"type": "Point", "coordinates": [2.339137, 48.832592]}, "properties": {"numparc": 7399, "etat de la localisation": "autre", "ID BDGEO": "377", "horodatage": "2023-05-05 20:15:14", "distance (en metres)": 334.93, "station": "DENFERT-ROCHEREAU#", "marker-color": "#818181"}}, {"type": "Feature", "geometry": {"type": "Point", "coordinates": [2.354196, 48.831196]}, "properties": {"numparc": 7405, "etat de la localisation": "autre", "ID BDGEO": "377", "horodatage": "2023-05-05 20:15:20", "distance (en metres)": 1446.38, "station": "DENFERT-ROCHEREAU#", "marker-color": "#818181"}}, {"type": "Feature", "geometry": {"type": "Point", "coordinates": [2.390766, 48.837231]}, "properties": {"numparc": 7364, "etat de la localisation": "autre", "ID BDGEO": "377", "horodatage": "2023-05-05 20:15:34", "distance (en metres)": 4125.51, "station": "DENFERT-ROCHEREAU#", "marker-color": "#818181"}}, {"type": "Feature", "geometry": {"type": "Point", "coordinates": [2.379229, 48.832012]}, "properties": {"numparc": 7362, "etat de la localisation": "autre", "ID BDGEO": "377", "horodatage": "2023-05-05 20:16:04", "distance (en metres)": 3262.07, "station": "DENFERT-ROCHEREAU#", "marker-color": "#818181"}}, {"type": "Feature", "geometry": {"type": "Point", "coordinates": [2.348993, 48.829887]}, "properties": {"numparc": 7405, "etat de la localisation": "autre", "ID BDGEO": "377", "horodatage": "2023-05-05 20:16:15", "distance (en metres)": 1114.24, "station": "DENFERT-ROCHEREAU#", "marker-color": "#818181"}}, {"type": "Feature", "geometry": {"type": "Point", "coordinates": [2.406419, 48.876743]}, "properties": {"numparc": 7393, "etat de la localisation": "autre", "ID BDGEO": "377", "horodatage": "2023-05-05 20:16:47", "distance (en metres)": 7127.86, "station": "DENFERT-ROCHEREAU#", "marker-color": "#818181"}}, {"type": "Feature", "geometry": {"type": "Point", "coordinates": [2.386197, 48.835701]}, "properties": {"numparc": 7364, "etat de la localisation": "autre", "ID BDGEO": "377", "horodatage": "2023-05-05 20:17:17", "distance (en metres)": 3777.6, "station": "DENFERT-ROCHEREAU#", "marker-color": "#818181"}}, {"type": "Feature", "geometry": {"type": "Point", "coordinates": [2.376034, 48.830219]}, "properties": {"numparc": 7362, "etat de la localisation": "autre", "ID BDGEO": "377", "horodatage": "2023-05-05 20:17:17", "distance (en metres)": 3044.84, "station": "DENFERT-ROCHEREAU#", "marker-color": "#818181"}}, {"type": "Feature", "geometry": {"type": "Point", "coordinates": [2.333746, 48.834095]}, "properties": {"numparc": 7399, "etat de la localisation": "autre", "ID BDGEO": "377", "horodatage": "2023-05-05 20:17:26", "distance (en metres)": 108.67, "station": "DENFERT-ROCHEREAU#", "marker-color": "#818181"}}, {"type": "Feature", "geometry": {"type": "Point", "coordinates": [2.376034, 48.830219]}, "properties": {"numparc": 7362, "etat de la localisation": "autre", "ID BDGEO": "377", "horodatage": "2023-05-05 20:17:36", "distance (en metres)": 3044.84, "station": "DENFERT-ROCHEREAU#", "marker-color": "#818181"}}, {"type": "Feature", "geometry": {"type": "Point", "coordinates": [2.344067, 48.83123]}, "properties": {"numparc": 7405, "etat de la localisation": "autre", "ID BDGEO": "377", "horodatage": "2023-05-05 20:17:56", "distance (en metres)": 724.45, "station": "DENFERT-ROCHEREAU#", "marker-color": "#818181"}}, {"type": "Feature", "geometry": {"type": "Point", "coordinates": [2.383207, 48.834129]}, "properties": {"numparc": 7364, "etat de la localisation": "autre", "ID BDGEO": "377", "horodatage": "2023-05-05 20:18:21", "distance (en metres)": 3550.82, "station": "DENFERT-ROCHEREAU#", "marker-color": "#818181"}}, {"type": "Feature", "geometry": {"type": "Point", "coordinates": [2.379117, 48.831917]}, "properties": {"numparc": 7364, "etat de la localisation": "autre", "ID BDGEO": "377", "horodatage": "2023-05-05 20:19:45", "distance (en metres)": 3254.38, "station": "DENFERT-ROCHEREAU#", "marker-color": "#818181"}}, {"type": "Feature", "geometry": {"type": "Point", "coordinates": [2.333772, 48.834118]}, "properties": {"numparc": 7405, "etat de la localisation": "autre", "ID BDGEO": "377", "horodatage": "2023-05-05 20:20:07", "distance (en metres)": 109.42, "station": "DENFERT-ROCHEREAU#", "marker-color": "#818181"}}, {"type": "Feature", "geometry": {"type": "Point", "coordinates": [2.376101, 48.83028]}, "properties": {"numparc": 7364, "etat de la localisation": "autre", "ID BDGEO": "377", "horodatage": "2023-05-05 20:21:14", "distance (en metres)": 3048.94, "station": "DENFERT-ROCHEREAU#", "marker-color": "#818181"}}, {"type": "Feature", "geometry": {"type": "Point", "coordinates": [2.334489, 48.833549]}, "properties": {"numparc": 7399, "etat de la localisation": "autre", "ID BDGEO": "348", "horodatage": "2023-05-05 20:21:37", "distance (en metres)": 41.1, "station": "DENFERT-ROCHEREAU", "marker-color": "#818181"}}, {"type": "Feature", "geometry": {"type": "Point", "coordinates": [2.370771, 48.827686]}, "properties": {"numparc": 7362, "etat de la localisation": "autre", "ID BDGEO": "377", "horodatage": "2023-05-05 20:22:06", "distance (en metres)": 2713.8, "station": "DENFERT-ROCHEREAU#", "marker-color": "#818181"}}, {"type": "Feature", "geometry": {"type": "Point", "coordinates": [2.404557, 48.872242]}, "properties": {"numparc": 7393, "etat de la localisation": "autre", "ID BDGEO": "377", "horodatage": "2023-05-05 20:22:11", "distance (en metres)": 6694.64, "station": "DENFERT-ROCHEREAU#", "marker-color": "#818181"}}, {"type": "Feature", "geometry": {"type": "Point", "coordinates": [2.367782, 48.827286]}, "properties": {"numparc": 7362, "etat de la localisation": "autre", "ID BDGEO": "377", "horodatage": "2023-05-05 20:23:05", "distance (en metres)": 2513.11, "station": "DENFERT-ROCHEREAU#", "marker-color": "#818181"}}, {"type": "Feature", "geometry": {"type": "Point", "coordinates": [2.364648, 48.826847]}, "properties": {"numparc": 7362, "etat de la localisation": "autre", "ID BDGEO": "377", "horodatage": "2023-05-05 20:24:22", "distance (en metres)": 2307.77, "station": "DENFERT-ROCHEREAU#", "marker-color": "#818181"}}, {"type": "Feature", "geometry": {"type": "Point", "coordinates": [2.360875, 48.82634]}, "properties": {"numparc": 7362, "etat de la localisation": "autre", "ID BDGEO": "377", "horodatage": "2023-05-05 20:25:34", "distance (en metres)": 2067.93, "station": "DENFERT-ROCHEREAU#", "marker-color": "#818181"}}, {"type": "Feature", "geometry": {"type": "Point", "coordinates": [2.359012, 48.827583]}, "properties": {"numparc": 7362, "etat de la localisation": "autre", "ID BDGEO": "377", "horodatage": "2023-05-05 20:26:54", "distance (en metres)": 1891.03, "station": "DENFERT-ROCHEREAU#", "marker-color": "#818181"}}, {"type": "Feature", "geometry": {"type": "Point", "coordinates": [2.370812, 48.827728]}, "properties": {"numparc": 7364, "etat de la localisation": "autre", "ID BDGEO": "377", "horodatage": "2023-05-05 20:26:55", "distance (en metres)": 2715.64, "station": "DENFERT-ROCHEREAU#", "marker-color": "#818181"}}, {"type": "Feature", "geometry": {"type": "Point", "coordinates": [2.367792, 48.827316]}, "properties": {"numparc": 7364, "etat de la localisation": "autre", "ID BDGEO": "377", "horodatage": "2023-05-05 20:28:33", "distance (en metres)": 2512.89, "station": "DENFERT-ROCHEREAU#", "marker-color": "#818181"}}, {"type": "Feature", "geometry": {"type": "Point", "coordinates": [2.356693, 48.830429]}, "properties": {"numparc": 7362, "etat de la localisation": "autre", "ID BDGEO": "377", "horodatage": "2023-05-05 20:28:46", "distance (en metres)": 1641.64, "station": "DENFERT-ROCHEREAU#", "marker-color": "#818181"}}, {"type": "Feature", "geometry": {"type": "Point", "coordinates": [2.356622, 48.830509]}, "properties": {"numparc": 7362, "etat de la localisation": "autre", "ID BDGEO": "377", "horodatage": "2023-05-05 20:29:29", "distance (en metres)": 1634.79, "station": "DENFERT-ROCHEREAU#", "marker-color": "#818181"}}, {"type": "Feature", "geometry": {"type": "Point", "coordinates": [2.364637, 48.826878]}, "properties": {"numparc": 7364, "etat de la localisation": "autre", "ID BDGEO": "377", "horodatage": "2023-05-05 20:29:50", "distance (en metres)": 2305.93, "station": "DENFERT-ROCHEREAU#", "marker-color": "#818181"}}, {"type": "Feature", "geometry": {"type": "Point", "coordinates": [2.36101, 48.82637]}, "properties": {"numparc": 7364, "etat de la localisation": "autre", "ID BDGEO": "377", "horodatage": "2023-05-05 20:31:04", "distance (en metres)": 2075.83, "station": "DENFERT-ROCHEREAU#", "marker-color": "#818181"}}, {"type": "Feature", "geometry": {"type": "Point", "coordinates": [2.407479, 48.849358]}, "properties": {"numparc": 7374, "etat de la localisation": "autre", "ID BDGEO": "346", "horodatage": "2023-05-05 20:31:21", "distance (en metres)": 57.43, "station": "LAGNY SORTIE#", "marker-color": "#818181"}}, {"type": "Feature", "geometry": {"type": "Point", "coordinates": [2.354173, 48.831165]}, "properties": {"numparc": 7362, "etat de la localisation": "autre", "ID BDGEO": "377", "horodatage": "2023-05-05 20:31:55", "distance (en metres)": 1445.27, "station": "DENFERT-ROCHEREAU#", "marker-color": "#818181"}}, {"type": "Feature", "geometry": {"type": "Point", "coordinates": [2.359056, 48.827572]}, "properties": {"numparc": 7364, "etat de la localisation": "autre", "ID BDGEO": "377", "horodatage": "2023-05-05 20:32:10", "distance (en metres)": 1894.49, "station": "DENFERT-ROCHEREAU#", "marker-color": "#818181"}}, {"type": "Feature", "geometry": {"type": "Point", "coordinates": [2.349011, 48.829849]}, "properties": {"numparc": 7362, "etat de la localisation": "autre", "ID BDGEO": "377", "horodatage": "2023-05-05 20:33:29", "distance (en metres)": 1116.94, "station": "DENFERT-ROCHEREAU#", "marker-color": "#818181"}}, {"type": "Feature", "geometry": {"type": "Point", "coordinates": [2.356748, 48.830292]}, "properties": {"numparc": 7364, "etat de la localisation": "autre", "ID BDGEO": "377", "horodatage": "2023-05-05 20:34:06", "distance (en metres)": 1648.67, "station": "DENFERT-ROCHEREAU#", "marker-color": "#818181"}}, {"type": "Feature", "geometry": {"type": "Point", "coordinates": [2.343963, 48.83123]}, "properties": {"numparc": 7362, "etat de la localisation": "autre", "ID BDGEO": "377", "horodatage": "2023-05-05 20:35:14", "distance (en metres)": 717.24, "station": "DENFERT-ROCHEREAU#", "marker-color": "#818181"}}, {"type": "Feature", "geometry": {"type": "Point", "coordinates": [2.344061, 48.83123]}, "properties": {"numparc": 7364, "etat de la localisation": "autre", "ID BDGEO": "377", "horodatage": "2023-05-05 20:38:04", "distance (en metres)": 724.02, "station": "DENFERT-ROCHEREAU#", "marker-color": "#818181"}}, {"type": "Feature", "geometry": {"type": "Point", "coordinates": [2.333715, 48.834091]}, "properties": {"numparc": 7362, "etat de la localisation": "autre", "ID BDGEO": "377", "horodatage": "2023-05-05 20:38:26", "distance (en metres)": 109.83, "station": "DENFERT-ROCHEREAU#", "marker-color": "#818181"}}, {"type": "Feature", "geometry": {"type": "Point", "coordinates": [2.333632, 48.834084]}, "properties": {"numparc": 7364, "etat de la localisation": "autre", "ID BDGEO": "377", "horodatage": "2023-05-05 20:41:10", "distance (en metres)": 113.34, "station": "DENFERT-ROCHEREAU#", "marker-color": "#818181"}}, {"type": "Feature", "geometry": {"type": "Point", "coordinates": [2.407413, 48.849411]}, "properties": {"numparc": 7405, "etat de la localisation": "Delocalise", "ID BDGEO": "377", "horodatage": "2023-05-05 20:43:39", "distance (en metres)": 5612.36, "station": "DENFERT-ROCHEREAU#", "marker-color": "#FF565E"}}, {"type": "Feature", "geometry": {"type": "Point", "coordinates": [2.379241, 48.832024]}, "properties": {"numparc": 7399, "etat de la localisation": "autre", "ID BDGEO": "141", "horodatage": "2023-05-05 20:48:39", "distance (en metres)": 335.64, "station": "BIBLIOTHEQUE CHEVALERET", "marker-color": "#818181"}}, {"type": "Feature", "geometry": {"type": "Point", "coordinates": [2.382895, 48.833946]}, "properties": {"numparc": 7399, "etat de la localisation": "autre", "ID BDGEO": "141", "horodatage": "2023-05-05 20:51:43", "distance (en metres)": 677.95, "station": "BIBLIOTHEQUE CHEVALERET", "marker-color": "#818181"}}, {"type": "Feature", "geometry": {"type": "Point", "coordinates": [2.385912, 48.83559]}, "properties": {"numparc": 7399, "etat de la localisation": "autre", "ID BDGEO": "141", "horodatage": "2023-05-05 20:53:44", "distance (en metres)": 964.63, "station": "BIBLIOTHEQUE CHEVALERET", "marker-color": "#818181"}}, {"type": "Feature", "geometry": {"type": "Point", "coordinates": [2.390668, 48.837154]}, "properties": {"numparc": 7399, "etat de la localisation": "autre", "ID BDGEO": "141", "horodatage": "2023-05-05 20:55:35", "distance (en metres)": 1346.6, "station": "BIBLIOTHEQUE CHEVALERET", "marker-color": "#818181"}}, {"type": "Feature", "geometry": {"type": "Point", "coordinates": [2.379176, 48.831966]}, "properties": {"numparc": 7358, "etat de la localisation": "autre", "ID BDGEO": "141", "horodatage": "2023-05-05 20:56:01", "distance (en metres)": 327.89, "station": "BIBLIOTHEQUE CHEVALERET", "marker-color": "#818181"}}, {"type": "Feature", "geometry": {"type": "Point", "coordinates": [2.382836, 48.833904]}, "properties": {"numparc": 7358, "etat de la localisation": "autre", "ID BDGEO": "141", "horodatage": "2023-05-05 20:57:46", "distance (en metres)": 671.66, "station": "BIBLIOTHEQUE CHEVALERET", "marker-color": "#818181"}}, {"type": "Feature", "geometry": {"type": "Point", "coordinates": [2.396953, 48.839478]}, "properties": {"numparc": 7399, "etat de la localisation": "autre", "ID BDGEO": "141", "horodatage": "2023-05-05 20:57:52", "distance (en metres)": 1871.73, "station": "BIBLIOTHEQUE CHEVALERET", "marker-color": "#818181"}}, {"type": "Feature", "geometry": {"type": "Point", "coordinates": [2.399269, 48.839588]}, "properties": {"numparc": 7399, "etat de la localisation": "autre", "ID BDGEO": "141", "horodatage": "2023-05-05 20:58:57", "distance (en metres)": 2020.91, "station": "BIBLIOTHEQUE CHEVALERET", "marker-color": "#818181"}}, {"type": "Feature", "geometry": {"type": "Point", "coordinates": [2.385828, 48.835491]}, "properties": {"numparc": 7358, "etat de la localisation": "autre", "ID BDGEO": "141", "horodatage": "2023-05-05 21:00:07", "distance (en metres)": 952.88, "station": "BIBLIOTHEQUE CHEVALERET", "marker-color": "#818181"}}, {"type": "Feature", "geometry": {"type": "Point", "coordinates": [2.4033, 48.839741]}, "properties": {"numparc": 7399, "etat de la localisation": "autre", "ID BDGEO": "141", "horodatage": "2023-05-05 21:01:16", "distance (en metres)": 2285.38, "station": "BIBLIOTHEQUE CHEVALERET", "marker-color": "#818181"}}, {"type": "Feature", "geometry": {"type": "Point", "coordinates": [2.390496, 48.836994]}, "properties": {"numparc": 7358, "etat de la localisation": "autre", "ID BDGEO": "141", "horodatage": "2023-05-05 21:02:16", "distance (en metres)": 1325.99, "station": "BIBLIOTHEQUE CHEVALERET", "marker-color": "#818181"}}, {"type": "Feature", "geometry": {"type": "Point", "coordinates": [2.405049, 48.842255]}, "properties": {"numparc": 7399, "etat de la localisation": "autre", "ID BDGEO": "141", "horodatage": "2023-05-05 21:03:16", "distance (en metres)": 2536.73, "station": "BIBLIOTHEQUE CHEVALERET", "marker-color": "#818181"}}, {"type": "Feature", "geometry": {"type": "Point", "coordinates": [2.393654, 48.838833]}, "properties": {"numparc": 7358, "etat de la localisation": "autre", "ID BDGEO": "141", "horodatage": "2023-05-05 21:04:14", "distance (en metres)": 1633.22, "station": "BIBLIOTHEQUE CHEVALERET", "marker-color": "#818181"}}, {"type": "Feature", "geometry": {"type": "Point", "coordinates": [2.396947, 48.839462]}, "properties": {"numparc": 7358, "etat de la localisation": "autre", "ID BDGEO": "141", "horodatage": "2023-05-05 21:05:16", "distance (en metres)": 1870.4, "station": "BIBLIOTHEQUE CHEVALERET", "marker-color": "#818181"}}, {"type": "Feature", "geometry": {"type": "Point", "coordinates": [2.405822, 48.84502]}, "properties": {"numparc": 7399, "etat de la localisation": "autre", "ID BDGEO": "141", "horodatage": "2023-05-05 21:05:35", "distance (en metres)": 2758.4, "station": "BIBLIOTHEQUE CHEVALERET", "marker-color": "#818181"}}, {"type": "Feature", "geometry": {"type": "Point", "coordinates": [2.403357, 48.839718]}, "properties": {"numparc": 7358, "etat de la localisation": "autre", "ID BDGEO": "141", "horodatage": "2023-05-05 21:07:00", "distance (en metres)": 2287.86, "station": "BIBLIOTHEQUE CHEVALERET", "marker-color": "#818181"}}, {"type": "Feature", "geometry": {"type": "Point", "coordinates": [2.4065, 48.847977]}, "properties": {"numparc": 7399, "etat de la localisation": "autre", "ID BDGEO": "141", "horodatage": "2023-05-05 21:07:15", "distance (en metres)": 3005.14, "station": "BIBLIOTHEQUE CHEVALERET", "marker-color": "#818181"}}, {"type": "Feature", "geometry": {"type": "Point", "coordinates": [2.406318, 48.851151]}, "properties": {"numparc": 7399, "etat de la localisation": "autre", "ID BDGEO": "141", "horodatage": "2023-05-05 21:08:24", "distance (en metres)": 3240.54, "station": "BIBLIOTHEQUE CHEVALERET", "marker-color": "#818181"}}, {"type": "Feature", "geometry": {"type": "Point", "coordinates": [2.405021, 48.842251]}, "properties": {"numparc": 7358, "etat de la localisation": "autre", "ID BDGEO": "141", "horodatage": "2023-05-05 21:08:33", "distance (en metres)": 2534.76, "station": "BIBLIOTHEQUE CHEVALERET", "marker-color": "#818181"}}, {"type": "Feature", "geometry": {"type": "Point", "coordinates": [2.379164, 48.831921]}, "properties": {"numparc": 7362, "etat de la localisation": "autre", "ID BDGEO": "141", "horodatage": "2023-05-05 21:08:49", "distance (en metres)": 323.96, "station": "BIBLIOTHEQUE CHEVALERET", "marker-color": "#818181"}}, {"type": "Feature", "geometry": {"type": "Point", "coordinates": [2.405789, 48.845055]}, "properties": {"numparc": 7358, "etat de la localisation": "autre", "ID BDGEO": "141", "horodatage": "2023-05-05 21:09:29", "distance (en metres)": 2758.78, "station": "BIBLIOTHEQUE CHEVALERET", "marker-color": "#818181"}}, {"type": "Feature", "geometry": {"type": "Point", "coordinates": [2.406088, 48.852879]}, "properties": {"numparc": 7399, "etat de la localisation": "autre", "ID BDGEO": "141", "horodatage": "2023-05-05 21:09:48", "distance (en metres)": 3371.04, "station": "BIBLIOTHEQUE CHEVALERET", "marker-color": "#818181"}}, {"type": "Feature", "geometry": {"type": "Point", "coordinates": [2.382901, 48.833908]}, "properties": {"numparc": 7362, "etat de la localisation": "autre", "ID BDGEO": "141", "horodatage": "2023-05-05 21:10:55", "distance (en metres)": 675.6, "station": "BIBLIOTHEQUE CHEVALERET", "marker-color": "#818181"}}, {"type": "Feature", "geometry": {"type": "Point", "coordinates": [2.406454, 48.848057]}, "properties": {"numparc": 7358, "etat de la localisation": "autre", "ID BDGEO": "141", "horodatage": "2023-05-05 21:10:57", "distance (en metres)": 3008.53, "station": "BIBLIOTHEQUE CHEVALERET", "marker-color": "#818181"}}, {"type": "Feature", "geometry": {"type": "Point", "coordinates": [2.404799, 48.856422]}, "properties": {"numparc": 7399, "etat de la localisation": "autre", "ID BDGEO": "141", "horodatage": "2023-05-05 21:11:04", "distance (en metres)": 3620.53, "station": "BIBLIOTHEQUE CHEVALERET", "marker-color": "#818181"}}, {"type": "Feature", "geometry": {"type": "Point", "coordinates": [2.385886, 48.835522]}, "properties": {"numparc": 7362, "etat de la localisation": "autre", "ID BDGEO": "141", "horodatage": "2023-05-05 21:12:26", "distance (en metres)": 958.31, "station": "BIBLIOTHEQUE CHEVALERET", "marker-color": "#818181"}}, {"type": "Feature", "geometry": {"type": "Point", "coordinates": [2.401678, 48.859509]}, "properties": {"numparc": 7399, "etat de la localisation": "autre", "ID BDGEO": "141", "horodatage": "2023-05-05 21:12:40", "distance (en metres)": 3783.98, "station": "BIBLIOTHEQUE CHEVALERET", "marker-color": "#818181"}}, {"type": "Feature", "geometry": {"type": "Point", "coordinates": [2.405936, 48.852901]}, "properties": {"numparc": 7358, "etat de la localisation": "autre", "ID BDGEO": "141", "horodatage": "2023-05-05 21:13:29", "distance (en metres)": 3365.64, "station": "BIBLIOTHEQUE CHEVALERET", "marker-color": "#818181"}}, {"type": "Feature", "geometry": {"type": "Point", "coordinates": [2.390713, 48.837135]}, "properties": {"numparc": 7362, "etat de la localisation": "autre", "ID BDGEO": "141", "horodatage": "2023-05-05 21:13:56", "distance (en metres)": 1348.04, "station": "BIBLIOTHEQUE CHEVALERET", "marker-color": "#818181"}}, {"type": "Feature", "geometry": {"type": "Point", "coordinates": [2.398981, 48.86422]}, "properties": {"numparc": 7399, "etat de la localisation": "autre", "ID BDGEO": "141", "horodatage": "2023-05-05 21:14:39", "distance (en metres)": 4160.89, "station": "BIBLIOTHEQUE CHEVALERET", "marker-color": "#818181"}}, {"type": "Feature", "geometry": {"type": "Point", "coordinates": [2.393785, 48.838947]}, "properties": {"numparc": 7362, "etat de la localisation": "autre", "ID BDGEO": "141", "horodatage": "2023-05-05 21:15:20", "distance (en metres)": 1648.51, "station": "BIBLIOTHEQUE CHEVALERET", "marker-color": "#818181"}}, {"type": "Feature", "geometry": {"type": "Point", "coordinates": [2.399152, 48.865601]}, "properties": {"numparc": 7399, "etat de la localisation": "autre", "ID BDGEO": "141", "horodatage": "2023-05-05 21:16:23", "distance (en metres)": 4306.45, "station": "BIBLIOTHEQUE CHEVALERET", "marker-color": "#818181"}}, {"type": "Feature", "geometry": {"type": "Point", "coordinates": [2.401649, 48.859428]}, "properties": {"numparc": 7358, "etat de la localisation": "autre", "ID BDGEO": "141", "horodatage": "2023-05-05 21:16:43", "distance (en metres)": 3775.2, "station": "BIBLIOTHEQUE CHEVALERET", "marker-color": "#818181"}}, {"type": "Feature", "geometry": {"type": "Point", "coordinates": [2.397034, 48.839512]}, "properties": {"numparc": 7362, "etat de la localisation": "autre", "ID BDGEO": "141", "horodatage": "2023-05-05 21:17:14", "distance (en metres)": 1878.76, "station": "BIBLIOTHEQUE CHEVALERET", "marker-color": "#818181"}}, {"type": "Feature", "geometry": {"type": "Point", "coordinates": [2.400084, 48.861946]}, "properties": {"numparc": 7358, "etat de la localisation": "autre", "ID BDGEO": "141", "horodatage": "2023-05-05 21:17:40", "distance (en metres)": 3967.07, "station": "BIBLIOTHEQUE CHEVALERET", "marker-color": "#818181"}}, {"type": "Feature", "geometry": {"type": "Point", "coordinates": [2.401906, 48.868629]}, "properties": {"numparc": 7399, "etat de la localisation": "autre", "ID BDGEO": "141", "horodatage": "2023-05-05 21:18:22", "distance (en metres)": 4695.86, "station": "BIBLIOTHEQUE CHEVALERET", "marker-color": "#818181"}}, {"type": "Feature", "geometry": {"type": "Point", "coordinates": [2.398749, 48.864147]}, "properties": {"numparc": 7358, "etat de la localisation": "autre", "ID BDGEO": "141", "horodatage": "2023-05-05 21:18:28", "distance (en metres)": 4146.62, "station": "BIBLIOTHEQUE CHEVALERET", "marker-color": "#818181"}}, {"type": "Feature", "geometry": {"type": "Point", "coordinates": [2.407265, 48.849194]}, "properties": {"numparc": 7364, "etat de la localisation": "autre", "ID BDGEO": "226", "horodatage": "2023-05-05 21:18:38", "distance (en metres)": 122.11, "station": "LA PLAINE", "marker-color": "#818181"}}, {"type": "Feature", "geometry": {"type": "Point", "coordinates": [2.403429, 48.839745]}, "properties": {"numparc": 7362, "etat de la localisation": "autre", "ID BDGEO": "141", "horodatage": "2023-05-05 21:19:46", "distance (en metres)": 2293.91, "station": "BIBLIOTHEQUE CHEVALERET", "marker-color": "#818181"}}, {"type": "Feature", "geometry": {"type": "Point", "coordinates": [2.399072, 48.865528]}, "properties": {"numparc": 7358, "etat de la localisation": "autre", "ID BDGEO": "141", "horodatage": "2023-05-05 21:20:00", "distance (en metres)": 4296.73, "station": "BIBLIOTHEQUE CHEVALERET", "marker-color": "#818181"}}, {"type": "Feature", "geometry": {"type": "Point", "coordinates": [2.404114, 48.871265]}, "properties": {"numparc": 7399, "etat de la localisation": "autre", "ID BDGEO": "141", "horodatage": "2023-05-05 21:20:30", "distance (en metres)": 5029.42, "station": "BIBLIOTHEQUE CHEVALERET", "marker-color": "#818181"}}, {"type": "Feature", "geometry": {"type": "Point", "coordinates": [2.407256, 48.849354]}, "properties": {"numparc": 7364, "etat de la localisation": "autre", "ID BDGEO": "226", "horodatage": "2023-05-05 21:20:38", "distance (en metres)": 106.64, "station": "LA PLAINE", "marker-color": "#818181"}}, {"type": "Feature", "geometry": {"type": "Point", "coordinates": [2.405021, 48.842278]}, "properties": {"numparc": 7362, "etat de la localisation": "autre", "ID BDGEO": "141", "horodatage": "2023-05-05 21:21:31", "distance (en metres)": 2536.35, "station": "BIBLIOTHEQUE CHEVALERET", "marker-color": "#818181"}}, {"type": "Feature", "geometry": {"type": "Point", "coordinates": [2.401812, 48.86869]}, "properties": {"numparc": 7358, "etat de la localisation": "autre", "ID BDGEO": "141", "horodatage": "2023-05-05 21:21:53", "distance (en metres)": 4699.26, "station": "BIBLIOTHEQUE CHEVALERET", "marker-color": "#818181"}}, {"type": "Feature", "geometry": {"type": "Point", "coordinates": [2.405823, 48.845078]}, "properties": {"numparc": 7362, "etat de la localisation": "autre", "ID BDGEO": "141", "horodatage": "2023-05-05 21:22:38", "distance (en metres)": 2762.3, "station": "BIBLIOTHEQUE CHEVALERET", "marker-color": "#818181"}}, {"type": "Feature", "geometry": {"type": "Point", "coordinates": [2.379283, 48.831966]}, "properties": {"numparc": 7389, "etat de la localisation": "autre", "ID BDGEO": "141", "horodatage": "2023-05-05 21:23:13", "distance (en metres)": 333.92, "station": "BIBLIOTHEQUE CHEVALERET", "marker-color": "#818181"}}, {"type": "Feature", "geometry": {"type": "Point", "coordinates": [2.406466, 48.876698]}, "properties": {"numparc": 7399, "etat de la localisation": "autre", "ID BDGEO": "141", "horodatage": "2023-05-05 21:23:13", "distance (en metres)": 5651.35, "station": "BIBLIOTHEQUE CHEVALERET", "marker-color": "#818181"}}, {"type": "Feature", "geometry": {"type": "Point", "coordinates": [2.403982, 48.871243]}, "properties": {"numparc": 7358, "etat de la localisation": "autre", "ID BDGEO": "141", "horodatage": "2023-05-05 21:23:52", "distance (en metres)": 5023.12, "station": "BIBLIOTHEQUE CHEVALERET", "marker-color": "#818181"}}, {"type": "Feature", "geometry": {"type": "Point", "coordinates": [2.406502, 48.847954]}, "properties": {"numparc": 7362, "etat de la localisation": "autre", "ID BDGEO": "141", "horodatage": "2023-05-05 21:24:18", "distance (en metres)": 3003.56, "station": "BIBLIOTHEQUE CHEVALERET", "marker-color": "#818181"}}, {"type": "Feature", "geometry": {"type": "Point", "coordinates": [2.406502, 48.847954]}, "properties": {"numparc": 7362, "etat de la localisation": "autre", "ID BDGEO": "141", "horodatage": "2023-05-05 21:24:38", "distance (en metres)": 3003.56, "station": "BIBLIOTHEQUE CHEVALERET", "marker-color": "#818181"}}, {"type": "Feature", "geometry": {"type": "Point", "coordinates": [2.407236, 48.84959]}, "properties": {"numparc": 7364, "etat de la localisation": "autre", "ID BDGEO": "229", "horodatage": "2023-05-05 21:24:48", "distance (en metres)": 94.86, "station": "LA PLAINE", "marker-color": "#818181"}}, {"type": "Feature", "geometry": {"type": "Point", "coordinates": [2.382905, 48.833916]}, "properties": {"numparc": 7389, "etat de la localisation": "autre", "ID BDGEO": "141", "horodatage": "2023-05-05 21:24:59", "distance (en metres)": 676.36, "station": "BIBLIOTHEQUE CHEVALERET", "marker-color": "#818181"}}, {"type": "Feature", "geometry": {"type": "Point", "coordinates": [2.405244, 48.874146]}, "properties": {"numparc": 7358, "etat de la localisation": "autre", "ID BDGEO": "141", "horodatage": "2023-05-05 21:25:00", "distance (en metres)": 5355.53, "station": "BIBLIOTHEQUE CHEVALERET", "marker-color": "#818181"}}, {"type": "Feature", "geometry": {"type": "Point", "coordinates": [2.406466, 48.876698]}, "properties": {"numparc": 7399, "etat de la localisation": "autre", "ID BDGEO": "141", "horodatage": "2023-05-05 21:25:02", "distance (en metres)": 5651.35, "station": "BIBLIOTHEQUE CHEVALERET", "marker-color": "#818181"}}, {"type": "Feature", "geometry": {"type": "Point", "coordinates": [2.406351, 48.876736]}, "properties": {"numparc": 7358, "etat de la localisation": "autre", "ID BDGEO": "141", "horodatage": "2023-05-05 21:26:25", "distance (en metres)": 5651.9, "station": "BIBLIOTHEQUE CHEVALERET", "marker-color": "#818181"}}, {"type": "Feature", "geometry": {"type": "Point", "coordinates": [2.385933, 48.835587]}, "properties": {"numparc": 7389, "etat de la localisation": "autre", "ID BDGEO": "141", "horodatage": "2023-05-05 21:26:37", "distance (en metres)": 965.54, "station": "BIBLIOTHEQUE CHEVALERET", "marker-color": "#818181"}}, {"type": "Feature", "geometry": {"type": "Point", "coordinates": [2.406089, 48.85284]}, "properties": {"numparc": 7362, "etat de la localisation": "autre", "ID BDGEO": "141", "horodatage": "2023-05-05 21:26:53", "distance (en metres)": 3367.9, "station": "BIBLIOTHEQUE CHEVALERET", "marker-color": "#818181"}}, {"type": "Feature", "geometry": {"type": "Point", "coordinates": [2.407873, 48.877491]}, "properties": {"numparc": 7358, "etat de la localisation": "autre", "ID BDGEO": "361", "horodatage": "2023-05-05 21:27:46", "distance (en metres)": 101.54, "station": "PORTE DES LILAS", "marker-color": "#818181"}}, {"type": "Feature", "geometry": {"type": "Point", "coordinates": [2.390537, 48.837132]}, "properties": {"numparc": 7389, "etat de la localisation": "autre", "ID BDGEO": "141", "horodatage": "2023-05-05 21:28:06", "distance (en metres)": 1337.35, "station": "BIBLIOTHEQUE CHEVALERET", "marker-color": "#818181"}}, {"type": "Feature", "geometry": {"type": "Point", "coordinates": [2.379299, 48.831936]}, "properties": {"numparc": 7401, "etat de la localisation": "autre", "ID BDGEO": "141", "horodatage": "2023-05-05 21:28:18", "distance (en metres)": 332.69, "station": "BIBLIOTHEQUE CHEVALERET", "marker-color": "#818181"}}, {"type": "Feature", "geometry": {"type": "Point", "coordinates": [2.407836, 48.876637]}, "properties": {"numparc": 7399, "etat de la localisation": "autre", "ID BDGEO": "377", "horodatage": "2023-05-05 21:29:12", "distance (en metres)": 7196.56, "station": "DENFERT-ROCHEREAU#", "marker-color": "#818181"}}, {"type": "Feature", "geometry": {"type": "Point", "coordinates": [2.393615, 48.838936]}, "properties": {"numparc": 7389, "etat de la localisation": "autre", "ID BDGEO": "141", "horodatage": "2023-05-05 21:29:34", "distance (en metres)": 1637.79, "station": "BIBLIOTHEQUE CHEVALERET", "marker-color": "#818181"}}, {"type": "Feature", "geometry": {"type": "Point", "coordinates": [2.385986, 48.835598]}, "properties": {"numparc": 7401, "etat de la localisation": "autre", "ID BDGEO": "141", "horodatage": "2023-05-05 21:30:28", "distance (en metres)": 969.36, "station": "BIBLIOTHEQUE CHEVALERET", "marker-color": "#818181"}}, {"type": "Feature", "geometry": {"type": "Point", "coordinates": [2.385986, 48.835598]}, "properties": {"numparc": 7401, "etat de la localisation": "autre", "ID BDGEO": "141", "horodatage": "2023-05-05 21:30:33", "distance (en metres)": 969.36, "station": "BIBLIOTHEQUE CHEVALERET", "marker-color": "#818181"}}, {"type": "Feature", "geometry": {"type": "Point", "coordinates": [2.397027, 48.83952]}, "properties": {"numparc": 7389, "etat de la localisation": "autre", "ID BDGEO": "141", "horodatage": "2023-05-05 21:31:20", "distance (en metres)": 1878.82, "station": "BIBLIOTHEQUE CHEVALERET", "marker-color": "#818181"}}, {"type": "Feature", "geometry": {"type": "Point", "coordinates": [2.398996, 48.864208]}, "properties": {"numparc": 7362, "etat de la localisation": "autre", "ID BDGEO": "141", "horodatage": "2023-05-05 21:32:00", "distance (en metres)": 4160.18, "station": "BIBLIOTHEQUE CHEVALERET", "marker-color": "#818181"}}, {"type": "Feature", "geometry": {"type": "Point", "coordinates": [2.390534, 48.837181]}, "properties": {"numparc": 7401, "etat de la localisation": "autre", "ID BDGEO": "141", "horodatage": "2023-05-05 21:32:10", "distance (en metres)": 1340.41, "station": "BIBLIOTHEQUE CHEVALERET", "marker-color": "#818181"}}, {"type": "Feature", "geometry": {"type": "Point", "coordinates": [2.399547, 48.839577]}, "properties": {"numparc": 7389, "etat de la localisation": "autre", "ID BDGEO": "141", "horodatage": "2023-05-05 21:32:23", "distance (en metres)": 2037.6, "station": "BIBLIOTHEQUE CHEVALERET", "marker-color": "#818181"}}, {"type": "Feature", "geometry": {"type": "Point", "coordinates": [2.393661, 48.838985]}, "properties": {"numparc": 7401, "etat de la localisation": "autre", "ID BDGEO": "141", "horodatage": "2023-05-05 21:33:21", "distance (en metres)": 1643.8, "station": "BIBLIOTHEQUE CHEVALERET", "marker-color": "#818181"}}, {"type": "Feature", "geometry": {"type": "Point", "coordinates": [2.399158, 48.865643]}, "properties": {"numparc": 7362, "etat de la localisation": "autre", "ID BDGEO": "141", "horodatage": "2023-05-05 21:33:33", "distance (en metres)": 4310.91, "station": "BIBLIOTHEQUE CHEVALERET", "marker-color": "#818181"}}, {"type": "Feature", "geometry": {"type": "Point", "coordinates": [2.403402, 48.839725]}, "properties": {"numparc": 7389, "etat de la localisation": "autre", "ID BDGEO": "141", "horodatage": "2023-05-05 21:33:44", "distance (en metres)": 2291.17, "station": "BIBLIOTHEQUE CHEVALERET", "marker-color": "#818181"}}, {"type": "Feature", "geometry": {"type": "Point", "coordinates": [2.397009, 48.839539]}, "properties": {"numparc": 7401, "etat de la localisation": "autre", "ID BDGEO": "141", "horodatage": "2023-05-05 21:35:08", "distance (en metres)": 1878.9, "station": "BIBLIOTHEQUE CHEVALERET", "marker-color": "#818181"}}, {"type": "Feature", "geometry": {"type": "Point", "coordinates": [2.401844, 48.868652]}, "properties": {"numparc": 7362, "etat de la localisation": "autre", "ID BDGEO": "141", "horodatage": "2023-05-05 21:35:12", "distance (en metres)": 4696.33, "station": "BIBLIOTHEQUE CHEVALERET", "marker-color": "#818181"}}, {"type": "Feature", "geometry": {"type": "Point", "coordinates": [2.404989, 48.842255]}, "properties": {"numparc": 7389, "etat de la localisation": "autre", "ID BDGEO": "141", "horodatage": "2023-05-05 21:35:36", "distance (en metres)": 2533.02, "station": "BIBLIOTHEQUE CHEVALERET", "marker-color": "#818181"}}, {"type": "Feature", "geometry": {"type": "Point", "coordinates": [2.40635, 48.876709]}, "properties": {"numparc": 7399, "etat de la localisation": "autre", "ID BDGEO": "377", "horodatage": "2023-05-05 21:35:38", "distance (en metres)": 7121.55, "station": "DENFERT-ROCHEREAU#", "marker-color": "#818181"}}, {"type": "Feature", "geometry": {"type": "Point", "coordinates": [2.405655, 48.874912]}, "properties": {"numparc": 7399, "etat de la localisation": "autre", "ID BDGEO": "377", "horodatage": "2023-05-05 21:37:23", "distance (en metres)": 6949.86, "station": "DENFERT-ROCHEREAU#", "marker-color": "#818181"}}, {"type": "Feature", "geometry": {"type": "Point", "coordinates": [2.404018, 48.871197]}, "properties": {"numparc": 7362, "etat de la localisation": "autre", "ID BDGEO": "141", "horodatage": "2023-05-05 21:37:34", "distance (en metres)": 5019.56, "station": "BIBLIOTHEQUE CHEVALERET", "marker-color": "#818181"}}, {"type": "Feature", "geometry": {"type": "Point", "coordinates": [2.379023, 48.832008]}, "properties": {"numparc": 7393, "etat de la localisation": "autre", "ID BDGEO": "141", "horodatage": "2023-05-05 21:37:44", "distance (en metres)": 322.53, "station": "BIBLIOTHEQUE CHEVALERET", "marker-color": "#818181"}}, {"type": "Feature", "geometry": {"type": "Point", "coordinates": [2.406489, 48.848141]}, "properties": {"numparc": 7389, "etat de la localisation": "autre", "ID BDGEO": "141", "horodatage": "2023-05-05 21:37:56", "distance (en metres)": 3016.64, "station": "BIBLIOTHEQUE CHEVALERET", "marker-color": "#818181"}}, {"type": "Feature", "geometry": {"type": "Point", "coordinates": [2.382807, 48.833912]}, "properties": {"numparc": 7393, "etat de la localisation": "autre", "ID BDGEO": "141", "horodatage": "2023-05-05 21:39:11", "distance (en metres)": 670.56, "station": "BIBLIOTHEQUE CHEVALERET", "marker-color": "#818181"}}, {"type": "Feature", "geometry": {"type": "Point", "coordinates": [2.40627, 48.851215]}, "properties": {"numparc": 7389, "etat de la localisation": "autre", "ID BDGEO": "141", "horodatage": "2023-05-05 21:39:15", "distance (en metres)": 3243.34, "station": "BIBLIOTHEQUE CHEVALERET", "marker-color": "#818181"}}, {"type": "Feature", "geometry": {"type": "Point", "coordinates": [2.405994, 48.852982]}, "properties": {"numparc": 7389, "etat de la localisation": "autre", "ID BDGEO": "141", "horodatage": "2023-05-05 21:40:11", "distance (en metres)": 3375.15, "station": "BIBLIOTHEQUE CHEVALERET", "marker-color": "#818181"}}, {"type": "Feature", "geometry": {"type": "Point", "coordinates": [2.406328, 48.876537]}, "properties": {"numparc": 7362, "etat de la localisation": "autre", "ID BDGEO": "141", "horodatage": "2023-05-05 21:40:21", "distance (en metres)": 5630.98, "station": "BIBLIOTHEQUE CHEVALERET", "marker-color": "#818181"}}, {"type": "Feature", "geometry": {"type": "Point", "coordinates": [2.3857, 48.835503]}, "properties": {"numparc": 7393, "etat de la localisation": "autre", "ID BDGEO": "141", "horodatage": "2023-05-05 21:40:31", "distance (en metres)": 946.46, "station": "BIBLIOTHEQUE CHEVALERET", "marker-color": "#818181"}}, {"type": "Feature", "geometry": {"type": "Point", "coordinates": [2.40131, 48.868168]}, "properties": {"numparc": 7399, "etat de la localisation": "autre", "ID BDGEO": "377", "horodatage": "2023-05-05 21:40:55", "distance (en metres)": 6223.78, "station": "DENFERT-ROCHEREAU#", "marker-color": "#818181"}}, {"type": "Feature", "geometry": {"type": "Point", "coordinates": [2.405994, 48.85302]}, "properties": {"numparc": 7389, "etat de la localisation": "autre", "ID BDGEO": "141", "horodatage": "2023-05-05 21:41:07", "distance (en metres)": 3378.35, "station": "BIBLIOTHEQUE CHEVALERET", "marker-color": "#818181"}}, {"type": "Feature", "geometry": {"type": "Point", "coordinates": [2.405994, 48.85302]}, "properties": {"numparc": 7389, "etat de la localisation": "autre", "ID BDGEO": "141", "horodatage": "2023-05-05 21:41:51", "distance (en metres)": 3378.35, "station": "BIBLIOTHEQUE CHEVALERET", "marker-color": "#818181"}}, {"type": "Feature", "geometry": {"type": "Point", "coordinates": [2.390378, 48.837082]}, "properties": {"numparc": 7393, "etat de la localisation": "autre", "ID BDGEO": "141", "horodatage": "2023-05-05 21:42:02", "distance (en metres)": 1324.69, "station": "BIBLIOTHEQUE CHEVALERET", "marker-color": "#818181"}}, {"type": "Feature", "geometry": {"type": "Point", "coordinates": [2.399323, 48.865887]}, "properties": {"numparc": 7399, "etat de la localisation": "autre", "ID BDGEO": "377", "horodatage": "2023-05-05 21:42:03", "distance (en metres)": 5953.24, "station": "DENFERT-ROCHEREAU#", "marker-color": "#818181"}}, {"type": "Feature", "geometry": {"type": "Point", "coordinates": [2.40856, 48.877167]}, "properties": {"numparc": 7362, "etat de la localisation": "autre", "ID BDGEO": "377", "horodatage": "2023-05-05 21:42:16", "distance (en metres)": 7275.36, "station": "DENFERT-ROCHEREAU#", "marker-color": "#818181"}}, {"type": "Feature", "geometry": {"type": "Point", "coordinates": [2.404641, 48.856472]}, "properties": {"numparc": 7389, "etat de la localisation": "autre", "ID BDGEO": "141", "horodatage": "2023-05-05 21:43:10", "distance (en metres)": 3618.22, "station": "BIBLIOTHEQUE CHEVALERET", "marker-color": "#818181"}}, {"type": "Feature", "geometry": {"type": "Point", "coordinates": [2.393374, 48.838905]}, "properties": {"numparc": 7393, "etat de la localisation": "autre", "ID BDGEO": "141", "horodatage": "2023-05-05 21:43:21", "distance (en metres)": 1621.68, "station": "BIBLIOTHEQUE CHEVALERET", "marker-color": "#818181"}}, {"type": "Feature", "geometry": {"type": "Point", "coordinates": [2.404783, 48.856403]}, "properties": {"numparc": 7401, "etat de la localisation": "autre", "ID BDGEO": "141", "horodatage": "2023-05-05 21:43:56", "distance (en metres)": 3618.12, "station": "BIBLIOTHEQUE CHEVALERET", "marker-color": "#818181"}}, {"type": "Feature", "geometry": {"type": "Point", "coordinates": [2.398779, 48.864475]}, "properties": {"numparc": 7399, "etat de la localisation": "autre", "ID BDGEO": "377", "horodatage": "2023-05-05 21:43:58", "distance (en metres)": 5827.16, "station": "DENFERT-ROCHEREAU#", "marker-color": "#818181"}}, {"type": "Feature", "geometry": {"type": "Point", "coordinates": [2.401683, 48.859509]}, "properties": {"numparc": 7389, "etat de la localisation": "autre", "ID BDGEO": "141", "horodatage": "2023-05-05 21:45:06", "distance (en metres)": 3784.16, "station": "BIBLIOTHEQUE CHEVALERET", "marker-color": "#818181"}}, {"type": "Feature", "geometry": {"type": "Point", "coordinates": [2.396866, 48.839485]}, "properties": {"numparc": 7393, "etat de la localisation": "autre", "ID BDGEO": "141", "horodatage": "2023-05-05 21:45:17", "distance (en metres)": 1866.92, "station": "BIBLIOTHEQUE CHEVALERET", "marker-color": "#818181"}}, {"type": "Feature", "geometry": {"type": "Point", "coordinates": [2.401843, 48.859432]}, "properties": {"numparc": 7401, "etat de la localisation": "autre", "ID BDGEO": "141", "horodatage": "2023-05-05 21:45:22", "distance (en metres)": 3782.72, "station": "BIBLIOTHEQUE CHEVALERET", "marker-color": "#818181"}}, {"type": "Feature", "geometry": {"type": "Point", "coordinates": [2.400322, 48.861477]}, "properties": {"numparc": 7399, "etat de la localisation": "autre", "ID BDGEO": "377", "horodatage": "2023-05-05 21:46:11", "distance (en metres)": 5729.92, "station": "DENFERT-ROCHEREAU#", "marker-color": "#818181"}}, {"type": "Feature", "geometry": {"type": "Point", "coordinates": [2.400112, 48.862099]}, "properties": {"numparc": 7389, "etat de la localisation": "autre", "ID BDGEO": "141", "horodatage": "2023-05-05 21:46:15", "distance (en metres)": 3983.16, "station": "BIBLIOTHEQUE CHEVALERET", "marker-color": "#818181"}}, {"type": "Feature", "geometry": {"type": "Point", "coordinates": [2.39912, 48.83952]}, "properties": {"numparc": 7393, "etat de la localisation": "autre", "ID BDGEO": "141", "horodatage": "2023-05-05 21:46:20", "distance (en metres)": 2007.62, "station": "BIBLIOTHEQUE CHEVALERET", "marker-color": "#818181"}}, {"type": "Feature", "geometry": {"type": "Point", "coordinates": [2.402378, 48.858974]}, "properties": {"numparc": 7399, "etat de la localisation": "autre", "ID BDGEO": "377", "horodatage": "2023-05-05 21:47:20", "distance (en metres)": 5712.92, "station": "DENFERT-ROCHEREAU#", "marker-color": "#818181"}}, {"type": "Feature", "geometry": {"type": "Point", "coordinates": [2.398777, 48.864426]}, "properties": {"numparc": 7389, "etat de la localisation": "autre", "ID BDGEO": "141", "horodatage": "2023-05-05 21:47:38", "distance (en metres)": 4175.76, "station": "BIBLIOTHEQUE CHEVALERET", "marker-color": "#818181"}}, {"type": "Feature", "geometry": {"type": "Point", "coordinates": [2.398899, 48.864281]}, "properties": {"numparc": 7401, "etat de la localisation": "autre", "ID BDGEO": "141", "horodatage": "2023-05-05 21:47:44", "distance (en metres)": 4164.64, "station": "BIBLIOTHEQUE CHEVALERET", "marker-color": "#818181"}}, {"type": "Feature", "geometry": {"type": "Point", "coordinates": [2.40312, 48.83963]}, "properties": {"numparc": 7393, "etat de la localisation": "autre", "ID BDGEO": "141", "horodatage": "2023-05-05 21:47:46", "distance (en metres)": 2267.97, "station": "BIBLIOTHEQUE CHEVALERET", "marker-color": "#818181"}}, {"type": "Feature", "geometry": {"type": "Point", "coordinates": [2.405033, 48.85603]}, "properties": {"numparc": 7399, "etat de la localisation": "autre", "ID BDGEO": "377", "horodatage": "2023-05-05 21:49:15", "distance (en metres)": 5730.8, "station": "DENFERT-ROCHEREAU#", "marker-color": "#818181"}}, {"type": "Feature", "geometry": {"type": "Point", "coordinates": [2.399158, 48.865639]}, "properties": {"numparc": 7401, "etat de la localisation": "autre", "ID BDGEO": "141", "horodatage": "2023-05-05 21:49:28", "distance (en metres)": 4310.52, "station": "BIBLIOTHEQUE CHEVALERET", "marker-color": "#818181"}}, {"type": "Feature", "geometry": {"type": "Point", "coordinates": [2.404943, 48.842239]}, "properties": {"numparc": 7393, "etat de la localisation": "autre", "ID BDGEO": "141", "horodatage": "2023-05-05 21:49:34", "distance (en metres)": 2529.26, "station": "BIBLIOTHEQUE CHEVALERET", "marker-color": "#818181"}}, {"type": "Feature", "geometry": {"type": "Point", "coordinates": [2.40194, 48.868805]}, "properties": {"numparc": 7389, "etat de la localisation": "autre", "ID BDGEO": "141", "horodatage": "2023-05-05 21:50:04", "distance (en metres)": 4714.7, "station": "BIBLIOTHEQUE CHEVALERET", "marker-color": "#818181"}}, {"type": "Feature", "geometry": {"type": "Point", "coordinates": [2.405718, 48.845058]}, "properties": {"numparc": 7393, "etat de la localisation": "autre", "ID BDGEO": "141", "horodatage": "2023-05-05 21:50:37", "distance (en metres)": 2754.9, "station": "BIBLIOTHEQUE CHEVALERET", "marker-color": "#818181"}}, {"type": "Feature", "geometry": {"type": "Point", "coordinates": [2.406334, 48.876686]}, "properties": {"numparc": 7362, "etat de la localisation": "autre", "ID BDGEO": "377", "horodatage": "2023-05-05 21:50:58", "distance (en metres)": 7118.97, "station": "DENFERT-ROCHEREAU#", "marker-color": "#818181"}}, {"type": "Feature", "geometry": {"type": "Point", "coordinates": [2.406135, 48.852394]}, "properties": {"numparc": 7399, "etat de la localisation": "autre", "ID BDGEO": "377", "horodatage": "2023-05-05 21:51:15", "distance (en metres)": 5639.61, "station": "DENFERT-ROCHEREAU#", "marker-color": "#818181"}}, {"type": "Feature", "geometry": {"type": "Point", "coordinates": [2.401922, 48.868809]}, "properties": {"numparc": 7401, "etat de la localisation": "autre", "ID BDGEO": "141", "horodatage": "2023-05-05 21:51:17", "distance (en metres)": 4714.54, "station": "BIBLIOTHEQUE CHEVALERET", "marker-color": "#818181"}}, {"type": "Feature", "geometry": {"type": "Point", "coordinates": [2.406497, 48.848099]}, "properties": {"numparc": 7393, "etat de la localisation": "autre", "ID BDGEO": "141", "horodatage": "2023-05-05 21:52:16", "distance (en metres)": 3013.98, "station": "BIBLIOTHEQUE CHEVALERET", "marker-color": "#818181"}}, {"type": "Feature", "geometry": {"type": "Point", "coordinates": [2.404186, 48.871357]}, "properties": {"numparc": 7389, "etat de la localisation": "autre", "ID BDGEO": "141", "horodatage": "2023-05-05 21:52:18", "distance (en metres)": 5040.86, "station": "BIBLIOTHEQUE CHEVALERET", "marker-color": "#818181"}}, {"type": "Feature", "geometry": {"type": "Point", "coordinates": [2.40639, 48.850384]}, "properties": {"numparc": 7399, "etat de la localisation": "autre", "ID BDGEO": "377", "horodatage": "2023-05-05 21:52:20", "distance (en metres)": 5577.18, "station": "DENFERT-ROCHEREAU#", "marker-color": "#818181"}}, {"type": "Feature", "geometry": {"type": "Point", "coordinates": [2.404114, 48.87133]}, "properties": {"numparc": 7401, "etat de la localisation": "autre", "ID BDGEO": "141", "horodatage": "2023-05-05 21:53:26", "distance (en metres)": 5035.99, "station": "BIBLIOTHEQUE CHEVALERET", "marker-color": "#818181"}}, {"type": "Feature", "geometry": {"type": "Point", "coordinates": [2.406327, 48.848141]}, "properties": {"numparc": 7399, "etat de la localisation": "autre", "ID BDGEO": "377", "horodatage": "2023-05-05 21:53:31", "distance (en metres)": 5493.21, "station": "DENFERT-ROCHEREAU#", "marker-color": "#818181"}}, {"type": "Feature", "geometry": {"type": "Point", "coordinates": [2.405996, 48.852962]}, "properties": {"numparc": 7393, "etat de la localisation": "autre", "ID BDGEO": "141", "horodatage": "2023-05-05 21:53:54", "distance (en metres)": 3373.65, "station": "BIBLIOTHEQUE CHEVALERET", "marker-color": "#818181"}}, {"type": "Feature", "geometry": {"type": "Point", "coordinates": [2.401219, 48.868038]}, "properties": {"numparc": 7362, "etat de la localisation": "autre", "ID BDGEO": "377", "horodatage": "2023-05-05 21:54:15", "distance (en metres)": 6209.6, "station": "DENFERT-ROCHEREAU#", "marker-color": "#818181"}}, {"type": "Feature", "geometry": {"type": "Point", "coordinates": [2.406421, 48.876759]}, "properties": {"numparc": 7389, "etat de la localisation": "autre", "ID BDGEO": "141", "horodatage": "2023-05-05 21:54:37", "distance (en metres)": 5656.26, "station": "BIBLIOTHEQUE CHEVALERET", "marker-color": "#818181"}}, {"type": "Feature", "geometry": {"type": "Point", "coordinates": [2.405655, 48.844574]}, "properties": {"numparc": 7399, "etat de la localisation": "autre", "ID BDGEO": "377", "horodatage": "2023-05-05 21:54:56", "distance (en metres)": 5340.12, "station": "DENFERT-ROCHEREAU#", "marker-color": "#818181"}}, {"type": "Feature", "geometry": {"type": "Point", "coordinates": [2.404734, 48.856396]}, "properties": {"numparc": 7393, "etat de la localisation": "autre", "ID BDGEO": "141", "horodatage": "2023-05-05 21:55:07", "distance (en metres)": 3615.33, "station": "BIBLIOTHEQUE CHEVALERET", "marker-color": "#818181"}}, {"type": "Feature", "geometry": {"type": "Point", "coordinates": [2.405395, 48.874199]}, "properties": {"numparc": 7401, "etat de la localisation": "autre", "ID BDGEO": "141", "horodatage": "2023-05-05 21:55:25", "distance (en metres)": 5365.42, "station": "BIBLIOTHEQUE CHEVALERET", "marker-color": "#818181"}}, {"type": "Feature", "geometry": {"type": "Point", "coordinates": [2.399223, 48.865734]}, "properties": {"numparc": 7362, "etat de la localisation": "autre", "ID BDGEO": "377", "horodatage": "2023-05-05 21:55:51", "distance (en metres)": 5937.13, "station": "DENFERT-ROCHEREAU#", "marker-color": "#818181"}}, {"type": "Feature", "geometry": {"type": "Point", "coordinates": [2.405116, 48.842606]}, "properties": {"numparc": 7399, "etat de la localisation": "autre", "ID BDGEO": "377", "horodatage": "2023-05-05 21:56:11", "distance (en metres)": 5254.68, "station": "DENFERT-ROCHEREAU#", "marker-color": "#818181"}}, {"type": "Feature", "geometry": {"type": "Point", "coordinates": [2.406454, 48.876755]}, "properties": {"numparc": 7401, "etat de la localisation": "autre", "ID BDGEO": "141", "horodatage": "2023-05-05 21:56:27", "distance (en metres)": 5656.83, "station": "BIBLIOTHEQUE CHEVALERET", "marker-color": "#818181"}}, {"type": "Feature", "geometry": {"type": "Point", "coordinates": [2.398805, 48.864452]}, "properties": {"numparc": 7362, "etat de la localisation": "autre", "ID BDGEO": "377", "horodatage": "2023-05-05 21:57:01", "distance (en metres)": 5827.18, "station": "DENFERT-ROCHEREAU#", "marker-color": "#818181"}}, {"type": "Feature", "geometry": {"type": "Point", "coordinates": [2.401747, 48.859447]}, "properties": {"numparc": 7393, "etat de la localisation": "autre", "ID BDGEO": "141", "horodatage": "2023-05-05 21:57:11", "distance (en metres)": 3780.64, "station": "BIBLIOTHEQUE CHEVALERET", "marker-color": "#818181"}}, {"type": "Feature", "geometry": {"type": "Point", "coordinates": [2.408535, 48.87719]}, "properties": {"numparc": 7389, "etat de la localisation": "autre", "ID BDGEO": "361", "horodatage": "2023-05-05 21:57:49", "distance (en metres)": 83.42, "station": "PORTE DES LILAS", "marker-color": "#818181"}}, {"type": "Feature", "geometry": {"type": "Point", "coordinates": [2.400187, 48.861969]}, "properties": {"numparc": 7393, "etat de la localisation": "autre", "ID BDGEO": "141", "horodatage": "2023-05-05 21:58:14", "distance (en metres)": 3972.73, "station": "BIBLIOTHEQUE CHEVALERET", "marker-color": "#818181"}}, {"type": "Feature", "geometry": {"type": "Point", "coordinates": [2.400306, 48.861519]}, "properties": {"numparc": 7362, "etat de la localisation": "autre", "ID BDGEO": "377", "horodatage": "2023-05-05 21:58:51", "distance (en metres)": 5731.49, "station": "DENFERT-ROCHEREAU#", "marker-color": "#818181"}}, {"type": "Feature", "geometry": {"type": "Point", "coordinates": [2.399368, 48.839714]}, "properties": {"numparc": 7399, "etat de la localisation": "autre", "ID BDGEO": "377", "horodatage": "2023-05-05 21:58:58", "distance (en metres)": 4784.98, "station": "DENFERT-ROCHEREAU#", "marker-color": "#818181"}}, {"type": "Feature", "geometry": {"type": "Point", "coordinates": [2.398936, 48.864246]}, "properties": {"numparc": 7393, "etat de la localisation": "autre", "ID BDGEO": "141", "horodatage": "2023-05-05 21:59:35", "distance (en metres)": 4162.26, "station": "BIBLIOTHEQUE CHEVALERET", "marker-color": "#818181"}}, {"type": "Feature", "geometry": {"type": "Point", "coordinates": [2.396671, 48.839676]}, "properties": {"numparc": 7399, "etat de la localisation": "autre", "ID BDGEO": "377", "horodatage": "2023-05-05 21:59:46", "distance (en metres)": 4589.2, "station": "DENFERT-ROCHEREAU#", "marker-color": "#818181"}}, {"type": "Feature", "geometry": {"type": "Point", "coordinates": [2.402455, 48.859032]}, "properties": {"numparc": 7362, "etat de la localisation": "autre", "ID BDGEO": "377", "horodatage": "2023-05-05 22:00:02", "distance (en metres)": 5720.98, "station": "DENFERT-ROCHEREAU#", "marker-color": "#818181"}}, {"type": "Feature", "geometry": {"type": "Point", "coordinates": [2.398849, 48.864365]}, "properties": {"numparc": 7393, "etat de la localisation": "autre", "ID BDGEO": "141", "horodatage": "2023-05-05 22:00:03", "distance (en metres)": 4171.69, "station": "BIBLIOTHEQUE CHEVALERET", "marker-color": "#818181"}}, {"type": "Feature", "geometry": {"type": "Point", "coordinates": [2.398844, 48.86438]}, "properties": {"numparc": 7393, "etat de la localisation": "autre", "ID BDGEO": "141", "horodatage": "2023-05-05 22:00:27", "distance (en metres)": 4173.09, "station": "BIBLIOTHEQUE CHEVALERET", "marker-color": "#818181"}}, {"type": "Feature", "geometry": {"type": "Point", "coordinates": [2.393858, 48.839016]}, "properties": {"numparc": 7399, "etat de la localisation": "autre", "ID BDGEO": "377", "horodatage": "2023-05-05 22:01:00", "distance (en metres)": 4374.72, "station": "DENFERT-ROCHEREAU#", "marker-color": "#818181"}}, {"type": "Feature", "geometry": {"type": "Point", "coordinates": [2.399162, 48.865566]}, "properties": {"numparc": 7393, "etat de la localisation": "autre", "ID BDGEO": "141", "horodatage": "2023-05-05 22:01:19", "distance (en metres)": 4303.24, "station": "BIBLIOTHEQUE CHEVALERET", "marker-color": "#818181"}}, {"type": "Feature", "geometry": {"type": "Point", "coordinates": [2.405097, 48.856052]}, "properties": {"numparc": 7362, "etat de la localisation": "autre", "ID BDGEO": "377", "horodatage": "2023-05-05 22:01:53", "distance (en metres)": 5736.13, "station": "DENFERT-ROCHEREAU#", "marker-color": "#818181"}}, {"type": "Feature", "geometry": {"type": "Point", "coordinates": [2.40187, 48.868706]}, "properties": {"numparc": 7393, "etat de la localisation": "autre", "ID BDGEO": "141", "horodatage": "2023-05-05 22:03:14", "distance (en metres)": 4702.54, "station": "BIBLIOTHEQUE CHEVALERET", "marker-color": "#818181"}}, {"type": "Feature", "geometry": {"type": "Point", "coordinates": [2.385864, 48.83564]}, "properties": {"numparc": 7399, "etat de la localisation": "autre", "ID BDGEO": "377", "horodatage": "2023-05-05 22:03:54", "distance (en metres)": 3752.82, "station": "DENFERT-ROCHEREAU#", "marker-color": "#818181"}}, {"type": "Feature", "geometry": {"type": "Point", "coordinates": [2.406196, 48.852463]}, "properties": {"numparc": 7362, "etat de la localisation": "autre", "ID BDGEO": "377", "horodatage": "2023-05-05 22:04:11", "distance (en metres)": 5646.62, "station": "DENFERT-ROCHEREAU#", "marker-color": "#818181"}}, {"type": "Feature", "geometry": {"type": "Point", "coordinates": [2.406437, 48.85038]}, "properties": {"numparc": 7362, "etat de la localisation": "autre", "ID BDGEO": "377", "horodatage": "2023-05-05 22:05:09", "distance (en metres)": 5580.27, "station": "DENFERT-ROCHEREAU#", "marker-color": "#818181"}}, {"type": "Feature", "geometry": {"type": "Point", "coordinates": [2.383035, 48.83408]}, "properties": {"numparc": 7399, "etat de la localisation": "autre", "ID BDGEO": "377", "horodatage": "2023-05-05 22:05:09", "distance (en metres)": 3538.1, "station": "DENFERT-ROCHEREAU#", "marker-color": "#818181"}}, {"type": "Feature", "geometry": {"type": "Point", "coordinates": [2.403957, 48.871216]}, "properties": {"numparc": 7393, "etat de la localisation": "autre", "ID BDGEO": "141", "horodatage": "2023-05-05 22:05:24", "distance (en metres)": 5019.66, "station": "BIBLIOTHEQUE CHEVALERET", "marker-color": "#818181"}}, {"type": "Feature", "geometry": {"type": "Point", "coordinates": [2.406363, 48.848087]}, "properties": {"numparc": 7362, "etat de la localisation": "autre", "ID BDGEO": "377", "horodatage": "2023-05-05 22:05:59", "distance (en metres)": 5493.95, "station": "DENFERT-ROCHEREAU#", "marker-color": "#818181"}}, {"type": "Feature", "geometry": {"type": "Point", "coordinates": [2.37911, 48.831894]}, "properties": {"numparc": 7399, "etat de la localisation": "autre", "ID BDGEO": "377", "horodatage": "2023-05-05 22:06:45", "distance (en metres)": 3254.0, "station": "DENFERT-ROCHEREAU#", "marker-color": "#818181"}}, {"type": "Feature", "geometry": {"type": "Point", "coordinates": [2.405265, 48.874134]}, "properties": {"numparc": 7393, "etat de la localisation": "autre", "ID BDGEO": "141", "horodatage": "2023-05-05 22:07:21", "distance (en metres)": 5354.98, "station": "BIBLIOTHEQUE CHEVALERET", "marker-color": "#818181"}}, {"type": "Feature", "geometry": {"type": "Point", "coordinates": [2.405619, 48.84444]}, "properties": {"numparc": 7362, "etat de la localisation": "autre", "ID BDGEO": "377", "horodatage": "2023-05-05 22:07:48", "distance (en metres)": 5334.12, "station": "DENFERT-ROCHEREAU#", "marker-color": "#818181"}}, {"type": "Feature", "geometry": {"type": "Point", "coordinates": [2.375805, 48.830074]}, "properties": {"numparc": 7399, "etat de la localisation": "autre", "ID BDGEO": "377", "horodatage": "2023-05-05 22:07:50", "distance (en metres)": 3030.08, "station": "DENFERT-ROCHEREAU#", "marker-color": "#818181"}}, {"type": "Feature", "geometry": {"type": "Point", "coordinates": [2.406396, 48.876709]}, "properties": {"numparc": 7393, "etat de la localisation": "autre", "ID BDGEO": "141", "horodatage": "2023-05-05 22:08:30", "distance (en metres)": 5650.47, "station": "BIBLIOTHEQUE CHEVALERET", "marker-color": "#818181"}}, {"type": "Feature", "geometry": {"type": "Point", "coordinates": [2.40509, 48.842518]}, "properties": {"numparc": 7362, "etat de la localisation": "autre", "ID BDGEO": "377", "horodatage": "2023-05-05 22:08:47", "distance (en metres)": 5250.91, "station": "DENFERT-ROCHEREAU#", "marker-color": "#818181"}}, {"type": "Feature", "geometry": {"type": "Point", "coordinates": [2.370584, 48.827644]}, "properties": {"numparc": 7399, "etat de la localisation": "autre", "ID BDGEO": "377", "horodatage": "2023-05-05 22:09:30", "distance (en metres)": 2701.59, "station": "DENFERT-ROCHEREAU#", "marker-color": "#818181"}}, {"type": "Feature", "geometry": {"type": "Point", "coordinates": [2.408582, 48.877174]}, "properties": {"numparc": 7393, "etat de la localisation": "autre", "ID BDGEO": "361", "horodatage": "2023-05-05 22:10:12", "distance (en metres)": 84.11, "station": "PORTE DES LILAS", "marker-color": "#818181"}}, {"type": "Feature", "geometry": {"type": "Point", "coordinates": [2.403984, 48.839806]}, "properties": {"numparc": 7362, "etat de la localisation": "autre", "ID BDGEO": "377", "horodatage": "2023-05-05 22:10:26", "distance (en metres)": 5120.77, "station": "DENFERT-ROCHEREAU#", "marker-color": "#818181"}}, {"type": "Feature", "geometry": {"type": "Point", "coordinates": [2.367638, 48.827244]}, "properties": {"numparc": 7399, "etat de la localisation": "autre", "ID BDGEO": "377", "horodatage": "2023-05-05 22:10:43", "distance (en metres)": 2504.22, "station": "DENFERT-ROCHEREAU#", "marker-color": "#818181"}}, {"type": "Feature", "geometry": {"type": "Point", "coordinates": [2.36452, 48.826771]}, "properties": {"numparc": 7399, "etat de la localisation": "autre", "ID BDGEO": "377", "horodatage": "2023-05-05 22:11:45", "distance (en metres)": 2301.56, "station": "DENFERT-ROCHEREAU#", "marker-color": "#818181"}}, {"type": "Feature", "geometry": {"type": "Point", "coordinates": [2.399453, 48.839676]}, "properties": {"numparc": 7362, "etat de la localisation": "autre", "ID BDGEO": "377", "horodatage": "2023-05-05 22:12:32", "distance (en metres)": 4790.5, "station": "DENFERT-ROCHEREAU#", "marker-color": "#818181"}}, {"type": "Feature", "geometry": {"type": "Point", "coordinates": [2.36076, 48.826248]}, "properties": {"numparc": 7399, "etat de la localisation": "autre", "ID BDGEO": "377", "horodatage": "2023-05-05 22:12:38", "distance (en metres)": 2064.02, "station": "DENFERT-ROCHEREAU#", "marker-color": "#818181"}}, {"type": "Feature", "geometry": {"type": "Point", "coordinates": [2.396734, 48.839642]}, "properties": {"numparc": 7362, "etat de la localisation": "autre", "ID BDGEO": "377", "horodatage": "2023-05-05 22:13:20", "distance (en metres)": 4593.17, "station": "DENFERT-ROCHEREAU#", "marker-color": "#818181"}}, {"type": "Feature", "geometry": {"type": "Point", "coordinates": [2.396734, 48.839642]}, "properties": {"numparc": 7362, "etat de la localisation": "autre", "ID BDGEO": "377", "horodatage": "2023-05-05 22:13:29", "distance (en metres)": 4593.17, "station": "DENFERT-ROCHEREAU#", "marker-color": "#818181"}}, {"type": "Feature", "geometry": {"type": "Point", "coordinates": [2.359019, 48.827515]}, "properties": {"numparc": 7399, "etat de la localisation": "autre", "ID BDGEO": "377", "horodatage": "2023-05-05 22:13:35", "distance (en metres)": 1894.12, "station": "DENFERT-ROCHEREAU#", "marker-color": "#818181"}}, {"type": "Feature", "geometry": {"type": "Point", "coordinates": [2.356748, 48.830349]}, "properties": {"numparc": 7399, "etat de la localisation": "autre", "ID BDGEO": "377", "horodatage": "2023-05-05 22:15:24", "distance (en metres)": 1647.37, "station": "DENFERT-ROCHEREAU#", "marker-color": "#818181"}}, {"type": "Feature", "geometry": {"type": "Point", "coordinates": [2.393927, 48.839005]}, "properties": {"numparc": 7362, "etat de la localisation": "autre", "ID BDGEO": "377", "horodatage": "2023-05-05 22:15:26", "distance (en metres)": 4379.54, "station": "DENFERT-ROCHEREAU#", "marker-color": "#818181"}}, {"type": "Feature", "geometry": {"type": "Point", "coordinates": [2.390617, 48.837212]}, "properties": {"numparc": 7362, "etat de la localisation": "autre", "ID BDGEO": "377", "horodatage": "2023-05-05 22:17:03", "distance (en metres)": 4114.45, "station": "DENFERT-ROCHEREAU#", "marker-color": "#818181"}}, {"type": "Feature", "geometry": {"type": "Point", "coordinates": [2.408381, 48.876736]}, "properties": {"numparc": 7401, "etat de la localisation": "autre", "ID BDGEO": "377", "horodatage": "2023-05-05 22:17:07", "distance (en metres)": 7233.6, "station": "DENFERT-ROCHEREAU#", "marker-color": "#818181"}}, {"type": "Feature", "geometry": {"type": "Point", "coordinates": [2.354101, 48.831184]}, "properties": {"numparc": 7399, "etat de la localisation": "autre", "ID BDGEO": "377", "horodatage": "2023-05-05 22:17:22", "distance (en metres)": 1439.72, "station": "DENFERT-ROCHEREAU#", "marker-color": "#818181"}}, {"type": "Feature", "geometry": {"type": "Point", "coordinates": [2.34874, 48.829918]}, "properties": {"numparc": 7399, "etat de la localisation": "autre", "ID BDGEO": "377", "horodatage": "2023-05-05 22:18:47", "distance (en metres)": 1095.7, "station": "DENFERT-ROCHEREAU#", "marker-color": "#818181"}}, {"type": "Feature", "geometry": {"type": "Point", "coordinates": [2.407401, 48.849407]}, "properties": {"numparc": 7393, "etat de la localisation": "autre", "ID BDGEO": "229", "horodatage": "2023-05-05 22:18:49", "distance (en metres)": 118.34, "station": "LA PLAINE", "marker-color": "#818181"}}, {"type": "Feature", "geometry": {"type": "Point", "coordinates": [2.385896, 48.835651]}, "properties": {"numparc": 7362, "etat de la localisation": "autre", "ID BDGEO": "377", "horodatage": "2023-05-05 22:18:50", "distance (en metres)": 3755.24, "station": "DENFERT-ROCHEREAU#", "marker-color": "#818181"}}, {"type": "Feature", "geometry": {"type": "Point", "coordinates": [2.383093, 48.834064]}, "properties": {"numparc": 7362, "etat de la localisation": "autre", "ID BDGEO": "377", "horodatage": "2023-05-05 22:19:49", "distance (en metres)": 3542.31, "station": "DENFERT-ROCHEREAU#", "marker-color": "#818181"}}, {"type": "Feature", "geometry": {"type": "Point", "coordinates": [2.406341, 48.876709]}, "properties": {"numparc": 7401, "etat de la localisation": "autre", "ID BDGEO": "377", "horodatage": "2023-05-05 22:20:21", "distance (en metres)": 7121.08, "station": "DENFERT-ROCHEREAU#", "marker-color": "#818181"}}, {"type": "Feature", "geometry": {"type": "Point", "coordinates": [2.379186, 48.831932]}, "properties": {"numparc": 7362, "etat de la localisation": "autre", "ID BDGEO": "377", "horodatage": "2023-05-05 22:21:13", "distance (en metres)": 3259.34, "station": "DENFERT-ROCHEREAU#", "marker-color": "#818181"}}, {"type": "Feature", "geometry": {"type": "Point", "coordinates": [2.40562, 48.874817]}, "properties": {"numparc": 7401, "etat de la localisation": "autre", "ID BDGEO": "377", "horodatage": "2023-05-05 22:21:59", "distance (en metres)": 6940.91, "station": "DENFERT-ROCHEREAU#", "marker-color": "#818181"}}, {"type": "Feature", "geometry": {"type": "Point", "coordinates": [2.375788, 48.830078]}, "properties": {"numparc": 7362, "etat de la localisation": "autre", "ID BDGEO": "377", "horodatage": "2023-05-05 22:22:35", "distance (en metres)": 3028.8, "station": "DENFERT-ROCHEREAU#", "marker-color": "#818181"}}, {"type": "Feature", "geometry": {"type": "Point", "coordinates": [2.404665, 48.872448]}, "properties": {"numparc": 7401, "etat de la localisation": "autre", "ID BDGEO": "377", "horodatage": "2023-05-05 22:22:51", "distance (en metres)": 6715.48, "station": "DENFERT-ROCHEREAU#", "marker-color": "#818181"}}, {"type": "Feature", "geometry": {"type": "Point", "coordinates": [2.370611, 48.827641]}, "properties": {"numparc": 7362, "etat de la localisation": "autre", "ID BDGEO": "377", "horodatage": "2023-05-05 22:24:48", "distance (en metres)": 2703.6, "station": "DENFERT-ROCHEREAU#", "marker-color": "#818181"}}, {"type": "Feature", "geometry": {"type": "Point", "coordinates": [2.401179, 48.868103]}, "properties": {"numparc": 7401, "etat de la localisation": "autre", "ID BDGEO": "377", "horodatage": "2023-05-05 22:24:58", "distance (en metres)": 6211.8, "station": "DENFERT-ROCHEREAU#", "marker-color": "#818181"}}, {"type": "Feature", "geometry": {"type": "Point", "coordinates": [2.367669, 48.827198]}, "properties": {"numparc": 7362, "etat de la localisation": "autre", "ID BDGEO": "377", "horodatage": "2023-05-05 22:25:36", "distance (en metres)": 2507.79, "station": "DENFERT-ROCHEREAU#", "marker-color": "#818181"}}, {"type": "Feature", "geometry": {"type": "Point", "coordinates": [2.334001, 48.833683]}, "properties": {"numparc": 7399, "etat de la localisation": "autre", "ID BDGEO": "348", "horodatage": "2023-05-05 22:25:38", "distance (en metres)": 78.51, "station": "DENFERT-ROCHEREAU", "marker-color": "#818181"}}, {"type": "Feature", "geometry": {"type": "Point", "coordinates": [2.407355, 48.849861]}, "properties": {"numparc": 7393, "etat de la localisation": "autre", "ID BDGEO": "229", "horodatage": "2023-05-05 22:26:02", "distance (en metres)": 81.04, "station": "LA PLAINE", "marker-color": "#818181"}}, {"type": "Feature", "geometry": {"type": "Point", "coordinates": [2.399258, 48.865864]}, "properties": {"numparc": 7401, "etat de la localisation": "autre", "ID BDGEO": "377", "horodatage": "2023-05-05 22:26:39", "distance (en metres)": 5947.9, "station": "DENFERT-ROCHEREAU#", "marker-color": "#818181"}}, {"type": "Feature", "geometry": {"type": "Point", "coordinates": [2.364569, 48.826714]}, "properties": {"numparc": 7362, "etat de la localisation": "autre", "ID BDGEO": "377", "horodatage": "2023-05-05 22:26:40", "distance (en metres)": 2306.98, "station": "DENFERT-ROCHEREAU#", "marker-color": "#818181"}}, {"type": "Feature", "geometry": {"type": "Point", "coordinates": [2.398809, 48.864491]}, "properties": {"numparc": 7401, "etat de la localisation": "autre", "ID BDGEO": "377", "horodatage": "2023-05-05 22:27:51", "distance (en metres)": 5829.94, "station": "DENFERT-ROCHEREAU#", "marker-color": "#818181"}}, {"type": "Feature", "geometry": {"type": "Point", "coordinates": [2.36081, 48.826183]}, "properties": {"numparc": 7362, "etat de la localisation": "autre", "ID BDGEO": "377", "horodatage": "2023-05-05 22:28:04", "distance (en metres)": 2070.17, "station": "DENFERT-ROCHEREAU#", "marker-color": "#818181"}}, {"type": "Feature", "geometry": {"type": "Point", "coordinates": [2.359023, 48.827496]}, "properties": {"numparc": 7362, "etat de la localisation": "autre", "ID BDGEO": "377", "horodatage": "2023-05-05 22:29:03", "distance (en metres)": 1895.13, "station": "DENFERT-ROCHEREAU#", "marker-color": "#818181"}}, {"type": "Feature", "geometry": {"type": "Point", "coordinates": [2.40034, 48.861397]}, "properties": {"numparc": 7401, "etat de la localisation": "autre", "ID BDGEO": "377", "horodatage": "2023-05-05 22:29:29", "distance (en metres)": 5726.18, "station": "DENFERT-ROCHEREAU#", "marker-color": "#818181"}}, {"type": "Feature", "geometry": {"type": "Point", "coordinates": [2.402431, 48.858948]}, "properties": {"numparc": 7401, "etat de la localisation": "autre", "ID BDGEO": "377", "horodatage": "2023-05-05 22:30:22", "distance (en metres)": 5714.8, "station": "DENFERT-ROCHEREAU#", "marker-color": "#818181"}}, {"type": "Feature", "geometry": {"type": "Point", "coordinates": [2.356681, 48.830418]}, "properties": {"numparc": 7362, "etat de la localisation": "autre", "ID BDGEO": "377", "horodatage": "2023-05-05 22:30:43", "distance (en metres)": 1641.04, "station": "DENFERT-ROCHEREAU#", "marker-color": "#818181"}}, {"type": "Feature", "geometry": {"type": "Point", "coordinates": [2.405031, 48.856014]}, "properties": {"numparc": 7401, "etat de la localisation": "autre", "ID BDGEO": "377", "horodatage": "2023-05-05 22:31:54", "distance (en metres)": 5729.92, "station": "DENFERT-ROCHEREAU#", "marker-color": "#818181"}}, {"type": "Feature", "geometry": {"type": "Point", "coordinates": [2.354153, 48.831142]}, "properties": {"numparc": 7362, "etat de la localisation": "autre", "ID BDGEO": "377", "horodatage": "2023-05-05 22:32:52", "distance (en metres)": 1444.26, "station": "DENFERT-ROCHEREAU#", "marker-color": "#818181"}}, {"type": "Feature", "geometry": {"type": "Point", "coordinates": [2.406222, 48.852257]}, "properties": {"numparc": 7401, "etat de la localisation": "autre", "ID BDGEO": "377", "horodatage": "2023-05-05 22:33:38", "distance (en metres)": 5639.81, "station": "DENFERT-ROCHEREAU#", "marker-color": "#818181"}}, {"type": "Feature", "geometry": {"type": "Point", "coordinates": [2.348967, 48.829845]}, "properties": {"numparc": 7362, "etat de la localisation": "autre", "ID BDGEO": "377", "horodatage": "2023-05-05 22:34:31", "distance (en metres)": 1114.08, "station": "DENFERT-ROCHEREAU#", "marker-color": "#818181"}}, {"type": "Feature", "geometry": {"type": "Point", "coordinates": [2.406477, 48.850094]}, "properties": {"numparc": 7401, "etat de la localisation": "autre", "ID BDGEO": "377", "horodatage": "2023-05-05 22:34:57", "distance (en metres)": 5572.34, "station": "DENFERT-ROCHEREAU#", "marker-color": "#818181"}}, {"type": "Feature", "geometry": {"type": "Point", "coordinates": [2.406347, 48.847843]}, "properties": {"numparc": 7401, "etat de la localisation": "autre", "ID BDGEO": "377", "horodatage": "2023-05-05 22:36:06", "distance (en metres)": 5484.81, "station": "DENFERT-ROCHEREAU#", "marker-color": "#818181"}}, {"type": "Feature", "geometry": {"type": "Point", "coordinates": [2.34396, 48.831264]}, "properties": {"numparc": 7362, "etat de la localisation": "autre", "ID BDGEO": "377", "horodatage": "2023-05-05 22:36:14", "distance (en metres)": 715.8, "station": "DENFERT-ROCHEREAU#", "marker-color": "#818181"}}, {"type": "Feature", "geometry": {"type": "Point", "coordinates": [2.405131, 48.842396]}, "properties": {"numparc": 7401, "etat de la localisation": "autre", "ID BDGEO": "377", "horodatage": "2023-05-05 22:38:00", "distance (en metres)": 5251.25, "station": "DENFERT-ROCHEREAU#", "marker-color": "#818181"}}, {"type": "Feature", "geometry": {"type": "Point", "coordinates": [2.333804, 48.834141]}, "properties": {"numparc": 7362, "etat de la localisation": "autre", "ID BDGEO": "377", "horodatage": "2023-05-05 22:39:18", "distance (en metres)": 109.99, "station": "DENFERT-ROCHEREAU#", "marker-color": "#818181"}}, {"type": "Feature", "geometry": {"type": "Point", "coordinates": [2.40414, 48.839695]}, "properties": {"numparc": 7401, "etat de la localisation": "autre", "ID BDGEO": "377", "horodatage": "2023-05-05 22:39:35", "distance (en metres)": 5130.37, "station": "DENFERT-ROCHEREAU#", "marker-color": "#818181"}}, {"type": "Feature", "geometry": {"type": "Point", "coordinates": [2.399546, 48.839634]}, "properties": {"numparc": 7401, "etat de la localisation": "autre", "ID BDGEO": "377", "horodatage": "2023-05-05 22:41:35", "distance (en metres)": 4796.56, "station": "DENFERT-ROCHEREAU#", "marker-color": "#818181"}}, {"type": "Feature", "geometry": {"type": "Point", "coordinates": [2.396952, 48.839527]}, "properties": {"numparc": 7401, "etat de la localisation": "autre", "ID BDGEO": "377", "horodatage": "2023-05-05 22:42:22", "distance (en metres)": 4607.03, "station": "DENFERT-ROCHEREAU#", "marker-color": "#818181"}}, {"type": "Feature", "geometry": {"type": "Point", "coordinates": [2.396952, 48.839527]}, "properties": {"numparc": 7401, "etat de la localisation": "autre", "ID BDGEO": "377", "horodatage": "2023-05-05 22:42:40", "distance (en metres)": 4607.03, "station": "DENFERT-ROCHEREAU#", "marker-color": "#818181"}}, {"type": "Feature", "geometry": {"type": "Point", "coordinates": [2.333895, 48.83379]}, "properties": {"numparc": 7362, "etat de la localisation": "autre", "ID BDGEO": "348", "horodatage": "2023-05-05 22:43:41", "distance (en metres)": 91.68, "station": "DENFERT-ROCHEREAU", "marker-color": "#818181"}}, {"type": "Feature", "geometry": {"type": "Point", "coordinates": [2.393973, 48.838943]}, "properties": {"numparc": 7401, "etat de la localisation": "autre", "ID BDGEO": "377", "horodatage": "2023-05-05 22:44:50", "distance (en metres)": 4381.91, "station": "DENFERT-ROCHEREAU#", "marker-color": "#818181"}}, {"type": "Feature", "geometry": {"type": "Point", "coordinates": [2.390652, 48.837097]}, "properties": {"numparc": 7401, "etat de la localisation": "autre", "ID BDGEO": "377", "horodatage": "2023-05-05 22:46:05", "distance (en metres)": 4115.7, "station": "DENFERT-ROCHEREAU#", "marker-color": "#818181"}}, {"type": "Feature", "geometry": {"type": "Point", "coordinates": [2.333895, 48.83379]}, "properties": {"numparc": 7362, "etat de la localisation": "autre", "ID BDGEO": "348", "horodatage": "2023-05-05 22:46:41", "distance (en metres)": 91.68, "station": "DENFERT-ROCHEREAU", "marker-color": "#818181"}}, {"type": "Feature", "geometry": {"type": "Point", "coordinates": [2.385918, 48.835541]}, "properties": {"numparc": 7401, "etat de la localisation": "autre", "ID BDGEO": "377", "horodatage": "2023-05-05 22:47:40", "distance (en metres)": 3756.03, "station": "DENFERT-ROCHEREAU#", "marker-color": "#818181"}}, {"type": "Feature", "geometry": {"type": "Point", "coordinates": [2.383064, 48.83403]}, "properties": {"numparc": 7401, "etat de la localisation": "autre", "ID BDGEO": "377", "horodatage": "2023-05-05 22:48:50", "distance (en metres)": 3540.1, "station": "DENFERT-ROCHEREAU#", "marker-color": "#818181"}}, {"type": "Feature", "geometry": {"type": "Point", "coordinates": [2.383064, 48.83403]}, "properties": {"numparc": 7401, "etat de la localisation": "autre", "ID BDGEO": "377", "horodatage": "2023-05-05 22:48:58", "distance (en metres)": 3540.1, "station": "DENFERT-ROCHEREAU#", "marker-color": "#818181"}}, {"type": "Feature", "geometry": {"type": "Point", "coordinates": [2.37919, 48.831921]}, "properties": {"numparc": 7401, "etat de la localisation": "autre", "ID BDGEO": "377", "horodatage": "2023-05-05 22:50:23", "distance (en metres)": 3259.69, "station": "DENFERT-ROCHEREAU#", "marker-color": "#818181"}}, {"type": "Feature", "geometry": {"type": "Point", "coordinates": [2.375845, 48.830101]}, "properties": {"numparc": 7401, "etat de la localisation": "autre", "ID BDGEO": "377", "horodatage": "2023-05-05 22:51:32", "distance (en metres)": 3032.64, "station": "DENFERT-ROCHEREAU#", "marker-color": "#818181"}}, {"type": "Feature", "geometry": {"type": "Point", "coordinates": [2.407819, 48.876629]}, "properties": {"numparc": 7389, "etat de la localisation": "autre", "ID BDGEO": "377", "horodatage": "2023-05-05 22:51:53", "distance (en metres)": 7195.07, "station": "DENFERT-ROCHEREAU#", "marker-color": "#818181"}}, {"type": "Feature", "geometry": {"type": "Point", "coordinates": [2.379286, 48.831875]}, "properties": {"numparc": 7399, "etat de la localisation": "autre", "ID BDGEO": "141", "horodatage": "2023-05-05 22:52:35", "distance (en metres)": 327.74, "station": "BIBLIOTHEQUE CHEVALERET", "marker-color": "#818181"}}, {"type": "Feature", "geometry": {"type": "Point", "coordinates": [2.370633, 48.827621]}, "properties": {"numparc": 7401, "etat de la localisation": "autre", "ID BDGEO": "377", "horodatage": "2023-05-05 22:53:50", "distance (en metres)": 2705.66, "station": "DENFERT-ROCHEREAU#", "marker-color": "#818181"}}, {"type": "Feature", "geometry": {"type": "Point", "coordinates": [2.382924, 48.833828]}, "properties": {"numparc": 7399, "etat de la localisation": "autre", "ID BDGEO": "141", "horodatage": "2023-05-05 22:54:22", "distance (en metres)": 671.32, "station": "BIBLIOTHEQUE CHEVALERET", "marker-color": "#818181"}}, {"type": "Feature", "geometry": {"type": "Point", "coordinates": [2.367724, 48.827229]}, "properties": {"numparc": 7401, "etat de la localisation": "autre", "ID BDGEO": "377", "horodatage": "2023-05-05 22:54:39", "distance (en metres)": 2510.73, "station": "DENFERT-ROCHEREAU#", "marker-color": "#818181"}}, {"type": "Feature", "geometry": {"type": "Point", "coordinates": [2.364327, 48.826759]}, "properties": {"numparc": 7401, "etat de la localisation": "autre", "ID BDGEO": "377", "horodatage": "2023-05-05 22:55:35", "distance (en metres)": 2288.57, "station": "DENFERT-ROCHEREAU#", "marker-color": "#818181"}}, {"type": "Feature", "geometry": {"type": "Point", "coordinates": [2.38571, 48.835411]}, "properties": {"numparc": 7399, "etat de la localisation": "autre", "ID BDGEO": "141", "horodatage": "2023-05-05 22:55:52", "distance (en metres)": 940.56, "station": "BIBLIOTHEQUE CHEVALERET", "marker-color": "#818181"}}, {"type": "Feature", "geometry": {"type": "Point", "coordinates": [2.360718, 48.826267]}, "properties": {"numparc": 7401, "etat de la localisation": "autre", "ID BDGEO": "377", "horodatage": "2023-05-05 22:57:13", "distance (en metres)": 2060.37, "station": "DENFERT-ROCHEREAU#", "marker-color": "#818181"}}, {"type": "Feature", "geometry": {"type": "Point", "coordinates": [2.390576, 48.836983]}, "properties": {"numparc": 7399, "etat de la localisation": "autre", "ID BDGEO": "141", "horodatage": "2023-05-05 22:57:17", "distance (en metres)": 1330.02, "station": "BIBLIOTHEQUE CHEVALERET", "marker-color": "#818181"}}, {"type": "Feature", "geometry": {"type": "Point", "coordinates": [2.393608, 48.838711]}, "properties": {"numparc": 7399, "etat de la localisation": "autre", "ID BDGEO": "141", "horodatage": "2023-05-05 22:58:44", "distance (en metres)": 1622.44, "station": "BIBLIOTHEQUE CHEVALERET", "marker-color": "#818181"}}, {"type": "Feature", "geometry": {"type": "Point", "coordinates": [2.356739, 48.830429]}, "properties": {"numparc": 7401, "etat de la localisation": "autre", "ID BDGEO": "377", "horodatage": "2023-05-05 22:58:59", "distance (en metres)": 1644.94, "station": "DENFERT-ROCHEREAU#", "marker-color": "#818181"}}, {"type": "Feature", "geometry": {"type": "Point", "coordinates": [2.398868, 48.86454]}, "properties": {"numparc": 7389, "etat de la localisation": "autre", "ID BDGEO": "377", "horodatage": "2023-05-05 22:59:16", "distance (en metres)": 5836.69, "station": "DENFERT-ROCHEREAU#", "marker-color": "#818181"}}, {"type": "Feature", "geometry": {"type": "Point", "coordinates": [2.396907, 48.839363]}, "properties": {"numparc": 7399, "etat de la localisation": "autre", "ID BDGEO": "141", "horodatage": "2023-05-05 23:00:33", "distance (en metres)": 1861.84, "station": "BIBLIOTHEQUE CHEVALERET", "marker-color": "#818181"}}, {"type": "Feature", "geometry": {"type": "Point", "coordinates": [2.400417, 48.861507]}, "properties": {"numparc": 7389, "etat de la localisation": "autre", "ID BDGEO": "377", "horodatage": "2023-05-05 23:00:39", "distance (en metres)": 5737.61, "station": "DENFERT-ROCHEREAU#", "marker-color": "#818181"}}, {"type": "Feature", "geometry": {"type": "Point", "coordinates": [2.35416, 48.831192]}, "properties": {"numparc": 7401, "etat de la localisation": "autre", "ID BDGEO": "377", "horodatage": "2023-05-05 23:00:55", "distance (en metres)": 1443.85, "station": "DENFERT-ROCHEREAU#", "marker-color": "#818181"}}, {"type": "Feature", "geometry": {"type": "Point", "coordinates": [2.399279, 48.839516]}, "properties": {"numparc": 7399, "etat de la localisation": "autre", "ID BDGEO": "141", "horodatage": "2023-05-05 23:01:41", "distance (en metres)": 2017.32, "station": "BIBLIOTHEQUE CHEVALERET", "marker-color": "#818181"}}, {"type": "Feature", "geometry": {"type": "Point", "coordinates": [2.402461, 48.859058]}, "properties": {"numparc": 7389, "etat de la localisation": "autre", "ID BDGEO": "377", "horodatage": "2023-05-05 23:01:50", "distance (en metres)": 5722.84, "station": "DENFERT-ROCHEREAU#", "marker-color": "#818181"}}, {"type": "Feature", "geometry": {"type": "Point", "coordinates": [2.348942, 48.829891]}, "properties": {"numparc": 7401, "etat de la localisation": "autre", "ID BDGEO": "377", "horodatage": "2023-05-05 23:02:28", "distance (en metres)": 1110.59, "station": "DENFERT-ROCHEREAU#", "marker-color": "#818181"}}, {"type": "Feature", "geometry": {"type": "Point", "coordinates": [2.403482, 48.839706]}, "properties": {"numparc": 7399, "etat de la localisation": "autre", "ID BDGEO": "141", "horodatage": "2023-05-05 23:02:59", "distance (en metres)": 2295.35, "station": "BIBLIOTHEQUE CHEVALERET", "marker-color": "#818181"}}, {"type": "Feature", "geometry": {"type": "Point", "coordinates": [2.405069, 48.856064]}, "properties": {"numparc": 7389, "etat de la localisation": "autre", "ID BDGEO": "377", "horodatage": "2023-05-05 23:03:08", "distance (en metres)": 5734.85, "station": "DENFERT-ROCHEREAU#", "marker-color": "#818181"}}, {"type": "Feature", "geometry": {"type": "Point", "coordinates": [2.344026, 48.831272]}, "properties": {"numparc": 7401, "etat de la localisation": "autre", "ID BDGEO": "377", "horodatage": "2023-05-05 23:04:03", "distance (en metres)": 720.1, "station": "DENFERT-ROCHEREAU#", "marker-color": "#818181"}}, {"type": "Feature", "geometry": {"type": "Point", "coordinates": [2.406255, 48.852375]}, "properties": {"numparc": 7389, "etat de la localisation": "autre", "ID BDGEO": "377", "horodatage": "2023-05-05 23:04:27", "distance (en metres)": 5646.96, "station": "DENFERT-ROCHEREAU#", "marker-color": "#818181"}}, {"type": "Feature", "geometry": {"type": "Point", "coordinates": [2.405125, 48.842247]}, "properties": {"numparc": 7399, "etat de la localisation": "autre", "ID BDGEO": "141", "horodatage": "2023-05-05 23:05:02", "distance (en metres)": 2540.96, "station": "BIBLIOTHEQUE CHEVALERET", "marker-color": "#818181"}}, {"type": "Feature", "geometry": {"type": "Point", "coordinates": [2.339111, 48.832577]}, "properties": {"numparc": 7401, "etat de la localisation": "autre", "ID BDGEO": "377", "horodatage": "2023-05-05 23:05:13", "distance (en metres)": 333.52, "station": "DENFERT-ROCHEREAU#", "marker-color": "#818181"}}, {"type": "Feature", "geometry": {"type": "Point", "coordinates": [2.405898, 48.845051]}, "properties": {"numparc": 7399, "etat de la localisation": "autre", "ID BDGEO": "141", "horodatage": "2023-05-05 23:06:01", "distance (en metres)": 2764.89, "station": "BIBLIOTHEQUE CHEVALERET", "marker-color": "#818181"}}, {"type": "Feature", "geometry": {"type": "Point", "coordinates": [2.379308, 48.831905]}, "properties": {"numparc": 7362, "etat de la localisation": "autre", "ID BDGEO": "141", "horodatage": "2023-05-05 23:06:18", "distance (en metres)": 331.1, "station": "BIBLIOTHEQUE CHEVALERET", "marker-color": "#818181"}}, {"type": "Feature", "geometry": {"type": "Point", "coordinates": [2.333721, 48.83408]}, "properties": {"numparc": 7401, "etat de la localisation": "autre", "ID BDGEO": "377", "horodatage": "2023-05-05 23:06:56", "distance (en metres)": 108.6, "station": "DENFERT-ROCHEREAU#", "marker-color": "#818181"}}, {"type": "Feature", "geometry": {"type": "Point", "coordinates": [2.406488, 48.848045]}, "properties": {"numparc": 7389, "etat de la localisation": "autre", "ID BDGEO": "377", "horodatage": "2023-05-05 23:07:16", "distance (en metres)": 5501.29, "station": "DENFERT-ROCHEREAU#", "marker-color": "#818181"}}, {"type": "Feature", "geometry": {"type": "Point", "coordinates": [2.406488, 48.848045]}, "properties": {"numparc": 7389, "etat de la localisation": "autre", "ID BDGEO": "377", "horodatage": "2023-05-05 23:07:19", "distance (en metres)": 5501.29, "station": "DENFERT-ROCHEREAU#", "marker-color": "#818181"}}, {"type": "Feature", "geometry": {"type": "Point", "coordinates": [2.406606, 48.848053]}, "properties": {"numparc": 7399, "etat de la localisation": "autre", "ID BDGEO": "141", "horodatage": "2023-05-05 23:07:32", "distance (en metres)": 3016.56, "station": "BIBLIOTHEQUE CHEVALERET", "marker-color": "#818181"}}, {"type": "Feature", "geometry": {"type": "Point", "coordinates": [2.382857, 48.83387]}, "properties": {"numparc": 7362, "etat de la localisation": "autre", "ID BDGEO": "141", "horodatage": "2023-05-05 23:07:56", "distance (en metres)": 670.43, "station": "BIBLIOTHEQUE CHEVALERET", "marker-color": "#818181"}}, {"type": "Feature", "geometry": {"type": "Point", "coordinates": [2.406393, 48.851154]}, "properties": {"numparc": 7399, "etat de la localisation": "autre", "ID BDGEO": "141", "horodatage": "2023-05-05 23:08:36", "distance (en metres)": 3244.64, "station": "BIBLIOTHEQUE CHEVALERET", "marker-color": "#818181"}}, {"type": "Feature", "geometry": {"type": "Point", "coordinates": [2.405154, 48.842442]}, "properties": {"numparc": 7389, "etat de la localisation": "autre", "ID BDGEO": "377", "horodatage": "2023-05-05 23:08:55", "distance (en metres)": 5253.87, "station": "DENFERT-ROCHEREAU#", "marker-color": "#818181"}}, {"type": "Feature", "geometry": {"type": "Point", "coordinates": [2.385804, 48.835484]}, "properties": {"numparc": 7362, "etat de la localisation": "autre", "ID BDGEO": "141", "horodatage": "2023-05-05 23:09:28", "distance (en metres)": 950.98, "station": "BIBLIOTHEQUE CHEVALERET", "marker-color": "#818181"}}, {"type": "Feature", "geometry": {"type": "Point", "coordinates": [2.406081, 48.852951]}, "properties": {"numparc": 7399, "etat de la localisation": "autre", "ID BDGEO": "141", "horodatage": "2023-05-05 23:09:44", "distance (en metres)": 3376.77, "station": "BIBLIOTHEQUE CHEVALERET", "marker-color": "#818181"}}, {"type": "Feature", "geometry": {"type": "Point", "coordinates": [2.334136, 48.83366]}, "properties": {"numparc": 7401, "etat de la localisation": "autre", "ID BDGEO": "348", "horodatage": "2023-05-05 23:10:23", "distance (en metres)": 68.92, "station": "DENFERT-ROCHEREAU", "marker-color": "#818181"}}, {"type": "Feature", "geometry": {"type": "Point", "coordinates": [2.39076, 48.837151]}, "properties": {"numparc": 7362, "etat de la localisation": "autre", "ID BDGEO": "141", "horodatage": "2023-05-05 23:11:00", "distance (en metres)": 1351.82, "station": "BIBLIOTHEQUE CHEVALERET", "marker-color": "#818181"}}, {"type": "Feature", "geometry": {"type": "Point", "coordinates": [2.404817, 48.856365]}, "properties": {"numparc": 7399, "etat de la localisation": "autre", "ID BDGEO": "141", "horodatage": "2023-05-05 23:11:13", "distance (en metres)": 3616.16, "station": "BIBLIOTHEQUE CHEVALERET", "marker-color": "#818181"}}, {"type": "Feature", "geometry": {"type": "Point", "coordinates": [2.393676, 48.83894]}, "properties": {"numparc": 7362, "etat de la localisation": "autre", "ID BDGEO": "141", "horodatage": "2023-05-05 23:12:30", "distance (en metres)": 1641.62, "station": "BIBLIOTHEQUE CHEVALERET", "marker-color": "#818181"}}, {"type": "Feature", "geometry": {"type": "Point", "coordinates": [2.401772, 48.859337]}, "properties": {"numparc": 7399, "etat de la localisation": "autre", "ID BDGEO": "141", "horodatage": "2023-05-05 23:12:35", "distance (en metres)": 3770.94, "station": "BIBLIOTHEQUE CHEVALERET", "marker-color": "#818181"}}, {"type": "Feature", "geometry": {"type": "Point", "coordinates": [2.400193, 48.861893]}, "properties": {"numparc": 7399, "etat de la localisation": "autre", "ID BDGEO": "141", "horodatage": "2023-05-05 23:13:27", "distance (en metres)": 3965.35, "station": "BIBLIOTHEQUE CHEVALERET", "marker-color": "#818181"}}, {"type": "Feature", "geometry": {"type": "Point", "coordinates": [2.396992, 48.839523]}, "properties": {"numparc": 7362, "etat de la localisation": "autre", "ID BDGEO": "141", "horodatage": "2023-05-05 23:14:12", "distance (en metres)": 1876.93, "station": "BIBLIOTHEQUE CHEVALERET", "marker-color": "#818181"}}, {"type": "Feature", "geometry": {"type": "Point", "coordinates": [2.390207, 48.837128]}, "properties": {"numparc": 7389, "etat de la localisation": "autre", "ID BDGEO": "377", "horodatage": "2023-05-05 23:14:20", "distance (en metres)": 4083.65, "station": "DENFERT-ROCHEREAU#", "marker-color": "#818181"}}, {"type": "Feature", "geometry": {"type": "Point", "coordinates": [2.398965, 48.864136]}, "properties": {"numparc": 7399, "etat de la localisation": "autre", "ID BDGEO": "141", "horodatage": "2023-05-05 23:14:45", "distance (en metres)": 4151.89, "station": "BIBLIOTHEQUE CHEVALERET", "marker-color": "#818181"}}, {"type": "Feature", "geometry": {"type": "Point", "coordinates": [2.399307, 48.839622]}, "properties": {"numparc": 7362, "etat de la localisation": "autre", "ID BDGEO": "141", "horodatage": "2023-05-05 23:15:16", "distance (en metres)": 2025.27, "station": "BIBLIOTHEQUE CHEVALERET", "marker-color": "#818181"}}, {"type": "Feature", "geometry": {"type": "Point", "coordinates": [2.385833, 48.835636]}, "properties": {"numparc": 7389, "etat de la localisation": "autre", "ID BDGEO": "377", "horodatage": "2023-05-05 23:15:36", "distance (en metres)": 3750.53, "station": "DENFERT-ROCHEREAU#", "marker-color": "#818181"}}, {"type": "Feature", "geometry": {"type": "Point", "coordinates": [2.399148, 48.865452]}, "properties": {"numparc": 7399, "etat de la localisation": "autre", "ID BDGEO": "141", "horodatage": "2023-05-05 23:16:18", "distance (en metres)": 4291.16, "station": "BIBLIOTHEQUE CHEVALERET", "marker-color": "#818181"}}, {"type": "Feature", "geometry": {"type": "Point", "coordinates": [2.403373, 48.839752]}, "properties": {"numparc": 7362, "etat de la localisation": "autre", "ID BDGEO": "141", "horodatage": "2023-05-05 23:16:40", "distance (en metres)": 2290.69, "station": "BIBLIOTHEQUE CHEVALERET", "marker-color": "#818181"}}, {"type": "Feature", "geometry": {"type": "Point", "coordinates": [2.383028, 48.834049]}, "properties": {"numparc": 7389, "etat de la localisation": "autre", "ID BDGEO": "377", "horodatage": "2023-05-05 23:16:52", "distance (en metres)": 3537.51, "station": "DENFERT-ROCHEREAU#", "marker-color": "#818181"}}, {"type": "Feature", "geometry": {"type": "Point", "coordinates": [2.401977, 48.868641]}, "properties": {"numparc": 7399, "etat de la localisation": "autre", "ID BDGEO": "141", "horodatage": "2023-05-05 23:18:05", "distance (en metres)": 4699.14, "station": "BIBLIOTHEQUE CHEVALERET", "marker-color": "#818181"}}, {"type": "Feature", "geometry": {"type": "Point", "coordinates": [2.379139, 48.831921]}, "properties": {"numparc": 7389, "etat de la localisation": "autre", "ID BDGEO": "377", "horodatage": "2023-05-05 23:18:27", "distance (en metres)": 3255.96, "station": "DENFERT-ROCHEREAU#", "marker-color": "#818181"}}, {"type": "Feature", "geometry": {"type": "Point", "coordinates": [2.405023, 48.842266]}, "properties": {"numparc": 7362, "etat de la localisation": "autre", "ID BDGEO": "141", "horodatage": "2023-05-05 23:18:31", "distance (en metres)": 2535.8, "station": "BIBLIOTHEQUE CHEVALERET", "marker-color": "#818181"}}, {"type": "Feature", "geometry": {"type": "Point", "coordinates": [2.404161, 48.871216]}, "properties": {"numparc": 7399, "etat de la localisation": "autre", "ID BDGEO": "141", "horodatage": "2023-05-05 23:19:22", "distance (en metres)": 5025.82, "station": "BIBLIOTHEQUE CHEVALERET", "marker-color": "#818181"}}, {"type": "Feature", "geometry": {"type": "Point", "coordinates": [2.375838, 48.830044]}, "properties": {"numparc": 7389, "etat de la localisation": "autre", "ID BDGEO": "377", "horodatage": "2023-05-05 23:19:28", "distance (en metres)": 3032.9, "station": "DENFERT-ROCHEREAU#", "marker-color": "#818181"}}, {"type": "Feature", "geometry": {"type": "Point", "coordinates": [2.405768, 48.845078]}, "properties": {"numparc": 7362, "etat de la localisation": "autre", "ID BDGEO": "141", "horodatage": "2023-05-05 23:19:31", "distance (en metres)": 2759.09, "station": "BIBLIOTHEQUE CHEVALERET", "marker-color": "#818181"}}, {"type": "Feature", "geometry": {"type": "Point", "coordinates": [2.405473, 48.874069]}, "properties": {"numparc": 7399, "etat de la localisation": "autre", "ID BDGEO": "141", "horodatage": "2023-05-05 23:20:55", "distance (en metres)": 5354.55, "station": "BIBLIOTHEQUE CHEVALERET", "marker-color": "#818181"}}, {"type": "Feature", "geometry": {"type": "Point", "coordinates": [2.406465, 48.848103]}, "properties": {"numparc": 7362, "etat de la localisation": "autre", "ID BDGEO": "141", "horodatage": "2023-05-05 23:21:01", "distance (en metres)": 3012.52, "station": "BIBLIOTHEQUE CHEVALERET", "marker-color": "#818181"}}, {"type": "Feature", "geometry": {"type": "Point", "coordinates": [2.370585, 48.82761]}, "properties": {"numparc": 7389, "etat de la localisation": "autre", "ID BDGEO": "377", "horodatage": "2023-05-05 23:21:09", "distance (en metres)": 2702.56, "station": "DENFERT-ROCHEREAU#", "marker-color": "#818181"}}, {"type": "Feature", "geometry": {"type": "Point", "coordinates": [2.406477, 48.876488]}, "properties": {"numparc": 7399, "etat de la localisation": "autre", "ID BDGEO": "141", "horodatage": "2023-05-05 23:21:49", "distance (en metres)": 5630.27, "station": "BIBLIOTHEQUE CHEVALERET", "marker-color": "#818181"}}, {"type": "Feature", "geometry": {"type": "Point", "coordinates": [2.367617, 48.827217]}, "properties": {"numparc": 7389, "etat de la localisation": "autre", "ID BDGEO": "377", "horodatage": "2023-05-05 23:22:19", "distance (en metres)": 2503.53, "station": "DENFERT-ROCHEREAU#", "marker-color": "#818181"}}, {"type": "Feature", "geometry": {"type": "Point", "coordinates": [2.405988, 48.852943]}, "properties": {"numparc": 7362, "etat de la localisation": "autre", "ID BDGEO": "141", "horodatage": "2023-05-05 23:22:38", "distance (en metres)": 3371.66, "station": "BIBLIOTHEQUE CHEVALERET", "marker-color": "#818181"}}, {"type": "Feature", "geometry": {"type": "Point", "coordinates": [2.408615, 48.877209]}, "properties": {"numparc": 7399, "etat de la localisation": "autre", "ID BDGEO": "361", "horodatage": "2023-05-05 23:23:25", "distance (en metres)": 88.61, "station": "PORTE DES LILAS", "marker-color": "#818181"}}, {"type": "Feature", "geometry": {"type": "Point", "coordinates": [2.364475, 48.826744]}, "properties": {"numparc": 7389, "etat de la localisation": "autre", "ID BDGEO": "377", "horodatage": "2023-05-05 23:23:26", "distance (en metres)": 2299.38, "station": "DENFERT-ROCHEREAU#", "marker-color": "#818181"}}, {"type": "Feature", "geometry": {"type": "Point", "coordinates": [2.404693, 48.856464]}, "properties": {"numparc": 7362, "etat de la localisation": "autre", "ID BDGEO": "141", "horodatage": "2023-05-05 23:23:55", "distance (en metres)": 3619.76, "station": "BIBLIOTHEQUE CHEVALERET", "marker-color": "#818181"}}, {"type": "Feature", "geometry": {"type": "Point", "coordinates": [2.360783, 48.82626]}, "properties": {"numparc": 7389, "etat de la localisation": "autre", "ID BDGEO": "377", "horodatage": "2023-05-05 23:24:13", "distance (en metres)": 2065.1, "station": "DENFERT-ROCHEREAU#", "marker-color": "#818181"}}, {"type": "Feature", "geometry": {"type": "Point", "coordinates": [2.401629, 48.859497]}, "properties": {"numparc": 7362, "etat de la localisation": "autre", "ID BDGEO": "141", "horodatage": "2023-05-05 23:25:00", "distance (en metres)": 3781.08, "station": "BIBLIOTHEQUE CHEVALERET", "marker-color": "#818181"}}, {"type": "Feature", "geometry": {"type": "Point", "coordinates": [2.358957, 48.827545]}, "properties": {"numparc": 7389, "etat de la localisation": "autre", "ID BDGEO": "377", "horodatage": "2023-05-05 23:25:16", "distance (en metres)": 1888.69, "station": "DENFERT-ROCHEREAU#", "marker-color": "#818181"}}, {"type": "Feature", "geometry": {"type": "Point", "coordinates": [2.400098, 48.862049]}, "properties": {"numparc": 7362, "etat de la localisation": "autre", "ID BDGEO": "141", "horodatage": "2023-05-05 23:26:00", "distance (en metres)": 3977.77, "station": "BIBLIOTHEQUE CHEVALERET", "marker-color": "#818181"}}, {"type": "Feature", "geometry": {"type": "Point", "coordinates": [2.356624, 48.83046]}, "properties": {"numparc": 7389, "etat de la localisation": "autre", "ID BDGEO": "377", "horodatage": "2023-05-05 23:26:50", "distance (en metres)": 1636.01, "station": "DENFERT-ROCHEREAU#", "marker-color": "#818181"}}, {"type": "Feature", "geometry": {"type": "Point", "coordinates": [2.398884, 48.864292]}, "properties": {"numparc": 7362, "etat de la localisation": "autre", "ID BDGEO": "141", "horodatage": "2023-05-05 23:26:50", "distance (en metres)": 4165.36, "station": "BIBLIOTHEQUE CHEVALERET", "marker-color": "#818181"}}, {"type": "Feature", "geometry": {"type": "Point", "coordinates": [2.399145, 48.865658]}, "properties": {"numparc": 7362, "etat de la localisation": "autre", "ID BDGEO": "141", "horodatage": "2023-05-05 23:27:58", "distance (en metres)": 4312.08, "station": "BIBLIOTHEQUE CHEVALERET", "marker-color": "#818181"}}, {"type": "Feature", "geometry": {"type": "Point", "coordinates": [2.354063, 48.831146]}, "properties": {"numparc": 7389, "etat de la localisation": "autre", "ID BDGEO": "377", "horodatage": "2023-05-05 23:28:51", "distance (en metres)": 1437.71, "station": "DENFERT-ROCHEREAU#", "marker-color": "#818181"}}, {"type": "Feature", "geometry": {"type": "Point", "coordinates": [2.401916, 48.868748]}, "properties": {"numparc": 7362, "etat de la localisation": "autre", "ID BDGEO": "141", "horodatage": "2023-05-05 23:29:44", "distance (en metres)": 4708.17, "station": "BIBLIOTHEQUE CHEVALERET", "marker-color": "#818181"}}, {"type": "Feature", "geometry": {"type": "Point", "coordinates": [2.348897, 48.829861]}, "properties": {"numparc": 7389, "etat de la localisation": "autre", "ID BDGEO": "377", "horodatage": "2023-05-05 23:30:21", "distance (en metres)": 1108.68, "station": "DENFERT-ROCHEREAU#", "marker-color": "#818181"}}, {"type": "Feature", "geometry": {"type": "Point", "coordinates": [2.404143, 48.871155]}, "properties": {"numparc": 7362, "etat de la localisation": "autre", "ID BDGEO": "141", "horodatage": "2023-05-05 23:31:04", "distance (en metres)": 5019.1, "station": "BIBLIOTHEQUE CHEVALERET", "marker-color": "#818181"}}, {"type": "Feature", "geometry": {"type": "Point", "coordinates": [2.407393, 48.849445]}, "properties": {"numparc": 7399, "etat de la localisation": "autre", "ID BDGEO": "346", "horodatage": "2023-05-05 23:31:42", "distance (en metres)": 46.79, "station": "LAGNY SORTIE#", "marker-color": "#818181"}}, {"type": "Feature", "geometry": {"type": "Point", "coordinates": [2.405501, 48.8741]}, "properties": {"numparc": 7362, "etat de la localisation": "autre", "ID BDGEO": "141", "horodatage": "2023-05-05 23:32:44", "distance (en metres)": 5358.48, "station": "BIBLIOTHEQUE CHEVALERET", "marker-color": "#818181"}}, {"type": "Feature", "geometry": {"type": "Point", "coordinates": [2.33907, 48.832554]}, "properties": {"numparc": 7389, "etat de la localisation": "autre", "ID BDGEO": "377", "horodatage": "2023-05-05 23:32:48", "distance (en metres)": 331.3, "station": "DENFERT-ROCHEREAU#", "marker-color": "#818181"}}, {"type": "Feature", "geometry": {"type": "Point", "coordinates": [2.406495, 48.876667]}, "properties": {"numparc": 7362, "etat de la localisation": "autre", "ID BDGEO": "141", "horodatage": "2023-05-05 23:33:51", "distance (en metres)": 5649.08, "station": "BIBLIOTHEQUE CHEVALERET", "marker-color": "#818181"}}, {"type": "Feature", "geometry": {"type": "Point", "coordinates": [2.333661, 48.834126]}, "properties": {"numparc": 7389, "etat de la localisation": "autre", "ID BDGEO": "377", "horodatage": "2023-05-05 23:34:20", "distance (en metres)": 115.31, "station": "DENFERT-ROCHEREAU#", "marker-color": "#818181"}}, {"type": "Feature", "geometry": {"type": "Point", "coordinates": [2.379269, 48.832001]}, "properties": {"numparc": 7401, "etat de la localisation": "autre", "ID BDGEO": "141", "horodatage": "2023-05-05 23:34:41", "distance (en metres)": 335.56, "station": "BIBLIOTHEQUE CHEVALERET", "marker-color": "#818181"}}, {"type": "Feature", "geometry": {"type": "Point", "coordinates": [2.408566, 48.877182]}, "properties": {"numparc": 7362, "etat de la localisation": "autre", "ID BDGEO": "377", "horodatage": "2023-05-05 23:34:55", "distance (en metres)": 7276.82, "station": "DENFERT-ROCHEREAU#", "marker-color": "#818181"}}, {"type": "Feature", "geometry": {"type": "Point", "coordinates": [2.382883, 48.833912]}, "properties": {"numparc": 7401, "etat de la localisation": "autre", "ID BDGEO": "141", "horodatage": "2023-05-05 23:36:08", "distance (en metres)": 674.85, "station": "BIBLIOTHEQUE CHEVALERET", "marker-color": "#818181"}}, {"type": "Feature", "geometry": {"type": "Point", "coordinates": [2.385923, 48.835594]}, "properties": {"numparc": 7401, "etat de la localisation": "autre", "ID BDGEO": "141", "horodatage": "2023-05-05 23:37:33", "distance (en metres)": 965.52, "station": "BIBLIOTHEQUE CHEVALERET", "marker-color": "#818181"}}, {"type": "Feature", "geometry": {"type": "Point", "coordinates": [2.390793, 48.837227]}, "properties": {"numparc": 7401, "etat de la localisation": "autre", "ID BDGEO": "141", "horodatage": "2023-05-05 23:39:05", "distance (en metres)": 1358.75, "station": "BIBLIOTHEQUE CHEVALERET", "marker-color": "#818181"}}, {"type": "Feature", "geometry": {"type": "Point", "coordinates": [2.396844, 48.83955]}, "properties": {"numparc": 7401, "etat de la localisation": "autre", "ID BDGEO": "141", "horodatage": "2023-05-05 23:41:23", "distance (en metres)": 1869.64, "station": "BIBLIOTHEQUE CHEVALERET", "marker-color": "#818181"}}, {"type": "Feature", "geometry": {"type": "Point", "coordinates": [2.399356, 48.839611]}, "properties": {"numparc": 7401, "etat de la localisation": "autre", "ID BDGEO": "141", "horodatage": "2023-05-05 23:42:24", "distance (en metres)": 2027.65, "station": "BIBLIOTHEQUE CHEVALERET", "marker-color": "#818181"}}, {"type": "Feature", "geometry": {"type": "Point", "coordinates": [2.403394, 48.839752]}, "properties": {"numparc": 7401, "etat de la localisation": "autre", "ID BDGEO": "141", "horodatage": "2023-05-05 23:44:03", "distance (en metres)": 2292.04, "station": "BIBLIOTHEQUE CHEVALERET", "marker-color": "#818181"}}, {"type": "Feature", "geometry": {"type": "Point", "coordinates": [2.405096, 48.842266]}, "properties": {"numparc": 7401, "etat de la localisation": "autre", "ID BDGEO": "141", "horodatage": "2023-05-05 23:45:36", "distance (en metres)": 2540.31, "station": "BIBLIOTHEQUE CHEVALERET", "marker-color": "#818181"}}, {"type": "Feature", "geometry": {"type": "Point", "coordinates": [2.405844, 48.845055]}, "properties": {"numparc": 7401, "etat de la localisation": "autre", "ID BDGEO": "141", "horodatage": "2023-05-05 23:46:30", "distance (en metres)": 2761.99, "station": "BIBLIOTHEQUE CHEVALERET", "marker-color": "#818181"}}, {"type": "Feature", "geometry": {"type": "Point", "coordinates": [2.406543, 48.848095]}, "properties": {"numparc": 7401, "etat de la localisation": "autre", "ID BDGEO": "141", "horodatage": "2023-05-05 23:48:05", "distance (en metres)": 3016.21, "station": "BIBLIOTHEQUE CHEVALERET", "marker-color": "#818181"}}, {"type": "Feature", "geometry": {"type": "Point", "coordinates": [2.407928, 48.876595]}, "properties": {"numparc": 7362, "etat de la localisation": "autre", "ID BDGEO": "377", "horodatage": "2023-05-05 23:48:26", "distance (en metres)": 7198.45, "station": "DENFERT-ROCHEREAU#", "marker-color": "#818181"}}, {"type": "Feature", "geometry": {"type": "Point", "coordinates": [2.406336, 48.851158]}, "properties": {"numparc": 7401, "etat de la localisation": "autre", "ID BDGEO": "141", "horodatage": "2023-05-05 23:49:15", "distance (en metres)": 3242.07, "station": "BIBLIOTHEQUE CHEVALERET", "marker-color": "#818181"}}, {"type": "Feature", "geometry": {"type": "Point", "coordinates": [2.406068, 48.852978]}, "properties": {"numparc": 7401, "etat de la localisation": "autre", "ID BDGEO": "141", "horodatage": "2023-05-05 23:50:28", "distance (en metres)": 3378.39, "station": "BIBLIOTHEQUE CHEVALERET", "marker-color": "#818181"}}, {"type": "Feature", "geometry": {"type": "Point", "coordinates": [2.404807, 48.856464]}, "properties": {"numparc": 7401, "etat de la localisation": "autre", "ID BDGEO": "141", "horodatage": "2023-05-05 23:51:58", "distance (en metres)": 3624.65, "station": "BIBLIOTHEQUE CHEVALERET", "marker-color": "#818181"}}, {"type": "Feature", "geometry": {"type": "Point", "coordinates": [2.406367, 48.876663]}, "properties": {"numparc": 7362, "etat de la localisation": "autre", "ID BDGEO": "377", "horodatage": "2023-05-05 23:52:10", "distance (en metres)": 7119.03, "station": "DENFERT-ROCHEREAU#", "marker-color": "#818181"}}, {"type": "Feature", "geometry": {"type": "Point", "coordinates": [2.401671, 48.859474]}, "properties": {"numparc": 7401, "etat de la localisation": "autre", "ID BDGEO": "141", "horodatage": "2023-05-05 23:53:08", "distance (en metres)": 3780.41, "station": "BIBLIOTHEQUE CHEVALERET", "marker-color": "#818181"}}, {"type": "Feature", "geometry": {"type": "Point", "coordinates": [2.404721, 48.872368]}, "properties": {"numparc": 7362, "etat de la localisation": "autre", "ID BDGEO": "377", "horodatage": "2023-05-05 23:53:29", "distance (en metres)": 6712.84, "station": "DENFERT-ROCHEREAU#", "marker-color": "#818181"}}, {"type": "Feature", "geometry": {"type": "Point", "coordinates": [2.400169, 48.862038]}, "properties": {"numparc": 7401, "etat de la localisation": "autre", "ID BDGEO": "141", "horodatage": "2023-05-05 23:54:14", "distance (en metres)": 3978.96, "station": "BIBLIOTHEQUE CHEVALERET", "marker-color": "#818181"}}, {"type": "Feature", "geometry": {"type": "Point", "coordinates": [2.39889, 48.864338]}, "properties": {"numparc": 7401, "etat de la localisation": "autre", "ID BDGEO": "141", "horodatage": "2023-05-05 23:55:25", "distance (en metres)": 4170.19, "station": "BIBLIOTHEQUE CHEVALERET", "marker-color": "#818181"}}, {"type": "Feature", "geometry": {"type": "Point", "coordinates": [2.401233, 48.868038]}, "properties": {"numparc": 7362, "etat de la localisation": "autre", "ID BDGEO": "377", "horodatage": "2023-05-05 23:55:46", "distance (en metres)": 6210.41, "station": "DENFERT-ROCHEREAU#", "marker-color": "#818181"}}, {"type": "Feature", "geometry": {"type": "Point", "coordinates": [2.399066, 48.865574]}, "properties": {"numparc": 7401, "etat de la localisation": "autre", "ID BDGEO": "141", "horodatage": "2023-05-05 23:56:21", "distance (en metres)": 4301.23, "station": "BIBLIOTHEQUE CHEVALERET", "marker-color": "#818181"}}, {"type": "Feature", "geometry": {"type": "Point", "coordinates": [2.401869, 48.868729]}, "properties": {"numparc": 7401, "etat de la localisation": "autre", "ID BDGEO": "141", "horodatage": "2023-05-05 23:57:39", "distance (en metres)": 4704.83, "station": "BIBLIOTHEQUE CHEVALERET", "marker-color": "#818181"}}, {"type": "Feature", "geometry": {"type": "Point", "coordinates": [2.398817, 48.864513]}, "properties": {"numparc": 7362, "etat de la localisation": "autre", "ID BDGEO": "377", "horodatage": "2023-05-05 23:58:12", "distance (en metres)": 5831.92, "station": "DENFERT-ROCHEREAU#", "marker-color": "#818181"}}, {"type": "Feature", "geometry": {"type": "Point", "coordinates": [2.404053, 48.871273]}, "properties": {"numparc": 7401, "etat de la localisation": "autre", "ID BDGEO": "141", "horodatage": "2023-05-05 23:59:04", "distance (en metres)": 5028.35, "station": "BIBLIOTHEQUE CHEVALERET", "marker-color": "#818181"}}, {"type": "Feature", "geometry": {"type": "Point", "coordinates": [2.400297, 48.861485]}, "properties": {"numparc": 7362, "etat de la localisation": "autre", "ID BDGEO": "377", "horodatage": "2023-05-05 23:59:58", "distance (en metres)": 5728.85, "station": "DENFERT-ROCHEREAU#", "marker-color": "#818181"}}, {"type": "Feature", "geometry": {"type": "Point", "coordinates": [2.406396, 48.876644]}, "properties": {"numparc": 7401, "etat de la localisation": "autre", "ID BDGEO": "141", "horodatage": "2023-05-06 00:01:30", "distance (en metres)": 5643.86, "station": "BIBLIOTHEQUE CHEVALERET", "marker-color": "#818181"}}, {"type": "Feature", "geometry": {"type": "Point", "coordinates": [2.379208, 48.832035]}, "properties": {"numparc": 7389, "etat de la localisation": "autre", "ID BDGEO": "141", "horodatage": "2023-05-06 00:01:32", "distance (en metres)": 334.64, "station": "BIBLIOTHEQUE CHEVALERET", "marker-color": "#818181"}}, {"type": "Feature", "geometry": {"type": "Point", "coordinates": [2.40236, 48.859039]}, "properties": {"numparc": 7362, "etat de la localisation": "autre", "ID BDGEO": "377", "horodatage": "2023-05-06 00:01:59", "distance (en metres)": 5715.38, "station": "DENFERT-ROCHEREAU#", "marker-color": "#818181"}}, {"type": "Feature", "geometry": {"type": "Point", "coordinates": [2.38285, 48.833946]}, "properties": {"numparc": 7389, "etat de la localisation": "autre", "ID BDGEO": "141", "horodatage": "2023-05-06 00:02:55", "distance (en metres)": 675.41, "station": "BIBLIOTHEQUE CHEVALERET", "marker-color": "#818181"}}, {"type": "Feature", "geometry": {"type": "Point", "coordinates": [2.404992, 48.856018]}, "properties": {"numparc": 7362, "etat de la localisation": "autre", "ID BDGEO": "377", "horodatage": "2023-05-06 00:03:52", "distance (en metres)": 5727.56, "station": "DENFERT-ROCHEREAU#", "marker-color": "#818181"}}, {"type": "Feature", "geometry": {"type": "Point", "coordinates": [2.385778, 48.835655]}, "properties": {"numparc": 7389, "etat de la localisation": "autre", "ID BDGEO": "141", "horodatage": "2023-05-06 00:04:29", "distance (en metres)": 961.73, "station": "BIBLIOTHEQUE CHEVALERET", "marker-color": "#818181"}}, {"type": "Feature", "geometry": {"type": "Point", "coordinates": [2.406076, 48.852325]}, "properties": {"numparc": 7362, "etat de la localisation": "autre", "ID BDGEO": "377", "horodatage": "2023-05-06 00:05:20", "distance (en metres)": 5632.74, "station": "DENFERT-ROCHEREAU#", "marker-color": "#818181"}}, {"type": "Feature", "geometry": {"type": "Point", "coordinates": [2.390407, 48.837215]}, "properties": {"numparc": 7389, "etat de la localisation": "autre", "ID BDGEO": "141", "horodatage": "2023-05-06 00:06:14", "distance (en metres)": 1335.2, "station": "BIBLIOTHEQUE CHEVALERET", "marker-color": "#818181"}}, {"type": "Feature", "geometry": {"type": "Point", "coordinates": [2.406256, 48.847927]}, "properties": {"numparc": 7362, "etat de la localisation": "autre", "ID BDGEO": "377", "horodatage": "2023-05-06 00:07:04", "distance (en metres)": 5481.19, "station": "DENFERT-ROCHEREAU#", "marker-color": "#818181"}}, {"type": "Feature", "geometry": {"type": "Point", "coordinates": [2.393381, 48.838997]}, "properties": {"numparc": 7389, "etat de la localisation": "autre", "ID BDGEO": "141", "horodatage": "2023-05-06 00:07:32", "distance (en metres)": 1628.29, "station": "BIBLIOTHEQUE CHEVALERET", "marker-color": "#818181"}}, {"type": "Feature", "geometry": {"type": "Point", "coordinates": [2.406353, 48.876671]}, "properties": {"numparc": 7401, "etat de la localisation": "autre", "ID BDGEO": "377", "horodatage": "2023-05-06 00:08:04", "distance (en metres)": 7118.85, "station": "DENFERT-ROCHEREAU#", "marker-color": "#818181"}}, {"type": "Feature", "geometry": {"type": "Point", "coordinates": [2.406353, 48.876671]}, "properties": {"numparc": 7401, "etat de la localisation": "autre", "ID BDGEO": "377", "horodatage": "2023-05-06 00:08:07", "distance (en metres)": 7118.85, "station": "DENFERT-ROCHEREAU#", "marker-color": "#818181"}}, {"type": "Feature", "geometry": {"type": "Point", "coordinates": [2.406353, 48.876663]}, "properties": {"numparc": 7401, "etat de la localisation": "autre", "ID BDGEO": "377", "horodatage": "2023-05-06 00:08:33", "distance (en metres)": 7118.28, "station": "DENFERT-ROCHEREAU#", "marker-color": "#818181"}}, {"type": "Feature", "geometry": {"type": "Point", "coordinates": [2.39698, 48.839539]}, "properties": {"numparc": 7389, "etat de la localisation": "autre", "ID BDGEO": "141", "horodatage": "2023-05-06 00:09:13", "distance (en metres)": 1877.16, "station": "BIBLIOTHEQUE CHEVALERET", "marker-color": "#818181"}}, {"type": "Feature", "geometry": {"type": "Point", "coordinates": [2.405056, 48.842434]}, "properties": {"numparc": 7362, "etat de la localisation": "autre", "ID BDGEO": "377", "horodatage": "2023-05-06 00:09:46", "distance (en metres)": 5246.67, "station": "DENFERT-ROCHEREAU#", "marker-color": "#818181"}}, {"type": "Feature", "geometry": {"type": "Point", "coordinates": [2.40464, 48.872215]}, "properties": {"numparc": 7401, "etat de la localisation": "autre", "ID BDGEO": "377", "horodatage": "2023-05-06 00:09:55", "distance (en metres)": 6697.36, "station": "DENFERT-ROCHEREAU#", "marker-color": "#818181"}}, {"type": "Feature", "geometry": {"type": "Point", "coordinates": [2.399323, 48.839588]}, "properties": {"numparc": 7389, "etat de la localisation": "autre", "ID BDGEO": "141", "horodatage": "2023-05-06 00:10:12", "distance (en metres)": 2024.26, "station": "BIBLIOTHEQUE CHEVALERET", "marker-color": "#818181"}}, {"type": "Feature", "geometry": {"type": "Point", "coordinates": [2.404031, 48.839756]}, "properties": {"numparc": 7362, "etat de la localisation": "autre", "ID BDGEO": "377", "horodatage": "2023-05-06 00:11:22", "distance (en metres)": 5123.4, "station": "DENFERT-ROCHEREAU#", "marker-color": "#818181"}}, {"type": "Feature", "geometry": {"type": "Point", "coordinates": [2.40343, 48.839741]}, "properties": {"numparc": 7389, "etat de la localisation": "autre", "ID BDGEO": "141", "horodatage": "2023-05-06 00:11:36", "distance (en metres)": 2293.77, "station": "BIBLIOTHEQUE CHEVALERET", "marker-color": "#818181"}}, {"type": "Feature", "geometry": {"type": "Point", "coordinates": [2.401227, 48.868069]}, "properties": {"numparc": 7401, "etat de la localisation": "autre", "ID BDGEO": "377", "horodatage": "2023-05-06 00:11:50", "distance (en metres)": 6212.18, "station": "DENFERT-ROCHEREAU#", "marker-color": "#818181"}}, {"type": "Feature", "geometry": {"type": "Point", "coordinates": [2.405006, 48.842316]}, "properties": {"numparc": 7389, "etat de la localisation": "autre", "ID BDGEO": "141", "horodatage": "2023-05-06 00:12:33", "distance (en metres)": 2537.7, "station": "BIBLIOTHEQUE CHEVALERET", "marker-color": "#818181"}}, {"type": "Feature", "geometry": {"type": "Point", "coordinates": [2.39928, 48.865814]}, "properties": {"numparc": 7401, "etat de la localisation": "autre", "ID BDGEO": "377", "horodatage": "2023-05-06 00:13:06", "distance (en metres)": 5945.85, "station": "DENFERT-ROCHEREAU#", "marker-color": "#818181"}}, {"type": "Feature", "geometry": {"type": "Point", "coordinates": [2.399426, 48.839672]}, "properties": {"numparc": 7362, "etat de la localisation": "autre", "ID BDGEO": "377", "horodatage": "2023-05-06 00:13:30", "distance (en metres)": 4788.49, "station": "DENFERT-ROCHEREAU#", "marker-color": "#818181"}}, {"type": "Feature", "geometry": {"type": "Point", "coordinates": [2.40652, 48.848156]}, "properties": {"numparc": 7389, "etat de la localisation": "autre", "ID BDGEO": "141", "horodatage": "2023-05-06 00:14:08", "distance (en metres)": 3019.46, "station": "BIBLIOTHEQUE CHEVALERET", "marker-color": "#818181"}}, {"type": "Feature", "geometry": {"type": "Point", "coordinates": [2.398819, 48.864506]}, "properties": {"numparc": 7401, "etat de la localisation": "autre", "ID BDGEO": "377", "horodatage": "2023-05-06 00:14:12", "distance (en metres)": 5831.53, "station": "DENFERT-ROCHEREAU#", "marker-color": "#818181"}}, {"type": "Feature", "geometry": {"type": "Point", "coordinates": [2.393898, 48.839043]}, "properties": {"numparc": 7362, "etat de la localisation": "autre", "ID BDGEO": "377", "horodatage": "2023-05-06 00:14:55", "distance (en metres)": 4378.04, "station": "DENFERT-ROCHEREAU#", "marker-color": "#818181"}}, {"type": "Feature", "geometry": {"type": "Point", "coordinates": [2.406358, 48.85128]}, "properties": {"numparc": 7389, "etat de la localisation": "autre", "ID BDGEO": "141", "horodatage": "2023-05-06 00:15:21", "distance (en metres)": 3253.01, "station": "BIBLIOTHEQUE CHEVALERET", "marker-color": "#818181"}}, {"type": "Feature", "geometry": {"type": "Point", "coordinates": [2.400224, 48.861469]}, "properties": {"numparc": 7401, "etat de la localisation": "autre", "ID BDGEO": "377", "horodatage": "2023-05-06 00:15:56", "distance (en metres)": 5723.45, "station": "DENFERT-ROCHEREAU#", "marker-color": "#818181"}}, {"type": "Feature", "geometry": {"type": "Point", "coordinates": [2.390603, 48.837227]}, "properties": {"numparc": 7362, "etat de la localisation": "autre", "ID BDGEO": "377", "horodatage": "2023-05-06 00:16:04", "distance (en metres)": 4113.62, "station": "DENFERT-ROCHEREAU#", "marker-color": "#818181"}}, {"type": "Feature", "geometry": {"type": "Point", "coordinates": [2.406077, 48.853043]}, "properties": {"numparc": 7389, "etat de la localisation": "autre", "ID BDGEO": "141", "horodatage": "2023-05-06 00:16:20", "distance (en metres)": 3384.25, "station": "BIBLIOTHEQUE CHEVALERET", "marker-color": "#818181"}}, {"type": "Feature", "geometry": {"type": "Point", "coordinates": [2.402341, 48.859005]}, "properties": {"numparc": 7401, "etat de la localisation": "autre", "ID BDGEO": "377", "horodatage": "2023-05-06 00:16:55", "distance (en metres)": 5712.26, "station": "DENFERT-ROCHEREAU#", "marker-color": "#818181"}}, {"type": "Feature", "geometry": {"type": "Point", "coordinates": [2.404812, 48.856499]}, "properties": {"numparc": 7389, "etat de la localisation": "autre", "ID BDGEO": "141", "horodatage": "2023-05-06 00:17:54", "distance (en metres)": 3627.96, "station": "BIBLIOTHEQUE CHEVALERET", "marker-color": "#818181"}}, {"type": "Feature", "geometry": {"type": "Point", "coordinates": [2.383151, 48.833969]}, "properties": {"numparc": 7362, "etat de la localisation": "autre", "ID BDGEO": "377", "horodatage": "2023-05-06 00:17:57", "distance (en metres)": 3546.33, "station": "DENFERT-ROCHEREAU#", "marker-color": "#818181"}}, {"type": "Feature", "geometry": {"type": "Point", "coordinates": [2.405027, 48.856007]}, "properties": {"numparc": 7401, "etat de la localisation": "autre", "ID BDGEO": "377", "horodatage": "2023-05-06 00:18:16", "distance (en metres)": 5729.28, "station": "DENFERT-ROCHEREAU#", "marker-color": "#818181"}}, {"type": "Feature", "geometry": {"type": "Point", "coordinates": [2.401685, 48.859505]}, "properties": {"numparc": 7389, "etat de la localisation": "autre", "ID BDGEO": "141", "horodatage": "2023-05-06 00:19:05", "distance (en metres)": 3783.87, "station": "BIBLIOTHEQUE CHEVALERET", "marker-color": "#818181"}}, {"type": "Feature", "geometry": {"type": "Point", "coordinates": [2.401685, 48.859505]}, "properties": {"numparc": 7389, "etat de la localisation": "autre", "ID BDGEO": "141", "horodatage": "2023-05-06 00:19:18", "distance (en metres)": 3783.87, "station": "BIBLIOTHEQUE CHEVALERET", "marker-color": "#818181"}}, {"type": "Feature", "geometry": {"type": "Point", "coordinates": [2.406104, 48.852356]}, "properties": {"numparc": 7401, "etat de la localisation": "autre", "ID BDGEO": "377", "horodatage": "2023-05-06 00:19:27", "distance (en metres)": 5635.92, "station": "DENFERT-ROCHEREAU#", "marker-color": "#818181"}}, {"type": "Feature", "geometry": {"type": "Point", "coordinates": [2.400165, 48.862064]}, "properties": {"numparc": 7389, "etat de la localisation": "autre", "ID BDGEO": "141", "horodatage": "2023-05-06 00:20:15", "distance (en metres)": 3981.48, "station": "BIBLIOTHEQUE CHEVALERET", "marker-color": "#818181"}}, {"type": "Feature", "geometry": {"type": "Point", "coordinates": [2.400165, 48.862064]}, "properties": {"numparc": 7389, "etat de la localisation": "autre", "ID BDGEO": "141", "horodatage": "2023-05-06 00:20:21", "distance (en metres)": 3981.48, "station": "BIBLIOTHEQUE CHEVALERET", "marker-color": "#818181"}}, {"type": "Feature", "geometry": {"type": "Point", "coordinates": [2.375821, 48.82999]}, "properties": {"numparc": 7362, "etat de la localisation": "autre", "ID BDGEO": "377", "horodatage": "2023-05-06 00:20:25", "distance (en metres)": 3032.4, "station": "DENFERT-ROCHEREAU#", "marker-color": "#818181"}}, {"type": "Feature", "geometry": {"type": "Point", "coordinates": [2.406286, 48.847977]}, "properties": {"numparc": 7401, "etat de la localisation": "autre", "ID BDGEO": "377", "horodatage": "2023-05-06 00:21:15", "distance (en metres)": 5484.92, "station": "DENFERT-ROCHEREAU#", "marker-color": "#818181"}}, {"type": "Feature", "geometry": {"type": "Point", "coordinates": [2.398955, 48.864273]}, "properties": {"numparc": 7389, "etat de la localisation": "autre", "ID BDGEO": "141", "horodatage": "2023-05-06 00:21:33", "distance (en metres)": 4165.54, "station": "BIBLIOTHEQUE CHEVALERET", "marker-color": "#818181"}}, {"type": "Feature", "geometry": {"type": "Point", "coordinates": [2.370633, 48.827564]}, "properties": {"numparc": 7362, "etat de la localisation": "autre", "ID BDGEO": "377", "horodatage": "2023-05-06 00:22:09", "distance (en metres)": 2707.17, "station": "DENFERT-ROCHEREAU#", "marker-color": "#818181"}}, {"type": "Feature", "geometry": {"type": "Point", "coordinates": [2.399125, 48.865654]}, "properties": {"numparc": 7389, "etat de la localisation": "autre", "ID BDGEO": "141", "horodatage": "2023-05-06 00:22:46", "distance (en metres)": 4311.12, "station": "BIBLIOTHEQUE CHEVALERET", "marker-color": "#818181"}}, {"type": "Feature", "geometry": {"type": "Point", "coordinates": [2.36766, 48.827209]}, "properties": {"numparc": 7362, "etat de la localisation": "autre", "ID BDGEO": "377", "horodatage": "2023-05-06 00:23:17", "distance (en metres)": 2506.8, "station": "DENFERT-ROCHEREAU#", "marker-color": "#818181"}}, {"type": "Feature", "geometry": {"type": "Point", "coordinates": [2.401933, 48.868927]}, "properties": {"numparc": 7389, "etat de la localisation": "autre", "ID BDGEO": "141", "horodatage": "2023-05-06 00:23:51", "distance (en metres)": 4726.89, "station": "BIBLIOTHEQUE CHEVALERET", "marker-color": "#818181"}}, {"type": "Feature", "geometry": {"type": "Point", "coordinates": [2.364522, 48.826778]}, "properties": {"numparc": 7362, "etat de la localisation": "autre", "ID BDGEO": "377", "horodatage": "2023-05-06 00:24:22", "distance (en metres)": 2301.43, "station": "DENFERT-ROCHEREAU#", "marker-color": "#818181"}}, {"type": "Feature", "geometry": {"type": "Point", "coordinates": [2.404041, 48.839767]}, "properties": {"numparc": 7401, "etat de la localisation": "autre", "ID BDGEO": "353", "horodatage": "2023-05-06 00:24:40", "distance (en metres)": 3628.36, "station": "PLACE D'ITALIE-CHOISY", "marker-color": "#818181"}}, {"type": "Feature", "geometry": {"type": "Point", "coordinates": [2.404093, 48.871395]}, "properties": {"numparc": 7389, "etat de la localisation": "autre", "ID BDGEO": "141", "horodatage": "2023-05-06 00:25:12", "distance (en metres)": 5041.93, "station": "BIBLIOTHEQUE CHEVALERET", "marker-color": "#818181"}}, {"type": "Feature", "geometry": {"type": "Point", "coordinates": [2.35897, 48.827526]}, "properties": {"numparc": 7362, "etat de la localisation": "autre", "ID BDGEO": "377", "horodatage": "2023-05-06 00:26:01", "distance (en metres)": 1890.31, "station": "DENFERT-ROCHEREAU#", "marker-color": "#818181"}}, {"type": "Feature", "geometry": {"type": "Point", "coordinates": [2.405432, 48.874233]}, "properties": {"numparc": 7389, "etat de la localisation": "autre", "ID BDGEO": "141", "horodatage": "2023-05-06 00:26:09", "distance (en metres)": 5370.01, "station": "BIBLIOTHEQUE CHEVALERET", "marker-color": "#818181"}}, {"type": "Feature", "geometry": {"type": "Point", "coordinates": [2.399415, 48.839649]}, "properties": {"numparc": 7401, "etat de la localisation": "autre", "ID BDGEO": "377", "horodatage": "2023-05-06 00:26:36", "distance (en metres)": 4787.32, "station": "DENFERT-ROCHEREAU#", "marker-color": "#818181"}}, {"type": "Feature", "geometry": {"type": "Point", "coordinates": [2.356667, 48.830349]}, "properties": {"numparc": 7362, "etat de la localisation": "autre", "ID BDGEO": "377", "horodatage": "2023-05-06 00:27:06", "distance (en metres)": 1641.56, "station": "DENFERT-ROCHEREAU#", "marker-color": "#818181"}}, {"type": "Feature", "geometry": {"type": "Point", "coordinates": [2.406476, 48.876808]}, "properties": {"numparc": 7389, "etat de la localisation": "autre", "ID BDGEO": "141", "horodatage": "2023-05-06 00:27:19", "distance (en metres)": 5662.92, "station": "BIBLIOTHEQUE CHEVALERET", "marker-color": "#818181"}}, {"type": "Feature", "geometry": {"type": "Point", "coordinates": [2.393903, 48.839024]}, "properties": {"numparc": 7401, "etat de la localisation": "autre", "ID BDGEO": "377", "horodatage": "2023-05-06 00:28:30", "distance (en metres)": 4378.1, "station": "DENFERT-ROCHEREAU#", "marker-color": "#818181"}}, {"type": "Feature", "geometry": {"type": "Point", "coordinates": [2.348924, 48.829834]}, "properties": {"numparc": 7362, "etat de la localisation": "autre", "ID BDGEO": "377", "horodatage": "2023-05-06 00:29:22", "distance (en metres)": 1111.57, "station": "DENFERT-ROCHEREAU#", "marker-color": "#818181"}}, {"type": "Feature", "geometry": {"type": "Point", "coordinates": [2.385902, 48.835648]}, "properties": {"numparc": 7401, "etat de la localisation": "autre", "ID BDGEO": "377", "horodatage": "2023-05-06 00:30:42", "distance (en metres)": 3755.64, "station": "DENFERT-ROCHEREAU#", "marker-color": "#818181"}}, {"type": "Feature", "geometry": {"type": "Point", "coordinates": [2.343935, 48.831219]}, "properties": {"numparc": 7362, "etat de la localisation": "autre", "ID BDGEO": "377", "horodatage": "2023-05-06 00:30:45", "distance (en metres)": 715.73, "station": "DENFERT-ROCHEREAU#", "marker-color": "#818181"}}, {"type": "Feature", "geometry": {"type": "Point", "coordinates": [2.339114, 48.832546]}, "properties": {"numparc": 7362, "etat de la localisation": "autre", "ID BDGEO": "377", "horodatage": "2023-05-06 00:31:45", "distance (en metres)": 334.62, "station": "DENFERT-ROCHEREAU#", "marker-color": "#818181"}}, {"type": "Feature", "geometry": {"type": "Point", "coordinates": [2.375739, 48.830124]}, "properties": {"numparc": 7401, "etat de la localisation": "autre", "ID BDGEO": "377", "horodatage": "2023-05-06 00:33:34", "distance (en metres)": 3024.64, "station": "DENFERT-ROCHEREAU#", "marker-color": "#818181"}}, {"type": "Feature", "geometry": {"type": "Point", "coordinates": [2.37057, 48.827682]}, "properties": {"numparc": 7401, "etat de la localisation": "autre", "ID BDGEO": "377", "horodatage": "2023-05-06 00:35:13", "distance (en metres)": 2699.59, "station": "DENFERT-ROCHEREAU#", "marker-color": "#818181"}}, {"type": "Feature", "geometry": {"type": "Point", "coordinates": [2.370552, 48.827682]}, "properties": {"numparc": 7401, "etat de la localisation": "autre", "ID BDGEO": "377", "horodatage": "2023-05-06 00:35:30", "distance (en metres)": 2698.32, "station": "DENFERT-ROCHEREAU#", "marker-color": "#818181"}}, {"type": "Feature", "geometry": {"type": "Point", "coordinates": [2.364321, 48.826813]}, "properties": {"numparc": 7401, "etat de la localisation": "autre", "ID BDGEO": "377", "horodatage": "2023-05-06 00:36:42", "distance (en metres)": 2286.26, "station": "DENFERT-ROCHEREAU#", "marker-color": "#818181"}}, {"type": "Feature", "geometry": {"type": "Point", "coordinates": [2.360738, 48.826309]}, "properties": {"numparc": 7401, "etat de la localisation": "autre", "ID BDGEO": "377", "horodatage": "2023-05-06 00:38:07", "distance (en metres)": 2059.95, "station": "DENFERT-ROCHEREAU#", "marker-color": "#818181"}}, {"type": "Feature", "geometry": {"type": "Point", "coordinates": [2.356633, 48.83046]}, "properties": {"numparc": 7401, "etat de la localisation": "autre", "ID BDGEO": "377", "horodatage": "2023-05-06 00:40:16", "distance (en metres)": 1636.66, "station": "DENFERT-ROCHEREAU#", "marker-color": "#818181"}}, {"type": "Feature", "geometry": {"type": "Point", "coordinates": [2.407407, 48.849209]}, "properties": {"numparc": 7362, "etat de la localisation": "autre", "ID BDGEO": "346", "horodatage": "2023-05-06 00:57:49", "distance (en metres)": 65.01, "station": "LAGNY SORTIE#", "marker-color": "#818181"}}, {"type": "Feature", "geometry": {"type": "Point", "coordinates": [2.407455, 48.849453]}, "properties": {"numparc": 7401, "etat de la localisation": "autre", "ID BDGEO": "346", "horodatage": "2023-05-06 00:58:18", "distance (en metres)": 50.34, "station": "LAGNY SORTIE#", "marker-color": "#818181"}}, {"type": "Feature", "geometry": {"type": "Point", "coordinates": [2.407403, 48.849323]}, "properties": {"numparc": 7362, "etat de la localisation": "autre", "ID BDGEO": "346", "horodatage": "2023-05-06 01:00:03", "distance (en metres)": 55.54, "station": "LAGNY SORTIE#", "marker-color": "#818181"}}, {"type": "Feature", "geometry": {"type": "Point", "coordinates": [2.407403, 48.849323]}, "properties": {"numparc": 7362, "etat de la localisation": "autre", "ID BDGEO": "346", "horodatage": "2023-05-06 01:00:57", "distance (en metres)": 55.54, "station": "LAGNY SORTIE#", "marker-color": "#818181"}}, {"type": "Feature", "geometry": {"type": "Point", "coordinates": [2.406436, 48.850147]}, "properties": {"station": "LA PLAINE", "ID BDGEO": "226", "marker-color": "#56B3FF"}}, {"type": "Feature", "geometry": {"type": "Point", "coordinates": [2.406423, 48.850255]}, "properties": {"station": "LA PLAINE", "ID BDGEO": "229", "marker-color": "#56B3FF"}}, {"type": "Feature", "geometry": {"type": "Point", "coordinates": [2.375753, 48.830064]}, "properties": {"station": "BIBLIOTHEQUE CHEVALERET", "ID BDGEO": "141", "marker-color": "#56B3FF"}}, {"type": "Feature", "geometry": {"type": "Point", "coordinates": [2.376434, 48.830433]}, "properties": {"station": "BIBLIOTHEQUE CHEVALERET", "ID BDGEO": "111", "marker-color": "#56B3FF"}}, {"type": "Feature", "geometry": {"type": "Point", "coordinates": [2.334709, 48.833351]}, "properties": {"station": "DENFERT-ROCHEREAU#", "ID BDGEO": "377", "marker-color": "#56B3FF"}}, {"type": "Feature", "geometry": {"type": "Point", "coordinates": [2.334899, 48.833297]}, "properties": {"station": "DENFERT-ROCHEREAU", "ID BDGEO": "348", "marker-color": "#56B3FF"}}, {"type": "Feature", "geometry": {"type": "Point", "coordinates": [2.406844, 48.849661]}, "properties": {"station": "LAGNY SORTIE#", "ID BDGEO": "346", "marker-color": "#56B3FF"}}, {"type": "Feature", "geometry": {"type": "Point", "coordinates": [2.407375, 48.849526]}, "properties": {"station": "LAGNY ENTREE#", "ID BDGEO": "343", "marker-color": "#56B3FF"}}, {"type": "Feature", "geometry": {"type": "Point", "coordinates": [2.406475, 48.848277]}, "properties": {"station": "COURS DE VINCENNES", "ID BDGEO": "68", "marker-color": "#56B3FF"}}, {"type": "Feature", "geometry": {"type": "Point", "coordinates": [2.34334, 48.831023]}, "properties": {"station": "GLACIERE-AUGUSTE BLANQUI", "ID BDGEO": "350", "marker-color": "#56B3FF"}}, {"type": "Feature", "geometry": {"type": "Point", "coordinates": [2.407875, 48.876578]}, "properties": {"station": "PORTE DES LILAS", "ID BDGEO": "361", "marker-color": "#56B3FF"}}, {"type": "Feature", "geometry": {"type": "Point", "coordinates": [2.398759, 48.864576]}, "properties": {"station": "GAMBETTA-PYRENEES", "ID BDGEO": "354", "marker-color": "#56B3FF"}}, {"type": "Feature", "geometry": {"type": "Point", "coordinates": [2.356477, 48.830572]}, "properties": {"station": "PLACE D'ITALIE-CHOISY", "ID BDGEO": "353", "marker-color": "#56B3FF"}}, {"type": "Feature", "geometry": {"type": "Point", "coordinates": [2.400105, 48.862157]}, "properties": {"station": "RAMUS", "ID BDGEO": "233", "marker-color": "#56B3FF"}}, {"type": "Feature", "geometry": {"type": "Point", "coordinates": [2.401586, 48.859595]}, "properties": {"station": "PYRENEES-BAGNOLET", "ID BDGEO": "232", "marker-color": "#56B3FF"}}, {"type": "Feature", "geometry": {"type": "Point", "coordinates": [2.404674, 48.85652]}, "properties": {"station": "ORTEAUX", "ID BDGEO": "231", "marker-color": "#56B3FF"}}, {"type": "Feature", "geometry": {"type": "Point", "coordinates": [2.406004, 48.853032]}, "properties": {"station": "MARAICHERS", "ID BDGEO": "230", "marker-color": "#56B3FF"}}, {"type": "Feature", "geometry": {"type": "Point", "coordinates": [2.406283, 48.847918]}, "properties": {"station": "COURS DE VINCENNES#", "ID BDGEO": "146", "marker-color": "#56B3FF"}}, {"type": "Feature", "geometry": {"type": "Point", "coordinates": [2.405885, 48.845366]}, "properties": {"station": "AVENUE DE SAINT-MANDE", "ID BDGEO": "55", "marker-color": "#56B3FF"}}, {"type": "Feature", "geometry": {"type": "Point", "coordinates": [2.40325, 48.839741]}, "properties": {"station": "LOUIS BRAILLE", "ID BDGEO": "31", "marker-color": "#56B3FF"}}, {"type": "Feature", "geometry": {"type": "Point", "coordinates": [2.367392, 48.827146]}, "properties": {"station": "OLYMPIADES", "ID BDGEO": "37", "marker-color": "#56B3FF"}}, {"type": "Feature", "geometry": {"type": "Point", "coordinates": [2.370687, 48.827558]}, "properties": {"station": "PATAY-TOLBIAC", "ID BDGEO": "154", "marker-color": "#56B3FF"}}, {"type": "Feature", "geometry": {"type": "Point", "coordinates": [2.347682, 48.829828]}, "properties": {"station": "CORVISART", "ID BDGEO": "351", "marker-color": "#56B3FF"}}, {"type": "Feature", "geometry": {"type": "Point", "coordinates": [2.356517, 48.830519]}, "properties": {"station": "PLACE D'ITALIE-CHOISY", "ID BDGEO": "367", "marker-color": "#56B3FF"}}, {"type": "Feature", "geometry": {"type": "Point", "coordinates": [2.393854, 48.839045]}, "properties": {"station": "DAUMESNIL-FELIX EBOUE", "ID BDGEO": "134", "marker-color": "#56B3FF"}}, {"type": "Feature", "geometry": {"type": "Point", "coordinates": [2.399002, 48.839635]}, "properties": {"station": "PICPUS-REUILLY", "ID BDGEO": "143", "marker-color": "#56B3FF"}}, {"type": "Feature", "geometry": {"type": "Point", "coordinates": [2.390748, 48.837285]}, "properties": {"station": "CHARENTON-WATTIGNIES", "ID BDGEO": "105", "marker-color": "#56B3FF"}}]}